"conversation_id_str","created_at","favorite_count","full_text","id_str","image_url","in_reply_to_screen_name","lang","location","quote_count","reply_count","retweet_count","tweet_url","user_id_str","username"
"1079379031424827399","Sun Dec 30 23:59:58 +0000 2018","0","@fadlizon Jangan sampai kau di cap kuda Troya sama pendukung Prabowo Krn nyinyir mu yg kebanyakan ga mutu dan dungu ini Dulu Ratna Sarumpaet di cap kuda Troya Padahal yang melihara kuda siapa kok cebong di ibaratkan kuda Troya. Kampret dungu","1079527548403372032","","fadlizon","in","","0","0","0","https://x.com/undefined/status/1079527548403372032","4671814400",
"1079395408613384192","Sun Dec 30 23:59:57 +0000 2018","0","@andyydepp @lukasomanalu @detikcom @jokowi Keuangan yg anda maksud bagaimana? Saya takutnya menterinya cerdas tp rakyat enggak ","1079527542673960962","","andyydepp","in","","0","0","0","https://x.com/undefined/status/1079527542673960962","69236569",
"1079285648777867265","Sun Dec 30 23:59:57 +0000 2018","0","@RPSJATIM @PriyoBudiS Dunia khiamat kalau prabowo sandi terpilh.karena pendukungnya banyak radikalisme....","1079527540832722944","","RPSJATIM","in","","0","0","0","https://x.com/undefined/status/1079527540832722944","2710937575",
"1079527506644938754","Sun Dec 30 23:59:48 +0000 2018","0","Apa bedanya capres majemuk dan mejamuk ? Majemuk silakan gugel kbbi Mejamuk ~ gebrak meja di muka ulama","1079527506644938754","","","in","","0","0","0","https://x.com/undefined/status/1079527506644938754","429560241",
"1079362135606452225","Sun Dec 30 23:59:47 +0000 2018","5","@fadlizon @prabowo @sandiuno @Gerindra Semoga pak prabowo sandi sehat2 saja amin...bila pak jokowidodo menang..amin amin....yarobal alamin.","1079527501615923201","","fadlizon","in","","0","1","0","https://x.com/undefined/status/1079527501615923201","1036195574666518529",
"1079447784896421888","Sun Dec 30 23:59:44 +0000 2018","2","@saididu Setelah dipecat mulaik dulu jilat2 saat masih punya jabatan. Orang kayak pak saididu ini jgn diikuti arahannya nggak ada manfaatnya beliau hanya mementingkan jabatannya saja. Skrg Pro @prabowo besok bisa pro @jokowi lgi","1079527486449315840","","saididu","in","","0","0","1","https://x.com/undefined/status/1079527486449315840","2401938878",
"1079527466509582336","Sun Dec 30 23:59:39 +0000 2018","0"," Innalillahi.... Bencana Alam lagi menjelang Pemilihan Presiden 2019. Bantuan Korban Bencana Alam Tanggung-Jawab Jokowi tindakannya menggunakan Uang Negara untuk korban bencana ? PRABOWO masih Kandidat bantuannya karena kemanusiaan bukan uang Negara.","1079527466509582336","","","in","","0","1","0","https://x.com/undefined/status/1079527466509582336","940435114688888834",
"1079527459865808896","Sun Dec 30 23:59:37 +0000 2018","0","Anjrit..sekalian balapan nggawe kusen RT@Puthutea: Nanti gantian Jokowi ngajak Sandi balapan nggraji kayu. Ra rampung-rampung... https://t.co/hCoxaO2pC2","1079527459865808896","","","in","","0","0","0","https://x.com/undefined/status/1079527459865808896","29424308",
"1079526222273495040","Sun Dec 30 23:59:32 +0000 2018","2","@sedyautamaandin @AndiArief__ kelak kita lihat NASIB nya Andi Arief akibat dr MULUT KURANG AJAR nya ini insyaa Allah kita diberi usia utk melihat akibat tuduhan &amp; fitnah dia kpd p Jokowi ini","1079527436763619329","","tempemendoanGL","in","","0","1","0","https://x.com/undefined/status/1079527436763619329","889674071910236160",
"1079409043226091521","Sun Dec 30 23:59:31 +0000 2018","1","@MegaSimarmata @SijalMutakallim @jokowi Memang beda","1079527435543052288","","MegaSimarmata","in","","0","0","0","https://x.com/undefined/status/1079527435543052288","2384933310",
"1079346372678053889","Sun Dec 30 23:59:26 +0000 2018","0","@putrabanten80 @fadlizon Biasa aja x viktori bukan milik prabowo","1079527411241218048","","Oku__records","in","","0","0","0","https://x.com/undefined/status/1079527411241218048","1075404189218435073",
"1079527386968842240","Sun Dec 30 23:59:20 +0000 2018","0","@prabowo Ummu salah satu pendukung PRABOWO-SANDI In Sya-Allah 2019 Allah ridho memimpin RI امين namun tolong ini jangan diulangi lagi ya pak Probowo!!! https://t.co/7Z7ry6mYLG","1079527386968842240","https://pbs.twimg.com/media/DvtAbfBUUAAueeO.jpg","prabowo","in","","0","0","0","https://x.com/undefined/status/1079527386968842240","1360956932",
"1079527386398375936","Sun Dec 30 23:59:20 +0000 2018","0","Capres 01 Jokowi dulu di cililitan kini pendukungnya malah bikin melilit seolah ingin mengigit eh dia malah terjepit Jokowi Klaim Terlalu Mengada-ada Pemimpin Harus Bisa Baca Alquran via @okezonenews https://t.co/hM8zOHaEIy","1079527386398375936","","","in","","0","0","0","https://x.com/undefined/status/1079527386398375936","462782814",
"1079527373215719424","Sun Dec 30 23:59:17 +0000 2018","38","Proses evakuasi TNI AL terhadap korban tsunami Selat Sunda yang terdampar di pulau Panjang. 2 korban bernama Lago dan Jokowi bertahan hidup selama 9 hari dengan makan sampah. #iNews #PrayForLampung #PrayForBanten https://t.co/UR7F58PRWg","1079527373215719424","https://pbs.twimg.com/amplify_video_thumb/1079525393235771392/img/Cw2q3Sa1kJ13kEys.jpg","","in","","3","0","34","https://x.com/undefined/status/1079527373215719424","375995332",
"1078987206658732032","Sun Dec 30 23:59:15 +0000 2018","0","@sandiuno @prabowo Sikat bang","1079527368656441345","","sandiuno","in","","0","0","0","https://x.com/undefined/status/1079527368656441345","1033415156791832576",
"1079527348926537728","Sun Dec 30 23:59:11 +0000 2018","0","Pak kiyai lupa sebelum pak jokowi ada juga yg jadi presiden sampai 10 thn tak pernah menculik dan membunuh.. Pak Habibi Gusdur Megawati bahkan tdk sampai 5 thn tidak pernah menculik dan membunuh.. wasalam pak kiyai..","1079527348926537728","","","in","","0","0","0","https://x.com/undefined/status/1079527348926537728","1465352125",
"1079527324825993216","Sun Dec 30 23:59:05 +0000 2018","0","Prabowo dan Jokowi Akan Bersatu di Pemerintahan? https://t.co/zPeUbF7v6X https://t.co/DVbpBkAO89","1079527324825993216","https://pbs.twimg.com/media/DvtAYX4VYAAlMwt.jpg","","in","","0","0","0","https://x.com/undefined/status/1079527324825993216","1373752338",
"1079527299442126848","Sun Dec 30 23:58:59 +0000 2018","0","Khofifah Yakin Jokowi Menang di Jatim https://t.co/2raORPdd7E","1079527299442126848","","","in","","0","0","1","https://x.com/undefined/status/1079527299442126848","319553396",
"1059697546279305216","Sun Dec 30 23:58:51 +0000 2018","0","@imascorgan @psi_id @KomikFaktap @KaryaAdalahDoa @jokowi Semangat mbaaa bantu doa yaa mau milih tp beda dapil ","1079527266588094464","","imascorgan","in","","0","0","0","https://x.com/undefined/status/1079527266588094464","13341212",
"1079384308765184001","Sun Dec 30 23:58:48 +0000 2018","0","@UNnisa_ @surianks @PartaiSocmed Setuju bro... ikut orang bodoh kita ikut bodoh makanya ikut Prabowo sandi mereka orang cerdas IQ 3 digit lulusan terbaik dari akademisi masing masing.","1079527255376769024","","UnNisaa_","in","","0","0","0","https://x.com/undefined/status/1079527255376769024","887888647327850496",
"1079527253875146753","Sun Dec 30 23:58:48 +0000 2018","0","Sunggu Luar Biasa pak @jokowi Menolak Godaan Diri untuk kepentingan Masyarakatnya... #JokowiOrangBaik #JokowiHebat #ayoteruskerja #rekanjokowi #rekanjokowilampung #indonesiakuat #01IndonesiaMaju #01JokowiLagi @RamliRizal @budimandjatmiko @BiLLRaY_ https://t.co/RnsnKCO6bS","1079527253875146753","https://pbs.twimg.com/media/DvtASkVV4AAJCTO.jpg","","in","","0","0","0","https://x.com/undefined/status/1079527253875146753","1048441223353004035",
"1079527242093318144","Sun Dec 30 23:58:45 +0000 2018","0","Jokowi juga tdk membunuh cuma air utk korban bencana dikorupsi bpjs RS kelimpungan nampung orang sakit....bisa meninggal jg...","1079527242093318144","","","in","","0","0","0","https://x.com/undefined/status/1079527242093318144","997839430516752386",
"1079452796112449537","Sun Dec 30 23:58:43 +0000 2018","1","@budimandjatmiko @jokowi Pagi.....monggo merokok","1079527234463981569","","budimandjatmiko","in","","0","0","0","https://x.com/undefined/status/1079527234463981569","949684316392443904",
"1079527227090382848","Sun Dec 30 23:58:42 +0000 2018","1","Diperdebatkan dari segi manapun Prabowo jelas bukan lawan sebanding buat Jokowi. Latar belakang prestasi Korupsi-Nepotisme karakter agama... sungguh seperti bumi dan langit","1079527227090382848","","","in","","0","0","0","https://x.com/undefined/status/1079527227090382848","1075954990785556480",
"1079267590063575040","Sun Dec 30 23:58:40 +0000 2018","4","@Fahrihamzah @AlfiraCahyo @prabowo @jokowi Mantul bang @sandiuno hadepin... sekalian juga diajak : - test IQ - test Kejujuran - test DNA - test English ️ https://t.co/nrNz0eABWi","1079527219238559744","","Fahrihamzah","in","","0","0","0","https://x.com/undefined/status/1079527219238559744","930191748688592896",
"1079302526678183936","Sun Dec 30 23:58:35 +0000 2018","0","@w_a_w_a_n_s @TeddyGusnaidi @prabowo Gampang aja sih. Tanya aja @SBYudhoyono apa sebab beliau turut memecat (anggota DKP) @prabowo dari dinas militer? ","1079527199152037893","","w_a_w_a_n_s","in","","0","0","0","https://x.com/undefined/status/1079527199152037893","2281270728",
"1079527022500560898","Sun Dec 30 23:58:33 +0000 2018","0","Terus sekarang dianggap udah selesai isu agama karena capres cawapres semua muslim waguuu ","1079527190310481920","","teddy_tk10","in","","0","0","0","https://x.com/undefined/status/1079527190310481920","296050142",
"1079527170530103302","Sun Dec 30 23:58:28 +0000 2018","0","KEMARIN AHOK MENISTA AL QURAN ... KUBU JOKOWI DIAM BAHKAN BERUSAHA MELINDUNGI AHOK DENGAN BERBAGAI CARA ... SEKARANG AL QURAN D BAWA2 DEMI MERAIH SUARA UMAT ISLAM ? #MIMPIIIIII ... https://t.co/JpbRI4uCWw","1079527170530103302","https://pbs.twimg.com/media/DvtAPTtU0AIhIfA.jpg","","in","","0","0","0","https://x.com/undefined/status/1079527170530103302","905405920137560064",
"1079271098653409280","Sun Dec 30 23:58:28 +0000 2018","0","@jokowi Percuma klo bocor ke negri tetangga..uang disimpen diluar negri..Rakyat ga butuh data gtu2an yg pasti pasti aje.. Kebutuhan brg pkok yg murah.. Telor aje 30rb.. Payah","1079527168047165440","","jokowi","in","","0","0","0","https://x.com/undefined/status/1079527168047165440","1027501371279331328",
"1079287233943883776","Sun Dec 30 23:58:25 +0000 2018","0","@Partai_Gerindra @sandiuno Efek cebi nyebarin foto Prabowo merayakan natal bersama keluarganya yg Nasrani akhirnya malah membuka mata kita semua kalau pak Prabowo sosok yg toleran.","1079527157196451840","","Partai_Gerindra","in","","0","0","0","https://x.com/undefined/status/1079527157196451840","1022657615728279552",
"1079409043226091521","Sun Dec 30 23:58:23 +0000 2018","2","@MegaSimarmata Keren bapak @jokowi masuk hall of fame karir ibu ini loh.. pembeda ","1079527150460391424","","MegaSimarmata","in","","0","0","0","https://x.com/undefined/status/1079527150460391424","60838363",
"1079267590063575040","Sun Dec 30 23:58:23 +0000 2018","0","@Fahrihamzah @maximvs09 @prabowo @jokowi kemaren pertahana sosialisasi pencapaian kinerja katanya pencitraan","1079527149835436032","","Fahrihamzah","in","","0","0","0","https://x.com/undefined/status/1079527149835436032","102940133",
"1079032067990507521","Sun Dec 30 23:58:23 +0000 2018","0","@ut_ary @kumparan @ssirah @prabowo Para ulama abal2 ini tdk peduli bagaimana caranya @prabowo menang tp yg lbh penting jokowi kalah sehingga yg mrk lakukan adalah menghasut masyarakat agar buta matanya terhadap apa yg telah dikerjakan jokowi. Dgn cara melalui agama fatwa haramlah kafirlah penista agamalah dsb","1079527149453729792","","sabiyakono","in","","0","1","0","https://x.com/undefined/status/1079527149453729792","1078198078664929280",
"1079061362330857473","Sun Dec 30 23:58:21 +0000 2018","0","@queenrana15 @FaGtng @RizmaWidiono @jokowi Ngeles terusssss.... Bukannya kalau keluarga hubungannya malah lebih dekat.... See? Pemahamanku untuk kata dekat beda dgn pemahamanmu...pertanyaan saya kamu ngetweet hal yg sama gak untuk ngingetin junjunganmu? Kl saya sih seneng prabowo ngerayain Natal knp gak?","1079527140511559680","","queenrana15","in","","0","1","0","https://x.com/undefined/status/1079527140511559680","577860668",
"1078637914194472961","Sun Dec 30 23:58:15 +0000 2018","0","@Ferdinand_Haean Lae belum pernah ditolak kunjungan jokowi maaruf amin lae.","1079527115467382784","","Ferdinand_Haean","in","","0","0","0","https://x.com/undefined/status/1079527115467382784","738986848752525316",
"1079192659879575553","Sun Dec 30 23:58:11 +0000 2018","0","@RMasrisa @GunRomli @prabowo @sandiuno @PBIDI @KemenkesRI Dan saya hanya bantu jawab","1079527099147313152","","RMasrisa","in","","0","0","0","https://x.com/undefined/status/1079527099147313152","132708396",
"1079527075369738240","Sun Dec 30 23:58:06 +0000 2018","3","12 Tewas dalam Aksi Kekerasan terkait Pemilu di Bangladesh https://t.co/N4cKLDyDIO","1079527075369738240","","","in","","0","0","3","https://x.com/undefined/status/1079527075369738240","75077164",
"1079267590063575040","Sun Dec 30 23:58:01 +0000 2018","0","@SetiaAdy_p @Fahrihamzah @prabowo @jokowi Gila banget","1079527055291633664","","SetiaAdy_p","in","","0","1","0","https://x.com/undefined/status/1079527055291633664","2872998758",
"1079527041261756416","Sun Dec 30 23:57:57 +0000 2018","0","Apakah Prabowo Subianto benar-benar terlibat dalam kerusuhan Mei 1998? oleh Lucky Luqman Nurrahmat https://t.co/INeN5BS37A","1079527041261756416","","","in","","0","0","0","https://x.com/undefined/status/1079527041261756416","2212218241",
"1079527022500560898","Sun Dec 30 23:57:53 +0000 2018","0","Sebenernya sah sah aja orang menilai capres dari apanya walaupun kurang pas menurutku kalo mau jadi capres cawapres ditesnya baca Alquran bukan diliat dari track recordnya tapi kenapa jubir prabowo sekarang bilang dari awal berkomitmen tidak menggunakan isu sara ","1079527022500560898","","","in","","0","1","0","https://x.com/undefined/status/1079527022500560898","296050142",
"1079401666422530048","Sun Dec 30 23:57:47 +0000 2018","1","@baca_tanda @P3nj3l4j4h @Airin_NZ Mo ikut habib yg milih capres ikut natalan dan ga bisa ngaji gebrak meja di depan ulama...monggooo","1079526998009991168","","baca_tanda","in","","0","0","0","https://x.com/undefined/status/1079526998009991168","754479585438359552",
"1079526964430401537","Sun Dec 30 23:57:39 +0000 2018","0","KEMARIN AHOK MENISTA AL QURAN ... KUBU JOKOWI DIAM BAHKAN BERUSAHA MELINDUNGI AHOK DENGAN BERBAGAI CARA ... SEKARANG AL QURAN D BAWA2 DEMI MERAIH SUARA UMAT ISLAM ? #MIMPIIIIII ... https://t.co/Fbs3GaUTEQ","1079526964430401537","https://pbs.twimg.com/media/DvtADQxU0AAVHim.jpg","","in","","0","0","0","https://x.com/undefined/status/1079526964430401537","905405920137560064",
"1079526958004764672","Sun Dec 30 23:57:38 +0000 2018","0","@jokowi Assalamualaikum Pak Jokowi sugeng enjang. Smg Gusti Allah tansah maringi keberkahan penjenengan dan keluarga. Optimis nggih Bismillah...","1079526958004764672","","jokowi","in","","0","0","0","https://x.com/undefined/status/1079526958004764672","802184934651674624",
"1079170428818513921","Sun Dec 30 23:57:36 +0000 2018","0","@BegawanKopi @MemeTanpaHurufK @mitzuo @prabowo sehat? ","1079526950798913536","","BegawanKopi","in","","0","0","0","https://x.com/undefined/status/1079526950798913536","2348393840",
"1079267590063575040","Sun Dec 30 23:57:24 +0000 2018","0","@Fahrihamzah @prabowo @jokowi Lieur maneh mah saha nu tiheula nyeurang make fitnah jeung hoax... Huh dasar lieurrrrr","1079526900937109504","","Fahrihamzah","in","","0","0","0","https://x.com/undefined/status/1079526900937109504","940958331992096768",
"1079526894452666368","Sun Dec 30 23:57:22 +0000 2018","0","3. Jelass duluu pilihan luuu antara Joko Widodo or Prabowo..baru segala ocehan luuu baik itu kritikan dan sanjungan untuk pilihan luuu guee masih angkat topi!","1079526894452666368","","","in","","0","0","0","https://x.com/undefined/status/1079526894452666368","218477659",
"1079246470539206656","Sun Dec 30 23:57:19 +0000 2018","0","@iwanfals Betul capres harus bisa baca Alquran baru mantap.","1079526881148383233","","iwanfals","in","","0","0","0","https://x.com/undefined/status/1079526881148383233","969442178123513856",
"1079335133679742981","Sun Dec 30 23:57:06 +0000 2018","0","@gaplek01 @yopi_yoman @dwisetiawan_stw @anggunchintya22 @InMay_imf @sutomoagus92 @soewarnoputro @MasCEPUK @MahesaTiwi @CitraaAriska @crishnady mulas-mulas wkwkw @prabowo #PrabowoTolakNgaji","1079526823896133632","","gaplek01","in","","0","0","0","https://x.com/undefined/status/1079526823896133632","1071123099960004608",
"1079526821425807361","Sun Dec 30 23:57:05 +0000 2018","0","Deklarasi pemilu 2019 aman damai dan sejuk https://t.co/qtmHFQ65Pw","1079526821425807361","","","in","","0","0","0","https://x.com/undefined/status/1079526821425807361","974626486668832768",
"1077381064274759680","Sun Dec 30 23:56:56 +0000 2018","0","@mad_nurjaman @dundt89 @fadlizon @prabowo mad mad gini aja kok diurusin.. yg difoto juga ngapain klarifikasi gd org sholat trs punya tanggung jwb ke org sholat mah ursn dia sama Allah mad..","1079526781529468928","","mad_nurjaman","in","","0","1","0","https://x.com/undefined/status/1079526781529468928","3150777458",
"1079409034480967680","Sun Dec 30 23:56:53 +0000 2018","0","@___Ghostababil_ @prabowo @sandiuno Test IQ nya di umumin aja deh","1079526772125790208","","IATeam___","in","","0","0","0","https://x.com/undefined/status/1079526772125790208","172020772",
"1079526751301070848","Sun Dec 30 23:56:48 +0000 2018","1","Sebaiknya PILIH JOKOWI-MA'RUF AMIN untuk Indonesia Maju.","1079526751301070848","","","in","","0","1","0","https://x.com/undefined/status/1079526751301070848","1017749646385471488",
"1079271098653409280","Sun Dec 30 23:56:31 +0000 2018","1","@lustigcarrabian @Projoinsyaf @jokowi Perempuan kata2 kasar...apaapn tuh","1079526680287338496","","auliarahma747","in","","0","1","0","https://x.com/undefined/status/1079526680287338496","952802855412424704",
"1078982965571375105","Sun Dec 30 23:56:27 +0000 2018","0","@karniilyas Asalkan ILC tetap tayang....karena lebih penting dari sekedar debat moderator capres cawapres 2019","1079526662671233025","","karniilyas","in","","0","1","0","https://x.com/undefined/status/1079526662671233025","860058872748191744",
"1079379031424827399","Sun Dec 30 23:56:24 +0000 2018","0","@fadlizon Ngga usah lah cari2 alasan apa susahnya kita mengirim capres untuk di tes mengaji.. aceh kan juga indonesia mari kita hormati undangan masyarakat aceh","1079526650360979457","","fadlizon","in","","0","0","0","https://x.com/undefined/status/1079526650360979457","1464747367",
"1078216211886858242","Sun Dec 30 23:56:20 +0000 2018","0","@angkusanang @saiful_mujani Prabowo yg punya inisiatif penculikan panglima yg disalahkan. ","1079526631062925312","","angkusanang","in","","0","0","0","https://x.com/undefined/status/1079526631062925312","600715068",
"1078993035977838592","Sun Dec 30 23:56:18 +0000 2018","0","@permadiaktivis @ustadtengkuzul @prabowo Byasalah orang kalah jumlah mah selalu nyiyir Abu janda panik!","1079526623014051840","","permadiaktivis","in","","0","0","0","https://x.com/undefined/status/1079526623014051840","1077098476465414144",
"1079526606258036736","Sun Dec 30 23:56:14 +0000 2018","0","Jokowi Gass Pariwisata dan Kuliner Via Tol Trans Jawa Pulau Jawa semakin oke saja. Aksesibilitasnya semakin top. Terlebih Jalan Tol Trans Jawa dari Jakarta sampai Surabaya sejauh 760 kilometer sudah tersambung https://t.co/AHmNPSjwVm Video by : BPMI https://t.co/rSEL8f4NGg","1079526606258036736","https://pbs.twimg.com/ext_tw_video_thumb/1079523371191173122/pu/img/q53J0XWI0NyUxDYI.jpg","","in","","0","0","0","https://x.com/undefined/status/1079526606258036736","456751165",
"1079526604517359621","Sun Dec 30 23:56:13 +0000 2018","0","Jokowi Gass Pariwisata dan Kuliner Via Tol Trans Jawa JAKARTA Pulau Jawa semakin oke saja. Aksesibilitasnya semakin top. Terlebih Jalan Tol Trans Jawa dari Jakarta sampai Surabaya sejauh 760 kilometer sudah... https://t.co/7ZbH77Ivd4","1079526604517359621","","","in","","0","0","0","https://x.com/undefined/status/1079526604517359621","456751165",
"1078913657692540928","Sun Dec 30 23:56:10 +0000 2018","0","@ChannelIngusan @jokowi Wah.. @RiaRicis @riariciss1795 bentar lagi ada yg nyaingin nih... ","1079526589392506880","","ChannelIngusan","in","","0","0","0","https://x.com/undefined/status/1079526589392506880","1960418923",
"1079526529569189888","Sun Dec 30 23:55:55 +0000 2018","1","Saksikan debat capres dan cawapres 1 https://t.co/HD1eKaey6v","1079526529569189888","https://pbs.twimg.com/media/Dvs_pylU8AAED48.jpg","","in","","0","0","0","https://x.com/undefined/status/1079526529569189888","981826769777975296",
"1079318261475401728","Sun Dec 30 23:55:51 +0000 2018","0","@angkusanang @CH_chotimah Gk usah tes baca alqur'an jls prabowo gk mampu.... Sekrg tes sholat dan bacaan nya... Yg benar aja mampu gk.... Sholat itu wajib lo","1079526511651184640","","angkusanang","in","","0","0","0","https://x.com/undefined/status/1079526511651184640","1051752505862803456",
"1079269280993038336","Sun Dec 30 23:55:50 +0000 2018","0","@Fahrihamzah @prabowo Sejelek2 nya dagangan sendiri pasti di baik2in laahh. Lu kampanye di depan anak TK ya ???? ","1079526505556791296","","Fahrihamzah","in","","0","0","0","https://x.com/undefined/status/1079526505556791296","1076133921463558144",
"1079264904131969024","Sun Dec 30 23:55:48 +0000 2018","0","@Ferdinand_Haean @fadlizon @tni_ad @Puspen_TNI piss (prabowo sandi setia selalu ) berjuang bersama rakyat ️","1079526500255158272","","Ferdinand_Haean","in","","0","0","0","https://x.com/undefined/status/1079526500255158272","849216057680068608",
"1079366535267807238","Sun Dec 30 23:55:48 +0000 2018","0","@batubara02 @nazarsjamsuddin @prabowo Terlepas siapa yg mengusulkan bg kami sgt bagus.krn saya ingin punya pemimpin bukan hanya cakap memimpin negara tp secara agama di jg cakap.","1079526496987897856","","","in","","0","0","0","https://x.com/undefined/status/1079526496987897856","1060963559390162944",
"1079303206675480577","Sun Dec 30 23:55:37 +0000 2018","0","@Dennysiregar7 @jokowi @prabowo Saya lebih jijik lagi dan pingin muntah kalau ada org yg merasa pinter komentarnya gak masuk akal","1079526452251451392","","","in","","0","0","0","https://x.com/undefined/status/1079526452251451392","1024868147436736513",
"1079360771614601216","Sun Dec 30 23:55:33 +0000 2018","0","@KHMarufAmin_ @PDI_Perjuangan @DPP_PKB @Kadir_Karding @Deddy_Mizwar_ @kangdede78 @fadjroeL @NasDem @AryaSinulingga @andreOPA @psi_id Smoga mendekati pemilu April diadakan acara doa bersama dan zikir bersama demi menjauh kan indonesia dari musiba dan bencana.amin.di seluruh indonesia.","1079526435541397504","","KHMarufAmin_","in","","0","0","0","https://x.com/undefined/status/1079526435541397504","162551100",
"1079526387894177792","Sun Dec 30 23:55:22 +0000 2018","0","12 Tewas dalam Aksi Kekerasan terkait Pemilu di Bangladesh https://t.co/M18shb37if https://t.co/xbTqKhwV4m","1079526387894177792","https://pbs.twimg.com/media/Dvs_h3UWkAUzGYv.jpg","","in","","0","0","0","https://x.com/undefined/status/1079526387894177792","856060920492998656",
"1079526376288313344","Sun Dec 30 23:55:19 +0000 2018","0","(CNN Indonesia | TKN Sebut Uji Baca Alquran Berlebihan) https://t.co/M2U2WOJftS #pemilu #pemilu2019","1079526376288313344","","","in","","0","0","0","https://x.com/undefined/status/1079526376288313344","968428811107819521",
"1079271098653409280","Sun Dec 30 23:55:17 +0000 2018","0","@jesswjk @jokowi Cantik dibawah standart aja sombong..tolol tololin org","1079526366331121664","","jesswjk","in","","0","0","0","https://x.com/undefined/status/1079526366331121664","952802855412424704",
"1079526357715939328","Sun Dec 30 23:55:14 +0000 2018","0","detik ke 33. pemimpin yg bikin tenang bukan yg nakut2in rakyat . wooyyy. slama ini yg ngomong indonesia bubar indonesia punah itu siapa. ?? JUNJUNGAN LUUUU Prabowo. masih mau ngeles luuu. preet preet.","1079526357715939328","","","in","","0","0","0","https://x.com/undefined/status/1079526357715939328","729477807982551041",
"1079526353144229888","Sun Dec 30 23:55:13 +0000 2018","1","Itulah sebabnya Tommy Soeharto dan saudara-saudaranya menghendaki Jokowi kalah di Pilpres 2019. https://t.co/2MrNs5bFEq","1079526353144229888","","","in","","0","0","0","https://x.com/undefined/status/1079526353144229888","38598471",
"1079526325981868032","Sun Dec 30 23:55:07 +0000 2018","0","Dukung Prabowo Buruh Ingin Ketersediaan Lapangan Kerja https://t.co/tYZF4L9ppp https://t.co/pBekbePR78","1079526325981868032","https://pbs.twimg.com/media/Dvs_eOOVAAAZd7u.jpg","","in","","0","0","0","https://x.com/undefined/status/1079526325981868032","785295000548601857",
"1079526324492857344","Sun Dec 30 23:55:07 +0000 2018","0","2. Guee anggap basi setiap pengamatan orang2 yg dibilang pakar kalo 2019 aja kagak berani bilang jelass Joko Widodo or Prabowo !","1079526324492857344","","","in","","0","0","0","https://x.com/undefined/status/1079526324492857344","218477659",
"1079526300530941952","Sun Dec 30 23:55:01 +0000 2018","0","Diresmikan Jokowi Tol Trans Jawa Dirasakan Manfaatnya oleh Warga https://t.co/p35AqH7f1Q","1079526300530941952","","","in","","0","0","0","https://x.com/undefined/status/1079526300530941952","3095979619",
"1079526285460803584","Sun Dec 30 23:54:57 +0000 2018","0","Debat Capres Tepat Sholat Maghrib Lieus: KPU Tak Sensitif dan Korbankan Waktu Ibadah Umat Islam https://t.co/jySp9B4mNW","1079526285460803584","","","in","","0","0","0","https://x.com/undefined/status/1079526285460803584","39435481",
"1079277992377905152","Sun Dec 30 23:54:57 +0000 2018","2","@AndiArief__ pakkk mending ajarin capresnya @prabowo ngaji. katanya CAPRES hasil ijtima Ulama tapi ada tawaran Tes baca al-Qur'an aja di tolak. #PrabowoTolakNgaji","1079526285255143424","","Andiarief__","in","","0","1","0","https://x.com/undefined/status/1079526285255143424","1071123099960004608",
"1079267590063575040","Sun Dec 30 23:54:49 +0000 2018","0","@Fahrihamzah @prabowo @jokowi Yang ga jelas itu ente bro ","1079526252271198208","","Fahrihamzah","in","","0","0","0","https://x.com/undefined/status/1079526252271198208","2539259701",
"1079412077779836930","Sun Dec 30 23:54:45 +0000 2018","1","@AdiPku230 @savicali @utuntauk Kalo capres cawapres nya Jokowi Ahok situ bakal bawa2 agama dan tereak kafir kafir ga?","1079526232490893313","","AdiPku230","in","","0","3","0","https://x.com/undefined/status/1079526232490893313","119680931",
"1079271098653409280","Sun Dec 30 23:54:41 +0000 2018","0","@jesswjk @jokowi Sombong kamu","1079526216586022912","","jesswjk","in","","0","0","0","https://x.com/undefined/status/1079526216586022912","952802855412424704",
"1079231614939365377","Sun Dec 30 23:54:27 +0000 2018","0","@jokowi Damai sejahtera juga beserta bapak @jokowi dan seluruh keluarga. Amin. GBU pak ","1079526160361390081","","jokowi","in","","0","0","0","https://x.com/undefined/status/1079526160361390081","902402864894459904",
"1079252459862642689","Sun Dec 30 23:54:26 +0000 2018","0","@GadingJohn76 @addiems @sarahupss @TheArieAir @CH_chotimah @P3nj3l4j4h @_kiranalara @habibthink @jokowi Kereren...mantap #Jokowi lagi 2019-2024.","1079526153163923456","","GadingJohn76","in","","0","1","0","https://x.com/undefined/status/1079526153163923456","281338794",
"1079271345312096256","Sun Dec 30 23:54:22 +0000 2018","0","@Fahrihamzah @prabowo @jokowi Semua udah paham yg ini kenapa dulu ga ada isu anti islam antek asing dan asong apalagi PKI karena jadi pengusung. Jadi paham kan sumber hoax dan fitnah dari kubu mana. Miker!!!! #2019gantiotak https://t.co/LqVAWrO8eA","1079526136286072832","https://pbs.twimg.com/media/Dvs_TCzUYAEsAn4.jpg","Fahrihamzah","in","","0","0","0","https://x.com/undefined/status/1079526136286072832","2496794305",
"1078216211886858242","Sun Dec 30 23:54:22 +0000 2018","0","@nurdins654 @saiful_mujani Kejahatan besar itu tdk akan terlupakan oleh masyarakat sepanjang masa. Prabowo itu kartu mati. Dia berkali2 kalah krn kasus penculikan + status sebagan mantan menantu soeharto. Salam Hulaiho.","1079526135854026752","","nurdins654","in","","0","0","0","https://x.com/undefined/status/1079526135854026752","600715068",
"1079508162586103809","Sun Dec 30 23:54:19 +0000 2018","0","@frans_surya @jokowi Di peternakan sapi biasanya dipasangin anting-anting yg bertuliskan nomor-nomor ","1079526125519294464","","frans_surya","in","","0","0","0","https://x.com/undefined/status/1079526125519294464","87154951",
"1079267590063575040","Sun Dec 30 23:54:18 +0000 2018","0","@Fahrihamzah @prabowo @jokowi Senjata makan tuan....jangan bolak balikan fakta......","1079526120817479680","","Fahrihamzah","in","","0","0","0","https://x.com/undefined/status/1079526120817479680","3281389014",
"1079383083885912064","Sun Dec 30 23:54:17 +0000 2018","0","@BangPino_ Saya yakin klu @jokowi gak fasih bc Al Qur'an ","1079526115373244416","","BangPino_","in","","0","0","0","https://x.com/undefined/status/1079526115373244416","937264532405153792",
"1079526111774556160","Sun Dec 30 23:54:16 +0000 2018","0","Pak jokowi lagi nasehatin capres 01","1079526111774556160","","","in","","0","0","0","https://x.com/undefined/status/1079526111774556160","1029360866968387586",
"1079299968572153857","Sun Dec 30 23:54:10 +0000 2018","2","@gakguabanget1 @susipudjiastuti @jokowi @KementerianLHK @SitiNurbayaLHK Pernah lihat video bhw ada satu negara yg memanfaatkan sampah plastik sbg bahan pengerasan jalan","1079526086352850944","","gakguabanget1","in","","0","0","0","https://x.com/undefined/status/1079526086352850944","3015979183",
"1079271098653409280","Sun Dec 30 23:53:58 +0000 2018","0","@azenabror @jokowi Eh dodol dulu apa hubungannya dengan paket data emang elu data gratisan dari hasil sebar hoax...#saveotax","1079526035270463488","","azenabror","in","","0","1","0","https://x.com/undefined/status/1079526035270463488","3997558100",
"1079463347064467456","Sun Dec 30 23:53:57 +0000 2018","0","@MrFrumos Sabar2 le 2019 musim pemilu emang lg taun2 sensitif nya itu org2 kedepan (?)","1079526034481901568","","MrFrumos","in","","0","0","0","https://x.com/undefined/status/1079526034481901568","576258045",
"1079271345312096256","Sun Dec 30 23:53:54 +0000 2018","0","@Fahrihamzah @prabowo @jokowi Itu artinya selama ini Prabowo membesarkan anak macan. Ini terjadi karena dilingkungannya sendiri tidak ada orang yang berpotensi. Dalam politik jangan mendukung orang tapi galanglah dukungan.","1079526020154191873","","Fahrihamzah","in","","0","0","0","https://x.com/undefined/status/1079526020154191873","867654511028031488",
"1077920043592118273","Sun Dec 30 23:53:48 +0000 2018","0","@jokowi Teruslah berjuang bapakuuuhh..sehat trs panjang umur semangaaat ..pro kontra dlm hal apapun pasti ada itu sdh biasa..yakin dan terus maju satu kata SUKSES ya paaaa ","1079525994447294464","","jokowi","in","","0","0","0","https://x.com/undefined/status/1079525994447294464","1077360709002903552",
"1079320149042188288","Sun Dec 30 23:53:47 +0000 2018","0","@bamz882 @maspiyuuu @prabowo @sandiuno Kan katanya pemimpin kita muslim hrs tes dong gak ada hubungan nya .2 capres 2 wapres semua muslim bagus juga .sejati nya muslim yg beriman wajib bisa baca Alquran.dan itu bukan suatu yg susah dan sulit dan hrs selalu siap","1079525991729381377","","","in","","0","0","0","https://x.com/undefined/status/1079525991729381377","162551100",
"1079525988562743296","Sun Dec 30 23:53:46 +0000 2018","1","1. Guee itu orang-nya kagak mumetan kalo berhadapan diantara pilihan Joko Widodo or Prabowo? Gue pilih JOKO WIDODO !","1079525988562743296","","","in","","0","0","0","https://x.com/undefined/status/1079525988562743296","218477659",
"1079525984171249664","Sun Dec 30 23:53:45 +0000 2018","19","Aura Kemenangan Prabowo - Sandiaga Uno Kian Terasa di Seluruh Indonesia. https://t.co/xyIzbdP1jk https://t.co/LjkcUqa4Bg","1079525984171249664","https://pbs.twimg.com/media/Dvs_JhaUUAAzrkP.jpg","","in","","0","4","8","https://x.com/undefined/status/1079525984171249664","2718336037",
"1079525983479201792","Sun Dec 30 23:53:45 +0000 2018","0","Oh inikah yg namanya Capres yg di bangga2kan dan di dukung oleh para ulama #PrabowoTolakNgaji","1079525983479201792","","","in","","0","0","0","https://x.com/undefined/status/1079525983479201792","1070884336507867137",
"1079525965598846978","Sun Dec 30 23:53:41 +0000 2018","2","semisal beneran ngga bisa ngaji. yaudah sana belajar dulu yg bener nanti kalo udah siap baru bilang saya siap di ajak ngaji bareng pak @jokowi sama kyai @KHMarufAmin_ begitu. udah sana belajar dulu #PrabowoTolakNgaji","1079525965598846978","","","in","","1","0","1","https://x.com/undefined/status/1079525965598846978","1071124608927952896",
"1079210915675877376","Sun Dec 30 23:53:27 +0000 2018","6","@CNNIndonesia @jokowi Min min org goblok juga Tau foto model begini lbh pantes d bilang selfie nyari spot buat foto pencitraan. Yg bilang bukan oposisi tapi rakyat. Jd media timses tp elektabilitas junjungan Makin nyungsep itu berat min. gw kasian ma lo","1079525906014560257","","CNNIndonesia","in","","0","0","0","https://x.com/undefined/status/1079525906014560257","562577528",
"1079525901019209728","Sun Dec 30 23:53:26 +0000 2018","0","@prabowo @sandiuno @detikinet @RadioElshinta @e100ss @mqfmbandung @jokowi @tempodotco SIAPA TAKUT ??? https://t.co/yYVeAmB6Ug","1079525901019209728","https://pbs.twimg.com/media/Dvs_EekVsAEx9rf.jpg","prabowo","in","","0","0","0","https://x.com/undefined/status/1079525901019209728","113575381",
"1079229509017120768","Sun Dec 30 23:53:21 +0000 2018","0","@CakKhum @fadlizon Ibarat McGregor (Prabowo) vs khabib (Jokowi). Awal konfrensi pers McGregor byk provok isu SARA China PKI Kafir &amp; etc. Khabib diem aja. Skr mulai tanding di sponsori oleh Da'i Aceh.. McGregor langsung kebakaran jenggot.. blng jgn SARA kita bkn milih ulama. #ngelesterus #TKO.","1079525882723594240","","suaragagap","in","","0","0","0","https://x.com/undefined/status/1079525882723594240","1075548966538829824",
"1079362135606452225","Sun Dec 30 23:53:19 +0000 2018","0","@fadlizon @prabowo @sandiuno @Gerindra Jangan mimpi lu gak bakal bisa jujungan mu jd presiden... Jokowi lagi 2019...","1079525873173225473","","fadlizon","in","","0","0","0","https://x.com/undefined/status/1079525873173225473","999570539424301056",
"1079313085247016960","Sun Dec 30 23:53:18 +0000 2018","0","@AlvinoLulu @RizmaWidiono @prabowo Lawan tanding yg tak seimbang sebenarnya . kita hanya terhibur saja melihat pasangan nm2 . ada miris terkadang tertawa .","1079525867259191297","","AlvinoLulu","in","","0","0","0","https://x.com/undefined/status/1079525867259191297","3377119153",
"1079032067990507521","Sun Dec 30 23:53:12 +0000 2018","0","@kumparan Jadi Jokowi plus ya.....","1079525842269523968","","kumparan","in","","0","0","0","https://x.com/undefined/status/1079525842269523968","3225184266",
"1078656544839856131","Sun Dec 30 23:53:04 +0000 2018","1","@HenryNast13 @semiaji_w @_DIM45_ARYA_ @fariji_lacak @Syarman59 @AjiBromokusumo @BHD_58 @fik_1976 @pujangga1123 @akoezuma @Dyah78166734 @vita_diahErv @idaf7306 @De_Ch4 @prabowo Itu karena kepentingan kardus kalau kardusnya penuh semua beres","1079525811709829121","","Nast_1205","in","","0","0","0","https://x.com/undefined/status/1079525811709829121","3194816504",
"1079032067990507521","Sun Dec 30 23:52:59 +0000 2018","0","@ut_ary @kumparan @ssirah @prabowo Mendudukan bhw Ulama itu segalanya benar pembenaran inilah yg melahirkan istilah kriminalisasi ulama manakala ulama itu bergesekan dgn hukum dinegara ini pembenaran itu jg yg dijadikan alat utk merumuskan ijtima sehingga dgn mayoritas muslim diharapkan jokowi kalah.","1079525791321341952","","sabiyakono","in","","0","1","0","https://x.com/undefined/status/1079525791321341952","1078198078664929280",
"1079525778423898112","Sun Dec 30 23:52:56 +0000 2018","0","#KamisJokowiOptimis karena faktanya kerja pakde @Jokowi diakui dunia https://t.co/PDN1If4K0d","1079525778423898112","https://pbs.twimg.com/media/Dvs-9xpUwAEhITb.jpg","","in","","0","0","0","https://x.com/undefined/status/1079525778423898112","1059348880116969472",
"1079410801864142848","Sun Dec 30 23:52:48 +0000 2018","1","@masbudi111 @TheArieAir Pembagian tugas paslon 02: Capres &gt; nakut2in rakyat Cawapres &gt; ngelawak Timses &amp; pendukung &gt; putar otak untuk klarifikasi &amp; cari pembelaan","1079525744433192961","","masbudi111","in","","1","0","1","https://x.com/undefined/status/1079525744433192961","393864088",
"1078829933529423872","Sun Dec 30 23:52:41 +0000 2018","1","@JolieRanata @CWiryono @TeukuNanda1 @jokowi @rockygerung sekarang saya rasa proyek tol sedang mangkrak...banyak rumah warga.. pasilitas umum yang belum dibayar penggusuran jalan tol.. cebong dungu..melihat infrastruktur adalah satu prestasi..tidak mengapa walau hutang seleher.dan negri ini dijual","1079525713273745408","","SutanbulungHrp","in","","0","0","0","https://x.com/undefined/status/1079525713273745408","1063521287815933957",
"1079525712728535041","Sun Dec 30 23:52:41 +0000 2018","0","#KamisJokowiOptimis iya masyarakat puas akan kinerja @Jokowi https://t.co/SzBcYodVEV","1079525712728535041","https://pbs.twimg.com/media/Dvs-6AZU0AAfkQY.jpg","","in","","0","0","0","https://x.com/undefined/status/1079525712728535041","1059348880116969472",
"1079379263608897536","Sun Dec 30 23:52:39 +0000 2018","0","@Maulana_Tigor @CakKhum Sblm tanya nama itu pertanyaannya apa ya? Kok pada pilih satu.. Tapi pada pilih prabowo?","1079525705484984320","","Maulana_Tigor","in","","0","0","0","https://x.com/undefined/status/1079525705484984320","4472452752",
"1079525689852739584","Sun Dec 30 23:52:35 +0000 2018","0","Prabowo vs Jkw Tes Ngaji MA vs Sandi Tes Main Basket","1079525689852739584","","","in","","0","0","0","https://x.com/undefined/status/1079525689852739584","439084805",
"1079521632920625157","Sun Dec 30 23:52:35 +0000 2018","0","@inisifani Ejekan Prabowo gak bisa ngaji harusnya dilihat sisi positifnya. Prabowo ikut SANLAT.","1079525687986278400","","inisifani","in","","0","1","0","https://x.com/undefined/status/1079525687986278400","131712155",
"1079525662828814336","Sun Dec 30 23:52:29 +0000 2018","0","#KamisJokowiOptimis sekarang sudah digoreng sedemikian rupa agar pakde @Jokowi lengser https://t.co/mQx4f5ao1I","1079525662828814336","https://pbs.twimg.com/media/Dvs-3HvUcAAyJw2.jpg","","in","","0","0","0","https://x.com/undefined/status/1079525662828814336","1059348880116969472",
"1079055522194542592","Sun Dec 30 23:52:28 +0000 2018","0","@Garuda501 @prabowo Mau test ngaji...? sebut Al Fatihah sja jdi Al Pateka.... Mau d sombonglan dgn jdi imam sholat Dhuhur/Ashar.itu sholat diam dlm membaca surah yg celakanya org2 yg menunjuk utk mnjdi imam tanpa mempertimbangkan syarat2 nya..","1079525661180481536","","Garuda501","in","","0","0","0","https://x.com/undefined/status/1079525661180481536","961068894315147264",
"1079357467274797057","Sun Dec 30 23:52:26 +0000 2018","0","@GunRomli Mantap...!! Salah satu penyebab elektabilitas jokowi tambah nyungsep Pertahankan nyungsep nya brow gue dukung loe ","1079525652066258945","","GunRomli","in","","0","0","0","https://x.com/undefined/status/1079525652066258945","887865151768023040",
"1079521545909821440","Sun Dec 30 23:52:26 +0000 2018","1","@kompascom Ajak pak prabowo dong biar lebih afdol","1079525650329829376","","kompascom","in","","0","0","0","https://x.com/undefined/status/1079525650329829376","1048472119854518272",
"1079219578301931521","Sun Dec 30 23:52:24 +0000 2018","1","@ubai_cool @sandiuno Kerja Jokowi? Yg mana Om?","1079525641249161217","","mat_ciki","in","","0","0","0","https://x.com/undefined/status/1079525641249161217","77946649",
"1079350143021809664","Sun Dec 30 23:52:16 +0000 2018","6","@mahendradatta @RasM16765807 Aura Kemenangan Prabowo - Sandiaga Uno Kian Terasa di Seluruh Indonesia. https://t.co/xyIzbdP1jk https://t.co/Y5WFp4vFPF","1079525609347244032","https://pbs.twimg.com/media/Dvs-zobUYAAecd6.jpg","mahendradatta","in","","0","0","2","https://x.com/undefined/status/1079525609347244032","2718336037",
"1079525596839915520","Sun Dec 30 23:52:13 +0000 2018","0","capres selain pak prabowo kan pak jokowi..masak pak jokowi di bilang itu.. ","1079525596839915520","","","in","","0","0","0","https://x.com/undefined/status/1079525596839915520","55174392",
"1079525594445086720","Sun Dec 30 23:52:12 +0000 2018","0","Pemilu damai https://t.co/W1zYr0cMw5","1079525594445086720","","","in","","0","0","0","https://x.com/undefined/status/1079525594445086720","974626486668832768",
"1079353728119975936","Sun Dec 30 23:52:03 +0000 2018","0","@andri_attitude @Slam3hands @paduarsana @yusuf_dumdum @jokowi Gk usah terlalu bangga dgn tdk ada laporan soal pencemaran nama baik SBY 10 thnpun tdk prnh ada yg ditngkap soal penghinaan meski lbh farah dr skrang","1079525555072978944","","tukang_esbatu","in","","0","1","0","https://x.com/undefined/status/1079525555072978944","102606343",
"1079219578301931521","Sun Dec 30 23:52:02 +0000 2018","0","@aher28_annie @Bintoro_andik @sandiuno @PriyoBudiS @prabowo @fadlizon Kerja siapa? ","1079525548605337600","","aher28_annie","in","","0","1","0","https://x.com/undefined/status/1079525548605337600","77946649",
"1079525520310657024","Sun Dec 30 23:51:55 +0000 2018","42","DUA PEREMPUAN YG BERBEDA Ada yg meminta-minta sumbangan kepada rakyat Neno: Jihad Harta Untuk Prabowo-Sandi Auto Masuk Surga https://t.co/Z13yVljCjL Ibu Sri Mulyani Jadi Menteri Terbaik Sedunia Yg berkarya dan Membanggakan rakyat dan bangsa Indonesia https://t.co/eJKInwziey","1079525520310657024","","","in","","0","2","15","https://x.com/undefined/status/1079525520310657024","949862500882771968",
"1079525487498543104","Sun Dec 30 23:51:47 +0000 2018","0","#KamisJokowiOptimis sila ke 5 sudah dibuktikan pakde @Jokowi https://t.co/1LUaboW90h","1079525487498543104","https://pbs.twimg.com/media/Dvs-s9eVAAAz9U2.jpg","","in","","0","0","0","https://x.com/undefined/status/1079525487498543104","1059348880116969472",
"1078955360495390721","Sun Dec 30 23:51:40 +0000 2018","0","@Dony71996672 @prabowo @Cak_Bram @Astuty64 @bengkeldodo @putrabanten80 @marierteman @ustadtengkuzul @haikal_hassan @Hanggar_Dini Elo tuh yg bakal dijadiin targetnya.. Mati lo di 2019.. Nyungsep","1079525458432077824","","Dony71996672","in","","0","0","0","https://x.com/undefined/status/1079525458432077824","1027501371279331328",
"1079525453050699776","Sun Dec 30 23:51:39 +0000 2018","0","Jadi capres lu ngga bisa ngaji ? Ehe ehe ehe ehe","1079525453050699776","","","in","","0","0","0","https://x.com/undefined/status/1079525453050699776","61102244",
"1079525430200217605","Sun Dec 30 23:51:33 +0000 2018","32","#SANGGANUSANTARA #Resolusi2019 Cc : Pangkoops @IndraJPiliang @IwanKarna @Yettidewi @ChamimAmir @IManembah @P3nj3l4j4h @Aryprasetyo85 @RizmaWidiono @RinjaniJB @Widyarenee @JajangRidwan19 @Ari3Pras @CH_chotimah @Dwiyana_DKM @4Y4NKZ @BadjaNuswantara @jokowi @prabowo @sandiuno https://t.co/yXiB7nLfJW","1079525430200217605","https://pbs.twimg.com/media/Dvs-o8cUUAATMOb.jpg","","in","","1","7","11","https://x.com/undefined/status/1079525430200217605","153824251",
"1079525426383319040","Sun Dec 30 23:51:32 +0000 2018","0","Wajar jika warga Bekasi memilih memakai kenderaan pribadi krn @CommuterLine tdk mendukung &amp; terkesan penumpang kurang di manusiakan @jokowi https://t.co/twbYJqxTuE","1079525426383319040","https://pbs.twimg.com/media/Dvs-pT6V4AITyvJ.jpg","","in","","0","0","0","https://x.com/undefined/status/1079525426383319040","887928542",
"1078843434805293056","Sun Dec 30 23:51:31 +0000 2018","0","@ibnu_ku @eliya_mkom @rockygerung @harnov2701 @saididu Emangnya Prabowo gak bisa bangun tol? Bedanya kalkulasi keuangan lbh matang karena ada Bang Sandi di dalamnya. kalo wapresnya KMA kok hidup jadi tambah pesimis ya? Kenapa ya?","1079525418724544513","","","in","","0","0","0","https://x.com/undefined/status/1079525418724544513","974087057071992832",
"1079520041480085505","Sun Dec 30 23:51:30 +0000 2018","0","@maspiyuuu SEDERHANA SAJA JIKA AKU PILIH JOKOWI APA YG TERJADI 5 TAHUN INI BERLUNG... JIKA PILIH PRABOWO MENONGSONG HARAPAN ...","1079525418145738752","","mas_piyuuu","in","","0","0","0","https://x.com/undefined/status/1079525418145738752","845821235657289728",
"1079392337153806336","Sun Dec 30 23:51:28 +0000 2018","0","@pengabdi_meme @RokhmatLabib @ssirah Bise aje ngelesnya.. udh gak usah basa basi.. kapan test nya?? Skalian detik ni jg rubah UU pemilunya.. syarat capres cawapres harus Hafidzh Quran.. gak usah tanggung2.. kan lambat laun gara2 usulan no1 Indonesia bisa jd negara Islam.. manthab toh!! Dukung penuh lah!!","1079525408901459968","","pengabdi_meme","in","","0","1","0","https://x.com/undefined/status/1079525408901459968","581069684",
"1079353728119975936","Sun Dec 30 23:51:26 +0000 2018","4","@yusuf_dumdum @semiaji_w Golongan monaslimin 212 termasuk @andre_rosiade kaum bengkok..... dan memang prabowo 100%tdk bisa baca Qur'an. Prabowo islam cuman mau kawin sama @TitiekSoeharto dan mau nyapres 5 tahun sekali itupun kalau natalan pasti joget2 https://t.co/ogbCPc2Qrg","1079525397568512000","","yusuf_dumdum","in","","0","1","0","https://x.com/undefined/status/1079525397568512000","1054539941827366912",
"1079210915675877376","Sun Dec 30 23:51:15 +0000 2018","0","@CNNIndonesia @jokowi Ngga laku lagi pencitraan dan media tipu.... Sadarlah berhenti jadi badut","1079525351682789376","","CNNIndonesia","in","","0","0","0","https://x.com/undefined/status/1079525351682789376","807324775815135232",
"1079309543937474560","Sun Dec 30 23:51:13 +0000 2018","0","@Metro_TV Pasti dong..... Jokowi lahir untuk jadi pemimpin yg mengabdi kepada Rakyat Bangsa dan Negara. Prabowo lahir untuk jadi Tentara juga untuk mengabdi pada Bangsa dan Negara. Pengabdian beliau sdh selesai ya.....","1079525344468623360","","Metro_TV","in","","0","0","0","https://x.com/undefined/status/1079525344468623360","971741794391113728",
"1079066206441660416","Sun Dec 30 23:51:11 +0000 2018","0","@francmohede @Ferdinand_Haean @prabowo @sandiuno Mobil...dah juall...emmm...motor dah jual juga...emas juga jual dong bro....suruh jihad tu ama si NENO....jadi pendukung jangan nanggung...","1079525334532317184","","francmohede","in","","0","0","0","https://x.com/undefined/status/1079525334532317184","1049623758611214336",
"1079289601796190208","Sun Dec 30 23:51:10 +0000 2018","2","@DoneJuan_ @hpsetyawan @prabowo @sandiuno @TitiekSoeharto @nurasiauno @marierteman @RannyMelody2 @ArraMilenia TOP deh ️️️","1079525331529166849","","Bulub4ji","in","","0","1","0","https://x.com/undefined/status/1079525331529166849","86018553",
"1079271345312096256","Sun Dec 30 23:51:10 +0000 2018","0","@FreeTweetZone @utipahkia @Fahrihamzah @prabowo @jokowi @SBYudhoyono Hahaha udh mas ntar darting","1079525330581213184","","FreeTweetZone","in","","0","0","0","https://x.com/undefined/status/1079525330581213184","1072341804517736449",
"1079525330212159488","Sun Dec 30 23:51:09 +0000 2018","0","#KamisJokowiOptimis pakde @Jokowi jangan SDA Laut saja pak SDA Darat juga perlu dibenahi sperti penebangan lihat oleh perusahaan nakal https://t.co/Tvyqh7mizB","1079525330212159488","https://pbs.twimg.com/media/Dvs-jchU8AAy2pS.jpg","","in","","0","0","0","https://x.com/undefined/status/1079525330212159488","1059348880116969472",
"1079314550564876288","Sun Dec 30 23:51:07 +0000 2018","0","@FaGtng мendιng neno jιнad ιlmυ ajarιn @prabowo ѕolaт dan ngajι ĸan υѕтadzaн dυnιa aĸнιraт #PrabowoTolakNgaji","1079525320057704448","","FaGtng","vi","","0","0","0","https://x.com/undefined/status/1079525320057704448","3191686012",
"1079525248234487808","Sun Dec 30 23:50:50 +0000 2018","1","Selalu membuat kita bangga bapak @jokowi . Dekat sekali dengan generasi muda bangsa. #01JokowiLagi","1079525248234487808","","","in","","0","0","1","https://x.com/undefined/status/1079525248234487808","959991582286999552",
"1079525239103635462","Sun Dec 30 23:50:48 +0000 2018","0","Allan menuduh 212 akan makar.. prabowo akan lakukan kekerasan... itu tidak terjadi Allan hanya angin panas dari Amerika","1079525239103635462","","","in","","0","0","0","https://x.com/undefined/status/1079525239103635462","904986647204306944",
"1079305066798931968","Sun Dec 30 23:50:44 +0000 2018","0","@sandiuno @prabowo Saya pilih pk jokowi aja.","1079525221663629312","","sandiuno","in","","0","0","0","https://x.com/undefined/status/1079525221663629312","1047501908896694272",
"1079303593830735872","Sun Dec 30 23:50:39 +0000 2018","0","@Dyah78166734 Bapak pembangunan....itulh bapak jokowi","1079525202621419520","","dyah_jombang","in","","0","0","0","https://x.com/undefined/status/1079525202621419520","1048454938211188736",
"1079210915675877376","Sun Dec 30 23:50:38 +0000 2018","0","@CNNIndonesia @jokowi Disebut pencintraan tapi ditiru","1079525199345680384","","CNNIndonesia","in","","0","0","0","https://x.com/undefined/status/1079525199345680384","1048472119854518272",
"1079525160632213504","Sun Dec 30 23:50:29 +0000 2018","0","BUKAN PROGRAM MISI DAN VISI TAPI PENTING BERANI EKSEKUSI ANTI KORUPSI BERPIHAK KEPADA RAKYAT. KONSISTEN HANYA #JOKOWI YG MAMPU.","1079525160632213504","","","in","","0","0","0","https://x.com/undefined/status/1079525160632213504","829263912176607232",
"1079525152616923136","Sun Dec 30 23:50:27 +0000 2018","0","𝐖𝐞𝐡 𝐡 𝐡 𝐲𝐚𝐧𝐠 𝐩.𝐞.𝐠.𝐚.𝐧.𝐠. 𝐤.𝐮𝐧 𝐜 𝐢 𝐬 𝐮.𝐫.𝐠.𝐚 ..Neno: Jihad Harta Untuk Prabowo-Sandi Auto Masuk Surga https://t.co/ezGglJIzz0","1079525152616923136","","","in","","0","0","0","https://x.com/undefined/status/1079525152616923136","1031892605020168192",
"1078996441710776320","Sun Dec 30 23:50:27 +0000 2018","0","@WibowoKur @abiarsaumar @CH_chotimah @prabowo https://t.co/jeL8Ij4mrl Kemarin ikut disini juga ngga...nih deket rumahnya jokowi...kalo baik kenapa tetangga sendiri pinginnya PS yah...","1079525151744520192","","WibowoKur","in","","0","0","0","https://x.com/undefined/status/1079525151744520192","1031773110163271680",
"1079317445804867584","Sun Dec 30 23:50:27 +0000 2018","0","@VIVAcoid Jokowi suruh baca suruh baca surat Al ahzab langsung gagu","1079525150230491137","","VIVAcoid","in","","0","0","0","https://x.com/undefined/status/1079525150230491137","1033749117812453376",
"1079525149261496320","Sun Dec 30 23:50:26 +0000 2018","6","Akhirnya Mudik tahun depan pasti Lancar . Terimakasih pak @jokowi dan timnya . Cc @RamliRizal @fadjroeL @budimandjatmiko @BiLLRaY_ @endasabrina1234 #ayoteruskerja #rekanjokowi #rekanjokowilampung #indonesiakuat #01IndonesiaMaju #01JokowiLagi https://t.co/vekcp2h6b3","1079525149261496320","https://pbs.twimg.com/media/Dvs-YykUUAEKBY2.jpg","","in","","0","0","1","https://x.com/undefined/status/1079525149261496320","1048809003696832513",
"1079390126386470912","Sun Dec 30 23:50:23 +0000 2018","0","@AkunTofa Seru bang kalo adu panco..apalagi adu menembak jitu...saya yakin pak prabowo masih kuat bawa senapan","1079525135021858816","","AkunTofa","in","","0","0","0","https://x.com/undefined/status/1079525135021858816","1627117735",
"1079231614939365377","Sun Dec 30 23:50:21 +0000 2018","1","@jokowi Kami bangga punya pemimpin seperti mu pak @jokowi yang bisa membawa negara ini kejalan yang lebih sukses. Amin","1079525128570990592","","jokowi","in","","0","0","0","https://x.com/undefined/status/1079525128570990592","1033933840106971136",
"1079353728119975936","Sun Dec 30 23:50:07 +0000 2018","1","@andri_attitude @Slam3hands @paduarsana @yusuf_dumdum @jokowi Klau tdk bisa dilanjut lalu knp mesti persoalan lama yg sdh selesai scara pribadi di cari inipun persoalan hnya krn status pemalsuan identitas yg dijadikannya utk menipu ummat marahlah La memalsukan identitas aparat saja org marah apalgi memalsukan nama besar kturunab nabi","1079525066830827521","","tukang_esbatu","in","","0","2","0","https://x.com/undefined/status/1079525066830827521","102606343",
"1079257223308562432","Sun Dec 30 23:50:03 +0000 2018","0","@M_NUR_R @menpangoid @BKNgoid @jokowi @KSPgoid @setkabgoid Segera umumkan min sebelum masuk bulan januari. Tinggal 1 hari ne. Penuhilah janjimu min yg akan menyelesaikan pengumuman akhir desember bukan januari. Janji adalah hutang min jangan sampai dilanggar. Semangat untuk BKN","1079525052180090881","","M_NUR_R","in","","0","0","0","https://x.com/undefined/status/1079525052180090881","1077436027613077507",
"1079522079559475200","Sun Dec 30 23:49:44 +0000 2018","0","@luviku Sama bu aku jd gak bisa jd capres....","1079524969665589248","","luviku","in","","0","1","0","https://x.com/undefined/status/1079524969665589248","828492006116651009",
"1079031151082127360","Sun Dec 30 23:49:40 +0000 2018","0","@SurYosodipuro_ @Jusdurians Apa prestasi prabowo di kopassus? Tdk ada yg menonjol. Jutrsu melakukan pelanggaran sehingga Dipecatttt.. Itu fakta.","1079524954754887680","","SaveMoslem1","in","","0","2","0","https://x.com/undefined/status/1079524954754887680","600715068",
"1079524941110886400","Sun Dec 30 23:49:37 +0000 2018","0","(31-12-2018) mari sukseskan pemilu damai tahun 2019 dengan aman damai sejuk dan berintegritas. . #polresgunugkidul #poldajogja #Divishumaspolri https://t.co/UICPKqfefL","1079524941110886400","","","in","","0","0","0","https://x.com/undefined/status/1079524941110886400","1052742926080471040",
"1079378523591077888","Sun Dec 30 23:49:33 +0000 2018","4","@TanpaWaj4h_ Dan gobloknya mereka besan Jokowi yang jelas² dari golongan kafir mereka diem aja kayak kambing dungu.","1079524927168860160","","TanpaWaj4h_","in","","0","1","1","https://x.com/undefined/status/1079524927168860160","1046077387245408256",
"1079524904255467520","Sun Dec 30 23:49:28 +0000 2018","0","Penjelasan Syekh Ali Jaber soal Foto 'Syekh Ali Jaber Merapat ke Jokowi' - Islampos https://t.co/JxClitQtFh","1079524904255467520","","","in","","0","0","0","https://x.com/undefined/status/1079524904255467520","2967690056",
"1079350218393411586","Sun Dec 30 23:49:27 +0000 2018","0","@RizmaWidiono @AndiArief__ Apa urusannya dgn pak Jokowi ya? Kl donor mata sebaiknya dr keluarga dekat terlebih dahulu atau dari orang yg baru meninggal. Kamu itu @AndiArief__ kl dengki jangan di-share kasihan keluargamu nanti. ","1079524902082830336","","RizmaWidiono","in","","0","0","0","https://x.com/undefined/status/1079524902082830336","2281270728",
"1078996441710776320","Sun Dec 30 23:49:25 +0000 2018","0","@CH_chotimah @prabowo Haha ini yg di sebut solat ngadep kamera bukan ngadep kiblat ya neng?","1079524889910857728","","ChusnulCh__","in","","0","0","0","https://x.com/undefined/status/1079524889910857728","102528833",
"1079253548863389696","Sun Dec 30 23:49:22 +0000 2018","0","@AkunTofa Prabowo Masih Kuat? https://t.co/b2wQupCEf8","1079524880477937664","https://pbs.twimg.com/media/Dvs-I1vUYAAJofA.jpg","AkunTofa","in","","0","0","0","https://x.com/undefined/status/1079524880477937664","944469535918252032",
"1079366535267807238","Sun Dec 30 23:49:21 +0000 2018","0","@nazarsjamsuddin Toh kalau di laksanakan juga gak ada salahnya kan?? Malah lebih bagus kan.. Ntar pendukung prabowo bs nambah banyak lho","1079524877130813440","","nazarsjamsuddin","in","","0","0","0","https://x.com/undefined/status/1079524877130813440","953625241388949504",
"1079524862941528064","Sun Dec 30 23:49:18 +0000 2018","0","Sudah puas dgn reuninya? Sdh main cantik kampanye terselubungnya? Capres hasil ijtima' ulama II junjungan kelen jg sdh dikasih panggung kan. #Habis212Terbitlah02","1079524862941528064","","","in","","0","0","0","https://x.com/undefined/status/1079524862941528064","1062158800818364417",
"1079512513408978944","Sun Dec 30 23:49:18 +0000 2018","4","@marierteman Arus dukungan luar biasa bila kecurangan tdk terjadi Insya Allah Prabowo presiden.","1079524861767086080","","marierteman","in","","0","1","0","https://x.com/undefined/status/1079524861767086080","745142159741837312",
"1079271098653409280","Sun Dec 30 23:49:14 +0000 2018","0","@Projoinsyaf @jokowi IPK 5.0","1079524844146839553","","GaCeper","und","","0","0","0","https://x.com/undefined/status/1079524844146839553","745475762",
"1079260880427073536","Sun Dec 30 23:49:13 +0000 2018","0","@CNNIndonesia MTQ kaleeee... Keptusan cerdas karena kalo jadi tren dan terus ada setiap pemilu gimana nasibnya Ahok yg notabene capres masa depan kolam sebelah","1079524842859196416","","CNNIndonesia","in","","0","0","0","https://x.com/undefined/status/1079524842859196416","139804623",
"1079523829129437184","Sun Dec 30 23:49:06 +0000 2018","0","@TolakBigotRI Ulama yg suka kaor2 dan panas2an di monas ya? Ulama yg sukanya demo ya? Dan kyk ginikah cara duduk capres di hadapan para ulama? https://t.co/39rHlQaMx9","1079524812584738816","https://pbs.twimg.com/media/Dvs-FcCVsAA4_kL.jpg","TolakBigotRI","in","","0","0","0","https://x.com/undefined/status/1079524812584738816","986283820050558976",
"1079271098653409280","Sun Dec 30 23:49:03 +0000 2018","0","@Projoinsyaf @jokowi Oh https://t.co/hEHFMWSeXd","1079524800463134720","https://pbs.twimg.com/media/Dvs-BD9UcAEhES7.jpg","GaCeper","und","","0","0","0","https://x.com/undefined/status/1079524800463134720","481848510",
"1079524799238434817","Sun Dec 30 23:49:03 +0000 2018","1","Selamat pagi pak jokowi disini lumayan bagus spotnya buat ft2 https://t.co/se1YSfoihB","1079524799238434817","https://pbs.twimg.com/media/Dvs-EnwU8AEdPTv.jpg","","in","","0","1","1","https://x.com/undefined/status/1079524799238434817","288769347",
"1079322290679033856","Sun Dec 30 23:48:58 +0000 2018","1","@Asmara_1701 @SBYudhoyono @prabowo Berkumpul nya para jendral demi NKRI!","1079524779843964928","","Asmara_1701","in","","0","0","0","https://x.com/undefined/status/1079524779843964928","733204913153413120",
"1079027580081041409","Sun Dec 30 23:48:44 +0000 2018","0","@V_Stone_Kardol Tergantung niat nya bro jihad harta untuk capres dengan niat untuk kebaikan agama umat perubahan ke arah yg lebih baik dan karena Allah insya Allah dpt pahala ","1079524719911567361","","Kumis_Separoh","in","","0","0","0","https://x.com/undefined/status/1079524719911567361","408187188",
"1079470776296759297","Sun Dec 30 23:48:40 +0000 2018","0","@budimandjatmiko @jokowi Kl hulaihi udh pasti salah","1079524703742570496","","budimandjatmiko","in","","0","0","0","https://x.com/undefined/status/1079524703742570496","247978697",
"1079524613724368896","Sun Dec 30 23:48:19 +0000 2018","0","Bingung ada orang yang sampe segitunya mendukung capres sampe merendahkan harga dirinya. Pola pikir dibolak balik. Sampai rela dibully oleh pendukung lainnya. Sebegitu rendahnya kan harga dirinya???","1079524613724368896","","","in","","0","1","0","https://x.com/undefined/status/1079524613724368896","45134078",
"1079271098653409280","Sun Dec 30 23:48:07 +0000 2018","0","@jokowi KPK Pun saat ini melakukan OTT terbaik dgn menciduk satu-persatu org2 rezim sekarang... ","1079524566488080384","","jokowi","in","","0","0","0","https://x.com/undefined/status/1079524566488080384","890601270",
"1079483839733366784","Sun Dec 30 23:48:07 +0000 2018","4","@ruhutsitompul @waitkendel Datanglah ke surau atau mesjid lihatlah cara Anak kecil berwudhu tdk ada yg salah sebab mereka berwudhu 5 x sehari klu sdh tua msh salah ...ya mungkin memang jarang berwudhu maklumi sebab ini Capres bukan imam...","1079524563292061696","","ruhutsitompul","in","","0","1","0","https://x.com/undefined/status/1079524563292061696","1064964385662152704",
"1079267590063575040","Sun Dec 30 23:48:04 +0000 2018","0","@Fahrihamzah @prabowo @jokowi Pahri Jon Hyutaihewan manusia ra ceto!? inilah masanya org berakal keliatan pinter &amp; beragama tp omg fitnah provokasi &amp; konyol dgn bangga &amp; tanpa beban krn dia hidup dr fitnah pinter tp utk membodohi beragama hanya utk topeng &amp; Tuhannya adlh uang.#kampret tak beradab.#2019 ","1079524552885956608","","Fahrihamzah","in","","0","0","0","https://x.com/undefined/status/1079524552885956608","1033215265369030656",
"1079210915675877376","Sun Dec 30 23:47:58 +0000 2018","0","@CNNIndonesia @jokowi Kalau gulung kemeja di lengan visualisasi nya berarti gulung tikar dong bong?","1079524527397191680","","CNNIndonesia","in","","0","0","0","https://x.com/undefined/status/1079524527397191680","516170879",
"1079524512654229504","Sun Dec 30 23:47:55 +0000 2018","191","Penentu lengsernya Jokowi? --- Melejit di 2018 PSI Optimistis Jadi Penentu di 2019 https://t.co/49mWHxbTbI","1079524512654229504","","","in","","14","58","72","https://x.com/undefined/status/1079524512654229504","61465123",
"1079524499345661952","Sun Dec 30 23:47:51 +0000 2018","0","Era Jokowi akan dikenal sejarah sebagai salah satu era emas Indonesia. Beruntunglah saya berada di masanya #JokowiMembangunIndonesia","1079524499345661952","","","in","","0","0","0","https://x.com/undefined/status/1079524499345661952","1075954990785556480",
"1079524498204807168","Sun Dec 30 23:47:51 +0000 2018","0","Mine is baterfield of capres and cawapres","1079524498204807168","","","en","","0","0","0","https://x.com/undefined/status/1079524498204807168","85552622",
"1078955360495390721","Sun Dec 30 23:47:47 +0000 2018","0","@Dony71996672 @prabowo @Cak_Bram @Astuty64 @bengkeldodo @putrabanten80 @marierteman @ustadtengkuzul @haikal_hassan @Hanggar_Dini Gorengan basi masih dijual..kemarin natalan kan nuduh probowo kafir napa msh bawa2 hti dan radikal? #heran #dungu #pemecahbelah #penyebarkebencian","1079524480613900289","","Dony71996672","in","","0","0","0","https://x.com/undefined/status/1079524480613900289","76663337",
"1078840716866990082","Sun Dec 30 23:47:43 +0000 2018","0","@sandiuno Wakil presiden itu harus cerdas pinter dan yang paling penting muda sehat dan kuat.. Prabowo Sandi Menang","1079524465707339776","","sandiuno","in","","0","0","0","https://x.com/undefined/status/1079524465707339776","951985280990437376",
"1078570618952474625","Sun Dec 30 23:47:31 +0000 2018","0","@satriyamaha @Dody_Lukas___ @prabowo Aamiin","1079524414574620673","","satriyamaha","fi","","0","0","0","https://x.com/undefined/status/1079524414574620673","1049886242542903297",
"1079396875130757120","Sun Dec 30 23:47:29 +0000 2018","0","@cakrobi_ @Ingo_Ingo86 @KoRnHurry @AhlulQohwah @ASapardan Yg buat malu kelakuan spt itu koq mayoritas saudara seiman muslim tapi kelakuan barbar &amp; kalo semua itu dilakukan pendukung jokowi sdh pasti bisa ditebak nyinyirannya.... Mau bilang ya sudahlah tp gemes jg klo ga komen","1079524405628174336","","cakrobi_","in","","0","0","0","https://x.com/undefined/status/1079524405628174336","746852491",
"1078889924307243009","Sun Dec 30 23:47:23 +0000 2018","1","@Kunto_Drummer @prabowo Oooo mantap ","1079524381695500288","","Kunto_Drummer","pt","","0","0","0","https://x.com/undefined/status/1079524381695500288","828492006116651009",
"1079524362238087168","Sun Dec 30 23:47:19 +0000 2018","0","tetap fokus Jokowi 2 Periode that is the point #2019jokowilanjut #Jokowi2Periode #2019JokowiMaruf #2019JokowiMarufAmin","1079524362238087168","","","in","","0","0","0","https://x.com/undefined/status/1079524362238087168","1036464505943818241",
"1079524348682104833","Sun Dec 30 23:47:15 +0000 2018","0","Aneh jika @prabowo gak bisa jadi Imam Sholat. Salah dalam ber wudhu. Salah ngucapkan gelar Nabi Muhamad.Gak bisa ngaji. Dulu ngapain saja Di Yordania yg mayoritas Islam. Juga katanya berkawan erat dg Raja Yordania.","1079524348682104833","","","in","","0","0","0","https://x.com/undefined/status/1079524348682104833","2423043132",
"1079524331560914944","Sun Dec 30 23:47:11 +0000 2018","0","Namanya lawan politik pastilah mencari kesalahan2 lawanya tapi Tuhan itu tidak tidur Ia yang mengangkat Ia juga yg menurunkan. Sekuat apapun kalian berusaha menjatuhkan jokowi tidak akan bisa kalau Allah tdk berkehendak. #tetapjokowi #JokowiMaruf2019 #Jokowi2Periode","1079524331560914944","","","in","","0","0","0","https://x.com/undefined/status/1079524331560914944","1027415321290756096",
"1079524330113912833","Sun Dec 30 23:47:11 +0000 2018","0","Allan Nairn dgn gaya ala pelindung Ham itu ternyata hanya menyebar konspirasi untuk menjatuhkan 212 dan Prabowo.","1079524330113912833","","","in","","0","0","0","https://x.com/undefined/status/1079524330113912833","904986647204306944",
"1079524327467315200","Sun Dec 30 23:47:10 +0000 2018","0","Namanya lawan politik pastilah mencari kesalahan2 lawanya tapi Tuhan itu tidak tidur Ia yang mengangkat Ia juga yg menurunkan. Sekuat apapun kalian berusaha menjatuhkan jokowi tidak akan bisa kalau Allah tdk berkehendak. #tetapjokowi #JokowiMaruf2019 #Jokowi2Periode","1079524327467315200","","","in","","0","0","0","https://x.com/undefined/status/1079524327467315200","1027073112313982977",
"1079476148415930369","Sun Dec 30 23:47:08 +0000 2018","0","@detikcom ANDAIKAN ADA YANG MENGUNDANG para Capres &amp; Cawapres untuk Tes Lari Cepat 100 Meter apakah harus dipenuhi juga? https://t.co/hK75PNjNAa","1079524316255899649","","detikcom","in","","0","5","0","https://x.com/undefined/status/1079524316255899649","82368036",
"1079524310887350273","Sun Dec 30 23:47:06 +0000 2018","0","Kayaknya pak Jokowi lebih paham arti Kerja itu adalah manifestasi dari Ibadah","1079524310887350273","","","in","","0","0","0","https://x.com/undefined/status/1079524310887350273","1397546059",
"1079409195852607489","Sun Dec 30 23:47:05 +0000 2018","1","@BadjaNuswantara @semiaji_w Baca Al-Quran @prabowo pasti terkencing dicelana..... 100% yakin tdk bisa","1079524303970787329","","__MV_llestari__","in","","0","1","0","https://x.com/undefined/status/1079524303970787329","1054539941827366912",
"1079210915675877376","Sun Dec 30 23:46:59 +0000 2018","0","@CNNIndonesia @jokowi Tindakan konyol stupid nir empati amoral asosial di tengah ratusan korban jiwa bergelimpangan dan keluarga korban yg tengah berduka. Dimana nurani?!?!?","1079524278704398337","","CNNIndonesia","in","","0","0","0","https://x.com/undefined/status/1079524278704398337","1733398086",
"1079524245774815232","Sun Dec 30 23:46:51 +0000 2018","1","Seperti nya nih gengs kita harus menolak prabowo juga untuk menjadi Capres. Ngaji aja nolak. Haahaa. #PrabowoTolakNgaji","1079524245774815232","","","in","","0","0","0","https://x.com/undefined/status/1079524245774815232","1070884336507867137",
"1079269280993038336","Sun Dec 30 23:46:49 +0000 2018","0","@Fahrihamzah @prabowo dipecat dari tentara atau dipecat dari partai..itu sama2 bukti Kamu tidak becus melanggar dan Gagal dalam menjalankan amanat....","1079524239206637568","","Fahrihamzah","in","","0","0","0","https://x.com/undefined/status/1079524239206637568","723969192",
"1079524211087966208","Sun Dec 30 23:46:43 +0000 2018","0","Saya sih prinsipnya setuju test baca quran diadakan tuk para capres cawapres asal itu dilaksanakan oleh @KPU_ID makanya sekalian kita dorong KPU melaksanakan itu layaknya debat capres cawapres biar isu ini menjadi substabsi pemilu gmn @KPU_ID ?","1079524211087966208","","","in","","0","0","0","https://x.com/undefined/status/1079524211087966208","109744397",
"1079369859635458048","Sun Dec 30 23:46:43 +0000 2018","0","@megawulan20 @DianaLovaa @Takviri Apanya yg move on. Njawab kok tdk prnh nyambung. Kl Prabowo bs baca ndak usah besok nyatanyya di tantang dai Aceh baca Qur'an orang disekelilingnya PD jawab gak ada yg bersedia. Dtunjukin skrg aj. Mau Dubbing suara? . Makanya jgn mperturutkn syahwat politik dg jualan agama","1079524210429485056","","megawulan20","in","","0","0","0","https://x.com/undefined/status/1079524210429485056","1046266921270673408",
"1079269221115166721","Sun Dec 30 23:46:40 +0000 2018","0","@AL82985951 @chicohakim Lha emg yg nantangin jokowi? Itu usulan persatuan dai aceh.. jokowi hanya menyanggupi. baca makanya dul dudull blok goblok","1079524200484720642","","boedie_id","in","","0","0","0","https://x.com/undefined/status/1079524200484720642","247978697",
"1079231614939365377","Sun Dec 30 23:46:39 +0000 2018","0","@jokowi Aminnnnn","1079524197087334400","","jokowi","en","","0","0","0","https://x.com/undefined/status/1079524197087334400","1077056654850420736",
"1079217299465285633","Sun Dec 30 23:46:34 +0000 2018","1","@RestyCayah @daniswara02 Oh jadi capres kita selain prabowo tuh guguk ya ? Baru tau nih .... Ya gw mah milih manusia lah","1079524175360843777","","RestyCayah","in","","0","0","0","https://x.com/undefined/status/1079524175360843777","217774149",
"1079313085247016960","Sun Dec 30 23:46:31 +0000 2018","4","@RizmaWidiono Ngelesnya keterlaluan timsesnya Prabowo intinya gk layak @prabowo jd pemimpin tak ada yg baik satupun untuk dicontoh.","1079524164111724545","","RizmaWidiono","in","","0","1","1","https://x.com/undefined/status/1079524164111724545","2882684917",
"1079294790410235905","Sun Dec 30 23:46:29 +0000 2018","0","@CakKhum Indonesia negara maritim.. Laut nya luas. Capres di tes ngaji.. Rasanya wajar.. Tes tambahan Wapres nya tes renang.. Gak usah jauh2. 500 meter aja di selat sunda.. Ok..","1079524155350020096","","suaragagap","in","","0","0","0","https://x.com/undefined/status/1079524155350020096","933383959743991808",
"1079186368859783168","Sun Dec 30 23:46:28 +0000 2018","1","@IrHMFaqih Lari dari masalah akan membuat masalah mjd lebih besar hadapilah @prabowo tantangan baca tulis alquran justru akan membuat Anda menjadi lebih besar.","1079524150341849089","","IrHMFaqih","in","","0","0","0","https://x.com/undefined/status/1079524150341849089","220874870",
"1078996441710776320","Sun Dec 30 23:46:26 +0000 2018","0","@WibowoKur @abiarsaumar @CH_chotimah @prabowo Aamiin","1079524140321714177","","WibowoKur","fi","","0","0","0","https://x.com/undefined/status/1079524140321714177","1031773110163271680",
"1079267590063575040","Sun Dec 30 23:46:25 +0000 2018","1","@SetiaAdy_p @Fahrihamzah @prabowo @jokowi Pak Jokowi dituduh PKI difitnah macem2 itu sangat menyerang secara personal giliran pak kiyai Maruf amin cuma bilang bahwa pak Jokowi bukan penculik si andre rosadie berang katanya nyerang petsonal...bodoh kok dipiara sich","1079524137742217216","","SetiaAdy_p","in","","0","2","0","https://x.com/undefined/status/1079524137742217216","2872998758",
"1079344473182818304","Sun Dec 30 23:46:22 +0000 2018","0","@Kang_Sleding @TheFeds24 @detikcom Kata nya capres ijtima ulama.. Kok ga bisa ngaji. Malah anggap serangan balik.. Kan lucu.","1079524124374888449","","","in","","0","1","0","https://x.com/undefined/status/1079524124374888449","2871529549",
"1079452796112449537","Sun Dec 30 23:46:11 +0000 2018","5","@budimandjatmiko @jokowi Mjungkin Seharusnya Belajar Dari PDIP @PDI_Perjuangan Ketika Jadi Oposan Lebih Obyektif Dasar Argument Yg Kuat Tidak Menganut Adagium Apapun Yang Di Kerjakan Pemerintahan Saat Harus Di Anggap Gagal Dan Salah","1079524076702449664","","budimandjatmiko","in","","0","1","1","https://x.com/undefined/status/1079524076702449664","2902360352",
"1079524066925600768","Sun Dec 30 23:46:08 +0000 2018","2","Isu SARA terus menyerang pak Prabowo. Sebagai sesama orang yang lahir dari keluarga Nasrani saya terus doakan pak @prabowo. Bapak memberi harapan bagi kami bahwa suatu saat juga bisa nyapres.","1079524066925600768","","","in","","3","1","4","https://x.com/undefined/status/1079524066925600768","76984137",
"1079499602531835904","Sun Dec 30 23:46:04 +0000 2018","0","@logic_editor @cholilnafis Dasar munafik kok Ahok? Wowo mulai capres dengan jualan Ijtima Ulama diajak tes baca Quran ujuk jadi pemimpin majemuk. Trus ngapain Ijtima an? https://t.co/9iZ5QtZTes","1079524049284325376","https://pbs.twimg.com/media/Dvs9ZLjVAAAxDPr.jpg","","in","","0","0","0","https://x.com/undefined/status/1079524049284325376","2468828202",
"1079413249064325120","Sun Dec 30 23:46:04 +0000 2018","0","@NiswariSejuk @prabowo @fadlizon @nazarsjamsuddin @AgusYudhoyono @PEPESOfficial @dulatips @RestyCayah @helmifelis Pasti menarik karena akan ada capres yang diketawain karena bunuh diri dengan pedang janji2 masa lalu ","1079524048885800960","","","in","","0","0","0","https://x.com/undefined/status/1079524048885800960","2518915579",
"1079249882999705600","Sun Dec 30 23:46:02 +0000 2018","0","@nocray Prabowo kaya tai. Kebanyakan sensasi. Oh ya kalau di ga kepilih kata dia indonesia punah.","1079524040094539776","","nocray","in","","0","0","0","https://x.com/undefined/status/1079524040094539776","1042800486007492608",
"1079319846897147904","Sun Dec 30 23:45:56 +0000 2018","0","@makLambeTurah @4Y4NKZ @mohmahfudmd @na_dirs @GunRomli @muannas_alaidid @sahaL_AS @GPAnsor_Satu Tanyakan saja sama ubaru KH. Prabowo.","1079524013271994368","","makLambeTurah","in","","0","0","0","https://x.com/undefined/status/1079524013271994368","867654511028031488",
"1079271345312096256","Sun Dec 30 23:45:51 +0000 2018","0","@Fahrihamzah @prabowo @jokowi Wah kuliti... bukannya krn di janjiin nyapres sm bu mega??? Jd prabowo mau ngedukung..","1079523992396939264","","Fahrihamzah","in","","0","0","0","https://x.com/undefined/status/1079523992396939264","1053538966480146432",
"1079523989616095233","Sun Dec 30 23:45:50 +0000 2018","0","Kumpulan Pantun Jokowi #SalamSatuJempol #01IndonesiaMaju #01JokowiLagi https://t.co/7lX2P643A4","1079523989616095233","","","in","","0","0","0","https://x.com/undefined/status/1079523989616095233","401904949",
"1079523972067209216","Sun Dec 30 23:45:46 +0000 2018","0","Pasangan serasi ini Pasangan nomor 1 jokowi amin #01JokowiLagi https://t.co/zRz04xfzsQ","1079523972067209216","","","in","","0","0","0","https://x.com/undefined/status/1079523972067209216","1059348880116969472",
"1079032067990507521","Sun Dec 30 23:45:43 +0000 2018","0","@ut_ary @kumparan @ssirah Knp jd pd ngawur gini sdh benar @prabowo itu mualaf shalat dan ngajinya hrs terus belajar yg keliru ulama abal2 itu memanfaatkan sosok prabowo benar memang mrk mengatakan apapun yg diucapkan ulama hrs dituruti doktrin bhw ulama rosul Allah menjadikan ulama diatas segalanya","1079523958985175040","","ut_ary","in","","0","1","0","https://x.com/undefined/status/1079523958985175040","1078198078664929280",
"1079523956552491010","Sun Dec 30 23:45:42 +0000 2018","0","Apa sih itu si Airlangga justru dia yg nyari panggung politik yg minta pemecatan TNI dgn alasan gak masuk akal. Gw cuma bisa menyimpulkan klo pemilih jokowi dr gerbong PKI klo gitu caranya.","1079523956552491010","","","in","","0","0","0","https://x.com/undefined/status/1079523956552491010","119270914",
"1079427649569583104","Sun Dec 30 23:45:39 +0000 2018","0","@budimandjatmiko Yg di kota juga ogah mas klu suruh milih Prabowo. Orang ga punya integritas jumawa grusa-grusu ngamukan diktator mempermainkan agama suka nakut2i Indonesia bubar dan punah. Ah kok banyak bgt sisi negatifnya. Pokoke NO !!!","1079523942698631169","","budimandjatmiko","in","","0","0","0","https://x.com/undefined/status/1079523942698631169","904714474132606977",
"1079303206675480577","Sun Dec 30 23:45:36 +0000 2018","0","@Dennysiregar7 @jokowi @prabowo Habis dipancing terus sih jadi kan pingin membuktikan dan menunjukan apa yg mereka mulai","1079523929385984000","","","in","","0","0","0","https://x.com/undefined/status/1079523929385984000","1048472119854518272",
"1079312696179216384","Sun Dec 30 23:45:34 +0000 2018","1","@adityadityadity Dari era Pak SBY - Pak Jokowi ekonomi tumbuh di kisaran 5-7%. Saya malas buka datanya tapi ingat 4 sekian - 6 sekian. Jadi saya simplifikasi kisaran 5-7%. Mudah2an paham. Termasuk yg lain2.","1079523922968625152","","adityadityadity","in","","0","0","0","https://x.com/undefined/status/1079523922968625152","39964465",
"1079267590063575040","Sun Dec 30 23:45:31 +0000 2018","0","@Fahrihamzah @prabowo @jokowi Hahahaha takut ya? Pasar pemilih memang disitu. Kl gue setuju2 aja....kulitin sampai habis.","1079523909353918464","","Fahrihamzah","in","","0","0","0","https://x.com/undefined/status/1079523909353918464","4151471598",
"1077443149088284673","Sun Dec 30 23:45:29 +0000 2018","0","@SyifaZ6 @prabowo @haikal_hassan Goblok","1079523903427379200","","SyifaZ6","in","","0","0","0","https://x.com/undefined/status/1079523903427379200","1074599871552733184",
"1079373873022328835","Sun Dec 30 23:45:27 +0000 2018","0","@Dennysiregar7 Mantap!! Buat terus pernyataan2 kaya' gini. Pasti elektabilitas jokowi makin nyungsep !! Pertahankan den...","1079523892727705600","","","in","","0","0","0","https://x.com/undefined/status/1079523892727705600","887865151768023040",
"1079523857470373889","Sun Dec 30 23:45:18 +0000 2018","0","Untuk persiapan debat tidak perlu ini itu karena kerjanya sudahnya kok pakde @Jokowi #01JokowiLagi https://t.co/2WNt65mLJk","1079523857470373889","","","in","","0","0","0","https://x.com/undefined/status/1079523857470373889","1059348880116969472",
"1078916906394894341","Sun Dec 30 23:45:17 +0000 2018","0","@fadjroeL @jokowi Isu isu HAM terus yang di goreng... Kagak laku lagi bung fadroel... Coba di bahas di rezim ini.. Apa kabar kasus novel baswedan ya.... Itu masalah besar bagi negeri ini...","1079523853414453248","","fadjroeL","in","","0","0","0","https://x.com/undefined/status/1079523853414453248","951985280990437376",
"1079523847567626240","Sun Dec 30 23:45:16 +0000 2018","1","Bisa membaca Al-Qur an emang sebuah kewajiban bagi seorang Muslim tapi klo ini di jadikan sebuah acuan buat seorang Capres rasanya aneh...sebenernya ini mo cari Presiden apa mo cari Qori ya?","1079523847567626240","","","in","","0","0","0","https://x.com/undefined/status/1079523847567626240","70087166",
"1079303206675480577","Sun Dec 30 23:45:11 +0000 2018","3","@Dennysiregar7 @jokowi @prabowo Bacotlu bebas bersuara hari ini @Dennysiregar7 karna merasa dilindungi rezim...tpi lihatlah suatu saat nanti masanya hbs lo bakal nelan pil pahit atas apa yg ku tabur..cepat atau lambt ..di dunia atau akhirat pasti akan menuai...!!!","1079523824918380544","","","in","","0","1","0","https://x.com/undefined/status/1079523824918380544","1073624263377076224",
"1079396212879482882","Sun Dec 30 23:45:10 +0000 2018","0","@budimandjatmiko @PDI_Perjuangan Di pemerintahan pak jokowi sdh tambah byk koruptor yg tertangkap oleh kpk tampa pandang bulu.di sikat sama kpk.selamat kan uang negara dari tikus tikus got.","1079523822695411714","","budimandjatmiko","in","","0","0","0","https://x.com/undefined/status/1079523822695411714","162551100",
"1078987206658732032","Sun Dec 30 23:45:03 +0000 2018","0","@denysaptiti @SalmaBrecht @sandiuno @prabowo Baca nih biar paham neng. https://t.co/AyddCgVwkj","1079523792316030976","","","in","","0","1","0","https://x.com/undefined/status/1079523792316030976","1016169741151453184",
"1079328391247978496","Sun Dec 30 23:44:59 +0000 2018","1","@RinaMar90777552 @BiLLRaY_ @jokowi @RamliRizal @budimandjatmiko @fadjroeL @Fahrihamzah ","1079523774280609792","","RinaMar90777552","qme","","0","0","0","https://x.com/undefined/status/1079523774280609792","1048809003696832513",
"1079497997304553472","Sun Dec 30 23:44:54 +0000 2018","0","@Fahrihamzah Akhirnya semua jokowi pada waktunya makasih bung fahri.....","1079523757155209216","","Fahrihamzah","in","","0","0","0","https://x.com/undefined/status/1079523757155209216","140863539",
"1079523757096525824","Sun Dec 30 23:44:54 +0000 2018","0","Semoga hasil survei bagus pakde @Jokowi #01JokowiLagi https://t.co/RKtg0HIg87","1079523757096525824","","","in","","0","0","0","https://x.com/undefined/status/1079523757096525824","1059348880116969472",
"1079523748284227586","Sun Dec 30 23:44:52 +0000 2018","1","@JRX_SID @susipudjiastuti @jokowi @gendovara @ForBALI13 Harapan2019 Reklamasi tanjung benoa di batalkan SIMPLE. #balitolakreklamasi #TahunBaruHarapanBaru","1079523748284227586","","JRX_SID","in","","0","0","0","https://x.com/undefined/status/1079523748284227586","1036035170405511171",
"1079450755893882880","Sun Dec 30 23:44:46 +0000 2018","0","@Bravo_19PPAS @MichelaniaAdam @jokowi @prabowo @sandiuno Ayo dilihat video sandi lagi wudhu","1079523721113530368","","alhusain77","in","","0","0","0","https://x.com/undefined/status/1079523721113530368","1011916008301326336",
"1079523717430923264","Sun Dec 30 23:44:45 +0000 2018","0","Apa benar Pak @jokowi lempar duit 20ribuan? @CCICPolri @DivHumas_Polri @PDI_Perjuangan @GeneralMoeldoko","1079523717430923264","","","in","","0","0","0","https://x.com/undefined/status/1079523717430923264","922705307331002368",
"1079423715949965312","Sun Dec 30 23:44:42 +0000 2018","1","@victoryjerzon @zoelfick @budimandjatmiko Sy tdk fanantik pak prabowo...tp sy tdk rela barisan penista agama memimpin Indonesia","1079523705863077889","","SatriaLangit23","in","","0","8","0","https://x.com/undefined/status/1079523705863077889","1045344935128391680",
"1079518010522578944","Sun Dec 30 23:44:40 +0000 2018","0","@CNNIndonesia setan kepanasan di suruh baca al quran...capres ulamak ijimak jamaah monaslimin kepanasan baca al quran","1079523696891457536","","CNNIndonesia","in","","0","0","0","https://x.com/undefined/status/1079523696891457536","2866423662",
"1079523695578640384","Sun Dec 30 23:44:40 +0000 2018","0","#dihariterakhi2018 saya cuma mau ngomong... ngga usah pada ribet deh para capres.... ngga usah ada tes baca al quran segala deh... panjang ceritanya... tes baca al fatihah dan 10 surat pendek aja gimana? kan pas tuh buat sholat fardhu","1079523695578640384","","","in","","0","0","0","https://x.com/undefined/status/1079523695578640384","119135918",
"1079197027097993216","Sun Dec 30 23:44:37 +0000 2018","0","@SalmaBrecht @MahesaTiwi @FaGtng @purwo82092883 @P3nj3l4j4h @Biawak_Buas @TiaraShinta_ @BacotxPilpres @V_Stone_Kardol @ErickFrontier1 @riekediahp @budimandjatmiko @bangzul_1988 @ustadtengkuzul Oposisi hanya retorika belaka kerja nyata Jokowi jauh meninggalkan pepesan kosong yg mereka hembuskan","1079523683977162757","","SalmaBrecht","in","","0","0","0","https://x.com/undefined/status/1079523683977162757","1056895442758168576",
"1079523683436130305","Sun Dec 30 23:44:37 +0000 2018","0","Sabar pak @Jokowi namanya politik kotor #01JokowiLagi https://t.co/SKvMGWZKRE","1079523683436130305","","","in","","0","0","0","https://x.com/undefined/status/1079523683436130305","1059348880116969472",
"1079054790502506498","Sun Dec 30 23:44:36 +0000 2018","0","@maskoyoy @sandiuno Situ pake badut kyai. ..mau deklarasi aja bayar...Prabowo sandi kampanye pake fasilitas pribadi...pesawat pribadi. Mulai panik dah...sana kumpulin Gendruwo serang Prabowo dah pake HAM...gak ngefek..","1079523679770308609","","maskoyoy","in","","0","0","0","https://x.com/undefined/status/1079523679770308609","870839847753097216",
"1076792178976804864","Sun Dec 30 23:44:31 +0000 2018","0","@sandiuno @prabowo Udah lah emang km di jakarta sudah mbuat ap uno ko mau nebar pesona apa lgi salam ya buat rakyat kecil ini liattt jejak perkalan https://t.co/pOofdOl491","1079523658614198272","https://pbs.twimg.com/tweet_video_thumb/Dvs9Cd1V4AE5eJX.jpg","sandiuno","in","","0","0","0","https://x.com/undefined/status/1079523658614198272","1074310391394533376",
"1079523641820295169","Sun Dec 30 23:44:27 +0000 2018","0","Semoga bila terpilih #Pilpres2019 nanti @prabowo dan @sandiuno mewujudkan keadilan dan kemakmuran berawal dari terbitnya matahari.","1079523641820295169","","","in","","0","0","0","https://x.com/undefined/status/1079523641820295169","305124603",
"1077150262878457856","Sun Dec 30 23:44:24 +0000 2018","0","@info_Mekkah termasuk jangan ganggu @prabowo ikut mrayakannya kmren bibib. ??","1079523631191928832","","info_Mekkah","in","","0","0","0","https://x.com/undefined/status/1079523631191928832","729477807982551041",
"1079523625072381952","Sun Dec 30 23:44:23 +0000 2018","1","Kumpulan Pantun Jokowi #SalamSatuJempol #01IndonesiaMaju #01JokowiLagi https://t.co/Ta53p8MO8J","1079523625072381952","","","in","","0","0","0","https://x.com/undefined/status/1079523625072381952","1042387391183351808",
"1079523590830055424","Sun Dec 30 23:44:15 +0000 2018","0","Nah loh... Report @MegaSimarmata @jokowi https://t.co/CNINTCAJyb","1079523590830055424","https://pbs.twimg.com/media/Dvs8-oGUwAA-xJe.jpg","","in","","0","0","0","https://x.com/undefined/status/1079523590830055424","979199917863223296",
"1079523583104233472","Sun Dec 30 23:44:13 +0000 2018","0","Menu makanan khas indonesia. Sedap kali pak @Jokowi mau dong... #01JokowiLagi https://t.co/es5mUAKFJp","1079523583104233472","","","in","","0","0","0","https://x.com/undefined/status/1079523583104233472","1059348880116969472",
"1079523559427444737","Sun Dec 30 23:44:07 +0000 2018","0","Muslimat NU Jatim Gelar Doa Untuk Jokowi Yang Jadi Insha Allah Prabowo-Sandi https://t.co/qHhw97qfUk #2019PrabowoSandi","1079523559427444737","","","in","","0","0","0","https://x.com/undefined/status/1079523559427444737","1034442679235489792",
"1079523542822137857","Sun Dec 30 23:44:03 +0000 2018","0","Baca nih @fadlizon @Dahnilanzar @ustadtengkuzul capres pilihan Itjma ulama Monaslimin. Pilihan itjma ulama wiro sableng 212.","1079523542822137857","","","in","","1","0","0","https://x.com/undefined/status/1079523542822137857","2423043132",
"1079362135606452225","Sun Dec 30 23:44:03 +0000 2018","0","@AsepKurniaone @fadlizon @prabowo @sandiuno @Gerindra Oke mau ganti menjadi khilafah? Gw pendukung Prabowo sejati akan pilih joki klo berani menyatakan diri stlh tes baca Alquran sbg syarat capres maka akan menjadikan RI sbg kekhalifahan.","1079523541660233728","","AsepKurniaone","in","","0","0","0","https://x.com/undefined/status/1079523541660233728","1733398086",
"1078649146049912833","Sun Dec 30 23:43:58 +0000 2018","0","@78Kabar @Alkiat9 @prabowo Tong? Lu yg gentong tu ngaca wkwkw gk klhtn ya.. Mknya jng nngaca di air di kolam butek... Wkwkwk","1079523519342342146","","78Kabar","in","","0","1","0","https://x.com/undefined/status/1079523519342342146","4091257812",
"1079194602861617152","Sun Dec 30 23:43:57 +0000 2018","0","@TPK_RI @Kang_Likhin ADA YANG TAU GAK KENAPA ADIK INI PENGEN DITENGOK @Prabowo APA KRN DIA TAKUT TERTIPU?","1079523517949857792","","TPK_RI","in","","0","0","0","https://x.com/undefined/status/1079523517949857792","2323042771",
"1079523493882998785","Sun Dec 30 23:43:52 +0000 2018","9","Jokowi Gass Pariwisata dan Kuliner Via Tol Trans Jawa Pulau Jawa semakin oke saja. Aksesibilitasnya semakin top. Terlebih Jalan Tol Trans Jawa dari Jakarta sampai Surabaya sejauh 760 kilometer sudah tersambung https://t.co/ilFOMfaEYV Video by : BPMI #PesonaIndonesia https://t.co/0NRDHP6pZC","1079523493882998785","https://pbs.twimg.com/ext_tw_video_thumb/1079523371191173122/pu/img/q53J0XWI0NyUxDYI.jpg","","in","","1","0","7","https://x.com/undefined/status/1079523493882998785","3259539990",
"1078987206658732032","Sun Dec 30 23:43:47 +0000 2018","0","@BangSumma @sandiuno @prabowo Cebong emang pd gagal paham baca nih biar pahamberita tahun 2017. https://t.co/AyddCgVwkj","1079523472475222016","","BangSumma","in","","0","0","0","https://x.com/undefined/status/1079523472475222016","1016169741151453184",
"1079523465281990656","Sun Dec 30 23:43:45 +0000 2018","0","makin lama saya makin kasihan sama bapak @prabowo #PrabowoTolakNgaji https://t.co/kFZdewYSm2","1079523465281990656","https://pbs.twimg.com/media/Dvs8vLeUYAItqo-.jpg","","in","","0","0","0","https://x.com/undefined/status/1079523465281990656","1071071389119959040",
"1079284322098569218","Sun Dec 30 23:43:45 +0000 2018","0","@Obu91170744 @bazari91 @fahrudinmy 2. Dia bukan tinggal di arab tapi kabur ke arab tepatnya yordania. Kemudian kalo hanya yakin bisa bahasa arab dan tulis arab itu ga cukup. Bagusnya jawab aja tantangan ngaji dr kelompok dai yg di aceh itu. Biar kita sama2 yakin. Siapa tau banyak yg beralih ke prabowo. Gmnaa..","1079523464241831939","","Obusaja","in","","0","1","0","https://x.com/undefined/status/1079523464241831939","1939841192",
"1079312696179216384","Sun Dec 30 23:43:44 +0000 2018","0","@adityadityadity Dr era SBY Jokowi ekonomi tumbuh kisaran 5-7 %. Coba dicek. Itu maksud saya. Paham arti kisaran?","1079523462564044800","","adityadityadity","in","","0","3","0","https://x.com/undefined/status/1079523462564044800","39964465",
"1079523456260042752","Sun Dec 30 23:43:43 +0000 2018","1","Saya tidak peduli apa agama dan keyakinan Pk Prabowo jika dia lebih baik dr Pk Jokowi maka saya akan coblos tapi nyatanya Pk Jokowi masih lebih baik dr banyak sisi dibanding Pk Prabowo #jokowi2periode #2019TetapJokowi","1079523456260042752","","","in","","0","0","0","https://x.com/undefined/status/1079523456260042752","387503902",
"1079320149042188288","Sun Dec 30 23:43:42 +0000 2018","0","@maspiyuuu @prabowo @sandiuno Jokowi baca alfatihah aja Salah bro","1079523453252685824","","mas_piyuuu","in","","0","0","0","https://x.com/undefined/status/1079523453252685824","562577528",
"1079523427973685248","Sun Dec 30 23:43:36 +0000 2018","1","hebat selain capres peramal peneliti tapi ada benar nya rakyat indonesia 99% pas pasan paska ditingal no2 pasdatangnya siapa yg harus di pilih paslagi musim hujan pastidur jadinya pas pasan","1079523427973685248","","","in","","0","0","0","https://x.com/undefined/status/1079523427973685248","1048897483579908097",
"1079346234702196736","Sun Dec 30 23:43:33 +0000 2018","0","@om_ogut @aksarageni @King54fir Iya setuju banget jangan cuma test baca qur'an saja test sholat kek atau test wudhu' kek gitu kalau perlu test kepribadian sama test psikologi biar tau tingkat kewarasan seorang capres biar capres yg jadi nanti bener2 waras dan gak suka marah2 gebrak2 meja atau nyebar hoax","1079523414367297536","","om_ogut","in","","0","2","0","https://x.com/undefined/status/1079523414367297536","913768128961691648",
"1079275004087349250","Sun Dec 30 23:43:24 +0000 2018","0","@PengantenB @FajarAli08 @AkilIndra @ustadtengkuzul Wkwkwkwk....jadi Jokowi pembohong ya??","1079523377260355584","","","in","","0","0","0","https://x.com/undefined/status/1079523377260355584","907958732251738114",
"1079225428420714497","Sun Dec 30 23:43:01 +0000 2018","0","@irene_juniva @Gerindra Sudah waktunya masing2 capres tunjukkan keislaman anda...karena negara yg bakal anda pimpin penduduk muslimnya terbesar di dunia..","1079523281953157120","","","in","","0","0","0","https://x.com/undefined/status/1079523281953157120","911470069128953856",
"1079523256766365697","Sun Dec 30 23:42:55 +0000 2018","0","2014 Allan Nairn bilang Prabowo akan bertanding dlm pemilu dgn cara kekerasan dan cara licik di kotak suara. Itu pun hanya kebohongan.","1079523256766365697","","","in","","0","0","0","https://x.com/undefined/status/1079523256766365697","904986647204306944",
"1079523254748864512","Sun Dec 30 23:42:55 +0000 2018","0","Dapat salam dari rekan jokowi palembang rekan jokowi ditanah toraja #01JokowiLagi #TanahToraja #Palembang https://t.co/PbVrnk53Rb","1079523254748864512","","","in","","0","0","0","https://x.com/undefined/status/1079523254748864512","1059348880116969472",
"1079523247958286336","Sun Dec 30 23:42:53 +0000 2018","0","Pemilu 2019 mendatang pun harus diselenggarakan berdasarkan UU yang lama ","1079523247958286336","","","in","","0","0","0","https://x.com/undefined/status/1079523247958286336","875215679720259584",
"1079523243483029504","Sun Dec 30 23:42:52 +0000 2018","0","Marsma TNI Hento Budi Sarjono S.E. M.M. (Pati Sahli Kasau Bid. Iptek) Marsma TNI Prabowo S.A.P. (Pa Sahli Tk. II Was Aspas Sahli Bid. Hubint Panglima TNI) #KorpsRaport #KenaikanPangkat #33Pati","1079523243483029504","","","in","","0","0","0","https://x.com/undefined/status/1079523243483029504","953465721861763073",
"1079274413458022401","Sun Dec 30 23:42:43 +0000 2018","0","@MegaSimarmata @fadlizon @prabowo @sandiuno Puas in joget poco Mumpung blm pilpres setelah pilpres udah gak ada lagi karena Prabowo pasti kalah","1079523205604245504","","MegaSimarmata","in","","0","0","0","https://x.com/undefined/status/1079523205604245504","1078753797197815808",
"1079211399677689856","Sun Dec 30 23:42:41 +0000 2018","0","@detikcom Kayak mau masuk TK aja pakai tes baca al qur an segala.. woiii cebong ini mau tes capres isi kepala mrk yg perlu di isi. Ini media dungu juga yg beginian msh di beritakan.. atau tes DNA aja skalian biar tau turunannya siapa..","1079523197974863872","","detikcom","in","","0","0","0","https://x.com/undefined/status/1079523197974863872","84040794",
"1079523197500833792","Sun Dec 30 23:42:41 +0000 2018","0","kuuyy colek dulu orang yang banyak ngelesnya ketika di tantang Ngaji.. @prabowo #PrabowoTolakNgaji https://t.co/c7CtidNr5i","1079523197500833792","https://pbs.twimg.com/media/Dvs8nt6UUAAxPqA.jpg","","in","","0","0","0","https://x.com/undefined/status/1079523197500833792","1070884336507867137",
"1079523183747751936","Sun Dec 30 23:42:38 +0000 2018","0","Partai penyusung @Jokowi #GoJo #01JokowiLagi https://t.co/syOpSONvOx","1079523183747751936","","","in","","0","0","0","https://x.com/undefined/status/1079523183747751936","1059348880116969472",
"1079523180056739840","Sun Dec 30 23:42:37 +0000 2018","0","Terima Kasih Jokowi 2018 Menjadi Indah Karenamu #SalamSatuJempol #01IndonesiaMaju #01JokowiLagi https://t.co/8hYxIoC1B6","1079523180056739840","","","in","","0","0","0","https://x.com/undefined/status/1079523180056739840","401904949",
"1079271098653409280","Sun Dec 30 23:42:35 +0000 2018","0","@jokowi Jkw2p","1079523170502070273","","jokowi","in","","0","0","0","https://x.com/undefined/status/1079523170502070273","1079254213249576960",
"1079231614939365377","Sun Dec 30 23:42:32 +0000 2018","0","@jokowi Luar biasa presiden kita joko Widodo bergerak terus pantang menyerah walau diujung negeri ","1079523161333350401","","jokowi","in","","0","0","0","https://x.com/undefined/status/1079523161333350401","1032489418576162817",
"1079523125165842432","Sun Dec 30 23:42:24 +0000 2018","0","Parah-parah kali lah itu yang fitnah pakde @Jokowi #01JokowiLagi #AntiHOAX https://t.co/IKNIhJ2ROj","1079523125165842432","","","in","","0","0","0","https://x.com/undefined/status/1079523125165842432","1059348880116969472",
"1078987206658732032","Sun Dec 30 23:42:23 +0000 2018","0","@tiaratiarajos @sandiuno @prabowo @erickthohir @MahesaTiwi @Fsilolongan @Lidabasah @mohmahfudmd Biar mbak nya ga sesumbar yg ga jelas dibaca ya Bang Sandi itu pengusaha pasti paham cebong aj yg pada gagal paham https://t.co/AyddCgVwkj","1079523120560562176","","tiaratiarajos","in","","0","0","0","https://x.com/undefined/status/1079523120560562176","1016169741151453184",
"1079523050687610880","Sun Dec 30 23:42:06 +0000 2018","82","Lebih masuk akal capres cawapres diberi tes ujian matatika dasar atau skolastik utk mengetahui daya nalar dan kemampuan berpikir logis drpada baca kitab suci yg gk ada manfaatnya sama sekali. Jokowi is going down. Jokowi dengan sukarela memangkas elektabilitasnya sendiri.","1079523050687610880","","","in","","21","90","41","https://x.com/undefined/status/1079523050687610880","542263382",
"1079523020572487680","Sun Dec 30 23:41:59 +0000 2018","0","Pastinya ditangan pakde @Jokowi semua membaik #01JokowiLagi #01IndonesiaMaju https://t.co/sfm57oLruK","1079523020572487680","","","in","","0","0","0","https://x.com/undefined/status/1079523020572487680","1059348880116969472",
"1079344473182818304","Sun Dec 30 23:41:52 +0000 2018","0","@detikcom Jujur aja lah Prabowo itu mana bisa dia ngaji wong sunat aja belom.... Botak taik asu lho!!!!","1079522993481469952","","detikcom","in","","0","0","0","https://x.com/undefined/status/1079522993481469952","1073866895386791936",
"1079522989731762176","Sun Dec 30 23:41:51 +0000 2018","6","Selamat Tahun Baru 2019 Indonesia semoga kelak bisa lebih Baik lagi... @jokowi @susipudjiastuti @iwanfals @blogdokter @BaleBengong @kurawa @commaditya @akuluka @weedeeblue @3835_manik @Casmudi_1juni @Blood4LifeID @wirautama @anton_retro @PNS_Ababil https://t.co/Sxh9pSMCoQ","1079522989731762176","https://pbs.twimg.com/media/Dvs8VNzU8AAxPpk.jpg","","in","","3","2","2","https://x.com/undefined/status/1079522989731762176","63144141",
"1079450755893882880","Sun Dec 30 23:41:51 +0000 2018","0","@Bravo_19PPAS @jokowi @prabowo @sandiuno hahahha mereka lagi menghibur diri sebelum nangis di tahun 2019 pendukung jokowi sudah terlampau banyak sabang merauke hahahahaha","1079522988658028544","","alhusain77","in","","0","0","0","https://x.com/undefined/status/1079522988658028544","1024262599",
"1079271345312096256","Sun Dec 30 23:41:50 +0000 2018","0","@Fahrihamzah @idithea @prabowo @jokowi jual MOTOR","1079522982119133185","","Fahrihamzah","in","","0","0","0","https://x.com/undefined/status/1079522982119133185","811124273762795520",
"1079522977677488129","Sun Dec 30 23:41:49 +0000 2018","0","Politik Meja Makan ala Jokowi dan Prabowo Subianto https://t.co/cmTmH3N6PP","1079522977677488129","","","in","","0","0","0","https://x.com/undefined/status/1079522977677488129","846715204637376513",
"1079515724580741120","Sun Dec 30 23:41:44 +0000 2018","0","@AkunTofa Lebih heran lagi kalau capres yg didukung ulama ternyata gak bisa ngaji ","1079522960296239104","","AkunTofa","in","","0","0","0","https://x.com/undefined/status/1079522960296239104","149081182",
"1079522953002434562","Sun Dec 30 23:41:43 +0000 2018","0","Seberapa Kuat Pengaruh SBY di Jawa Menangkan Prabowo-Sandi? https://t.co/ruMztRtuDa","1079522953002434562","","","in","","0","0","0","https://x.com/undefined/status/1079522953002434562","846715204637376513",
"1079522917418000384","Sun Dec 30 23:41:34 +0000 2018","0","video KH. Ma'ruf Amin telah diedit oleh oknum yang tidak bertanggung jawab #disinformasi #hoax #jokowi #marufamin #prabowo #prabowosandi #natal #sinterklas #sinterklaas https://t.co/v9CoRjF1aR","1079522917418000384","","","in","","0","0","0","https://x.com/undefined/status/1079522917418000384","1069401364067868673",
"1079267590063575040","Sun Dec 30 23:41:33 +0000 2018","0","@ZikriBorneo @Fahrihamzah @YPnov @prabowo @jokowi Msih mau ngeles lagi bos ku... https://t.co/nibwqG8Qw3","1079522911566802944","https://pbs.twimg.com/media/Dvs8XC-UwAAtXYW.jpg","ZikriBorneo","in","","0","0","0","https://x.com/undefined/status/1079522911566802944","1004330186798592000",
"1079362135606452225","Sun Dec 30 23:41:27 +0000 2018","0","@fadlizon @prabowo @sandiuno @Gerindra Woiiiiii banguuinnn....jangan mimpi terussss...kerja kerja kerja","1079522886891667458","","fadlizon","in","","0","0","0","https://x.com/undefined/status/1079522886891667458","1048033812670701568",
"1079522878356316160","Sun Dec 30 23:41:25 +0000 2018","0","Kalo memang benar anda ucapkan itu dari hati Saya akan mendukung prabowo 2 periode !! https://t.co/iNBQ2qgFae","1079522878356316160","","","in","","0","0","0","https://x.com/undefined/status/1079522878356316160","910583269",
"1078877577438265344","Sun Dec 30 23:41:21 +0000 2018","0","@al_dpp @imranbachmid @sandiuno @prabowo @fadlizon @RahayuSaraswati Kewajiban aspek secara menyeluruh. Wudhu sbg syarat sahnya sholat. Ayo kita tonton dulu videonya","1079522860886937600","","albalad_dpp","in","","0","0","0","https://x.com/undefined/status/1079522860886937600","1011916008301326336",
"1079384308765184001","Sun Dec 30 23:41:14 +0000 2018","0","@PartaiSocmed Sy Katolik...sy setuju P Jokowi terima undangan baca Al Qur an jk itu bs meredam fitnah. Namun sy akan menentang jk hal itu dijadikan prasyarat utk capres/cawapres dimasa mendatang *Melawan gerombolan bodoh bebal &amp; jahat tdk selalu hrs dg data...perlu senjata pamungkas","1079522831656873984","","PartaiSocmed","in","","0","0","0","https://x.com/undefined/status/1079522831656873984","208278998",
"1078987206658732032","Sun Dec 30 23:41:02 +0000 2018","0","@tiaratiarajos @sandiuno @prabowo @erickthohir @MahesaTiwi @Fsilolongan @Lidabasah @mohmahfudmd https://t.co/AyddCgVwkj","1079522782822555653","","tiaratiarajos","qme","","0","0","0","https://x.com/undefined/status/1079522782822555653","1016169741151453184",
"1079522772320161792","Sun Dec 30 23:41:00 +0000 2018","0","jelas kan bedanya? #disinformasi #hoax #jokowi #marufamin #prabowo #prabowosandi #natal #sinterklas #sinterklaas https://t.co/yYTHx39BCj","1079522772320161792","","","in","","0","0","0","https://x.com/undefined/status/1079522772320161792","1069401364067868673",
"1079372903626362885","Sun Dec 30 23:40:58 +0000 2018","0","@francmohede Narasi yg melenceng jauuuuuhhhhh dari sustansi. Karena panik tak ada lagi yg dpt dijadikan bahan kampanye. Capres n cawapres sontoloyo.","1079522763952381952","","francmohede","in","","0","0","0","https://x.com/undefined/status/1079522763952381952","487229962",
"1079395139200532480","Sun Dec 30 23:40:56 +0000 2018","0","@Iqnurann Hearing cakahim ajaa. Debat capres pasti ada videonya di youtubeee","1079522756633321472","","iqwerty14","in","","0","0","0","https://x.com/undefined/status/1079522756633321472","295614581",
"1079355715062398976","Sun Dec 30 23:40:54 +0000 2018","1","@RadPlague @Sarah_Pndj @Munafikunn @EL_Atheos @ariel_heryanto @Kars104 @Gun4w4nAhokers @YogaAdrianyoga6 @Pand4va @andesh_ Anda golput sebenernya tak perlu ribet ngurusi capres","1079522747653357568","","apatheianism","in","","0","2","0","https://x.com/undefined/status/1079522747653357568","2812153340",
"1079217299465285633","Sun Dec 30 23:40:53 +0000 2018","1","@RestyCayah Ternyata lawan Prabowo itu anjing toh... Baru tau saya","1079522745895907328","","RestyCayah","in","","0","0","0","https://x.com/undefined/status/1079522745895907328","2958322446",
"1079224767431888896","Sun Dec 30 23:40:52 +0000 2018","0","@B12_7HON @Kaisar_Dusun @AkunTofa @jokowi Maksud anda apa ormas intoleran???!","1079522740116180993","","freedom4life007","in","","0","0","0","https://x.com/undefined/status/1079522740116180993","293427823",
"1079522737234690048","Sun Dec 30 23:40:51 +0000 2018","0","Klo mereka masih keukeuh. Pastinya tetap mengalirkan artikel Allan Nairn soal tuduhan kpd prabowo yg dibilangnya fasis.","1079522737234690048","","","in","","0","0","0","https://x.com/undefined/status/1079522737234690048","904986647204306944",
"1079515386582712320","Sun Dec 30 23:40:50 +0000 2018","0","@tmllff Orang yang bernama nazirwan rohmadi. Gtu aja gk paham lu kya buzzer capres","1079522733627559941","","hansipbudek","in","","0","1","0","https://x.com/undefined/status/1079522733627559941","243010699",
"1079522731798913024","Sun Dec 30 23:40:50 +0000 2018","1","Sekedar mengingatkann nih yaaaaah Hati-hati Sering Terjadi di Kota-kota besar nih. Apalagi menjelang Pemilu kaya sekarang ini. #PrabowoTolakNgaji https://t.co/AmUQlcVtkl","1079522731798913024","https://pbs.twimg.com/media/Dvs8FlTVAAAEDzn.jpg","","in","","0","0","0","https://x.com/undefined/status/1079522731798913024","1071123099960004608",
"1079267590063575040","Sun Dec 30 23:40:42 +0000 2018","5","@Fahrihamzah @MMandailing @prabowo @jokowi hahaha....dari awal lo ditantang prestasi kerja bukan isu Agama tapi lo ngeyel bawa2 politik identitas hingga numpang reuni 11 juta.. ehhh di ladeni di isue agama lo menghindar... manusia manusia tanpa jati diri..manusia2 tanpa identitas...","1079522696612868097","","Fahrihamzah","in","","0","0","1","https://x.com/undefined/status/1079522696612868097","723969192",
"1079415477443665920","Sun Dec 30 23:40:38 +0000 2018","3","@emarlasmono @anonchristi @dulatips Meditasi tampaknya harus dilombakan antar Capres dan Cawapres yang ikut #Pemilu2019.","1079522681509289984","","emarlasmono","in","","0","0","0","https://x.com/undefined/status/1079522681509289984","906906799244226560",
"1079522670650114048","Sun Dec 30 23:40:35 +0000 2018","0","Betul gak sih guys??? Orang yang dasar agamanya kuat saja masih bisa bergoyah apalagi orang yang tidak kuat dasar agamanya. Apalagi ini capres guys bukan orang biasa hadeh... #PrabowoTolakNgaji","1079522670650114048","","","in","","0","0","0","https://x.com/undefined/status/1079522670650114048","1071071389119959040",
"1079522657610096642","Sun Dec 30 23:40:32 +0000 2018","0","Biar fair gini aja semua capres cawapres wajib ikut tes baca tulis Al-Qur'an. Siapa yang salah satu huruf pun dalam penulisan maupun makhorijul berarti gagal jadi capres cawapres. Piye?","1079522657610096642","","","in","","0","0","0","https://x.com/undefined/status/1079522657610096642","2824027105",
"1079362135606452225","Sun Dec 30 23:40:28 +0000 2018","0","@fadlizon @adrierm @prabowo @sandiuno @Gerindra Aamiin #TahunBaruPresidenBaru #2019GantiPresiden #2019PrabowoSandi","1079522640212111360","","fadlizon","fi","","0","0","0","https://x.com/undefined/status/1079522640212111360","1733398086",
"1079522637561290752","Sun Dec 30 23:40:28 +0000 2018","1","2018 tinggal hari ini saja. masa iya mau diisi dengan sebar hoax sebar fitnah nyinyir ribut soal capres. ga capek apa ?.","1079522637561290752","","","in","","0","0","0","https://x.com/undefined/status/1079522637561290752","3365258830",
"1079522621547560960","Sun Dec 30 23:40:24 +0000 2018","0","#BeritaIslam: Muslimat NU Jatim Gelar Doa Untuk Jokowi Yang Jadi Insha Allah Prabowo-Sandi https://t.co/OsYTvx10bT","1079522621547560960","","","in","","0","0","0","https://x.com/undefined/status/1079522621547560960","997968620",
"1079447784896421888","Sun Dec 30 23:40:18 +0000 2018","0","@saididu Mantap foto gaya pak @jokowi ini sy masih menunggu mobil nasional pak.","1079522597983776768","","saididu","in","","0","0","0","https://x.com/undefined/status/1079522597983776768","770495803605520384",
"1078877577438265344","Sun Dec 30 23:40:16 +0000 2018","0","@al_dpp @imranbachmid @sandiuno @prabowo @fadlizon @RahayuSaraswati Ayo dilihat dulu video sandi lagi wudhu","1079522588982820865","","albalad_dpp","in","","1","2","0","https://x.com/undefined/status/1079522588982820865","1011916008301326336",
"1079522575749767169","Sun Dec 30 23:40:13 +0000 2018","0","Kediri dan santri Deklarasi dukungan untuk @jokowi - Ma'ruf Amin #JokowiLagi #01IndonesiaMaju https://t.co/GOaCd9IRQJ","1079522575749767169","","","in","","0","0","0","https://x.com/undefined/status/1079522575749767169","875199938661142528",
"1078953592961196032","Sun Dec 30 23:40:11 +0000 2018","0","@Gerindra &gt;pergi kepasar beli tali&lt; &gt;tali mengikat kuat&lt; ▶untuk apa pilih jokowi◀ ▶bikit rakyat melarat◀","1079522566539104256","","Gerindra","in","","0","0","0","https://x.com/undefined/status/1079522566539104256","1077711290829758464",
"1079522541004218368","Sun Dec 30 23:40:04 +0000 2018","0","Politik Meja Makan ala Jokowi dan Prabowo Subianto https://t.co/z0mvfG70yZ","1079522541004218368","","","in","","0","0","1","https://x.com/undefined/status/1079522541004218368","456426648",
"1079522539569737728","Sun Dec 30 23:40:04 +0000 2018","1","Seberapa Kuat Pengaruh SBY di Jawa Menangkan Prabowo-Sandi? https://t.co/odzr7S3AKY","1079522539569737728","","","in","","2","1","1","https://x.com/undefined/status/1079522539569737728","456426648",
"1079522526491947008","Sun Dec 30 23:40:01 +0000 2018","2","Prestasi menteri era Jokowi selalu bikin jempol #01JokowiLagi https://t.co/a1SwYHi4br","1079522526491947008","","","in","","0","0","1","https://x.com/undefined/status/1079522526491947008","974269455705362433",
"1079275004087349250","Sun Dec 30 23:39:58 +0000 2018","0","@ustadtengkuzul Intinya cebong itu intolleran dan anti kebhinekaan sedangkan prabowo sudah membuktikan apa itu toleransi dan kebhinekaan","1079522513405632517","","ustadtengkuzul","in","","0","0","0","https://x.com/undefined/status/1079522513405632517","447472272",
"1079239132109451265","Sun Dec 30 23:39:51 +0000 2018","0","@TeddyGusnaidi Dulu Prabowo ketika berpasangan dg Megawati koq gak ada cerita culik dan bunuh https://t.co/OylHlmXHTV","1079522483433234432","https://pbs.twimg.com/media/Dvs74kGUcAAAQyD.jpg","TeddyGusnaidi","in","","0","0","0","https://x.com/undefined/status/1079522483433234432","2331441397",
"1079231614939365377","Sun Dec 30 23:39:36 +0000 2018","0","@jokowi Inikah TOLERANSI yang diajarkan oleh Allah pak Presidenku yang terhormat?! silahkan buka QS. 109 : 6 jangan buka Alfatekah karena Alfatekah dalam bahasa Arab artinya PENCURIAN https://t.co/HcbUy3gbk9","1079522421500043264","https://pbs.twimg.com/media/Dvs762mU8AE1_O3.jpg","jokowi","in","","0","0","0","https://x.com/undefined/status/1079522421500043264","1360956932",
"1078987206658732032","Sun Dec 30 23:39:34 +0000 2018","0","@narkosun @sandiuno @prabowo https://t.co/AyddCgVwkj","1079522414722146305","","narkosun","qme","","0","0","0","https://x.com/undefined/status/1079522414722146305","1016169741151453184",
"1079380244312711169","Sun Dec 30 23:39:31 +0000 2018","1","@eLfathir_ @prabowo @Gerindra Knp sii dia ngga turun dr mobil ? ..takut kecopetan apa ya ?","1079522399689687040","","AnakKolong_","in","","0","0","0","https://x.com/undefined/status/1079522399689687040","293974942",
"1079508391335063552","Sun Dec 30 23:39:28 +0000 2018","10","@TheArieAir Bagi mereka pemilu adalah panen raya kang. kucingpun mereka dukung jikalau kaya harta (duit) pakai sorban tunduk dg duit amit2 ....asudalah","1079522386603433985","","TheArieAir","in","","0","3","1","https://x.com/undefined/status/1079522386603433985","1074701476218339329",
"1079522375241265152","Sun Dec 30 23:39:25 +0000 2018","1","Pidato Akhir Tahun Prabowo Kembali Ingatkan Kekayaan Negara Bocor Saya katakan Kita hilang tiap tahun Rp 1.000 triliun. Dulu diejek saya inget? Debat yang dulu waktu saya bicara kebocoran #2019GantiPresiden #TahunBaruPresidenBaru #2019PrabowoSandi","1079522375241265152","","","in","","0","0","0","https://x.com/undefined/status/1079522375241265152","988565620231942144",
"1079369859635458048","Sun Dec 30 23:39:25 +0000 2018","0","@YAssashin @DianaLovaa @Takviri Nelum move on ya bang? Sekarang bilang gitu besok giliran tau Prabowo bisa baca quran nyahok lo","1079522373643059201","","YAssashin","in","","0","1","0","https://x.com/undefined/status/1079522373643059201","799203544972677120",
"1079522368240807937","Sun Dec 30 23:39:23 +0000 2018","1","manfaat dana desa selama pemerintahan Jokowi hemm top markotop #mulaidaridesa #JokowiMembangunIndonesia #kemendesa @jokowi https://t.co/Sa7N6av49b","1079522368240807937","https://pbs.twimg.com/ext_tw_video_thumb/1078621396605886468/pu/img/eXE2VrU11lCfiQpf.jpg","","in","","0","0","1","https://x.com/undefined/status/1079522368240807937","958914909223378945",
"1079522289002065920","Sun Dec 30 23:39:04 +0000 2018","0","sama seperti kegiatan beliau bagi-bagi sepeda kegiatan ini jauh dari waktu kampanye tepatnya di tahun 2015.. #disinformasi #hoax #jokowi #prabowo #prabowosandi #ngawi #kampanye #moneypolitic https://t.co/ROcDLkJJic","1079522289002065920","","","in","","0","0","0","https://x.com/undefined/status/1079522289002065920","1069401364067868673",
"1079522268525486080","Sun Dec 30 23:39:00 +0000 2018","1","Makanyaaa pak prabowo Dari awal Jangan Politisasi agama Saya yakin Tes baca al-Qur'an ini Tidak untuk menunjukan siapa yang hebat mengajinya tapi coba pak prabwo terima tantangan ini setidaknya untuk meredam dan membuktikan isu polemik agama ini #PrabowoTolakNgaji https://t.co/ECLQrZBhOK","1079522268525486080","https://pbs.twimg.com/media/Dvs62W5VAAMYGrF.jpg","","in","","0","0","0","https://x.com/undefined/status/1079522268525486080","1071123099960004608",
"1079284322098569218","Sun Dec 30 23:38:59 +0000 2018","2","@Obu91170744 @bazari91 @fahrudinmy 1. Ga ada yg maksa jd imam rata2 jokowi dipersilahkan jd imam oleh para makmum krna dia pemimpin. Wajar seorg pemimpin dipersilahakn pimpin solat. Di afganistan jg pernah dia jd imam dan tdk ada persoalan. Itu bentuk penghormatan dan jokowi legowo terima itu.","1079522266063335424","","Obusaja","in","","0","1","0","https://x.com/undefined/status/1079522266063335424","1939841192",
"1079522249328095232","Sun Dec 30 23:38:55 +0000 2018","0","Kenapa bapak @prabowo beralasan sibuk ketika diundang untuk tes baca Qur'an? padahal Pak Jokowi yang jelas kesibukanya sebagai presiden saja siap ko pak. #PrabowoTolakNgaji","1079522249328095232","","","in","","0","0","0","https://x.com/undefined/status/1079522249328095232","1071071389119959040",
"1079231614939365377","Sun Dec 30 23:38:54 +0000 2018","0","@jokowi Tuhan menyertai pak Jokowi sekeluarga dan bangsa Indonesia","1079522244068466688","","jokowi","in","","0","0","0","https://x.com/undefined/status/1079522244068466688","947780447240560640",
"1079231614939365377","Sun Dec 30 23:38:50 +0000 2018","0","@jokowi Bapak sya ingin bertemu bapk dong pak ","1079522228029419520","","jokowi","in","","0","0","0","https://x.com/undefined/status/1079522228029419520","1079512704702771200",
"1079422142142398464","Sun Dec 30 23:38:46 +0000 2018","1","@liputan6dotcom Sandiaga uno ajak Jokowi main Basket di solo Terus yg nyaut Bukannya jokowi tpi ORANG LAIN YG KURANG PENTING terus bahasa nya kayak orang ngk sekolah ANEH KAN ? itulah Netizen","1079522210522357760","","liputan6dotcom","in","","0","0","0","https://x.com/undefined/status/1079522210522357760","2714662532",
"1079231614939365377","Sun Dec 30 23:38:38 +0000 2018","2","@jokowi @GustiUmbuRasa Salam hormat pak presiden semoga Indonesia damai adil dan makmur. Pak Jokowi adalah pilihan saya tahun 2014 namun karena saya salah pilih waktu itu maka tahun 2019 saya ajak pak Jokowi utk memilih pak PrabowoSandi saja. Mari pak kita #2019GantiPresiden","1079522178029150208","","jokowi","in","","0","0","0","https://x.com/undefined/status/1079522178029150208","1050266155988860929",
"1079275176448020481","Sun Dec 30 23:38:37 +0000 2018","0","@Bg_0ne Dulu pak @jokowi makan dilantai lho sama pak @Pak_JK.","1079522173998505984","","Bg_0ne","in","","0","0","0","https://x.com/undefined/status/1079522173998505984","770495803605520384",
"1079239132109451265","Sun Dec 30 23:38:35 +0000 2018","0","@om_ogut @SudahToh @TeddyGusnaidi Huahaha jangan emosian boss ntar kena stroke loh yang bahas soekarno itu siapa????emang tahun 2019 soekarno jadi capres ya???hadehhhh","1079522165509128192","","om_ogut","in","","0","1","0","https://x.com/undefined/status/1079522165509128192","913768128961691648",
"1079522152024399872","Sun Dec 30 23:38:32 +0000 2018","0","Sinyal apakah ini? #SiapKalahSiapMenang #PakPrabowoDepan Imam Negara asalkan #PakJokowiBelakang Makmumnya kalau tentang IMAM shalat antar keduanya boleh Pak Jokowi yah!! https://t.co/LKV0UqwWZq","1079522152024399872","","","in","","0","0","0","https://x.com/undefined/status/1079522152024399872","588966734",
"1079512513408978944","Sun Dec 30 23:38:27 +0000 2018","0","@andrie_bob @marierteman Pak Jokowi membuka jalan bagi penerapan syariat Islam di Indonesia","1079522131174600704","","Bobby_zipp","in","","0","1","0","https://x.com/undefined/status/1079522131174600704","902523003862368256",
"1079518010522578944","Sun Dec 30 23:38:23 +0000 2018","0","@Renaldi9210 @CNNIndonesia Ini krn prabowo sandi sekolah di luar negeri shg sangat lancar. Sayanyanya debat paoai bhs inggris ditiadakan","1079522114846085120","","","in","","0","0","0","https://x.com/undefined/status/1079522114846085120","3301847742",
"1079518168412897281","Sun Dec 30 23:38:21 +0000 2018","2","@yusuf_dumdum @humaira979 @jokowi @prabowo Pak @aniesbaswedan keren. Ini benar2 pribadi Anies sesungguhnya humble cerdas. Tp duluuuu...","1079522107195682816","","yusuf_dumdum","in","","0","2","1","https://x.com/undefined/status/1079522107195682816","729529205621317632",
"1079522028015755269","Sun Dec 30 23:38:02 +0000 2018","0","Jokowi/Mega Wati?","1079522028015755269","","","in","","0","0","0","https://x.com/undefined/status/1079522028015755269","805219006533672960",
"1078690250543706113","Sun Dec 30 23:38:00 +0000 2018","0","@rockygerung @saididu @jokowi","1079522016992972801","","rockygerung","qam","","0","0","0","https://x.com/undefined/status/1079522016992972801","588269141",
"1079269280993038336","Sun Dec 30 23:37:59 +0000 2018","0","@Fahrihamzah @prabowo Wkwkwk alasan saya tdk mendkug parbowo justru krna latar belakang militerny ","1079522015478931456","","Fahrihamzah","in","","0","0","0","https://x.com/undefined/status/1079522015478931456","327683480",
"1079521954594504706","Sun Dec 30 23:37:45 +0000 2018","0","jadi bukan saat kampanye ya.. tapi itu kejadian tahun 2015.. #disinformasi #hoax #jokowi #prabowo #prabowosandi #ngawi #kampanye #moneypolitic https://t.co/xqhoGeD3dX","1079521954594504706","","","in","","0","0","0","https://x.com/undefined/status/1079521954594504706","1069401364067868673",
"1079521940233015296","Sun Dec 30 23:37:41 +0000 2018","0","Lah kok aku ngekek yak bacanya? Persoalan Al-Quran di samakan dengan lomba 17-an sudah tidak waras ini orang. Jangan karna membela capres hasil ijtima ulama kitab suci kau samakan dengan perlombaan. #PrabowoTolakNgaji https://t.co/TJr5bPWNh9","1079521940233015296","https://pbs.twimg.com/media/Dvs7elmUYAA9zAb.jpg","","in","","0","0","0","https://x.com/undefined/status/1079521940233015296","1070884336507867137",
"1079231614939365377","Sun Dec 30 23:37:39 +0000 2018","0","@jokowi Tuhan memberkati kita","1079521928992284672","","jokowi","in","","0","0","0","https://x.com/undefined/status/1079521928992284672","947780447240560640",
"1079521872121712640","Sun Dec 30 23:37:25 +0000 2018","3","Yeee Seneng pak @jokowi Lebaran Tahun Depan bisa mudik menggunakan Tol Trans Jawa : Lancar dan Murah #JokowiPresidenku #JokowiOrangBaik #JokowiKerjaNyataForRakyat #ayoteruskerja #rekanjokowi #rekanjokowilampung #indonesiakuat @RamliRizal @fadjroeL @budimandjatmiko @BiLLRaY_ https://t.co/Rz9uKVafAR","1079521872121712640","https://pbs.twimg.com/media/Dvs7aBtVsAA-gc3.jpg","","in","","0","0","1","https://x.com/undefined/status/1079521872121712640","1049219879151104000",
"1076098387097706496","Sun Dec 30 23:37:18 +0000 2018","0","@jokowi Freeport masuk..tp kecolongan di seleksi CPNS 2018...segera carikan obat untuk swin voters yg lari ke sebelah","1079521843713699840","","jokowi","in","","0","0","0","https://x.com/undefined/status/1079521843713699840","1066029757161103360",
"1078917034757353473","Sun Dec 30 23:37:11 +0000 2018","1","@Rhiner97 @RosyDPS @KatanyaAGASTYA @PEPESOfficial @Ferdinand_Haean @prabowo @sandiuno @nurasiauno @swulll @Ajeng__Cute16 @b_fjakarta @partaiemakemak @AsFairus @Dahnilanzar @fadlizon @Fahrihamzah @giftazein @niesaza @RaraKhumaira2 @harysantana @w_runturambi Dosa yang paling besar adalah pemimpin yang sering boong mas mau tak mau terima aja kalau memang junjungan anda seorang pemboong.. ","1079521815246958592","","Rhiner97","in","","0","1","0","https://x.com/undefined/status/1079521815246958592","1078821001427771392",
"1079363799570731009","Sun Dec 30 23:37:09 +0000 2018","0","@Ferdinand_Haean @jokowi Abaikan saja bung @Ferdinand_Haean karena itu menunjukan bahwa dia miskin nalar dan miskin IQ","1079521804706672640","","Ferdinand_Haean","in","","0","0","0","https://x.com/undefined/status/1079521804706672640","379228154",
"1079267590063575040","Sun Dec 30 23:37:07 +0000 2018","0","@Fahrihamzah @prabowo @jokowi Ya om terlalu jelas jadi jomblo ya? #HulaiPakeSayurKol #TakutNgaji #TakutJadiImam #MentalTempe","1079521796095799296","","Fahrihamzah","in","","0","0","0","https://x.com/undefined/status/1079521796095799296","1059934782530904064",
"1079521770749648896","Sun Dec 30 23:37:01 +0000 2018","1","Jokowi Banggakan Tol Trans Jawa Sebagian Jalan Justru Dibangun Sandiaga Uno Ini Faktanya https://t.co/gbm2HxiC5Y","1079521770749648896","","","in","","0","0","1","https://x.com/undefined/status/1079521770749648896","1078505136492707840",
"1079521770175029248","Sun Dec 30 23:37:01 +0000 2018","0","Pemerintahan Jokowi memang tidak berniat mengembangkan koperasi/UMKM... #TahunBaruPresidenBaru","1079521770175029248","","","in","","0","0","0","https://x.com/undefined/status/1079521770175029248","759057293597999104",
"1079521669700411393","Sun Dec 30 23:36:37 +0000 2018","3","Lagi-lagi masalah Bahasa menyiksamu pak Jokowi padahal bukanlah sesuatu yang haram jika bapak menggunakan penerjemah jika terkendala dalam hal Bahasa daripada cengengesan begitu. Manusia paling buruk adalah manusia bodoh tapi merasa pintar Kl bodoh tp sadar enak diajarinnya. https://t.co/dav2s6YHa2","1079521669700411393","https://pbs.twimg.com/ext_tw_video_thumb/1079521357455446016/pu/img/CennpbfbG9oPWvp9.jpg","","in","","0","0","1","https://x.com/undefined/status/1079521669700411393","307789422",
"1079521616332152833","Sun Dec 30 23:36:24 +0000 2018","0","(Berita | Bumblebee Bawa Misi Pemilu Damai dan Lawan Hoax) https://t.co/gNe1aUvGf3 #pemilu #pemilu2019","1079521616332152833","","","in","","0","0","0","https://x.com/undefined/status/1079521616332152833","968428811107819521",
"1079428206963306498","Sun Dec 30 23:36:20 +0000 2018","0","@aan_wisg baca nya baik baik jangan gegabah maksud nya mereka itu lawan jokowi kami ini projo wilayah timur yg setia pada jokowi","1079521600985124864","","","in","","0","0","0","https://x.com/undefined/status/1079521600985124864","1024262599",
"1079521598229569536","Sun Dec 30 23:36:20 +0000 2018","0","Guys laki-laki itu dipercaya bukan dari omonganya saja yang besar tapi juga bukti nyatanya. Ayo hadapi kalo memang pak @prabowo bisa mengaji!!! #PrabowoTolakNgaji","1079521598229569536","","","in","","0","0","0","https://x.com/undefined/status/1079521598229569536","1071071389119959040",
"1079286382131011585","Sun Dec 30 23:36:16 +0000 2018","1","@FirmanSurya15 @hanjenif @RizmaWidiono Itu namanya islamnya prabowo garis tidak jelas","1079521583331368960","","FirmanSurya15","in","","0","0","0","https://x.com/undefined/status/1079521583331368960","293974942",
"1079192659879575553","Sun Dec 30 23:36:09 +0000 2018","0","@GunRomli @prabowo @sandiuno @PBIDI @KemenkesRI Upgrade otak kampret memang ada? Kampret gak pernah instalasi update otak sih!! Dokter gigi aja bisa jadi dokter specialist kulit Otak terbalik tidak menjamin Kampret pandai ","1079521555032489984","","GunRomli","in","","0","0","0","https://x.com/undefined/status/1079521555032489984","159025179",
"1076024627703369729","Sun Dec 30 23:35:57 +0000 2018","0","@jokowi Anda kecolongan melalui seleksi CPNS 2018 pak...aturan kelulusan yg aneh dan kurang fair khususnya formasi guru SD. Nampak sepèlè tapi di bawah sangat terasa..swing voters banyak yg lari ke sebelah.. Hanya 1 obatnya..bk lg pngangktn jalur umum yg lebih fair perankingannya","1079521501412352001","","jokowi","in","","0","0","0","https://x.com/undefined/status/1079521501412352001","1066029757161103360",
"1079512486095642624","Sun Dec 30 23:35:56 +0000 2018","0","@ustadtengkuzul @tni_ad @_TNIAU @_TNIAL_ Zul..zul tukang HOAX.coba tunjung hidung zul siapa orangnya ..atau lebih baik capres ente suruh ngaji dulu zul...","1079521498392457216","","ustadtengkuzul","in","","0","2","0","https://x.com/undefined/status/1079521498392457216","1364454308",
"1079353728119975936","Sun Dec 30 23:35:56 +0000 2018","0","@adlizamir @Slam3hands @paduarsana @yusuf_dumdum @jokowi Lagian harus presiden yg melaporkan sebagai warga negara ini masuk ke pencemaran nama baik tp Jokowi ga melaporkan..kasus lain silahkan praperadilan jgn nyalahin yg mau berak elu disalahkan wc tetangga kan geblek","1079521498212102145","","adlizamir","in","","0","2","0","https://x.com/undefined/status/1079521498212102145","203946117",
"1079189163985915905","Sun Dec 30 23:35:55 +0000 2018","0","@ustadtengkuzul @jokowi","1079521494957359104","","ustadtengkuzul","qam","","0","0","0","https://x.com/undefined/status/1079521494957359104","588269141",
"1067288489538908160","Sun Dec 30 23:35:53 +0000 2018","1","@BangPino_ @prabowo Waduh pak tidak ambisi kok sudah nyapres berkali - kali padahal udah uzur lho.","1079521485784440833","","BangPino_","in","","0","1","0","https://x.com/undefined/status/1079521485784440833","1078456498471108608",
"1079470776296759297","Sun Dec 30 23:35:49 +0000 2018","0","@budimandjatmiko @jokowi Yang buat peraturan siapa? Klo pemerintah yang buat silahkan salahkan pemerintah.. Lagian dari kubu sana yang sebelumnya selalu memain kan isu agama dalam setiap kegiatan. Sekarang semua seolah di balik rasanya gimana?","1079521467316854784","","budimandjatmiko","in","","0","0","0","https://x.com/undefined/status/1079521467316854784","569631812",
"1079521464016003072","Sun Dec 30 23:35:48 +0000 2018","0","#PemimpinAdemDamai sudah ada pada sosok @Jokowi","1079521464016003072","","","in","","0","0","0","https://x.com/undefined/status/1079521464016003072","1059348880116969472",
"1079330279225909250","Sun Dec 30 23:35:40 +0000 2018","0","@MasYasiz @tweet_balasan @MuffSuryaman @merdekadotcom @prabowo kmu kok masih bela capres yg ga bisa baca alquran?","1079521430314745856","","MasYasiz","in","","0","1","0","https://x.com/undefined/status/1079521430314745856","710061963175309312",
"1079366535267807238","Sun Dec 30 23:35:40 +0000 2018","0","@nazarsjamsuddin Ya sudah debat antar istri capres aja gantinya #HulaiPakeSayurKol","1079521429882691584","","nazarsjamsuddin","in","","0","0","0","https://x.com/undefined/status/1079521429882691584","1059934782530904064",
"1079231614939365377","Sun Dec 30 23:35:23 +0000 2018","0","@jokowi saling menghargai dan menghormati dalam hidup bermasyarakat dan bernegara","1079521360295079937","","jokowi","in","","0","0","0","https://x.com/undefined/status/1079521360295079937","964691009253752832",
"1079284322098569218","Sun Dec 30 23:35:18 +0000 2018","0","@bazari91 @fahrudinmy Disini org2 tua jg banyak yg bilang alfatihah dgn sbutan alfateka. Sy pikir ini sdh di jelaskan oleh banyak org trmasuk klo ga salah prof Mahfud MD. klo hulaihi nya prabowo kan katanya keseleo yah. Klo warkatuh dan masah wudhu gmana yag ???","1079521338237149184","","","in","","0","0","0","https://x.com/undefined/status/1079521338237149184","1939841192",
"1079521274181763072","Sun Dec 30 23:35:02 +0000 2018","0","JOKOWI Tetap Presidenku ..","1079521274181763072","","","in","","0","0","0","https://x.com/undefined/status/1079521274181763072","794012168396087297",
"1079521232633061376","Sun Dec 30 23:34:53 +0000 2018","0","Pak @prabowo tenang saja tes mengaji ini tidak mengganggu hasil pemilu ko tapi kenapa takut? Akui saja kalo memang tidak bisa. Dan hadapi saja kalo memang bisa. jadi tidak udah alasan pak!! #PrabowoTolakNgaji","1079521232633061376","","","in","","0","0","0","https://x.com/undefined/status/1079521232633061376","1071071389119959040",
"1079303206675480577","Sun Dec 30 23:34:43 +0000 2018","0","@suwardihagani @Dennysiregar7 @jokowi @prabowo @AdeAnnie1 @RanupsProSandi @swulll @fadlizon @eyyadinata @DheaMerlinda @dimasakbarz @haikal_hassan @JonruGintingNew @panca66 Udah liat video sandi lagi wudhu blm","1079521193177182208","","","in","","0","0","0","https://x.com/undefined/status/1079521193177182208","1011916008301326336",
"1079413249064325120","Sun Dec 30 23:34:39 +0000 2018","0","@NiswariSejuk @prabowo @fadlizon @nazarsjamsuddin @AgusYudhoyono @PEPESOfficial @dulatips @RestyCayah @helmifelis Halah mbuh ngomong sama u itu bikin ngantuk.... Ngopi dulu yuk ","1079521176790085632","","","in","","0","0","0","https://x.com/undefined/status/1079521176790085632","2518915579",
"1079304265024233472","Sun Dec 30 23:34:31 +0000 2018","0","@fellowhawk430 @RRabrusun @prabowo @CintaNKRI12 @1ndonesiaku1 @Astuty64 @arlex_wu @Ferdinand_Haean @tv2nkri @hp_arel @Dahnilanzar @AlhamidIchal @MichelaniaAdam @NataliusPigai2 @FaldoMaldini @tehtjemplung @tolakfitnah29 Adik saya dan teman temannya saya suruh nyanyi depacito dan saya kasih dana Rp 10.000 / orang. Mereka menyanyikan lagu sesuai ke inginan saya kok hehe Anak kecil itu baik dan polos ya ternyata.","1079521143168544768","","hawk430","in","","0","0","0","https://x.com/undefined/status/1079521143168544768","828897404875190272",
"1078987206658732032","Sun Dec 30 23:34:26 +0000 2018","0","@SalmaBrecht @sandiuno @prabowo https://t.co/AyddCgVwkj","1079521120288530432","","SalmaBrecht","qme","","0","1","0","https://x.com/undefined/status/1079521120288530432","1016169741151453184",
"1079350218393411586","Sun Dec 30 23:34:08 +0000 2018","1","@RizmaWidiono @AndiArief__ AA sdh kelewat batas kebencianny pd p jokowi suatu saat keburukan akan berbalik pd dia","1079521045374152704","","RizmaWidiono","in","","0","0","0","https://x.com/undefined/status/1079521045374152704","985083952053432320",
"1079521038101241856","Sun Dec 30 23:34:06 +0000 2018","0","Rakyat Kecewa Lagi!! Pria Keturunan Cina Jadi Marsekal TNI AU Penghuni Medsos Caci Maki Jokowi https://t.co/vlvpK4eTZo","1079521038101241856","","","in","","0","0","0","https://x.com/undefined/status/1079521038101241856","3145965854",
"1079395387222491136","Sun Dec 30 23:33:58 +0000 2018","0","@lambegini @liputan6dotcom @KPU_ID @prabowo @jokowi jυjυr ya ѕaya ĸυrang percaya ĸlaυ praвowo вιѕa ngajι dan ѕya penaѕaran gιтυ. apalagi ιnι нnya вaca ĸlaυ haғalan вarυ susah","1079521003904987136","","jerukperasgl","cs","","0","0","0","https://x.com/undefined/status/1079521003904987136","3191686012",
"1079521001442922496","Sun Dec 30 23:33:57 +0000 2018","0","Guys agama itu sebagai pondasi dasar manusia sebagai tuntunan hidup manusia kalo membaca Qur'an saja tidak bisa lalu apa tuntunan hidupmu pak @prabowo ? #PrabowoTolakNgaji","1079521001442922496","","","in","","0","0","0","https://x.com/undefined/status/1079521001442922496","1071071389119959040",
"1079514309418336256","Sun Dec 30 23:33:57 +0000 2018","2","@saiful_mujani 2012 jkw brgnya prabowo... 2014 dijual pdip... :)","1079520999043780609","","saiful_mujani","in","","0","0","0","https://x.com/undefined/status/1079520999043780609","52579845",
"1079271098653409280","Sun Dec 30 23:33:55 +0000 2018","0","@jokowi begini ajalah kampanye yang bagus gak usah ikut-ikutan jualan surga adu baca alquran.","1079520990298701824","","jokowi","in","","0","0","0","https://x.com/undefined/status/1079520990298701824","930863738818662400",
"1079465264725573632","Sun Dec 30 23:33:54 +0000 2018","1","@detikcom Rakyat Aceh pingin tahu capres hasil ijtima' ulama seperti apa karena ini calon pemimpin negara yg mayoritas muslim... ggk main2 ini masalah serius suatu saat diundang negara lain trus didaulat jadi imam shalat maghrib/ isya' gimana? malu kan kalau ggk bisa baca Qur'an...","1079520988956483584","","detikcom","in","","0","1","0","https://x.com/undefined/status/1079520988956483584","993006108368252928",
"1078987206658732032","Sun Dec 30 23:33:53 +0000 2018","0","@sandiuno @prabowo https://t.co/AyddCgVwkj","1079520982551805952","","sandiuno","qme","","0","0","0","https://x.com/undefined/status/1079520982551805952","1016169741151453184",
"1079346234702196736","Sun Dec 30 23:33:47 +0000 2018","0","@aksarageni @King54fir Rakyat milih capres cawapres yg terbaek saya pikir klo KPU mensyaratkan sprt itu yah sah2 aja bro. Kita ga perlu klojotan. Tp tentunya syarat yg diajukan hrs adil juga buat kedua belah capres donk. Mao ngaji tes DNA mo olah raga....monggo silahkan...yg terbaek buat RI....","1079520959134986242","","aksarageni","in","","0","2","0","https://x.com/undefined/status/1079520959134986242","977933393387126784",
"1079174055029141505","Sun Dec 30 23:33:40 +0000 2018","0","@wahyu2716_ @humaira979 @jokowi @Chilli_Pari @kaesangp Sblm bnyk peremp mengenakan jilbab klg p Jokowi sdh berkerudung. Yg biru itu bu Iriana (?). Gini ada yg nuduh PKI tdk islami disuruh tes DNA ga jelas asal usul ..dst.","1079520926637613057","","un_abcxyz","in","","0","0","0","https://x.com/undefined/status/1079520926637613057","729529205621317632",
"1079333159668305920","Sun Dec 30 23:33:31 +0000 2018","10","@sandiuno Sebelumnya saya ucapkan terima kasih pak @sandiuno telah datang ke Sragen saya juga asli warga sragen Tapi maaf saya tetap 01 @jokowi Menurut saya kata kata anda kurang realistis mengingat capres anda selalu pesimis.. Salam damai dari pendukung 01 ","1079520891531231232","","sandiuno","in","","0","0","1","https://x.com/undefined/status/1079520891531231232","713926931805155329",
"1079427649569583104","Sun Dec 30 23:33:29 +0000 2018","0","@budimandjatmiko Jangan pilih capres pembohong yg bohong mobil nasional lah bohong tdk utang LN lah bohong stop import pangan lah bohong 10jt lapangan kerja lah bohong drone untuk perbatasan lah bohong tidak bagi bagi jabatan lah.... paham kamu itu bud?","1079520883864002560","","budimandjatmiko","in","","0","0","0","https://x.com/undefined/status/1079520883864002560","896186025260662784",
"1079322757299560448","Sun Dec 30 23:33:27 +0000 2018","0","@MasNyomok @makmamak @prabowo @sandiuno @Dahnilanzar @putrabanten80 @ronavioleta @LisaAmartaTara @tehtjemplung @AkunTofa Ayo dilihat dulu video sandi lagi wudhu","1079520874171006976","","MasNyomok","in","","0","1","0","https://x.com/undefined/status/1079520874171006976","1011916008301326336",
"1079520867162370048","Sun Dec 30 23:33:25 +0000 2018","0","Gak perlu pusing pak @prabowo kerjakan saja dan segera cari guru untuk belajar mengaji. #PrabowoTolakNgaji https://t.co/H8UaVLuDZr","1079520867162370048","https://pbs.twimg.com/media/Dvs6crXU0AEEarB.jpg","","in","","0","0","0","https://x.com/undefined/status/1079520867162370048","1070884336507867137",
"1079520849432997888","Sun Dec 30 23:33:21 +0000 2018","1","Coba @AndiArief__ suruh buka mata nya SBY. Dulu yg ikut memecat prabowo dan tanda tangan itu SBY ikut gak??","1079520849432997888","","","in","","0","0","0","https://x.com/undefined/status/1079520849432997888","2423043132",
"1079256026954661888","Sun Dec 30 23:33:21 +0000 2018","0","@ketelawungu @gusmansusanto1 @SyifaZ6 @RizmaWidiono @jokowi Gue orang islam bro mesti pilih pemimpin yg bisa ngaji ma sholat. Turunan anjing pun lebih baik drpd yg g bs ngaji n sholat hihihiii","1079520847683960832","","ketelawungu","in","","0","1","0","https://x.com/undefined/status/1079520847683960832","152535980",
"1079353728119975936","Sun Dec 30 23:33:15 +0000 2018","0","@adlizamir @Slam3hands @paduarsana @yusuf_dumdum @jokowi Kalau masih ga terima ajukan praperadilan ke kepolisian dong jgn apa2 Jokowi hukum di Indonesia ada yg menegakkan nanti intervensi hukum oleh Jokowi salah lagi di goreng lagi..","1079520823927484416","","adlizamir","in","","0","0","0","https://x.com/undefined/status/1079520823927484416","203946117",
"1079362135606452225","Sun Dec 30 23:33:11 +0000 2018","0","@fadlizon @Endodi328 @prabowo @sandiuno @Gerindra Aamiin... #TahunBaruPresidenBaru","1079520804935618562","","fadlizon","fi","","0","0","0","https://x.com/undefined/status/1079520804935618562","759057293597999104",
"1079267590063575040","Sun Dec 30 23:33:09 +0000 2018","0","@kemuning_raya @nicolauscusanus @Fahrihamzah @prabowo @jokowi #PrabowoGakBisaNgaji","1079520799902511107","","kemuning_raya","qme","","0","0","0","https://x.com/undefined/status/1079520799902511107","997446144606154752",
"1079520792835022848","Sun Dec 30 23:33:08 +0000 2018","0","#LiburAkhirTahunKemana saya balik nanya kepakde @Jokowi boleh?LiburAkhirTahunKemana pakde?","1079520792835022848","","","in","","0","0","0","https://x.com/undefined/status/1079520792835022848","1059348880116969472",
"1079426731532988418","Sun Dec 30 23:33:06 +0000 2018","0","@Mmeutia @Omran__Ali So Jokowi to be blamed for this?","1079520787369930752","","discernia","en","","0","0","0","https://x.com/undefined/status/1079520787369930752","23416171",
"1079520768185196544","Sun Dec 30 23:33:02 +0000 2018","0","Netizen tantangan mengaji bukan untuk membuktikan siapa yang terhebat. Tapi untuk meredam isu keraguan masyarakat atas keyakinan Jokowi. Jadi intinya bisa apa engga pak wowo ? #PrabowoTolakNgaji","1079520768185196544","","","in","","0","0","0","https://x.com/undefined/status/1079520768185196544","1071071389119959040",
"1079274997183524864","Sun Dec 30 23:32:51 +0000 2018","0","@AndiArief__ Perbandingannya gak apple to apple. Klo penculikan prabowo yg kasih komando. Laen. Beda jauh.........","1079520721045319680","","Andiarief__","in","","0","0","0","https://x.com/undefined/status/1079520721045319680","275986367",
"1079322757299560448","Sun Dec 30 23:32:48 +0000 2018","0","@MasNyomok @prabowo @sandiuno @Dahnilanzar @putrabanten80 @ronavioleta @LisaAmartaTara @tehtjemplung @AkunTofa Dr sejak zaman soeharto klo kampanye paling heboh tapi ketika hitungan kotak suaranya zonk..","1079520710630895616","","MasNyomok","in","","0","0","0","https://x.com/undefined/status/1079520710630895616","220874870",
"1079363799570731009","Sun Dec 30 23:32:46 +0000 2018","1","@Ferdinand_Haean @jokowi Ngaca bung fer ","1079520702980472832","","Ferdinand_Haean","in","","0","0","0","https://x.com/undefined/status/1079520702980472832","1028830140237733888",
"1079360321674854400","Sun Dec 30 23:32:37 +0000 2018","0","@kangdede78 Boleh2 saja tes baca Al Qur'an tapi diluar koridor pemilu laah wong bukan negara Islam. Orang kafir aja boleh kok jadi presiden. Lu ga nyesel kalo tes baca Qur'an akan terus diangkat...trus nasib Ahok bijimana capres masa depan gerombolan elo.","1079520664657096704","","kangdede78","in","","0","0","0","https://x.com/undefined/status/1079520664657096704","139804623",
"1079231614939365377","Sun Dec 30 23:32:36 +0000 2018","1","@Choco_strwbrry @jokowi itulah pertanyaan saya yg sama...dan sudah terjawab oleh ustadz. terima kasih. kedepan semoga yg terbaik adalah...#2019GantiPresiden","1079520661238763521","","Rickastleyfan_1","in","","0","0","0","https://x.com/undefined/status/1079520661238763521","1050266155988860929",
"1079402252937265152","Sun Dec 30 23:32:36 +0000 2018","0","@ZheeOmega @e_Dans_dst Wah th 2049 Jan Ethes udh pinter ngaji pasti ..trs prabowo bisaa apa ?","1079520661138108416","","AlvaOmega_","in","","0","0","0","https://x.com/undefined/status/1079520661138108416","293974942",
"1079520654087544832","Sun Dec 30 23:32:35 +0000 2018","0","Indonesia Semakin Hancur Kalau Jokowi Terpilih Lagi https://t.co/9rGNmsJNWs","1079520654087544832","","","in","","0","1","0","https://x.com/undefined/status/1079520654087544832","3145965854",
"1078987206658732032","Sun Dec 30 23:32:31 +0000 2018","0","@sandiuno @prabowo Cebong ini alasan Pak Sandi buat statement diatas.Baca ya... https://t.co/AyddCgVwkj","1079520640137195520","","sandiuno","in","","0","0","0","https://x.com/undefined/status/1079520640137195520","1016169741151453184",
"1079517488042336256","Sun Dec 30 23:32:29 +0000 2018","0","@AsikinHidup Apalagi yang baru punya KTP harus cari info yang valid apapun itu dan bukan hanya untuk politik aja tapi yang lainnya juga. Dan pada saat nanti pemilu kalian juga harus memilih sesuai hati kalian jangan dari omongan orang atau sekedar ikutan apalagi sampe GOLPUT !!","1079520630679134209","","AsikinHidup","in","","0","1","0","https://x.com/undefined/status/1079520630679134209","1333681806",
"1079395408613384192","Sun Dec 30 23:32:25 +0000 2018","1","@eko3227 @detikcom Tema: sri mulyani. Bukan capres ","1079520612631044096","","eko3227","in","","0","0","0","https://x.com/undefined/status/1079520612631044096","236004490",
"1079163940809199616","Sun Dec 30 23:32:21 +0000 2018","0","@bungahafel @Suwarno79677254 @thedufresne @NUgarislucu Itu jokowi yang merokettttt ke atasssssssss.. kalo ditanya wartawan bgtu tuhhh.. padahal haluuu wkwkwwkwk","1079520596906528769","","","in","","0","0","0","https://x.com/undefined/status/1079520596906528769","1043302944970498048",
"1079505794482094081","Sun Dec 30 23:32:20 +0000 2018","6","@addiems I n i #DIA musisi trkenal yg dukung Jokowi/Ma'ruf Amin #ADI MS yg bnyk ide utk Indonesia lbh maju lg. Semoga penyanyi Betawi pas duet Benyamin yg legendaris Mpo #IDA Royani jg brgabung. Dg doa para #DA_I yg dukng Jkw smoga mkin pasti Jkw lg. #BolakBalikKata utk Addie MS","1079520593123278848","","addiems","in","","0","0","0","https://x.com/undefined/status/1079520593123278848","1078848147894325249",
"1079267590063575040","Sun Dec 30 23:32:19 +0000 2018","0","@Fahrihamzah @prabowo @jokowi https://t.co/puIBVF5jlt","1079520588853522432","https://pbs.twimg.com/media/Dvs6QPAVYAU4HoB.jpg","Fahrihamzah","qme","","0","0","0","https://x.com/undefined/status/1079520588853522432","622449389",
"1079520571061223424","Sun Dec 30 23:32:15 +0000 2018","0","Kok makin gak abis pikir aja capres yang digadang-gadang oleh banyak Ulama ternyata tak bisa mengaji? kalo memang bisa ya hadapi saja jangan beralasan pak. #PrabowoTolakNgaji","1079520571061223424","","","in","","0","0","0","https://x.com/undefined/status/1079520571061223424","1071071389119959040",
"1079346372678053889","Sun Dec 30 23:32:14 +0000 2018","0","@putrabanten80 Apakah angka v itu adalah milik prabowo please fikir dech jangan gr ya https://t.co/1WFcJyhaAu","1079520569551347712","https://pbs.twimg.com/tweet_video_thumb/Dvs6OuBUYAAR525.jpg","Oku__records","in","","0","1","0","https://x.com/undefined/status/1079520569551347712","1069047771502567424",
"1079231614939365377","Sun Dec 30 23:32:07 +0000 2018","0","@jokowi Presiden Joko Widodo Bapak Bangsa yg menyejukkan hati rakyat Teladan Harmoni dalam Keberagaman Bangsa tanpa harus kehilangan identitas dan jati diri sejati.Hormat diberi untuk mu Bapak Negeri. Damai dihati damai di Bumi Pertiwi Indonesia. Damai Kristus bersama Bapak.Amin.","1079520536294641664","","jokowi","in","","0","0","0","https://x.com/undefined/status/1079520536294641664","3145327778",
"1079520514102616064","Sun Dec 30 23:32:01 +0000 2018","0","Gerindra: Pemerintahan Bareng Jokowi Terjadi Bila Prabowo Menang https://t.co/E57FWEwBEE https://t.co/c2aTIYTe9b","1079520514102616064","","","in","","0","0","0","https://x.com/undefined/status/1079520514102616064","821229918302310400",
"1079396206852300800","Sun Dec 30 23:31:50 +0000 2018","2","@baguspati66 @ASapardan nanti kyk kasus JENDERAL KARDUS gak berani datang ... ini jelas2 Andi Arief menuduh p Jokowi atas peristiwa Novel Baswedan","1079520465167609856","","baguspati66","in","","0","1","1","https://x.com/undefined/status/1079520465167609856","889674071910236160",
"1079362135606452225","Sun Dec 30 23:31:36 +0000 2018","0","@fadlizon @prabowo @sandiuno @Gerindra Setuju #Prabowopresidenke2019","1079520408171433989","","fadlizon","in","","0","0","0","https://x.com/undefined/status/1079520408171433989","46356472",
"1079520385534554113","Sun Dec 30 23:31:31 +0000 2018","0","Tema Debat Capres-cawapres Dikritisi https://t.co/yAZ7inIGrE","1079520385534554113","","","in","","0","0","0","https://x.com/undefined/status/1079520385534554113","846715204637376513",
"1078987206658732032","Sun Dec 30 23:31:24 +0000 2018","0","@sandiuno @prabowo Banyak baca pak","1079520356140933120","","sandiuno","in","","0","0","0","https://x.com/undefined/status/1079520356140933120","808886435923099648",
"1079520325132402688","Sun Dec 30 23:31:16 +0000 2018","0","sekarang kubu @jokowi jadi jualan surga juga payah","1079520325132402688","","","in","","0","0","0","https://x.com/undefined/status/1079520325132402688","930863738818662400",
"1079520316110430209","Sun Dec 30 23:31:14 +0000 2018","0","2019? Ditanya soal pilihan politik? Kalau jokowi menang berarti gua ga milih prabowo. Kalau prabowo menang berarti gua ga milih jokowi. Gitu sih.","1079520316110430209","","","in","","0","0","0","https://x.com/undefined/status/1079520316110430209","126854667",
"1079520274251317249","Sun Dec 30 23:31:04 +0000 2018","1","Jokowi: Persatuan Kerukunan dan Persaudaran Adalah Aset Terbesar Bangsa https://t.co/8xAbOAC1RQ https://t.co/c6fd3mG1oY","1079520274251317249","https://pbs.twimg.com/media/Dvs59-kU0AEG5ef.jpg","","in","","0","0","1","https://x.com/undefined/status/1079520274251317249","1468929816",
"1079520273282428928","Sun Dec 30 23:31:04 +0000 2018","1","Jokowi: Persatuan Kerukunan dan Persaudaran Adalah Aset Terbesar Bangsa https://t.co/EpM5Zkqjq2 https://t.co/ZW1EIOu9G9","1079520273282428928","https://pbs.twimg.com/media/Dvs596XUwAEZ3Kd.jpg","","in","","0","0","2","https://x.com/undefined/status/1079520273282428928","2344613335",
"1079353728119975936","Sun Dec 30 23:31:01 +0000 2018","0","@adlizamir @Slam3hands @paduarsana @yusuf_dumdum @jokowi Laporan penghinaan presiden dicabut karna tahun politik disangka kriminilisasi ulama mukulin bocah itu fakta di akui oleh bahar cuma bahar minta bocah itu jg di proses oleh polisi faham? Lha sp3 itu penghentian kasus mau diungkit yg unggah kasus dibuka lagi dong mau?","1079520262880559104","","adlizamir","in","","0","0","0","https://x.com/undefined/status/1079520262880559104","203946117",
"1078987206658732032","Sun Dec 30 23:31:00 +0000 2018","0","@sandiuno @prabowo Para cebong jangan gagal paham nih baca PerMen yg bikin galau perajin Rotan. https://t.co/AyddCgVwkj","1079520259130896384","","sandiuno","in","","0","0","0","https://x.com/undefined/status/1079520259130896384","1016169741151453184",
"1079210915675877376","Sun Dec 30 23:31:00 +0000 2018","0","@CNNIndonesia @jokowi Ksh tau ke pengamatnya yg namanya kelokasi bencana tuh bawa bantuan datengin korban beri empati agar korban merasa tenang bahwa sdh ada yg handle bawa juru foto emang mau pre-wed Pesannya jelas mendagri suruh pemprov Banten kluarin duit duluan ga usah nunggu dr pusat utang lg?","1079520257839030273","","CNNIndonesia","in","","0","0","0","https://x.com/undefined/status/1079520257839030273","3197172817",
"1079520256874274816","Sun Dec 30 23:31:00 +0000 2018","0","Jokowi Ternyata Sudah Pakai Rp.38 5 Triliun Dana Haji Jamaah Tak Diberitahu https://t.co/XC901T8KPo","1079520256874274816","","","in","","0","0","0","https://x.com/undefined/status/1079520256874274816","3145965854",
"1079520218181849088","Sun Dec 30 23:30:51 +0000 2018","4","Tepat sekali Bung Ariel. Kubu @jokowi jangan sampe terpancing masuk jebakan untuk kedua-kalinya","1079520218181849088","","","in","","0","0","1","https://x.com/undefined/status/1079520218181849088","275838322",
"1079270882944503810","Sun Dec 30 23:30:50 +0000 2018","1","@Gerindra @prabowo Semakin di fitnah semakin di sayang","1079520217259069440","","Gerindra","in","","0","0","0","https://x.com/undefined/status/1079520217259069440","830379837495709697",
"1079426051170652160","Sun Dec 30 23:30:47 +0000 2018","3","@TheArieAir Untuk klowor memang harus mempertanggung jawabkan narasi agama yg dibangun tapi untuk TKN Jokowi hendaknya porsi identitas dikurangi karena rakyat sudah ga ragu lagi moral kebangsaannya","1079520203006828544","","TheArieAir","in","","0","0","4","https://x.com/undefined/status/1079520203006828544","1056895442758168576",
"1079408320346083328","Sun Dec 30 23:30:39 +0000 2018","0","@RizmaWidiono Paniknya sudah akut dan politiknya menakut nakuti rakyat Aku membayangkan seandainya prabowo memimpin mau di bawa kemana Negara ini ??? memimpin sebuah keluarga saja gak bisa . mau mimpin negara ??","1079520170480087040","","RizmaWidiono","in","","0","0","0","https://x.com/undefined/status/1079520170480087040","262856307",
"1079520160279605248","Sun Dec 30 23:30:37 +0000 2018","1","Siap Hadapi Debat Capres-Cawapres Ini Bekal Jokowi-Ma'ruf Amin https://t.co/EB5kAI0ZP0","1079520160279605248","","","in","","0","0","1","https://x.com/undefined/status/1079520160279605248","4393472592",
"1079474283217281024","Sun Dec 30 23:30:34 +0000 2018","0","@francmohede @RajaPurwa Alhamdulillah bang sama saya jg 2014 saya Pilih Pak prabowo karena Pertama menurut hati saya masa sih? Kedua soal SMK masa sih? Apa semudah itu bikin mobil?","1079520147507793920","","francmohede","in","","0","0","0","https://x.com/undefined/status/1079520147507793920","793875041091932160",
"1078889924307243009","Sun Dec 30 23:30:33 +0000 2018","0","@varleent @prabowo Tahun 2017 kmrn saat rekor dunia dgn 5 Drummer Pemegang Rekor Dunia Dari 5 Negara...Rekor sebagai Tim","1079520144118841344","","varleent","in","","0","1","0","https://x.com/undefined/status/1079520144118841344","497615025",
"1079271098653409280","Sun Dec 30 23:30:23 +0000 2018","0","@Projoinsyaf @jokowi Sarjana yg begini ni yg ndk membuat negara2 maju... bisanya nyinyir doang","1079520101538263040","","GaCeper","in","","0","0","0","https://x.com/undefined/status/1079520101538263040","1064426213924466688",
"1079271098653409280","Sun Dec 30 23:30:18 +0000 2018","0","@trickyinvestor @moeammarR06 @jokowi Mau...tp gratis ya hehe","1079520082403852288","","trickyinvestor","in","","0","0","0","https://x.com/undefined/status/1079520082403852288","1077546040713039873",
"1079210915675877376","Sun Dec 30 23:30:12 +0000 2018","0","@CNNIndonesia @jokowi https://t.co/BNGpncgMXT","1079520055535124480","https://pbs.twimg.com/media/Dvs5wf4U0AAP5tP.jpg","CNNIndonesia","qme","","0","0","0","https://x.com/undefined/status/1079520055535124480","233932387",
"1079520049314951168","Sun Dec 30 23:30:10 +0000 2018","0","Semoga Allah Subhanahu Wa Ta ala meridhoi Pak Prabowo &amp; Pak Sandiaga menjadi Presiden dan Wakil Presiden RI 2019-2024. Aamiin ya Robb","1079520049314951168","","","in","","0","0","0","https://x.com/undefined/status/1079520049314951168","50468982",
"1079452796112449537","Sun Dec 30 23:30:09 +0000 2018","2","@budimandjatmiko @jokowi Mereka ini kaum lelembut...serasa jutaan...padahal orangnya itu2 aja....","1079520044172734464","","budimandjatmiko","in","","0","0","0","https://x.com/undefined/status/1079520044172734464","85708930",
"1079225473685573633","Sun Dec 30 23:30:08 +0000 2018","0","@chicohakim @budimandjatmiko Lihat aja 17 April 2019 nanti.. Umat Islam yg masih punya akal sehat akan tetap Istiqomah pilih Capres yg didukung oleh ulama yg anti PENISTA AGAMA dan pilih partai yang tidak anti PERDA BERDASARKAN AGAMA..","1079520037906481152","","chicohakim","in","","0","1","0","https://x.com/undefined/status/1079520037906481152","2164134792",
"1079520011163557888","Sun Dec 30 23:30:01 +0000 2018","0","Tanggapan kubu Prabowo-Sandi perihal netralitas Bambang Widjojanto sebagai panelis https://t.co/wavzccVO1v #Pemilu2019","1079520011163557888","","","in","","0","0","0","https://x.com/undefined/status/1079520011163557888","459358747",
"1079396206852300800","Sun Dec 30 23:29:55 +0000 2018","4","@HensuAja @newagestein Andi Arief lebih hina dr khewan bicara spt itu jelas sekali dia menuduh p Jokowi","1079519986320781312","","HensuAja","in","","0","1","0","https://x.com/undefined/status/1079519986320781312","889674071910236160",
"1079274413458022401","Sun Dec 30 23:29:55 +0000 2018","0","@MegaSimarmata @prabowo @sandiuno Jembatannya bagus banget dimana itu..","1079519984701718528","","MegaSimarmata","in","","0","0","0","https://x.com/undefined/status/1079519984701718528","220874870",
"1079431985724977152","Sun Dec 30 23:29:40 +0000 2018","4","@irvineadvent27 @dulatips Sy bkn milenial n swing voter 2014 pilih jokowi tp klo skrng so pasti ️","1079519920973467648","","irvineadvent27","in","","0","1","0","https://x.com/undefined/status/1079519920973467648","2604913495",
"1079274413458022401","Sun Dec 30 23:29:33 +0000 2018","0","@SeDongok @MegaSimarmata @fadlizon @prabowo @sandiuno Dunggu teriak dunggu anda bung","1079519894104793088","","kasbi_mabo","in","","0","0","0","https://x.com/undefined/status/1079519894104793088","1077840343825956864",
"1079250004034838528","Sun Dec 30 23:29:33 +0000 2018","1","@Surgabidadari3 Hahaha selamat berprediksi bila aceh ingin kembali lagi ke dom monggo pilihlah mereka karena cerita awal tidak akan jauh dengan cerita akhir...ingat soeharto ingat prabowo...","1079519893710462977","","Surgabidadari3","in","","0","0","0","https://x.com/undefined/status/1079519893710462977","1069047771502567424",
"1079384205564424193","Sun Dec 30 23:29:32 +0000 2018","1","@kangdede78 @prabowo @sandiuno @marierteman @Ferdinand_Haean @AndiArief__ Sekarang orang yang menyuruh menculik itu dibelanya politik..politik!!!","1079519888010403840","","kangdede78","in","","0","0","1","https://x.com/undefined/status/1079519888010403840","2887042249",
"1078864431348539392","Sun Dec 30 23:29:32 +0000 2018","0","@lisaok2210 @maruswijaya @septiani_tisa @dwiaraa @jokowi @KemenDesa @KementerianESDM @RamliRizal @budimandjatmiko @BiLLRaY_ @fadjroeL @na_dirs @emerson_yuntho @addiems @iwanfals @permadiaktivis @narkosun @makLambeTurah @FaGtng @yennywahid @RizmaWidiono @triwul82 @SukmaHapsari @Aryprasetyo85 @andika_dikah @SusantiMeliza @Raihanpratama0 @HendiHirmawan @IsaNurisa1 @novinovenda @Noviriza92 @Rendiwardanajos @Dirgapratam @AyuRah10 @raja9213 Ngutang paan? Pecel ya ini kita lagi ngomongin presiden loh ya setidaknya yang sudah dicapai lebih besar situ idup lampu ga dirumah?","1079519886794096640","","lisaok2210","in","","0","1","0","https://x.com/undefined/status/1079519886794096640","1048790778854563842",
"1079519847367622656","Sun Dec 30 23:29:22 +0000 2018","0","Terserah mau ngomong apa. Yg penting #2019GantiPresiden #2019PrabowoSandi PDIP: Elektabilitas Jokowi Unggul karena Kepuasan Publik https://t.co/ai2uiMol8Y","1079519847367622656","","","in","","0","0","0","https://x.com/undefined/status/1079519847367622656","1722947228",
"1079519828950556673","Sun Dec 30 23:29:18 +0000 2018","0","Tes Baca Alquran Bagai Pukulan Uppercut Bagi Prabowo Sandiaga https://t.co/CLphKp8CU3 https://t.co/KD0vZkEHHx","1079519828950556673","https://pbs.twimg.com/media/Dvs5kDYU8AADvLO.jpg","","in","","0","0","0","https://x.com/undefined/status/1079519828950556673","1009131652352634880",
"1079519811313364992","Sun Dec 30 23:29:14 +0000 2018","0","Kalau @prabowo presiden mohon si @budimandjatmiko ini jangan diapa-apakan atau dijagain banyak rahasia dia pegang.... sebelum jendral ..... me....","1079519811313364992","","","in","","0","0","0","https://x.com/undefined/status/1079519811313364992","227550317",
"1078993035977838592","Sun Dec 30 23:29:10 +0000 2018","0","@permadiaktivis @ustadtengkuzul @prabowo Kasian bener nasib mu oh abu boliwodii hi hi hi","1079519793990909952","","permadiaktivis","in","","0","0","0","https://x.com/undefined/status/1079519793990909952","1055685567696916480",
"1078889924307243009","Sun Dec 30 23:29:09 +0000 2018","0","@Kunto_Drummer @prabowo #2019GantiPresiden....buat rekor baru mas btw gawe rekornya kok jauh amat mas?","1079519789951774720","","Kunto_Drummer","in","","0","1","0","https://x.com/undefined/status/1079519789951774720","828492006116651009",
"1079353728119975936","Sun Dec 30 23:29:07 +0000 2018","0","@Slam3hands @paduarsana @yusuf_dumdum @jokowi Kasus HRS sampai skrang blum ditahan siapa mengunggah kasus yg sama yg dithan dluan itu yg mengunggah koq ini beda sendiri ahli IT sbgai saksi ahli malah dibacok meski penyidikan tdk ada kaitan tpi logika sbgian rakyat sdh menbias","1079519785187139584","","SL4M_41TH","in","","0","0","0","https://x.com/undefined/status/1079519785187139584","102606343",
"1079519745366417408","Sun Dec 30 23:28:58 +0000 2018","0","Menurut saye sih pak @prabowo lebih baik terima saja tes mengaji itu biar bapak tidak malu nanti kalau kalah suara. #PrabowoTolakNgaji","1079519745366417408","","","in","","0","0","0","https://x.com/undefined/status/1079519745366417408","1070884336507867137",
"1079519735031558144","Sun Dec 30 23:28:55 +0000 2018","2","Saya bersyukur sama kebaikan Tuhan pencipta langit dan bumi disediakan sosok Joko Widodo jd RI 1. Semoga terjaga amanahnya &amp; lanjut 2019! Berjuang trus Pak karena Tuhan maha tau tidak ada yg tersembunyi dihadapanNya! | @SBYudhoyono @prabowo @Gerindra @hendrikk168 @yiihaaaa","1079519735031558144","","","in","","1","0","1","https://x.com/undefined/status/1079519735031558144","218477659",
"1079256026954661888","Sun Dec 30 23:28:54 +0000 2018","0","@RizmaWidiono Mereka tidak sadar telah menggali kuburan sendiri...isu ini akan tetap melambung hingga April 2019..yukk semangat pagi lanjut pada pokok bahasan... Capres kok ga Bisa Ngaji ya?? ..... #SeriusNanya","1079519728752705538","","RizmaWidiono","in","","0","0","0","https://x.com/undefined/status/1079519728752705538","78597485",
"1078993035977838592","Sun Dec 30 23:28:43 +0000 2018","0","@Ajeng03578148 @bironk7979 maksudnya... jokowi yg ngeles ya ?? yg baca alfatekanya nganu itu ya...?? wah memenya cocok itu....jainudin ngaciro","1079519683873656832","","Ajeng03578148","in","","0","1","0","https://x.com/undefined/status/1079519683873656832","985482300233150464",
"1079519678853042177","Sun Dec 30 23:28:42 +0000 2018","6","Tema Debat Capres-cawapres Dikritisi https://t.co/Bewv5ychvv https://t.co/xj2Wl2KIri","1079519678853042177","https://pbs.twimg.com/media/Dvs5bWUU8AEToQi.jpg","","in","","0","0","3","https://x.com/undefined/status/1079519678853042177","57261519",
"1079519678471401472","Sun Dec 30 23:28:42 +0000 2018","0","Tema Debat Capres-cawapres Dikritisi https://t.co/D7lE4mlVi4 https://t.co/e42MpkIQQC","1079519678471401472","https://pbs.twimg.com/media/Dvs5bVOV4AE7Y02.jpg","","in","","0","0","0","https://x.com/undefined/status/1079519678471401472","902837643024539651",
"1077795175638822912","Sun Dec 30 23:28:39 +0000 2018","0","@djoeni_djoeni @Restu_bum @AkunTofa @prabowo @jokowi Owh gitu ya? Syarat dr mana tuh? tunjukkin dong bukti atau dasar hukumnya... ","1079519667645902848","","djoeni_djoeni","in","","0","0","0","https://x.com/undefined/status/1079519667645902848","44138159",
"1079362135606452225","Sun Dec 30 23:28:39 +0000 2018","0","@fadlizon @prabowo @sandiuno @Gerindra Ngimpi di sore hari ni","1079519664458293248","","fadlizon","in","","0","0","0","https://x.com/undefined/status/1079519664458293248","1072692476765364224",
"1079519662927302656","Sun Dec 30 23:28:38 +0000 2018","0","Publik kudu tau kalau calon presiden no urut 2 hanya berpura-pura saja ngaji dulu aja pak @prabowo yang bener. #PrabowoTolakNgaji","1079519662927302656","","","in","","0","0","0","https://x.com/undefined/status/1079519662927302656","1070884336507867137",
"1079519659525853184","Sun Dec 30 23:28:37 +0000 2018","0","Alhamdulillah semua capres bisa mengaji...","1079519659525853184","","","in","","0","0","0","https://x.com/undefined/status/1079519659525853184","293223246",
"1079380244312711169","Sun Dec 30 23:28:37 +0000 2018","1","@eLfathir_ @natadiningrat99 @prabowo @Gerindra Haaaaa kalau mau bukti minta data intelejen us untuk mengungkap biar tau mana fakta mana fitna sampai wowo ngak nurut sebagai agen asing pasti udah lama terungkap bos","1079519659299266560","","AnakKolong_","in","","0","1","0","https://x.com/undefined/status/1079519659299266560","915790934599536640",
"1079307830664978432","Sun Dec 30 23:28:32 +0000 2018","2","@pakaipeci Siapa bilang pak prabowo ga hebat.. yg jelas2 ngibul yg hrs ditinggalin. Hebat kaga nyusahin udh pasti tuh","1079519636163461121","","pakaipeci","in","","0","0","0","https://x.com/undefined/status/1079519636163461121","1000584520502886400",
"1079362135606452225","Sun Dec 30 23:28:31 +0000 2018","0","@fadlizon @prabowo @sandiuno @Gerindra Aamiin #2019GantiPresiden","1079519630882889729","","fadlizon","fi","","0","0","0","https://x.com/undefined/status/1079519630882889729","790374958597705728",
"1079396875130757120","Sun Dec 30 23:28:29 +0000 2018","0","@Aff4nd1D @habibthink @cakrobi_ @DimasPermana817 @KoRnHurry @AhlulQohwah @ASapardan Bahagia sekali saya melihatnya...capres pilihan alumni monas 212.","1079519623568023553","","Aff4nd1D","in","","0","0","0","https://x.com/undefined/status/1079519623568023553","3168394879",
"1079519578202370048","Sun Dec 30 23:28:18 +0000 2018","0","yaudin capres nya aja jadi ganti jadi pak Ustad Abdul Somad pak @prabowo biar khusyu belajar mengaji saja. #PrabowoTolakNgaji https://t.co/y5bIDznYuV","1079519578202370048","https://pbs.twimg.com/media/Dvs5QB7UYAAaTGR.jpg","","in","","0","0","0","https://x.com/undefined/status/1079519578202370048","1070884336507867137",
"1079519573160816641","Sun Dec 30 23:28:17 +0000 2018","0","Teruss ajaa goreng Tolak Tes Baca Al-Quran Tim Prabowo Samakan dengan Pilih Ketum PSSI https://t.co/mUjAAHBIte #PrabowoTolakNgaji","1079519573160816641","","","in","","0","0","0","https://x.com/undefined/status/1079519573160816641","1071123099960004608",
"1079420599775215624","Sun Dec 30 23:28:15 +0000 2018","1","@kompasiana Hahaha.. ya ga masalah sih.. kapan mau diadainnya..?? kan bagus perkembangan kedepannya setiap pilkada atw pilpres ada tes baca Al Quran nya.. bahkan harus dimasukan dlm UU pemilu.. oya nanti klo dimunculkan ide test seperti foto ini harus mau juga yah.. #AmpunYai https://t.co/4JeCiZbLyW","1079519566252859392","https://pbs.twimg.com/media/Dvs5UYIU0AILseJ.jpg","kompasiana","in","","0","0","0","https://x.com/undefined/status/1079519566252859392","581069684",
"1079519563874619393","Sun Dec 30 23:28:15 +0000 2018","0","Setebal apa? Visi&amp;misi Capres 01 dan 02!","1079519563874619393","","","in","","0","0","0","https://x.com/undefined/status/1079519563874619393","1078962672668835840",
"1079431241370402817","Sun Dec 30 23:27:54 +0000 2018","4","@GuritnaPramana @budimandjatmiko Prabowo mungkin Islam Garis Putus-Putus","1079519478621196289","","GuritnaPramana","in","","0","1","1","https://x.com/undefined/status/1079519478621196289","188372327",
"1079379031424827399","Sun Dec 30 23:27:54 +0000 2018","0","@fadlizon Jika pak jokowi kamu anggap tak mampu tuk mengucap al-fatiha dan terucap al-fateka trus knp tak berani kubu anda di tantang tuk membaca al-quran di aceh.","1079519478600192000","","fadlizon","in","","0","0","0","https://x.com/undefined/status/1079519478600192000","1072692476765364224",
"1079363799570731009","Sun Dec 30 23:27:39 +0000 2018","0","@ilalangRexvin @Ferdinand_Haean @jokowi @DivHumas_Polri Emang kenyataan Paham komunis begitu ketika dia kalah berdebat maka pribadinya di serang..kasihan belajar lagi sama jet li sono","1079519412779020288","","ilalangRexvin","in","","0","0","0","https://x.com/undefined/status/1079519412779020288","1072386718051921921",
"1079519404168163329","Sun Dec 30 23:27:37 +0000 2018","0","Masih ada waktu kok pak @prabowo untuk belajar mengaji jadi fokus belajar ngaji saja soal negara serahkan pada pak @jokowi yang sduah bisa mengaji #PrabowoTolakNgaji","1079519404168163329","","","in","","1","0","0","https://x.com/undefined/status/1079519404168163329","1070884336507867137",
"1078305264455958531","Sun Dec 30 23:27:27 +0000 2018","0","@MemeTanpaHurufK @prabowo Nyimak Boz","1079519363235962880","","MemeTanpaHurufK","hu","","0","0","0","https://x.com/undefined/status/1079519363235962880","862318853426077697",
"1079519346186059776","Sun Dec 30 23:27:23 +0000 2018","0","Nih guya aktivis 212 sekaligus politikus PAN Eggi Sudjana menyebut Jika UAS maju dia bisa mengajari Prabowo mengaji. https://t.co/Lh3nsNWNyJ #PrabowoTolakNgaji","1079519346186059776","","","in","","0","0","1","https://x.com/undefined/status/1079519346186059776","1071071389119959040",
"1078200918502301696","Sun Dec 30 23:27:20 +0000 2018","0","@ZaART8 @jansen_jsp @jokowi Lu yg dungu booongg pertanyaan wajarlah bego tolol","1079519334878326785","","ZaART8","in","","0","0","0","https://x.com/undefined/status/1079519334878326785","4091257812",
"1079210915675877376","Sun Dec 30 23:27:20 +0000 2018","0","@CNNIndonesia @jokowi Media babi yg beginian kalian puja puji aksi 212 kalian tutupi..","1079519334429413376","","CNNIndonesia","in","","0","0","0","https://x.com/undefined/status/1079519334429413376","84040794",
"1079349141770129408","Sun Dec 30 23:27:19 +0000 2018","0","@SusenoLukman @Ferdinand_Haean Pak @jokowi itu projo yg bejat ato disuruh bejat ?","1079519332231573504","","SusenoLukman","in","","0","0","0","https://x.com/undefined/status/1079519332231573504","1053105579890110465",
"1079519323847380994","Sun Dec 30 23:27:17 +0000 2018","0","PRABOWO BELUM TENTU TERBAIK. . *Ingat jangan salah pilih ! (2) ________________________________ Video by : farhan_azp Voice : HABIB https://t.co/kqeeShTjIy","1079519323847380994","","","in","","0","0","0","https://x.com/undefined/status/1079519323847380994","1071568319101071360",
"1079415520116396032","Sun Dec 30 23:27:08 +0000 2018","1","@NdoroMasBey @KHMarufAmin_ @jokowi Undur terus.... 2019 memangn mundur","1079519285687414784","","ArumiNawaBidara","in","","0","0","0","https://x.com/undefined/status/1079519285687414784","1054148317255413760",
"1079519217668448256","Sun Dec 30 23:26:52 +0000 2018","0","Megawati Meminta Jokowi Pecat Anggota TNI yang Razia Buku Berbau PKI Jika Tidak... https://t.co/bZPnE23KX0","1079519217668448256","","","in","","0","0","0","https://x.com/undefined/status/1079519217668448256","2403098305",
"1079402471460528130","Sun Dec 30 23:26:50 +0000 2018","0","@fadlizon Prabowo ngga terpilih salah pemerintah...??? Jawab lu woee loe jawab...salah babe lu....ngentot loeeeeeeeee salah siapa????","1079519207232917504","","fadlizon","in","","0","0","0","https://x.com/undefined/status/1079519207232917504","782104377184006144",
"1079267590063575040","Sun Dec 30 23:26:34 +0000 2018","0","@sopian333351 @Fahrihamzah @prabowo @jokowi https://t.co/cHogW8GAMq","1079519143106211840","https://pbs.twimg.com/media/Dvs46APU0AEHJH5.jpg","Sopianhaidi","qme","","0","1","1","https://x.com/undefined/status/1079519143106211840","997446144606154752",
"1078824449376509954","Sun Dec 30 23:26:32 +0000 2018","0","@IreneViena @armanpaluta Masih belum bisa move on ya..2014 prabowo kalah","1079519133908164609","","IreneViena","in","","0","0","0","https://x.com/undefined/status/1079519133908164609","1067701731054706688",
"1079519116606799872","Sun Dec 30 23:26:28 +0000 2018","0","Bocah Korban Tsunami: Pengen Ditengok Pak Prabowo https://t.co/rSYm9AozLS","1079519116606799872","","","in","","0","0","0","https://x.com/undefined/status/1079519116606799872","265697552",
"1079219578301931521","Sun Dec 30 23:26:28 +0000 2018","0","@sandiuno @aheryawan Sukses jg ya jokowi..pembangunan merata","1079519114572398592","","sandiuno","in","","0","2","0","https://x.com/undefined/status/1079519114572398592","1070649592469848065",
"1079519096897556480","Sun Dec 30 23:26:23 +0000 2018","0","Bang Ara @Maruarar_Sirait anda berharap kampanye berbasis visi misi &amp; program itu baik n harus dmkian namun nyatanya sebaliknya apalagi akhir2 ini kubu anda (KIK) gencar menyerang pribadi Prabowo bahkan menurut saya cenderung hoax &amp; fitnah https://t.co/45LqmLKhjQ","1079519096897556480","","","in","","0","0","0","https://x.com/undefined/status/1079519096897556480","482761374",
"1079197027097993216","Sun Dec 30 23:26:21 +0000 2018","1","@yonhaco @MahesaTiwi @FaGtng @purwo82092883 @P3nj3l4j4h @Biawak_Buas @SalmaBrecht @TiaraShinta_ @BacotxPilpres @V_Stone_Kardol @ErickFrontier1 @riekediahp @budimandjatmiko @bangzul_1988 @ustadtengkuzul Mas ini tes khusus utk capres hasil ijtima ulama buat yg non muslim ya gak perlu lah sekalian pembuktian apakah ulama yg dukung mrk krn atas nama umat atau politik kekuasaan","1079519085304602624","","yonhaco","in","","0","0","0","https://x.com/undefined/status/1079519085304602624","392525866",
"1079519074365755392","Sun Dec 30 23:26:18 +0000 2018","15","Senin terakhir di 2018 road trip dari Makassar ke Toraja. Alhamdulillaah masyarakat di sini suka rela pasang gambar pasangan Jokowi-KMA di mana-mana. Kasih kesempatan sekali lagi dong ya sudah jelas kerja dan doa mereka selaras #2019JokowiLagi https://t.co/WV75ulJnik","1079519074365755392","https://pbs.twimg.com/ext_tw_video_thumb/1079518944463998976/pu/img/Q4Ye19VBYDoZ9gjm.jpg","","in","","0","1","2","https://x.com/undefined/status/1079519074365755392","193171585",
"1079519063334776833","Sun Dec 30 23:26:15 +0000 2018","0","Saat Daeng Ancu Pamit ke Jusuf Kalla untuk Membela Prabowo-Sandi https://t.co/FVlr91NGeD","1079519063334776833","","","in","","0","0","0","https://x.com/undefined/status/1079519063334776833","1222354812",
"1079519025892229120","Sun Dec 30 23:26:06 +0000 2018","1","Nah lohhh Prabowo Diragukan Bisa Ngaji Mayoritas Alumni 212 Dukung Jokowi https://t.co/bV8zHBW9id @BiLLRaY_ @MahesaTiwi @MasCEPUK @P3nj3l4j4h #PrabowoTolakNgaji","1079519025892229120","","","in","","1","0","0","https://x.com/undefined/status/1079519025892229120","1071123099960004608",
"1079395387222491136","Sun Dec 30 23:26:05 +0000 2018","1","@liputan6dotcom Nggak usah ngeles.nggak usah alasan. Buta huruf baca al quran saja nggak bisa.apalagi memahami isinya. Kandungan agama nggak mengajarkan manusia bermulut nyinyir.ngomong nggak benar.bikin gaduh @prabowo @sandiuno @fadlizon @PKSejahtera manusia munafik","1079519018602524672","","liputan6dotcom","in","","0","0","0","https://x.com/undefined/status/1079519018602524672","1013790384848187393",
"1079412077779836930","Sun Dec 30 23:26:04 +0000 2018","7","@savicali Maaf yah kita ga bakalan milih orang munafik fikih nya jelas jika ada dua mudhorot pilihlah yang mudhorotnya paling kecil. Kerusakan yang timbulkan jokowi sudah sangat nyata","1079519016056549377","","savicali","in","","0","1","0","https://x.com/undefined/status/1079519016056549377","873524087254994944",
"1077381064274759680","Sun Dec 30 23:25:54 +0000 2018","0","@fadlizon @prabowo Apa siii","1079518973228531713","","fadlizon","in","","0","0","0","https://x.com/undefined/status/1079518973228531713","1042303224563167232",
"1079369859635458048","Sun Dec 30 23:25:51 +0000 2018","0","@megawulan20 @DianaLovaa @Takviri Modalnya biasanya copas copas. Mikir...... Bilang ngaji mulutnya comberan. Kamu aja bela org tdk punya prestasi jadi capres. Dan suka nya hoax dan fitnah jual2 agama untuk syahwat politik dan dunia. Adu gagasan aja.","1079518961727750144","","megawulan20","in","","0","1","0","https://x.com/undefined/status/1079518961727750144","1046266921270673408",
"1079242867724365824","Sun Dec 30 23:25:39 +0000 2018","0","@fadjroeL Saya ingin merasakan nawacita pak jokowi. Katanya keadilan bagi seluruh rakyat indonesi. Saya ingin menyampaikan bahwa jalan lebar di depan rumah ibu saya sejak ikut transmigrasi tahun 1986 sampai sekarang belum juga di aspal... Malah klau musim hujan kami perbaiki sendiri.","1079518911094185984","","fadjroeL","in","","0","0","0","https://x.com/undefined/status/1079518911094185984","967042280027664387",
"1079518889153679360","Sun Dec 30 23:25:34 +0000 2018","0","#2019BerrebutPemilihMillenial Pemilih milenialnya masih anteng2 saja ingin melihat mana yang pas utk dilirik mana yang PAS ~ Prabowo Sandi nampaknya lebih PAS untuk Gen. Millenial Buktikan nanti tgl 17 April 2019 https://t.co/T3Jgk36oy3","1079518889153679360","","","in","","0","0","0","https://x.com/undefined/status/1079518889153679360","588966734",
"1079171009666674688","Sun Dec 30 23:25:33 +0000 2018","1","@ardi_riau @prabowo Udah pada liat video sandi lg wudhu blm","1079518883722125312","","ardi_riau","in","","0","0","0","https://x.com/undefined/status/1079518883722125312","1011916008301326336",
"1079362135606452225","Sun Dec 30 23:25:32 +0000 2018","0","@fadlizon @danijenggott @prabowo @sandiuno @Gerindra Aminnn ya Allah Pak Jokowi dua periode","1079518880458989569","","fadlizon","in","","0","0","0","https://x.com/undefined/status/1079518880458989569","872295866731610112",
"1079518878508699648","Sun Dec 30 23:25:31 +0000 2018","0","Cerita Mudzakir Sepekan 2 Kali Menjadi Guru Ngaji Jokowi https://t.co/U0WZkIYrlO","1079518878508699648","","","in","","0","0","0","https://x.com/undefined/status/1079518878508699648","293223246",
"1079518862977191937","Sun Dec 30 23:25:28 +0000 2018","13","Batas akhir pelaporan penerimaan sumbangan dana kampanye tinggal 2 hari lagi yakni 2 Januari 2019. Bila peserta Pemilu tak juga lapor maka kena diskualifikasi. https://t.co/p981GfpheN","1079518862977191937","","","in","","0","0","6","https://x.com/undefined/status/1079518862977191937","69183155",
"1079501067002363905","Sun Dec 30 23:25:25 +0000 2018","0","@eae18 Lah memang sekarang jamannya GO (Megawati) Satria Piningit Hamung Tuwuh. Yg menjabat bonekanya saja. 2019 mudah2an RO (PRAbowo) Satria Lelono Topo Ngrame (duda). Gotak gatik gatuk. S/d 2004 itu Gus Dur yg terpilih (Satria jinumput sumela atur. Presiden pengganti itu wapres","1079518852545863680","","effendi____","in","","0","0","0","https://x.com/undefined/status/1079518852545863680","886101503383003137",
"1079518849094033408","Sun Dec 30 23:25:24 +0000 2018","0","Semoga kubu kubu para pendukung Capres di medsos ini dapat menahan diri berfikir realistis dan menyadari bahwa sesungguhnya kita adalah NKRI Indonesia tercinta.","1079518849094033408","","","in","","0","0","0","https://x.com/undefined/status/1079518849094033408","2254339454",
"1079267590063575040","Sun Dec 30 23:25:24 +0000 2018","0","@RirinRi28416916 @riffirifzaldi @Fahrihamzah @prabowo @jokowi Wkwkw ketika mereka di kelompok kalian kalian anggap mereka waras kok. Sekarang mereka di kelompok jokowi dan gw anggap mereka penjilat itu pribadi gw.","1079518846128508928","","","in","","0","0","0","https://x.com/undefined/status/1079518846128508928","3168394879",
"1079271098653409280","Sun Dec 30 23:25:20 +0000 2018","0","@lustigcarrabian @Projoinsyaf @jokowi ","1079518832962691072","","auliarahma747","qme","","0","0","0","https://x.com/undefined/status/1079518832962691072","843352989142200321",
"1078982965571375105","Sun Dec 30 23:25:08 +0000 2018","0","@karniilyas Saya dukung datuk jadi moderator debat capres...biar yg yunior belajar dari datuk...!","1079518780194050048","","karniilyas","in","","0","0","0","https://x.com/undefined/status/1079518780194050048","828442005592158209",
"1079518761307131905","Sun Dec 30 23:25:03 +0000 2018","1","Gak ada bahan yah kualitas cebong yg bikin elektabilitas jokowi nyungseb","1079518761307131905","","","in","","0","0","0","https://x.com/undefined/status/1079518761307131905","1013039595464769536",
"1079518755988721664","Sun Dec 30 23:25:02 +0000 2018","2","Tanggapan kubu Prabowo-Sandi perihal netralitas Bambang Widjojanto sebagai panelis https://t.co/mmBZnXUyxT #Pemilu2019","1079518755988721664","","","in","","2","5","1","https://x.com/undefined/status/1079518755988721664","43799886",
"1079336347939201029","Sun Dec 30 23:25:02 +0000 2018","0","@hardian84163170 @republikaonline pasti siap dong... tp si wowo @prabowo siap tidak???","1079518754210406400","","hardian84163170","in","","0","0","0","https://x.com/undefined/status/1079518754210406400","710061963175309312",
"1079400269182423042","Sun Dec 30 23:24:52 +0000 2018","4","@mochamadarip @SahabatDeMoCL @pengarang_puisi @CebongBajaHitam @Rumono0410 @moan1974 @astidhaniar @Vivittts @saya_AAL @siska_tambunanP @shda_agatha @Ameliamel17 @jonathan_erwan @Ari3Pras @Ghaussada @e_pph @BadjaNuswantara @PersRini @valencia_amara @SinthaS5 @DjanChoek @pujangga1123 prabowo free style sky diving wow kereeeennnnnn ","1079518714322538498","","tailkoxyz","en","","0","0","0","https://x.com/undefined/status/1079518714322538498","995539019839651840",
"1078913657692540928","Sun Dec 30 23:24:48 +0000 2018","0","@ChannelIngusan @Teuku_Setiawan @jokowi Udah pada liat video sandi lagi wudhu blm","1079518698258391040","","ChannelIngusan","in","","0","0","0","https://x.com/undefined/status/1079518698258391040","1011916008301326336",
"1079518614267424768","Sun Dec 30 23:24:28 +0000 2018","0","Inilah kualitas cawapres 02 Baca dulu UU Permendag No.35/2011 dan sampai skrg masih berlaku. Semakin mantap untuk pak jokowi ","1079518614267424768","","","in","","0","0","0","https://x.com/undefined/status/1079518614267424768","525153690",
"1079518607317512192","Sun Dec 30 23:24:27 +0000 2018","0","Saat buku berbau PKI di razia TNI mereka kepanasan bahkan menyuruh Jokowi memecat anggota TNI yang merazia... Makin jelas dan terang saja siapa sebenarnya mereka... https://t.co/Mgpiry4pfz","1079518607317512192","https://pbs.twimg.com/media/Dvs4c2OUwAEQfd3.jpg","","in","","0","0","0","https://x.com/undefined/status/1079518607317512192","905405920137560064",
"1079518598283038722","Sun Dec 30 23:24:24 +0000 2018","0","Andi Arief Minta Mata Jokowi Diberikan untuk Novel Baswedan https://t.co/xrViJGT0xg","1079518598283038722","","","in","","0","0","0","https://x.com/undefined/status/1079518598283038722","1865590470",
"1078864431348539392","Sun Dec 30 23:24:21 +0000 2018","0","@lisaok2210 @maruswijaya @septiani_tisa @jokowi @KemenDesa @KementerianESDM @RamliRizal @budimandjatmiko @BiLLRaY_ @fadjroeL @na_dirs @emerson_yuntho @addiems @iwanfals @permadiaktivis @narkosun @makLambeTurah @FaGtng @yennywahid @RizmaWidiono @triwul82 @SukmaHapsari @Aryprasetyo85 @andika_dikah @SusantiMeliza @Raihanpratama0 @HendiHirmawan @IsaNurisa1 @novinovenda @Noviriza92 @Rendiwardanajos @Raniaraiaa @Dirgapratam @AyuRah10 @raja9213 Kayaknya kok lucu ya perbandingannya ga sinkron kan ya gak balance banget setara gak sih. Serius nih nanya?","1079518584471080960","","lisaok2210","in","","0","0","0","https://x.com/undefined/status/1079518584471080960","1051448836911116288",
"1060370231028137984","Sun Dec 30 23:24:20 +0000 2018","0","@PonpesLirboyo disuruh milih Jokowi eh milih Prabowo gitu ya makna haditsnya","1079518578859110401","","pondok_lirboyo","in","","0","0","0","https://x.com/undefined/status/1079518578859110401","635968611",
"1079267590063575040","Sun Dec 30 23:24:18 +0000 2018","0","@Suharto_BC @Fahrihamzah @prabowo @jokowi @makLambeTurah @habibthink @hariadhi @GunRomli @FaGtng @Lidabasah @NurmaTgr @Dennysiregar7 @TeddyGusnaidi Tapi...#PrabowoGakBisaNgaji","1079518572714459137","","Suharto_BC","in","","0","0","0","https://x.com/undefined/status/1079518572714459137","997446144606154752",
"1079518558206320640","Sun Dec 30 23:24:15 +0000 2018","0","Saksikan Debat Pertama Tgl 17/1/2019 Calon Presiden R.I Pemilu Tahun 2019 https://t.co/OM4oba3YGu lewat @Ahmadlah","1079518558206320640","","","in","","0","0","0","https://x.com/undefined/status/1079518558206320640","3221492198",
"1079518543811469313","Sun Dec 30 23:24:11 +0000 2018","0","Saya sih ga gila2an dukung capres no 1 atw 2 sampai perlu jelek2kan kritik berlebih dan berpikir kalau si no 1 bisa selesaikan mslh bangsa atw si no 2 jd presiden indonesia jd hebat korupsi ga https://t.co/8S4hVE4qC6 pernah impor lg..hehehe..logika berpikirnya yg lurus aja","1079518543811469313","","","in","","0","0","0","https://x.com/undefined/status/1079518543811469313","3072248784",
"1079476148415930369","Sun Dec 30 23:24:09 +0000 2018","0","@detikcom Undangan Tes Baca Alqur-an untuk Capres &amp; Cawapres? BAGUS SIH... TAPI UNTUK APA? Pilpres untuk memilih Kepala Negara.. Bukan untuk mencari Juara MTQ. Bahkan peserta MTQ saja butuh Latihan &amp; Persiapan Khusus. POKOKNYA #2019GantiPresiden #PrabowoSandi! https://t.co/hK75PNjNAa","1079518533132800002","","detikcom","in","","0","2","1","https://x.com/undefined/status/1079518533132800002","82368036",
"1079518529232068608","Sun Dec 30 23:24:08 +0000 2018","0","Menolak Tes Baca Alquran Prabowo Seperti Terpercik Muka Sendiri https://t.co/Wzi4XZGwsa https://t.co/TIekODGO0g","1079518529232068608","https://pbs.twimg.com/media/Dvs4YZZUYAE0Tpp.jpg","","in","","0","0","0","https://x.com/undefined/status/1079518529232068608","886813456875143168",
"1079518525272686593","Sun Dec 30 23:24:07 +0000 2018","0","Ya elah mbak itu kan emang karena dia simpatisan capres itu. Ya wajar bilang gitu. Ngutip mah yang netral dong hahaha","1079518525272686593","","","in","","0","0","0","https://x.com/undefined/status/1079518525272686593","88585441",
"1079518522487853056","Sun Dec 30 23:24:06 +0000 2018","0","Golkar Gorontalo Siap Menangkan Pasangan Jokowi-Ma ruf Amin https://t.co/rhbQfqlXG5 https://t.co/hxbqh31L02","1079518522487853056","https://pbs.twimg.com/media/Dvs4X_6VYAAC-ag.jpg","","in","","0","0","0","https://x.com/undefined/status/1079518522487853056","886813456875143168",
"1079518520021413888","Sun Dec 30 23:24:06 +0000 2018","3","Partai pimpinan Sheikh Hasina Awami League memenangkan pemilu Bangladesh untuk ketiga kalinya. https://t.co/RkrzuwUARk","1079518520021413888","","","in","","0","0","0","https://x.com/undefined/status/1079518520021413888","759692754985242625",
"1079362135606452225","Sun Dec 30 23:24:03 +0000 2018","1","@fadlizon @prabowo @sandiuno @Gerindra #2019GantiBandalam","1079518506826100736","","fadlizon","qme","","0","0","0","https://x.com/undefined/status/1079518506826100736","980097559736721408",
"1079518494373408769","Sun Dec 30 23:24:00 +0000 2018","0","Prabowo Belajar Mengaji di Yordania Ini Cerita dari Gurunya - Islampos https://t.co/VRrJnO2o81","1079518494373408769","","","in","","0","0","0","https://x.com/undefined/status/1079518494373408769","293223246",
"1079373873022328835","Sun Dec 30 23:23:56 +0000 2018","1","@Dennysiregar7 Debat pendukung capres pun tak kalah penting.. #mengenang_masa_lalu #Desi_mati_kutu #tiba_tiba_jadi_unyu2_di_ILC","1079518478086766592","","","in","","0","0","0","https://x.com/undefined/status/1079518478086766592","139804623",
"1076343251819360256","Sun Dec 30 23:23:50 +0000 2018","0","@mohmahfudmd Gara2 Jokowi baru bisa terjadi","1079518451763298304","","mohmahfudmd","in","","0","0","0","https://x.com/undefined/status/1079518451763298304","887314382031433728",
"1079518406485757952","Sun Dec 30 23:23:39 +0000 2018","0","Maruarar Sirait: Survei Internal PDIP Elektabilitas Jokowi Masih Unggul https://t.co/RhUFZYg9gR https://t.co/zAjrEYcedi","1079518406485757952","https://pbs.twimg.com/media/Dvs4RQMU8AA5-wN.jpg","","in","","0","0","0","https://x.com/undefined/status/1079518406485757952","1060371244376150017",
"1079518376211435522","Sun Dec 30 23:23:32 +0000 2018","0","Megawati Meminta Jokowi Pecat Anggota TNI yang Razia Buku Berbau PKI Jika Tidak... https://t.co/ik491qCj1P","1079518376211435522","","","in","","0","0","0","https://x.com/undefined/status/1079518376211435522","265697552",
"1079518368804200449","Sun Dec 30 23:23:30 +0000 2018","7","PRASASTI Satu Suara Dukung @prabowo - @sandiuno #2019GantiPresiden @eliya_mkom @WawanLeak @panca66 @divapijar72 @Dahnilanzar @MbahUyok @ustovath @RajaPurwa @arch_v3nture @kangsemproel @Dody_Lukas___ @herditiya1 @swulll @PEPESOfficial @fadlizon https://t.co/s99678RvBC","1079518368804200449","https://pbs.twimg.com/media/Dvs4OYFUcAAu5Wk.jpg","","in","","1","0","6","https://x.com/undefined/status/1079518368804200449","1078505136492707840",
"1079271098653409280","Sun Dec 30 23:23:26 +0000 2018","0","@jokowi Oke pak. Tunaikan aja janji mu. 2019pulangkesolo","1079518354203791360","","jokowi","in","","0","0","0","https://x.com/undefined/status/1079518354203791360","1054148317255413760",
"1079518343978115072","Sun Dec 30 23:23:24 +0000 2018","0","@Jhaca4 @akusopohayooooo wkwkwkwk janji jokowi omong kosong ","1079518343978115072","","","in","","0","1","0","https://x.com/undefined/status/1079518343978115072","1013039595464769536",
"1079267590063575040","Sun Dec 30 23:23:11 +0000 2018","0","@RirinRi28416916 @riffirifzaldi @Fahrihamzah @prabowo @jokowi https://t.co/iC9HSNTdlp","1079518289615671297","https://pbs.twimg.com/ext_tw_video_thumb/1079516505174228992/pu/img/4uyygrl4JetDkuEv.jpg","","qme","","0","0","0","https://x.com/undefined/status/1079518289615671297","997446144606154752",
"1079210915675877376","Sun Dec 30 23:23:04 +0000 2018","0","@CNNIndonesia @jokowi D tengah penderitaan seorng pemingpin mlah asik pencitraan","1079518259026644992","","CNNIndonesia","in","","0","0","0","https://x.com/undefined/status/1079518259026644992","2801533537",
"1078864431348539392","Sun Dec 30 23:22:47 +0000 2018","0","@maruswijaya @septiani_tisa @dwiaraa @jokowi @KemenDesa @KementerianESDM @RamliRizal @budimandjatmiko @BiLLRaY_ @fadjroeL @na_dirs @emerson_yuntho @addiems @iwanfals @permadiaktivis @narkosun @makLambeTurah @FaGtng @yennywahid @RizmaWidiono @triwul82 @SukmaHapsari @Aryprasetyo85 @andika_dikah @SusantiMeliza @Raihanpratama0 @HendiHirmawan @IsaNurisa1 @novinovenda @Noviriza92 @Rendiwardanajos @Raniaraiaa @Dirgapratam @AyuRah10 @raja9213 Ya iyalah yg ngutang lu sndiri ","1079518189556424704","","maruswijaya","in","","0","3","0","https://x.com/undefined/status/1079518189556424704","1049219879151104000",
"1078955360495390721","Sun Dec 30 23:22:45 +0000 2018","1","@Dony71996672 @prabowo @Cak_Bram @Astuty64 @bengkeldodo @putrabanten80 @marierteman @ustadtengkuzul @haikal_hassan @Hanggar_Dini Kapan abu godok iki mulute di sumbat sadal","1079518179016097792","","Dony71996672","in","","0","0","0","https://x.com/undefined/status/1079518179016097792","971993588509757440",
"1079518168412897281","Sun Dec 30 23:22:42 +0000 2018","671","Benarkah @jokowi gak bisa Sholat? Nih bukti fakta jawaban dan saksi hidupnya masih ada dan orangnya skrg ada dikubu oposisi. Benarkah @prabowo gak bisa ngaji dan gk tahu bacaan sholat? Bukti dan jawabannya nyari kemana? https://t.co/5afR9khBBC","1079518168412897281","https://pbs.twimg.com/ext_tw_video_thumb/1079516076457656321/pu/img/09VSB882ZkL5bpkK.jpg","","in","","49","48","374","https://x.com/undefined/status/1079518168412897281","2156465923",
"1076448257075761153","Sun Dec 30 23:22:41 +0000 2018","0","@detikcom Kiranya rakyat Indonesia msh percaya kpd Jokowi","1079518166261194752","","detikcom","in","","0","0","0","https://x.com/undefined/status/1079518166261194752","887314382031433728",
"1079270882944503810","Sun Dec 30 23:22:32 +0000 2018","0","@rd_elbs @kadesjancukers @Gerindra @prabowo Prettt...","1079518126553755649","","","en","","0","0","0","https://x.com/undefined/status/1079518126553755649","754479585438359552",
"1079516118916595712","Sun Dec 30 23:22:32 +0000 2018","3","@mnkamba @eae18 Saya setuju ada nya syarat Presiden bisa baca Al-Quran tapi dgn syarat kita harus kembali .. Ketuhanan Yang Maha Esa sebagai ganti dari Negara berdasarkan atas Ketuhan dengan kewajiban menjalankan syariat Islam bagi pemeluk-pemeluknya. @jokowi @prabowo setuju?","1079518124997627904","","mnkamba","in","","0","0","1","https://x.com/undefined/status/1079518124997627904","996811546700349440",
"1079518124775362560","Sun Dec 30 23:22:32 +0000 2018","0","@Jhaca4 @akusopohayooooo @jokowi pelanggar ham ada dikubu jokowi","1079518124775362560","","","in","","0","0","0","https://x.com/undefined/status/1079518124775362560","1013039595464769536",
"1079267590063575040","Sun Dec 30 23:22:30 +0000 2018","0","@Fahrihamzah @prabowo Dah pada parno. Dungu","1079518116726530048","","Fahrihamzah","in","","0","0","0","https://x.com/undefined/status/1079518116726530048","1051932178102202368",
"1079267590063575040","Sun Dec 30 23:22:24 +0000 2018","0","@superkiboo @Fahrihamzah @prabowo @jokowi @Ferdinand_Haean Satu pabrik sama aja isinya.","1079518093435592709","","","in","","0","0","0","https://x.com/undefined/status/1079518093435592709","3168394879",
"1079267590063575040","Sun Dec 30 23:22:14 +0000 2018","0","@Fahrihamzah @prabowo @jokowi Sisi gelap adalah Yin sisi terang adalah Yang. Aku ciptakan serba berpasangan agar kamu memahami kekuasaanku . Berhati-hatilah!","1079518048950804480","","Fahrihamzah","in","","0","0","0","https://x.com/undefined/status/1079518048950804480","942061577297002497",
"1079518010522578944","Sun Dec 30 23:22:04 +0000 2018","16","Kubu Prabowo Sebut Uji Baca Alquran Tak Perlu Dilakukan https://t.co/SL2CyxdAr6 https://t.co/Epop5cBOnl","1079518010522578944","https://pbs.twimg.com/media/Dvs36O-VYAANIXl.jpg","","in","","6","29","6","https://x.com/undefined/status/1079518010522578944","17128975",
"1079514925561565184","Sun Dec 30 23:21:59 +0000 2018","0","@PRINCESLAMPIR @prabowo @sandiuno Termasuk capres cawapres yg meminta.dan menerima sumbangan dari rakyat itu yg miskin atau memiskinkan dirinya sendiri.","1079517987277701120","","ayu_promote","in","","1","0","1","https://x.com/undefined/status/1079517987277701120","2423043132",
"1077796432906612736","Sun Dec 30 23:21:53 +0000 2018","0","@ithuts Prabowo gk suka ngibul BEGO","1079517964653649920","","ithuts","in","","0","0","0","https://x.com/undefined/status/1079517964653649920","840932880",
"1079203933191426049","Sun Dec 30 23:21:50 +0000 2018","0","@JayaSatrianie @prabowo pasti tenang aja gak usah minta","1079517952322416640","","JayaSatrianie","in","","0","0","0","https://x.com/undefined/status/1079517952322416640","426483694",
"1079517937029984256","Sun Dec 30 23:21:47 +0000 2018","0","Bentar deh ini kelakuan siapa sih? Serius yang bikin ini terlalu pintar Kalo capres-cawapres nomor 10 ini beneran ada aing pilih mereka. Capres-cawapres 01 dan 02 tidak ada yang sanggup meyakinkan hamba (sejauh ini)","1079517937029984256","","","in","","0","0","0","https://x.com/undefined/status/1079517937029984256","43486000",
"1079267590063575040","Sun Dec 30 23:21:38 +0000 2018","0","@Fahrihamzah @prabowo @jokowi Kita hanya ikutin rule aja pak siapa yg memulai dluan! ","1079517899109294080","","Fahrihamzah","in","","0","0","0","https://x.com/undefined/status/1079517899109294080","3168394879",
"1079284322098569218","Sun Dec 30 23:21:36 +0000 2018","0","@Rezt_zek3 @fahrudinmy @Fahrihamzah @ustadtengkuzul @haikal_hassan Sama skali ga ngiri gw. Cuman heran aja katanya yg pilih adalah ulama. Waktu di DKI jg gembar gembor jgn pilih pemimpin kafir bla bla bla. Trus skrg partai2 pengusung itu milih capres yg solat aja ga benar ngaji blom tentu bisa wudhu jg slah2. Gmana siihh","1079517893652434946","","zeke_683","in","","0","0","0","https://x.com/undefined/status/1079517893652434946","1939841192",
"1079217299465285633","Sun Dec 30 23:21:31 +0000 2018","1","@RestyCayah Milih anjing daripada milih prabowo? Berarti yg disebut anjing itu siapa ya? ","1079517871812694016","","RestyCayah","in","","0","0","1","https://x.com/undefined/status/1079517871812694016","215952122",
"1079445587869618177","Sun Dec 30 23:21:30 +0000 2018","0","@AryaSinulingga @AryaSinulingga dulu teriak2 paling kenceng jangan bawa2 agama ke dunia politik eh sekarang malah paling kenceng buat Capres test Baca Al-Qur'an. Tp kita setuju nih hbs ini ubah sebuah UU peninggalan Belanda ke UU Syariah yg sesuai dengan Al-Qur'an dan Hadits yah","1079517867370926081","","AryaSinulingga","in","","0","0","0","https://x.com/undefined/status/1079517867370926081","745087008331042816",
"1079231614939365377","Sun Dec 30 23:21:19 +0000 2018","0","@jokowi Semoga Jokowi terpilih lagi utk periode ke 2... Amin ya Allah","1079517818310221824","","jokowi","in","","0","0","0","https://x.com/undefined/status/1079517818310221824","887314382031433728",
"1079176434671747072","Sun Dec 30 23:21:09 +0000 2018","0","@yusuf_dumdum wowo Sok ikut bela Alquran tp ga bisa baca alquran...wowo @prabowo munafik","1079517778401349632","","yusuf_dumdum","in","","0","0","0","https://x.com/undefined/status/1079517778401349632","710061963175309312",
"1079176434671747072","Sun Dec 30 23:21:08 +0000 2018","0","@yusuf_dumdum Kalau cuma capres doang ga adillah gw yakin kalau kriteria nya itu PKS paling banyak yang jadi Anggota Dewan","1079517772370010112","","yusuf_dumdum","in","","0","0","0","https://x.com/undefined/status/1079517772370010112","405225996",
"1079393295476744192","Sun Dec 30 23:21:02 +0000 2018","0","@AkunTofa Maaf anda bukan siapa2...bukan juga capres","1079517747187339264","","AkunTofa","in","","0","0","0","https://x.com/undefined/status/1079517747187339264","85708930",
"1079346372678053889","Sun Dec 30 23:21:00 +0000 2018","0","@putrabanten80 Lawan jokowi bkn prabowo tapi rakyat Indonesia yg blm sejahtera. Mantap mak! ️","1079517738744262656","","Oku__records","in","","0","0","0","https://x.com/undefined/status/1079517738744262656","800699322031407105",
"1078901656220303360","Sun Dec 30 23:20:57 +0000 2018","0","@demokrasionline @Ferdinand_Haean Ya kan itu versi kamvret kalau versi gw Jokowi presiden hebat SBY 10tahun buat Lampung gak ada pembangunan Jokowi 4tahun tol pelabuhan bandara bendungan ingat bandara Lampung naik level ke bandara internasional jalan tol 140km selesai 4tahun ","1079517727679688704","","demokrasicoid","in","","0","0","0","https://x.com/undefined/status/1079517727679688704","1062301722205274112",
"1079305157962153984","Sun Dec 30 23:20:55 +0000 2018","0","@sandiuno Capres hasil ijtima ulama pimpinan imam besar umat Islam Indonesia HRS didukung fpi pks pan (partai Alla) bisa baca Alquran tdk penting. https://t.co/tYqtI0q22h","1079517718338912256","https://pbs.twimg.com/media/Dvs3omXU0AArYO2.jpg","sandiuno","in","","0","0","0","https://x.com/undefined/status/1079517718338912256","937828966479511552",
"1079270882944503810","Sun Dec 30 23:20:52 +0000 2018","0","@Gerindra @prabowo Sementara Jokowi siap utk dites baca Al Qur'an: https://t.co/Yv521HuVo7","1079517708088107009","https://pbs.twimg.com/media/Dvs3jicVYAA9sq-.jpg","Gerindra","in","","0","1","0","https://x.com/undefined/status/1079517708088107009","1618738568",
"1079517698042654720","Sun Dec 30 23:20:50 +0000 2018","1","Alhamdulillah acara Kopdar KOMANDO di hadiri Ketua Badan Pemenangan Nasiaonal (BPN) PRABOWO SANDI .. JENDRAL TNI (PURN) DJOKO SANTOSO.... https://t.co/Ho7J2YMUWF","1079517698042654720","https://pbs.twimg.com/media/Dvs3ns0UUAAlpdG.jpg","","in","","0","0","0","https://x.com/undefined/status/1079517698042654720","1045696822180605953",
"1079032177134727168","Sun Dec 30 23:20:38 +0000 2018","0","@fadlizon @prabowo @sandiuno mumpung msh jabar jd dpr koar2 trs. thn depan jd gelandangan politik","1079517647924940802","","fadlizon","in","","0","0","0","https://x.com/undefined/status/1079517647924940802","1052459229104263169",
"1079514542781038594","Sun Dec 30 23:20:30 +0000 2018","0","@Hasandairy @prabowo ","1079517614534156288","","Hasandairy","qme","","0","0","0","https://x.com/undefined/status/1079517614534156288","777141890277777409",
"1079220683538755585","Sun Dec 30 23:20:21 +0000 2018","0","@Riswan2019Gant1 @dandung82161725 @prabowo @jokowi Tegas dg mukul meja tegas dg banting hp terus ..tegas dg menculik ..gitu ya ?","1079517578391777280","","0m_Brewoks","in","","0","2","0","https://x.com/undefined/status/1079517578391777280","293974942",
"1079270882944503810","Sun Dec 30 23:20:17 +0000 2018","0","@Gerindra @prabowo Mengapa pihak Prabowo menolak tes baca Al Qur'an?? https://t.co/46QuLUXaVs","1079517560096210945","https://pbs.twimg.com/media/Dvs3ds7VAAACpec.jpg","Gerindra","in","","0","1","0","https://x.com/undefined/status/1079517560096210945","1618738568",
"1079514925561565184","Sun Dec 30 23:20:16 +0000 2018","0","@PRINCESLAMPIR @prabowo @sandiuno Yang miskin itu sebetulnya koruptor. Pejabat yang rakus serakah menumpuk harta.","1079517555964833797","","ayu_promote","in","","0","0","1","https://x.com/undefined/status/1079517555964833797","2423043132",
"1079335754390630400","Sun Dec 30 23:20:15 +0000 2018","0","@CakKhum @mrtaufik @prabowo @sandiuno 200jt wahhh gawat ini","1079517553175650305","","suaragagap","in","","0","0","0","https://x.com/undefined/status/1079517553175650305","2160441163",
"1078649146049912833","Sun Dec 30 23:20:11 +0000 2018","0","@prabowo Tak kan terwujud PLAK !","1079517533374341121","","prabowo","in","","0","0","0","https://x.com/undefined/status/1079517533374341121","978096253929050112",
"1079517495999021056","Sun Dec 30 23:20:02 +0000 2018","10","Gerindra: Jokowi Yang Ikut Prabowo Bukan Sebaliknya #KlikRMOL #pilpres https://t.co/UriWDLkaHX","1079517495999021056","","","in","","0","1","6","https://x.com/undefined/status/1079517495999021056","990237626",
"1079193152714506240","Sun Dec 30 23:20:01 +0000 2018","0","@Asmara_1701 Ya Allah mudahkan pasangan @prabowo @sandiuno menangkan pilpres 2019.. Aamiin ya Allah #2019PrabowoSandi #TahunBaruPresidenBaru","1079517493121605632","","Asmara_1701","in","","0","0","0","https://x.com/undefined/status/1079517493121605632","1023930483292266503",
"1079220213248274432","Sun Dec 30 23:19:53 +0000 2018","0","@b3joku @jokowi @RamliRizal @budimandjatmiko @BiLLRaY_ @fadjroeL @Fahrihamzah ","1079517461475520512","","b3joku","qme","","0","0","0","https://x.com/undefined/status/1079517461475520512","1049219879151104000",
"1079517413668839425","Sun Dec 30 23:19:42 +0000 2018","1","Dari dulu sy tidak setuju bhw utk jadi pemimpin pmrnth di level apapun mulai dr lurah smp presiden ketaatan dalam beragama mnjd alat ukur. Jd gak usah lah dilnjtkn polemik soal tes baca kitab suci utk capres smp calur/cakades","1079517413668839425","","","in","","0","0","1","https://x.com/undefined/status/1079517413668839425","2678181307",
"1079517364872347649","Sun Dec 30 23:19:30 +0000 2018","0","Btw thanks a lot Pak @Jokowi berkatmu rumah-kantor cuma 40 menit : )","1079517364872347649","","","in","","0","0","0","https://x.com/undefined/status/1079517364872347649","47908071",
"1076888940907421696","Sun Dec 30 23:19:30 +0000 2018","0","@JsRachman @Bison239 @CH_chotimah @P3nj3l4j4h @prabowo @fasyam7 @sandiuno Saya gag perlu mereka buktikan koq sy msh mo nunggu infrastruktur yg dbangun pertahana jadi semua dlu biar bendungan bs jamin persediaan air buat irigasi petani biar jalan bs buat mempermudah jalur distribusi barang stlh itu kl mo ganti terserah deh hehe ","1079517362108284928","","JsRachman","in","","0","1","0","https://x.com/undefined/status/1079517362108284928","72182191",
"1079517341086412800","Sun Dec 30 23:19:25 +0000 2018","0","Daripada saling hujat mending BongPret taruhan aja dah ya sebungkus rokok dan segelas kopi... Siapa yg bakal jadi presiden Jokowi atau Prabowo...","1079517341086412800","","","in","","0","0","0","https://x.com/undefined/status/1079517341086412800","958766984576954368",
"1079450755893882880","Sun Dec 30 23:19:23 +0000 2018","1","@Bravo_19PPAS @jokowi @prabowo @sandiuno #2019GantiPresiden #TahunBaruPresidenBaru","1079517333121462272","","alhusain77","qme","","0","0","0","https://x.com/undefined/status/1079517333121462272","1058064484667801602",
"1079270882944503810","Sun Dec 30 23:19:23 +0000 2018","0","@DIAHTRIZA @Gerindra @prabowo Fitnahnya yg mana? Prabowo ikut natalan atau prabowo ga bisa ngaji?","1079517332404297728","","DIAHTRIZA","in","","0","0","0","https://x.com/undefined/status/1079517332404297728","754479585438359552",
"1079517332299440128","Sun Dec 30 23:19:23 +0000 2018","0","SBY Turun Langsung Persiapkan Debat Pilpres untuk Prabowo https://t.co/rSOdmXVyWI","1079517332299440128","","","in","","0","0","0","https://x.com/undefined/status/1079517332299440128","85232877",
"1079517305514557440","Sun Dec 30 23:19:16 +0000 2018","0","Sejumlah ulama dari Nahdlatul Ulama Jakarta Timur mendeklarasikan dukungan terhadap pasangan calon presiden dan wakil presiden Joko Widodo atau Jokowi - Ma'ruf Amin. #2019JokowiKyaiMaruf #IndonesiaMajuBerkatJokowi #PSSday https://t.co/guOgZY9Lm8","1079517305514557440","","","in","","0","0","0","https://x.com/undefined/status/1079517305514557440","1036458406846943232",
"1079176434671747072","Sun Dec 30 23:19:16 +0000 2018","0","@yusuf_dumdum Gimana kalau tes baca Alquran nya bukan untuk capres aja paling bagus setiap Ketua Partai juga di tes Baca Alquran Sampi dengan Aleg nya gw setuju banget tuh pasti yang ga setuju orang kafir om @yusuf_dumdum","1079517304981839872","","yusuf_dumdum","in","","0","0","0","https://x.com/undefined/status/1079517304981839872","405225996",
"1079348700441305088","Sun Dec 30 23:19:15 +0000 2018","0","@ustadtengkuzul Pihak Prabowo menolak tes baca Al Qur'an: https://t.co/Ai0X4NiBOc","1079517300460466176","https://pbs.twimg.com/media/Dvs3QLgUcAALFVv.jpg","ustadtengkuzul","in","","0","0","0","https://x.com/undefined/status/1079517300460466176","1618738568",
"1079257223308562432","Sun Dec 30 23:19:13 +0000 2018","0","@Ericklolo4 @M_NUR_R @menpangoid @BKNgoid @jokowi @KSPgoid @setkabgoid Nah kam syarat utama harus ada STR. Berarti tim verifikasi administrasi awalnya ga ngecek. Kan nanti pas pemberkasan baru ketahuan. Yg menentukan NIP kan pemberkasan. Kalo ga lengkap persyaratannya kan sama saja tidak lulus mas.","1079517292457644034","","Ericklolo4","in","","0","0","0","https://x.com/undefined/status/1079517292457644034","932478790118227968",
"1078649146049912833","Sun Dec 30 23:18:52 +0000 2018","0","@Mdony86 @Alkiat9 @prabowo Hati lu gosong tong !","1079517204574396417","","Mdony86","in","","0","1","0","https://x.com/undefined/status/1079517204574396417","978096253929050112",
"1079348700441305088","Sun Dec 30 23:18:49 +0000 2018","0","@ustadtengkuzul Jokowi setuju tes baca Al Qur'an: https://t.co/LdHn2OYecB","1079517190963945472","https://pbs.twimg.com/media/Dvs3J5SU0AAmS6n.jpg","ustadtengkuzul","in","","0","0","0","https://x.com/undefined/status/1079517190963945472","1618738568",
"1079291619864498176","Sun Dec 30 23:18:47 +0000 2018","0","@5Y5_one_70 @bangzul_1988 @jokowi lagunya enk didenger gk ky lagunya dani yg sontoloyo","1079517183334440960","","5Y5_one_70","in","","0","0","0","https://x.com/undefined/status/1079517183334440960","1053470218947710976",
"1079517170181128192","Sun Dec 30 23:18:44 +0000 2018","0","HARI INI SENIN 31 DESEMBER 2018 2 HARI JELANG PENYERAHAN LPSDK PESERTA PEMILU 2019 HARI KE 99 KAMPANYE PEMILU 2019 84 HARI JELANG KAMPANYE RAPAT UMUM DAN KAMPANYE IKLAN DI MEDIA PEMILU 2019 108 HARI JELANG HARI PEMUNGUTAN SUARA PILEG &amp; PILPRES 2019 ### BAWASLU MENGAWASI ###","1079517170181128192","","","in","","0","0","0","https://x.com/undefined/status/1079517170181128192","1078931701902934017",
"1079476148415930369","Sun Dec 30 23:18:34 +0000 2018","1","@detikcom Tes baca Al Quran: jokowi &gt;&lt; prabowo ma'ruf amin &gt;&lt; sandy prediksi score 2:0 untuk jokowi ma'ruf.","1079517129777410048","","detikcom","in","","0","0","0","https://x.com/undefined/status/1079517129777410048","993006108368252928",
"1079517125960552448","Sun Dec 30 23:18:33 +0000 2018","0","DUKUNG BANG TOFA @AkunTofa ingatkan JANJI2 JOKOWI. Ketimbang ikuti gendang yg ditabuh buzzer2nya.","1079517125960552448","","","in","","0","0","0","https://x.com/undefined/status/1079517125960552448","2636332339",
"1079239132109451265","Sun Dec 30 23:18:32 +0000 2018","0","@TeddyGusnaidi Sitedyy penjilat kaos kaki jokowi yg busuk...habis minum air soptexnya bini jokodok","1079517121015476224","","TeddyGusnaidi","in","","0","0","0","https://x.com/undefined/status/1079517121015476224","999938845377351681",
"1079321511079534592","Sun Dec 30 23:18:31 +0000 2018","0","@florielicious Tujuanny yar bs ikutan #2019GantiPresiden ? Trs capres yg dimauin sapa ch? Perusak barisan gini mending ditampol sampe anak krakatau flo... Kalo dia jd pollowku bakal gw blok!!!","1079517114166198273","","florielicious","in","","0","1","0","https://x.com/undefined/status/1079517114166198273","195191106",
"1079362135606452225","Sun Dec 30 23:18:31 +0000 2018","0","@fadlizon @prabowo @sandiuno @Gerindra Capres ijtima ulama ga bisa imam sholat ga bisa ngaji ..berdaulat gimana bro?","1079517113750978561","","fadlizon","in","","0","0","0","https://x.com/undefined/status/1079517113750978561","561049905",
"1079231614939365377","Sun Dec 30 23:18:29 +0000 2018","0","@jokowi Selamat wari Natal man banta kerina","1079517108319338496","","jokowi","in","","0","0","0","https://x.com/undefined/status/1079517108319338496","1579495688",
"1079362135606452225","Sun Dec 30 23:18:25 +0000 2018","0","@fadlizon @prabowo @sandiuno @Gerindra Mimpimu terlalu tinggi ZONK #POLITISIBANCI","1079517090627776512","","fadlizon","in","","0","0","0","https://x.com/undefined/status/1079517090627776512","2526232807",
"1079424757940940801","Sun Dec 30 23:18:25 +0000 2018","3","@RizmaWidiono Allah Maha tahu mana yang ambisi dan mana yang benar² ikhlas itu berbeda apalagi didorong dengan syahwat politik yang menggebu Insya Allah 2019 tetap Jokowi.","1079517090531274752","","RizmaWidiono","in","","0","0","1","https://x.com/undefined/status/1079517090531274752","1044126006435434498",
"1079348700441305088","Sun Dec 30 23:18:16 +0000 2018","0","@ustadtengkuzul Capres Prabowo menolak tes baca Al Qur'an knapa ustadz?? Knapa ga dibuatkan Twitnya?","1079517053269139456","","ustadtengkuzul","in","","0","0","0","https://x.com/undefined/status/1079517053269139456","1618738568",
"1079517013645484032","Sun Dec 30 23:18:07 +0000 2018","0","Aamiin Ya Rabbal'alamiin...Tapi Lawan Pak Prabowo Sandi yg Terberat adalah Kecurangan #2019GantiPresiden #TahunBaruPresidenBaru","1079517013645484032","","","in","","0","0","0","https://x.com/undefined/status/1079517013645484032","1058064484667801602",
"1079516993819045889","Sun Dec 30 23:18:02 +0000 2018","0","BW Jadi Panelis Debat Capres TKN Jokowi-Ma'ruf Kurang Sreg #debatcapres https://t.co/m1YIngy7qa","1079516993819045889","","","in","","0","0","0","https://x.com/undefined/status/1079516993819045889","79130206",
"1079221120874700800","Sun Dec 30 23:18:01 +0000 2018","1","@SusantiMeliza @jokowi @RamliRizal @budimandjatmiko @fadjroeL @BiLLRaY_ Yaa prestasinya jga seabreg ini pun blm trcatat smua agaknya ya wajar kalau rakyat kasih apresiasi https://t.co/sy79A14Arv","1079516988005769216","https://pbs.twimg.com/media/Dvs2-L2UYAAYGxw.jpg","SusantiMeliza","in","","0","0","0","https://x.com/undefined/status/1079516988005769216","1051448836911116288",
"1079402471460528130","Sun Dec 30 23:17:59 +0000 2018","0","@fadlizon Gua kampret dan juga pilih prabowo tp untuk twit anda ini saya bener2 malu karena gak ada rasa simpati buat korban bencana..coba bayangkan bencana ini menimpa kita. Ternyata kecerdasan gak sejalan dg kebijaksanaan.","1079516980787347456","","fadlizon","in","","0","0","0","https://x.com/undefined/status/1079516980787347456","994552344212733952",
"1078649146049912833","Sun Dec 30 23:17:49 +0000 2018","0","@aisyahnorin @Aninfra98 @prabowo Lah emang situ sholat ya gayanya ja kek perek gitu gk bhijab bahas sholat wkwkwk... Ceby ceby klo ahok yg gk disunat doyan ya...","1079516940417196032","","aisyahnorin","in","","0","0","0","https://x.com/undefined/status/1079516940417196032","4091257812",
"1079441236262477824","Sun Dec 30 23:17:48 +0000 2018","0","@MegaSimarmata @prabowo @sandiuno @Gerindra CC @nedi_panjaitan ️","1079516935098757120","","MegaSimarmata","und","","0","0","0","https://x.com/undefined/status/1079516935098757120","1960418923",
"1079281280804515840","Sun Dec 30 23:17:44 +0000 2018","4","@Awink_Jeka01 @Arie_Kriting Justru ity pak jokowi melaksanakan kewajibannya dan biarkan beliau melanjuykan melaksanakan kewajibannya","1079516919139422208","","Awink_Jeka01","in","","0","0","0","https://x.com/undefined/status/1079516919139422208","185814362",
"1079516838407688192","Sun Dec 30 23:17:25 +0000 2018","0","#2019 tidak boleh lagi ada orang yang dipenjarakan Karena tuduhan menista Agama . Apabila Jokowi dan Ma'ruf memenangkan Pilpres kami akan berjuang bahwa kebebasan berserikat kebebasan mengeluarkan pendapat serta... https://t.co/sfATNhrawI","1079516838407688192","","","in","","0","0","0","https://x.com/undefined/status/1079516838407688192","327222398",
"1079516836331380736","Sun Dec 30 23:17:24 +0000 2018","0","Syekh Ali Bantah Isu Merapat ke Jokowi: Sayang Sekali Banyak yang Percaya Hoax https://t.co/S6WhYFPr02","1079516836331380736","","","in","","0","0","0","https://x.com/undefined/status/1079516836331380736","450416737",
"1079516835496656896","Sun Dec 30 23:17:24 +0000 2018","0","Musuh Jokowi akan TETAP serang Jokowi siapapun cawapresnya dan akan TETAP dukung siapapun lawan Jokowi. Kalo gak mau diserang mereka jangan calonkan Jokowi. Jika masih ingin jadikan Jokowi Presiden dukung dan pilih dia..!! As simple as that. #Jokowi2Periode #2019TetapJokowi","1079516835496656896","","","in","","0","0","0","https://x.com/undefined/status/1079516835496656896","1027062099577458688",
"1079140423489093632","Sun Dec 30 23:17:14 +0000 2018","0","@aher28_annie @marierteman @prabowo @sandiuno Ada kuota ? Kamu kudet Yach dgn kegiatan ibu bangsa dilampung","1079516791548784640","","aher28_annie","in","","0","1","0","https://x.com/undefined/status/1079516791548784640","2158367959",
"1079514542781038594","Sun Dec 30 23:17:11 +0000 2018","1","@kangnawan @prabowo Jodoh tidak akan kemana.","1079516779523653632","","kangnawan","in","","0","1","0","https://x.com/undefined/status/1079516779523653632","988289036270751749",
"1079376741129306112","Sun Dec 30 23:17:06 +0000 2018","0","@herryws_ Kalo semua sesuai aturan UUD pemilu ya di tes kesehatan aja g bkln lolos ko..karena ada kepentingan politik y gitu...pdhl dh ga kuat badanya orang pasang ring jantung aja dh 3x","1079516759235878912","","notanactor","in","","0","0","1","https://x.com/undefined/status/1079516759235878912","926974061468459009",
"1079516750226411521","Sun Dec 30 23:17:04 +0000 2018","1","Artinya : seperti yang sudah2.. Dengan segala daya upaya wiranto akan menjegal pak @prabowo bahaya!","1079516750226411521","","","in","","0","1","1","https://x.com/undefined/status/1079516750226411521","185167250",
"1079176434671747072","Sun Dec 30 23:17:04 +0000 2018","0","@FachrudinAchmad @yusuf_dumdum kamunya setuju..tp siwowo @prabowo nya setuju ga...Dengar baca alquran saja dia udah muntah???","1079516748821327872","","FachrudinAchmad","in","","0","1","0","https://x.com/undefined/status/1079516748821327872","710061963175309312",
"1079516741548437515","Sun Dec 30 23:17:02 +0000 2018","1","Pelatihan Bengkel Elektronik Desa Olak Besar. Semoga bermanfaat dan dapat meningkatkan perekonomian masyarakat. #Pemdes_OlakBesar @jokowi @EkoSandjojo @anwsanusi @tppindonesia @TPPI_JAMBI @TPPI_Batanghari https://t.co/P2MzHRKSDf","1079516741548437515","https://pbs.twimg.com/media/Dvs2sFmV4AA9pZW.jpg","","in","","0","0","1","https://x.com/undefined/status/1079516741548437515","1052402753404694528",
"1079353728119975936","Sun Dec 30 23:17:00 +0000 2018","0","@andri_attitude @Slam3hands @paduarsana @yusuf_dumdum @jokowi Bahar smith itu laporan awalnya adalah menghina presiden tpi ternyata tdk bis dituntut soal itu tiba2 kasus pemukulan muncul yg terjadi beberpa thn lalu itupun krn pencemaran nama baik atas pemalsuan id HRS sampai skrang blum ditngkp penguggah soal kasusx lalu sp3 jln terbaik","1079516732035805184","","tukang_esbatu","in","","0","4","0","https://x.com/undefined/status/1079516732035805184","102606343",
"1078645485999599618","Sun Dec 30 23:16:58 +0000 2018","0","@prabowo @CherriLeenZv1 Panik banget ni si cherri bell !!! minum air kelapa muda mba ..biar detak jantungmu slow gituuu ","1079516726205734912","","prabowo","in","","0","0","0","https://x.com/undefined/status/1079516726205734912","1078636990478790661",
"1079516710590279680","Sun Dec 30 23:16:54 +0000 2018","0","Perbuatan kotor kalian akan mengotori kalian sendiri @prabowo @sandiuno Gusti Allah ora sare...","1079516710590279680","","","in","","0","0","0","https://x.com/undefined/status/1079516710590279680","114835882",
"1079362135606452225","Sun Dec 30 23:16:52 +0000 2018","0","@fadlizon @prabowo @sandiuno @Gerindra Saya sangat setuju bila tggl 13 januari ke dua capres di undang DI Aceh untuk tes baca Al-Qur'an untuk meyakinkan kan kedua nya Islam atau cm Islam KTP karna sangat lah wajib bila pemimpin bisa baca Al-Qur'an berati tau hukum agama","1079516699076902917","","fadlizon","in","","0","0","0","https://x.com/undefined/status/1079516699076902917","1077553430065930240",
"1079363799570731009","Sun Dec 30 23:16:51 +0000 2018","0","@Saridee2 @Ferdinand_Haean @jokowi Sh om @Ferdinand_Haean gnteng nya kyak nyemotttt","1079516696740687872","","Saridee2","in","","0","1","0","https://x.com/undefined/status/1079516696740687872","1059081732241014785",
"1079038298222252032","Sun Dec 30 23:16:51 +0000 2018","0","@mq_lvr @satriohendri @prabowo Bykan isu basi itu bos. PKI itu memang diam2 gentayangan bukti terbaru ditemukan lagi buku2 PKI. Malah TNI yg mwnemukan diminta di pecat siapa yg minta memecetnya adalah orang dr PDI. Yg bangga ank PKI jg dsna. Artinya...!! Silakan anda jwb sndri","1079516696359055360","","jey_jailbreaker","in","","0","1","0","https://x.com/undefined/status/1079516696359055360","949095523926999046",
"1079516657008046080","Sun Dec 30 23:16:42 +0000 2018","21","Salut dengan bapak @jokowi kalau dia mau memperkaya diri mah tinggal terima aja dan perpanjang lagi. #JokowiPresidenku #JokowiOrangBaik #JokowiKerjaNyataForRakyat @RamliRizal @budimandjatmiko @BiLLRaY_ #ayoteruskerja #rekanjokowi #rekanjokowilampung #indonesiakuat https://t.co/35geyVhH0V","1079516657008046080","https://pbs.twimg.com/media/Dvs2qxPU0AAyuQ-.jpg","","in","","0","3","6","https://x.com/undefined/status/1079516657008046080","1048438716111368192",
"1079516610891640832","Sun Dec 30 23:16:31 +0000 2018","0","Namanya lawan politik pastilah mencari kesalahan2 lawanya tapi Tuhan itu tidak tidur Ia yang mengangkat Ia juga yg menurunkan. Sekuat apapun kalian berusaha menjatuhkan jokowi tidak akan bisa kalau Allah tdk berkehendak. #tetapjokowi #JokowiMaruf2019 #Jokowi2Periode","1079516610891640832","","","in","","0","0","0","https://x.com/undefined/status/1079516610891640832","1025278791730380805",
"1079516571838476288","Sun Dec 30 23:16:21 +0000 2018","0","Nih pak @prabowo mau diajarin ngaji pak sama Ustas Abdul Somad... @MahesaTiwi @MasCEPUK @DemplonMak @_SEKNAS_RI @Rizmawidiono @TheArieAir @Y_Radianto @A5aparanda @P3nj3l4j4h @4Y4NKZ #PrabowoTolakNgaji https://t.co/ZcwS0Y826v","1079516571838476288","https://pbs.twimg.com/media/Dvs2SgrV4AAFR2_.jpg","","in","","0","0","1","https://x.com/undefined/status/1079516571838476288","1071071389119959040",
"1077886304870780929","Sun Dec 30 23:16:19 +0000 2018","0","@sandiuno @prabowo Indonesia tu sangat luas woeee........","1079516562330071041","","sandiuno","in","","0","0","0","https://x.com/undefined/status/1079516562330071041","782104377184006144",
"1079514673379127296","Sun Dec 30 23:16:18 +0000 2018","0","@Metro_TV Innalillahi Wainailaihi Rojiun waduh bisa2 Jokowi yg disalahin nih","1079516555916922880","","Metro_TV","in","","0","0","0","https://x.com/undefined/status/1079516555916922880","63328946",
"1079271345312096256","Sun Dec 30 23:16:10 +0000 2018","0","@Fahrihamzah @prabowo @jokowi Bukankah politik itu tdk ada kawan maupun lawan bukankah desain awal mereka berdua diangkat ke jakarta utk dicampakkan krn dia berharap presidennya dia dalam Al qur an disebut kamu punya rencana Allah juga punya rencana maka sebaik baik rencana itulah rencana Allah","1079516524547719168","","Fahrihamzah","in","","0","0","0","https://x.com/undefined/status/1079516524547719168","1069047771502567424",
"1078843434805293056","Sun Dec 30 23:16:10 +0000 2018","4","@saididu @Alexemeru Bila aku Jadi pak Jokowi meski malu lewati jalan Tol di wilayah caruban kab. Madiun. Kebanggaan pak Jokowi akan jalan Tol menyisakan luka. MASIH ADA TANAH YG BELUM DIGANTI RUGI. 100 % Bukan Hoax siap Beber fakta.","1079516522572242945","","saididu","in","","0","1","6","https://x.com/undefined/status/1079516522572242945","772656180283912192",
"1079378154123227136","Sun Dec 30 23:16:04 +0000 2018","0","@fadlizon @prabowo @sandiuno @YouTube Nyanyian#POLITIKUSBANCI","1079516500015214592","","fadlizon","hu","","0","0","0","https://x.com/undefined/status/1079516500015214592","2526232807",
"1079516455228473344","Sun Dec 30 23:15:54 +0000 2018","0","Presiden Jokowi mengatakan kini pembangunan infrastruktur tak hanya terfokus di tanah Jawa melainkan sudah bergeser ke pulau lain. #2019JokowiKyaiMaruf #HasilKerjaJokowiMemuaskan #JumatBerkah #HAPPY_BIRTHDAY_WOOJIN https://t.co/rrp5W6PZeV #2019JokowiKyaiMaruf","1079516455228473344","","","in","","0","0","0","https://x.com/undefined/status/1079516455228473344","1033733483179331584",
"1079452796112449537","Sun Dec 30 23:15:49 +0000 2018","2","@FredyWansyah @budimandjatmiko @jokowi Hah..Fred itu bukannya jasamarga? Bumn? yauda sih org2 bermobil dan kelas bawah kan juga manusia warga indonesia. Itu beda lg bahasann. emg knp sih sama hal itu jg? knp jadi dipermasalahin sih sesuatu yg bagus yak? kalo mau sempurna hidup dunia kaga ada sempurna2 nya coy...","1079516437226504192","","FredyWansyah","in","","0","0","0","https://x.com/undefined/status/1079516437226504192","63135514",
"1079199312725176320","Sun Dec 30 23:15:49 +0000 2018","0","@p_priyambodo @Dennysiregar7 @prabowo @jokowi Tapi Jokowi bukan pelaku sedangkan Prabowo pernah mengomandani penculikan itu sendiri.","1079516435255222272","","p_priyambodo","in","","0","1","0","https://x.com/undefined/status/1079516435255222272","1018721899768000512",
"1079516400723595264","Sun Dec 30 23:15:41 +0000 2018","0","Pilihlah Prabowo Sandi #wanitavisioner #wivi2018 #impashadir #impaskeren #instafamous #picture #beautiful #followme #explorationgram #follow #fashion #htfla #picoftheday #like4like https://t.co/gUNcwIen2Y","1079516400723595264","","","in","","0","0","0","https://x.com/undefined/status/1079516400723595264","551229185",
"1079303206675480577","Sun Dec 30 23:15:40 +0000 2018","0","@Dennysiregar7 @jokowi @prabowo Hay pa den sharus nya tugas anda itu membuat pndukung 02 berpindah mnjadi dukung 01..bkan malah sbalikny..buat lah tweet yg cerdas jgn bgini mulu... Malu","1079516399435837440","","","in","","0","0","0","https://x.com/undefined/status/1079516399435837440","2836149356",
"1079516397745594368","Sun Dec 30 23:15:40 +0000 2018","0","I liked a @YouTube video https://t.co/tZhoP9Uu5G Analisa Kejanggalan Drama Rahman Pejalan Kaki Tegal - Jakarta yang Bertemu Prabowo","1079516397745594368","","","in","","0","0","0","https://x.com/undefined/status/1079516397745594368","3789988332",
"1079516396487200768","Sun Dec 30 23:15:40 +0000 2018","0","Saka Bhayangkara Kwaran Sinunukan menolak berita hoax menolak ujaran kebencian mendukukung Pemilu 2019 yang aman dan damai. https://t.co/9rS40gpxrA","1079516396487200768","https://pbs.twimg.com/ext_tw_video_thumb/1079516298889973760/pu/img/Q8gdUJqhpcYPlHUK.jpg","","in","","0","0","0","https://x.com/undefined/status/1079516396487200768","999131183509225472",
"1079269221115166721","Sun Dec 30 23:15:38 +0000 2018","3","@chicohakim @budimandjatmiko Sekalian aja diadain Mubahalah Antar Capres doa yg ingkar janji siap dilaknat Alloh SWT beserta keluarganya. Baru seruu..ini pilpres","1079516391231827968","","chicohakim","in","","0","1","0","https://x.com/undefined/status/1079516391231827968","709865465129115648",
"1079421924395048960","Sun Dec 30 23:15:37 +0000 2018","3","@yadhijashar @jokowi @prabowo Sebagai persiapan presiden dalam pergaulan internasional sekaligus sebagai panglima tertinggi","1079516387079405569","","yadhijashar","in","","0","0","1","https://x.com/undefined/status/1079516387079405569","404035833",
"1078649146049912833","Sun Dec 30 23:15:33 +0000 2018","0","@CXTRENDY @Alkiat9 @prabowo Cebong dungu","1079516367819173888","","CXTRENDY","in","","0","0","0","https://x.com/undefined/status/1079516367819173888","4091257812",
"1079484891211943936","Sun Dec 30 23:15:31 +0000 2018","1","@MbahUyok @YYugesti @ubay_cool Memang susah.. Dikit2 hasil kerja jokowi... Logika dan nalarnya itu lho...","1079516360802066432","","MbahUyok","in","","0","0","0","https://x.com/undefined/status/1079516360802066432","4472452752",
"1079516347787300864","Sun Dec 30 23:15:28 +0000 2018","0","Berita Amien Rais Sindir Jokowi (Lagi) Paling Bikin Kesal Pembaca Jakarta Berita berjudul Sindir Jokowi Lagi Amien Rais: Minyak Gas Kayu untuk Asing menjadi berita paling mengesalkan menurut pembaca. Hal itu tergambar dari emosi yang diberikan p https://t.co/3WP9AToKxw https://t.co/3MQmfOJszb","1079516347787300864","https://pbs.twimg.com/media/Dvs2ZguXcAAJwVC.jpg","","in","","0","0","0","https://x.com/undefined/status/1079516347787300864","1026963021610905600",
"1079271345312096256","Sun Dec 30 23:15:25 +0000 2018","0","@tohari_ikhsan @SiegerAnwalt @Fahrihamzah @prabowo @jokowi Ngomong kemana tangan kemana perintah otak dan gerak tangan gak nyambung","1079516337255272449","","justice50_rip","in","","0","0","0","https://x.com/undefined/status/1079516337255272449","1021051451324313600",
"1079409034480967680","Sun Dec 30 23:15:24 +0000 2018","0","@___Ghostababil_ @prabowo @sandiuno Mereka mmg gerombolan komedian..","1079516331660107776","","IATeam___","in","","0","0","0","https://x.com/undefined/status/1079516331660107776","143310417",
"1075345303895662594","Sun Dec 30 23:15:20 +0000 2018","0","@MRomahurmuziy @jokowi Optimis dua periode","1079516314178179072","","PenikmatGowes","in","","0","0","0","https://x.com/undefined/status/1079516314178179072","1041194149444112386",
"1078611881739182081","Sun Dec 30 23:15:19 +0000 2018","2","@AGoeci @hendriabidin2 @batubara02 @tuanmarajo @andrestgeila93 @SilentH0512 @jokopujakesuma @datuakrajoneng1 @BungHarisNEW @IndraNov1972 @enniekrisna_97 @AlfiandiPiliang @Astuty64 @JendJoen @habibthink @nongandah @kangdede78 @TeddyGusnaidi @yusuf_dumdum @NediSetiadi @MerdekaBrojoe @OtoSecond @FDeashy @SyaifullahAz @DatuakPanduko @young_tanjuang @angkvgadang @prabowo Apo kecek lu ni...?","1079516310810161153","","AGoeci","in","","0","2","1","https://x.com/undefined/status/1079516310810161153","994285449169457152",
"1079395269643399168","Sun Dec 30 23:15:13 +0000 2018","0","@Supri_Sinto @saeful_siregar @sahabat__212 @murry_sutan @AkunTofa @prabowo Selalu dijual https://t.co/dIlhuQJ5qt","1079516285312978944","https://pbs.twimg.com/media/Dvs2VTEVYAEWPm9.jpg","","in","","0","0","0","https://x.com/undefined/status/1079516285312978944","1070620038464331776",
"1079508162586103809","Sun Dec 30 23:15:13 +0000 2018","0","@frans_surya @jokowi yg ada nomernya rata2 baru dibikin bbrp bulan yl..","1079516284872609792","","frans_surya","in","","0","0","0","https://x.com/undefined/status/1079516284872609792","1002982520",
"1079366535267807238","Sun Dec 30 23:15:08 +0000 2018","0","@anton_khairudin @Reza1939 @deckyfals @nazarsjamsuddin Apapun issuesny jokowi yg pasti salah dan jelek ","1079516264974843909","","anton_khairudin","in","","0","1","0","https://x.com/undefined/status/1079516264974843909","1056934103172341760",
"1079362135606452225","Sun Dec 30 23:15:08 +0000 2018","0","@fadlizon @prabowo @sandiuno @Gerindra Otak loe yg harus ganti","1079516264341504000","","fadlizon","in","","0","0","0","https://x.com/undefined/status/1079516264341504000","81864611",
"1079176434671747072","Sun Dec 30 23:15:04 +0000 2018","0","@yance_13 @bsusatio @yusuf_dumdum Bersihkan hati dari rasa benci/antipati tolong list track recordnya dengan akal sehat capres pilihan anda (sikap karakter religius kinerja dll) dan program2nya buat bahan pertimbangan","1079516246549254145","","yansdiart","in","","0","3","0","https://x.com/undefined/status/1079516246549254145","134987597",
"1079329579494330373","Sun Dec 30 23:15:02 +0000 2018","0","@CNNIndonesia @Ferdinand_Haean Andi Arief politikus dungu sampai 2x gw di block di Twitter Nya anti kritik dia masih enak Lo hidup di jaman Jokowi orde baru yasinan rumah Lo @AndiArief__","1079516238160642048","","CNNIndonesia","in","","0","0","0","https://x.com/undefined/status/1079516238160642048","1062301722205274112",
"1079271098653409280","Sun Dec 30 23:14:58 +0000 2018","2","@Hibban45326379 @jokowi kandidatnya cm wowo lbh baik??? hacih..","1079516223002468352","","Hibban_abdur","in","","0","0","0","https://x.com/undefined/status/1079516223002468352","1052459229104263169",
"1079516205487136768","Sun Dec 30 23:14:54 +0000 2018","0","Acara debat capres cawapres itu Demokrat liberal bkn demokrasi Pancasila. Hanya mempermalukan pemimpin","1079516205487136768","","","in","","0","0","0","https://x.com/undefined/status/1079516205487136768","617560633",
"1079484891211943936","Sun Dec 30 23:14:51 +0000 2018","4","@MbahUyok Borobudur mungkin Jokowi jga yg Bangun Ya? #2019GantiPresiden #TahunBaruPresidenBaru","1079516194372120576","","MbahUyok","in","","0","0","0","https://x.com/undefined/status/1079516194372120576","1058064484667801602",
"1079358072131371008","Sun Dec 30 23:14:44 +0000 2018","0","@Umnia77 @Ndon08Back Lehernya sdh gemringging prindang prinding alias bulu leher dan bulu kuduk berdiri jk lihat foto prabowo clurit bendo ataupun golok....hehe","1079516163791413248","","Umnia77","in","","0","0","0","https://x.com/undefined/status/1079516163791413248","722056459",
"1079516163112001536","Sun Dec 30 23:14:44 +0000 2018","1","Rakyat indonesia merasa tertipu dengan Bapak @prabowo Karena bapak bilang umat islam dan dan diusung oleh ulama. Tapi pas diundang tes baca Qur'an bapak malas menolak. Terus bagaimana pak?? #PrabowoTolakNgaji","1079516163112001536","","","in","","1","0","0","https://x.com/undefined/status/1079516163112001536","1071071389119959040",
"1079421924395048960","Sun Dec 30 23:14:43 +0000 2018","1","@yadhijashar @jokowi @prabowo Udah itu kita cari lembaga bahasa kredibel utk tes TOEFL TOEIC bhsa asing lainnya baru tes bersenjata dan strategi tempur/perthanan semesta","1079516160620548096","","yadhijashar","in","","0","0","1","https://x.com/undefined/status/1079516160620548096","404035833",
"1079516119717765120","Sun Dec 30 23:14:34 +0000 2018","2","Prabowo: RI Terancam Krisis Air Krisis Minyak dan Air Laut Masuk HI di 2025 https://t.co/b4JTth5K7h","1079516119717765120","","","in","","0","0","1","https://x.com/undefined/status/1079516119717765120","1078505136492707840",
"1079284322098569218","Sun Dec 30 23:14:29 +0000 2018","1","@Romelah_mel @umihanif2 @Fahrihamzah Begitulah orang yg sok tahu. Bahkan sampai saat ini pak Prabowo masih bisa bepergian ke luar negeri sedangkan si atasan... entahlah ","1079516099664723969","","Romelah_mel","in","","0","1","0","https://x.com/undefined/status/1079516099664723969","2328815964",
"1078649146049912833","Sun Dec 30 23:14:26 +0000 2018","0","@78Kabar @Alkiat9 @prabowo Drpd gosong lidah lu menjilat pantat cebong wkwkwk","1079516089321582592","","78Kabar","in","","0","1","0","https://x.com/undefined/status/1079516089321582592","4091257812",
"1074616820613541888","Sun Dec 30 23:14:26 +0000 2018","0","@MRomahurmuziy @DPP_PPP @jokowi Sehat dan panjang umur Pak Kyai","1079516086779826176","","PenikmatGowes","in","","0","0","0","https://x.com/undefined/status/1079516086779826176","1041194149444112386",
"1079232883196289024","Sun Dec 30 23:14:20 +0000 2018","0","@Cobeh09 Jendral @prabowo pastinya ","1079516063459495936","","Cobeh09","in","","0","0","0","https://x.com/undefined/status/1079516063459495936","767136148154036226",
"1079516046711697408","Sun Dec 30 23:14:16 +0000 2018","0","Dudududu Ketauan kan ga bisa ngaji nih orang @prabowo masih maksa mau jadi presiden? Mau di bawa kemana bung nasib Indonesia ini? #PrabowoTolakNgaji","1079516046711697408","","","in","","0","0","0","https://x.com/undefined/status/1079516046711697408","1070884336507867137",
"1078645485999599618","Sun Dec 30 23:14:07 +0000 2018","0","@CherriLeenZv1 @TeEmirNago @prabowo Hahahahha....paniknya bukan main. ","1079516006798700544","","","tl","","0","0","0","https://x.com/undefined/status/1079516006798700544","1078636990478790661",
"1079389788401061889","Sun Dec 30 23:14:05 +0000 2018","0","@dayatia Sekarang milih Jokowi tapi berharap Prabowo yg menang. Agar nasib dokter berubah tidak bernasib yg sama dengan dokday. Baik banget dokday ini salut . :p","1079516002067439618","","","in","","0","0","1","https://x.com/undefined/status/1079516002067439618","110083630",
"1079044708762931200","Sun Dec 30 23:14:05 +0000 2018","0","@Indah52664937 @adv_supyadi @han_tgr @prabowo Cebong rajin tereakin kita intoleransi &amp; anti kebhinekaan ternyata mereka sendiri yg intoleran.","1079515998904938497","","Indah52664937","in","","0","0","0","https://x.com/undefined/status/1079515998904938497","447472272",
"1079515976595660800","Sun Dec 30 23:13:59 +0000 2018","0","Yenny Wahid: Jokowi Tegas dan Berani - Jokowi App https://t.co/n3BnWPeiAX","1079515976595660800","","","in","","0","0","0","https://x.com/undefined/status/1079515976595660800","1068546781",
"1079512513408978944","Sun Dec 30 23:13:55 +0000 2018","0","@andrie_bob @marierteman Cakap menjadi imam shalat dan fasih membaca Al Qur'an adalah langkah kecil menuju tegaknya khilafah di Nusantara. Terima kasih Pak Jokowi.","1079515959868645376","","Bobby_zipp","in","","0","1","0","https://x.com/undefined/status/1079515959868645376","902523003862368256",
"1079515940537147392","Sun Dec 30 23:13:51 +0000 2018","0","#Repost from @fuady98 with https://t.co/8uxMLcbEax ... Konsolidasi Rakor tk Kabupaten dlm rangka Kesiapan Pemilu 2019 Kabupaten Gunung Kidul. Kesiapan pelaksanaan Pemilu 2019 terus dilakukan untuk https://t.co/BwZ7MQ4ygw","1079515940537147392","","","in","","0","0","0","https://x.com/undefined/status/1079515940537147392","978478736994521089",
"1079515924129038336","Sun Dec 30 23:13:47 +0000 2018","0","Maruarar: Bukan Tak Mungkin Jokowi dan Prabowo Bersatu Usai Pilpres https://t.co/SUZZ49WDcp","1079515924129038336","","","in","","0","0","0","https://x.com/undefined/status/1079515924129038336","846715204637376513",
"1079515899055419392","Sun Dec 30 23:13:41 +0000 2018","0","Dicek dulu...isi perjanjian almarhum mantan mertua capres no 2 dulu bagaimana hayo..kalau ga tahu isi lalu kritik bungkus yaaaah...jadi loetjoe...","1079515899055419392","","","in","","0","0","0","https://x.com/undefined/status/1079515899055419392","3072248784",
"1079515890121465857","Sun Dec 30 23:13:39 +0000 2018","0","Deklarasi Pemilu Tahun 2019 yang Aman Damai dan Sejuk Oleh Karyawan CV sejahtera Sejati parit 3 Kelurahan Tembilahan barat Kec. Tembilahan Hulu Kab.Inhil. https://t.co/WLC6YxwxZ4","1079515890121465857","https://pbs.twimg.com/ext_tw_video_thumb/1079515528471838720/pu/img/D9KQE_BoQ6pUE9lp.jpg","","in","","0","0","0","https://x.com/undefined/status/1079515890121465857","2149035932",
"1079508879749173250","Sun Dec 30 23:13:31 +0000 2018","1","@kupinang Afwan ustad tapi apa dlm ht kecil njenengan ga merasa aneh ketika capres pilihan ijtima ulama saja islamnya dipertanyakan. Lalu bagaimana harusnya kita bersikap dlm taun politik ini? Maturnuwun","1079515857921835008","","kupinang","in","","0","1","0","https://x.com/undefined/status/1079515857921835008","74162093",
"1078611881739182081","Sun Dec 30 23:13:28 +0000 2018","0","@AGoeci @hendriabidin2 @batubara02 @tuanmarajo @SilentH0512 @jokopujakesuma @datuakrajoneng1 @BungHarisNEW @IndraNov1972 @enniekrisna_97 @AlfiandiPiliang @Astuty64 @JendJoen @habibthink @nongandah @kangdede78 @TeddyGusnaidi @yusuf_dumdum @NediSetiadi @MerdekaBrojoe @SiPeciMerah @OtoSecond @FDeashy @SyaifullahAz @DatuakPanduko @young_tanjuang @angkvgadang @prabowo Kerja.. kerja... kerja... jadi bajak jo lah ang lai... samo jo kabau...","1079515842776203264","","AGoeci","in","","0","0","0","https://x.com/undefined/status/1079515842776203264","742928447526293504",
"1079267590063575040","Sun Dec 30 23:13:19 +0000 2018","0","@riffirifzaldi @begukoya @RirinRi28416916 @Fahrihamzah @prabowo @jokowi @hnurwahid Waduh... mashab apa ini ? Ada yg tau ?","1079515808768770050","","riffirifzaldi","in","","0","0","0","https://x.com/undefined/status/1079515808768770050","997446144606154752",
"1079213151453769729","Sun Dec 30 23:13:19 +0000 2018","1","@ApriliaLin Sederhana saja kenapa terbentuk masa 212 di era jokowi tdk dipresiden lain? 212 adalah simbol bentuk perlawanan umat thd pemimpin yg kerap memarjinalkan Islam. Aksi 212 adalah bukti paling sah umat Islam Indonesia tidak suka kepemimpinan jokowi.. https://t.co/TX3WQe4HoW","1079515806524891136","https://pbs.twimg.com/ext_tw_video_thumb/1075385111355449344/pu/img/CHc9J3nVHCPCnLeQ.jpg","ApriliaLin","in","","0","0","1","https://x.com/undefined/status/1079515806524891136","971046093331943424",
"1079174055029141505","Sun Dec 30 23:13:14 +0000 2018","0","@wahyu2716_ @jokowi @Chilli_Pari @kaesangp Bapake.. ngganteng tenan ","1079515788141223936","","un_abcxyz","in","","0","0","0","https://x.com/undefined/status/1079515788141223936","355396322",
"1079515775352791040","Sun Dec 30 23:13:11 +0000 2018","0","Andre Rosiade Anggota Badan Komunikasi DPP Menyebut Lebih pantas kalau Pak Prabowo dan Sandi belajar ngaji dengan Kiai Ma'ruf. Beliau ulama besar banyak tokoh agama yang berguru sama beliau. #PrabowoTolakNgaji https://t.co/mmFtjaVJU8","1079515775352791040","","","in","","0","0","0","https://x.com/undefined/status/1079515775352791040","1071123099960004608",
"1079320149042188288","Sun Dec 30 23:12:49 +0000 2018","0","@maspiyuuu @prabowo @sandiuno Masa iya Capres Hasil Dukungan Ulama ga bisa ngaji? Etapi kata teman Beliau Pak @prabowo bisa bahasa Arab https://t.co/MtATXsTdUh","1079515682448891909","https://pbs.twimg.com/media/Dvs1yFrVsAAMZ0U.jpg","mas_piyuuu","in","","0","0","0","https://x.com/undefined/status/1079515682448891909","969527895726071809",
"1079267590063575040","Sun Dec 30 23:12:45 +0000 2018","2","@panjuleha @titisuharti @RirinRi28416916 @riffirifzaldi @Fahrihamzah @prabowo @jokowi Dan faktanya Ratna sarumpaet adalah Puncak dari HOAX berjamaah kelompok 02.","1079515665684283392","","panjuleha","in","","0","1","0","https://x.com/undefined/status/1079515665684283392","996722864429518849",
"1079272489505546240","Sun Dec 30 23:12:45 +0000 2018","5","@SiegerAnwalt Kalo ngomong prestasi lg gua kutuk jadi orang dungu se Indonesia lho... Dimana jokowi punya prestasi ??? Kalo pembohong iya","1079515664035921920","","PresideNetizen","in","","0","0","0","https://x.com/undefined/status/1079515664035921920","1021051451324313600",
"1079319846897147904","Sun Dec 30 23:12:41 +0000 2018","0","@AGoeci @makLambeTurah @RizmaWidiono @mohmahfudmd @na_dirs @GunRomli @muannas_alaidid @sahaL_AS @GPAnsor_Satu Tujuannya sudah bukan masalah benar dan salah strategi mereka adalah bagaimana rakyat bisa mengingat bahwa ada capres selain Pk Jokowi sekalipun harus mempermainkan agama.","1079515647426490368","","AGoeci","in","","0","0","0","https://x.com/undefined/status/1079515647426490368","387503902",
"1079199312725176320","Sun Dec 30 23:12:37 +0000 2018","0","@Dennysiregar7 @prabowo Sukuriin..","1079515630649278464","","","in","","0","0","0","https://x.com/undefined/status/1079515630649278464","986392546464088064",
"1079515540870348800","Sun Dec 30 23:12:16 +0000 2018","0","Menurut saya gk acara debat capres cawapres gk mencerahkan dan hanya bikin panas persaingan","1079515540870348800","","","in","","0","0","0","https://x.com/undefined/status/1079515540870348800","617560633",
"1079515518250344448","Sun Dec 30 23:12:10 +0000 2018","1","kriteria pilih suami: 1) Cowo 2) NU 3) Pilih Capres #01JokowiLagi udah itu aja.. wqq #Nurulization #PrincessLyfe #PoemNMW","1079515518250344448","","","in","","0","0","0","https://x.com/undefined/status/1079515518250344448","1032980936848105472",
"1079243848746885121","Sun Dec 30 23:12:00 +0000 2018","0","@MahesaTiwi @jokowi @mariaputri89 @FaGtng @MasCEPUK @KerjaDuaPeriode @BacotxPilpres @Candraasmara85 @Lidabasah @NurmaTgr @JokSusi2019 @diasfaraa @V_Stone_Kardol @SalmaBrecht @TiaraShinta_ @addiems Hidup caklontong..","1079515475548098560","","mahesatiwi","in","","0","0","0","https://x.com/undefined/status/1079515475548098560","986392546464088064",
"1079515463674036224","Sun Dec 30 23:11:57 +0000 2018","0","Jokowi membumihanguskan sendiri el3ktabilitasnya cc @Next_J2P @LusiHQ @Kars104 @EliasAdi79","1079515463674036224","","","in","","0","0","1","https://x.com/undefined/status/1079515463674036224","798374420456751104",
"1079296852808232961","Sun Dec 30 23:11:57 +0000 2018","2","@swulll @prabowo @Dahnilanzar @Gerindra @fadlizon @habiburokhman @LisaAmartaTara @RosyDPS @kangsemproel @harysantana @umibasyar @MichelaniaAdam @PriyoBudiS @Ajeng__Cute16 @Maulana_Tigor @AsFairus Baarokunalloh buat emak2 se Indonesia Raya dan emak2 wni di luar negeri. In syaa Alloh #2019GantiPresiden #2019PrabowoSandi #2019PrabowoPresiden","1079515462264737792","","swulll","in","","0","0","2","https://x.com/undefined/status/1079515462264737792","1027394711932137474",
"1079280330861768704","Sun Dec 30 23:11:56 +0000 2018","0","@fatima_luthfian @sandiuno @kangdede78 @BiLLRaY_ @ASapardan @P3nj3l4j4h @MurtadhaOne @INTANHambaAllah @addiems @RizmaWidiono Setiap org tuh punya kekurngan dn kelebihan oyy udh pada sempurna kali ya sehingga kita gampng mengkritik dan memprovokasi sesuatu hal yg di kaitkan dengan agama .... Mau itu jokowi mau probowo klo di lihat dari segi agama ya mereka semua kurng","1079515459085426688","","fatima_luthfian","in","","0","1","0","https://x.com/undefined/status/1079515459085426688","1074561944407879680",
"1079515432602632192","Sun Dec 30 23:11:50 +0000 2018","0","Tolak Tes Baca Al-Quran Tim Prabowo Samakan dengan Pilih Ketum PSSI https://t.co/ld1h04JB7L #PrabowoTolakNgaji","1079515432602632192","","","in","","0","0","0","https://x.com/undefined/status/1079515432602632192","1071106362258538496",
"1079411064687681537","Sun Dec 30 23:11:43 +0000 2018","1","@AnnaSuezann CAPRES LO GA BISA WUDLU GA BENER SHOLAWATAN GA BISA NGIMAM GA BISA DIAJAK ADU NGAJI JANGAN SO SO RELIGIUS LAH... KEDOK KALIAN SUDAH TERBUKA RAKYAT SUDAH TAU MAU NYERANG DENGAN HOAX... DOSA MULU KELAKUAN LO...","1079515404463005696","","AnnaSuezann","in","","0","2","0","https://x.com/undefined/status/1079515404463005696","987160011901030400",
"1079271098653409280","Sun Dec 30 23:11:42 +0000 2018","1","@lustigcarrabian @Projoinsyaf @jokowi gigit aja mbak cakar habis cabik2 muka nya.. ","1079515399761289216","","auliarahma747","in","","0","0","0","https://x.com/undefined/status/1079515399761289216","1052459229104263169",
"1079363799570731009","Sun Dec 30 23:11:28 +0000 2018","0","@Ferdinand_Haean @icaLSinaro @jokowi nyungsep di ragunan","1079515343368810502","","Ferdinand_Haean","in","","0","0","0","https://x.com/undefined/status/1079515343368810502","936447657630773248",
"1079271098653409280","Sun Dec 30 23:11:27 +0000 2018","0","@erryfreakz @ayamkaepsi @jokowi Bukan jelikin tapi mengukap fakta biar masarakat mendapatakan informasi yang selama ini tidak di muat di media karena tidak ada kontrol publik yang adil","1079515339040292864","","errymade","in","","0","1","0","https://x.com/undefined/status/1079515339040292864","1073557537910374400",
"1079515309650763776","Sun Dec 30 23:11:20 +0000 2018","0","Photo Contest Instagram Posko Milenial dan Pemilu Damai 2019* https://t.co/W3pOjvgo06","1079515309650763776","","","in","","0","0","0","https://x.com/undefined/status/1079515309650763776","2236936548",
"1079515287932755968","Sun Dec 30 23:11:15 +0000 2018","0","Prabowo bisa memindahkan Haiti ke Afrika jkw nggak.. Cebong 1- 2 kampret","1079515287932755968","","","in","","0","0","0","https://x.com/undefined/status/1079515287932755968","1048836117506666496",
"1079515282173943808","Sun Dec 30 23:11:14 +0000 2018","0","Yang jelas2 bisa ngaji ya @Jokowi dong ? mungut @Jokowi #PrabowoTolakNgaji","1079515282173943808","","","in","","0","0","0","https://x.com/undefined/status/1079515282173943808","1071106362258538496",
"1079515274745761792","Sun Dec 30 23:11:12 +0000 2018","0","Udah sih pak @prabowo kalau emang benar tidak bisa mengaji di samping rumah saya ada pengajian tempat saya ngaji dulu pas saya masih kanak-kanak mana tau bapak tertarik dan ingin belajar #PrabowoTolakNgaji","1079515274745761792","","","in","","0","0","0","https://x.com/undefined/status/1079515274745761792","1070884336507867137",
"1079515246736232449","Sun Dec 30 23:11:05 +0000 2018","0","Prabowo Diragukan Bisa Ngaji Mayoritas Alumni 212 Dukung Jokowi https://t.co/iaggn42EX0 #PrabowoTolakNgaji","1079515246736232449","","","in","","0","0","0","https://x.com/undefined/status/1079515246736232449","1071106362258538496",
