"conversation_id_str","created_at","favorite_count","full_text","id_str","image_url","in_reply_to_screen_name","lang","location","quote_count","reply_count","retweet_count","tweet_url","user_id_str","username"
"1078646735667322880","Fri Dec 28 23:59:58 +0000 2018","0","@prabowo Capres seumur hidup. Tetap Jokowi lah....","1078802771556458496","","prabowo","in","","0","0","0","https://x.com/undefined/status/1078802771556458496","1422714919",
"1077626806088261632","Fri Dec 28 23:59:54 +0000 2018","0","@torelwisnu @RiniNizar72 @anton_khairudin @fadlizon @Fahrihamzah @Ferdinand_Haean @ustadtengkuzul @Aryprasetyo85 @TheArieAir @prabowo @NenoWarisman_ @yusuf_dumdum @AkunTofa @hnurwahid @sohibul Mereka yang benar-benar makar anti agama dan pembantai 7 jenderal dengan sadis dan kejam... Sejarah jangan disamarkan!!!","1078802756213850112","","SobatTaat","in","","0","1","0","https://x.com/undefined/status/1078802756213850112","2905265706",
"1078489486093299712","Fri Dec 28 23:59:53 +0000 2018","0","@VIVAcoid Yang jelas.nggak layak gerombolan pakar nyinyir.pakar gaduh.pakar adu domba di dukung. @prabowo @sandiuno apa kau kira WNi nggak bisa nilai..siapa manusia2 bermulut nyinyir itu..","1078802751000375297","","VIVAcoid","in","","0","0","0","https://x.com/undefined/status/1078802751000375297","2971863594",
"1078374634414723073","Fri Dec 28 23:59:51 +0000 2018","0","@Metro_TV Tidak perlu berdebat cuma buang2 energi dan waktu. Rakyat menantang para capres dan wakilnya mengembalikan cita2 Reformasi yg gagal yg telah dikhianati Rakyat menantang Reformasi disemua bidang tantangan itu akan mjd KONTRAK POLITIK.","1078802742150340609","","Metro_TV","in","","0","0","0","https://x.com/undefined/status/1078802742150340609","799698913",
"1078583975319240704","Fri Dec 28 23:59:49 +0000 2018","0","@francmohede @prabowo Blm bang @francmohede . Puncak perjuangan nanti 17 April 19","1078802735254757376","","francmohede","in","","0","0","0","https://x.com/undefined/status/1078802735254757376","4848846199",
"1078486567008628736","Fri Dec 28 23:59:40 +0000 2018","3","@AkhmadR69358210 @jokowi Huuus ada lagi jalan tol Bali makasar &amp; madura banjarmasin jakarta pontianak tapi dlm angan ","1078802695824334848","","AkhmadR69358210","in","","0","1","0","https://x.com/undefined/status/1078802695824334848","925613331452346368",
"1078675932439732226","Fri Dec 28 23:59:28 +0000 2018","0","@dr_tompi Dan rakyat tetap pilih JOKOWI https://t.co/pqpf36Trkq","1078802644762652672","https://pbs.twimg.com/media/DvitR5ZVsAEHRhg.jpg","dr_tompi","in","","0","0","0","https://x.com/undefined/status/1078802644762652672","1057806277269549056",
"1078802616686202880","Fri Dec 28 23:59:21 +0000 2018","0","Suryo Prabowo: Gimana Gak Panik di Lapangan Kalah Ramai di Medsos Elektabilitas Jeblok https://t.co/FOzTNK16ni","1078802616686202880","","","in","","0","0","0","https://x.com/undefined/status/1078802616686202880","18090401",
"1078580266241687552","Fri Dec 28 23:59:19 +0000 2018","0","@HarisSang @jokowi @prabowo ","1078802607030693889","","HarisSang","qme","","0","0","0","https://x.com/undefined/status/1078802607030693889","268705193",
"1078652815868715008","Fri Dec 28 23:59:19 +0000 2018","0","@Silumanice Sama2 capres ....Beda2 prateknya ... https://t.co/gR5Tb5ItHd","1078802606909059072","https://pbs.twimg.com/media/DvitNH1UYAAFOJe.jpg","Silumanice","in","","0","1","0","https://x.com/undefined/status/1078802606909059072","1059021419860811776",
"1078529572805632001","Fri Dec 28 23:59:18 +0000 2018","1","@maji_willy @fadlizon Saya ikut nyumbang untuk Pak Prabowo tapi ikhlas senang hati dan gembira. Walau kondisi ekonomi saya pas-pasan. Ente aja cebong yang syirik rakyat Indonesia dukung pasangan nomor 02. Mending tanya @TsamaraDKI baliho segede gaban itu sudah bayar belum makanya disegel Pemda DKI?","1078802603096436736","","maji_willy","in","","0","0","0","https://x.com/undefined/status/1078802603096436736","104039974",
"1078613036481445889","Fri Dec 28 23:59:17 +0000 2018","2","@arlex_wu @mw_abbas @jokowi @MarikaRahman_ Cek dulu om lulusan PT nya kok tdk singkron nih","1078802599959130112","","NdonB4ck","in","","0","0","0","https://x.com/undefined/status/1078802599959130112","636869266",
"1078600944395243520","Fri Dec 28 23:59:16 +0000 2018","0","@adv_supyadi @jokowi gue jadi ketawa bca pertnyaan si kampret ni . . . pret pret jgn bodohbnget knpa . .","1078802596607881216","","adv_supyadi","in","","0","2","0","https://x.com/undefined/status/1078802596607881216","1059296510788206592",
"1078802592145100801","Fri Dec 28 23:59:15 +0000 2018","0","@sandiuno @prabowo Keikhlasan seseorang dlm meraih kekuasaan dpt dilihat dari cara dia meraih kekuasaan tsb. Ikhlas itu ngga ngoyo ikhlas itu ngga bilang kalo kalah Indonesia punah ikhlas itu menampilkan kejujuran tdk mbohongi rakyat ttg harga ttg ekonomu yg dismkan Haiti","1078802592145100801","","sandiuno","in","","0","0","0","https://x.com/undefined/status/1078802592145100801","1142409438",
"1078295898671575041","Fri Dec 28 23:59:14 +0000 2018","0","@Fahrihamzah @prabowo @sandiuno Para gerombolan pembohong yang tdk berakal sehat","1078802586923200512","","Fahrihamzah","in","","0","0","0","https://x.com/undefined/status/1078802586923200512","1301512976",
"1078618223099076608","Fri Dec 28 23:59:14 +0000 2018","2","@felixsiauw Bener bgt koh itulah @jokowi","1078802585753190400","","felixsiauw","in","","0","0","0","https://x.com/undefined/status/1078802585753190400","58357726",
"1078509185967374336","Fri Dec 28 23:59:09 +0000 2018","0","@saididu @zaabdullah01 @RidlwanSyarief @her_alone @luviku @prabowo iyakah? Baru tahu aku stlh anda tereliminir di ph pak Jokowi...ckckck.","1078802566790635520","","saididu","in","","0","0","0","https://x.com/undefined/status/1078802566790635520","3023516606",
"1078669186497269760","Fri Dec 28 23:59:05 +0000 2018","0","@ZackChocolate @GunRomli @prabowo @sandiuno @PBIDI @KemenkesRI mesti begini ya? https://t.co/MuOvQs094L","1078802547299692544","https://pbs.twimg.com/media/DvitMrBUcAAR-fy.jpg","","in","","0","0","0","https://x.com/undefined/status/1078802547299692544","745277874895130624",
"1078524129349758976","Fri Dec 28 23:58:50 +0000 2018","0","@Ze_sukma @RinjaniJB @marierteman @prabowo tuh kan. bener toh gak bsa jawab. kualitasmu gak pernah nambah. 200 sekolam + dungu berjamaah","1078802488088645632","","Ze_sukma","in","","0","0","0","https://x.com/undefined/status/1078802488088645632","1029575772300697600",
"1078785154544332800","Fri Dec 28 23:58:48 +0000 2018","0","@Dewantara161 @Valkyreism @jokowi @KemensosRI Aaamiin.","1078802476365541378","","egi09876","in","","0","1","0","https://x.com/undefined/status/1078802476365541378","602593737",
"1075122173717635072","Fri Dec 28 23:58:48 +0000 2018","0","@LolaRahimy Kalau keledai bs bicara ya gini. Perencanaan mngkin dijaman @SBYudhoyono tapi eksekusi nya dijaman @jokowi . Buat apa direncakan tpi tdk pernah di eksekusi. Tuh tanya SBY PROYEK HAMBALANG SM EKTP bagaimana? Wkwkwkw","1078802475535269888","","LolaRahimy","in","","0","0","0","https://x.com/undefined/status/1078802475535269888","2450305920",
"1078587233047797761","Fri Dec 28 23:58:47 +0000 2018","0","@ronavioleta @jokowi https://t.co/jP5cYirmiz","1078802475103277057","https://pbs.twimg.com/media/DvitIfAUUAA-QgI.jpg","ronavioleta","qme","","0","0","0","https://x.com/undefined/status/1078802475103277057","1060292810681675776",
"1077140786230157312","Fri Dec 28 23:58:42 +0000 2018","0","@HeriSNarya @hendriabidin2 @SiharMHSitorus @LukmanNHY @riskaeuy @prabowo @panca66 @RamliRizal @SBYudhoyono @saididu Kebenaran apaan?","1078802451744972800","","BukanGolMunafik","in","","0","0","0","https://x.com/undefined/status/1078802451744972800","52608072",
"1078543561186979841","Fri Dec 28 23:58:41 +0000 2018","0","@MardaniAliSera @PKSJakarta 2019 harapan utk guling kan rezim jokowi","1078802448750235648","","MardaniAliSera","in","","0","0","0","https://x.com/undefined/status/1078802448750235648","1060498001708249088",
"1078802426411524096","Fri Dec 28 23:58:36 +0000 2018","1","@prabowo anda memang selalu jadi pecundang tapi malah cari sensasi. #PrabowoPsikopat #PrabowoGakBisaNgaji #Prabohongstadium4 #2019OgahGantiPresiden","1078802426411524096","","prabowo","in","","0","0","0","https://x.com/undefined/status/1078802426411524096","1036613244977176581",
"1078295898671575041","Fri Dec 28 23:58:32 +0000 2018","0","@Fahrihamzah @prabowo @sandiuno Bekk yg mulia.mari lbh percaya sarumpaet fadli zon bahar smith nursugik dan bumi itu datar.","1078802411316101120","","Fahrihamzah","in","","0","0","0","https://x.com/undefined/status/1078802411316101120","4416536848",
"1078802400889073664","Fri Dec 28 23:58:30 +0000 2018","11","Relawan Jokowi-Ma'ruf Amin Ajak Masyarakat Peduli Tsunami Selat Sunda https://t.co/TMQDjp83Fv #Jokowi2Periode https://t.co/Lmg33eOF2S","1078802400889073664","https://pbs.twimg.com/media/DvitDrgUwAAvxTj.jpg","","in","","0","0","3","https://x.com/undefined/status/1078802400889073664","982412366481510401",
"1078797633630552064","Fri Dec 28 23:58:28 +0000 2018","0","@laskar_minang Yang ambruk dikit ... Prabowo PRESTASI dia apa yah ...selain kegagalan yg dia terima ","1078802392311689216","","demoCRAZY_id","in","","0","0","0","https://x.com/undefined/status/1078802392311689216","951397410512683008",
"1078791612900171776","Fri Dec 28 23:58:22 +0000 2018","0","Kalau di mimpi yang kedua yang tadi malam ceritanya saya lagi nonton depan TV sambil baringan di rumah. Dari pintu belakang rumah pak @jokowi masuk beserta 3 orang ajudannya.","1078802369930919941","","nurakbar90","in","","0","1","0","https://x.com/undefined/status/1078802369930919941","105772314",
"1078668954300628993","Fri Dec 28 23:58:14 +0000 2018","1","@ridho_maestro @AgustinAyu22 @yudiengran @Ferdinand_Haean TKN Jokowi Minta Sudahi Polemik Joget Prabowo di Acara Natal Keluarga VIVA - https://t.co/lTrDAHKZvc ","1078802334828847104","","ridho_maestro","in","","0","0","0","https://x.com/undefined/status/1078802334828847104","45772167",
"1078782375415271424","Fri Dec 28 23:58:12 +0000 2018","0","@eliya_mkom @prabowo Bawaslu harus bekerja lbh keras untuk menciptakan pemilu luber dan jurdil saksi2 dari parpol paslon masing hrs bekerja ekstra teliti mencatat melaporkan dan mengawal hsl perhitungan suara secara berjenjang #TahunBaruPresidenBaru","1078802325685264385","","eliya_mkom","in","","0","0","0","https://x.com/undefined/status/1078802325685264385","114452217",
"1078802311223246848","Fri Dec 28 23:58:08 +0000 2018","2","awalnya penasaran tagar #TahunBaruPresidenBaru kayaknya isinya hal baru dari program dan visi misi @prabowo @sandiuno yang baru nih sebagai capres dan cawapres 2019. Kayaknya menarik buat diliat eh ternyata.... Isinya hal hal kebencian cacimaki dan pesismisme semua..sedih ","1078802311223246848","","","in","","0","1","0","https://x.com/undefined/status/1078802311223246848","1052098752016658434",
"1078802308060729344","Fri Dec 28 23:58:08 +0000 2018","0","Udh nonton berkali kali tapi masih aja ketawa. Kayak nya cocok nih alat buat debat pemilu nanti. https://t.co/oWbPSweBDB","1078802308060729344","","","in","","0","0","0","https://x.com/undefined/status/1078802308060729344","1027760168",
"1078610134887088128","Fri Dec 28 23:58:06 +0000 2018","1","@Khuluq333999 @AkunTofa Gw mah nahan diri dr poto itu aplg ama cewek Bule yg seksi itu tetap nahan diri gw mah semoga ga terbuka ampe pelantikan Jenderal @prabowo jd presiden Indonesia nnti","1078802300037038080","","Khuluq333999","in","","0","0","0","https://x.com/undefined/status/1078802300037038080","706500903147143168",
"1078649146049912833","Fri Dec 28 23:58:04 +0000 2018","0","@hary71183142 @Pasut_owel @prabowo @rockygerung ","1078802295024832512","","CumaAnakPetani","qme","","0","0","0","https://x.com/undefined/status/1078802295024832512","151073486",
"1078486567008628736","Fri Dec 28 23:58:00 +0000 2018","0","@jokowi @Jaleswari_P Lanjutlan pak jokowi insya allah indonesia akan maju dibawah kepemimpinan sampean","1078802276075003904","","jokowi","in","","0","0","0","https://x.com/undefined/status/1078802276075003904","862032704652562436",
"1078618223099076608","Fri Dec 28 23:57:56 +0000 2018","2","@felixsiauw Itulah presiden Jokowi. Dicaci diam di cela diam. Semoga 2019 tidak tumbang","1078802258047905792","","felixsiauw","in","","0","0","0","https://x.com/undefined/status/1078802258047905792","1054228057005772800",
"1078486567008628736","Fri Dec 28 23:57:52 +0000 2018","0","@jokowi Makasih ya pak","1078802242067677189","","jokowi","in","","0","0","0","https://x.com/undefined/status/1078802242067677189","989521381720178689",
"1078660906429501441","Fri Dec 28 23:57:51 +0000 2018","0","@AkunTofa Aamiin ya Allah... Semoga Allah mudahkan perjuangan @prabowo menjadi presiden RI ke 8... #2019PrabowoSandi #TahunBaruPresidenBaru","1078802237839863809","","AkunTofa","in","","0","0","0","https://x.com/undefined/status/1078802237839863809","1023930483292266503",
"1078802225227546625","Fri Dec 28 23:57:48 +0000 2018","0","Assalamualaikum warahmatullahi wabarakatuh. Saudara-saudari sekalian seiring dengan video ini saya mohon doa dan dukungan dari saudara- saudari sekalian pada pemilu legislatif tanggal 17 https://t.co/qNd9aiJcmJ","1078802225227546625","","","in","","0","0","0","https://x.com/undefined/status/1078802225227546625","1056224684310650880",
"1077140786230157312","Fri Dec 28 23:57:46 +0000 2018","0","@hendriabidin2 @HeriSNarya @intelimoet @LukmanNHY @SiharMHSitorus @riskaeuy @prabowo @panca66 @RamliRizal @SBYudhoyono @saididu Dan anehnya mereka disajikan data hasil survey lembaga yg kredibel disebut pesananlah gak akuratlah punya survey internallah.. Tapi mereka keranjingan dgn polling-polling medsos yg penggunanya bahkan tdk sampai 50% dari pemilih Indonesia yg 189 jt lbh itu https://t.co/32VPMpSbtJ","1078802217837182977","https://pbs.twimg.com/media/Dvis27bU0AEt9fD.jpg","hendriabidin2","in","","0","1","0","https://x.com/undefined/status/1078802217837182977","52608072",
"1078802188258832384","Fri Dec 28 23:57:40 +0000 2018","0","Dan yang jelas Track record dari Ma ruf Amin di bidang ekonomi syariah politik pendidikan dan agama tidak bisa ditutupi. Karena beliau memang layak sebagai pemimpin bangsa Indonesia dalam menemani perjuangan presiden @Jokowi 1 periode lagi.","1078802192751054849","","jasminespeedy90","in","","0","1","0","https://x.com/undefined/status/1078802192751054849","1070973416109305856",
"1078802188258832384","Fri Dec 28 23:57:39 +0000 2018","0","KH. Ma ruf Amin adalah sosok yang multi-talented. Yang memiliki segudang prestasi dan pengalaman untuk menjadi pendamping pak @Jokowi di pilpres 2019. Bravo pak yai Ma ruf. #JelasIslamnya","1078802189689200640","","jasminespeedy90","in","","0","1","0","https://x.com/undefined/status/1078802189689200640","1070973416109305856",
"1078585970050555904","Fri Dec 28 23:57:36 +0000 2018","0","@MegaSimarmata @prabowo @Gerindra Orang orang goblok yg tugas di @KPU_ID ini nemu dimaaana sih? Kaya gak punya logika berpikir dan analisa kaya orang normal","1078802175587827712","","MegaSimarmata","in","","0","0","0","https://x.com/undefined/status/1078802175587827712","774985789",
"1078802153039376384","Fri Dec 28 23:57:31 +0000 2018","0","Ketum Baru PP Pemuda Muhammadiyah: Pilih Jokowi Monggo Pilih Prabowo Monggo ... - https://t.co/skkQIAC7re https://t.co/XwIlDH8ijc","1078802153039376384","","","in","","0","0","0","https://x.com/undefined/status/1078802153039376384","405568886",
"1078488632527269888","Fri Dec 28 23:57:24 +0000 2018","0","@tehtjemplung @swulll @PEPESOfficial @prabowo @sandiuno mksudnya jokowi muka gaplek cc balak_enam","1078802127235891200","","HACKNET__","in","","0","0","0","https://x.com/undefined/status/1078802127235891200","313765184",
"1078802120252551169","Fri Dec 28 23:57:23 +0000 2018","0","Ayo dukung pemilu 2019 Indonesia Jaya #stoppolitikkotor #stopsara #stophoax #stopujarankebencian #stopkampanyehitam #stoppolitikuang #stopprovokasi #stopintolerance #pemiluamandamaisejuk #pileg2019 #pilpres2019 #pilegpilpres2019 #satgasnusantarapolri #satgasnusantara https://t.co/4WJHlJLgzS","1078802120252551169","https://pbs.twimg.com/media/DviszgmUUAA7lVE.jpg","","in","","0","0","0","https://x.com/undefined/status/1078802120252551169","1036612769959669761",
"1078538303379365888","Fri Dec 28 23:57:12 +0000 2018","0","@yusuf_dumdum @jokowi @prabowo cup cup sudah bangunkah kamu ?","1078802075608276992","","yusuf_dumdum","in","","0","0","0","https://x.com/undefined/status/1078802075608276992","1263900037",
"1078550768771186689","Fri Dec 28 23:57:06 +0000 2018","0","@putrabanten80 @prabowo Kalo tidak menang berarti ada yg curang","1078802050782158849","","Oku__records","in","","0","0","0","https://x.com/undefined/status/1078802050782158849","1679586571",
"1078524129349758976","Fri Dec 28 23:56:56 +0000 2018","0","@yuliusheksa @RinjaniJB @marierteman @prabowo Sarat nx msuk goa trs nggantung.. Num nx air kncing..","1078802009279680512","","JoelPtera","in","","0","1","0","https://x.com/undefined/status/1078802009279680512","2320360573",
"1078802003747164160","Fri Dec 28 23:56:55 +0000 2018","0","@idi @BareskrimPolri @KemenkesRI harusnya usut tuntas agar tidak terjadi Lg dokter lecehkan pasiennya dg foto2an apalagi dukung capres ttt saat pasien semeja operasi. Kalo keluarganya tau pasti mereka sangat keberatan. Bilang kalo pasiennya keluarga Anda? Usut pengunggahnya.","1078802003747164160","","idi","in","","0","0","0","https://x.com/undefined/status/1078802003747164160","280002986",
"1078801996314959873","Fri Dec 28 23:56:53 +0000 2018","1","Subhanallah.. Sekumpulan manusia berakal sehat menyambut capres @prabowo .. Allahu akbar.. Tanda kemenangan sudah di depan mata.... ","1078801996314959873","","","in","","1","0","1","https://x.com/undefined/status/1078801996314959873","1048146703528804359",
"1078801956615778304","Fri Dec 28 23:56:44 +0000 2018","0","ngga kebayang ntr klo DEBAT CAPRES apa yg akan terjadi ya pada CEBONGERS..??? #edisimuak","1078801956615778304","","","in","","0","0","0","https://x.com/undefined/status/1078801956615778304","954430449215930368",
"1078563321547173888","Fri Dec 28 23:56:39 +0000 2018","0","@intelimoet @kopral_jon00 @rangtalu73 @datuakmangkuto @ind_prasasti @eliya_mkom @Leak2342 @MbahUyok @divapijar72 @panca66 @abu_waras @Dahnilanzar @AkunTofa @macan_uTara @CebongParno @EAndesla Tolong temen2 mu kesulitan jawab ... Apa prestasi prabowo","1078801937913401345","","intelimoet","in","","0","1","0","https://x.com/undefined/status/1078801937913401345","951397410512683008",
"1072822350364708866","Fri Dec 28 23:56:37 +0000 2018","0","@UllbimaNtb @Kupler4 @TruthisP4in @bangsamaju01 @AdiHaryawan @HendryS67 @DediSuherdi11 @SuryoUdoro @Lennya64042183 @Je_Latah @JokSusi2019 @ali_lenon @sofians @menanginsyaAll1 @abrashima @samsudin102 @donk_gran @sangnyo @Veregrent @MardaniAliSera @Ariyanto74Haris @annisahna @Ardi60200828 @BekicotV @depramudya @victhoerz @ichaisy @Arnur143M @__danu_ @TetenSupriatna1 @FPKSDPRRI @sandiuno @ruhutsitompul @jokowi @prabowo @DPR_RI Mreka tdk punya otak bro","1078801928123871232","","UllbimaNtb","in","","0","1","0","https://x.com/undefined/status/1078801928123871232","82923904",
"1078524129349758976","Fri Dec 28 23:56:31 +0000 2018","0","@Ze_sukma @RinjaniJB @marierteman @prabowo jawabmu lambat bgt bong.... beli quota dulu gih. ketahuan googling nih. dah gua tinggal touring aja dah ketahuan otak gak pernah dipakai. PAYAH LU !!! bye","1078801901959827456","","Ze_sukma","in","","0","0","0","https://x.com/undefined/status/1078801901959827456","1029575772300697600",
"1078474088987807745","Fri Dec 28 23:56:27 +0000 2018","1","@teguhtimur @RamliRizal @ghanieierfan @DonAdam08 @Aylawati @SBYudhoyono @MURI_org @prabowo @fadlizon @AdhieMassardi @jokowi @rasyid_muchtar @satriohendri #TahunBaruPresidenBaru #2019PrabowoSandi u/nkri adil &amp; makmur yg diRidhoi Allah Swt.","1078801884272422913","","teguhtimur","in","","0","0","2","https://x.com/undefined/status/1078801884272422913","809215593874231296",
"1078801842224521216","Fri Dec 28 23:56:17 +0000 2018","0","MUI Kebumen Serukan Pemilu Damai -- https://t.co/1C6DrX8jtr","1078801842224521216","","","in","","0","0","0","https://x.com/undefined/status/1078801842224521216","3186637592",
"1078801831696822272","Fri Dec 28 23:56:14 +0000 2018","0","Tdk habis pikir &amp; kuatir knp banyak umat islam dukung capres yg tdk islami hanya krn capres tsb trlihat mdukung demo2 umat islam.","1078801831696822272","","","in","","0","0","0","https://x.com/undefined/status/1078801831696822272","478630505",
"1078801830459502592","Fri Dec 28 23:56:14 +0000 2018","1","semoga @KPU_RI berdiri disemua pihak katakan benar ya benar katakan salah ya salah jangan dibalik yg benar jadi salah - yg salah jadi benar nanti rakyat ngamuk. KPU Ingatkan Yusril Bisa Langgar UU Pemilu https://t.co/LPOoKpSrRp","1078801830459502592","","","in","","0","0","0","https://x.com/undefined/status/1078801830459502592","932129883861348353",
"1078801502506864640","Fri Dec 28 23:54:56 +0000 2018","0","Cakeppl jokowi bisa kayak gni gak yhh","1078801502506864640","","","in","","0","0","0","https://x.com/undefined/status/1078801502506864640","1056922644421861376",
"1078801502100021248","Fri Dec 28 23:54:55 +0000 2018","1","Pak @prabowo ...Jika bpk diperkenankan oleh Allah ut memimpin RI ini tlg pak jgn ijinkan wartawan atau siapapun ut memotret rombongan bpk ketika sholat. Ngga elok pak.....","1078801502100021248","","","in","","0","0","0","https://x.com/undefined/status/1078801502100021248","701934199658295296",
"1078585970050555904","Fri Dec 28 23:54:53 +0000 2018","0","@MegaSimarmata @prabowo @Gerindra KPU dongok!!!","1078801490968379393","","MegaSimarmata","in","","0","0","0","https://x.com/undefined/status/1078801490968379393","825969098756493312",
"1078582417298997248","Fri Dec 28 23:54:51 +0000 2018","1","@detikcom @jokowi @detikhot What...?? Are you still there....","1078801483800297472","","detikcom","en","","0","0","0","https://x.com/undefined/status/1078801483800297472","715069810",
"1078801467509796864","Fri Dec 28 23:54:47 +0000 2018","0","JAWABAN ATAS FITNAH KEPADA PRABOWO YANG DILAKUKAN OLEH KADER PDIP ACEH HELMY N HAKIM DAN JOKOWER EZKI SUSANTO by: Agi Betha https://t.co/isSsafEZwZ","1078801467509796864","","","in","","0","0","0","https://x.com/undefined/status/1078801467509796864","2373747230",
"1078318366102712328","Fri Dec 28 23:54:42 +0000 2018","0","@habibmahdiyahya @jokoedy6 @prabowo Aamiin Ya Allah","1078801447469211649","","habibmahdiyahya","in","","0","0","0","https://x.com/undefined/status/1078801447469211649","980369546",
"1078801445405818880","Fri Dec 28 23:54:42 +0000 2018","0","Lindungi Petani Prabowo-Sandi Akan Setop Impor Beras https://t.co/7CICklVlSl","1078801445405818880","","","in","","0","0","0","https://x.com/undefined/status/1078801445405818880","18090401",
"1078509185967374336","Fri Dec 28 23:54:31 +0000 2018","0","@Rahadie6 @tentarakeraton @saididu @RidlwanSyarief @her_alone @luviku @prabowo Lu tau siapa yg menjalankan BUMN? Negara ? Otak kok lsi tai","1078801397800452102","","Rahadie6","in","","0","1","0","https://x.com/undefined/status/1078801397800452102","804580891754233856",
"1078487635063001088","Fri Dec 28 23:54:25 +0000 2018","0","@IrHMFaqih Karena pak Jokowi sayang keluarga Dan anak-anaknya gak ada yang ikut proyek pemerintah","1078801372579942402","","IrHMFaqih","in","","0","0","0","https://x.com/undefined/status/1078801372579942402","380310883",
"1078801350962470913","Fri Dec 28 23:54:19 +0000 2018","0","@idi @BareskrimPolri harusnya usut tuntas agar tidak terjadi Lg dokter yg foto2an dukung capres ttt saat pasien semeja operasi. Kalo keluarganya tau pasti mereka sangat keberatan. Bilang kalo pasiennya keluarga Anda?","1078801350962470913","","idi","in","","0","0","0","https://x.com/undefined/status/1078801350962470913","280002986",
"1078667673708294144","Fri Dec 28 23:54:19 +0000 2018","1","@RamliRizal @SaidDidu @mahfud Ini adalah momen perlawanan dari rezim arogan. Harus di ganti. Saya percaya pa jokowi baik tapi kroninya busuk. Sebenarnya saya ingin presiden itu diantara pa rizal ramli atau pa mahpud md.","1078801349301624832","","RamliRizal","in","","0","1","0","https://x.com/undefined/status/1078801349301624832","1063312291716726784",
"1078200918502301696","Fri Dec 28 23:54:17 +0000 2018","0","@jansen_jsp @jokowi Beliau lupa mungkin kalau cebong hidup di air tawar ","1078801342775275522","","jansen_jsp","in","","0","0","0","https://x.com/undefined/status/1078801342775275522","1073730466228842496",
"1078486567008628736","Fri Dec 28 23:54:12 +0000 2018","0","@nurzain @jokowi Zain...Zain....tinggal nikmati saja kok banyak komen syukurilah punya pemimpin yg bisa seperti Pk Jokowi.","1078801318838321152","","nurzain","in","","0","0","0","https://x.com/undefined/status/1078801318838321152","967981316720357377",
"1078658146460028928","Fri Dec 28 23:54:10 +0000 2018","0","@prabowo Video ini sedang beredar luas apa tindakan bapak? https://t.co/CxbXWz734G","1078801312639270914","","prabowo","in","","0","0","0","https://x.com/undefined/status/1078801312639270914","988197633075236865",
"1078553929284108290","Fri Dec 28 23:54:05 +0000 2018","0","@Gerindra @prabowo #2019PrabowoPresiden","1078801290275090432","","Gerindra","qme","","0","0","0","https://x.com/undefined/status/1078801290275090432","948708706635534336",
"1078615848065982465","Fri Dec 28 23:53:57 +0000 2018","0","@sandiuno @prabowo Semoga niat baiknya dimudahkan Allah. Aamiin ya Rabbal'alamin.","1078801258457120768","","sandiuno","in","","0","0","0","https://x.com/undefined/status/1078801258457120768","793817749533315073",
"1078546253305110528","Fri Dec 28 23:53:55 +0000 2018","1","@saiful_mujani Mungkin karena itu pak habibie kok dilihat - lihat ogah bertemu prabowo kah Pak? Begitupun sebaliknya Pak Prabowo kok semacam menghindar gitu dengan Pak Habibie cth : waktu beliau sakit setahu saya ga keliatan batang hidungnya p.bowo njenguk p.habibie.","1078801249196261376","","saiful_mujani","in","","0","1","0","https://x.com/undefined/status/1078801249196261376","828206355366371330",
"1078114169063276546","Fri Dec 28 23:53:53 +0000 2018","0","@do_ra_dong @AT_AbdillahToha @jokowi @AT_AbdillahToha Orang macam gini mah gak lama reputasinya! Gak berkelas....! Prabowo dan AR memang gak seharusnya dekat2 orang macam ini...","1078801242032242688","","do_ra_dong","in","","0","0","0","https://x.com/undefined/status/1078801242032242688","950957535120441344",
"1078592660149948417","Fri Dec 28 23:53:52 +0000 2018","0","@feriyati88 @Angelyca_Nayoan @RRabrusun @Vife991 @prabowo @sandiuno @CintaNKRI12 @1ndonesiaku1 @arlex_wu @Astuty64 @tehtjemplung @Ferdinand_Haean @AlhamidIchal @hp_arel @NataliusPigai2 Mungkin krn beliau sdng Housekeeping dr yg ngga penting2","1078801237489799168","","8_FERRY_8","in","","0","0","0","https://x.com/undefined/status/1078801237489799168","818992126629285888",
"1078487635063001088","Fri Dec 28 23:53:51 +0000 2018","0","@IrHMFaqih Sy melihat kinerja pak Jokowi sangatlah memuaskan dan Korupsi mulai d Brantas ","1078801231685054465","","IrHMFaqih","in","","0","0","1","https://x.com/undefined/status/1078801231685054465","1014155870559563776",
"1078563321547173888","Fri Dec 28 23:53:47 +0000 2018","0","@kopral_jon00 @rangtalu73 @datuakmangkuto @ind_prasasti @eliya_mkom @Leak2342 @MbahUyok @divapijar72 @panca66 @abu_waras @Dahnilanzar @AkunTofa @macan_uTara @CebongParno @EAndesla Bleguk muter2 aja luh .. Ditanya prestasi prabowo apa luh mutar kayak anjing yg dinjek ekor nya","1078801213917786113","","kopral_jonooo","in","","0","0","0","https://x.com/undefined/status/1078801213917786113","951397410512683008",
"1078801183685386240","Fri Dec 28 23:53:40 +0000 2018","0","Ajak Sukseskan Pemilu 2019 Kapolresta Sidoarjo gelar cangkrukan bareng wartawan https://t.co/IQvccNglJh https://t.co/dZFfi3cPn8","1078801183685386240","","","in","","0","0","0","https://x.com/undefined/status/1078801183685386240","2236936548",
"1077920043592118273","Fri Dec 28 23:53:39 +0000 2018","0","@jokowi Mantap pak .....","1078801181214945281","","jokowi","in","","0","0","0","https://x.com/undefined/status/1078801181214945281","1073615979869949953",
"1078801130396749824","Fri Dec 28 23:53:27 +0000 2018","0","(Berita | Puti Guntur Tegaskan Tak Maju Pilkada Surabaya 2020 FAJAR ) https://t.co/93mnUyzYFx #pemilu #pemilu2019","1078801130396749824","","","in","","0","0","0","https://x.com/undefined/status/1078801130396749824","968428811107819521",
"1078275293339516928","Fri Dec 28 23:53:22 +0000 2018","0","@Fahrihamzah @prabowo @aniesbaswedan Maksud nya jualan ketakutan itu spt Indonesia bubar 2030 Indonesia akan punah atau mesjid ini tdk akan menshalatkan jenazah pendukung penista agama (pilkada DKI) ya Pak fahri???","1078801108292825088","","Fahrihamzah","in","","0","0","0","https://x.com/undefined/status/1078801108292825088","1047658255411863552",
"1078649146049912833","Fri Dec 28 23:53:21 +0000 2018","0","@prabowo Kapan bapak brkunjung ke kota makassar trkhusus di daerah saya..yg saat ini was was dengan curang hujan yg intens","1078801107546075136","","prabowo","in","","0","0","0","https://x.com/undefined/status/1078801107546075136","949279183120752640",
"1078528515966787584","Fri Dec 28 23:53:17 +0000 2018","3","@miskiy28 @Mawar_Latuu @Arie_Kriting @jokowi Indonesia sdh Keren kok di blg stingkat dg Negara miskin. Buta apa.... https://t.co/8NGQBhU7vj","1078801091255402496","https://pbs.twimg.com/media/Dvir3oeUcAAMEL-.jpg","miskiy28","in","","0","2","0","https://x.com/undefined/status/1078801091255402496","949801697035010048",
"1078486567008628736","Fri Dec 28 23:53:15 +0000 2018","48","@jokowi Pak saya ini lagi nyobain tol baruuu.. keren perjalanan jadi lancar jayaa.. mantaaap Pak Jokowi. Terima kasiiih.. Jangan lupa 2 periode ya Pak.. ","1078801079251451909","","jokowi","in","","0","0","1","https://x.com/undefined/status/1078801079251451909","840045295",
"1077626806088261632","Fri Dec 28 23:53:12 +0000 2018","0","@torelwisnu @RiniNizar72 @anton_khairudin @fadlizon @Fahrihamzah @Ferdinand_Haean @ustadtengkuzul @Aryprasetyo85 @TheArieAir @prabowo @NenoWarisman_ @yusuf_dumdum @AkunTofa @hnurwahid @sohibul Lho....pki kan memang fakta?","1078801068408987648","","TRLvibes","in","","0","1","0","https://x.com/undefined/status/1078801068408987648","2905265706",
"1078600944395243520","Fri Dec 28 23:53:12 +0000 2018","1","@adv_supyadi @jokowi Maksudnya sumbangan finansial? Apa perlu semua orang tahu Jkw memberi apa dan seberapa besar?","1078801068161589249","","adv_supyadi","in","","0","4","0","https://x.com/undefined/status/1078801068161589249","462512719",
"1078580039371972608","Fri Dec 28 23:53:01 +0000 2018","2","@Fatimah96695999 @04Nakula @kangdede78 Dear @HIMPSIJaya Really needs your help. Sepertinya Capres kita ini mulai mengalami alzheimer. Ditandai dengan berantakannya memori kronologis dan kesulitan membedakan mana 'real life' dan mana 'unreal things'","1078801020891717633","","Fatimah96695999","in","","0","1","0","https://x.com/undefined/status/1078801020891717633","999406369429110784",
"1078797648356728832","Fri Dec 28 23:52:59 +0000 2018","0","@pramonoanung @jokowi Josss Pak","1078801013081964544","","pramonoanung","eu","","0","0","0","https://x.com/undefined/status/1078801013081964544","35457806",
"1078669186497269760","Fri Dec 28 23:52:59 +0000 2018","1","@GunRomli @azril_me @prabowo @sandiuno @PBIDI @KemenkesRI settingan settingan...bro.. biarin aja kagak usah digubris bentar lagi kluar tema berikutnya kok. Lagi di alam kubur ama dunia lain ","1078801012977090560","","GunRomli","in","","0","0","0","https://x.com/undefined/status/1078801012977090560","745277874895130624",
"1078680991978278912","Fri Dec 28 23:52:55 +0000 2018","0","@bangzul_1988 @prabowo Bisa jadi ikut memburu dari Yordania kirim pasukan raja Abdullah II ","1078800998297001984","","bangzul_88","in","","0","0","0","https://x.com/undefined/status/1078800998297001984","98599828",
"1078617094919380992","Fri Dec 28 23:52:54 +0000 2018","0","@SBYudhoyono Biasalah pak org gk pake sama pak Jokowi cuman pak Said Didu tdk dpt menutupi hati nuranix shg terpaksa jg sedikit membenarkan pak Jokowi.","1078800992450170881","","SBYudhoyono","in","","0","0","0","https://x.com/undefined/status/1078800992450170881","3023516606",
"1078494696953933824","Fri Dec 28 23:52:39 +0000 2018","2","@machbeach Apapun akan dilakukan demi kekuasaan utk mencurangi pemilu 2019 tidak ada yg dpt menolong kecuali ALLAH SWT. Waspadai dan kawal suara rakyat sampai titik terakhir. #TahunBaruPresidenBaru","1078800928675848193","","machbeach","in","","0","1","1","https://x.com/undefined/status/1078800928675848193","1057569248082452480",
"1078800875710144513","Fri Dec 28 23:52:26 +0000 2018","0","Super LOL ~&gt; TANYA YANG GOBLOK JOKOWI ATAU MASYARAKATNYA??? https://t.co/pjI3n0rSba","1078800875710144513","","","in","","0","0","0","https://x.com/undefined/status/1078800875710144513","79483723",
"1078486567008628736","Fri Dec 28 23:52:14 +0000 2018","2","@jokowi Ini kok ada masyarakat yang bilang butuh makan bukan tol https://t.co/ZqYrHNGOj6","1078800826422841344","https://pbs.twimg.com/ext_tw_video_thumb/1078800770214969344/pu/img/kFPPLCzmwj9UZpLe.jpg","jokowi","in","","0","0","0","https://x.com/undefined/status/1078800826422841344","1064804012640231424",
"1078580039371972608","Fri Dec 28 23:52:13 +0000 2018","3","@Fatimah96695999 @kangdede78 ah! @prabowo prabohong apalagi ?? baru capres banyak bohong_nya !!","1078800821196734464","","Fatimah96695999","in","","0","1","0","https://x.com/undefined/status/1078800821196734464","92102839",
"1078506665320710144","Fri Dec 28 23:52:12 +0000 2018","1","@Agung85596511 @RidhoAnton1 @AkunTofa @okewaee @prabowo Meski dianggap menyengsarakan Rakyat tidak ada jasanya sama Rakyat ! Satu jasanya yg spektakuler adalah menumpas PKI di NKRI mempertahankan Pancasila sbg Dasar Negara.","1078800817086377984","","Agung85596511","in","","0","1","0","https://x.com/undefined/status/1078800817086377984","576263973",
"1078649146049912833","Fri Dec 28 23:52:06 +0000 2018","0","@prabowo Barakallahu fiik pak @prabowo salam hormat","1078800791098408960","","prabowo","in","","0","0","0","https://x.com/undefined/status/1078800791098408960","711337997577248769",
"1078799947510689792","Fri Dec 28 23:52:03 +0000 2018","0","Kalian mau seperti ini terus? Merespons segala hal yang dilakukan Prabowo tidak membuat buruk di mata banyak orang justru sebaliknya. Hati-hati. Buat pendukung Pakde plis jangan kepancing. Lawan menebar kegoblokan kita sebar hasil kerja keras Pakde. @baladjokowi_id","1078800780562333696","","Adiitoo","in","","0","0","0","https://x.com/undefined/status/1078800780562333696","52231525",
"1078800779320782848","Fri Dec 28 23:52:03 +0000 2018","0","Sambutan Prabowo Bikin Merinding Salat Jumat di Masjid Al Fatah Ambon Mirip Idul Fitri https://t.co/4goEXFzORA","1078800779320782848","","","in","","0","0","0","https://x.com/undefined/status/1078800779320782848","18090401",
"1078800762736730112","Fri Dec 28 23:51:59 +0000 2018","0","Jelang Pemilu damai 2019 Bripka Sodikin Intensifkan Penyuluhan kepada warga masyarakat https://t.co/ANany49b2z https://t.co/E7qIqDaaUH","1078800762736730112","https://pbs.twimg.com/media/Dvirk2zVAAEGK6N.jpg","","in","","0","0","0","https://x.com/undefined/status/1078800762736730112","1167542442",
"1077612694377656320","Fri Dec 28 23:51:52 +0000 2018","0","@harypriyono88 @a2y_meong @RajaPurwa @budi1439h @kopi_hit @NgopiJahe_09 @prabowo @sandiuno @jokowi Yes AMBISI TENGGELAM KAN REZIM MAMBU PKI","1078800731610574848","","fghar135","in","","0","1","0","https://x.com/undefined/status/1078800731610574848","971993588509757440",
"1078625543510061056","Fri Dec 28 23:51:51 +0000 2018","0","@JolieRanata @FaGtng @purwo82092883 @jokowi @prabowo Kalau gk ngerti gk ush ngomong Jokowi itu Kader PDI.P bukan kader Gerindra justru lou yg goblok","1078800728850759680","","SutanbulungHrp","in","","0","1","0","https://x.com/undefined/status/1078800728850759680","1057623731902631936",
"1078524129349758976","Fri Dec 28 23:51:45 +0000 2018","0","@Ze_sukma @RinjaniJB @marierteman @prabowo ciee.... mulai kepanasan. dah sebutin aja syaratnya kagak usah kebanyakan alasan ","1078800701734748162","","Ze_sukma","in","","0","1","0","https://x.com/undefined/status/1078800701734748162","1029575772300697600",
"1077886304870780929","Fri Dec 28 23:51:42 +0000 2018","0","@sandiuno @prabowo Up","1078800692263833600","","sandiuno","und","","0","0","0","https://x.com/undefined/status/1078800692263833600","268861841",
"1078118102489919489","Fri Dec 28 23:51:41 +0000 2018","0","@Kcepirits @Dahnilanzar @sandiuno @prabowo Tong tong lu nyari 3 aja kaga Nemu Nemu Sono tidur dlu di goa","1078800686974791681","","Catatansiboim","in","","0","1","0","https://x.com/undefined/status/1078800686974791681","974823652318371841",
"1078800670742827008","Fri Dec 28 23:51:37 +0000 2018","0","Available now !!! At @gramediadotcom Jokowi Menuju Cahaya by @AlberthieneE https://t.co/3Zy4QDaFFA","1078800670742827008","https://pbs.twimg.com/media/Dvire3DU8AAkZIO.jpg","","in","","0","0","0","https://x.com/undefined/status/1078800670742827008","59326018",
"1078592660149948417","Fri Dec 28 23:51:36 +0000 2018","0","@CHAKRASAKTI77 @Angelyca_Nayoan @RRabrusun @Vife991 @prabowo @sandiuno @CintaNKRI12 @1ndonesiaku1 @arlex_wu @Astuty64 @tehtjemplung @Ferdinand_Haean @AlhamidIchal @hp_arel @NataliusPigai2 @Angelyca_Nayoan baru juga satu tweet anda udah risih main blok. Terimakasih https://t.co/s0qlRlYM4k","1078800663901921281","https://pbs.twimg.com/media/DviresWUwAALIN4.jpg","CHAKRASAKTI77","in","","0","1","0","https://x.com/undefined/status/1078800663901921281","2696877306",
"1078472898803712001","Fri Dec 28 23:51:34 +0000 2018","0","@JRX_SID @susipudjiastuti @gendovara @ForBALI13 Pak @aniesbaswedan berbuat untuk teluk Jakarta makanya besok pemilu pilih yg dorong beliau jadi gubernur Bli.. Tapi jangan lupa buat perjanjian tertulis dulu.. Jangan golput ya Bli!!!!","1078800655471456257","","JRX_SID","in","","0","0","0","https://x.com/undefined/status/1078800655471456257","74762184",
"1078701993932308481","Fri Dec 28 23:51:31 +0000 2018","0","@AmbarwatiRexy @DjengNoni halah las pose kya gtu aja tendensi lo macem macem.... joba klo itu simbol dukungan ke jokowi paling lo cuma mingkem","1078800644700426240","","AmbarwatiRexy","in","","0","0","0","https://x.com/undefined/status/1078800644700426240","795657308244017152",
"1078648252466061313","Fri Dec 28 23:51:25 +0000 2018","1","@MarikaRahman_ @ariantobulolo @jokowi Mbak TOL Papua itu yg sebelah mna? Dah byk yg nanyain tuh.","1078800618175660032","","MarikaRahman_","in","","0","0","0","https://x.com/undefined/status/1078800618175660032","261023896",
"1078486567008628736","Fri Dec 28 23:51:22 +0000 2018","0","@jokowi Mantaaaaap pak Jokowi","1078800606339293184","","jokowi","in","","0","0","0","https://x.com/undefined/status/1078800606339293184","741545639322865665",
"1078800591650869248","Fri Dec 28 23:51:18 +0000 2018","0","@ustadtengkuzul ente &amp; capres ijtima ulamamu sehat zul? https://t.co/9M1rcMujYT","1078800591650869248","https://pbs.twimg.com/media/DviraRnVYAAq9kM.jpg","ustadtengkuzul","in","","0","0","0","https://x.com/undefined/status/1078800591650869248","14865948",
"1078800589729890304","Fri Dec 28 23:51:18 +0000 2018","1","Pak @jokowi dinyinyirin tuh sama si diman. Caper pak doi pingin dapat jabatan kek fajrul. Kasih lah pak komisaris apa gitu kek","1078800589729890304","","","in","","0","0","1","https://x.com/undefined/status/1078800589729890304","423889638",
"1078486567008628736","Fri Dec 28 23:51:16 +0000 2018","0","@EllRomy @jokowi Mohon maaf mas tolong bedakan antara pamer dan hanya transparansi berbagi kebahagiaan toh semuanya untuk rakyat juga apalagi pengguna jalan sekarang banyak yang merasakan kemudahan perjalanan. Tolong jangan naif jalan macet protes pemerintah sudah dibangun masih protes juga.","1078800581043441664","","EllRomy","in","","0","1","0","https://x.com/undefined/status/1078800581043441664","1054760657067753472",
"1078800560554422274","Fri Dec 28 23:51:11 +0000 2018","0","Mantap bpk jokowi....saya akan berjuang cari suara","1078800560554422274","","","in","","0","0","0","https://x.com/undefined/status/1078800560554422274","1078719397697449984",
"1078649146049912833","Fri Dec 28 23:51:11 +0000 2018","1","@prabowo #TahunBaruPresidenBaru !! ","1078800559740604417","","prabowo","und","","0","1","1","https://x.com/undefined/status/1078800559740604417","179418570",
"1078605749620662273","Fri Dec 28 23:51:10 +0000 2018","0","@fadlizon biar ada PRABOWO SANDIwara saya tetap JKW","1078800556406169601","","fadlizon","in","","0","0","0","https://x.com/undefined/status/1078800556406169601","1070504998893580290",
"1078765393664106497","Fri Dec 28 23:51:00 +0000 2018","1","@TheArieAir Mendukng salasatu capres sah sah z tp begonya jgn kterlaluan","1078800515515994115","","TheArieAir","in","","0","0","1","https://x.com/undefined/status/1078800515515994115","796147409394860032",
"1078468214965690368","Fri Dec 28 23:50:58 +0000 2018","0","@jansen_jsp WKWKWKW OTAK MU YANG TUMBANG. JOKOWI TAK BISA TUMBANG TUHAN MASIH MENDUDUKKAN JOKOWI 2 PERIODE. PAHAM LHO YA. PRABOWO SELAMA INDONESIA INI ADA DIA TETAP MASIH CALON DAN KALAH TERUS HAHAHA KASIHAN LHO YA. MIMPI LHO","1078800505743110144","","jansen_jsp","in","","0","0","0","https://x.com/undefined/status/1078800505743110144","1075760844879757312",
"1078800502157127681","Fri Dec 28 23:50:57 +0000 2018","0","Buku PKI Di Sita TNI Puan: PKI Tidak Sepenuhnya Salah Ini Ulah Eks Mertuanya Prabowo!! https://t.co/JCFJICNjwK","1078800502157127681","","","in","","0","0","0","https://x.com/undefined/status/1078800502157127681","18090401",
"1078524129349758976","Fri Dec 28 23:50:52 +0000 2018","0","@yuliusheksa @RinjaniJB @marierteman @prabowo Wahhh.. mo jd imam sholt hrs gugel dlu ???? Ujug guneng.. br tw gue.. lu skolh dmna ? Peak.","1078800479184769024","","JoelPtera","in","","0","2","0","https://x.com/undefined/status/1078800479184769024","2320360573",
"1078577199534329857","Fri Dec 28 23:50:51 +0000 2018","0","@fadlizon @prabowo Kasian pengerahan masa secara terencana. Beda kalau Jokowi datang.masyarakat datang sendiri tanpa di suruh . Beda lah kelas pecundang Ama pemenang.","1078800478866206720","","fadlizon","in","","0","0","0","https://x.com/undefined/status/1078800478866206720","1055438383483314179",
"1077612694377656320","Fri Dec 28 23:50:42 +0000 2018","0","@harypriyono88 @a2y_meong @RajaPurwa @budi1439h @kopi_hit @NgopiJahe_09 @prabowo @sandiuno @jokowi #TahunBaruPresidenBaru #TahunBaruPresidenBaru #TahunBaruPresidenBaru #TahunBaruPresidenBaru #TahunBaruPresidenBaru #TahunBaruPresidenBaru #2019PrabowoSandi","1078800440282599425","","fghar135","qme","","0","0","0","https://x.com/undefined/status/1078800440282599425","971993588509757440",
"1078800403028881408","Fri Dec 28 23:50:33 +0000 2018","0","Kubu Prabowo Klaim Temukan 5 Juta DPT Ganda di Jawa Timur https://t.co/0SmD9UF5Hk https://t.co/ANSog584kl","1078800403028881408","https://pbs.twimg.com/media/DvirP9SVYAApRbv.jpg","","in","","0","0","0","https://x.com/undefined/status/1078800403028881408","3229594562",
"1078800402068447232","Fri Dec 28 23:50:33 +0000 2018","0","Kubu Prabowo Klaim Temukan 5 Juta DPT Ganda di Jawa Timur https://t.co/JinRoN30N8 https://t.co/K7klfZgHL3","1078800402068447232","https://pbs.twimg.com/media/DvirP5YU0AA5UbJ.jpg","","in","","0","0","0","https://x.com/undefined/status/1078800402068447232","4601300113",
"1078800401711783936","Fri Dec 28 23:50:33 +0000 2018","0","Kubu Prabowo Klaim Temukan 5 Juta DPT Ganda di Jawa Timur https://t.co/HN6LCZvSsd https://t.co/bOdfu9VPU5","1078800401711783936","https://pbs.twimg.com/media/DvirP4sU0AEiyoc.jpg","","in","","0","0","0","https://x.com/undefined/status/1078800401711783936","3224119141",
"1078700242638233600","Fri Dec 28 23:50:22 +0000 2018","0","@RajaPurwa @roninpribumi Kayak ngasih makanan hewan saja. Itu rakyatmu wahai @jokowi Mbok kalau mau.ngasih yang agak.sopan.dikit knpa? Mereka bukan hewan piaraan yang kelaparan.pak.","1078800355289370629","","RajaPurwa","in","","0","0","0","https://x.com/undefined/status/1078800355289370629","1073426796723417089",
"1078800329297166337","Fri Dec 28 23:50:16 +0000 2018","0","Selamat pagi Pak @prabowo dan Pak @fadlizon. cc: @Gerindra","1078800329297166337","","","in","","0","0","0","https://x.com/undefined/status/1078800329297166337","2259512190",
"1078662663855517697","Fri Dec 28 23:50:14 +0000 2018","0","@PidyaW @SuryoUdoro Insha Alla...ajak saudara teman tetangga untuk memilih pak jokowi.","1078800322317803520","","PidyaW","in","","0","0","0","https://x.com/undefined/status/1078800322317803520","1364454308",
"1078641385224364032","Fri Dec 28 23:50:06 +0000 2018","0","@krak_mang @saididu Yg dulu ga nyoblos jokowi harus pindah ke negara lain gitu? Sip...anda pintarrrrrrr sekali","1078800289241587712","","krak_mang","in","","0","2","0","https://x.com/undefined/status/1078800289241587712","984780578389020672",
"1078800280001695744","Fri Dec 28 23:50:04 +0000 2018","0","Berbicara soal Keberagaman Prabowo Subianto Kunjungi Gereja di Ambon https://t.co/MC2Wxp00Dq https://t.co/S1AzKTlUiL","1078800280001695744","https://pbs.twimg.com/media/DvirIyaVYAALV6d.jpg","","in","","0","0","0","https://x.com/undefined/status/1078800280001695744","118371948",
"1078800278412017666","Fri Dec 28 23:50:04 +0000 2018","0","Mahfud MD Ditanya Kenapa Rizal Ramli dan Sudirman Said Dipecat Jokowi Begini Jawabnya.. https://t.co/GRHFO45npb","1078800278412017666","","","in","","0","0","0","https://x.com/undefined/status/1078800278412017666","3309397544",
"1078800235835609088","Fri Dec 28 23:49:54 +0000 2018","0","Jangan suudzon wahai pembela Jokowi. Ya bisa saja! Memburu utk dimintai foto bareng atau minta tanda tangan.","1078800235835609088","","","in","","0","0","0","https://x.com/undefined/status/1078800235835609088","845941739063947266",
"1078800180353294337","Fri Dec 28 23:49:40 +0000 2018","0","Jokowi Sebut IHSG Terbaik Ke-2 Dunia BEI: di ASEAN Kita Tertinggi https://t.co/2dZLL5YC83 https://t.co/LjnUGxkyHq","1078800180353294337","https://pbs.twimg.com/media/DvirC-1UcAAsG6O.png","","in","","0","0","0","https://x.com/undefined/status/1078800180353294337","1035059523466084352",
"1078800161047040000","Fri Dec 28 23:49:36 +0000 2018","0","Jokowi Sebut IHSG Terbaik Ke-2 Dunia BEI: di ASEAN Kita Tertinggi https://t.co/51WS51b2GR https://t.co/SqkmGyXo4o","1078800161047040000","https://pbs.twimg.com/media/DvirB2vV4AEbldv.png","","in","","0","0","0","https://x.com/undefined/status/1078800161047040000","1054942966576427008",
"1078325462009401344","Fri Dec 28 23:49:26 +0000 2018","1","@pujangga1123 @Namaku_Mei @sandiuno Ya bang semua juga tau kalau si @sandiuno ini nyapres bukan karena cerdas atau apanya...tapi karena goblok yg punya uang gitu aja..kan si Wowo butuh uang buat nyapres gak butuh orang waras...dia listrik mati pun bisa2 salahkan @jokowi","1078800120785731584","","Great_Pujangga","in","","0","0","0","https://x.com/undefined/status/1078800120785731584","2591329135",
"1078505139491680257","Fri Dec 28 23:49:24 +0000 2018","1","@d_syadiah @aguspipid36 @AkunTofa @prabowo Hallo pak wiranto bagaimana kabarnya ..siapa sebagai pangab (panglima abri) waktu pak soeharto jadi presiden. ?? Itulah harus brtnggung jwb","1078800111852048390","","d_syadiah","in","","0","0","0","https://x.com/undefined/status/1078800111852048390","959778141488128000",
"1078800047540625409","Fri Dec 28 23:49:09 +0000 2018","0","Panwascam diminta pahami bentuk pelanggaran pemilu https://t.co/u6ZJzItIU6","1078800047540625409","","","in","","0","0","1","https://x.com/undefined/status/1078800047540625409","47639779",
"1078524129349758976","Fri Dec 28 23:49:04 +0000 2018","0","@Ze_sukma @RinjaniJB @marierteman @prabowo lu aja gak pernah baca nyuru2 baca suwek lu","1078800029261824000","","Ze_sukma","in","","0","0","0","https://x.com/undefined/status/1078800029261824000","1029575772300697600",
"1078785154544332800","Fri Dec 28 23:49:04 +0000 2018","0","@Dewantara161 @Valkyreism @jokowi @KemensosRI Betul masalah negara bkn cm satu dan pemerintah tahu mana yg lebih penting. Masalah merasakan jd pemimpin itu urusan pribadi masing2 org krn masing mempunyai pandangan yg berbeda yg aneh adalah saat ada akun br netas nyinyirin org yg memberi masukan ke pemerintah.","1078800028825604096","","egi09876","in","","0","0","0","https://x.com/undefined/status/1078800028825604096","602593737",
"1078649146049912833","Fri Dec 28 23:49:03 +0000 2018","0","@prabowo Selamat Natal pak prabowo.. https://t.co/qmlrG7HmRM","1078800025558208512","https://pbs.twimg.com/media/Dviq5sOU0AAjnyn.jpg","prabowo","in","","0","0","0","https://x.com/undefined/status/1078800025558208512","710844659644280832",
"1078625543510061056","Fri Dec 28 23:49:02 +0000 2018","0","@FaGtng @JolieRanata @purwo82092883 @jokowi @prabowo Gak usah marah @FaGtng percumah maklum aja mereka kan orang2 stres yg penting ngomong. Jokowi itu Kader PDI.P bukan Gerendra","1078800020848168961","","FaGtng","in","","0","1","0","https://x.com/undefined/status/1078800020848168961","1057623731902631936",
"1078563321547173888","Fri Dec 28 23:49:02 +0000 2018","0","@kopral_jon00 @rangtalu73 @datuakmangkuto @ind_prasasti @eliya_mkom @Leak2342 @MbahUyok @divapijar72 @panca66 @abu_waras @Dahnilanzar @AkunTofa @macan_uTara @CebongParno @EAndesla Gw udah banyak bilang prestasi Jokowi bnyk ... Sekarang apa prestasi prabowo .. Ayo dong sebutin .. Kalo gak luh gw blok ni gw anggep level luh cuma kacung ga penting","1078800020273487872","","kopral_jonooo","in","","0","1","0","https://x.com/undefined/status/1078800020273487872","951397410512683008",
"1078563778407608320","Fri Dec 28 23:48:50 +0000 2018","0","@mpuanon @prabowo Otak cebong lebih kecil dari otak udang lebih enak lagi otak - otak @mpuanon","1078799970541522944","","mpuanon","in","","0","0","0","https://x.com/undefined/status/1078799970541522944","908701490465738752",
"1078669186497269760","Fri Dec 28 23:48:48 +0000 2018","0","@GunRomli @prabowo @sandiuno @PBIDI @KemenkesRI Siapa yg memulai?..... kecebong!!!!!!!","1078799959292551175","","GunRomli","in","","0","0","0","https://x.com/undefined/status/1078799959292551175","395774573",
"1078799956125704192","Fri Dec 28 23:48:47 +0000 2018","1","kubu TKN jokowi-ma'ruf semakin galau yg diunggulkan jalan tol utk pencitraan dpt naikan elektabilitas @jokowi ternyata jalan tol blm 1 tahun sdh ambrol. kerja.. kerja.. kerja.. ambrol.. ambrol.. ambrol..","1078799956125704192","","","in","","0","0","0","https://x.com/undefined/status/1078799956125704192","932129883861348353",
"1078450762525564928","Fri Dec 28 23:48:46 +0000 2018","0","@nety_rusi @jokowi @KementerianESDM @budimandjatmiko @blontankpoer @addiems Biasalah...mereka otaknya sdh rusak akut.jadi omongannya suka d bolak balik","1078799951763632128","","","in","","0","0","0","https://x.com/undefined/status/1078799951763632128","1364454308",
"1078799947510689792","Fri Dec 28 23:48:45 +0000 2018","0","Nah kan! Gara-gara respons kalian kemarin itu terbentuklah narasi seperti ini. Selamat! Prabowo 1 - netijen 0","1078799947510689792","","","in","","0","1","0","https://x.com/undefined/status/1078799947510689792","52231525",
"1078314255651430401","Fri Dec 28 23:48:44 +0000 2018","14","Jalan-jalan ke La Spezia Mampir ke toko sepak bolanya Sadayana ulah poho pilih Dua Pak Prabowo Mas Sandiaga #PantunCapres #2019GantiPresiden Ngomongin ttg Club #LaSpezia bukan usianya doang yg antik. Meski Baru Seri B di thn 2006 jg pernah menang lawan #Juventus https://t.co/cwwesN3VJB","1078799943312257024","https://pbs.twimg.com/media/DviqzG5X4AAk6Rj.jpg","nieke_aereta","in","","0","3","3","https://x.com/undefined/status/1078799943312257024","604079053",
"1078799940262944770","Fri Dec 28 23:48:43 +0000 2018","0","Rakyat melihat TKA dari CINA banyak bekerja disini Rakyat melihat ada persekusi terhadap ulama.. Makanya rakyat percaya Prabowo Sandi bisa memperbaiki itu semua","1078799940262944770","","","in","","0","0","0","https://x.com/undefined/status/1078799940262944770","3655728973",
"1078684345735376896","Fri Dec 28 23:48:39 +0000 2018","2","@D4Ni3L_Pu @P3nj3l4j4h Kenapa temen temen kita pendukung 2 periode pada ga muncul nih tanda tanda kita mulai ditinggalkan padahal wowo makin giat baik di medsos maupun dilapangan ayo kita bangkitkan semangat Jokowi 2 periode klo ga semangat bisa ganti presiden lho 2019","1078799924693630977","","D4Ni3L_Pu","in","","0","1","0","https://x.com/undefined/status/1078799924693630977","1064804012640231424",
"1078799893395689472","Fri Dec 28 23:48:32 +0000 2018","0","Di Radio laut pun banyak perdebatan soal capres","1078799893395689472","","","in","","0","0","0","https://x.com/undefined/status/1078799893395689472","1621083691",
"1078649146049912833","Fri Dec 28 23:48:20 +0000 2018","0","@CintaPertiwiku @Pasut_owel @prabowo @rockygerung 'kamu' sy tujukan utk twit yg nyerang mas Bowo thd cebong sy tidak peduli laki perempuan/tua-muda.","1078799844918013952","","CintaPertiwiku","in","","0","1","0","https://x.com/undefined/status/1078799844918013952","998932970982465537",
"1078486567008628736","Fri Dec 28 23:48:20 +0000 2018","0","@jokowi MANTAP JALAN TOL PASURUAN-JAKARTA ini merupakan REKAYASA LALU LINTAS Terpanjang di Pulau JAWA dan juga bisa mengurai kepadatan kendaraan roda dua serta roda empat! ttd ZAINAL ARIFIN WONG CILIK PROBOLINGGO.","1078799841818361856","","jokowi","in","","0","0","0","https://x.com/undefined/status/1078799841818361856","1072725060828319745",
"1078524129349758976","Fri Dec 28 23:48:09 +0000 2018","0","@yuliusheksa @RinjaniJB @marierteman @prabowo Baca buku pnculik ??? https://t.co/j6nKaxyQ2x","1078799796851228672","https://pbs.twimg.com/media/DviqsNNVYAAYP1x.jpg","JoelPtera","in","","0","1","0","https://x.com/undefined/status/1078799796851228672","2320360573",
"1078791612900171776","Fri Dec 28 23:48:08 +0000 2018","0","Seisi rumah kaget. Beliau masuk ke rumah dan jalan2 melihat seisi dalam rumah. Setelah itu utk manfaatkan moment Bapak ibu dan saudara2 sy berfoto bareng dgn pak @jokowi . Saya yg jadi tukang fotonya.","1078799794112409601","","nurakbar90","in","","0","1","0","https://x.com/undefined/status/1078799794112409601","105772314",
"1078799770154500096","Fri Dec 28 23:48:05 +0000 2018","0","Pak @Jokowi yakin KH. Ma ruf Amin adalah figur yg tepat untuk melanjutkan perjuangan pak de. Sebab Kiai Ma ruf adalah sosok kultur sosok utuh ulama bijaksana dan ulama yang dihormati umat Islam di Tanah Air. #JelasIslamnya","1078799778790559744","","jasminespeedy90","in","","0","0","0","https://x.com/undefined/status/1078799778790559744","1070973416109305856",
"1078799770154500096","Fri Dec 28 23:48:04 +0000 2018","0","#5 Sesuai dengan harapan bangsa Indonesia untuk mencari kandidat calon capres-cawapres yang berlatar-belakang Nasionalis dan Religius. #JelasIslamnya","1078799777352089601","","jasminespeedy90","in","","0","1","0","https://x.com/undefined/status/1078799777352089601","1070973416109305856",
"1078799770154500096","Fri Dec 28 23:48:03 +0000 2018","0","#3 Menurut @Jokowi KH. Ma ruf Amin adalah tokoh agama yang bijaksana. #JelasIslamnya","1078799774210580480","","jasminespeedy90","in","","0","1","0","https://x.com/undefined/status/1078799774210580480","1070973416109305856",
"1078799770154500096","Fri Dec 28 23:48:02 +0000 2018","1","Beberapa alasan pak @Jokowi memilih KH. Ma ruf Amin seorang tokoh ulama besar Indonesia sebagai pendampingnya. https://t.co/Qr7Sue3vrx #JelasIslamnya","1078799770154500096","","","in","","1","1","0","https://x.com/undefined/status/1078799770154500096","1070973416109305856",
"1078524129349758976","Fri Dec 28 23:47:57 +0000 2018","0","@Ze_sukma @RinjaniJB @marierteman @prabowo ih... kamu nih diajak mikir aja gak bsa. sebutun syaratnya klo jd imam. googling dulu gih ","1078799748377632768","","Ze_sukma","in","","0","1","0","https://x.com/undefined/status/1078799748377632768","1029575772300697600",
"1077917444360921088","Fri Dec 28 23:47:54 +0000 2018","1","@dveir4u @kangyudis_ @putraj919 @so_chen @safrudi53158735 @unilubis @prabowo Dari kemarin sy malas tanggapi komen makhluk unyu2 nan goblok yg 1 itu Sok suci sok agamis merasa paling benar tapi semua bacotnya hanya makian dan kata2 kotor. Itu doang isinya selebihnya gak tau apa yg dia tulis ","1078799734846959616","","dveir4u","in","","0","0","0","https://x.com/undefined/status/1078799734846959616","52608072",
"1077809527716642816","Fri Dec 28 23:47:49 +0000 2018","0","@prabowo @fadlizon Yuhuu ayo baca kenyataannya di https://t.co/My5c2UUb6i @Rakyataceh @PARTAIACEH @KoranRakyatAceh https://t.co/QuUfTr3UT1","1078799713938268160","https://pbs.twimg.com/media/DviqmomUcAA8149.jpg","prabowo","in","","0","0","0","https://x.com/undefined/status/1078799713938268160","1018023895922761729",
"1078485486031650817","Fri Dec 28 23:47:42 +0000 2018","1","@AJIK1854 @degleng67984714 Kalau ente turun ke level warung kopi dan pangkalan ojek Debat Politik selama ini bisa diselesaikan dengan Jokowi itu Anti-Islam Sejak bulan Desember ini ada kata2 yg sulit dibantah Prabowo Agamanya Gak Jelas Solat kagak malah Natalan Situ waras??","1078799684695715840","","","in","","1","0","0","https://x.com/undefined/status/1078799684695715840","964787358078877698",
"1078524129349758976","Fri Dec 28 23:47:31 +0000 2018","0","@yuliusheksa @RinjaniJB @marierteman @prabowo Tewas lu","1078799636385665026","","JoelPtera","in","","0","0","0","https://x.com/undefined/status/1078799636385665026","2320360573",
"1078524129349758976","Fri Dec 28 23:47:19 +0000 2018","0","@yuliusheksa @RinjaniJB @marierteman @prabowo Tewas lu","1078799587622731777","","JoelPtera","in","","0","0","0","https://x.com/undefined/status/1078799587622731777","2320360573",
"1078799587500949504","Fri Dec 28 23:47:19 +0000 2018","0","Siapa pun Cawapres intinya Jokowi harus 2 periode. #2019jokowilanjut #2019TetapJokowi #2019JokowiMaruf #2019JokowiMarufAmin","1078799587500949504","","","in","","0","0","0","https://x.com/undefined/status/1078799587500949504","1027144114624585729",
"1078799538616320000","Fri Dec 28 23:47:07 +0000 2018","0","#TahunBaruPresidenBaru asal bukan @prabowo ","1078799538616320000","","","in","","0","0","0","https://x.com/undefined/status/1078799538616320000","950955457287307264",
"1078471688940007424","Fri Dec 28 23:46:55 +0000 2018","0","@eko_kuntadhi @prabowo Inilah gawatnya Indonesia. Agama bukan menjadi jalan hidup tapi komoditas politik.","1078799486573371392","","_ekokuntadhi","in","","0","0","0","https://x.com/undefined/status/1078799486573371392","462512719",
"1078585970050555904","Fri Dec 28 23:46:54 +0000 2018","0","@MegaSimarmata @prabowo @Gerindra bajingan....!!! goblok","1078799483901698050","","MegaSimarmata","in","","0","0","0","https://x.com/undefined/status/1078799483901698050","954430449215930368",
"1078658719494299648","Fri Dec 28 23:46:52 +0000 2018","0","@VIVAcoid Dananya buat serangan fajar nanti pas pemilu","1078799476490305536","","VIVAcoid","in","","0","0","0","https://x.com/undefined/status/1078799476490305536","890432269",
"1078799447134474240","Fri Dec 28 23:46:45 +0000 2018","10","Masih ada 8000 korban PHK sepihak yg nasib rakyat nya blum jelas. Tlg diperhatikan nasib mereka Pak @jokowi pak @Pak_JK pak @dedeyusuf_1 pak @hanifdhakiri #korbanphksepihakfreeport #FreeportMilikIndonesia @lokataru_id","1078799447134474240","","","in","","1","0","15","https://x.com/undefined/status/1078799447134474240","954210674120433665",
"1077776699096367105","Fri Dec 28 23:46:45 +0000 2018","0","@Dahnilanzar @prabowo @sandiuno Hahahahahha...","1078799444097695744","","Dahnilanzar","tl","","0","0","0","https://x.com/undefined/status/1078799444097695744","2708507060",
"1078524129349758976","Fri Dec 28 23:46:41 +0000 2018","1","@yuliusheksa @RinjaniJB @marierteman @prabowo Sarat ?? Mksdnx pnculik gk bolh jd imam sholt ?? Tukng becak az bs jd imam sholt. https://t.co/CvbIJ6v0k4","1078799429308563456","https://pbs.twimg.com/media/DviqWiQV4AA7dT4.jpg","JoelPtera","in","","0","1","0","https://x.com/undefined/status/1078799429308563456","2320360573",
"1078590851046006785","Fri Dec 28 23:46:39 +0000 2018","0","@hendramalay2 @Ochi_Oc09 @prabowo Kalo cuman video itu mah gak ada efek... yg ngefek kalo kamu mau di kencani abis itu lari sembunyi spt nganu (turunan kw) ","1078799418826969088","","hendramalay2","in","","0","0","0","https://x.com/undefined/status/1078799418826969088","3023516606",
"1078524129349758976","Fri Dec 28 23:46:37 +0000 2018","0","@Ze_sukma @RinjaniJB @marierteman @prabowo ayo keluarin semua bong. msh kurang banyak tuh","1078799411709243393","","Ze_sukma","in","","0","1","0","https://x.com/undefined/status/1078799411709243393","1029575772300697600",
"1078649872914341889","Fri Dec 28 23:46:35 +0000 2018","0","@RakhmadIrawan1 @prabowo Aamiin yaa rabbalalamin...","1078799403484307456","","RakhmadIrawan1","in","","0","0","0","https://x.com/undefined/status/1078799403484307456","240071842",
"1078649146049912833","Fri Dec 28 23:46:34 +0000 2018","2","@AwanSetiawan88 @Faiz54355927 @AS86222548 @prabowo @jmtransindo Kami menunggu suasana dan atmosfer serupa di Bangka Belitung Jenderal! #PS","1078799397410881536","","AwanSetiawan88","in","","0","0","0","https://x.com/undefined/status/1078799397410881536","2619375782",
"1078627261715120128","Fri Dec 28 23:46:30 +0000 2018","12","@rockygerung saking dungunya projo di fb sampai ada yg bilang klo monas jokowi yg bangun.wkwkwkkw..ngakak guling2","1078799382638518272","","rockygerung","in","","0","0","0","https://x.com/undefined/status/1078799382638518272","1047693313963257857",
"1078583975319240704","Fri Dec 28 23:46:29 +0000 2018","0","@francmohede @prabowo Jooooossss","1078799378700132353","","francmohede","und","","0","0","0","https://x.com/undefined/status/1078799378700132353","117291957",
"1078190047353098241","Fri Dec 28 23:46:27 +0000 2018","0","@Nunungkurniaw11 @Bismillah_02_ @fadreee @jokowi pasti akun abal-abal nih gak punya sopan kalo komen..","1078799370529705985","","Nunungkurniaw11","in","","0","1","0","https://x.com/undefined/status/1078799370529705985","132502413",
"1078615848065982465","Fri Dec 28 23:46:22 +0000 2018","0","@Marsuci4 @Seftyanfuazi @sandiuno @prabowo yah dangkalnya iq200","1078799347729391617","","Marsuci4","in","","0","1","0","https://x.com/undefined/status/1078799347729391617","79116883",
"1078641666238558209","Fri Dec 28 23:46:19 +0000 2018","0","@ibro212 @TeddyGusnaidi @Ferdinand_Haean @prabowo Kalau orang yg sudah biasa shalat buat apa dipertanyakan.","1078799334970454016","","ibro212","in","","0","1","0","https://x.com/undefined/status/1078799334970454016","2881653068",
"1078657789692502021","Fri Dec 28 23:46:01 +0000 2018","0","@budimandjatmiko Yang jls stlh bnyk Prestasi dibt Pakdhe @JOKOWI al trkhr Freeport Waspada Waspada Waspadalah mrk2 pasti berusaha bt segala mcm cara utk me nakuti2 Masyarakat dr HOAX RSarumpait sd Bubar Bocor n Punah... Karena Hasil Pilpres 2014 mrk2 blm pd move on ","1078799262597636096","","budimandjatmiko","in","","0","0","0","https://x.com/undefined/status/1078799262597636096","1010345031457075201",
"1078615848065982465","Fri Dec 28 23:45:39 +0000 2018","0","@sandiuno @prabowo Setuju pak dengan perekonomian yg baik dan seimbang tentu bangsa Indonesia akan sejahtera","1078799169106526209","","sandiuno","in","","0","0","0","https://x.com/undefined/status/1078799169106526209","1012004391535013890",
"1078789374597165056","Fri Dec 28 23:45:31 +0000 2018","0","@MrSahulatta @jokowi Pancing stenga itu yang penting pemerintah juga musti tegas.Indah pada waktuNya saja","1078799135615209472","","","in","","0","0","0","https://x.com/undefined/status/1078799135615209472","2232445860",
"1078301477091737600","Fri Dec 28 23:45:31 +0000 2018","0","@Moch_herianto @sandiuno @prabowo Yakin berani mendakahi wowo? Meja aja ditinju2 ... ","1078799133815713797","","Moch_herianto","in","","0","0","0","https://x.com/undefined/status/1078799133815713797","346342162",
"1078799129009053696","Fri Dec 28 23:45:30 +0000 2018","0","Warga Ambon Sambut CAPRES [ PRABOWO SUBIANTO] https://t.co/NCoEVzX7vD lewat @YouTube","1078799129009053696","","","in","","0","0","0","https://x.com/undefined/status/1078799129009053696","2991557823",
"1078524129349758976","Fri Dec 28 23:45:28 +0000 2018","0","@Ze_sukma @RinjaniJB @marierteman @prabowo msh ada yg lain","1078799121358643200","","Ze_sukma","in","","0","1","0","https://x.com/undefined/status/1078799121358643200","1029575772300697600",
"1078796024095752192","Fri Dec 28 23:45:24 +0000 2018","0","@King54fir @prabowo Bapak Kapolda Gua Nhe Dr Dulu Santu Berwibawa Dan Saleh Orgx Good Police In Mah Sukses Pak Kapolda Sulsel ","1078799104119959552","","","in","","0","0","0","https://x.com/undefined/status/1078799104119959552","1007915879693148160",
"1078563321547173888","Fri Dec 28 23:45:18 +0000 2018","0","@kopral_jon00 @rangtalu73 @datuakmangkuto @ind_prasasti @eliya_mkom @Leak2342 @MbahUyok @divapijar72 @panca66 @abu_waras @Dahnilanzar @AkunTofa @macan_uTara @CebongParno @EAndesla Kalo loh gak bisa nyebutin prestasi prabowo .. Luh jgn muncul lagi di tl gw","1078799079927250944","","kopral_jonooo","in","","0","0","0","https://x.com/undefined/status/1078799079927250944","951397410512683008",
"1078535566482857984","Fri Dec 28 23:45:17 +0000 2018","0","@Keitaro48288287 @subhan_xyz @yusuf_dumdum @prabowo Hhhhhhhhhh perasaan yg stres itu kalian semua pada putus asa mau gmn salah mau spt apa kalah hhhhhhh #2019GantiPresiden","1078799077297418241","","Keitaro48288287","in","","0","1","0","https://x.com/undefined/status/1078799077297418241","706500903147143168",
"1078649146049912833","Fri Dec 28 23:45:13 +0000 2018","0","@prabowo Mudah2an Allah swt selalunya menaungi hari2 bapak aamiin ","1078799057949282307","","prabowo","in","","0","0","0","https://x.com/undefined/status/1078799057949282307","1078436546502582272",
"1078680991978278912","Fri Dec 28 23:45:07 +0000 2018","2","@bangzul_1988 @prabowo Itu menunjukkan bahwa pAK pRABOWO konsisten.... . . . . . . .Bohongnya......","1078799032175087616","","bangzul_88","in","","0","1","0","https://x.com/undefined/status/1078799032175087616","1017660114252075008",
"1078799029469933568","Fri Dec 28 23:45:06 +0000 2018","0","Jaga Kamtibmas jelang Pemilu Bripka Sutrisno sambangi warga https://t.co/8QXcHiEeMd https://t.co/eQNQMpD8HM","1078799029469933568","https://pbs.twimg.com/media/Dvip_-DUUAAu4o9.jpg","","in","","0","0","0","https://x.com/undefined/status/1078799029469933568","1167542442",
"1078618223099076608","Fri Dec 28 23:45:04 +0000 2018","0","@felixsiauw Kalau boleh saya saranin jgn terlalu cepat baper... Jangan mentang2 ini lg musim pilpres kemudian di kait2an dg jokowi atau prabowo... Termasuk kita semua juga bisa berkarya dg cara dan kemampuan masing2","1078799022553411584","","felixsiauw","in","","0","0","0","https://x.com/undefined/status/1078799022553411584","1047352498187468800",
"1078600944395243520","Fri Dec 28 23:44:59 +0000 2018","0","@monitorku @adv_supyadi @jokowi Mobil + duit genderuwo","1078799002471022592","","monitorku","in","","0","0","0","https://x.com/undefined/status/1078799002471022592","212429928",
"1078632729476882432","Fri Dec 28 23:44:56 +0000 2018","0","@PoppyBarawas @cataleya_shouma Biarlah sejarah yg mencatat nya. mengingkari suara Orang Gila yg pernah mendukung prabowo https://t.co/6nFtreS5rm","1078798988046852096","https://pbs.twimg.com/media/Dvip813U0AU_31t.jpg","","in","","0","0","0","https://x.com/undefined/status/1078798988046852096","1028865122209415168",
"1078625543510061056","Fri Dec 28 23:44:54 +0000 2018","0","@JolieRanata @FaGtng @purwo82092883 @jokowi @prabowo Kubu PraBohong itu kalau nabok paling semangat kalau dibales nyubit langsung triak² kriminalisasi.. Jd percuma ngasih fakta sama mereka krn diotak mereka PraBohong itu udah ky tuhan maha benar. Padahal Ah SUdahlah terlalu negative klo ngomongin kubu PraBohong!!","1078798979100364800","","SutanbulungHrp","in","","0","1","0","https://x.com/undefined/status/1078798979100364800","724201609874403328",
"1078798951011078145","Fri Dec 28 23:44:47 +0000 2018","1","Mari kita kenal Kyai Maruf pendamping pak Jokowi. Beliau sudah #JelasIslamnya sehingga sangat tepat mendampingi Jokowi. Selain bangsa ini terus bekerja &amp; membangun jg perlu adanya doa-doa dari para ulama.. Karena doa jg merupakan usaha. Semoga Indonesia penuh berkah","1078798951011078145","","","in","","0","0","0","https://x.com/undefined/status/1078798951011078145","1071124608927952896",
"1078798946829361152","Fri Dec 28 23:44:46 +0000 2018","0","SUNGGUH MULIA // Habis Nyumbang Korban Tsunami Banten // Pilih JOKOWI / ... https://t.co/301U4wcEiA lewat @YouTube","1078798946829361152","","","in","","0","0","0","https://x.com/undefined/status/1078798946829361152","2991557823",
"1078325802628870144","Fri Dec 28 23:44:44 +0000 2018","1","@RRabrusun @Ferdinand_Haean @tehtjemplung @tv2nkri @prabowo @sandiuno @AlhamidIchal @CintaNKRI12 @arlex_wu @1ndonesiaku1 @Nurdiana6881 @Astuty64 Mantap...aamiin","1078798939363536896","","RRabrusun","tl","","0","0","0","https://x.com/undefined/status/1078798939363536896","857442799196659712",
"1078670360524935168","Fri Dec 28 23:44:42 +0000 2018","0","@garudaNKRI89 @pujangga1123 @Azzarenkagabril @permadiaktivis @P3nj3l4j4h @RizmaWidiono @SammiSoh @4Y4NKZ @chicohakim @PakarLogika @kangdede78 Yg bener nih jgn hoaxs capres sama cawapres punya hutang segitu banyak klo gitu ya harus pilih prabowo sandi biar bisa bantuin bayar hutang klo ga jadi waduh! Klo jadi waduh! Oh Itu yg dibilang Sandi perbaikan ekonomi he he ....","1078798928017907713","","garudaNKRI89","in","","0","1","1","https://x.com/undefined/status/1078798928017907713","888782509739081728",
"1078524129349758976","Fri Dec 28 23:44:41 +0000 2018","0","@yuliusheksa @RinjaniJB @marierteman @prabowo Klo wwo.. mnghadap kuburan..","1078798926398930946","","JoelPtera","in","","0","1","0","https://x.com/undefined/status/1078798926398930946","2320360573",
"1078486567008628736","Fri Dec 28 23:44:39 +0000 2018","0","@jokowi Budi jg Senang Pak lihat hasil yg Bapak Jokowi lakukan Budi pasti pilih Bapak lg! Pak jln kuamang kuning betung berdarah kab. Tebo jg di perbaiki y... Biar Budi klu mau k jbi dkt. https://t.co/9cIkwJhJeP","1078798918492741634","https://pbs.twimg.com/media/DvipwttU0AA5Lyj.jpg","jokowi","in","","0","0","0","https://x.com/undefined/status/1078798918492741634","972765998829850624",
"1078798910557163526","Fri Dec 28 23:44:38 +0000 2018","2","Sepanjang tahun 2018 jika dirata-ratakan dari total 17 hasil survei Jokowi mampu menguasai hingga 56 9 persen responden. Sementara itu Prabowo menguasai hingga 29 9 persen. #Riset #AdadiKompas https://t.co/9bFBMcnGHk","1078798910557163526","","","in","","1","1","1","https://x.com/undefined/status/1078798910557163526","255866913",
"1077638789533585408","Fri Dec 28 23:44:26 +0000 2018","0","@Ayang55532413 Cinta Indonesia dan NKRI adalah harga mati Seluruh komponen rakyat Indonesia diseluruh penjuru tanah air sudah bertekad bulat untuk memenangkan Jokowi-Ma'ruf #Jokowi2Periode #2019TetapJokowi #2019Jokowilagi","1078798863853473792","","AyangCakep","in","","0","0","0","https://x.com/undefined/status/1078798863853473792","389572771",
"1078433849527300096","Fri Dec 28 23:44:18 +0000 2018","1","@yusuf_dumdum Apakah lbh baik pilih Capres lawakalawata ? Mending golput klo gini mah...","1078798828164198400","","yusuf_dumdum","in","","0","0","0","https://x.com/undefined/status/1078798828164198400","2341474411",
"1078626078690660352","Fri Dec 28 23:44:16 +0000 2018","1","@ustadtengkuzul @KPU_ID Usaha dari umat dan masyarakat untuk pemilu yg jurdil... Harus didukung. Klo bukan kita siapa lagi. Klo bukan skarang kapan lagi.","1078798820257849344","","ustadtengkuzul","in","","0","0","1","https://x.com/undefined/status/1078798820257849344","1047819706286010368",
"1078615848065982465","Fri Dec 28 23:44:15 +0000 2018","0","@sandiuno @prabowo Mimpi om.....mimpi","1078798814666838016","","sandiuno","in","","0","0","0","https://x.com/undefined/status/1078798814666838016","912604966144978944",
"1078592909920722944","Fri Dec 28 23:44:09 +0000 2018","0","@ArisRam90233562 @Dahnilanzar @prabowo Dan inilah Presidennya... https://t.co/rD57JJIGog","1078798791761747969","https://pbs.twimg.com/media/DvipwckUYAADLSn.jpg","ArisRamadhan90","in","","0","0","0","https://x.com/undefined/status/1078798791761747969","897328451715186689",
"1078561467706687489","Fri Dec 28 23:44:07 +0000 2018","1","@FirzaHussein Tenanggggg Mbak kalo sampe kenapa2 kan ada aja Jokowi buat dijadiin kambing hitam","1078798784057040897","","NyaiJagat","in","","0","0","0","https://x.com/undefined/status/1078798784057040897","1053112849696874496",
"1078524129349758976","Fri Dec 28 23:44:04 +0000 2018","0","@yuliusheksa @RinjaniJB @marierteman @prabowo Nihh.. penuh kamera.. ini pncitraan.. asli. https://t.co/ePnF1a1NjF","1078798768735105024","https://pbs.twimg.com/media/DvipwNfVAAAZISY.jpg","JoelPtera","in","","0","1","0","https://x.com/undefined/status/1078798768735105024","2320360573",
"1078798747000287233","Fri Dec 28 23:43:59 +0000 2018","0","Jangan Lewatkan Debat Capres Cawapres 2019. @ LPP TVRI NTB https://t.co/279mmXTcy4","1078798747000287233","","","in","","0","0","0","https://x.com/undefined/status/1078798747000287233","811938308997513216",
"1078563321547173888","Fri Dec 28 23:43:48 +0000 2018","0","@kopral_jon00 @rangtalu73 @datuakmangkuto @ind_prasasti @eliya_mkom @Leak2342 @MbahUyok @divapijar72 @panca66 @abu_waras @Dahnilanzar @AkunTofa @macan_uTara @CebongParno @EAndesla Prestasi Jokowi banyak sejak jadi walikota sampe presiden butuh 2 hari 2 malem .. Cape gw ngetik nya ... . Apa prestasi prabowo dongok","1078798702246916096","","kopral_jonooo","in","","0","2","0","https://x.com/undefined/status/1078798702246916096","951397410512683008",
"1078794029209333760","Fri Dec 28 23:43:48 +0000 2018","1","@AbyManyuu @jokowi #JelasIslamnya #JokowiOrangBaik #01IndonesiaMaju","1078798700762128384","","aisyahz1234","qme","","0","1","0","https://x.com/undefined/status/1078798700762128384","1071124608927952896",
"1078798691593465856","Fri Dec 28 23:43:45 +0000 2018","5","Tim Panel Debat Capres Guru Besar UI hingga Mantan Bos KPK https://t.co/NryOyzMUpS https://t.co/O4Soz9a5qo","1078798691593465856","https://pbs.twimg.com/media/DvipsWmVAAA9xZk.jpg","","in","","0","0","0","https://x.com/undefined/status/1078798691593465856","17128975",
"1078509185967374336","Fri Dec 28 23:43:45 +0000 2018","1","@zaabdullah01 @mrajalali @saididu @RidlwanSyarief @her_alone @luviku @prabowo Makanya sekali2 buka kacamatanya bang tdk semua perubahan itu hrus terlihat pakai mata simple skrg bpk @saididu menyampaikan kpd Kita bhwa direzim ini dipegang oleh org2 yg ketakutan Dan banyak gaya ingat rumus tekanan Makin banyak banyak gaya hidup akan tertekan ","1078798690477719552","","zaabdullah01","in","","0","1","0","https://x.com/undefined/status/1078798690477719552","1326734995",
"1078318366102712328","Fri Dec 28 23:43:40 +0000 2018","1","@Ninnocyber @habibmahdiyahya @Laskar_Pribumi @prabowo @nahdlatululama @Official_Ansor @DPP_PPP @PKB_ID_Official @nu_online @GUSDURians Insyaallah warga nahdiyin tau mana yg pantas djadikan pemimpin @Banser_CyberNU @ansor_jatim @Generasi_MudaNU @GPAnsor_Satu @saidaqil @Helmy_Faishal_Z @na_dirs @Stakof @AT_AbdillahToha @yusuf_dumdum @noeruzzaman @saifullahabid @budimandjatmiko @cakimiNOW @MRomahurmuziy @P3nj3l4j4h","1078798670844186624","","Ninnocyber","in","","0","0","0","https://x.com/undefined/status/1078798670844186624","3151954471",
"1078798652368248832","Fri Dec 28 23:43:36 +0000 2018","12","Mak mak mujahidah berjuang untuk Prabowo Sandi @ustadtengkuzul #IndonesiaBersatuKuat https://t.co/V3iJcQT5rK","1078798652368248832","https://pbs.twimg.com/ext_tw_video_thumb/1078798135130972161/pu/img/uZ6lD6X35kW9I3eD.jpg","","in","","1","1","5","https://x.com/undefined/status/1078798652368248832","1055958554249584640",
"1078550768771186689","Fri Dec 28 23:43:35 +0000 2018","0","@putrabanten80 @Ferdinand_Haean @prabowo MasyaAllah","1078798649075949568","","Oku__records","in","","0","0","0","https://x.com/undefined/status/1078798649075949568","1015064754438598657",
"1077626806088261632","Fri Dec 28 23:43:32 +0000 2018","1","@torelwisnu @RiniNizar72 @anton_khairudin @fadlizon @Fahrihamzah @Ferdinand_Haean @ustadtengkuzul @Aryprasetyo85 @TheArieAir @prabowo @NenoWarisman_ @yusuf_dumdum @AkunTofa @hnurwahid @sohibul Padahal yang pki adalah fakta","1078798635393941504","","TRLvibes","in","","0","2","0","https://x.com/undefined/status/1078798635393941504","2905265706",
"1078794029209333760","Fri Dec 28 23:43:31 +0000 2018","0","@AbyManyuu @jokowi yoyoy ka","1078798631921020928","","aisyahz1234","in","","0","0","0","https://x.com/undefined/status/1078798631921020928","1071124608927952896",
"1078318366102712328","Fri Dec 28 23:43:31 +0000 2018","1","@karjomblo @habibmahdiyahya @prabowo Namanya si Bobby","1078798631560372224","","karjomblo","in","","0","0","0","https://x.com/undefined/status/1078798631560372224","261023896",
"1078666678785855488","Fri Dec 28 23:43:26 +0000 2018","1","@chintiamanies @D4Ni3L_Pu @jokowi @JajangRidwan19 @P3nj3l4j4h Amin","1078798611171938305","","chintiamanies","en","","0","0","0","https://x.com/undefined/status/1078798611171938305","1065824792605995008",
"1078600944395243520","Fri Dec 28 23:43:25 +0000 2018","2","@adv_supyadi @jokowi Besok klw MATI yg ditnya Amal itu amal kita sendiri bukan org lain lah skrg pertnyaannya km tnya apa yg dilakukan presiden lah KAMU SENDIRI APA YG KM LAKUKAN? ngebantu enggak Nyinyir iya... Guoblokkkkkk tenannnnnn","1078798608000937984","","adv_supyadi","in","","0","6","1","https://x.com/undefined/status/1078798608000937984","1042419381966258176",
"1078297639370682368","Fri Dec 28 23:43:17 +0000 2018","0","@putrabanten80 @prabowo Aamiin","1078798573007826945","","Oku__records","fi","","0","0","0","https://x.com/undefined/status/1078798573007826945","1922413500",
"1078795875726422016","Fri Dec 28 23:43:14 +0000 2018","0","@agusfathorrosi @mohmahfudmd @sudjiwotedjo @NUgarislucu @imam_nahrawi @GunRomli @cakimiNOW Endingnya kirain mau ke @prabowo Ternyata ke dua duanya. #Pilpres2019","1078798558214537216","","agusfathorrosi","in","","0","0","0","https://x.com/undefined/status/1078798558214537216","2546039351",
"1078524129349758976","Fri Dec 28 23:43:11 +0000 2018","0","@marierteman @prabowo Ya Allah saya merinding dan brebes mili lihat video ini semoga Allah menyelamatkan Negeri ini.. Aamiin","1078798546751479808","","marierteman","in","","0","0","0","https://x.com/undefined/status/1078798546751479808","826440196816121857",
"1078798535976308736","Fri Dec 28 23:43:08 +0000 2018","10","Jika Prabowo Menang semua harga akan murah... Dengan 2000 Rupiah kita sudah dapat Minyak Terigu Sayur Udang dalam bentuk BAKWAN ya twips. @agit2530 @PowerEmak @nyenyenggg @BiLLRaY_ @Putra_PRP @HEI_RIAN @aji_karno @mumu_alimuddin @The_Zhendi @santrikiai @Ujung_GaluhYes","1078798535976308736","","","in","","5","10","3","https://x.com/undefined/status/1078798535976308736","979334330815152128",
"1078505224413696000","Fri Dec 28 23:43:08 +0000 2018","0","@Arie_Kriting Bila hidup anda susah nonton standup comedy makin marah. Hiburannya ya kampanye prabowo Hiya","1078798533032054786","","Arie_Kriting","in","","0","0","0","https://x.com/undefined/status/1078798533032054786","306637509",
"1078786335962423296","Fri Dec 28 23:42:56 +0000 2018","0","@EkoSandjojo Maaf pak eko jadilah yang bijak sebagai mentri bukan jokowi yang memberi dana itu..pemerintah...","1078798485326041088","","EkoSandjojo","in","","0","1","0","https://x.com/undefined/status/1078798485326041088","981843142323224576",
"1078616764940873728","Fri Dec 28 23:42:52 +0000 2018","1","@SBYudhoyono Maaf pa. Saya berharap pa SBY melakukan langkah besar untuk negeri ini mencegah berlanjutnya ke aroganan rezim skrng. Kelihatannya baik tapi kok arogan. Aku percaya pa jokowi itu baik tapi kroninya arogan.","1078798467030343680","","SBYudhoyono","in","","0","0","0","https://x.com/undefined/status/1078798467030343680","1063312291716726784",
"1078524129349758976","Fri Dec 28 23:42:51 +0000 2018","1","@Yulio49479392 @marierteman @prabowo Yang #Adildanmakmur Insya allah ","1078798463251341318","","Yulio49479392","in","","0","1","0","https://x.com/undefined/status/1078798463251341318","883836181452017665",
"1078592660149948417","Fri Dec 28 23:42:50 +0000 2018","0","@Angelyca_Nayoan @feriyati88 @RRabrusun @Vife991 @prabowo @sandiuno @CintaNKRI12 @1ndonesiaku1 @arlex_wu @Astuty64 @tehtjemplung @Ferdinand_Haean @AlhamidIchal @hp_arel @NataliusPigai2 Hihihihi... Senjata Makan Tuan deh","1078798460738916352","","Angelyca_Nayoan","in","","0","1","0","https://x.com/undefined/status/1078798460738916352","818992126629285888",
"1078530160624693248","Fri Dec 28 23:42:50 +0000 2018","0","@benz_haryadi @kijangok @KerjaDuaPeriode @bangzul_1988 @prabowo @jokowi @jansen_jsp @marierteman @eae18 Mmg nalar goblok kok ","1078798457714880512","","benz_haryadi","in","","0","1","0","https://x.com/undefined/status/1078798457714880512","1072876876463362048",
"1078486567008628736","Fri Dec 28 23:42:46 +0000 2018","0","@jaymulja @NotCaffeine @PakarLogika @awlya__ @awanmuson @tajidrajat @LubisRamosan @robbie_Marley @jokowi Semoga termasuk yg dekat adik2 yg ada di photo tsb .","1078798444129542144","","","in","","0","0","0","https://x.com/undefined/status/1078798444129542144","406937221",
"1078590851046006785","Fri Dec 28 23:42:43 +0000 2018","0","@Ochi_Oc09 @utuntauk @prabowo Ahbkirain puluhan jeti... ","1078798431995387904","","Ochi_Queen09_1","in","","0","0","0","https://x.com/undefined/status/1078798431995387904","3023516606",
"1078486567008628736","Fri Dec 28 23:42:42 +0000 2018","0","@nurzain @jokowi Ini jg pencitraan. https://t.co/JMUtpyvoa2","1078798425720680448","https://pbs.twimg.com/media/DvipcveV4AAQIsU.jpg","nurzain","in","","0","0","0","https://x.com/undefined/status/1078798425720680448","520051351",
"1078791612900171776","Fri Dec 28 23:42:41 +0000 2018","0","Kalau di mimpi yg pertama pak @jokowi tiba2 berhenti di depan rumah dgn mobil kepresidenan (Ceritanya beliau habis kampanye). Lalu naik ke rumah. Masih ingat beliau pakai baju putih lengan panjangnya.","1078798420184317952","","nurakbar90","in","","0","1","0","https://x.com/undefined/status/1078798420184317952","105772314",
"1078318366102712328","Fri Dec 28 23:42:37 +0000 2018","0","@RVitrryea @habibmahdiyahya @prabowo Namanya si Bobby.","1078798403989958656","","RVitrryea","in","","0","1","0","https://x.com/undefined/status/1078798403989958656","261023896",
"1078798397920833536","Fri Dec 28 23:42:35 +0000 2018","1","Manipulasi sejarah (?) demi meraih suara di Aceh... Duh! Prabowo Dinilai Berbohong Soal Pengejaran Panglima GAM dan Pesawat Seulawah | https://t.co/4Tf0B0rBp9 https://t.co/oxZVfuRYRh","1078798397920833536","","","in","","0","0","0","https://x.com/undefined/status/1078798397920833536","962440276290580480",
"1078618223099076608","Fri Dec 28 23:42:34 +0000 2018","0","@felixsiauw siapa saja yg berkarya bukan hanya jokowi saja..... Jika misalnya kita semua sedang berkarya... Jd secara otomatis kita Juga gak punya kesempatan itu mencela","1078798390664880128","","felixsiauw","in","","0","0","0","https://x.com/undefined/status/1078798390664880128","1047352498187468800",
"1078798330535149568","Fri Dec 28 23:42:19 +0000 2018","2","@yusuf_dumdum jgn lupa ucapkan selamat tuh sama jokowi","1078798330535149568","","yusuf_dumdum","in","","0","0","2","https://x.com/undefined/status/1078798330535149568","4347310394",
"1078798320678559744","Fri Dec 28 23:42:17 +0000 2018","0","IHSG terbaik kedua di Asia Pasifik #moneter #ihsg #saham #jokowi #prabowo #prabowosandi #indonesiahebat https://t.co/h7stoUOt8l","1078798320678559744","","","in","","0","0","0","https://x.com/undefined/status/1078798320678559744","1069401364067868673",
"1078299470742269952","Fri Dec 28 23:42:16 +0000 2018","0","@AnnaSuezann Semua Pendukung salah satu capres..","1078798317046292480","","AnnaSuezann","in","","0","0","0","https://x.com/undefined/status/1078798317046292480","1030780135752916992",
"1078447704382963713","Fri Dec 28 23:42:04 +0000 2018","1","@heniunique @KemenPU @jokowi @VIVAcoid Semoga Pak Basuki selalu sehat bahagia panjang umur...Aamiin..","1078798267268263936","","heniunique","in","","0","0","0","https://x.com/undefined/status/1078798267268263936","1192054326",
"1078509185967374336","Fri Dec 28 23:42:01 +0000 2018","0","@zaabdullah01 @tentarakeraton @saididu @RidlwanSyarief @her_alone @luviku @prabowo Hahaha kebiasaan cebong kalo udah mentok. Serangan nya pake anak kemarin sore lah. Baru beres lah followers dikit lah.","1078798252143570944","","zaabdullah01","in","","0","1","0","https://x.com/undefined/status/1078798252143570944","1006827336270921728",
"1078798235509112833","Fri Dec 28 23:41:57 +0000 2018","0","terima kasih Pak Jokowi #moneter #ihsg #saham #jokowi #prabowo #prabowosandi #indonesiahebat https://t.co/mKeXtStEKc","1078798235509112833","","","in","","0","0","0","https://x.com/undefined/status/1078798235509112833","1069401364067868673",
"1078590851046006785","Fri Dec 28 23:41:53 +0000 2018","0","@prend69 @Ochi_Oc09 @prabowo BANGGA ????? APA NX YG DIBANGGAIN.. LU WARAS ????? https://t.co/7qFCAzLRad","1078798219457441792","https://pbs.twimg.com/media/DvipOs-U8AAIUcA.jpg","prend69","in","","0","0","0","https://x.com/undefined/status/1078798219457441792","2320360573",
"1078637914194472961","Fri Dec 28 23:41:52 +0000 2018","0","@Ferdinand_Haean Kalo nti saya kasih bukti serangan fajar..bingkisan mlm sblm nyoblos..dll..dari kubu prabowo..apakah siap?","1078798214487334912","","Ferdinand_Haean","in","","0","1","0","https://x.com/undefined/status/1078798214487334912","382522068",
"1078671400313876481","Fri Dec 28 23:41:48 +0000 2018","0","@hadman96 @mangkuto78 @amazenkli4 @dulatips Luh tau gak prestasi prabowo yg luh banggain","1078798200763502592","","hadman96","in","","0","1","0","https://x.com/undefined/status/1078798200763502592","951397410512683008",
"1078798143641321472","Fri Dec 28 23:41:35 +0000 2018","0","kinerja IHSG terbaik di Asean #moneter #ihsg #saham #jokowi #prabowo #prabowosandi #indonesiahebat https://t.co/3EGvyAcJJm","1078798143641321472","","","in","","0","0","0","https://x.com/undefined/status/1078798143641321472","1069401364067868673",
"1078610107263381509","Fri Dec 28 23:41:30 +0000 2018","0","@saididu Di era jokowi nanti kalo rakyat minta data bingung kita pak di google gak ada di tv2 gak ada di koran2 gak ada terus nanti suruh tanya ke mentri2 nya duuuuuh pusing deh","1078798125102481409","","Putrapwt5","in","","0","0","0","https://x.com/undefined/status/1078798125102481409","1056768349810515968",
"1078797648356728832","Fri Dec 28 23:41:27 +0000 2018","1","@pramonoanung @jokowi Kapan ekonomi politik yang di jalankan oleh pak jokowi menyasar kemiskinan di indonesia malahan kemiskinan meningkat.. ","1078798112758685697","","pramonoanung","in","","0","3","0","https://x.com/undefined/status/1078798112758685697","1077228240282906625",
"1078798110653063168","Fri Dec 28 23:41:27 +0000 2018","0","kebijakan moneter Indonesia kuat #moneter #ihsg #saham #jokowi #prabowo #prabowosandi #indonesiahebat https://t.co/Dza9XdJoGv","1078798110653063168","","","in","","0","0","0","https://x.com/undefined/status/1078798110653063168","1069401364067868673",
"1078798097025658880","Fri Dec 28 23:41:24 +0000 2018","0","Dahlan Iskan Capres 2014","1078798097025658880","","","in","","0","0","0","https://x.com/undefined/status/1078798097025658880","1706132360",
"1078505977819803648","Fri Dec 28 23:41:21 +0000 2018","1","@AJIK1854 @LisdiyantoR Zdolim mata lu taikotok.. Cuma bicara demi bangsa. Berpegang otak kulup hui. Capres Boro faham agama .wudu z salah? Yaa cuma bicara z. Pelanksanaan tau ???","1078798087043321856","","","in","","0","0","0","https://x.com/undefined/status/1078798087043321856","964787358078877698",
"1078615342211948545","Fri Dec 28 23:41:06 +0000 2018","0","@SBYudhoyono Salam Freeport aja.. Terima kasih buat pak @jokowi pak @IgnasiusJonan bu Srimulyani yg sdh bekerja keras dan berani merebut Freeport dari tangan asing. Salut dgn mereka. ","1078798025269555201","","SBYudhoyono","in","","0","0","0","https://x.com/undefined/status/1078798025269555201","972009851067887616",
"1078487635063001088","Fri Dec 28 23:40:58 +0000 2018","1","@IrHMFaqih Aku pilih pakde Jokowi karena beliau bersih merakyat sederhana gak punya masa lalu hitam punya keluarga yg harmonis bekerja sepenuh hati untuk kemajuan bangsa Indonesia dan yg pasti beliau tetep #rockenroll ","1078797991710871552","","IrHMFaqih","in","","0","0","1","https://x.com/undefined/status/1078797991710871552","378346426",
"1078486567008628736","Fri Dec 28 23:40:48 +0000 2018","0","@jokowi yg gk seoakat kok gk malu kalo lewat tol..tambah menikmati enak enak skrng cepet..","1078797945724719104","","jokowi","in","","0","0","0","https://x.com/undefined/status/1078797945724719104","211089270",
"1078797919657050113","Fri Dec 28 23:40:41 +0000 2018","0","Sukseskan pemilu 2019 aman damai dan sejuk ..... #stoppolitikkotor #stopsara #stophoax #stopujarankebencian #stopkampanyehitam #stoppolitikuang #stopprovokasi #stopintolerance #pemiluamandamaisejuk #pileg2019 #pilpres2019 #pilegpilpres2019 #satgasnusantarapolri #satgasnusantara https://t.co/kDFXFI4Uyl","1078797919657050113","https://pbs.twimg.com/media/Dvio_AjUUAA0IHx.jpg","","in","","0","0","0","https://x.com/undefined/status/1078797919657050113","1036612769959669761",
"1078797879710494727","Fri Dec 28 23:40:32 +0000 2018","0","Prabowo Dinilai Berbohong Soal Pengejaran Panglima GAM dan Pesawat Seulawah | https://t.co/L6PQEuqacC https://t.co/b2wGyxNI7v LAGI DAN LAGI... :-)","1078797879710494727","","","in","","0","0","0","https://x.com/undefined/status/1078797879710494727","634667156",
"1078797871758028800","Fri Dec 28 23:40:30 +0000 2018","0","Sukseskan pemilu 2019 aman damai dan sejuk ..... #stoppolitikkotor #stopsara #stophoax #stopujarankebencian #stopkampanyehitam #stoppolitikuang #stopprovokasi #stopintolerance #pemiluamandamaisejuk #pileg2019 #pilpres2019 #pilegpilpres2019 #satgasnusantarapolri #satgasnusantara https://t.co/AwXgY7BlKj","1078797871758028800","https://pbs.twimg.com/media/Dvio8EFUYAE4kqF.jpg","","in","","0","0","0","https://x.com/undefined/status/1078797871758028800","1036612769959669761",
"1078797845170249728","Fri Dec 28 23:40:24 +0000 2018","0","Sukseskan pemilu 2019 aman damai dan sejuk ..... #stoppolitikkotor #stopsara #stophoax #stopujarankebencian #stopkampanyehitam #stoppolitikuang #stopprovokasi #stopintolerance #pemiluamandamaisejuk #pileg2019 #pilpres2019 #pilegpilpres2019 #satgasnusantarapolri #satgasnusantara https://t.co/xaQwHpshEJ","1078797845170249728","https://pbs.twimg.com/media/Dvio6buVAAAyikE.jpg","","in","","0","0","0","https://x.com/undefined/status/1078797845170249728","1036612769959669761",
"1078791279419387904","Fri Dec 28 23:40:22 +0000 2018","4","@maspiyuuu @evese84 AAMIN YA ROBB SEMOGA BAPAK AKAN DI ANGKAT DERAJATNYA SAMA ALLOH SWT MENJADI KEPALA POLISI REPUBLIK INDONESIA DI 2019 DI REZIM YANG BARU PRABOWO SANDI INSYA ALLOH ","1078797838048468992","","mas_piyuuu","in","","0","0","1","https://x.com/undefined/status/1078797838048468992","2991557823",
"1078797823632646144","Fri Dec 28 23:40:18 +0000 2018","0","Kehadiran Presiden Jokowi seolah menegaskan keberpihakan Kiai Ma ruf pada komitmen pemerintah untuk menjaga Pancasila #JelasIslamnya","1078797823632646144","","","in","","0","0","0","https://x.com/undefined/status/1078797823632646144","1071124608927952896",
"1078797807891341312","Fri Dec 28 23:40:15 +0000 2018","0","Sukseskan pemilu 2019 aman damai dan sejuk ..... #stoppolitikkotor #stopsara #stophoax #stopujarankebencian #stopkampanyehitam #stoppolitikuang #stopprovokasi #stopintolerance #pemiluamandamaisejuk #pileg2019 #pilpres2019 #pilegpilpres2019 #satgasnusantarapolri #satgasnusantara https://t.co/vqmJn4YsUY","1078797807891341312","https://pbs.twimg.com/media/Dvio4eaUYAAM2rp.jpg","","in","","0","0","0","https://x.com/undefined/status/1078797807891341312","1036612769959669761",
"1078797792892530688","Fri Dec 28 23:40:11 +0000 2018","0","Orang nomor satu di Indonesia ini @jokowi secara khusus hadir sebagai undangan dalam acara pengukuhan #JelasIslamnya https://t.co/JTCOmq0NlG","1078797792892530688","https://pbs.twimg.com/media/Dvio2LgU0AAE_xs.jpg","","in","","0","0","0","https://x.com/undefined/status/1078797792892530688","1071124608927952896",
"1078435130560065536","Fri Dec 28 23:40:09 +0000 2018","0","@roninkhalid entah mau jadi apa negara ini.... klau liat di medsos semua nya seakan menjadi tuhan.... dan merasa dirinya paling benar seantero indonesia.... judulnya pemilu ada paslon 01-02 tapi isi ceritanya seperti sinetron drama...masih ambisi blm ada program yg jelas #blmpunyapilihan","1078797783186862080","","roninkhalid","in","","0","0","0","https://x.com/undefined/status/1078797783186862080","1044234849710571521",
"1078797780867411968","Fri Dec 28 23:40:08 +0000 2018","0","Sukseskan pemilu 2019 aman damai dan sejuk ..... #stoppolitikkotor #stopsara #stophoax #stopujarankebencian #stopkampanyehitam #stoppolitikuang #stopprovokasi #stopintolerance #pemiluamandamaisejuk #pileg2019 #pilpres2019 #pilegpilpres2019 #satgasnusantarapolri #satgasnusantara https://t.co/KbN0mpWkQf","1078797780867411968","https://pbs.twimg.com/media/Dvio2eTV4AADZAi.jpg","","in","","0","0","0","https://x.com/undefined/status/1078797780867411968","1036612769959669761",
"1078615342211948545","Fri Dec 28 23:39:58 +0000 2018","0","@Otty_Hamid @HariyantoKarni @yudiengran @SBYudhoyono Pk @jokowi bkn tipe yg senang dg org pnjilat.. bukti ny Gabener.. tim sukses nx sndri.. ini contoh! Pk @jokowi senang dgn org cerdas yg gk bnyk omg tp kerja keras nyata...","1078797739993968640","","Otty_ajah","in","","0","1","0","https://x.com/undefined/status/1078797739993968640","2320360573",
"1078486567008628736","Fri Dec 28 23:39:54 +0000 2018","0","@jokowi Hanya di nikmati golongan konglomerat","1078797722671411200","","jokowi","in","","0","0","0","https://x.com/undefined/status/1078797722671411200","1054148317255413760",
"1078600944395243520","Fri Dec 28 23:39:44 +0000 2018","2","@adv_supyadi @jokowi Pertanyaan yg konyol dari seorang kampret yg matane picek...dan ini ditanyakan pada presiden??","1078797677901635584","","adv_supyadi","in","","3","31","0","https://x.com/undefined/status/1078797677901635584","2591329135",
"1078797677616222209","Fri Dec 28 23:39:44 +0000 2018","0","Kok fikiran kita sama ya pak?? Sy bukan cendrung ke @jokowi nya sy fokus ke @prabowo nya sy jg ada keresahan seperti itu ","1078797677616222209","","","in","","0","0","0","https://x.com/undefined/status/1078797677616222209","3281469925",
"1078318366102712328","Fri Dec 28 23:39:43 +0000 2018","0","@habibmahdiyahya @prabowo Aamiin semoga qobul.","1078797676869672962","","habibmahdiyahya","in","","0","0","0","https://x.com/undefined/status/1078797676869672962","758789432908492800",
"1078797663695450119","Fri Dec 28 23:39:40 +0000 2018","0","Pernyataan langsung dari Syekh Ali Jabber tentang merapatnya Beliau ke salah satu pasangan Capres 2019. #Repost @syekh.alijaber ・・・ Sayang sekali banyak yg percaya hoax tanpa tabayyun itu lah sebab kita ummat Islam tdk bisa maju2 Karena masih terla https://t.co/6OlZCnEBJ7 https://t.co/037nMVDby1","1078797663695450119","https://pbs.twimg.com/media/DviowieXgAEEUNN.jpg","","in","","0","0","0","https://x.com/undefined/status/1078797663695450119","906567704810725377",
"1078797648356728832","Fri Dec 28 23:39:37 +0000 2018","1723","Saya bangga menjadi saksi sejarah peresmian transjawa oleh Presiden @jokowi yg telah tersambung dan semoga membuat ekonomi kita semakin baik dan bermanfaat bagi masyarakat #hasilkerja #kerjakerja","1078797648356728832","","","in","","33","133","341","https://x.com/undefined/status/1078797648356728832","151313825",
"1078509185967374336","Fri Dec 28 23:39:23 +0000 2018","0","@tentarakeraton @Rahadie6 @saididu @RidlwanSyarief @her_alone @luviku @prabowo Pasti dia anak kemarin sore...","1078797593109385216","","tentarakeraton","in","","0","1","0","https://x.com/undefined/status/1078797593109385216","804580891754233856",
"1078601114335858688","Fri Dec 28 23:39:11 +0000 2018","0","@mohmahfudmd Kalau boleh tolong beri masukan ke Pak Jokowi lanjut lagi beliau jadi menteri 10 periode pak ","1078797542182117376","","mohmahfudmd","in","","0","0","0","https://x.com/undefined/status/1078797542182117376","26982192",
"1078797532728307713","Fri Dec 28 23:39:09 +0000 2018","0","Jokowi: Buat Meme yang Lucu dan Kreatif Saja https://t.co/bsSEZhp3pR https://t.co/5N8FgXgjLu","1078797532728307713","https://pbs.twimg.com/media/Dvioo4FUwAMs7IN.jpg","","in","","0","0","2","https://x.com/undefined/status/1078797532728307713","528590547",
"1078797526633975808","Fri Dec 28 23:39:08 +0000 2018","3","https://t.co/DQk043Ckir @TPSA_BPPT @BPPT_RI @Kemristekdikti @MenkoMARITIM @kemenkeu @BappenasRI #teknologiuntuknegeri @hammam_riza #PrayForSelatSunda #TPSA_Hanya1bumi @BNPB_Indonesia #pemerintahbekerja @jokowi @KSPgoid @PTRRB_BPPT @Barunajaya_BPPT","1078797526633975808","","","qme","","0","0","3","https://x.com/undefined/status/1078797526633975808","967353993910353921",
"1078797523047731200","Fri Dec 28 23:39:07 +0000 2018","1","Bertemu Fadli Zon Gatot Nurmantyo Dukung Prabowo? https://t.co/3sPLfiBBf2 https://t.co/rO16ECXcHw","1078797523047731200","https://pbs.twimg.com/media/DviooUGV4AAGM3Z.jpg","","in","","0","0","2","https://x.com/undefined/status/1078797523047731200","528590547",
"1078162823757230080","Fri Dec 28 23:39:02 +0000 2018","0","@BudiWaseso84 @jokowi Selamat memandu Kak Budi ! Semoga amanah dan barokah. Salam Pramuka !","1078797503137382400","","","in","","0","0","0","https://x.com/undefined/status/1078797503137382400","944395201560248320",
"1078797486523703296","Fri Dec 28 23:38:58 +0000 2018","0","@sandiuno cukup @prabowo dan @SBYudhoyono menjelaskan pelanggaran HAM. Keduanya dah amat sangat mumpuni. Fokus ekonomi fokus serang balik knp dana haji digunakan utk dana infrastruktur non haji sbg mahar kursi cawapres Kyai Makruf Amin oleh jokowi.","1078797486523703296","","sandiuno","in","","0","0","0","https://x.com/undefined/status/1078797486523703296","988142588992499712",
"1078649146049912833","Fri Dec 28 23:38:57 +0000 2018","3","@jmtransindo @prabowo Anjing menggonggong Khafilah terus berlalu... semangat bapak Prabowo.. kapan kunjungan bapak ke banyuwangi?","1078797483541577728","","jmtransindo","in","","0","1","0","https://x.com/undefined/status/1078797483541577728","965758092343324673",
"1078647969715372032","Fri Dec 28 23:38:50 +0000 2018","0","@sweetfirda @saiful_mujani Sy tak pernah kejang sedikit pun liat keberhasilan pembangunan indonesia bukan jokowi y krn pembangunan adalah kesinambungan pemimpin indonesia sebelumnya tp bc sendiri tuip saiful mujani dia itu siapa dan berada dimana tau kan ? Kira2 msh layakkah survei yg dihasilkannya","1078797451140579329","","sweetfirda","in","","0","0","0","https://x.com/undefined/status/1078797451140579329","1039278573226315777",
"1078615848065982465","Fri Dec 28 23:38:47 +0000 2018","5","@sandiuno @prabowo Jangan ekonomi melulu yg dipikirin pak tapi krn Indonesia berada di Ring of Fire pengelolaan bencana alam juga hrs jadi prioritas. @infoBMKG @retwetgempa @Gempa_Tsunami @EQTW @AnakKrakatau3","1078797441682440193","","sandiuno","in","","0","0","0","https://x.com/undefined/status/1078797441682440193","840111226059276293",
"1078486567008628736","Fri Dec 28 23:38:44 +0000 2018","0","@bumi_putraasli @jokowi Malah lebih bagus bus dan truk lewat pantura.. kendaraan pribadi lewat tol Arus kepadatan terpecah sehingga kemacetan berkurang ️","1078797425987350528","","semvakmerah","in","","0","0","0","https://x.com/undefined/status/1078797425987350528","170971387",
"1078610107263381509","Fri Dec 28 23:38:43 +0000 2018","0","@saididu Saya dukung anda pak kemerdekaan berbicara itu akan menjauhkan kita dari sifat munafik Daripada nanti bpk harus bilang ada 700 ribu jembatan dibangun di era jokowi seperti kata yeni wahid. Belum lagi nanti harus bilang ada 160 bandara 300 bendungan 5600 km jln","1078797422573154304","","saididu","in","","0","1","0","https://x.com/undefined/status/1078797422573154304","1056768349810515968",
"1078509185967374336","Fri Dec 28 23:38:33 +0000 2018","0","@tentarakeraton @zaabdullah01 @saididu @RidlwanSyarief @her_alone @luviku @prabowo Yg begitu itu kalian semua. Krn kata2 itu adalah kata2 dr prof refli Harun. Dia adalah direksi BUMN juga to tetep kritis.","1078797380017782784","","tentarakeraton","in","","0","0","0","https://x.com/undefined/status/1078797380017782784","1006827336270921728",
"1078538303379365888","Fri Dec 28 23:38:29 +0000 2018","0","@yusuf_dumdum @jokowi @prabowo Yang bikin suara no 1 nyungsel it yg pendukung model kayak lu ini dah....ckckxc....","1078797365975248896","","yusuf_dumdum","in","","0","0","0","https://x.com/undefined/status/1078797365975248896","945622054975369216",
"1078590851046006785","Fri Dec 28 23:38:27 +0000 2018","1","@Ochi_Oc09 @lookinglove62 @prabowo jacnudin ngaciro mana video mu buktikan dong katanya ssurvei masih tinggi ayo maa buktinya","1078797355019915266","","Ochi_Queen09_1","in","","0","0","0","https://x.com/undefined/status/1078797355019915266","1008641464849465344",
"1078649146049912833","Fri Dec 28 23:38:19 +0000 2018","0","@prabowo Amin ya Allah . Smoga bpak dimenangkan di pilpres 2019 nanti.","1078797324166393856","","prabowo","in","","0","0","0","https://x.com/undefined/status/1078797324166393856","840018294987866112",
"1077896970608365569","Fri Dec 28 23:38:10 +0000 2018","0","@erick_monroe @DIAHTRIZA @CakKhum @AT_AbdillahToha @prabowo Tunggu saja tanggal mainnya","1078797283104178176","","erick_monroe","in","","0","1","0","https://x.com/undefined/status/1078797283104178176","983560690702073856",
"1078563321547173888","Fri Dec 28 23:38:07 +0000 2018","0","@kopral_jon00 @rangtalu73 @datuakmangkuto @ind_prasasti @eliya_mkom @Leak2342 @MbahUyok @divapijar72 @panca66 @abu_waras @Dahnilanzar @AkunTofa @macan_uTara @CebongParno @EAndesla Apa kampret prestasi prabowo","1078797271997632513","","kopral_jonooo","in","","0","1","0","https://x.com/undefined/status/1078797271997632513","951397410512683008",
"1078486567008628736","Fri Dec 28 23:38:04 +0000 2018","0","@qinkqonk @jokowi Gak boleh mangnya?","1078797260488613889","","qinkqonk","in","","0","0","0","https://x.com/undefined/status/1078797260488613889","102927552",
"1078687814919680000","Fri Dec 28 23:38:02 +0000 2018","0","@donnyconnor16 @sandiuno @prabowo Salah","1078797250774495232","","donnyconnor16","in","","0","0","0","https://x.com/undefined/status/1078797250774495232","63047583",
"1078797217542991872","Fri Dec 28 23:37:54 +0000 2018","0","Ulama Muda di Sumatera Barat Dukung Jokowi - https://t.co/4tbFcojbhv","1078797217542991872","","","in","","0","0","0","https://x.com/undefined/status/1078797217542991872","989009915728478208",
"1078797217413111808","Fri Dec 28 23:37:54 +0000 2018","0","Bong dengerin tuhh... ente harus patuh!!... Jangan goreng issue #prabowo nyelametin natal ke keluarganya.. Paham ente?!...","1078797217413111808","","","in","","0","0","0","https://x.com/undefined/status/1078797217413111808","68612634",
"1078797192884703232","Fri Dec 28 23:37:48 +0000 2018","0","Ayo.!!! Kita Dukung bersama-sama @DivHumas_Polri @KPU_ID @bawaslu_RI untuk menjaga Pemilu 2019 . #2019PemiluBersih #2019PemiluJujur https://t.co/56i0dwFUpf","1078797192884703232","https://pbs.twimg.com/media/DvioUqEUcAAUR9N.jpg","","in","","0","0","0","https://x.com/undefined/status/1078797192884703232","1030780135752916992",
"1078575328182775809","Fri Dec 28 23:37:22 +0000 2018","0","@5Y5_one_70 @susipudjiastuti @jokowi Bagiku tiada hari tanpa makan ikan","1078797082704539650","","5Y5_one_70","in","","0","0","0","https://x.com/undefined/status/1078797082704539650","1018308666158485504",
"1078592660149948417","Fri Dec 28 23:37:06 +0000 2018","0","@RRabrusun @RBNhafif @prabowo @sandiuno @CintaNKRI12 @1ndonesiaku1 @arlex_wu @Astuty64 @tehtjemplung @Ferdinand_Haean @AlhamidIchal @hp_arel Itu tangan pace mesti bgtu yaa mantapp. #2019PrabowoPresiden","1078797016489054208","","RRabrusun","in","","0","0","0","https://x.com/undefined/status/1078797016489054208","93363912",
"1078671400313876481","Fri Dec 28 23:37:06 +0000 2018","0","@mangkuto78 @hadman96 @amazenkli4 @dulatips Ya tanya 2 temen luh .. Apa prestasi prabowo .. Apa luh bisa jabarin","1078797014836699138","","mangkuto78","in","","0","1","0","https://x.com/undefined/status/1078797014836699138","951397410512683008",
"1077626806088261632","Fri Dec 28 23:37:05 +0000 2018","0","@torelwisnu @RiniNizar72 @anton_khairudin @fadlizon @Fahrihamzah @Ferdinand_Haean @ustadtengkuzul @Aryprasetyo85 @TheArieAir @prabowo @NenoWarisman_ @yusuf_dumdum @AkunTofa @hnurwahid @sohibul Fitnah / hoax kok nggak cerdas nggak konsisten: dulu menuduhnya Radikal kemudian berubah Yahudi kemudian Nasrani.... Ehh kini berubah lagi. Orang jawa bilang mencla-mencle. Beda dengan PKI itu fakta.!!!","1078797011267182592","","TRLvibes","in","","0","1","0","https://x.com/undefined/status/1078797011267182592","2905265706",
"1078645485999599618","Fri Dec 28 23:37:04 +0000 2018","0","@prabowo Insya allah tahun baru presiden baru menuju indonesia ke arah baru #2019PrabowoSandiMenang #2019PrabowoSandiMenang #2019PrabowoSandiMenang #2019PrabowoSandiMenang #IndonesiaAdilMakmur #IndonesiaAdilMakmur #IndonesiaAdilMakmur #IndonesiaAdilMakmur #IndonesiaAdilMakmur","1078797006326415361","","prabowo","in","","0","0","0","https://x.com/undefined/status/1078797006326415361","1062893054665707521",
"1078537654382161920","Fri Dec 28 23:37:02 +0000 2018","0","@elangbc @prabowo @sandiuno Muka parlente twit ini kapasitas 10.000? KwakwkKwka sayangnya sholat jumat kalau tidak pasti 20 org aja.","1078797000697614340","","elangbc","in","","0","1","0","https://x.com/undefined/status/1078797000697614340","708746634251751424",
"1078486567008628736","Fri Dec 28 23:36:58 +0000 2018","0","@iman_manul @jokowi Jalan macet protes jalan dilebarin warga pinggir jalan direlokasi protes dibikinin jalan tol masih protes juga.. Janne karepmu opo samidi?","1078796981177245696","","iman_manul","in","","0","1","0","https://x.com/undefined/status/1078796981177245696","170971387",
"1078796915314049024","Fri Dec 28 23:36:42 +0000 2018","25"," Pembangunan pada segmen ini telah dimulai sejak akhir 2014 dan diharapkan pada akhir 2018 ini sudah bisa dioperasikan kata Direktur Lalu Lintas &amp; Angkutan Kereta Api Zulmafendi kpd wartawan Jakarta Selasa (4/9). Bukti Kerja Jokowi #01JokowiLagi https://t.co/6FEICMIRxJ","1078796915314049024","","","in","","1","2","13","https://x.com/undefined/status/1078796915314049024","743505426898030592",
"1078524129349758976","Fri Dec 28 23:36:40 +0000 2018","0","@Ze_sukma @RinjaniJB @marierteman @prabowo syarat jd imam tau kagak ? gak tau kan bong","1078796906711736320","","Ze_sukma","in","","0","1","0","https://x.com/undefined/status/1078796906711736320","1029575772300697600",
"1077381064274759680","Fri Dec 28 23:36:37 +0000 2018","0","@fadlizon @prabowo Tidak semua yang dukung Jokowi itu dukung Ahok. Anda salah berlogika. Jokowi beda dari Ahok. P","1078796893176586241","","fadlizon","in","","0","0","0","https://x.com/undefined/status/1078796893176586241","1064421164573814784",
"1078217645114028033","Fri Dec 28 23:36:34 +0000 2018","0","@Fahrihamzah @SBYudhoyono @prabowo 2 jendral tapi kalah sama tukang kayu....??","1078796883001143296","","Fahrihamzah","in","","0","0","0","https://x.com/undefined/status/1078796883001143296","3194548008",
"1078796845600641024","Fri Dec 28 23:36:27 +0000 2018","0","KH. Ma'ruf Amin juga mengatakan dengan pengambilalihan PT. Freeport keberhasilan Jokowi harus di beri penghargaan bukan di berikan isu isu. #JelasIslamnya","1078796854509264897","","jasminespeedy90","in","","0","0","0","https://x.com/undefined/status/1078796854509264897","1070973416109305856",
"1078543484661841920","Fri Dec 28 23:36:13 +0000 2018","0","@AkunTofa Lemon lemon msh aja kamunbela semua jg tau kalau prabowo itu islam.dadakan Prabowo dimualafkan saat akan menikah dgn putri pak harto prabowo bkn mualaf tapi dimualafkan kalau kamu paham bhs indonesia pastinya ngerti mana kata kerja dan mana kata pakai","1078796794388234241","","AkunTofa","in","","0","0","0","https://x.com/undefined/status/1078796794388234241","3071457614",
"1078796792508993536","Fri Dec 28 23:36:13 +0000 2018","0","Kinerja IHSG terbaik di level ASEAN #Jokowi #ekonomiindonesia #ekonomimaju https://t.co/D4ch2FhWMu","1078796792508993536","https://pbs.twimg.com/media/Dvin9LAUUAAh5ac.jpg","","in","","0","0","0","https://x.com/undefined/status/1078796792508993536","1068502647873753089",
"1078658146460028928","Fri Dec 28 23:36:12 +0000 2018","0","@parnoperbus @UwiSantri @prabowo Jiiiiaaahhhhhh ga tau wilayah yg anak TK aja tau hhhhhhh padahal dia presiden nya lho hhhhhh https://t.co/lItVqpWCM0","1078796791552692224","https://pbs.twimg.com/media/Dvin9MQVYAAWxVx.jpg","parnoperbus","in","","0","1","0","https://x.com/undefined/status/1078796791552692224","706500903147143168",
"1077886304870780929","Fri Dec 28 23:36:09 +0000 2018","0","@sandiuno @prabowo https://t.co/bxjBXVLG25","1078796776080068608","https://pbs.twimg.com/media/Dvin7CyVAAAYLHy.jpg","sandiuno","qme","","0","0","0","https://x.com/undefined/status/1078796776080068608","1052559526010834944",
"1078796761831862272","Fri Dec 28 23:36:05 +0000 2018","0","Ustaz Abdul Somad dan Syekh Ali Jaber Diserang Fitnah Dukung Jokowi Putra Kiai NU Beri Respon Menohok https://t.co/HaIex2hdfs https://t.co/KwU7RhTatG","1078796761831862272","https://pbs.twimg.com/media/Dvin8AeUYAEkBZT.jpg","","in","","0","0","0","https://x.com/undefined/status/1078796761831862272","788744100",
"1078796754726735873","Fri Dec 28 23:36:04 +0000 2018","7","kesel bgt liat komen netizen jokowi upload video tol jakarta-surabaya dibilang pamer pencitraan katanya jd pemimpin itu gaboleh pamer ntr kalo jokowi diem diem bae dibilang gaada progress sama sekali buat negara wkwk woi lo semua emg udah sepinter ape hah","1078796754726735873","","","in","","0","0","4","https://x.com/undefined/status/1078796754726735873","2260897206",
"1078796754441580544","Fri Dec 28 23:36:03 +0000 2018","0","Pak @prabowo Jumatan nya jauuuuh @TeddyGusnaidi ... Rame ya....gak pake lembaran merah lho Semua Ikhlas bkn krn Nted ya....tp krn ALLAH semata","1078796754441580544","","","in","","0","0","0","https://x.com/undefined/status/1078796754441580544","231701885",
"1078674315048939521","Fri Dec 28 23:35:56 +0000 2018","0","@nongandah Pendukung jokowi langsung takut mo ditangani dokter bgini","1078796721121939456","","nongandah","in","","0","0","0","https://x.com/undefined/status/1078796721121939456","2428834992",
"1078671400313876481","Fri Dec 28 23:35:51 +0000 2018","0","@hadman96 @amazenkli4 @mangkuto78 @dulatips Temen luh gak bisa jawab . Apa prestasi prabowo","1078796699982688256","","hadman96","in","","0","1","0","https://x.com/undefined/status/1078796699982688256","951397410512683008",
"1078794029209333760","Fri Dec 28 23:35:41 +0000 2018","1","@aisyahz1234 @jokowi Jelassss bgt kita hrs yakin seyakin ×nya","1078796659671396353","","aisyahz1234","in","","0","0","0","https://x.com/undefined/status/1078796659671396353","1048726856344764417",
"1078796628746629120","Fri Dec 28 23:35:34 +0000 2018","0","Kinerja IHSG 2018 Terbaik 1 di Asean Terbaik 2 di Asia Pasifik Urutan ke 7 di Dunia #ihsgterbaik #jokowi #ekonomiindonesia #ekonomimaju https://t.co/6GHb3jXqIX","1078796628746629120","https://pbs.twimg.com/media/DvinzoOUcAYUJcG.jpg","","in","","0","0","0","https://x.com/undefined/status/1078796628746629120","1068502647873753089",
"1078600944395243520","Fri Dec 28 23:35:29 +0000 2018","3","@adv_supyadi @jokowi ini gw yg goblok ato ga ngerti yaa? Padahal yang di tanya pak jokowi pendukung jokowi ato yg dekat dengan beliau Tapi yang jawab malah ga termasuk kriteria itu Jadi ini yg jawab ga bsa baca ato emng sebenernya pendukung tpi gmna gtu","1078796610161672192","","adv_supyadi","in","","0","1","1","https://x.com/undefined/status/1078796610161672192","243449146",
"1078524129349758976","Fri Dec 28 23:35:23 +0000 2018","0","@Ze_sukma @RinjaniJB @marierteman @prabowo pendukung kelas rendah ya spt ini komennya gak bermutu. muter2 diitu aja. makanya banyak baca tong ","1078796585163739136","","Ze_sukma","in","","0","1","0","https://x.com/undefined/status/1078796585163739136","1029575772300697600",
"1078796578620608513","Fri Dec 28 23:35:22 +0000 2018","0","Berita Terkini: Galaknya Kubu Jokowi Pecat Said Didu Rocky Gerung: Mantap Bro! Bisa Buka Bengkel Las Otak","1078796578620608513","","","in","","0","0","0","https://x.com/undefined/status/1078796578620608513","2934629720",
"1078791612900171776","Fri Dec 28 23:35:07 +0000 2018","0","@yudiarianto_id @jokowi Tidak pernah terlintas sama sekali. Makanya heran kok bisa sampai 2 kali sy mimpikan beliau datang ke rumah di kampung.","1078796518935523328","","yudiarianto_id","in","","0","0","0","https://x.com/undefined/status/1078796518935523328","105772314",
"1078486567008628736","Fri Dec 28 23:35:07 +0000 2018","0","@jokowi alhamdulillah pak lanjutkan pembangunan infrastrukturnya biar ind.lebih maju perjlnan lbih mudah &amp;cpt. #01JokowiLagi","1078796517576663041","","jokowi","in","","0","0","0","https://x.com/undefined/status/1078796517576663041","3124141226",
"1078786831016091648","Fri Dec 28 23:35:07 +0000 2018","0","@alpinkori @jokowi Lihat ulahnya oposan akhir2 ini yakin kemenangan itu semakin telak. Mungkin pertarungan yg ketat akan terjadi di DKI kalo jawa timur tengah sudah aman. Barat dan banten kabar terakhir sudah bagus. #JokowiOrangBaik #JokowiMembangunIndonesia","1078796515903102977","","HD_hadirochman","in","","0","1","0","https://x.com/undefined/status/1078796515903102977","1036628399685394433",
"1078774985324400642","Fri Dec 28 23:35:03 +0000 2018","2","@liputan6dotcom Sekalian aja tawar halaman rmhx jokowi unk dijadikan markas pemenangan...","1078796502670209024","","liputan6dotcom","in","","0","0","0","https://x.com/undefined/status/1078796502670209024","487225086",
"1078785154544332800","Fri Dec 28 23:34:57 +0000 2018","0","@Dewantara161 @Valkyreism @jokowi @KemensosRI Mulia sekali anda mau mendoakan tp sy tdk akan menanyaan apakah doanya dijawab koq. sy ngetag tdk berharap balasan sy cm berusaha masalah dibalas tdknya itu terserah yg bersangkutan. setidakx ada FOLLOWER yg bs bantu menyampaikan lg jika melihat twit ini.","1078796474719252480","","egi09876","in","","0","0","0","https://x.com/undefined/status/1078796474719252480","602593737",
"1078796465386864640","Fri Dec 28 23:34:55 +0000 2018","0","Rakor Evaluasi PID Kabupaten Inhu bersama membangun desa #JokowiMemberiDanaDesa #TPPIRiau #TPPIIndragiriHulu #TPPIRengat @EkoSandjojo @jokowi @adi_turyanto @anwsanusi @fachrilabalado @Kpw1Riau @SazaliSofyan @IndraNoveri2 @izbullah_ibul https://t.co/rC9J2aJfR8","1078796465386864640","https://pbs.twimg.com/media/DvinpzYUcAAXOc9.jpg","","in","","0","0","0","https://x.com/undefined/status/1078796465386864640","969254936574767104",
"1078563321547173888","Fri Dec 28 23:34:54 +0000 2018","0","@kopral_jon00 @rangtalu73 @datuakmangkuto @ind_prasasti @eliya_mkom @Leak2342 @MbahUyok @divapijar72 @panca66 @abu_waras @Dahnilanzar @AkunTofa @macan_uTara @CebongParno @EAndesla Gw tanya prestasi prabowo apa gak usah muter luh","1078796464233435136","","kopral_jonooo","in","","0","0","0","https://x.com/undefined/status/1078796464233435136","951397410512683008",
"1078796462245404672","Fri Dec 28 23:34:54 +0000 2018","0","IHSG terbaik kedua di Asia Pasifik... #jokowi #ihsgterbaik #ekonomiindonesia #ekonomimaju https://t.co/rVNDsJPCdE","1078796462245404672","https://pbs.twimg.com/media/Dvinp3-VYAAEHjc.jpg","","in","","0","0","0","https://x.com/undefined/status/1078796462245404672","1068502647873753089",
"1078796449645682689","Fri Dec 28 23:34:51 +0000 2018","11","RAKOR TIK &amp; EVALUASI PID #ProgramInovasiDesa #TPPIJawaTimur @jokowi @EkoSandjojo @anwsanusi @taufikmadjid71 @fachrilabalado @dpmdjatim @DewantoAndry @kpw4jatim @rozano_roy @p3md_ngawi Hotel Sukowati Ngawi 2018 https://t.co/DYZK5KXjK1","1078796449645682689","https://pbs.twimg.com/media/Dvink8KUUAAIPaa.jpg","","in","","0","1","5","https://x.com/undefined/status/1078796449645682689","920918050626351105",
"1078646696492421120","Fri Dec 28 23:33:43 +0000 2018","0","@EriansyahHafidz @prabowo @sandiuno @Dahnilanzar @Ferdinand_Haean @marierteman @Gerindra @PDemokrat @PKSejahtera @Official_PAN Setuju","1078796163845779456","","EriansyahHafidz","in","","0","0","0","https://x.com/undefined/status/1078796163845779456","1078138717166944256",
"1072822350364708866","Fri Dec 28 23:33:42 +0000 2018","1","@AdiHaryawan @Kupler4 @TruthisP4in @pratasena @bangsamaju01 @HendryS67 @DediSuherdi11 @SuryoUdoro @Lennya64042183 @Je_Latah @JokSusi2019 @ali_lenon @sofians @menanginsyaAll1 @abrashima @samsudin102 @donk_gran @sangnyo @Veregrent @MardaniAliSera @Ariyanto74Haris @annisahna @Ardi60200828 @BekicotV @depramudya @victhoerz @ichaisy @Arnur143M @__danu_ @TetenSupriatna1 @FPKSDPRRI @sandiuno @ruhutsitompul @jokowi @prabowo @DPR_RI Biasanya org yg pamerkan sholat gini jarang sholat dn niatnya gak ikhlas krn hanya sekedar RIA saja #2019PrabowoPresiden","1078796160763015168","","acerboncey","in","","0","1","0","https://x.com/undefined/status/1078796160763015168","1062893054665707521",
"1078590851046006785","Fri Dec 28 23:33:37 +0000 2018","0","@prend69 @Ochi_Oc09 @prabowo Bangga ??? Penculik utang nyawa ko bngga..","1078796140982677504","","prend69","in","","0","0","0","https://x.com/undefined/status/1078796140982677504","2320360573",
"1078794029209333760","Fri Dec 28 23:33:36 +0000 2018","1","@AbyManyuu yakin banget dong kan sudah terbukti kinerja presiden kita @jokowi #JelasIslamnya #JokowiOrangBaik #01IndonesiaMaju","1078796137795006464","","AbyManyuu","in","","0","3","0","https://x.com/undefined/status/1078796137795006464","1071124608927952896",
"1078549257760567297","Fri Dec 28 23:33:34 +0000 2018","1","@intelimoet @rockygerung @hariadhi @awemany @panca66 Tim sesnya jokowi ga jalan kali maka suruh pengemudi ojol. ....","1078796128919928838","","intelimoet","in","","0","0","0","https://x.com/undefined/status/1078796128919928838","1064804012640231424",
"1078639846850125824","Fri Dec 28 23:33:32 +0000 2018","0","@Ferdinand_Haean @jokowi Kalau oposisi mengatakan JOKOWI gagal itu lumrah namun Rakyat Indonesia NKRI menyatakan JOKOWI sukses","1078796118471802880","","Ferdinand_Haean","in","","0","0","0","https://x.com/undefined/status/1078796118471802880","1047710445509914624",
"1078605749620662273","Fri Dec 28 23:33:30 +0000 2018","0","@fadlizon Luar biasa... aku setiap singgah di masjid dimana2... hampir 99% para jamaah mendukung @prabowo....","1078796111941226496","","fadlizon","in","","0","1","0","https://x.com/undefined/status/1078796111941226496","107167535",
"1078796072061939712","Fri Dec 28 23:33:21 +0000 2018","0","Deklarsi pemilu 2019 aman damak dan sejuk https://t.co/3loL0eFytI","1078796072061939712","","","in","","0","0","0","https://x.com/undefined/status/1078796072061939712","974626486668832768",
"1078796043246915584","Fri Dec 28 23:33:14 +0000 2018","0","Tepat 9 Agusutus 2018 kemarin KH. Ma'ruf Am n diumumkan sebagai calon Wakil Presiden Indonesia pada pemilu 2019 mendantang untuk mendampingi petahana Joko Widodo. #JokowiOrangBaik #JelasIslamnya","1078796043246915584","","","in","","0","0","0","https://x.com/undefined/status/1078796043246915584","1077077817995681793",
"1078540016840626176","Fri Dec 28 23:33:10 +0000 2018","0","@piuden @prabowo @sandiuno @Ferdinand_Haean @AkunTofa @ustadtengkuzul @putrabanten80 @fadlizon @Fahrihamzah @fahiraidris @maspiyuuu @Ndon08Back Insya Allah bowo jungkal di ambon....","1078796027350544385","","piuden","in","","0","0","0","https://x.com/undefined/status/1078796027350544385","1069047771502567424",
"1078602124253061121","Fri Dec 28 23:33:08 +0000 2018","0","@awemany @saiful_mujani Kalau anda meraaa lebih becus dari @jokowi napa anda gak mencalonkan diri jadi presiden bro? Gua dukung 1000% dah akan lbh produktif klo kepintaran anda di realisasikan sbg executivenya daripada hanya koar2 di twits? #berpikirbijakberlakusantun","1078796019133964288","","awemany","in","","0","0","0","https://x.com/undefined/status/1078796019133964288","2834548999",
"1074308161857699840","Fri Dec 28 23:33:02 +0000 2018","8","@nursiti_oh @prabowo @jokowi seperti kata @rockygerung mengkritik oposisi itu artinya dungu masak iya presidennya jokowi yg ditagih janji dan prestasinya prabowo krj nyata? ya iya lah kan presiden emang harus kerja? itu tugas dia yg jd prtanyaan klo presiden gk kerja dan ingkar janji","1078795993934585856","","nursiti_oh","in","","0","1","2","https://x.com/undefined/status/1078795993934585856","1001452807428296704",
"1078791279419387904","Fri Dec 28 23:32:48 +0000 2018","3","@maspiyuuu cc @prabowo @sandiuno ini bpk2 yg amanah...","1078795932588748807","","mas_piyuuu","in","","0","0","1","https://x.com/undefined/status/1078795932588748807","1030123313773740032",
"1078795923512147968","Fri Dec 28 23:32:45 +0000 2018","0","Saya suka video @YouTube https://t.co/YHCnOLPTTL Tanya Jawab: Apakah Boleh Berpartisipasi dalam Pemilu ? Syaikh Sulaiman Ar Ruhaily","1078795923512147968","","","in","","0","0","0","https://x.com/undefined/status/1078795923512147968","235803260",
"1078649146049912833","Fri Dec 28 23:32:45 +0000 2018","2","@Rinihariyani2 @aisyahnorin @Aninfra98 @prabowo Yang pas itu Jokowi-Ma'ruf pasangannya Pak Jokowi bisa jadi guru yg baik yang bisa ngajari ngaji dan menuntun utk melakukan shalat yg benar beda dng junjunganmu Shalatnya aja ngga jelas ngga ada yg bisa dijadikan imam...parahhh","1078795920362237952","","Rinihariyani2","in","","0","4","0","https://x.com/undefined/status/1078795920362237952","1018023895922761729",
"1078486567008628736","Fri Dec 28 23:32:43 +0000 2018","0","@jokowi It s about time ","1078795915123552256","","jokowi","en","","0","0","0","https://x.com/undefined/status/1078795915123552256","3980310918",
"1078674778372767744","Fri Dec 28 23:32:42 +0000 2018","0","@kasposudarmo @mkusumawijaya @jokowi @aniesbaswedan ","1078795909251719169","","kasposudarmo","qme","","0","1","0","https://x.com/undefined/status/1078795909251719169","1052703629528854530",
"1078575328182775809","Fri Dec 28 23:32:36 +0000 2018","0","@5Y5_one_70 @susipudjiastuti @jokowi Mantap @susipudjiastuti ... Tidak perlu berkoar-koar tp ditunjukkan dgn bukti hasil kinerja.","1078795882957422592","","5Y5_one_70","in","","0","0","0","https://x.com/undefined/status/1078795882957422592","1078242594973310976",
"1078795854083809280","Fri Dec 28 23:32:29 +0000 2018","0","(Okezone | Terdaftar Sebagai Caleg KPU Pertanyakan Status Yusril yang Jadi Pengacara OSO) https://t.co/gyGDQOsOof #pemilu #pemilu2019","1078795854083809280","","","in","","0","0","0","https://x.com/undefined/status/1078795854083809280","968428811107819521",
"1078795802229669888","Fri Dec 28 23:32:16 +0000 2018","0","OOOO @saididu JELAS DIKAU GAK PERNAH BERSYUKUR DAN BERTERIMA KASIH . JADI KOMISARIS BUMN KOK PRO PRABOWO","1078795802229669888","","","in","","0","0","0","https://x.com/undefined/status/1078795802229669888","829263912176607232",
"1078795732562464768","Fri Dec 28 23:32:00 +0000 2018","0","Aneh dgn orang ini janji tuannya yg akan berakhir tdk dihiraukan. Mengapa Bang @sandiuno yg dibicarakan. Apakah anda yg diseberang sana selalu ingin mengkritik punya orang dan melupakan apa yg dilakukan tuan anda. @Dahnilanzar @prabowo","1078795732562464768","","","in","","0","0","0","https://x.com/undefined/status/1078795732562464768","967699718686978048",
"1076135793247145990","Fri Dec 28 23:31:57 +0000 2018","1","@AdjieFaisa @SBYudhoyono @prabowo @sandiuno siap mas","1078795722462380032","","AdjieFaisa","in","","0","0","0","https://x.com/undefined/status/1078795722462380032","1035720720058208256",
"1078795648953143296","Fri Dec 28 23:31:40 +0000 2018","0","Nyari 1 prestasi junjunganmu sm sulitnya dg nyari 1 jarum pd tumpukan jerami. Ketemunya tumpukan kegagalan al: TNI dipecat jd pengusaha gak bayar gj krywn Jd Cawapres/Capres ber kali2 gagal total jd suami/ayah bubar jalan raja hoax Indonesia bubar 2030 99% rkyt miskin etc","1078795648953143296","","","in","","0","0","0","https://x.com/undefined/status/1078795648953143296","248998166",
"1078486567008628736","Fri Dec 28 23:31:26 +0000 2018","0","@jokowi Sudah kami buktikan Probolinggo - solo 5 jam berangkat jam 14 sampai solo jam 19 kemarin sore ( 28 Des ) alhamdulillah pak lancar jaya. Smoga keberkahan buat kita semua.","1078795588643110913","","jokowi","in","","0","0","0","https://x.com/undefined/status/1078795588643110913","1070158525869916160",
"1078795585790988289","Fri Dec 28 23:31:25 +0000 2018","1","sng mbayar utang kui sopo pak @jokowi aq wong cilik opo sampean Dewe.. Cukup Sudah #TahunBaruPresidenBaru #TahunBaruPresidenBaru #TahunBaruPresidenBaru #2019GantiPresiden #2019GantiPresiden #2019GantiPresiden","1078795585790988289","","","in","","0","0","0","https://x.com/undefined/status/1078795585790988289","1001803359857229825",
"1077741054571376640","Fri Dec 28 23:31:24 +0000 2018","1","@jokowi Untuk inprastruktur.ok.tapi sayang jalur selatab jabar belum di bikinin tol.masih jalan jaman belanda.yang sempit dan macet kalau lebaran.rolong bikinin pa.jangan cuma wacana","1078795580506337280","","jokowi","in","","0","0","0","https://x.com/undefined/status/1078795580506337280","1051715488395350016",
"1078550768771186689","Fri Dec 28 23:31:12 +0000 2018","0","@putrabanten80 @prabowo Ini pasti editan.. Kata paracebong #dungu..","1078795530665259008","","Oku__records","tl","","0","0","0","https://x.com/undefined/status/1078795530665259008","2312220554",
"1078795528442241024","Fri Dec 28 23:31:11 +0000 2018","0","Sudah berkali-kali liat akun-akun sosmed pendukung jokowi fokus ke prestasi jokowi pendukung prabowo fokus cari kesalahan jokowi ","1078795528442241024","","","in","","0","0","0","https://x.com/undefined/status/1078795528442241024","323175177",
"1078795512667607045","Fri Dec 28 23:31:07 +0000 2018","3","Yusril menanggapi pernyataan Komisioner KPU Hasyim Asy ari dalam sidang Bawaslu yang memeriksa pelanggaran administrasi Pemilu atas laporan OSO. https://t.co/d75SyXlBYn","1078795512667607045","","","in","","0","1","4","https://x.com/undefined/status/1078795512667607045","23343960",
"1078795476655325184","Fri Dec 28 23:30:59 +0000 2018","0","@LAPOR1708 @jokowi @yanuarnugroho @KSPgoid @OmbudsmanRI137 @GeneralMoeldoko Bukankah ini langkah mundur? TNI - Polisi di Kediri Sita Ratusan Buku Memuat Kata PKI https://t.co/BRrDNaJtxt Cc: @ariel_heryanto @LBH_Jakarta @KontraS @KomnasHAM @YLBHI @amnestyindo","1078795476655325184","","LAPOR1708","in","","0","0","0","https://x.com/undefined/status/1078795476655325184","53009638",
"1078795455071309825","Fri Dec 28 23:30:54 +0000 2018","0","Politeknik yang Siap Cetak 'Jokowi-Jokowi' Baru https://t.co/nnWARd2UxG","1078795455071309825","","","in","","0","0","0","https://x.com/undefined/status/1078795455071309825","160273557",
"1077917444360921088","Fri Dec 28 23:30:47 +0000 2018","1","@kangyudis_ @putraj919 @so_chen @NoresSnors @safrudi53158735 @unilubis @prabowo Makian mu itu bs jd tanda kalau egomu tersentil + tersudutkan &amp; nuranimu tersentuh TAPI krn kau ttap sangkal kenyataan &amp; kebenaran maka pelampiasannya kau memaki spt itu bawa2 komunis pulak... hehehe...","1078795427007291393","","","in","","0","1","0","https://x.com/undefined/status/1078795427007291393","2574521588",
"1078795412633341952","Fri Dec 28 23:30:44 +0000 2018","0","Naik motor diliput media. Pakai sendal jepit diliput media. Sholat diliput media. Makan siang diliput media. Semoga tahun depan kedunguan2 ini berakhir. Makan Siang Bersama Jokowi-Ma'ruf Dinilai Tunjukkan Kesederhanaan | https://t.co/x1SZEPVRDn https://t.co/pPNccZz0fl","1078795412633341952","","","in","","0","0","0","https://x.com/undefined/status/1078795412633341952","1012600627984125952",
"1078636407785058306","Fri Dec 28 23:30:43 +0000 2018","0","@CakKhum Bener lagi Mas @prabowo sdh kanker stadium 4","1078795410313887744","","suaragagap","in","","0","0","0","https://x.com/undefined/status/1078795410313887744","1055268847106777088",
"1078505139491680257","Fri Dec 28 23:30:41 +0000 2018","0","@d_syadiah @kikilasin @AkunTofa @jokowi Lha iyo tp ya kiro2. Kiro2 bisa bayar ndak.kl cmn byr bunga ne ya kapan lunase. Ibarat wong cilik kredit mobil malah ilang rumah nya..kan yo wagu pak de.","1078795401401004032","","d_syadiah","in","","0","1","0","https://x.com/undefined/status/1078795401401004032","808586106320998401",
"1078649146049912833","Fri Dec 28 23:30:38 +0000 2018","0","@prabowo Jendral smga jaya di bumi pertiwi saya bangga dngan anda salam 02","1078795389204017152","","prabowo","in","","0","0","0","https://x.com/undefined/status/1078795389204017152","1078791734920851457",
"1078620206161784832","Fri Dec 28 23:30:32 +0000 2018","2","@rudymuhammadmm @Daniebams @sandiuno @prabowo Jgn panggil GUS berat dgn panggilan itu. Kulo Is KUNTO. https://t.co/wT8hjLgKZc","1078795365036494853","https://pbs.twimg.com/media/DvimqP6U0AEmuZe.jpg","rudymuhammadmm","in","","0","3","0","https://x.com/undefined/status/1078795365036494853","497615025",
"1078678664198275073","Fri Dec 28 23:30:32 +0000 2018","2","@ferrykoto Tempo hari bilang pendukung @sandiuno dan @prabowo dungu. Ternyata njenengan malah luweh maneh pakkkk....","1078795363459379200","","ferrykoto","in","","0","1","0","https://x.com/undefined/status/1078795363459379200","2604122401",
"1078652815868715008","Fri Dec 28 23:30:31 +0000 2018","1","@dewimalvana @Silumanice @jokoedy6 Pak Jokowi jelas bacaannya... Kalau saya memang belum tau bacaannya Mas sandi.. Oke bro.. Dimana standar gandanya????","1078795359827025920","","Zheyenkkuh","in","","0","1","0","https://x.com/undefined/status/1078795359827025920","876805183132508161",
"1078795337878261760","Fri Dec 28 23:30:26 +0000 2018","20","Sambangi Ambon Prabowo: Perbedaan Berkah untuk Indonesia https://t.co/w0SphJkVVq","1078795337878261760","","","in","","0","1","3","https://x.com/undefined/status/1078795337878261760","22126902",
"1078671400313876481","Fri Dec 28 23:30:25 +0000 2018","0","@hadman96 @amazenkli4 @mangkuto78 @dulatips Tolong bantuin temen luh gak bisa jawab apa prestasi prabowo","1078795334166298624","","hadman96","in","","0","1","0","https://x.com/undefined/status/1078795334166298624","951397410512683008",
"1078795327262609409","Fri Dec 28 23:30:23 +0000 2018","0","Saya suka video @YouTube https://t.co/gRuTkpIZgy Dukungan Jokowi Dua Periode Muncul di Berbagai Daerah","1078795327262609409","","","in","","0","0","0","https://x.com/undefined/status/1078795327262609409","2412548263",
"1078795297256542208","Fri Dec 28 23:30:16 +0000 2018","32","Sebagai bentuk rasa syukur gue mau bagi2 hadiah total 3jt &amp; kaos Tetap Jokowi bertulisan huruf Arab Pegon. Syaratnya cukup posting di komentar ttg vlog testimoni perjalanan Anda slama melewati jln #TransJawa kemudian RT tweet ini. Saya akan pilih 10 pemenangnya. #JokowiLagi https://t.co/xFUhiz8SM0","1078795297256542208","https://pbs.twimg.com/ext_tw_video_thumb/1078794914543001600/pu/img/5v87KU-BvalUHljD.jpg","","in","","0","15","10","https://x.com/undefined/status/1078795297256542208","2156465923",
"1078795270261923840","Fri Dec 28 23:30:10 +0000 2018","2","#2019GantiHaluanEkonomi #MenangkanPancasila Pemilu 2019 hanya penggabungan modal mereka atas kepentingan yg sama jauh dr kepentingan umum rakyat pertumbuhan utk segelintir saja tdk ada jalan lain selain kembali ke pasal 33 UUD 1945 https://t.co/6dkfeLqx2J https://t.co/6dkfeLqx2J","1078795270261923840","","","in","","0","0","0","https://x.com/undefined/status/1078795270261923840","929080279",
"1078680991978278912","Fri Dec 28 23:30:10 +0000 2018","2","@bangzul_1988 @NaneDianti @prabowo Minus. Bacaannya only fiksi.","1078795270026973184","","bangzul_88","in","","0","1","0","https://x.com/undefined/status/1078795270026973184","948076976027267072",
"1078794029209333760","Fri Dec 28 23:30:02 +0000 2018","1","@aisyahz1234 Kita yakin pada pak jokowi beliau berani tanggung jawab amanah. Untuk INDONESIA.","1078795239115182087","","aisyahz1234","in","","0","1","0","https://x.com/undefined/status/1078795239115182087","1048726856344764417",
"1078647157710716928","Fri Dec 28 23:30:01 +0000 2018","1","@Je_Ly @Aryanizafran @jokowi #2019GantiPresiden #AyoLebihBaik #2019PrabowoSandi","1078795233494585344","","Je_Ly","qme","","0","0","0","https://x.com/undefined/status/1078795233494585344","3267823729",
"1077984146616606721","Fri Dec 28 23:29:53 +0000 2018","0","@citos_a @NurlelySiregar @jokowi @ridwankamil Ceritanya aneh..... kekurangan cairan kok minta dioperasi?..... kekurangan cairan itu sendiri tindakannya adlh rehidrasi apa hubungannya dengan operasi?.... sakitnya apa kok minta dioperasi? Masak sih ada RS yg tidak melakukan tindakan apapun KPD pasien?","1078795199634001920","","citos_a","in","","0","0","0","https://x.com/undefined/status/1078795199634001920","3997558100",
"1078636407785058306","Fri Dec 28 23:29:41 +0000 2018","0","@CakKhum Pak Jokowi anda gagal lagi mencegah terjadinya Korupsi ","1078795151911223296","","suaragagap","in","","0","0","0","https://x.com/undefined/status/1078795151911223296","230681519",
"1072822350364708866","Fri Dec 28 23:29:41 +0000 2018","1","@AdiHaryawan @Kupler4 @TruthisP4in @pratasena @bangsamaju01 @HendryS67 @DediSuherdi11 @SuryoUdoro @Lennya64042183 @Je_Latah @JokSusi2019 @ali_lenon @sofians @menanginsyaAll1 @abrashima @samsudin102 @donk_gran @sangnyo @Veregrent @MardaniAliSera @Ariyanto74Haris @annisahna @Ardi60200828 @BekicotV @depramudya @victhoerz @ichaisy @Arnur143M @__danu_ @TetenSupriatna1 @FPKSDPRRI @sandiuno @ruhutsitompul @jokowi @prabowo @DPR_RI Ternyata sakitnya dihati ya krn #2019PrabowoSandi di dukung oleh ulama habaib &amp; seluruh ummat islam berdasarkan hasil keputusan ijtima ulama ya? Perbanyak Istighfar pergi sono ambil air wudhu biar bersih hati &amp; pikiran nya. #2019PrabowoSandiMenang #2019PRABOWOSANDIMENANG","1078795149138788352","","acerboncey","in","","0","1","0","https://x.com/undefined/status/1078795149138788352","1062893054665707521",
"1078486567008628736","Fri Dec 28 23:29:35 +0000 2018","0","@Abanx_Rahman1 @rahmaniarbaftim @Choco_strwbrry @jokowi @PakarLogika Dan sekarang gmana kalau saya bilang yg saya rasakan. Saat ini negara bagus pekerjaan banyak harga murah jalan tol berhasil dibangun Jokowi berhasil. Itu yg saya rasakan bang.","1078795123981410304","","Abanx_Rahman1","in","","0","1","0","https://x.com/undefined/status/1078795123981410304","821163224",
"1076414634616188928","Fri Dec 28 23:29:30 +0000 2018","0","@AT_AbdillahToha Jelas saya pilih pak prabowo","1078795105920679938","","AT_AbdillahToha","in","","0","0","0","https://x.com/undefined/status/1078795105920679938","266452152",
"1078795069916762113","Fri Dec 28 23:29:22 +0000 2018","1","Yess.. saya jg setuju buk kalo @prabowo titisan Allah","1078795069916762113","","","in","","0","0","0","https://x.com/undefined/status/1078795069916762113","340882335",
"1078795023737589761","Fri Dec 28 23:29:11 +0000 2018","0","Gosah sinis. dr sudut pndang tata negara setiap capres/cawapres ya petugas partai. mdapat penugasan dr partai u maju dlm pemilu.","1078795023737589761","","","in","","0","0","0","https://x.com/undefined/status/1078795023737589761","41436506",
"1078478249720635392","Fri Dec 28 23:29:10 +0000 2018","0","@JeffryAlvaro86 @maspiyuuu Semoga Allah swt mudahkan @prabowo @sandiuno melenggang wibawa menuju singgasana utk menduduki kursi yg sudah rakyat siapkan dg meletakkan amanah adil &amp; makmur di pundak mereka. Aamiin. Kabulkan ya allah aamiin...","1078795018125463553","","","in","","0","0","1","https://x.com/undefined/status/1078795018125463553","751301400684994565",
"1078613935916347393","Fri Dec 28 23:28:54 +0000 2018","4","@04Nakula Surabaya Solo biasanya lebih dr 5 jam sekarang jadi 2 jam lebih dikit Terimakasih pak Jokowi https://t.co/M3J2JwjDgw","1078794951985524736","https://pbs.twimg.com/ext_tw_video_thumb/1078794863104032768/pu/img/XjEr_Z-nyBLopgzU.jpg","04Nakula","in","","0","0","0","https://x.com/undefined/status/1078794951985524736","79179681",
"1078540972760297472","Fri Dec 28 23:28:54 +0000 2018","2","@BasukiAyu @d_LoNeLiNess @HajrahDouboegis @AlfariRudi @acoxduko @MichelaniaAdam @HanNew8 @rifanikunafir @Rusydi_riau @rizalpmmedia @TrisnaKSasmita Buah Sawo Pohon Keladi Mari kita menangkan Prabowo Sandi https://t.co/vdJJWZNh69","1078794951914180608","https://pbs.twimg.com/media/DvimSUAUwAA2T57.jpg","BasukiAyu","in","","0","0","0","https://x.com/undefined/status/1078794951914180608","745049401219907584",
"1078615342211948545","Fri Dec 28 23:28:53 +0000 2018","0","@waja_rius @yes_malaikosa @SBYudhoyono @jokowi Bencana Tsunami dipimpin tanpa gagap bandingkan dengan Palu terjadi looting karena gak ada koordinasi. Infrastruktur sudah ada blueprintnya bahkan dari zaman presiden Soeharto. Masa iya bangun jalan tol dan infrastruktr hanya 5 tahun. Hutang IMF lunas. Anda yg tidak punya arah","1078794950236561409","","waja_rius","in","","0","2","0","https://x.com/undefined/status/1078794950236561409","551021938",
"1078794938744168448","Fri Dec 28 23:28:51 +0000 2018","0","Ketua Timses Prabowo Pilih Langgar HAM daripada Negara Runtuh https://t.co/Rtx6lSF5nu","1078794938744168448","","","in","","0","0","0","https://x.com/undefined/status/1078794938744168448","1054069838245576704",
"1078601114335858688","Fri Dec 28 23:28:49 +0000 2018","0","@tarwoto2009 @mohmahfudmd @jokowi Trus d era @jokowi ga ada mentri ga ada yg kena jerat korupsi gt.??","1078794931395837957","","","in","","0","0","0","https://x.com/undefined/status/1078794931395837957","3902188754",
"1078794931198558208","Fri Dec 28 23:28:49 +0000 2018","160"," Ketahanan pangan ini kita lalui melalui ketahanan air untuk pertanian. Itu alasan kenapa dibangun 65 bendungan kenapa dibangun irigasi karena untuk ketahanan pangan kita ungkap Menteri PUPR Basuki Hadimuljono Bukti Kerja Jokowi #01JokowiLagi https://t.co/cJuNIfltJ5","1078794931198558208","","","in","","10","11","77","https://x.com/undefined/status/1078794931198558208","743505426898030592",
"1078794923858522112","Fri Dec 28 23:28:47 +0000 2018","0","Saya menyukai kepribadian pak @prabowo yg ikhlas (kata Gus Dur) gampangan g tegaan manutan sak penak e Secara Kepemimpinan sy lebih menyukai pak @jokowi yg ulet g percayanan mentalan disiplin alus tapi waninan Perubahan mindset (revolusi mental) belum selesai.","1078794923858522112","","","in","","0","0","0","https://x.com/undefined/status/1078794923858522112","287685716",
"1078794915021082625","Fri Dec 28 23:28:45 +0000 2018","6","Prabowo sebagai titisan Allah Subhanahuwata ala??? Tp kok ngomongnya hulai watu ulo ?? https://t.co/5XGMk0PWXF","1078794915021082625","https://pbs.twimg.com/ext_tw_video_thumb/1078158245447913472/pu/img/RgBvTP_v8wBsHf03.jpg","","in","","2","0","4","https://x.com/undefined/status/1078794915021082625","84221579",
"1078727622379548672","Fri Dec 28 23:28:42 +0000 2018","0","@KSPgoid Semoga dberi ksehatan selalu yth bpk presiden jokowi...Aaamiiin","1078794902966681600","","KSPgoid","in","","0","0","0","https://x.com/undefined/status/1078794902966681600","1043833029834170368",
"1078794857714409477","Fri Dec 28 23:28:31 +0000 2018","0","#JokowiMemberiDanaDesa #TPPIRiau #TPPIIndragiriHulu #TPPPIRengat @EkoSandjojo @jokowi @anwsanusi @fachrilabalado @SazaliSofyan @IndraNoveri2 @adi_turyanto @DodiShawana @izbullah_ibul https://t.co/tRvZTkBWQJ","1078794857714409477","https://pbs.twimg.com/ext_tw_video_thumb/1078794571495047168/pu/img/NLcQgxvg_8zxK_BN.jpg","","qme","","0","0","0","https://x.com/undefined/status/1078794857714409477","969254936574767104",
"1078059308015792128","Fri Dec 28 23:28:30 +0000 2018","0","@AkunTofa Hanya di jaman Jokowi orang busuk seperti anda bebas menghujat dan menghina Presiden nya... Jikalau itu dijaman Soeharto dijamin lenyap nyawa dan jasadmu membusuk entah dimana.. Paham Lo @AkunTofa ?","1078794851951378432","","AkunTofa","in","","0","0","0","https://x.com/undefined/status/1078794851951378432","114835882",
"1078575328182775809","Fri Dec 28 23:28:27 +0000 2018","0","@5Y5_one_70 @susipudjiastuti @jokowi Semoga Ibu @susipudjiastuti tetap menjadi menteri di pemerintahan periode berikutnya dan seterusnya terlepas siapapun presidennya. Saya harap menteri yang lain mau mencontohi kinerja Ibu @susipudjiastuti . Sehat selalu ya Ibu @susipudjiastuti .","1078794838613602304","","5Y5_one_70","in","","0","0","0","https://x.com/undefined/status/1078794838613602304","2179211202",
"1078601652834168832","Fri Dec 28 23:28:10 +0000 2018","0","@MonyongPutih @saididu @selimut_dibalik Exactly! Bkn masalah Pak Jokowi. Pemerintah sekarang kebetulan Presidennya Pak Jokowi. Presiden kan sllu ganti","1078794766790377472","","","in","","0","0","0","https://x.com/undefined/status/1078794766790377472","769760807248814080",
"1078486567008628736","Fri Dec 28 23:28:08 +0000 2018","0","@Abanx_Rahman1 @rahmaniarbaftim @Choco_strwbrry @jokowi @PakarLogika Menurut ku ya bang kalau sudah benci terhadap seseorang kebaikan pun jdi kesalahan juga di matanya. Jdi mungkin saja dia bilang saya merasakan begini begitu. Buktinya?","1078794760872067072","","Abanx_Rahman1","in","","0","0","0","https://x.com/undefined/status/1078794760872067072","821163224",
"1078468214965690368","Fri Dec 28 23:28:00 +0000 2018","0","@ekarhamdani @ragamaga @jansen_jsp @TranceX9 @jokowi Mungkin ingin mengulangi viral masuk ke Got Bundaran HI dulu. Dulu otentik sekarang overdosis","1078794727154114560","","ekarhamdani","in","","0","0","0","https://x.com/undefined/status/1078794727154114560","747260043414757376",
"1078794697097719808","Fri Dec 28 23:27:53 +0000 2018","0","VIRAL !! LAGU UNTUK JOKOWI-MA'RUF DITAWAR 10JUTA https://t.co/QzODAZFu6o lewat @YouTube","1078794697097719808","","","in","","0","0","0","https://x.com/undefined/status/1078794697097719808","896252360267227137",
"1078600944395243520","Fri Dec 28 23:27:39 +0000 2018","2","@johang83 @adv_supyadi @jokowi Eh bong jwb dulu pertanyaan diatas... Otak CEBONG udh kebnykan mkn e'ek empang ya bgni #2019GantiPresiden #2019PrabowoSandi ️️️","1078794639195267072","","johang83","in","","0","1","0","https://x.com/undefined/status/1078794639195267072","4854217456",
"1078645485999599618","Fri Dec 28 23:27:39 +0000 2018","0","@adilmakmur02 @prabowo @sandiuno Mantap","1078794638029451265","","adilmakmur02","in","","0","0","0","https://x.com/undefined/status/1078794638029451265","1078285562392412161",
"1078785154544332800","Fri Dec 28 23:27:31 +0000 2018","0","@Dewantara161 @Valkyreism @jokowi @KemensosRI sy bantu beritahu pak @jokowi klo kau sendiri apa?? nyinyirin?? ","1078794603036172288","","egi09876","in","","0","0","0","https://x.com/undefined/status/1078794603036172288","602593737",
"1078611881739182081","Fri Dec 28 23:27:20 +0000 2018","1","@Astuty64 Hanya di indonesia pendukung capres ( prabowo-sandi) isi nya kumpulan kampret dungu gpp kok dungu kan gratis","1078794558962614272","","Astuty64","in","","0","0","0","https://x.com/undefined/status/1078794558962614272","995539019839651840",
"1078794550955536384","Fri Dec 28 23:27:18 +0000 2018","1","Siburung Dara Terbang Kehulu. Burung Kenari Sayap Nya Biru. Satu Kan Suara Dalam Pemilu. Yuk Kita Pilih Pemimpin Baru.... Jangan Lupa Baca Bismillah. Niat Nya Tulus Karena Allah. Ta'ati Fatwa Para Ulama Pilih Pemimpin Yang Berwibawa.... #2019gantipresiden","1078794550955536384","","","in","","0","1","1","https://x.com/undefined/status/1078794550955536384","578862482",
"1078487635063001088","Fri Dec 28 23:27:18 +0000 2018","0","@IrHMFaqih 2014 sy dukung prabowo dan milih beliau tp hoax ttg pak jokowi semakin menjadi jadi dan tdk masuk akal sehat sehingga membuat sy yakin bahwa banyak orang jahat yg terganggu dg kerja baik dari pak jokowi...","1078794549722402817","","IrHMFaqih","in","","0","0","0","https://x.com/undefined/status/1078794549722402817","179406705",
"1078486567008628736","Fri Dec 28 23:26:51 +0000 2018","4","@SmileChild2 @jokowi Jenius...Pasti Yang Ngetwit Baru Lulus SD Lanjutkan Dik.","1078794437998850048","","SmileChild2","in","","0","1","0","https://x.com/undefined/status/1078794437998850048","2306581730",
"1078681761842786305","Fri Dec 28 23:26:41 +0000 2018","0","@kumparan Memang betul kata Prabowo kalo negara ini korupsinya udah stadium 4.","1078794396143734786","","kumparan","in","","0","0","0","https://x.com/undefined/status/1078794396143734786","851295895",
"1078794390196314113","Fri Dec 28 23:26:40 +0000 2018","1","Para netizen ku.... Ini alasan pak Jokowi menggandeng pak kiyai untuk membantu mengurusi negara ini. https://t.co/nbalILrA8A #JelasIslamnya","1078794390196314113","","","in","","1","0","0","https://x.com/undefined/status/1078794390196314113","1071071389119959040",
"1078579372326416384","Fri Dec 28 23:24:23 +0000 2018","0","@RajaPurwa @Ferdinand_Haean jiaaah gitu aja udah senangnnya minta ampun....bagi pak jokowi itu dah biasa...Indonesia gk cm ambon ","1078793816977489920","","RajaPurwa","in","","0","0","0","https://x.com/undefined/status/1078793816977489920","71558875",
"1078722574245351424","Fri Dec 28 23:24:16 +0000 2018","0","@Hunter02530645 @detikcom @Maruf_Amin MUI nggak pernah melarang dan tak pernah menyarankan hanya membolehkan sebelum ma aruf amin jadi capres pun mui membolehkan mengucapkan selamat natal tetapi jangan memakai atribut mengikuti nya","1078793786493362176","","Hunter02530645","in","","0","0","0","https://x.com/undefined/status/1078793786493362176","902122958918963200",
"1078625543510061056","Fri Dec 28 23:24:14 +0000 2018","0","@FaGtng Sblm ini di timelain saya ada pak Ahok yg Mengimentari pak Prabowo. Hehe","1078793779509952513","","FaGtng","in","","0","0","0","https://x.com/undefined/status/1078793779509952513","1028323365986041856",
"1078587233047797761","Fri Dec 28 23:24:14 +0000 2018","1","@AWardana79 @ronavioleta @jokowi Betul kali bang pemerintah aceh harusnya seperti jogja menolak jalan tol klu mau bangun lebarin jalan dan sanitasi nya. Rakyat aceh khususnya tidak butuh jalan tol.","1078793778486374400","","AWardana79","in","","0","0","0","https://x.com/undefined/status/1078793778486374400","732756957572911108",
"1078486567008628736","Fri Dec 28 23:24:10 +0000 2018","0","@nurzain @jokowi Memang kewajiban pemerintah musti kita buka mata kita kalo gak di laksanakan oleh presiden ir jokowi apa bisa selesai mikir lah","1078793762623504384","","nurzain","in","","0","0","0","https://x.com/undefined/status/1078793762623504384","1074672743394598912",
"1078505139491680257","Fri Dec 28 23:24:09 +0000 2018","0","@AkunTofa Insha Allah ...@prabowo be president RI 2019...aamiin","1078793758781652993","","AkunTofa","in","","0","0","0","https://x.com/undefined/status/1078793758781652993","2704031347",
"1078592660149948417","Fri Dec 28 23:24:03 +0000 2018","0","@CHAKRASAKTI77 @RRabrusun @Vife991 @Angelyca_Nayoan @prabowo @sandiuno @CintaNKRI12 @1ndonesiaku1 @arlex_wu @Astuty64 @tehtjemplung @Ferdinand_Haean @AlhamidIchal @hp_arel @NataliusPigai2 Dicerna dulu kata2nya baru ambil kesimpulan. Orang baik yg bagaimana: Yg suka marah2?? Yg menculik Yg hoax Yg ijtima ulama Yg jual agama Yg kardusan Yg rasis Yg suka fitnah Yg lulusan 212 Yg sontoloyo Bener2 BUTA n TULI Jgn ikut2 bodoh","1078793733561335809","","CHAKRASAKTI77","in","","0","1","0","https://x.com/undefined/status/1078793733561335809","2696877306",
"1078793620273033216","Fri Dec 28 23:23:36 +0000 2018","1","insya Allah tahun #2019PrabowoPresiden semua pejabat direksi &amp; komisaris BUMN yg diangkat oleh rezim @jokowi ditata-ulang di ganti oleh yg profesional dg rata2 IQ diatas 100 shg BUMN terselamatkan dari kehancuran salah urus","1078793620273033216","","","in","","0","1","0","https://x.com/undefined/status/1078793620273033216","932129883861348353",
"1078687919412412416","Fri Dec 28 23:23:35 +0000 2018","1","@sandiuno @prabowo Ingin... Dan lebih ingin lagi jadi wapres... Dan harus jadi gimana caranya","1078793615525068800","","sandiuno","in","","0","0","0","https://x.com/undefined/status/1078793615525068800","993511462495707136",
"1078645485999599618","Fri Dec 28 23:23:31 +0000 2018","0","@prabowo Adil makmur 2019","1078793597128970240","","prabowo","tr","","0","0","0","https://x.com/undefined/status/1078793597128970240","476672690",
"1078486567008628736","Fri Dec 28 23:23:26 +0000 2018","0","@adiiyulianto @waskite @jokowi Menguntungkan pihak swasta bukan rakyat","1078793578682277888","","adiiyulianto","in","","0","0","0","https://x.com/undefined/status/1078793578682277888","439336954",
"1078564131668512768","Fri Dec 28 23:23:15 +0000 2018","0","@ASapardan @_jimmyambarita @jokowi Salfok dengan njeketek -nya ","1078793531148316672","","ASapardan","in","","0","0","0","https://x.com/undefined/status/1078793531148316672","170640999",
"1078486567008628736","Fri Dec 28 23:23:11 +0000 2018","0","@DenBagu94376094 @kopral_jon00 @jokowi Setuju bang.","1078793516325584896","","","in","","0","0","0","https://x.com/undefined/status/1078793516325584896","821163224",
"1078615342211948545","Fri Dec 28 23:23:11 +0000 2018","0","@SBYudhoyono Informatif yg sesuai dgn apa yg bapak mau dan Pak Said Didu pun orang yg pro ke bapak dan Prabowo. Pertanyaannya knp sih bapak gak happy kalo pemerintah saat ini setelah sekian lama akhirnya berhasil kuasai 51 2% saham Freeport Indonesia??","1078793512915632128","","SBYudhoyono","in","","0","0","0","https://x.com/undefined/status/1078793512915632128","485571393",
"1078486567008628736","Fri Dec 28 23:23:08 +0000 2018","0","@OrdinaryWibiE @jokowi Bisnis sepi? Munculah kawasan2 industri baru dibilang sepi. Mripatmu le","1078793500336914432","","OrdinaryWibiE","in","","0","0","0","https://x.com/undefined/status/1078793500336914432","520051351",
"1078577199534329857","Fri Dec 28 23:23:06 +0000 2018","0","@andribayem1 @fadlizon @prabowo Wah lebih banyak lg kalau gtu ya ","1078793495496798208","","andribayem1","in","","0","0","0","https://x.com/undefined/status/1078793495496798208","2348393840",
"1078793424004800513","Fri Dec 28 23:22:49 +0000 2018","0","Pemimpin yang manut ta'zim dan merangkul kiyai ialah Pak De @jokowi #JelasIslamnya #JokowiOrangbaik https://t.co/itdXR4sa8W","1078793424004800513","https://pbs.twimg.com/media/DvikmNkVYAAX5SE.jpg","","in","","0","0","0","https://x.com/undefined/status/1078793424004800513","1071071389119959040",
"1078486567008628736","Fri Dec 28 23:22:40 +0000 2018","0","@jokowi Alhamdulilah aamiin iya pak semarang pekalongan 40 menit biasanya 2 jamperjalanan","1078793384968343552","","jokowi","in","","0","0","0","https://x.com/undefined/status/1078793384968343552","1074672743394598912",
"1078793360758849536","Fri Dec 28 23:22:34 +0000 2018","0","terutama di wilayah mayoritas kampung para transmigran utamanya dari pulau jawa jokowi masih menjdi primadona utama mbah....","1078793360758849536","","","in","","0","0","0","https://x.com/undefined/status/1078793360758849536","47330780",
"1078647453602086912","Fri Dec 28 23:22:24 +0000 2018","0","@jansen_jsp KALAU BEGINI ISI TWEET MU JANSEN SAYA SETUJU SAMA ANDA. TAPI KALAU KAMU. MENGKRITIK JOKOWI YG SUDAH MATI MATIAN KERJA MEMBANGUN NEGERI INI SAYA TIDAK SETUJU. OKE BRO","1078793318895480832","","jansen_jsp","in","","0","0","0","https://x.com/undefined/status/1078793318895480832","1075760844879757312",
"1078782375415271424","Fri Dec 28 23:22:23 +0000 2018","0","@eliya_mkom @prabowo Itulah sebabnya dari dulu saya mengajak untuk memperbanyak berdoa karena hanya dengan pertolongan Allah bangsa Indonesia dapat selamat dari kecurangan/kehancuran dan terwujud bangsa Indonesia yang sejahtera adil dan makmur. https://t.co/snDq7jiu8j","1078793313061228545","https://pbs.twimg.com/media/Dviky7vUYAA9A2d.jpg","eliya_mkom","in","","0","0","0","https://x.com/undefined/status/1078793313061228545","3344388914",
"1078791612900171776","Fri Dec 28 23:22:19 +0000 2018","0","@akbarmangindara @jokowi Jgn2 kaka Akbar pernah bayangkan belio dtg ke rumah yah? ","1078793298234372096","","nurakbar90","in","","0","1","0","https://x.com/undefined/status/1078793298234372096","359051324",
"1078793279779586054","Fri Dec 28 23:22:15 +0000 2018","0","Saya suka video @YouTube https://t.co/CvgvjrcwEL Akhirnya Dewan Dakwah Islam Indonesia juga tegaskan dukung Prabowo Sandi","1078793279779586054","","","in","","0","0","0","https://x.com/undefined/status/1078793279779586054","617632673",
"1078295898671575041","Fri Dec 28 23:22:14 +0000 2018","0","@HendrawanSTB @Fahrihamzah @prabowo @sandiuno gkgkgk....betul itu bos.","1078793276541431808","","","in","","0","0","0","https://x.com/undefined/status/1078793276541431808","831530860419493888",
"1078524129349758976","Fri Dec 28 23:22:14 +0000 2018","0","@yuliusheksa @RinjaniJB @marierteman @prabowo Alaahhh.. Klo wwo gk bs jd imam sholt ngaku az.. Wwo ny udh ngku tp pndukung nx ngles bajaj..","1078793273278324736","","JoelPtera","in","","0","1","0","https://x.com/undefined/status/1078793273278324736","2320360573",
"1078680991978278912","Fri Dec 28 23:22:11 +0000 2018","4","@bangzul_1988 @prabowo Rakyat ind ngak rela Indonesia jatuh ketangan gerombolan Haus kekuasaan. Kita rakyat Dr sabang -merauke bersatu. Kita menangkan jokowi. Kita jaga NKRI. Jokowi harus menang. Pancasila Kita jaga. Kalo jokowi kalah khilafah berkuasa bersama capres yg ngak bisa sholat hidup jokowi","1078793263010594816","","bangzul_88","in","","0","1","2","https://x.com/undefined/status/1078793263010594816","1656938293",
"1078290434084921344","Fri Dec 28 23:22:07 +0000 2018","0","@Chacha_098 @enylove2 @jokowi @4Y4NKZ @aepkustia71 @P3nj3l4j4h @B1G_kaySae @04Nakula @semiaji_w @RizmaWidiono @wahhabicc_jabar @JajangRidwan19 @hanjenif Cinta wangi tidak bau.ha ha...","1078793247311355904","","Arti_161217_","in","","0","0","0","https://x.com/undefined/status/1078793247311355904","1036195574666518529",
"1078603389716426753","Fri Dec 28 23:22:00 +0000 2018","0","@piuden @fryahya @prabowo @sandiuno @Dahnilanzar @CakKhum @jokoedy6 @musniumar @Gerindra insya Allah Medan akan lebih ngeriii lagi.Indonesia gak butuh presiden yg kurus wawasannya.malu kita apa nanti kata dunia","1078793214948265985","","piuden","in","","0","0","0","https://x.com/undefined/status/1078793214948265985","1033277719230930944",
"1078793198649073664","Fri Dec 28 23:21:56 +0000 2018","1","Masukan yqng bagus ini mas @prabowo @sandiuno @Dahnilanzar lanjutken utk adil dan makmur","1078793198649073664","","","in","","0","0","1","https://x.com/undefined/status/1078793198649073664","794223511426347008",
"1078793159172337665","Fri Dec 28 23:21:46 +0000 2018","13","Wali Kota Bogor Ajak Jokowi Doa Bersama di Malam Pergantian Tahun https://t.co/fo7N1jVzmJ","1078793159172337665","","","in","","1","0","2","https://x.com/undefined/status/1078793159172337665","154102750",
"1078493081178013697","Fri Dec 28 23:21:44 +0000 2018","0","@republikaonline Jangan karena pemilu ulama memfitnah berkata kasar dan berbohong pada umat..","1078793149193973760","","republikaonline","in","","0","0","0","https://x.com/undefined/status/1078793149193973760","97205349",
"1077487919785361408","Fri Dec 28 23:21:41 +0000 2018","0","@prabowo @Gerindra @seventeenifan Aammiiiinnn","1078793136787185664","","prabowo","et","","0","0","0","https://x.com/undefined/status/1078793136787185664","1074432485084168192",
"1078793133293330432","Fri Dec 28 23:21:40 +0000 2018","0","Penolakan berita HOAX dan dukung pemilu damai 2019 oleh ANDI FATAWALI pemuda Desa Gowa Gowa Kecamatan Ra'as https://t.co/vYgHCbE6Rj","1078793133293330432","https://pbs.twimg.com/ext_tw_video_thumb/1078792933929713664/pu/img/17z6zoWDBCob-Hky.jpg","","in","","0","0","0","https://x.com/undefined/status/1078793133293330432","1024560348513296384",
"1078669186497269760","Fri Dec 28 23:21:31 +0000 2018","0","@GunRomli @prabowo @sandiuno @PBIDI @KemenkesRI Outo panik","1078793094282256385","","GunRomli","tl","","0","0","0","https://x.com/undefined/status/1078793094282256385","4558229125",
"1078764253958623234","Fri Dec 28 23:21:24 +0000 2018","0","@detikcom @prabowo ambil j dah...gerbong kosong ga ngaruh ","1078793065735741440","","detikcom","in","","0","0","0","https://x.com/undefined/status/1078793065735741440","544817490",
"1078295898671575041","Fri Dec 28 23:21:19 +0000 2018","0","@Fahrihamzah @prabowo @sandiuno aku percaya bu sugiyem penjual kopi komplek rasa kopinya benar2 kopi. konsisten","1078793043874992129","","Fahrihamzah","in","","0","0","0","https://x.com/undefined/status/1078793043874992129","831530860419493888",
"1078486567008628736","Fri Dec 28 23:21:17 +0000 2018","0","@nurzain @jokowi Memang itu kewajiban. Namun ada yang bisa melaksanakan sebagian kecil ada yang sebagian besar atau bahkan semua. Kalau bisa melaksanajan sebagaian besar atau bahkan semua ... Bagi saya itu namanya prestasi.","1078793035809382401","","nurzain","in","","0","0","0","https://x.com/undefined/status/1078793035809382401","2459366912",
"1077882601325522944","Fri Dec 28 23:21:10 +0000 2018","0","@oma_ranny @yusuf_dumdum @prabowo sejarah kelam jgn diulang.","1078793007728517120","","oma_ranny","in","","0","0","0","https://x.com/undefined/status/1078793007728517120","886941786769195008",
"1078792992406745093","Fri Dec 28 23:21:07 +0000 2018","0","Pak Jokowi very very good Team Leader INFRASTRUKTUR","1078792992406745093","","","pl","","0","0","0","https://x.com/undefined/status/1078792992406745093","716136875178663936",
"1078553929284108290","Fri Dec 28 23:21:06 +0000 2018","0","@Gerindra @fadlizon @prabowo Kirain sebelas jutaan... Kaya yang di Monas monas itu tuch.....","1078792989181386752","","Gerindra","in","","0","0","0","https://x.com/undefined/status/1078792989181386752","890972810339688449",
"1078792333964001280","Fri Dec 28 23:18:30 +0000 2018","0","AKSI PRESIDEN JOKOWI MAIN BASS LAGU PELANGI (BOOMERANG) 2018 https://t.co/ig8I4hWhAj","1078792333964001280","","","in","","0","0","0","https://x.com/undefined/status/1078792333964001280","213549958",
"1078592909920722944","Fri Dec 28 23:18:28 +0000 2018","1","@Dahnilanzar @prabowo Saya dari Maluku kami sekeluarga dukung Prabowo.Demi NKRI.","1078792325453598720","","Dahnilanzar","in","","0","0","0","https://x.com/undefined/status/1078792325453598720","1078612112648196096",
"1078792321293041669","Fri Dec 28 23:18:27 +0000 2018","0","Santri Muslim Umat/Ormas Islam Kalau Ada Perlombaan Deklarasi Sudah Pasti Juara Terbanyak Aksi Damai/Reuni Akbar Alumni 212 Di Monas Mayoritas Memilih/Mendukung Capres ◀ PRABOWO - SANDI ▶ PAS 02 ⬇⬇⬇⬇⬇⬇⬇⬇⬇⬇⬇⬇⬇ #2019GANTIPRESIDEN","1078792321293041669","","","in","","0","0","0","https://x.com/undefined/status/1078792321293041669","982023277634772992",
"1078620206161784832","Fri Dec 28 23:18:21 +0000 2018","0","@makLambeTurah_ @panca66 @sandiuno @prabowo @marierteman @Rusydi_riau @BangPino_ @Dody_Lukas___ @putrabanten80 @maspiyuuu @HarryRidwan_Ay @Mrmarshall_rama @harysantana @hailthedon @Gemacan70 @SilentH0512 2014 : Trailer 40 Feet+Sound System+Drum yg siap Saya belai dari Kota Malang to Rumah Polonia utk #PrabowoHatta..bahkan Mas @fadlizon sempat menghubungi Saya. Bgmn 2019? BPN sdh terima File NgeDrum Diatas Trailer SBY-Solo-SMG-JKT . @prabowo @sandiuno @ZUL_Hasan @MardaniAliSera","1078792299729936387","","makLambeTurah_","in","","1","1","0","https://x.com/undefined/status/1078792299729936387","497615025",
"1078792282025803776","Fri Dec 28 23:18:17 +0000 2018","0","Tuh kata Bawaslu kedua pasangan #Capres-#Cawapres jangan pakai #Kosakata yang negatif. Eh tapi kalau istilah fauna apa negatifnya ya? - lebih detail cek ke : https://t.co/7yha9qgcNY #Kampanye #Paslon #Pilpres #Pilpres2019 https://t.co/VOh6RiTR8T","1078792282025803776","https://pbs.twimg.com/media/Dvij3NZUUAEkY7s.jpg","","in","","0","0","0","https://x.com/undefined/status/1078792282025803776","3812210114",
"1078582417298997248","Fri Dec 28 23:18:16 +0000 2018","0","@eja_detaurus @detikcom @jokowi @detikhot Kelihatan kelasnya","1078792276116004864","","","in","","0","0","0","https://x.com/undefined/status/1078792276116004864","46429976",
"1078524129349758976","Fri Dec 28 23:18:15 +0000 2018","0","@RinjaniJB @yuliusheksa @marierteman @prabowo Imam sholt dzuhur itu.. Jd mulut ny sepi.. gk tw ap yg dbca ","1078792273754771456","","RinjaniJB","in","","0","0","0","https://x.com/undefined/status/1078792273754771456","2320360573",
"1078486567008628736","Fri Dec 28 23:18:13 +0000 2018","0","@SmileChild2 @jokowi Ha ha kasihan dia bawa oleh-oleh lupa nimbang overweight krn bawa duit pas-pas akhirnya oleh-oleh ditinggal.","1078792264258805762","","SmileChild2","in","","0","0","0","https://x.com/undefined/status/1078792264258805762","2881653068",
"1078792231278891008","Fri Dec 28 23:18:05 +0000 2018","2","Ketum Baru PP Pemuda Muhammadiyah: Pilih Jokowi Monggo Pilih Prabowo Monggo ... https://t.co/qFMfTVxNVq","1078792231278891008","","","in","","0","0","1","https://x.com/undefined/status/1078792231278891008","379217034",
"1078792217840488448","Fri Dec 28 23:18:02 +0000 2018","0","Pak @jokowi ada informasi @dearcatcallerid dari @TirtoID salah satu orang di badan pengawas @BPJSTKinfo punya kelainan mohon perhatian @DivHumas_Polri namanya disebut disalah satu komentar sepertinya wakil dari pemerintah di DP BPJSTK https://t.co/JcRH4fvDj2","1078792217840488448","","","in","","0","0","0","https://x.com/undefined/status/1078792217840488448","84867302",
"1078792209510543360","Fri Dec 28 23:18:00 +0000 2018","0","@Gerindra @prabowo @sandiuno @Dahnilanzar","1078792209510543360","","Gerindra","qam","","0","0","0","https://x.com/undefined/status/1078792209510543360","823681833711718400",
"1078206946526650369","Fri Dec 28 23:17:56 +0000 2018","0","@Deri_hermawan89 @burukband @prabowo Mungkin dipikiran yg dikit otak..imam itu sok sok an...ini sesat","1078792191479173120","","","in","","0","0","0","https://x.com/undefined/status/1078792191479173120","3919716973",
"1078685480546459648","Fri Dec 28 23:17:54 +0000 2018","0","@detikcom @jokowi Diawali dg bertemu dimeja makan.","1078792184936026112","","detikcom","in","","0","0","0","https://x.com/undefined/status/1078792184936026112","241838206",
"1078792121379782656","Fri Dec 28 23:17:39 +0000 2018","0","ITU SANDY DAN PRABOWO JAGO DANSA DANSI","1078792121379782656","","","in","","0","0","0","https://x.com/undefined/status/1078792121379782656","829263912176607232",
"1078558605752684545","Fri Dec 28 23:17:37 +0000 2018","0","@panca66 @bawaslu_RI @KPU_ID Bukan pemilu sifat rahasia...? Kenapa media group kemarin survai di tempat ku..nanya ke aku tahun kemarin pemilu pilih siapa? Dan besok akan pilih siapa ...","1078792112269901824","","panca66","in","","0","0","0","https://x.com/undefined/status/1078792112269901824","1068904601858895872",
"1078792108641665024","Fri Dec 28 23:17:36 +0000 2018","0","Tetap fokus Jokowi 2 Periode that is the point #2019jokowilanjut #2019TetapJokowi #2019JokowiMaruf #2019JokowiMarufAmin","1078792108641665024","","","in","","0","0","0","https://x.com/undefined/status/1078792108641665024","1027144114624585729",
"1077068754159230978","Fri Dec 28 23:17:32 +0000 2018","2","@jokowi Stop PENCITRAAN Rakyat sudah MUAX dengan segala MANIPULASI &amp; KEPURA-PURAAN Bantulah Rakyat jangan SUKA BOHONG &amp; JANJI PALSU seperti NTB kasian rakyat di PHP terus.","1078792093290639360","","jokowi","in","","0","0","2","https://x.com/undefined/status/1078792093290639360","1048568090898776065",
"1078571297473327106","Fri Dec 28 23:17:30 +0000 2018","0","@wongndesobravo @sandiuno @prabowo Pretts","1078792083916378117","","wongndesobravo","en","","0","0","0","https://x.com/undefined/status/1078792083916378117","1070348722683277312",
"1078509185967374336","Fri Dec 28 23:17:18 +0000 2018","0","@zaabdullah01 @saididu @RidlwanSyarief @her_alone @luviku @prabowo Integritas Pemerintah sendiri bagaimana?","1078792033005793280","","zaabdullah01","in","","0","0","0","https://x.com/undefined/status/1078792033005793280","871944953060106241",
"1078653744089186304","Fri Dec 28 23:17:13 +0000 2018","0","@jonnedi @sandiuno @Airin_NZ @winsoloka Jokowi impor di saat petani lokal lagi panen hasil tangannya akhirnya harga pangan lokal anjlok. #2019PrabowoSandi #2019PrabowoSandi #2019PrabowoSandi #2019PrabowoSandi #2019PrabowoSandi #2019PrabowoSandi #2019PrabowoSandi #2019PrabowoSandi #2019PrabowoSandi #2019PrabowoSandi","1078792014571831296","","jonnedi","in","","0","1","0","https://x.com/undefined/status/1078792014571831296","1062893054665707521",
"1078792014529990658","Fri Dec 28 23:17:13 +0000 2018","0","MAKA NYAA....... Klu sudah ada Presiden ORIGINAL Bapak Jokowi NGAPAIN pilih lain yang enggak ori","1078792014529990658","","","in","","0","0","0","https://x.com/undefined/status/1078792014529990658","716136875178663936",
"1078791952810700801","Fri Dec 28 23:16:59 +0000 2018","0","#RakyatTanya Kenapa sihh KPK Gak pernah Usut Korupsi Jokowi? ~ https://t.co/wensIOdVQP Jenderal08 Presiden2014com","1078791952810700801","https://pbs.twimg.com/media/BuNOyhCCcAAlYbN.jpg","","in","","0","0","0","https://x.com/undefined/status/1078791952810700801","2719094473",
"1078486567008628736","Fri Dec 28 23:16:47 +0000 2018","0","@ymario8 @SmileChild2 @jokowi pola pikirnya seperti junjungannya pendek..pantes bisa dbohongin sama seorang nenek junjungan anda","1078791902227353601","","ymario8","in","","0","0","0","https://x.com/undefined/status/1078791902227353601","1051134638301765632",
"1078649146049912833","Fri Dec 28 23:16:41 +0000 2018","0","@prabowo madura hadir pak..insya Allah kalau dimadura akan bersikukuh dalam memenangkan sampean dalam pilpres yang akan datang pak..","1078791876893761537","","prabowo","in","","0","0","0","https://x.com/undefined/status/1078791876893761537","1073577738731163650",
"1078791876529000448","Fri Dec 28 23:16:41 +0000 2018","0","Tetangga Jokowi Tawarkan Rumahnya jadi Posko Pemenangan Prabowo-Sandi - Islampos https://t.co/KFLCkZltMN","1078791876529000448","","","in","","0","0","0","https://x.com/undefined/status/1078791876529000448","18090401",
"1078645961692393474","Fri Dec 28 23:16:27 +0000 2018","1","@EDitektif @laskar_minang @prabowo @jokowi Cebongerrrr...gak bakalan faham kek ginian....cebong hanya faham pada lidah nya hanya buat menjulur...","1078791820732067840","","EDitektif","in","","0","1","0","https://x.com/undefined/status/1078791820732067840","1443504308",
"1078714596880338944","Fri Dec 28 23:16:27 +0000 2018","1","@RestyCayah Banyak cebibong200 semakin dekat pemilu kian pekok dje ","1078791817921871872","","RestyCayah","in","","0","0","0","https://x.com/undefined/status/1078791817921871872","518191393",
"1078791812989382657","Fri Dec 28 23:16:25 +0000 2018","1","Masha Alloh ! Rakyat bukan berebutan amplop! Tapi berebutan hanya untuk salaman dengan mas Prabowo! Fenomena yang sangat langka! #2019PrabowoPresiden","1078791812989382657","","","in","","1","0","2","https://x.com/undefined/status/1078791812989382657","579089730",
"1078664599082160128","Fri Dec 28 23:16:20 +0000 2018","2","@ronavioleta Syekh Ali Najis Gabung Jokowi?","1078791792508555264","","ronavioleta","in","","0","0","0","https://x.com/undefined/status/1078791792508555264","970332976167796736",
"1078524129349758976","Fri Dec 28 23:16:19 +0000 2018","0","@yuliusheksa @RinjaniJB @marierteman @prabowo Otakmu soak.. Klo penculik mnhilangkan nyawa.. trs mo jd pleciden lu banggain ??? Gile lu tong.. Presiden mngunjungi bncana lu bilng shooting.. emg gile poll lu tong..","1078791786628145152","","JoelPtera","in","","0","1","0","https://x.com/undefined/status/1078791786628145152","2320360573",
"1078791780122877952","Fri Dec 28 23:16:18 +0000 2018","0","Prabowo memberi JANJI Jokowi memberi BUKTI. Buka mata lebar-lebar berfikir dengan akal sehat. Jangan terpengaruh isu SARA kita memilih Presiden bukan Pemimpin Agama","1078791780122877952","","","in","","0","0","0","https://x.com/undefined/status/1078791780122877952","2595689466",
"1078791750049808384","Fri Dec 28 23:16:10 +0000 2018","0","Awaalnya mau pilih Jokowi tapi udah banyak yg pilih di Bali NTT Papua dst biar Adil pilih Prabowo aja deh DEMOKRASI","1078791750049808384","","","in","","0","0","0","https://x.com/undefined/status/1078791750049808384","204366598",
"1078524129349758976","Fri Dec 28 23:16:10 +0000 2018","0","@marierteman @prabowo Ini baru yg nm'a bpk pemersatu bangsa. Itu yg nunggu beliau kan bukan cuma umat islam tp umat nasrani juga.","1078791748724420608","","marierteman","in","","0","0","0","https://x.com/undefined/status/1078791748724420608","808578232807264256",
"1078649146049912833","Fri Dec 28 23:16:10 +0000 2018","3","@prabowo @jmtransindo Semangat teruus Bapak .. semoga Allah melimpahkan kebaikan dan keberkahannya kepada kita semua sehingga apa yg direncanakan dapat terlaksana dengan baik Aamiin","1078791748195741696","","prabowo","in","","0","1","0","https://x.com/undefined/status/1078791748195741696","1047738906592960512",
"1078791731062104064","Fri Dec 28 23:16:06 +0000 2018","0","Aku selalu mnjdi korban banjir selama pemerintahan jokowi dan itu unsur kesengajaan bgi siapapjn yg bca tweetan ini yg jdi korban banjir","1078791731062104064","","","in","","0","0","0","https://x.com/undefined/status/1078791731062104064","133007347",
"1078791730646917120","Fri Dec 28 23:16:06 +0000 2018","0","Kunjungan Capres Prabowo ke Taman Makam Pahlawan Seroja di Atambua NTT: https://t.co/HJNsWXkhHe via @YouTube","1078791730646917120","","","in","","0","0","0","https://x.com/undefined/status/1078791730646917120","837458930",
"1078791714674896896","Fri Dec 28 23:16:02 +0000 2018","0","7 Panelis Debat Capres Pertama Mantan Ketua MA hingga Bambang Widjojanto https://t.co/tnTINM1SvN https://t.co/N4vn66q6DN","1078791714674896896","","","in","","0","0","0","https://x.com/undefined/status/1078791714674896896","821229918302310400",
"1078542402246397952","Fri Dec 28 23:16:01 +0000 2018","1","@republikaonline Pilpres sebentar lagi... Sudahlah biar Prabowo-Sandi yg menyelesaikan &amp; tangkap otak penyerangan tsb. Juga kasus2 yg menyangkut Petahana n para pendukungnya yg mangkrak. #2019GantiPresiden #2019PrabowoSandi","1078791709985628160","","republikaonline","in","","0","0","0","https://x.com/undefined/status/1078791709985628160","2297037186",
"1078791642734198784","Fri Dec 28 23:15:45 +0000 2018","0","Mbak rahayu lagi di bully gara2 upload video keluarga. Di bully baik dr pro jokowi maupun die hard prabowo. Sampe ada yg gob##k 2 an. Dan mbak rahayu akhirnya memutuskan hapus video itu di IG nya Sedih... https://t.co/NuFJfJfR6x","1078791642734198784","","","in","","0","0","0","https://x.com/undefined/status/1078791642734198784","743073449145303040",
"1078791637524930566","Fri Dec 28 23:15:44 +0000 2018","4","Masyarakat Ambon memang sangat paham dengan Pak Prabowo. #TahunBaruPresidenBaru","1078791637524930566","","","in","","0","0","5","https://x.com/undefined/status/1078791637524930566","871744085475835905",
"922488315248439296","Fri Dec 28 23:15:43 +0000 2018","1","@_SEKNAS_RI @andijkts @stefan_ivanov_ @ulysses_ferrel @LambangDC5 @LebahBorneo @Suka_kopi @WetanKi @SuryoUdoro @Cobra0312 @212ThePowerOff1 @juventini_3rwin @paquitacumadebu @nissaLoveAllah @vintenas @0d5e359a58f4437 @JhrPujianto @JokSusi2019 @majisyafii @YCH7168 @tirta_helena @KPakdhe @Namaku_Mei @KoRnHurry @Anak_Perantau_ @Ardhie_9179 @enny_fadjri @Pujanarto @gunwbisono @endrabanyu @al_nghothot @INTAN37866162 @feradiana_a @jnnewrw @CetakBalikpapan @carina_niken @harimaumacannnn @pr1841788 @filbertstwn @baleteros @PecanduSore @TjahjadiJudono @AhmadMulkan9 @Hectorhecko @Nanaa_rosaa @Neng_Geli @gojek_dps @kejO_Online @Boeing @prabowo Iya bang","1078791634165350400","","_ANDRE_OCTA_","in","","0","0","0","https://x.com/undefined/status/1078791634165350400","1048726856344764417",
"1078791616524177409","Fri Dec 28 23:15:39 +0000 2018","0","Umat sudah menemukan tokoh rujukan panutan dan kendali yang bervisi keumatan dan kebangsaan Jokowi-Amin Indonesia Maju #PemimpinAdemDamai #01JokowiLagi","1078791616524177409","","","in","","0","0","0","https://x.com/undefined/status/1078791616524177409","1050734165019095041",
"1078791612900171776","Fri Dec 28 23:15:38 +0000 2018","0","Semalam untuk kedua kalinya saya bermimpi pak @jokowi mengunjungi rumah saya di Jeneponto dalam 3 bulan terakhir. Sempat berfoto selfie pula.","1078791612900171776","","","in","","0","2","0","https://x.com/undefined/status/1078791612900171776","105772314",
"1078635872461832192","Fri Dec 28 23:15:35 +0000 2018","0","@fadlizon Contoh produk Pak Prabowo ya seperti Pak Fadlizon ini. Kalau Prabowo jadi Presiden akan banyak orang yang seperti ini di Indonesia.","1078791602137485312","","fadlizon","in","","0","0","0","https://x.com/undefined/status/1078791602137485312","1048785523001647104",
"1078785266834333697","Fri Dec 28 23:15:33 +0000 2018","0","@Bagusalghazali @prabowo Lanjut pak ekoo.... #TahunBaruPresidenBaru","1078791593463709696","","alghazali_bg","in","","0","0","0","https://x.com/undefined/status/1078791593463709696","307789422",
"1078791591890845696","Fri Dec 28 23:15:33 +0000 2018","1","Gw gak paham ya sama otak dangkal yg begini. Lu kira dgn Pak @jokowi utk melihat kondisi para korban bencana maka mereka bisa langsung sembuh dari trauma dan penderitaan bekas bencana? Terkadang manusia begini diciptain terlalu sia-sia hidupnya. Knp gk lu aja yg dtengin korban2 ?","1078791591890845696","","","in","","1","9","0","https://x.com/undefined/status/1078791591890845696","306639311",
"1078617094919380992","Fri Dec 28 23:15:32 +0000 2018","11","@AGoeci @AcehSelatanSatu @SBYudhoyono @saididu DOM adalah kebijakan negara bukan kemauan seseorang apalagi Prabowo yang hanya seorang prajurit tidak beda dengan penumpasan PRRI PERMESTA dan PKI silahkan koment tpi yang cerdas dong janganlah provokatif #2019AyoPilihPrabowoSandi","1078791590162755585","","AGoeci","in","","0","3","2","https://x.com/undefined/status/1078791590162755585","952909811674329088",
"1078791515206492161","Fri Dec 28 23:15:14 +0000 2018","0","Saham mayoritas udh kebeli jgn lupa dgn rakyatnya pak yg menjadi korban.knpa hanya untuk ktmu anda begitu sulit buat kami...???@jokowi https://t.co/3ObaeBDpJN","1078791515206492161","","","in","","0","0","1","https://x.com/undefined/status/1078791515206492161","795067914755842048",
"1078791476736274432","Fri Dec 28 23:15:05 +0000 2018","0"," Semua tahu saya tua Pak Jokowi juga tahu tapi beliau nyaman Kyai Ma ruf menambahkan #JelasIslamnya","1078791476736274432","","","in","","1","0","0","https://x.com/undefined/status/1078791476736274432","1071124608927952896",
"1078486567008628736","Fri Dec 28 23:15:03 +0000 2018","0","@jokowi Bravo jokowi.....","1078791468204998656","","jokowi","in","","0","0","0","https://x.com/undefined/status/1078791468204998656","2148167874",
"1078790052988084225","Fri Dec 28 23:14:49 +0000 2018","1","@eliya_mkom @prabowo @sandiuno Aamiin","1078791410923393024","","eliya_mkom","fi","","0","0","0","https://x.com/undefined/status/1078791410923393024","1043671010090741760",
"1078791407400247296","Fri Dec 28 23:14:49 +0000 2018","0","Umat tentu tenang dengan kehadiran paduan pemimpin seperti Jokowi-Amin Dua orang panutan umat di tengah hilangnya kendali pada umat dewasa ini #PemimpinAdemDamai #01JokowiLagi","1078791407400247296","","","in","","0","0","0","https://x.com/undefined/status/1078791407400247296","1050731724328464385",
"1078600944395243520","Fri Dec 28 23:14:30 +0000 2018","0","@BIndonesia2019 @adv_supyadi @enda_gz @jokowi Betul kita sudah kehilangan rasa empati https://t.co/zOeiVChsa8","1078791331026104320","https://pbs.twimg.com/media/Dvii_w-VsAEQStb.jpg","BIndonesia2019","in","","0","2","0","https://x.com/undefined/status/1078791331026104320","1073542056671367168",
"1078615342211948545","Fri Dec 28 23:14:22 +0000 2018","0","@yes_malaikosa @renisa280310 @SBYudhoyono @jokowi Hahaha ngumpet... Ga berani nongol lagi tu...","1078791294938341376","","adm_jr11","in","","0","1","0","https://x.com/undefined/status/1078791294938341376","957878280991813638",
"1078556918644260864","Fri Dec 28 23:14:22 +0000 2018","2","@YAssashin @riantikawuri @P3nj3l4j4h @tvOneNews @Aryprasetyo85 @Paltiwest @JajangRidwan19 @MurtadhaOne @TheCebongers @panca66 @AkunTofa @Ferdinand_Haean @Fahrihamzah @marierteman Jokowi mengetahui medan perang Jokowi pernah perang dimane?? ","1078791294284029953","","YAssashin","in","","0","1","0","https://x.com/undefined/status/1078791294284029953","2258365369",
"1078124753209122818","Fri Dec 28 23:14:14 +0000 2018","0","@Ferdinand_Haean @prabowo Itu bukan hanya gak tau haitiii tpi jga gak hafal pancasila hahaaaaa","1078791260318527488","","Ferdinand_Haean","in","","0","0","0","https://x.com/undefined/status/1078791260318527488","931123309206388736",
"1078571297473327106","Fri Dec 28 23:14:09 +0000 2018","0","@ndCapio @sandiuno @prabowo Pengen ketawa tapi gak ada yg lucu","1078791239011627008","","ndCapio","in","","0","0","0","https://x.com/undefined/status/1078791239011627008","1070348722683277312",
"1078653042734460928","Fri Dec 28 23:14:07 +0000 2018","1","@tvOneNews Memangnya jumlah DPRD Jambi 161 orang? Hasil pemilu 2014 Setahu sy yg paling banyak DPRD DKI 106 orang","1078791230610300928","","tvOneNews","in","","0","0","0","https://x.com/undefined/status/1078791230610300928","153597524",
"1078486567008628736","Fri Dec 28 23:14:06 +0000 2018","0","@nurzain @jokowi D buat baik kok mlah protes hadehhh anda waraskah?","1078791227259052032","","nurzain","in","","0","0","0","https://x.com/undefined/status/1078791227259052032","933397797889499136",
"1078791205079605248","Fri Dec 28 23:14:02 +0000 2018","1","Kecocokan KH. Ma'ruf Amin dan @Jokowi yaitu saat mencanangkan pembangunan di periode keduannya terfokus pada pengembangan SDM Bangsa Indonesia #JelasIslamnya","1078791213585620992","","jasminespeedy90","in","","0","1","1","https://x.com/undefined/status/1078791213585620992","1070973416109305856",
"1078791207218700288","Fri Dec 28 23:14:01 +0000 2018","0","SYEKH ALI JABER DUKUNG JOKOWI..........TERNYATA INI !!! https://t.co/EElPbeBNXh","1078791207218700288","","","in","","0","0","0","https://x.com/undefined/status/1078791207218700288","941292542",
"1078635546694508544","Fri Dec 28 23:14:01 +0000 2018","0","@anonLokal @ar_iid sang pakar jokowi pasti punya pencerahan sodara sodara ","1078791206937612288","","anonLokal","in","","0","0","0","https://x.com/undefined/status/1078791206937612288","1029360866968387586",
"1078791205079605248","Fri Dec 28 23:14:01 +0000 2018","0","Dimana ekonomi yang berorientasi keumatan menjadi salah satu tujuan utama dari KH. ma'ruf Amin dalam membangun Indonesia bersama pak @Jokowi #JelasIslamnya","1078791206761488384","","jasminespeedy90","in","","0","1","0","https://x.com/undefined/status/1078791206761488384","1070973416109305856",
"1078600944395243520","Fri Dec 28 23:13:42 +0000 2018","19","@adv_supyadi @jokowi No comment lah buat otak dangkal kayak elo. Tugas presiden itu banyak bos dan beliau ga wajib menghampiri korban2 bencana. Tp beliau bisa berikan bantuan kepada bawahan2 nya utk menolong korban2 yg terkena bencana. So klo beliau dtg apakah korban2 bencana langsung sembuh? Mikir!","1078791127845691392","","adv_supyadi","in","","1","9","2","https://x.com/undefined/status/1078791127845691392","306639311",
"1078717283084562434","Fri Dec 28 23:13:34 +0000 2018","0","@monstaHiphop @Koteka_Sakti @jokowi @prabowo Yah begitulah","1078791093326626817","","monsterhiphoop","in","","0","0","0","https://x.com/undefined/status/1078791093326626817","1070077328720486401",
"1077886304870780929","Fri Dec 28 23:13:29 +0000 2018","0","@sandiuno @prabowo Hutang adalah masalah bagi negeri ini hutang harus dibayar","1078791073042915328","","sandiuno","in","","0","0","0","https://x.com/undefined/status/1078791073042915328","1073930698459734016",
"1078791070048124928","Fri Dec 28 23:13:28 +0000 2018","0","Tp yg menang tetep Pak Jokowi lihat aja nanti","1078791070048124928","","","in","","1","0","0","https://x.com/undefined/status/1078791070048124928","117102976",
"1078486567008628736","Fri Dec 28 23:13:27 +0000 2018","6","@jokowi Ini jg trmasuk prestasi bapak ya? https://t.co/jOwreHRKxP","1078791065522470912","https://pbs.twimg.com/media/DviiwFMU8AElWhc.jpg","jokowi","in","","0","4","1","https://x.com/undefined/status/1078791065522470912","1011773247979864064",
"1078486567008628736","Fri Dec 28 23:13:16 +0000 2018","0","@jokowi Di buat baik kok mlah protes hadehhhh","1078791017237626880","","Dhanbgt","in","","0","0","0","https://x.com/undefined/status/1078791017237626880","933397797889499136",
"1078553929284108290","Fri Dec 28 23:13:14 +0000 2018","0","@MrFerd4 @Gerindra @prabowo Mungkin di daerah lu ya yang mentri dtng rame sambut. Klau di ambon yg di sambut rame' itu siapa dlu. Tdak semua di sambut rame ya. Omong yg baik.","1078791008479920128","","MrFerd4","in","","0","0","0","https://x.com/undefined/status/1078791008479920128","1036848966707503104",
"1078790992021532672","Fri Dec 28 23:13:10 +0000 2018","0","Rakyat akan lebih banyak melihat pemimpin dari track record-nya Track record pemerintah Jokowi-Jusuf Kalla sudah bersinergi dengan baik Begitu juga yang diharapkan rakyat dengan Jokowi - Amin #PemimpinAdemDamai #01JokowiLagi","1078790992021532672","","","in","","0","0","0","https://x.com/undefined/status/1078790992021532672","1050735574607224832",
"1078790978280931328","Fri Dec 28 23:13:06 +0000 2018","0","Sembilan Pejabat Riau yang Dukung Jokowi tak Bersalah-https://t.co/MBef3bw1Te","1078790978280931328","","","in","","0","0","0","https://x.com/undefined/status/1078790978280931328","100632932",
"1078790926359769088","Fri Dec 28 23:12:54 +0000 2018","0","Perintahkan Ojol Promosikan Jokowi Menhub Budi Karya Akan Dilaporkan ke Bawaslu - https://t.co/GyqXSC5OPK","1078790926359769088","","","in","","0","0","0","https://x.com/undefined/status/1078790926359769088","1058064484667801602",
"1078790911553875968","Fri Dec 28 23:12:50 +0000 2018","0","Massa riuh sambut Prabowo di Masjid Alfatah Ambon https://t.co/c8uILRZc0K","1078790911553875968","","","in","","0","0","0","https://x.com/undefined/status/1078790911553875968","929529413779079169",
"1078641337119911938","Fri Dec 28 23:12:49 +0000 2018","0","@fatih_bintoro @Ferdinand_Haean @jokowi Kamu blg sia² ?? Coba kamu sebutkan apa yg dibangun zaman Jkw dr 0% hingga 100% ??","1078790907141357568","","fatih_bintoro","in","","0","0","0","https://x.com/undefined/status/1078790907141357568","1047650069795627009",
"1078717283084562434","Fri Dec 28 23:12:48 +0000 2018","0","@nyonyabalok @Koteka_Sakti @jokowi @prabowo Gw juga liat begitu Semua fokus menang... Kasihan","1078790902477246464","","miatunggawijaya","in","","0","1","0","https://x.com/undefined/status/1078790902477246464","868706630480797697",
"1078790886362763264","Fri Dec 28 23:12:44 +0000 2018","0","Presiden Jokowi Dibisiki Menko Darmin Pertumbuhan Ekonomi 2018 Sebesar 5 17% https://t.co/fW5FP0naUo lewat @okezonenews","1078790886362763264","","","in","","0","0","0","https://x.com/undefined/status/1078790886362763264","1077422169460625409",
"1078790886094299136","Fri Dec 28 23:12:44 +0000 2018","0"," Kebetulan waktu saya dipilih Pak Jokowi sebagai calon wakil presiden saya tanya beliau Pak Jokawi apa saya harus ganti kostum? Hadirin kembali terbahak mendegar Kyai Ma ruf #JelasIslamnya","1078790886094299136","","","in","","1","0","0","https://x.com/undefined/status/1078790886094299136","1071124608927952896",
"1078600944395243520","Fri Dec 28 23:12:42 +0000 2018","1","@adv_supyadi @jokowi Kamu sendiri sebagai sesama manusia udah bantu apa mas ?","1078790876321607681","","adv_supyadi","in","","0","2","1","https://x.com/undefined/status/1078790876321607681","229068209",
"1078563778407608320","Fri Dec 28 23:12:03 +0000 2018","0","@mpuanon @AkunTofa @prabowo Sebenarnya gak bingung... Cuman mencocokkan antara kata @prabowo dimasa lalu dg perbuatan dimasa selanjutnya... Kalo tidak konsisten ya jadi rame dong... Jejak digital memang kejam...","1078790712437530624","","mpuanon","in","","0","0","0","https://x.com/undefined/status/1078790712437530624","879996386",
"1078486567008628736","Fri Dec 28 23:12:03 +0000 2018","0","@jokowi Orang ni waras?","1078790712261599233","","jokowi","in","","0","1","0","https://x.com/undefined/status/1078790712261599233","933397797889499136",
"1078790709765844992","Fri Dec 28 23:12:02 +0000 2018","206"," Tak hanya akses untuk kendaraan bermotor Jokowi juga membangun belasan bandara baru. Sejak 2014 hingga 2019 Jokowi-JK merencanakan adanya 15 bandara baru. Bukti Kerja Jokowi #JokowiOrangBaik #JokowiMembangunIndonesia #01JokowiLagi #01JokowiAmin https://t.co/NyYo91fPNg","1078790709765844992","","","in","","8","13","98","https://x.com/undefined/status/1078790709765844992","743505426898030592",
"1078571297473327106","Fri Dec 28 23:12:01 +0000 2018","0","@fahmiyayan @sandiuno @prabowo Pretss","1078790702245371904","","fahmiyayan","es","","0","0","0","https://x.com/undefined/status/1078790702245371904","1070348722683277312",
"1078790700714450944","Fri Dec 28 23:12:00 +0000 2018","0","Pak @jokowi mengingatkan seluruh rakyat agar menjaga etika dan tata krama dalam media sosial sehingga tidak ada fitnah hoaks dan rekayasa gambar jadi serangan negatif #PemimpinAdemDamai","1078790700714450944","","","in","","0","0","0","https://x.com/undefined/status/1078790700714450944","2229562567",
"1078790052988084225","Fri Dec 28 23:11:56 +0000 2018","0","@eliya_mkom @prabowo @sandiuno Insya Allah masyarakat yang sudah sadar dalam diri nya punya slogan PETAHANA KALAH","1078790681718489088","","eliya_mkom","in","","0","0","0","https://x.com/undefined/status/1078790681718489088","744018672411377664",
"1078790669370617856","Fri Dec 28 23:11:53 +0000 2018","0","Penolakan berita HOAX dan dukung pemilu damai 2019 oleh HASAN warga Desa Gowa Gowa Kecamatan Ra'as https://t.co/3OBrRWZUXF","1078790669370617856","https://pbs.twimg.com/ext_tw_video_thumb/1078790441384853504/pu/img/iYUuOZUkcNAQoehb.jpg","","in","","0","0","0","https://x.com/undefined/status/1078790669370617856","1024560348513296384",
"1078486567008628736","Fri Dec 28 23:11:48 +0000 2018","0","@jokowi tarif tol mahal pak malah nambah biaya distribusi. vendor trucking saya malah baru saja menaikkan biaya sewa gara2 kenaikan tarif tol. Oh ya pak tol becakayu dan tol priok sepi peminat tuh krn pendek tapi mahal.","1078790648822673410","","jokowi","in","","0","0","0","https://x.com/undefined/status/1078790648822673410","22114999",
"1078790623652540416","Fri Dec 28 23:11:42 +0000 2018","0","Pak @jokowi menanggapi santai adanya fitnah keji yang dialamatkan ke @KHMarufAmin_ beliau berharap aparat kepolisian menindak tegas penyebar fitnah dan hoaks #PemimpinAdemDamai","1078790623652540416","","","in","","0","0","0","https://x.com/undefined/status/1078790623652540416","2229562567",
"1078785154544332800","Fri Dec 28 23:11:40 +0000 2018","0","@Valkyreism gimana nih pak @jokowi dan @KemensosRI ??","1078790614701858816","","Valkyreism","in","","0","0","0","https://x.com/undefined/status/1078790614701858816","602593737",
"1078790545613324288","Fri Dec 28 23:11:23 +0000 2018","0","Pak @jokowi selalu sabar dan tegar menghadapi fitnah dan hoaks termasuk yang menimpa @KHMarufAmin #PemimpinAdemDamai","1078790545613324288","","","in","","0","0","0","https://x.com/undefined/status/1078790545613324288","2229562567",
"1078685480546459648","Fri Dec 28 23:11:22 +0000 2018","0","@detikcom @jokowi Sepertinya suvei mengkhawatirken atau stagnan ","1078790538948530176","","detikcom","in","","0","0","0","https://x.com/undefined/status/1078790538948530176","1009450991316422656",
"1078649146049912833","Fri Dec 28 23:11:21 +0000 2018","2","@sitiA98006455 @prabowo @jmtransindo Keknya yg dongkol tuh cebi melihat antusiasme masyarakat disana menyambut kehadiran beliau.. Makanya nyinyir buat nutupin rasa gundah..","1078790538394910720","","sitiA98006455","in","","0","3","0","https://x.com/undefined/status/1078790538394910720","1031423115790671872",
"1078477004838555649","Fri Dec 28 23:11:20 +0000 2018","1","@_adityaiskandar @BangJalang Fitnah2 editan macem ini justru makin mempercepat ambrolnya elektabilitas petahana terutama dari umat Nasrani yg berubah jd simpati ke @prabowo mereka jd sadar selama ini dibohongi/diperalat.. Rakyat tdk bodoh #2019GantiPresiden #2019PrabowoPresiden","1078790533638774785","","_adityaiskandar","in","","0","0","0","https://x.com/undefined/status/1078790533638774785","153796911",
"1078790521592655873","Fri Dec 28 23:11:17 +0000 2018","3","Hai semua kampreter Inilah penjelasan pk anis Terhadap pk jokowi Simak baek baek ","1078790521592655873","","","in","","0","0","0","https://x.com/undefined/status/1078790521592655873","1066254051275231233",
"1078782936680300544","Fri Dec 28 23:11:16 +0000 2018","0","@EndraCahyo1 @prabowo Kejang beneran tuh boneka ijonya... wkwkkwkw","1078790516727197697","","EndraCahyo1","in","","0","0","0","https://x.com/undefined/status/1078790516727197697","86018553",
"1078486567008628736","Fri Dec 28 23:11:07 +0000 2018","0","@jokowi rakyat butuh jalan yg gratis pak.....jalan desa jln kabupaten jaln provinsi jembatan..sll","1078790479699894272","","jokowi","in","","0","0","0","https://x.com/undefined/status/1078790479699894272","1062959402301317120",
"1078790479146352642","Fri Dec 28 23:11:07 +0000 2018","0","Topik soal elektabilitas menjadi salah satu bahasan saat @jokowi makan siang di kediaman @KHMarufAmin_ dan hasilnya menggembirakan optimis #01JokowiLagi menang #PemimpinAdemDamai","1078790479146352642","","","in","","0","0","0","https://x.com/undefined/status/1078790479146352642","2229562567",
"1078790474138177536","Fri Dec 28 23:11:06 +0000 2018","0","@jokowi jrenggggggg https://t.co/Lx6VhraaJC","1078790474138177536","https://pbs.twimg.com/media/DviiN26UUAAx7GR.jpg","jokowi","in","","0","0","0","https://x.com/undefined/status/1078790474138177536","1075602531202396160",
"1078487635063001088","Fri Dec 28 23:11:02 +0000 2018","0","@IrHMFaqih Jokowi banyak memulai pekerjaan yg aekarang belum selesai beri dia 1 kesempatan agar apa yg dia mulai bisa tuntas tas tas","1078790457654571008","","IrHMFaqih","in","","0","0","0","https://x.com/undefined/status/1078790457654571008","572113468",
"1078486567008628736","Fri Dec 28 23:10:58 +0000 2018","0","@jokowi Semoga pencitraanmu akan terjawab april 2019 oleh rakyatmu.....sendiri......","1078790441288359937","","jokowi","in","","0","0","0","https://x.com/undefined/status/1078790441288359937","918366832125288448",
"1078790412641288192","Fri Dec 28 23:10:51 +0000 2018","0","Pak @jokowi yakin betul dan percaya penuh kehadiran @KHMarufAmin_ bisa mendongkrak elektabilitas di Pilpres 2019 #PemimpinAdemDamai","1078790412641288192","","","in","","0","0","0","https://x.com/undefined/status/1078790412641288192","2229562567",
"1078790359562551297","Fri Dec 28 23:10:39 +0000 2018","0","Setelah Debat Pertama Timses Prabowo Optimis Ungguli Elektabilitas Jokowi https://t.co/3CrtABMaCq","1078790359562551297","","","in","","0","0","0","https://x.com/undefined/status/1078790359562551297","846715204637376513",
"1078790333889007616","Fri Dec 28 23:10:33 +0000 2018","0","Kalau adem seperti ini kan semua jadi senang... sehat dan sukses selalu buat pak @prabowo","1078790333889007616","","","in","","0","0","0","https://x.com/undefined/status/1078790333889007616","768523404",
"1078785266834333697","Fri Dec 28 23:10:33 +0000 2018","0","@yarham02 @prabowo Emang kasian mas Mul. Cukup lah kita skr fokus ... #TahunBaruPresidenBaru #TahunBaruPresidenBaru #TahunBaruPresidenBaru #TahunBaruPresidenBaru #TahunBaruPresidenBaru #TahunBaruPresidenBaru #TahunBaruPresidenBaru #TahunBaruPresidenBaru #TahunBaruPresidenBaru","1078790333029216257","","yarham02","in","","0","1","0","https://x.com/undefined/status/1078790333029216257","246642608",
"1078693861612957696","Fri Dec 28 23:10:32 +0000 2018","1","@sugi_0706 @chicohakim Yups.... kalo jokowi emang mo punya backup tokoh islam.... Jangan tanggung2 ! Tapi ulama yg kayak gini...mana mau di suruh acting sinetron...? Wkwkwkwk.....","1078790331435347968","","sugi_0706","in","","0","0","0","https://x.com/undefined/status/1078790331435347968","3467034860",
"1078790311793414144","Fri Dec 28 23:10:27 +0000 2018","0","Pemimpin yang baik itu menjaga kepercayaan teman seiring dalam berjuang Pak @jokowi menaruh kepercayaan penuh kepada @KHMarufAmin_ bisa segera mendongkrak elektabilitas #PemimpinAdemDamai","1078790311793414144","","","in","","0","0","0","https://x.com/undefined/status/1078790311793414144","2229562567",
"1078790301270052875","Fri Dec 28 23:10:25 +0000 2018","0"," Capres Raja Hoax beraksi halalkan segala cara demi ambisi #PanwasMakanGajiButa https://t.co/6dSrrjdwFA","1078790301270052875","","","in","","0","0","0","https://x.com/undefined/status/1078790301270052875","1345651202",
"1078295898671575041","Fri Dec 28 23:10:23 +0000 2018","0","@EDitektif @Fahrihamzah @khalid_abdkha @prabowo @sandiuno Jununganmu jdi lo bkl menyesal seumur hidup orba bangkit gi pemilihan gubernur dll sbginya lewat dpr.","1078790293636317184","","EDitektif","in","","0","1","0","https://x.com/undefined/status/1078790293636317184","944171201106034688",
"1078602754132566016","Fri Dec 28 23:10:17 +0000 2018","0","@BamsBulaksumur @jokowi Presiden itu merenung bagaimana mitigasi bencana. Ada follow up. Bukan hanya pencitraan","1078790269238169600","","","in","","0","0","0","https://x.com/undefined/status/1078790269238169600","2942800526",
"1078790258500677632","Fri Dec 28 23:10:15 +0000 2018","0","@null 7 Panelis Debat Capres Pertama Mantan Ketua MA hingga Bambang Widjojanto KPU me https://t.co/NC89ZI48SP","1078790258500677632","","null","in","","0","0","0","https://x.com/undefined/status/1078790258500677632","205533274",
"1078645485999599618","Fri Dec 28 23:10:14 +0000 2018","0","@prabowo Aamiin ya rabbal alamin #TahunBaruPresidenBaru #TahunBaruPresidenBaru","1078790253886853122","","prabowo","in","","0","0","0","https://x.com/undefined/status/1078790253886853122","1881893144",
"1078790247222132737","Fri Dec 28 23:10:12 +0000 2018","0","Ketegasan Jokowi sudah terbukti dalam banyak hal Mulai dari soal Palestina hingga Freeport Kegalakan sebelah juga sudah terbukti dalam banyak hal Hayo apa saja? #PemimpinAdemDamai","1078790247222132737","","","in","","0","0","0","https://x.com/undefined/status/1078790247222132737","2229562567",
"1077776699096367105","Fri Dec 28 23:10:12 +0000 2018","0","@Dahnilanzar @didihariyadi @prabowo @sandiuno https://t.co/qf3utz5Qvg","1078790246949621760","https://pbs.twimg.com/media/DviiAsGU0AEUHMt.jpg","Dahnilanzar","qme","","0","0","0","https://x.com/undefined/status/1078790246949621760","944566325849944065",
"1078658146460028928","Fri Dec 28 23:10:09 +0000 2018","0","@traditionaldoct @prabowo Kita harus Optimis #2019PRABOWOSANDIMENANG kubu sebelah lagi panik.&amp; stres krn akuntabilitas nya makin nyungsep saking panik nya Sama bersatunya ummat islam yg mendukung #2019PrabowoSandi jadi imam sholat trus menghadap kamera bulannya menghadap kiblat. Mari kita optimis .","1078790233385287680","","traditionaldoct","in","","0","1","0","https://x.com/undefined/status/1078790233385287680","1062893054665707521",
"1078790205530812417","Fri Dec 28 23:10:02 +0000 2018","0","Jokowi: Buat Meme yang Lucu dan Kreatif Saja https://t.co/x9mMI7XNZQ","1078790205530812417","","","in","","0","0","0","https://x.com/undefined/status/1078790205530812417","351509293",
"1078616764940873728","Fri Dec 28 23:10:01 +0000 2018","1","@SBYudhoyono Pak Said Didu upload &amp; komentarnya sering menyudutkan dan menyalahkan Pemerintahan Jokowi JK padahal dia diangkat jadi komisaris BUMN oleh Pemerintahan Jokowi - JK. Kata orang makan dan berak ditempat yang sama. Nggak fairlah. Kalau mau meng kritik ya dr luar.","1078790200493568000","","SBYudhoyono","in","","0","0","1","https://x.com/undefined/status/1078790200493568000","1048785523001647104",
"1078585970050555904","Fri Dec 28 23:10:00 +0000 2018","0","@Anastymedan @MegaSimarmata @prabowo @Gerindra Wihh entar ente di semprot @NgabalinAli ente rakyat yg mana kok gak percaya?? Kkkkk","1078790195737055232","","Anastymedan","in","","0","1","0","https://x.com/undefined/status/1078790195737055232","1032480221906137089",
"1078790178100006913","Fri Dec 28 23:09:56 +0000 2018","0","mudahnya? jadi saat masuk ke TPS cukup discan aja ktpnya klo ktp tersebut sudh dipake di tps lain akan ketauan karna ituu sdh ngelink keselurh indonesia jadi tidak ada lagi yang namanya double suara. dgn catatan org tsb tdk punya ktp 2 @sandiuno @prabowo @KPU_ID","1078790178100006913","","","in","","0","0","0","https://x.com/undefined/status/1078790178100006913","80853252",
"1078600944395243520","Fri Dec 28 23:09:43 +0000 2018","1","@adv_supyadi @jokowi begini nih kalau otak dan hati penuh belatung...hobbynya suudzon...astaghfirulloh....","1078790123465003009","","adv_supyadi","in","","0","1","0","https://x.com/undefined/status/1078790123465003009","1069521509738143744",
"1078649146049912833","Fri Dec 28 23:09:35 +0000 2018","0","@prabowo Semoga BAPA sllu sehat :TERUS maju PAK!!!","1078790090208333825","","prabowo","in","","0","0","0","https://x.com/undefined/status/1078790090208333825","1077510315695206400",
"1078563321547173888","Fri Dec 28 23:09:25 +0000 2018","0","@kopral_jon00 @rangtalu73 @datuakmangkuto @ind_prasasti @eliya_mkom @Leak2342 @MbahUyok @divapijar72 @panca66 @abu_waras @Dahnilanzar @AkunTofa @macan_uTara @CebongParno @EAndesla Yg penting dari segala hidup dia gak ada yg gagal .. Walikota 2x gub 1 x . Langsung buat prabowo sujud kan ... Lagian bukti apa lagi udah 3 x dia gagal artinya mayoritas rakyat gak suka dia","1078790047992819715","","kopral_jonooo","in","","0","2","0","https://x.com/undefined/status/1078790047992819715","951397410512683008",
"1077419721656422401","Fri Dec 28 23:09:22 +0000 2018","0","@AT_AbdillahToha @NugrohoAdul Saya sangat kebayang sekali pa @AT_AbdillahToha kalo pak @prabowo menang insya alloh indonesia akan lebih baik dan akan punya martabat. Hampir saya tertipu dengan video ini karena tidak ada suaranya. Tapi setelah saya cari videonya insya alloh @prabowo menang. Amiiiiin...","1078790035669803008","","AT_AbdillahToha","in","","0","0","0","https://x.com/undefined/status/1078790035669803008","266452152",
"1078663447389167616","Fri Dec 28 23:09:20 +0000 2018","0","@fadlizon @tvparlemen Ketua DPR dn wakil DPR sama sama punya misih jadi kaki tangan downal trum. Jokowi ambil ali Freepoot anerika gamok semua angota DPR unujuk gigi busuk. Kala DOWNAL TRUM sama angota DPR Amerika kirim pasukan kusus ku ustralia dn mendukung kolompok kkb Prabowo inga perna protes tu","1078790029365993474","","fadlizon","in","","0","0","0","https://x.com/undefined/status/1078790029365993474","1078781048601759744",
"1078537654382161920","Fri Dec 28 23:09:20 +0000 2018","1","@elangbc @prabowo @sandiuno Walaupun ga ada Duiiiittnya .....Masyarakat berebutan salaman sama Capres 2019 -2024...","1078790026937303040","","elangbc","in","","0","0","0","https://x.com/undefined/status/1078790026937303040","2500332230",
"1078790014962749441","Fri Dec 28 23:09:17 +0000 2018","0","Masyarakat butuh pemimpin seperti Jokowi Orasi tak perlu panjang lebar sambil gebrak-gebrak meja yang penting berbuat #PemimpinAdemDamai","1078790014962749441","","","in","","0","0","0","https://x.com/undefined/status/1078790014962749441","2229562567",
"1078585970050555904","Fri Dec 28 23:09:07 +0000 2018","0","@MegaSimarmata @DonAdam08 @prabowo @Gerindra Yah ngapain di uji coba... anak sd pun ngerti itu maj","1078789975133442049","","MegaSimarmata","in","","0","0","0","https://x.com/undefined/status/1078789975133442049","1032480221906137089",
"1078645961692393474","Fri Dec 28 23:08:55 +0000 2018","1","@EDitektif @laskar_minang @prabowo @jokowi #2019GantiPresiden #2019GantiPresiden #2019GantiPresiden Hati projo dah menghilang waspada serangan dunia nyata. Kawal terus saudara tetangga teman dan lingkungan.","1078789923031928833","","EDitektif","in","","0","2","0","https://x.com/undefined/status/1078789923031928833","1048347746640396288",
"1078577199534329857","Fri Dec 28 23:08:49 +0000 2018","0","@aburasyid13 @fadlizon @prabowo Apa hubungannya BPJS sama pelayanan publik yang lain nya..??? Ko segala di sangkut pautkan kesitu sh... Kasihan masyarakat kecil seperti saya","1078789898918756352","","aburasyid13","in","","0","0","0","https://x.com/undefined/status/1078789898918756352","1067788188226211840",
"1078789864181555201","Fri Dec 28 23:08:41 +0000 2018","0","(Liputan 6 | Gerard Pique Berencana Calonkan Diri Jadi Presiden Barcelona) https://t.co/cQP6pJ1zGL #pemilu #pemilu2019","1078789864181555201","","","in","","0","0","0","https://x.com/undefined/status/1078789864181555201","968428811107819521",
"1078486567008628736","Fri Dec 28 23:08:34 +0000 2018","0","@jokowi Trmks bpk Suharto bpk Sby Bpk Jokowi ini prestasi bersama ","1078789834750201856","","jokowi","in","","0","0","0","https://x.com/undefined/status/1078789834750201856","1071227775283908608",
"1078789785500569600","Fri Dec 28 23:08:22 +0000 2018","0","kerennn nihhh Pak Basukislalu salut dgn kinerja beliau bersama Pak @jokowi Indonesia bangga memiliki kalian Pak! *Salam hormat","1078789785500569600","","","in","","0","0","0","https://x.com/undefined/status/1078789785500569600","254519003",
"1077886304870780929","Fri Dec 28 23:08:14 +0000 2018","0","@sandiuno @prabowo Insfrastruktur kan hnya buat orang kota pak....wkkk....","1078789752525021185","","sandiuno","in","","0","0","0","https://x.com/undefined/status/1078789752525021185","1043405762708398081",
"1078789752399134720","Fri Dec 28 23:08:14 +0000 2018","9","Kubu Prabowo Klaim Temukan 5 Juta DPT Ganda di Jawa Timur https://t.co/SE8ZQaiYoH","1078789752399134720","","","in","","1","10","5","https://x.com/undefined/status/1078789752399134720","17128975",
"1078789750952157184","Fri Dec 28 23:08:14 +0000 2018","1","Hampir di setiap daerah penyambutan masyarakat pada capres cawapres 02 begitu masiv. Masih mau percaya pada survei bayaran yg berseliweran di media² mainstream..!?","1078789750952157184","","","in","","0","1","0","https://x.com/undefined/status/1078789750952157184","719868425284268032",
"1078789742987235329","Fri Dec 28 23:08:12 +0000 2018","0","Pada 2009 Prabowo jadi Wakil Megawati Tak Ada Isu HAM tapi Ketika Prabowo Maju Sebagai Capres Isu HAM Selalu Dihembuskan Setiap 5 Tahun.Bong Rakyat Sdh Bosan dgn Isu Murahan ini #2019GantiPresiden Sandiaga Siap Bantu Prabowo Jawab Isu Pelanggaran HAM https://t.co/ucKByWlUjd","1078789742987235329","","","in","","0","0","1","https://x.com/undefined/status/1078789742987235329","1058064484667801602",
"1078615848065982465","Fri Dec 28 23:07:58 +0000 2018","0","@sandiuno @prabowo Ngomong aja pandai kamu...prestasi gak ada.ok oce terbengkalai..","1078789685705531392","","sandiuno","in","","0","0","0","https://x.com/undefined/status/1078789685705531392","1071262857868636160",
"1078592660149948417","Fri Dec 28 23:07:45 +0000 2018","0","@feriyati88 @RRabrusun @Vife991 @Angelyca_Nayoan @prabowo @sandiuno @CintaNKRI12 @1ndonesiaku1 @arlex_wu @Astuty64 @tehtjemplung @Ferdinand_Haean @AlhamidIchal @hp_arel @NataliusPigai2 Terus klu Natalius ingin jadi Gubernur krn panggilan hatinya utk Papua yg lebih baik mmgnya kenapa &amp; kenapa pula salah klu dia minta dukungan dr orang yg baik juga","1078789629900255232","","8_FERRY_8","in","","0","1","0","https://x.com/undefined/status/1078789629900255232","818992126629285888",
"1078637914194472961","Fri Dec 28 23:07:44 +0000 2018","0","@Ferdinand_Haean Malahan ini kujungan @prabowo Di kampungku hahaaaaa smoga kmu puasssss @Ferdinand_Haean Hahaaaaaa https://t.co/WHUFiyLtQZ","1078789628130279424","https://pbs.twimg.com/media/DvihcS_UUAAGYfu.jpg","Ferdinand_Haean","in","","0","0","0","https://x.com/undefined/status/1078789628130279424","931123309206388736",
"1078789625521541121","Fri Dec 28 23:07:44 +0000 2018","0","pasti gegara pemerintahannya pakde jokowi.. pokoknya sukses terus untuk pakde @jokowi mantap 2 periode #JelasIslamnya #JokowiOrangBaik","1078789625521541121","","","in","","0","0","0","https://x.com/undefined/status/1078789625521541121","1071106362258538496",
"1078789625005535232","Fri Dec 28 23:07:44 +0000 2018","0","Saranku jgn pernah pilih jokowi jdi president jika pernh merasakan kebanjiran tapi kalau yg gk pernh mrasakan kebanjiran lantak situ","1078789625005535232","","","in","","0","0","0","https://x.com/undefined/status/1078789625005535232","133007347",
"1078524022873178112","Fri Dec 28 23:07:40 +0000 2018","1","@UFit24 @putrabanten80 @asepinteristi99 @prabowo Wuih 3triliun termasuk kampret bedes wedos","1078789609385906176","","","in","","0","0","1","https://x.com/undefined/status/1078789609385906176","1656938293",
"1078649146049912833","Fri Dec 28 23:07:32 +0000 2018","0","@prabowo Kapan ke banjarmasin jendral","1078789577597485058","","prabowo","in","","0","0","0","https://x.com/undefined/status/1078789577597485058","1040254027076751360",
"1078789565589217282","Fri Dec 28 23:07:30 +0000 2018","0","Setelah Debat Pertama Timses Prabowo Optimis Ungguli Elektabilitas Jokowi https://t.co/7C3XQ1KaFz","1078789565589217282","","","in","","0","0","0","https://x.com/undefined/status/1078789565589217282","78596326",
"1078789560711012352","Fri Dec 28 23:07:28 +0000 2018","0","Tetangga Jokowi Tawarkan Rumahnya jadi Posko Pemenangan Prabowo-Sandi @islampos https://t.co/pB5qUJ3MV4","1078789560711012352","","","in","","0","0","0","https://x.com/undefined/status/1078789560711012352","823568201531281409",
"1078789495850323968","Fri Dec 28 23:07:13 +0000 2018","2","Yg tdk pilih pak @jokowi = pro khilafah anti NKRI gak Pancasila. Pak Jokowi isu yg dikembangkan pendukung anda sangat blunder. @kangdede78 @hariadhi @Takviri @kurawa @idetopia @sahaL_AS @wakilgubernurKW @Dennysiregar7 @Herrreza @lusiHQ @faizalassegaf @AntoniRaja https://t.co/Yy4BnATFHg","1078789495850323968","https://pbs.twimg.com/media/DvihTVzUcAAyFrh.jpg","","in","","0","0","3","https://x.com/undefined/status/1078789495850323968","216301495",
"1078789495158235136","Fri Dec 28 23:07:13 +0000 2018","0","Yenny Wahid: Jokowi Tegas dan Berani Terima kasih @yennywahid https://t.co/Ijbovzz6bS","1078789495158235136","","","in","","0","0","0","https://x.com/undefined/status/1078789495158235136","58138040",
"1078789491056435203","Fri Dec 28 23:07:12 +0000 2018","0","PENGHILANG STRES ! Sederet Cuitan Politik Keseleo Prabowo Kampret Kumpul Sini Inilah Beberapa Cuitan Lucu... https://t.co/98ZTYVDOGE","1078789491056435203","","","in","","0","0","0","https://x.com/undefined/status/1078789491056435203","719576507148935168",
"1078789462484643840","Fri Dec 28 23:07:05 +0000 2018","1","Ditengah pidato konser slank pun diteriaki Hidup Prabowo . #TahunBaruPresidenBaru https://t.co/aqsYDwGSco","1078789462484643840","https://pbs.twimg.com/ext_tw_video_thumb/1078789338400354304/pu/img/Ym8mfqJywTy6XBA3.jpg","","in","","0","0","0","https://x.com/undefined/status/1078789462484643840","1043194299335102465",
"1078785266834333697","Fri Dec 28 23:06:52 +0000 2018","0","@Bagusalghazali @prabowo Itu jg yg ada dipikiran ane sesuatu yg slh kl terus diucapkan benar bsa jadi berbalik menjadi suatu kebenaran ato minimal remang2. Tp kan afirmasi yg dilkkan jg mestinya by data ato minimal logislah. Msl dokumentasi antusiasme warga pd setiap kunjungan tiap kunjungan jg sepi.","1078789406847307778","","alghazali_bg","in","","0","1","0","https://x.com/undefined/status/1078789406847307778","307789422",
"1078587357362700289","Fri Dec 28 23:06:47 +0000 2018","0","@FandhuW89 @ndoro__Putri @prabowo @sandiuno Allahu Akbar...","1078789387553406978","","FandhuW89","in","","0","0","0","https://x.com/undefined/status/1078789387553406978","1072006847194816514",
"1078569034893844480","Fri Dec 28 23:06:44 +0000 2018","0","@mytasyamaharani @CasanovaYpcss @KaswanMaulana1 @iskandar__fauzi 2019thn yg baru 2019tetap jokowi ","1078789376350375936","","mytasyamaharani","in","","0","1","0","https://x.com/undefined/status/1078789376350375936","1066254051275231233",
"1078789374521888769","Fri Dec 28 23:06:44 +0000 2018","0","I added a video to a @YouTube playlist https://t.co/98ZTYVDOGE PENGHILANG STRES ! Sederet Cuitan Politik Keseleo Prabowo Kampret","1078789374521888769","","","in","","0","0","0","https://x.com/undefined/status/1078789374521888769","719576507148935168",
"1078789367177535488","Fri Dec 28 23:06:42 +0000 2018","0","I added a video to a @YouTube playlist https://t.co/98ZTYVVpyc PENGHILANG STRES ! Sederet Cuitan Politik Keseleo Prabowo Kampret","1078789367177535488","","","in","","0","0","0","https://x.com/undefined/status/1078789367177535488","719576507148935168",
"1078615342211948545","Fri Dec 28 23:06:42 +0000 2018","0","@SBYudhoyono Jokowi gituloh presiden nya Yg lain lewat ","1078789367122939904","","SBYudhoyono","in","","0","0","0","https://x.com/undefined/status/1078789367122939904","1075015676559945728",
"1078664599082160128","Fri Dec 28 23:06:26 +0000 2018","2","@ronavioleta Knp sih gak pake tokoh sendiri ya...Kyai Maruf Amin dukung Jokowi gitu...pasti didiemin...paling banter kita tepok jidad doang...","1078789299187916800","","ronavioleta","in","","0","1","0","https://x.com/undefined/status/1078789299187916800","1030123313773740032",
"1077952676044759040","Fri Dec 28 23:06:26 +0000 2018","0","@ketelawungu @Ganri_Jatnika @P3nj3l4j4h @jokowi Biasa itu rampoklah rmh tetanggamu yg sedang terbakar agar tdk menimbulkan kegaduhan system V.","1078789298898399232","","ketelawungu","in","","0","1","0","https://x.com/undefined/status/1078789298898399232","1009199625650126848",
"1078789285808087042","Fri Dec 28 23:06:23 +0000 2018","0","Selaamat pagii pa @prabowo ... Hmpir faifyesego tlah berlalu. Dan hati ku ga akan prnh berpaling darimu... Aku ingin indonesiaku mnjadi negara yg hebat seperti dirimu .. InsyaAllah 2019 indinesiaku akan mnjdi negara yg sangat adil dan makmur.. Ya Allah selamatkan INDONESIAKU.. https://t.co/eXMFakz64V","1078789285808087042","https://pbs.twimg.com/media/DvihHrTVYAImUBZ.jpg","","in","","0","1","0","https://x.com/undefined/status/1078789285808087042","3899596638",
"1078789285073932288","Fri Dec 28 23:06:23 +0000 2018","0","#01JokowiLagi bersama @jokowi membangun negeri","1078789285073932288","","","in","","0","0","0","https://x.com/undefined/status/1078789285073932288","1073427629041102848",
"1078669186497269760","Fri Dec 28 23:06:10 +0000 2018","0","@GunRomli @prabowo @sandiuno @PBIDI @KemenkesRI Elu juga suka jualan sara. Pura2 lupa.","1078789232779501568","","GunRomli","in","","0","0","0","https://x.com/undefined/status/1078789232779501568","2942800526",
"1078307153264369664","Fri Dec 28 23:06:07 +0000 2018","0","@RenataSyarif @P3nj3l4j4h @jokowi @tribunjabar Lah kita negara berdaulat....apa yg harus ditakuti","1078789218522914816","","RenataSyarif","in","","0","0","0","https://x.com/undefined/status/1078789218522914816","1077723312854167552",
"1078789208947359744","Fri Dec 28 23:06:05 +0000 2018","0","Pemilu damai ditentukan oleh pemimpin yang damai Masih mau dengan yang hanya pinter marah-marah? #PemimpinAdemDamai","1078789208947359744","","","in","","0","0","0","https://x.com/undefined/status/1078789208947359744","2229562567",
"1078486567008628736","Fri Dec 28 23:05:55 +0000 2018","0","@nurzain @jokowi Indonesia itu bukan hanya pulau jawa. Lihat kalimantan sulawesi papua. Yg dibangga2kan untuk ekspor bukan di kota pak. Di kampung lho...orng kampung jarang ke kota.","1078789167767740416","","nurzain","in","","0","0","0","https://x.com/undefined/status/1078789167767740416","1059122504067821568",
"1078700242638233600","Fri Dec 28 23:05:53 +0000 2018","0","@RajaPurwa Jokowi Lebih pantas menjadi seorang Aktor ketimbang seorang Presiden. https://t.co/LduJsXHTrM","1078789162789007360","https://pbs.twimg.com/media/Dvig-5bU0AAd_5o.jpg","RajaPurwa","in","","1","0","0","https://x.com/undefined/status/1078789162789007360","1031955342165307392",
"1078486567008628736","Fri Dec 28 23:05:51 +0000 2018","0","@jokowi Hebat pak de","1078789153569951744","","jokowi","in","","0","0","0","https://x.com/undefined/status/1078789153569951744","563588502",
"922488315248439296","Fri Dec 28 23:05:50 +0000 2018","0","@andijkts @stefan_ivanov_ @_SEKNAS_RI @ulysses_ferrel @LambangDC5 @LebahBorneo @Suka_kopi @WetanKi @SuryoUdoro @Cobra0312 @212ThePowerOff1 @juventini_3rwin @paquitacumadebu @nissaLoveAllah @vintenas @0d5e359a58f4437 @JhrPujianto @JokSusi2019 @majisyafii @YCH7168 @tirta_helena @KPakdhe @Namaku_Mei @KoRnHurry @Anak_Perantau_ @Ardhie_9179 @enny_fadjri @Pujanarto @gunwbisono @endrabanyu @al_nghothot @INTAN37866162 @feradiana_a @jnnewrw @CetakBalikpapan @carina_niken @harimaumacannnn @pr1841788 @filbertstwn @baleteros @PecanduSore @TjahjadiJudono @AhmadMulkan9 @Hectorhecko @Nanaa_rosaa @Neng_Geli @gojek_dps @kejO_Online @Boeing @prabowo Iya bang","1078789149161852933","","andijkts","in","","0","0","0","https://x.com/undefined/status/1078789149161852933","1048726856344764417",
"1077917444360921088","Fri Dec 28 23:05:50 +0000 2018","0","@putraj919 @so_chen @NoresSnors @kangyudis_ @safrudi53158735 @unilubis @prabowo Ya TAK BISA melarang masukkan unsur2 syariah ke uu ASALKAN: - Bukan niat pelan2 rubah dasar negara jd negara agama - Tak jd alat yg langsung / tdk langsung kepd non muslim utk menekan mrk / mereduksi hak2 mrk - dst Tak bisa dilarang bukan berarti HARUS disetujui/tak bs dilawan","1078789148029247488","","putraj919","in","","0","0","0","https://x.com/undefined/status/1078789148029247488","2574521588",
"1078789128228093952","Fri Dec 28 23:05:45 +0000 2018","0","@prabowo salam PAS","1078789128228093952","","prabowo","in","","0","0","0","https://x.com/undefined/status/1078789128228093952","1069604726252027904",
"1078693157804552193","Fri Dec 28 23:05:41 +0000 2018","4","@ferrykoto @Dahnilanzar Ini menegaskan janji jkw yg tak bisa dia realisasikan. Doakan saja lah bisa bro!! Jkw udah gak bisa prabowo sandi melihat dan berniat membuatnya bisa kenapa dng pemikiran anda?!","1078789111043915781","","ferrykoto","in","","0","0","0","https://x.com/undefined/status/1078789111043915781","1028323365986041856",
"1078789095818579968","Fri Dec 28 23:05:38 +0000 2018","0","Tetap saja namanya Ingkar Janji Janji Politik Capres itu Janji terhadap 1 Negeri bayangkan berapa banyak yg telah dibohongi. termasuk para pendukungnya sendiri. Walaupun beda antara diBohongi dengan diBodohi.","1078789095818579968","","","in","","0","0","0","https://x.com/undefined/status/1078789095818579968","239151045",
"1078486567008628736","Fri Dec 28 23:05:35 +0000 2018","0","@jokowi Alhamdulillah Bpk PRESIDEN RI Joko Widodo Tersambung nya JLN TOL SBY KE JAKARTA AMIN YRA","1078789083164372992","","jokowi","in","","0","0","0","https://x.com/undefined/status/1078789083164372992","956107098592395265",
"1078789076117905408","Fri Dec 28 23:05:33 +0000 2018","3","Tutup Perdagangan Bursa 2018 Presiden Jokowi: Kinerja IHSG Sesuai Target #JokowiOptimistisPasarModal #JokowiMembangunIndonesia #JokowiMembangunDesa @ruhutsitompul @jokowi @suankbatu @LuhutBinsar @budiantosurbak4 @ApriantoKaban @jv_arif @Gerak_kebajikan @imantagintings https://t.co/0JeamyORC3","1078789076117905408","https://pbs.twimg.com/media/Dvig8O5UwAAMdtE.jpg","","in","","0","0","1","https://x.com/undefined/status/1078789076117905408","905422553484640257",
"1078108484720222208","Fri Dec 28 23:05:26 +0000 2018","0","@jessica_hade @GunRomli @marsiagian @prabowo @fadlizon @Fahrihamzah @Ferdinand_Haean bukannya IQ beliau 610? (BLOK M - PD LABU)","1078789049094041600","","jessica_hade","in","","0","0","0","https://x.com/undefined/status/1078789049094041600","631705596",
"1078789022703509505","Fri Dec 28 23:05:20 +0000 2018","1","Satu lagi infrastruktur yang ingin dibangun pak Jokowi untuk mengendalikan banjir di Ibu kota Jakarta. @jokowi @budimandjatmiko @RamliRizal #ayoteruskerja #indonesiakuat #rekanjokowi #rekanjokowilampung https://t.co/H2EuBumCgy","1078789022703509505","https://pbs.twimg.com/media/Dvig45hUcAAWP85.jpg","","in","","0","0","1","https://x.com/undefined/status/1078789022703509505","1049132234467291137",
"1078789011907309568","Fri Dec 28 23:05:18 +0000 2018","1","Pada sibuk tagar..hehe ane dukung deh..Presiden Jokowi diganti Joko widodo..puas?? #TahunBaruPresidenBaru #TahunBaruPresidenBaru","1078789011907309568","","","in","","0","0","0","https://x.com/undefined/status/1078789011907309568","752957252630220800",
"1078649146049912833","Fri Dec 28 23:05:14 +0000 2018","0","@aisyahnorin @visiau @Aninfra98 @prabowo Stres ya pergi periksa ke dokter dana jgn2 nya ada urat syaratnya yg terputus di otaknya nya itu ini milih pemimpin Negara Bukan milih untuk menjadi imam sholat #2019PrabowoSandi","1078788998615642114","","aisyahnorin","in","","0","1","0","https://x.com/undefined/status/1078788998615642114","1062893054665707521",
"1078607970231971840","Fri Dec 28 23:05:00 +0000 2018","0","@BangPino_ Gak ada pilihan lain yg terbaik selain Prabowo sandiaga ️2019 akal sehat melengserkanmu","1078788936586223616","","BangPino_","in","","0","0","0","https://x.com/undefined/status/1078788936586223616","215610022",
"1078788901588758533","Fri Dec 28 23:04:51 +0000 2018","0","Umat sudah menemukan tokoh rujukan panutan dan kendali yang bervisi keumatan dan kebangsaan Jokowi-Amin Indonesia Maju #PemimpinAdemDamai","1078788901588758533","","","in","","0","0","0","https://x.com/undefined/status/1078788901588758533","2229562567",
"1078678183359082496","Fri Dec 28 23:04:51 +0000 2018","0","@P3nj3l4j4h @Airin_NZ Mungkin mereka berfikir semua permasalahan islam di khilafahkan saja dng begitu mayoritas muslim indonesia akan auto setuju dng memanfaatkan situasi uygur wlaw bungkam soal yaman dng begitu paling tdk prabowo bisa melenggang nyaman dng dosa2nya d hadapan muslim indonesia...","1078788900611534849","","P3nj3l4j4h","in","","0","0","0","https://x.com/undefined/status/1078788900611534849","3850484473",
"1078764253958623234","Fri Dec 28 23:04:47 +0000 2018","0","@detikcom @prabowo Maju tak gentar membela yang bayar ...","1078788882769104899","","detikcom","in","","0","0","0","https://x.com/undefined/status/1078788882769104899","1072006847194816514",
"1078585970050555904","Fri Dec 28 23:04:41 +0000 2018","0","@MegaSimarmata @prabowo @Gerindra dagelan","1078788860321062912","","MegaSimarmata","nl","","0","0","0","https://x.com/undefined/status/1078788860321062912","1028765329638350849",
