"conversation_id_str","created_at","favorite_count","full_text","id_str","image_url","in_reply_to_screen_name","lang","location","quote_count","reply_count","retweet_count","tweet_url","user_id_str","username"
"1124715870301777920","Sat May 04 23:59:57 +0000 2019","0","@_doncorleone78_ @prabowo @sandiuno Terimakasih saudara ku di Sampang dengan perjuangan nya..... Allahuakbar Allahuakbar Allahuakbar ","1124826027090268161","","_doncorleone78_","in","","0","0","0","https://x.com/undefined/status/1124826027090268161","1118917375070363649",
"1124826023915212800","Sat May 04 23:59:57 +0000 2019","2","Banyak yg dukung Pak @jokowi dlm kebijakan tanah untuk rakyat. Pimpinan Nasional punya komitmen Regulasi sudah memungkinkan &amp; perlu ditingkatkan masyarakat yg membutuhkan tanah sudah ada .. apalagi harus dilakukan?","1124826023915212800","","","in","","0","2","1","https://x.com/undefined/status/1124826023915212800","2520016752",
"1124814691228721152","Sat May 04 23:59:51 +0000 2019","0","@EndangPRS Bukan di politisasi tp dgn di dukungnya investigasi trhdp fenomena ini (kebetulan kok 400an nyawa..wooii..400an!!) kita smua dpt mngkoreksi konsep penyelenggraan PEMILU ini apa yg bikin tdk sehat shngga bnyk yg mninggal..(apa krn waktu sistem kerja mknan dll) @KPU_ID","1124826002859773952","","EndangPRS","in","","0","0","0","https://x.com/undefined/status/1124826002859773952","768103590770581504",
"1124825990780243968","Sat May 04 23:59:49 +0000 2019","0","Pemilu 2019 Transparan Jujur Adil Demokratis dan tidak ada kecurangan pernyataan sikap dari Warga Karangkimpul Rt.03 Rw.01 Kel. Tambakrejo Kec. Gayamsari Kota Semarang #abiososenoaji https://t.co/8sB2T1QM6m","1124825990780243968","","","in","","0","0","0","https://x.com/undefined/status/1124825990780243968","938529989837725697",
"1124670081315721216","Sat May 04 23:59:47 +0000 2019","0","@NurAlamsyahBdg @andez832 Rekor pemilu TERBURUK.","1124825982748069889","","NurAlamsyahBdg","in","","0","0","0","https://x.com/undefined/status/1124825982748069889","1092344216410181632",
"1124748411721228289","Sat May 04 23:59:45 +0000 2019","4","@RachlanNashidik Sy jg sependapat dgn anda blm ada sttmn resmi pak Prabowo tentang kecurangan yg Terstruktur sitematis dan masif trhdp situng KPU Tapi tidak elok jg anda diungkapkan disini kan Demokrat masih berkoalisi jd jgn slhkan relawan o2 pny persepsi negatif trhdp PD ..","1124825975978467328","","rachlannashidik","in","","0","1","0","https://x.com/undefined/status/1124825975978467328","3628454533",
"1124676393466511361","Sat May 04 23:59:40 +0000 2019","1","@intermakcz @haikal_hassan Eh dunguu itu tugas jokowi ngapain team BPN ribet !! BPN bukan menteri polisii negara atauu presiden harusnya yg malu skg yg pnya pangkat jendral tpi ga mw usut 98. Boro2 98 bapak novel aja dibuang dicuekin","1124825952863698944","","intermakcz","in","","0","0","0","https://x.com/undefined/status/1124825952863698944","1411904178",
"1124706573002080258","Sat May 04 23:59:34 +0000 2019","0","@SiIvy_Riau02 @jokowi Trimakasih infonya bikin hati kampret menjadi adem. Tapi mudah2an bener sih.","1124825928377327616","","PeoplePower_id","in","","0","0","0","https://x.com/undefined/status/1124825928377327616","903480686807457794",
"1124820414264332294","Sat May 04 23:59:21 +0000 2019","0","@harychandra091 @prabowo @sandiuno Suruh menghadap manusia cebong yg bilang yg kasih makan rutan adalah jokowi .. Mau tau saya bentuk dan wujud orangnya masih punya mata telinga berambut punya tangan punya kaki ap tidak","1124825875764076544","","harychandra091","in","","0","0","0","https://x.com/undefined/status/1124825875764076544","1033418499496890368",
"1124715870301777920","Sat May 04 23:59:14 +0000 2019","0","@_doncorleone78_ @prabowo @sandiuno Barokah Ya Ustad #StopSitungKPU","1124825845103595521","","_doncorleone78_","in","","0","0","0","https://x.com/undefined/status/1124825845103595521","903432622394662913",
"1124699114912899074","Sat May 04 23:59:12 +0000 2019","1","@Ayu02Basuki @Johnywick20 @prabowo @sandiuno Sayang banged Bangkalan malah lepas ke 01 ya.","1124825837004443649","","Ayu02Basuki","in","","0","0","0","https://x.com/undefined/status/1124825837004443649","953330310300688384",
"1124347205232447489","Sat May 04 23:59:10 +0000 2019","0","@yarham02 @mohmahfudmd Pemilu paling parah dan menyedihkan...mungkin dalam sajarah kemanusian... Lama bertele tele curang dan makan byk korban... astaghfirullah.. #DoaKamiUntukPrabowoSandi","1124825829769269249","","yarham02","in","","0","0","0","https://x.com/undefined/status/1124825829769269249","1051001971212050433",
"1124823670302564352","Sat May 04 23:59:06 +0000 2019","19","@askmenfess Tanya ke pak Prabowo nder","1124825810416726018","","Askmenfess","in","","0","3","1","https://x.com/undefined/status/1124825810416726018","2204919925",
"1124664721418756096","Sat May 04 23:59:03 +0000 2019","0","@P3nj3l4j4h mantab. Cc @jokowi dan @prabowo","1124825800522395648","","P3nj3l4j4h","in","","0","0","0","https://x.com/undefined/status/1124825800522395648","864212965",
"1124660453630566400","Sat May 04 23:58:59 +0000 2019","0","@ibsir2018 @albertpanjaitn @SBYudhoyono @prabowo Ane nitip satu Ayat aja Om.. https://t.co/6kDTl2nCAe","1124825782847623168","https://pbs.twimg.com/media/D5wvFc-UYAAAbeY.png","ibsir2018","in","","0","0","0","https://x.com/undefined/status/1124825782847623168","991336860692627458",
"1124260167661641730","Sat May 04 23:58:59 +0000 2019","0","@detikcom Oh Pak Prabowo punya edo tensei mungkin ","1124825780721147905","","detikcom","in","","0","0","0","https://x.com/undefined/status/1124825780721147905","767728889812496384",
"1124825762446503937","Sat May 04 23:58:54 +0000 2019","0","Amien Rais: Pada Pemilu 2019 ini telah terjadi kejahatan yg terukur sistematik masif brutal hingga barbar. KPU sendiri tdk bisa mengendalikan sistemnya. Data di KPU dimasukkan oleh 'siluman'. Tapi yakinlah Allah memihak yg benar. #StopSitungKPU https://t.co/v7w2MIieJ2","1124825762446503937","","","in","","0","0","0","https://x.com/undefined/status/1124825762446503937","1697627642",
"1124517511418880001","Sat May 04 23:58:37 +0000 2019","0","@fadlizon wes wayahe mati kok aneh zonk... Besok besok pemilu nya dikaji lagi jangan serentak... Koen iku anggota dpr seng cerdas lah...","1124825691508240384","","fadlizon","in","","0","0","0","https://x.com/undefined/status/1124825691508240384","1010370722751922177",
"1124709025000517632","Sat May 04 23:58:34 +0000 2019","0","@republikaonline Kalo Prabowo kalah di korut wajar. Kalo 01 kalah di korut ya aneh","1124825676610134018","","republikaonline","in","","0","0","0","https://x.com/undefined/status/1124825676610134018","97998335",
"1124643941180067840","Sat May 04 23:58:34 +0000 2019","0","@PartaiSocmed @susipudjiastuti @jokowi Aku sukaaaaaa gaya bu Susi","1124825676198993920","","PartaiSocmed","in","","0","0","0","https://x.com/undefined/status/1124825676198993920","770173024490315776",
"1124825652270653441","Sat May 04 23:58:28 +0000 2019","0","https://t.co/P40vEI7l9e Hanya di Indonesia demokrasi harus ditebus dengan nyawa. #KartuMerahUntukKPU","1124825652270653441","","","in","","0","0","0","https://x.com/undefined/status/1124825652270653441","2919772580",
"1124825639557533696","Sat May 04 23:58:25 +0000 2019","0","Super yakin inilah yg akan dihadapi para penipu di pilpres ..","1124825639557533696","","","in","","0","0","0","https://x.com/undefined/status/1124825639557533696","1888554710",
"1123223301919268865","Sat May 04 23:58:21 +0000 2019","2","@Combro_ajja411 @frozen145146 @bocah_kinei @KhotuTayawi @adeira78 @mashend72 @ArifMaarif6 @Mekoesnadi_10 @Viera_Mitha @hetty_julia @jacks_quevara @SabdapanditaI @lookinglove62 @An_Nisaa_almeer @Anto18167604 @irwank2k2 @prabowo @sandiuno @AnzaraYuli @Serulingbambu4 @wijaya_ento @Riast10 @donniediday @Laskar_surajaya @Hendra_UPN @lubis_mariska @HaqYang @nanosu35 @Addarul1 @Majapahitprabu @senapati_New @Winarko_yuli @SolSapatu @Umbuisback @JackKellinBert @Rain__Qu @monamuzenah @UmmiYasmine @AzzaharaAdira @Tyo_rahj @rudi2906rs @AlapalapT @Orang_Atjeh @deechan3007 Haaaaahhhh Emang ada........","1124825623329775616","","Mantan_Ajja","in","","0","0","1","https://x.com/undefined/status/1124825623329775616","881504623072133120",
"1124817888106430464","Sat May 04 23:58:18 +0000 2019","0","@IreneViena Bagi awam trlu rumit intinya out jokowi","1124825610075889665","","IreneViena","in","","0","0","0","https://x.com/undefined/status/1124825610075889665","1045283549329293313",
"1124825607139987458","Sat May 04 23:58:17 +0000 2019","1","Pa @ReflyHZ yg tegas dong sebut yg bakal menang kan BP juga pernah bilang kalo pemilu sekarang brutal dan penuh kecurangan jd sebenarnya siapa yg jd presiden 2019-2024 biar ga abu2 dan kayanya prof @ReflyHZ ragu dan ga yakin kalo kebenaran yang menang","1124825607139987458","","","in","","0","0","0","https://x.com/undefined/status/1124825607139987458","796131408297095168",
"1124822085027733505","Sat May 04 23:58:13 +0000 2019","3","@IreneViena Pak @prabowo hanya taat pada ulama karena ulama diatas BPN (pernyataan pak Prabowo di depan peserta ijtima ulama III) SBY kalah pamor tuh yg mana ulama melarang ketemu Jokowi sebelum 22 Mei","1124825589569900544","","IreneViena","in","","0","0","0","https://x.com/undefined/status/1124825589569900544","83087566",
"1124825568959012864","Sat May 04 23:58:08 +0000 2019","0","Dukung prabowo demi indonesia lebih baik...adil dan makmur","1124825568959012864","","","in","","0","0","0","https://x.com/undefined/status/1124825568959012864","548530853",
"1124661921423056896","Sat May 04 23:58:07 +0000 2019","0","@BukaSiapa2 @helmifelis Monggo berjihat sampai guling guling ke tanah nnti biar diberi KIS untuk rehabilitasi gratis di RSJ YA mmg setiap Pilpres &amp; pemilu slalu menghasilkan orang2 terganggu jiwanya Jadi berkah buat toko penjual CTM obat tidur &amp; penenang oh iya para Psikiater sdh nmbh jam praktek","1124825566329262080","","BukaSiapa2","in","","0","0","0","https://x.com/undefined/status/1124825566329262080","1081371921864830976",
"1124708075951149057","Sat May 04 23:58:02 +0000 2019","0","@OrangKoslet @BangkitPribumi @prabowo @sandiuno @BPNrelawan02 @marierteman Langsung di lukis https://t.co/wBU8XMupS0","1124825543138893825","https://pbs.twimg.com/media/D5wu3m_UUAA42Lq.jpg","JokoLipService","in","","0","0","0","https://x.com/undefined/status/1124825543138893825","97819080",
"1124825542472097793","Sat May 04 23:58:02 +0000 2019","0","Rakyat melalui BPN hrs segera ultimatum @KPU_ID dlm waktu 3x24 jam sdh sampaikan semua temuan salah hitung salah input pemalsuan manipulasi &amp; segala pelanggaran/kejahatan pemilu se Indonesia yg merugikan 02 Tindaklanjut proses hukum semua pelaku &amp; koreksi kesalahan oleh KPU","1124825542472097793","","","in","","0","0","0","https://x.com/undefined/status/1124825542472097793","1697627642",
"1124465475339972608","Sat May 04 23:57:52 +0000 2019","0","@AndiArief__ Sorry bro pak Prabowo ga Menye2 Peragu Penjilat apalagi Penghianat bukan tipikal pak Prabowo... #HasilCurangUnlegitimate Pemilu amburadul gini ga ada statement satupun dari mantan presiden RI yg berkuasa 2 periode...cuma diam #318DiedInTheWorstINAelection","1124825501644681216","","Andiarief__","in","","0","0","0","https://x.com/undefined/status/1124825501644681216","388890877",
"1124578054712332289","Sat May 04 23:57:50 +0000 2019","0","@inianakmedanlae @Love0nU @vintenas @Mas_AWS Nah masih tolol aja anda pelajari LHKPN Prabowo. Perusahaan Prabowo itu bukan hanya grup Nusantara Energy. Dia juga punya usaha diluar termasuk pertambangan di Jordania. Selain itu aset Prabowo itu paling banyak di tanah. Jelas sekali anda dongo. ","1124825493541310465","","inianakmedanlae","in","","0","1","0","https://x.com/undefined/status/1124825493541310465","33882013",
"1124724367726759936","Sat May 04 23:57:36 +0000 2019","0","@VelianiVelinars @yunartowijaya @yongkyharmawan @prabowo @sandiuno Khas...lagi putus asa","1124825434456084480","","bu_veli","in","","0","0","0","https://x.com/undefined/status/1124825434456084480","1044162663234777088",
"1124533177115013123","Sat May 04 23:57:28 +0000 2019","0","@FerdinandHaean2 PD tahu klo 5 tahun tak dipake Jokowi pasti lebih tahu lagi sakitnya klo 10 tahun tak dipake lebih baik merapat ","1124825401891610625","","FerdinandHaean2","in","","0","1","0","https://x.com/undefined/status/1124825401891610625","233281594",
"1124531393625595904","Sat May 04 23:57:15 +0000 2019","2","@GagahWicaksana @jokowi @prabowo @berteman_mari @Fahrihamzah @fadlizon @CintaNKRI12 @suwardihagani @Restcayah Durian Esemka #uratnadinyaBOHONG","1124825346061160448","","GagahWicaksana","in","","0","1","0","https://x.com/undefined/status/1124825346061160448","1114305610260942848",
"1124565716403834880","Sat May 04 23:57:14 +0000 2019","0","@Yusuf_Mansur Apa tanggapan ustad dengan kecurangan2 pemilu yg sudah bnyak dan virall di medsos????","1124825342986735616","","Yusuf_Mansur","in","","0","0","0","https://x.com/undefined/status/1124825342986735616","409400932",
"1124815236521840640","Sat May 04 23:57:14 +0000 2019","6","@ApriliaLin @adjieavatara Kalo jokowi turunan arab mau ngutang sampe ribuan T pun bakal baik2 aja.","1124825341002825728","","ApriliaLin","in","","0","0","1","https://x.com/undefined/status/1124825341002825728","2407733861",
"1124820838119690241","Sat May 04 23:57:09 +0000 2019","0","@humaira979 Kucing dan firasat lain2 nya bukan tanda2 pak Jokowi akan menang atau kalah tetapi semua adalah karena kehendak Allah SWT. Dan pak Jokowi adalah orang yg baik sesungguh nya Allah ta'ala maha besar dan lebih mengetahui seluruh rahasia yg ada di muka bumi ini. ","1124825320064839680","","bdkjmb1","in","","0","1","0","https://x.com/undefined/status/1124825320064839680","171775457",
"1123223301919268865","Sat May 04 23:57:08 +0000 2019","1","@frozen145146 @bocah_kinei @KhotuTayawi @adeira78 @mashend72 @ArifMaarif6 @Mekoesnadi_10 @Viera_Mitha @hetty_julia @jacks_quevara @SabdapanditaI @lookinglove62 @An_Nisaa_almeer @Anto18167604 @irwank2k2 @prabowo @sandiuno @AnzaraYuli @Serulingbambu4 @wijaya_ento @Riast10 @donniediday @Laskar_surajaya @Hendra_UPN @lubis_mariska @HaqYang @nanosu35 @Addarul1 @Majapahitprabu @senapati_New @mokinishinaide @Winarko_yuli @SolSapatu @Umbuisback @JackKellinBert @Rain__Qu @monamuzenah @UmmiYasmine @AzzaharaAdira @Tyo_rahj @rudi2906rs @AlapalapT @Orang_Atjeh @deechan3007 Ada yg mw roti buaya ga...???","1124825318760443904","","","in","","0","4","0","https://x.com/undefined/status/1124825318760443904","4546909934",
"1124825303346335744","Sat May 04 23:57:05 +0000 2019","0","Hasil Situng Pilpres KPU Terbaru Data Masuk 66 14%! Total Suara Jokowi dan Prabowo Tembus 100.678.082 https://t.co/9HkKhz9ahI https://t.co/B6kA7xQyFt","1124825303346335744","https://pbs.twimg.com/media/D5wupweUIAAr0WD.jpg","","in","","0","0","0","https://x.com/undefined/status/1124825303346335744","2944556814",
"1124825301240782849","Sat May 04 23:57:04 +0000 2019","0","Hasil Situng Pilpres KPU Terbaru Data Masuk 66 14%! Total Suara Jokowi dan Prabowo Tembus 100.678.082 https://t.co/U17o1UJEb9","1124825301240782849","","","in","","0","0","0","https://x.com/undefined/status/1124825301240782849","428858579",
"1124723816708489216","Sat May 04 23:56:57 +0000 2019","1","@PowerOfReceh @Accho18024502 Neh yg di maksud revolusi mental mental dungu iya???? Tambah gedeg aje g ma rezim ini? Pemilu curang mau menang lg? Sampai kpn rakyat dibohongi trs.... #IndonesiaCallsHarimanSiregar #IndonesiaCallsHarimanSiregar #IndonesiaCallsHarimanSiregar","1124825270437826560","","PoweredByReceh","in","","0","0","0","https://x.com/undefined/status/1124825270437826560","3168164163",
"1124688832899584005","Sat May 04 23:56:47 +0000 2019","0","@warsahidayat @prabowo @sandiuno Golongan syetan yaa bukan Golongan setan... Tambah ngakak gw. Ada yaa orang ketawa langsung di judge golongan syetan tau amat. Jangan2 hidupnya barengan ama syetan pinter yaa lu.","1124825230063439872","","warsahidayat","in","","0","1","0","https://x.com/undefined/status/1124825230063439872","1049074319098228739",
"1124531081732956160","Sat May 04 23:56:41 +0000 2019","0","@Aryprasetyo85 @FaGtng @hnurwahid @fadlizon @berteman_mari @aagym @jokowi @My_LoveNebe @P3nj3l4j4h @Ernijasin Menjadi tanggung jawab @prabowo yg selalu menanamkan kebencian.","1124825205346410497","","Aryprasetyo85","in","","0","0","1","https://x.com/undefined/status/1124825205346410497","2551543272",
"1124531081732956160","Sat May 04 23:56:34 +0000 2019","1","@Aryprasetyo85 @hnurwahid @fadlizon @berteman_mari @aagym @jokowi @FaGtng @My_LoveNebe @P3nj3l4j4h @Ernijasin bpk nya sakit jiwa..","1124825174417625089","","Aryprasetyo85","in","","0","0","0","https://x.com/undefined/status/1124825174417625089","723517556363943937",
"1124468519293280258","Sat May 04 23:56:33 +0000 2019","0","@Unkwon_mouse @jokowi Ngibul adalah nama tengah saya!","1124825171678744576","","HmEi7_Real","in","","0","0","0","https://x.com/undefined/status/1124825171678744576","1109801789354704896",
"1124635976523972613","Sat May 04 23:56:30 +0000 2019","0","@zulfanny @detikcom @MardaniAliSera meredam aj kyknya tkutnya hesteg itu trus dijalanin pdahal pemilu udah selesai dan yg mnang 01.","1124825159402016768","","zulfanny","in","","0","0","0","https://x.com/undefined/status/1124825159402016768","2326199426",
"1124206503932547072","Sat May 04 23:56:28 +0000 2019","0","@jokowi @07June17 Ada korban jiwa 440 orang dalam pelaksanaan Pemilu.. Apa tidak ada niat untuk di selesaikan secepat-cepatnya..?","1124825149809709056","","jokowi","in","","0","0","0","https://x.com/undefined/status/1124825149809709056","544805222",
"1124825111821840384","Sat May 04 23:56:19 +0000 2019","1","Demokrat Tetap Koalisi Gerindra-PKS-PAN Jika Prabowo Menang Pilpres 2019 Kalau Jokowi Menang? https://t.co/neU4Ip7t97","1124825111821840384","","","in","","0","0","1","https://x.com/undefined/status/1124825111821840384","80885324",
"1124825100719513600","Sat May 04 23:56:16 +0000 2019","10","Kelompok kelompok seperti ini kalau pilpres 2019 dipaksakan menang dengan jalan pemaksaan kehendak.... Rusaklah tatanan NKRI... Alhamdulillah .... Allah SWT tidak menghendaki kelompok kelompok curang sebagai pemenangnya... Aamiin.","1124825100719513600","","","in","","0","1","2","https://x.com/undefined/status/1124825100719513600","2716826004",
"1124825096227438592","Sat May 04 23:56:15 +0000 2019","0","Petugas pemilu yg meninggal sdh ratusan jiwa. Terjadi kecurangan pemilu 2019 secara terstruktur sistematis masif dan brutal. Tapi belum ada komentarnya soal tsb. Malah ngomentari rekonsiliasi. === Itu haknya sih...tapi aneh saja.","1124825096227438592","","","in","","0","0","0","https://x.com/undefined/status/1124825096227438592","548162595",
"1124823814590754817","Sat May 04 23:56:12 +0000 2019","0","@farididoev Begitulah istidroj saat pemilu ...","1124825082373656576","","farididoev","in","","0","0","1","https://x.com/undefined/status/1124825082373656576","1492079136",
"1124823761117696003","Sat May 04 23:56:10 +0000 2019","0","@IreneViena @prabowo @SBYudhoyono Ngetweetnya ikut2 caranya @BUKANdigembok wkwkwk","1124825073888575488","","IreneViena","in","","0","0","0","https://x.com/undefined/status/1124825073888575488","1096371330482548737",
"1124825006876135424","Sat May 04 23:55:54 +0000 2019","0","@jokowi saya bingung gimana cara untuk bertemu ataupun mendapat tanggapan dari bapak? apa karna saya orang kecil?","1124825006876135424","","jokowi","in","","0","0","0","https://x.com/undefined/status/1124825006876135424","4340258659",
"1124120053622853632","Sat May 04 23:55:42 +0000 2019","0","@Ailla08057173 @sweett_orange @ustadtengkuzul Paling anti kami disini politik mengatasnamakan bela agama. Jika ada niat baik demi kepentingan kekuasaan disana sdh ada kecacatan dalam niat. Kami mndukung prabowo untuk indonesia lebih maju tidak ada kaitan dengan agama surga ataupun neraka. Seram banget","1124824955483328512","","Ailla08057173","in","","0","0","0","https://x.com/undefined/status/1124824955483328512","1115076246038147072",
"1124633783796240384","Sat May 04 23:55:36 +0000 2019","0","@VIVAcoid Gak perlu bos. Kan situng bukan hasil resmi. Tgl. 22 Mei 2019 diumumkan secara resmi berdasarkan hitungan secara manual. Gitu bos. Kl ada yg curang tuntut ke MK. Kl gak percaya MK jangan ikut pilpres. Gitu aja kok repot.","1124824933106733057","","VIVAcoid","in","","0","0","0","https://x.com/undefined/status/1124824933106733057","119270361",
"1123223301919268865","Sat May 04 23:55:34 +0000 2019","1","@frozen145146 @bocah_kinei @KhotuTayawi @adeira78 @mashend72 @ArifMaarif6 @Mekoesnadi_10 @Viera_Mitha @hetty_julia @jacks_quevara @SabdapanditaI @lookinglove62 @An_Nisaa_almeer @Anto18167604 @irwank2k2 @prabowo @sandiuno @AnzaraYuli @Serulingbambu4 @wijaya_ento @Riast10 @donniediday @Laskar_surajaya @Hendra_UPN @lubis_mariska @HaqYang @nanosu35 @Addarul1 @Majapahitprabu @senapati_New @Winarko_yuli @SolSapatu @Umbuisback @JackKellinBert @Rain__Qu @monamuzenah @UmmiYasmine @AzzaharaAdira @Tyo_rahj @rudi2906rs @AlapalapT @Combro_ajja411 @Orang_Atjeh @deechan3007 Iya..... eisssssssss #SitungKPUBikinSinting","1124824920771317760","","","in","","0","0","0","https://x.com/undefined/status/1124824920771317760","881504623072133120",
"1124772654588801025","Sat May 04 23:55:33 +0000 2019","0","@haikal_hassan Terus minta pemilu ulang....gitu..","1124824919194210304","","","in","","0","0","0","https://x.com/undefined/status/1124824919194210304","1044162663234777088",
"1124822179407810560","Sat May 04 23:55:31 +0000 2019","1","@MichelAdamNew Prabowo sandi menang #SitungKPUBikinSinting #SitungKPUBikinSinting","1124824908565925888","","MichelAdamNew","in","","0","0","0","https://x.com/undefined/status/1124824908565925888","232446291",
"1124254066505285633","Sat May 04 23:55:30 +0000 2019","0","@toni_soecipto Yang Betul Jokowi Curang Indonesia Rusuh ","1124824906485526528","","toni_soecipto","in","","0","0","0","https://x.com/undefined/status/1124824906485526528","1000521461193310208",
"1124305034789904384","Sat May 04 23:55:27 +0000 2019","0","@MurtadhaOne #Nggakbutuhsirine apalagi pencitraan untuk melihat kebaikan dan kebenaran dari apa yg beliau lakukan..cukup lihat dan rasakan apa yg telah berubah di sekeliling kita...@jokowi","1124824891499220992","","MurtadhaOne","in","","0","0","0","https://x.com/undefined/status/1124824891499220992","4593974412",
"1124819528150441986","Sat May 04 23:55:20 +0000 2019","8","@dr_koko28 @prabowo Sanpai ujung pertandingan gw ga akan balik badan Ini yg bikin sy kagum dok &amp; hrsnya ditiru sama politisi yg semangatnya terkesan mulai kemasukan angin Berjuang untuk Rakyat untuk negara &amp; Bangsa bukan untuk partai apalagi pribadi","1124824864823472128","","dr_koko28","in","","1","0","3","https://x.com/undefined/status/1124824864823472128","1085537286530330625",
"1124824864164986880","Sat May 04 23:55:20 +0000 2019","4","Mbaah amien Rais di jamin tetep berkoalisi prabowo-","1124824864164986880","","","in","","0","1","0","https://x.com/undefined/status/1124824864164986880","1078670723332288512",
"1124743261967372288","Sat May 04 23:55:16 +0000 2019","0","@yunartowijaya Pak Sandi Hnya ikutan aja om nanti klo ga ikutin kemaunyA nanti d gebrak lg meja.a nanti ada asbak terbang. Pak sandi klo liat cuitan dy tlong move on dan sowan ke pak jokowi. Masa depan pak sandi msh pnjang tlong jgn d rusak gara2 ikuttin kemaunya yg 3x gagal trs","1124824847903641600","","yunartowijaya","in","","0","0","0","https://x.com/undefined/status/1124824847903641600","1103829487110610945",
"1124824821244628992","Sat May 04 23:55:10 +0000 2019","3","Walaupun seperti itu kali ini prediksi mreka akan meleset jauh krn bukan hanya @prabowo dan timses yg akn mreka hadapi tapi segenap lapisan rakyat dan para ulama mreka keliru klu bisa mendiamkan pasukan emak2","1124824821244628992","","","in","","0","0","0","https://x.com/undefined/status/1124824821244628992","1073618991296331776",
"1124824772163055622","Sat May 04 23:54:58 +0000 2019","440","Bukan cm KPU yg skr lg sibuk sm Situng Pemilu. Sy jg ngentry data ngitungin celengan ngopi di bar yg sdh hampir 9 bln ini terkumpul €6000 atau setara dgn Rp.96.000.000. Tp plz jgn dimention &amp; dibawa ke KPU Gengs. Nanti bs2 jumlahnya menyusut jd Rp.600Ribu gegara sy dukung 02 https://t.co/wU4h1bz7hN","1124824772163055622","https://pbs.twimg.com/ext_tw_video_thumb/1124824549437124608/pu/img/OxeTz0tklHWc_i-i.jpg","","in","","5","54","82","https://x.com/undefined/status/1124824772163055622","604079053",
"1124824728890331136","Sat May 04 23:54:48 +0000 2019","2","Siapa bilang ekonomi lesu buktinya pasar tradisional selalu ramai apalagi menjelang ramadhan Yg bilang ekonomi susah itu hnya koruptor yg lahanya dihabisi oleh pak jokowi https://t.co/5nJzWzRi9c","1124824728890331136","https://pbs.twimg.com/media/D5wuGgQUEAAH3r4.jpg","","in","","0","0","0","https://x.com/undefined/status/1124824728890331136","1102700107529543680",
"1124511663464468480","Sat May 04 23:54:45 +0000 2019","0","@haris_azhar Patut ditelusuri lebih dalam apa yg disampaikan Efendi Gazali : Kita sudah terbiasa menangani pileg DPRD TKII DPRD TKI DPD dan DPR Pusat yang rumit dengan aman. Kenapa hanya ditambah 1 kotak Pilpres yg relatip lebih simple tiba2 korbannya jadi ratusan?.","1124824719184650241","","haris_azhar","in","","0","0","0","https://x.com/undefined/status/1124824719184650241","828129975479918593",
"1124704274133291009","Sat May 04 23:54:44 +0000 2019","2","@MbahUyok Sudahlah pak! Kami tfk heran dgn tingka bapak yg peragu dan bermain cari aman. Hanya @Ferdinand_Haean @jansen_jsp @zarazettirazr dan teman2 demokrat lain yg berjibaku dan pasang badan bela pak Prabowo.","1124824712649924608","","MbahUyok","in","","0","0","1","https://x.com/undefined/status/1124824712649924608","1114372934322216963",
"1122802095239745537","Sat May 04 23:54:37 +0000 2019","0","@ustadtengkuzul DAMAIINDONESIA DAMAI NEGRIKU...KOQ TENGKU PERCAYA KABAR ITU ! PADA HAL SATU-SATUNYA INFO KPU YG PALING CEPAT BISA DIAKSES MENGENAI CALEG DPR RI YG LOLOS ADALAH..QUICK COUNT..LEMBAGA2 SURVEY !!! ANEH..! INFO QUICK COUNT PILPRES KOQ MEREKA GK.PERCAYA YA ?! ADA APA SIH ?! #SAVE KPU","1124824685458313217","","ustadtengkuzul","in","","0","0","0","https://x.com/undefined/status/1124824685458313217","1063937259844431872",
"1124707961949974529","Sat May 04 23:54:33 +0000 2019","0","@mylifejustbegun @Ryzale3 @edo751945 Loe pikir siapa yg mendanai semua kecurangan pemilu?","1124824666579787776","","","in","","0","0","0","https://x.com/undefined/status/1124824666579787776","1888554710",
"1124824666537807872","Sat May 04 23:54:33 +0000 2019","0","@prabowo @sandiuno @PriyoBudiS Selanjutnya qt gmn ? #IndonesiaCallsHarimanSiregar","1124824666537807872","","prabowo","in","","0","0","0","https://x.com/undefined/status/1124824666537807872","1088758867519918081",
"1124677896063209473","Sat May 04 23:54:25 +0000 2019","0","@SurYosodipuro_ Iyalaaah...media dalam negeri semuanya dimusuhi oleh pak prabowo dan gerombolannya. Karena isinya tidak semuanya menyenangkan beliau. Yg diluar ini juga memberitakan klaimnya . Bukan fakta. Paham ya bro?","1124824631766990849","","SaveMoslem1","in","","0","0","0","https://x.com/undefined/status/1124824631766990849","997661505611943936",
"1124634213049724933","Sat May 04 23:54:15 +0000 2019","0","@sahaL_AS Para pendukung @jokowi yg gembar gembor paling pancasila paling berbhineka tunggal ika ternyata pada rasis smua komentarnya. Orang jawa barat aceh minang warga keturunan arab udh menjadi korban rasis mereka ","1124824593527500805","","sahaL_AS","in","","1","0","0","https://x.com/undefined/status/1124824593527500805","1100057995138875392",
"1124822731126534144","Sat May 04 23:54:10 +0000 2019","0","Supaya dibukaan oleh Allah SWT siapa yang curang siapa siapa yang dzalim sehingga keluar kata kata pilpres penuh kecurangan kalo memang belum dibukaan berarti masyarakat Indonesia masi dirasa mampu oleh Allah untuk ujian copras capres milih pemimpin ini.","1124824572392460289","","stpdwrthlssby","in","","0","0","0","https://x.com/undefined/status/1124824572392460289","205149461",
"1124824538959605760","Sat May 04 23:54:02 +0000 2019","0","Situng KPU Capai 539.692 TPS Jokowi Ma ruf Unggul 56 11% dari Prabowo-Sandi https://t.co/Lc5sL52kWP","1124824538959605760","","","in","","0","0","0","https://x.com/undefined/status/1124824538959605760","2985307064",
"1124824534945751040","Sat May 04 23:54:02 +0000 2019","0","Pleno KPU Tuntas Berikut Perolehan Suara Pilpres di Sampang https://t.co/nzGN21T6wu","1124824534945751040","","","in","","0","0","0","https://x.com/undefined/status/1124824534945751040","864206425106464769",
"1124824511788929024","Sat May 04 23:53:56 +0000 2019","0","MANTAP Datangi KPK Abraham Samad minta Pimpinan Tidak Takut dan Loyo dengan REZIM JOKOWI. #JanganCurangiSuaraRakyat #KPK https://t.co/YWYoGi50l7","1124824511788929024","","","in","","0","0","0","https://x.com/undefined/status/1124824511788929024","1697627642",
"1124740372150665216","Sat May 04 23:53:54 +0000 2019","1","@MPI33704155 @M212Rahmat Innalillahi wainna ilaihiroji'un... Pengen dengar apa komen nya @jokowi atas peristiwa pembunuhan ini..???","1124824502385274880","","MPI33704155","in","","0","0","0","https://x.com/undefined/status/1124824502385274880","1028280330279481344",
"1123049977146675200","Sat May 04 23:53:53 +0000 2019","0","@hnurwahid Gubernur yang tak bisa kerja tetap saja yg disalahkan pak jokowi.","1124824499122130945","","hnurwahid","in","","0","0","0","https://x.com/undefined/status/1124824499122130945","1042701713138827265",
"1124824490079219712","Sat May 04 23:53:51 +0000 2019","0","Pak Jokowi Real Count KPU sudah masuk 65% Kemenangan tetap diatas 2 digit Kami sebagai Pendukung SetiaMu Bangga terbukti Kerja kerja kerja selama ini sangat dirasakan Rakyat Indonesia tercinta Bapak Jokowi Menang Tebal krn Rakyat merasa sbg Sahabat &amp; Bapak Rakyat MERDEKA 🇮🇩.","1124824490079219712","","","in","","0","0","0","https://x.com/undefined/status/1124824490079219712","1103932818072076288",
"1124824448903680000","Sat May 04 23:53:41 +0000 2019","0","@bawaslu_RI Benarkah ini? Mhn infonya ini sangat memprihatinkan cc @prabowo @sandiuno @PriyoBudiS","1124824448903680000","","bawaslu_RI","in","","0","0","0","https://x.com/undefined/status/1124824448903680000","913608343",
"1124758097493250048","Sat May 04 23:53:39 +0000 2019","0","@rmolco @PriyoBudiS Pemilu berharap gembira ria pesta Demokrasi.....ternyata banyak permasalahan dan ada meninggal begitu banyak....Yaa Allah...Ampuni dosa dosa yang meninggal ....apakah ini hal biasa ???? Dan Apakah ini berjalan sukses...ku coba tanya pada rumput yang bergoyang....","1124824441555304448","","rmol_id","in","","0","0","0","https://x.com/undefined/status/1124824441555304448","916849877782376449",
"1118942895933755392","Sat May 04 23:53:23 +0000 2019","0","Jokowi-Amin: 52.020.108 (55 141%) Prabowo-Sandi: 42.319.383 (44 859%) Total TPS: 508.234 dari 817.412 (62 176%) @KawalPemilu2019 #PantauFotoUpload","1124824372395565056","","BotKawalPemilu","in","","0","1","0","https://x.com/undefined/status/1124824372395565056","1118911347322843137",
"1124824354548699136","Sat May 04 23:53:19 +0000 2019","8","Jokowi-Ma'ruf msih unggul dengan 56 11 persen sedangkan Prabowo-Sandi 43 89 persen. https://t.co/VUBbgToCuW","1124824354548699136","","","in","","1","4","7","https://x.com/undefined/status/1124824354548699136","22126902",
"1124470962680807424","Sat May 04 23:53:01 +0000 2019","4","@fachrozi @budimandjatmiko @jokowi Siapa bilang makhluk gak takut dosa...dalil sesat...yang gak takut dosa itu penguasa yang menghalalkan segala cara demi mencapai tujuannya...!!!","1124824279353139200","","fachrozi","in","","0","0","0","https://x.com/undefined/status/1124824279353139200","807369713072226304",
"1124820414264332294","Sat May 04 23:52:59 +0000 2019","0","@harychandra091 @prabowo @sandiuno Ngeri #SitungKPUBikinSinting","1124824273787412480","","harychandra091","in","","0","0","0","https://x.com/undefined/status/1124824273787412480","892015585231380480",
"1124824263075061760","Sat May 04 23:52:57 +0000 2019","29","Kalian ribut soal radikal korupsi dll. Tapi mingkem soal kecurangan Pilpres! Padahal kalian tahu persoalan bangsa saat ini hulu-ledaknya dari kekuasaan yg tiada lain Presiden. ... Pancasila bukan sekedar hapalan kata! Indonesia Raya tdk semata tembang puja! Duh! #StopSitungKPU https://t.co/4kjoCivmWC","1124824263075061760","https://pbs.twimg.com/media/D5wttHiUIAA1qfD.jpg","","in","","1","2","11","https://x.com/undefined/status/1124824263075061760","3074999192",
"1124637338280157185","Sat May 04 23:52:45 +0000 2019","1","@RamliRizal @KecebongDongo 412 ORANG JADI KORBAN PEMILU SERENTAK KORBANNYA LEBIH BESAR DARI BOM TERORIST.PRESIDEN HARUS BERTANGGUNG JAWAB INI PELANGGARAN INTI KONSTITUSIONAL PRESIDEN DAPAT DIBERHENTIKAN. https://t.co/hXyZDFJOrg","1124824211917131776","https://pbs.twimg.com/media/D5wrTfaUcAA03OK.jpg","RamliRizal","in","","0","0","0","https://x.com/undefined/status/1124824211917131776","1032092409641938944",
"1124812115745722368","Sat May 04 23:52:40 +0000 2019","1","@HoetomoSastro @KantapNian @Vinny_Cj @F41ryP1nk @diahkusumoo @ArwahMilitan @bangagoeng96 @asli_tanti @Asmara_1701 @jokowi Lah kan cuma denger iklannya di radio om ","1124824193277644800","","HoetomoSastro","in","","0","1","0","https://x.com/undefined/status/1124824193277644800","2518915579",
"1124470962680807424","Sat May 04 23:52:38 +0000 2019","0","@fachrozi @budimandjatmiko @jokowi Masih terus membully dibandingkan prihatin yang meninggal terus bertambah ... https://t.co/3zuTOnv29z","1124824183672729600","","fachrozi","in","","0","0","0","https://x.com/undefined/status/1124824183672729600","1492079136",
"1124704274133291009","Sat May 04 23:52:35 +0000 2019","2","@MbahUyok Tak usah heran pak ... Krn bpk Prabowo Subianto lebih mendengarkan suara kami rakyat pendukung nya dari pada mendengar kn suara elit politik Itulah alasan kami knapa kami sangat mengagumi beliau @prabowo","1124824173073686528","","MbahUyok","in","","0","0","1","https://x.com/undefined/status/1124824173073686528","1119430804583501825",
"1124813034050838528","Sat May 04 23:52:33 +0000 2019","4","@ReflyHZ Lah tiap edisi pemilu... banyak banget komennya mirip2 gini..... Gak seru ah basi","1124824164471205888","","ReflyHZ","in","","0","0","0","https://x.com/undefined/status/1124824164471205888","223873633",
"1124819711374516226","Sat May 04 23:52:32 +0000 2019","0","@KingPurwa Prabowo pimpinlah kami berikan arahan kepada kami negeri ini tersumbat #IndonesiaCallsHarimanSiregar","1124824159282810880","","KingPurwa","in","","0","0","0","https://x.com/undefined/status/1124824159282810880","64627825",
"1123223301919268865","Sat May 04 23:52:32 +0000 2019","4","@bocah_kinei @frozen145146 @KhotuTayawi @adeira78 @mashend72 @ArifMaarif6 @Mekoesnadi_10 @Viera_Mitha @hetty_julia @jacks_quevara @SabdapanditaI @lookinglove62 @An_Nisaa_almeer @Anto18167604 @irwank2k2 @prabowo @sandiuno @AnzaraYuli @Serulingbambu4 @wijaya_ento @Riast10 @donniediday @Laskar_surajaya @Hendra_UPN @lubis_mariska @HaqYang @nanosu35 @Addarul1 @Majapahitprabu @senapati_New @Winarko_yuli @SolSapatu @Umbuisback @JackKellinBert @Rain__Qu @monamuzenah @UmmiYasmine @AzzaharaAdira @Tyo_rahj @rudi2906rs @AlapalapT @Combro_ajja411 @Orang_Atjeh @deechan3007 Jiahhh sisa jgn mau sa..... Fresh from the oven dunk om keNT......","1124824159249285120","","thirstyforjstc","in","","0","1","0","https://x.com/undefined/status/1124824159249285120","881504623072133120",
"1124813034050838528","Sat May 04 23:52:27 +0000 2019","4","@ReflyHZ lha wong pemilu aja rusak kayak gini...kok mengharap presiden yg berani dan maju. mimpi di siang bolong","1124824139695411200","","ReflyHZ","in","","0","1","0","https://x.com/undefined/status/1124824139695411200","2942114930",
"1124707416686284800","Sat May 04 23:52:27 +0000 2019","5","@pengarang_puisi Kan Aku sudah bilang semua itu salah pak Jokowi ...ayam jago gak bisa bertelur pun salah pak Jokowi...","1124824139334684673","","pengarang_puisi","in","","0","0","0","https://x.com/undefined/status/1124824139334684673","1118179902136541186",
"1124707961949974529","Sat May 04 23:52:26 +0000 2019","0","@TidarJoko @edo751945 73 ribu ya ? Padahal Kpu menemukan ada 224 salah entry yg lapor mustopa? Haua pasti dimasif2kan.. https://t.co/21FOxRxcjE","1124824132636401664","","TidarJoko","in","","0","3","0","https://x.com/undefined/status/1124824132636401664","947189374738771968",
"1124252267241066498","Sat May 04 23:52:21 +0000 2019","1","@rmolco Itu kata kalian yg kalah....sy tau sy lihat sendiri mereka mereka sdh bekerja keras utk suksesnya pemilu kalian saja yg senang mempolitisir hal2 kecil menjadi besar utk kendor kepentingan dr issue itu hello kami butuh ke tenang hidup ketenangan kerja....","1124824115410432000","","rmol_id","in","","0","1","0","https://x.com/undefined/status/1124824115410432000","1069047771502567424",
"1124809813286801408","Sat May 04 23:52:13 +0000 2019","4","@asdwin007 Sayangnya ini bukan pilpres Situbondo tapi Presiden RI. ","1124824079779880960","","asdwin007","in","","0","3","1","https://x.com/undefined/status/1124824079779880960","52608072",
"1124748411721228289","Sat May 04 23:52:05 +0000 2019","0","@RachlanNashidik Pak @prabowo sudah cukup letih berjuang kami Rakyat jelata yg merasa ketidakadilan terjadi akan merebut kemenangan beliau...jd anda jika masih dompleng koalisi berbuat sesuatu juga agar kemenangan ini terjadi dgn damai.","1124824044916723714","","rachlannashidik","in","","0","0","1","https://x.com/undefined/status/1124824044916723714","526856998",
"1124541557367947264","Sat May 04 23:52:04 +0000 2019","0","@MurtadhaOne ini biang kerok kegaduhan Pilpres dan lainnya di NKRI ini. https://t.co/mJ90thKdGf","1124824042026881025","https://pbs.twimg.com/media/D5wtfLYVUAUHbMH.jpg","MurtadhaOne","in","","0","0","0","https://x.com/undefined/status/1124824042026881025","864212965",
"1124724367726759936","Sat May 04 23:52:03 +0000 2019","1","@VelianiVelinars @yunartowijaya @yongkyharmawan @prabowo @sandiuno Laporkan saja Mba","1124824039082430464","","bu_veli","in","","0","0","0","https://x.com/undefined/status/1124824039082430464","1106762227636269056",
"1124706573002080258","Sat May 04 23:52:03 +0000 2019","0","@mad_pecci @SiIvy_Riau02 @jokowi Ganyang antek2 PKI.","1124824037304127488","","mad_pecci","tl","","0","0","0","https://x.com/undefined/status/1124824037304127488","1090114871809568768",
"1124689648230383617","Sat May 04 23:51:56 +0000 2019","0","@Rusydi_riau40 @prabowo @sandiuno Masih banyak yg melakukan Rekap tingkat kecamatan ","1124824010477395969","","Rusydi_riau40","in","","0","0","0","https://x.com/undefined/status/1124824010477395969","2314649161",
"1124824007306387457","Sat May 04 23:51:56 +0000 2019","0","Pemilu kita gak bisa dibandingkan dengan Malaysia atuh. Jumlah penduduk Indonesia 8x lebih banyak. Ribet.","1124824007306387457","","","in","","0","0","0","https://x.com/undefined/status/1124824007306387457","45526189",
"1124612386629902336","Sat May 04 23:51:39 +0000 2019","0","@antaranews Luar biasa pemilu 2019 mkn korban 438 orang ptgs kpps ini bru trjadi spnjang sjrah RI ","1124823938750500865","","antaranews","in","","0","0","0","https://x.com/undefined/status/1124823938750500865","885150747024736257",
"1124580975646666753","Sat May 04 23:51:36 +0000 2019","0","@anitaenglish26 @mina_asih @narkosun @prabowo Betul.. saya akui.. Drpd hidup sok merasa bahagia tp banyak mengeluh jg...","1124823926142451713","","","in","","0","0","0","https://x.com/undefined/status/1124823926142451713","1391090870",
"1124817504478433280","Sat May 04 23:51:30 +0000 2019","0","@LisaAmartaTara @PriyoBudiS Ini emak2 yg teman nya fitnah akan ada larangan azan dan dibolehkan kawin sejenis jika Jokowi menang ya? Sudah jenguk teman lu di penjara belum? Dimana elu belajar fitnah itu halal?","1124823897931563008","","LisaAmartaTara","in","","0","0","0","https://x.com/undefined/status/1124823897931563008","869542517057798144",
"1124417327892553728","Sat May 04 23:51:29 +0000 2019","0","@jurdil2019 Kirim aja data C1 ke BPN prabowo aja biar aman ! Janggan di upld takut nya nanti kita malah mengirim data ke tempat itu di salah gunakan sama Antek yang curang.","1124823895842803712","","jurdil2019","in","","0","0","0","https://x.com/undefined/status/1124823895842803712","1119083588715024384",
"1124598347468234752","Sat May 04 23:51:28 +0000 2019","0","@_doncorleone78_ @prabowo @sandiuno Alhamdulillah kita menang","1124823889056428033","","_doncorleone78_","in","","0","0","0","https://x.com/undefined/status/1124823889056428033","1122315819910717441",
"1124823861734699008","Sat May 04 23:51:21 +0000 2019","0","Viral Rekaman Suara Mirip Gatot Nurmantyo Bahas Kecurangan Pilpres[Cek F... https://t.co/l1RBpyeOAa lewat @YouTube","1124823861734699008","","","in","","0","0","0","https://x.com/undefined/status/1124823861734699008","847645336856174594",
"1124822731126534144","Sat May 04 23:51:20 +0000 2019","0","Disetiap isi ceramah selalu kesisipan pilpres penuh kecurangan people power dan berdoa semoga pilpres yg curang akan dibersihkan pemimpinnya yang mendukung islam supaya umat islam kuat Langsung saya aamiinkan soalnya ga nyebut 01/02 jadi memang pure doanya diakhir gudjob tad","1124823859041947650","","stpdwrthlssby","in","","0","1","0","https://x.com/undefined/status/1124823859041947650","205149461",
"1124823835755159553","Sat May 04 23:51:15 +0000 2019","1","Memang sebagai pertunjukan pemilu kali ini adalah tontonan paling menjijikan. Sekarang saya tanya pernyataan anda ini untuk keselamatan Indonesia atau Demokrat?","1124823835755159553","","","in","","0","0","0","https://x.com/undefined/status/1124823835755159553","1106818491816960000",
"1124812115745722368","Sat May 04 23:51:13 +0000 2019","0","@HoetomoSastro @KantapNian @Vinny_Cj @F41ryP1nk @diahkusumoo @ArwahMilitan @bangagoeng96 @asli_tanti @Asmara_1701 @jokowi Ngguyu... Mesti wes njajal piagrah om kie ","1124823827177803777","","HoetomoSastro","in","","0","0","0","https://x.com/undefined/status/1124823827177803777","2518915579",
"1124660262974279682","Sat May 04 23:51:08 +0000 2019","0","@abiyyu991223 @hanafi10829579 JUAL BELI TIDAK HANYA DIPASAR. TAPI ADA JUGA DLM POLITIK. MARI KITA BELA SAMPAI TITIK DARAH PENGHABISAN PAK @prabowo DAN BANG @sandiuno YG JUAL BELI DG ALLAH SWT MELALUI PERANTARA ULAMA - IJTIMA ULAMA.","1124823805472301058","","aliflammeme","in","","0","0","0","https://x.com/undefined/status/1124823805472301058","2323042771",
"1124812115745722368","Sat May 04 23:51:02 +0000 2019","1","@TeguhHardiyan08 @KantapNian @Vinny_Cj @F41ryP1nk @diahkusumoo @ArwahMilitan @bangagoeng96 @asli_tanti @Asmara_1701 @jokowi Akhirnya ngaku juga. Strongpass ginseng Tidak membuat kantong bolong","1124823782034591744","","samhugget","in","","0","1","0","https://x.com/undefined/status/1124823782034591744","986195521395044353",
"1124634213049724933","Sat May 04 23:51:00 +0000 2019","1","@bangjoyb @fachry4 @chicohakim @_afri94 @sahaL_AS Di Jawa bukan hoax yg dipercaya. Tapi sejarah kelam masa lalu yg dialami mayoritas masyarakat. Sosok yg ditampilkan sudah kadaluarsa scr usia dan prestasi mentok habis. Yg utama : pedoman keluarga harmonis. Tak dipunya sosok capres lawan JKW","1124823773394325505","","bangjoyb","in","","0","1","0","https://x.com/undefined/status/1124823773394325505","3224016240",
"1124823718839013376","Sat May 04 23:50:47 +0000 2019","0","Dengan Cara Ini Pendukung 02 Bisa Tunjukan Ribuan Bukti Kecurangan Pemilu https://t.co/bEjIQ3nx67","1124823718839013376","","","in","","0","0","0","https://x.com/undefined/status/1124823718839013376","1051336389185290240",
"1124737198715105280","Sat May 04 23:50:30 +0000 2019","0","@yuh_ucup Gua ulang2 ampe prabowo capek","1124823646201978880","","BABUsiOREN","in","","0","0","0","https://x.com/undefined/status/1124823646201978880","2932948579",
"1124822085027733505","Sat May 04 23:50:22 +0000 2019","7","@IreneViena Waaaah..pak @prabowo dan pak @sandiuno kami seluruh rakyat indonesia khususnya pendukung 02 memohon agar jangan ada pertemuan dengan siapapun sebelum tgl 22 mei..#StopSitungKPU","1124823613549338624","","IreneViena","in","","0","0","1","https://x.com/undefined/status/1124823613549338624","319614357",
"1124179879795105792","Sat May 04 23:50:21 +0000 2019","8","@ipuds @abgbk99 @luviku @zarazettirazr @VideoSejarah @jokowi Hinaan cacian cibiran tidak akan bisa menjatuhkan harga diri seorang @jokowi ","1124823608004468736","","ipuds","in","","0","1","0","https://x.com/undefined/status/1124823608004468736","2337812702",
"1124823598080741376","Sat May 04 23:50:18 +0000 2019","1","Saat @SBYudhoyono dukung @prabowo tdk ada pendukung @jokowi yg kaitkan sakitnya bu Ani dg pilihan politik malah banyak mendoakan spy cepat sembuh tetapi hanya sesaat setelah @AgusYudhoyono ketemu JKW kelakuan spt ini bermunculan.. https://t.co/L07LSl4F55","1124823598080741376","https://pbs.twimg.com/media/D5wtF_oUwAE862Y.jpg","","in","","0","0","0","https://x.com/undefined/status/1124823598080741376","154002393",
"1124823584717721600","Sat May 04 23:50:15 +0000 2019","2","Hampir setiap pekan PKS melakukan Flash Mob kampanye simpatik ajak warga memilih PAS (Pasangan-Akal-Sehat) Prabowo-Sandi dan memilih Caleg PKS yg akan menguatkan PAS di parlemen. #17AprilPilihPKS https://t.co/HTcn6dcTbI","1124823584717721600","","","in","","0","0","0","https://x.com/undefined/status/1124823584717721600","135728969",
"1124823582633185281","Sat May 04 23:50:14 +0000 2019","0","Negarawan sekali Pak @MardaniAliSera salutttt. @jokamjakarta @MardaniAliSera @KawalPemilu2019 @mohmahfudmd @besmartyk @Yusrilihza_Mhd @ruhutsitompul @Gerindra @prabowo @sandiuno @LawanPolitik @KPU_ID @bawaslu_RI #Pemilu2019 #ArahBaru2019 #PrabowoSandi #PrabowoSandiMENANG https://t.co/MqCkcEOfxI","1124823582633185281","https://pbs.twimg.com/media/D5wtFWmUIAAiW2N.jpg","","in","","0","0","0","https://x.com/undefined/status/1124823582633185281","1099117689375621120",
"1124465475339972608","Sat May 04 23:50:11 +0000 2019","0","@AndiArief__ Cukup sekali lah bang.. Dan kita rakyat pendukung @prabowo pun berdoa untuk kesembuhan bu ani.. Jgn memperkeruh keadaan kami rakyat pendukung nya pun tidak ingin pak @prabowo Ikutan2 manufer manufer kayak gitu.. Nga musim lagi.","1124823569165312000","","Andiarief__","in","","0","0","0","https://x.com/undefined/status/1124823569165312000","217086556",
"1124823568204697600","Sat May 04 23:50:11 +0000 2019","0","Jika @prabowo Presidennya..!! https://t.co/oTd77kM9Nm","1124823568204697600","","","in","","0","0","0","https://x.com/undefined/status/1124823568204697600","2791592677",
"1124715870301777920","Sat May 04 23:50:03 +0000 2019","0","@_doncorleone78_ @prabowo @sandiuno Alhamdulillah saya ikut senang perjuangan yg membawa hasil.salam dari sumbar kota padang.","1124823536181202944","","_doncorleone78_","in","","0","0","0","https://x.com/undefined/status/1124823536181202944","1109613588237291520",
"1124823528501465088","Sat May 04 23:50:02 +0000 2019","1","Yg bilang terima Pilpres curang tak ada Pak @MardaniAliSera Yang bilang mengharamkan #2019gantipresiden berserakan dimana2. Semangat #2019GantiPresiden yg membuat saya memilih anda di Pileg2019 dan telah anda khianati sebelum dilantik jadi Aleg","1124823528501465088","","","in","","0","0","1","https://x.com/undefined/status/1124823528501465088","922589111122255872",
"1124706573002080258","Sat May 04 23:49:57 +0000 2019","0","@SiIvy_Riau02 @jokowi Jangan perlihatkan warnamu belum tepat waktu","1124823507991289856","","PeoplePower_id","in","","0","0","0","https://x.com/undefined/status/1124823507991289856","1351541736",
"1124545151236358144","Sat May 04 23:49:40 +0000 2019","0","@lreneViena Selalu tersisip doa terbaik diantara doa2 yg baik #DoaKamiUntukPrabowoSandi PRABOWO PRESIDEN RI pilihan rakyat Indonesia fakta membuktikan menang pilpres th 2019.","1124823436054880256","","Indonesia_leaks","in","","0","0","0","https://x.com/undefined/status/1124823436054880256","960117726575382528",
"1124823433601118208","Sat May 04 23:49:39 +0000 2019","0","Korban meninggal dan kecurangan pemilu RI 2019 ternyata rame dimuat media2 besar internasional. Pantesan skrg sijae bungkam.","1124823433601118208","","","in","","0","0","0","https://x.com/undefined/status/1124823433601118208","70721502",
"1124580975646666753","Sat May 04 23:49:24 +0000 2019","0","@mina_asih @narkosun @prabowo Ya sudah kalau hidup pas2an membuat hidup anda bahagia trus saya mau bilang apa?!","1124823371361898496","","mina_asih","in","","0","1","0","https://x.com/undefined/status/1124823371361898496","1391090870",
"1124621785176035328","Sat May 04 23:49:16 +0000 2019","0","@CNNIndonesia Kurang krjaan prabowo klah lgi","1124823339355127808","","CNNIndonesia","in","","0","0","0","https://x.com/undefined/status/1124823339355127808","751307477111582720",
"1124823310552969216","Sat May 04 23:49:10 +0000 2019","0","#JokowiCakImin #JoinKepri2019 #NasionalisReligius FOLLOW | RETWEET | LIKE | KOMEN Jokowi-CakImin https://t.co/tDfDETCFwD","1124823310552969216","","","in","","0","0","0","https://x.com/undefined/status/1124823310552969216","951299907083681792",
"1124548348004798465","Sat May 04 23:49:04 +0000 2019","1","@JeffSonNKRI @BadjaNuswantara @jokowi @CCICPolri @DivHumas_Polri @BareskrimPolri @BSSN_RI @BIN_Official @Gerindra @PKSejahtera @Official_PAN @BeritaDAS @Fahrihamzah @RizmaWidiono @permadiaktivis @Takviri Pak dirut bank dikasih pelajaran sopan santun pak pindah jabatannya saja","1124823288436236289","","JeffSonNKRI","in","","0","0","0","https://x.com/undefined/status/1124823288436236289","1091858411971461121",
"1124823279594659840","Sat May 04 23:49:02 +0000 2019","0","Lama2 mirip film holiwud Korupsi pembunuhan kecurangan pemilu kejahatan masif yg berujung di satu titik pangkal","1124823279594659840","","","in","","0","0","0","https://x.com/undefined/status/1124823279594659840","589815173",
"1124812115745722368","Sat May 04 23:49:02 +0000 2019","0","@HoetomoSastro @KantapNian @Vinny_Cj @F41ryP1nk @diahkusumoo @ArwahMilitan @bangagoeng96 @asli_tanti @Asmara_1701 @jokowi Srongpas ginseng behahahaa","1124823278114070529","","HoetomoSastro","nl","","0","1","0","https://x.com/undefined/status/1124823278114070529","2518915579",
"1124531393625595904","Sat May 04 23:48:50 +0000 2019","2","@cecep66 @GagahWicaksana @jokowi @prabowo @berteman_mari @Fahrihamzah @fadlizon @CintaNKRI12 @suwardihagani @Restcayah Yg satu nyatir lainnya polosan.tegang.... percuma gue ngata2in barisan cebong dungu dari dulu kalau teman sebarisan aje ternyata sama.. Plis deh sebelum komen.baca baik2 pikir baik2.","1124823229036617728","","cecep66","in","","0","2","1","https://x.com/undefined/status/1124823229036617728","3179027227",
"1124823198946619393","Sat May 04 23:48:43 +0000 2019","0","Tim Kampanye Nasional (TKN) Joko Widodo-Ma'ruf Amin menganggap pidato hijrah ala Jokowi sangat relevan dan tepat untuk kondisi bangsa saat ini. #2019JokowiKyaiMaruf #RakyatInginJokowiPresidenLagi #AgathaSuciDiPRO2FM https://t.co/huarOvAj3d","1124823198946619393","","","in","","0","0","0","https://x.com/undefined/status/1124823198946619393","1036458406846943232",
"1124823179011092480","Sat May 04 23:48:38 +0000 2019","0"," Kita percaya kebenaran selalu menang. Itu ajaran semua agama di dunia. kebenaran selalu menang jangan ragu. Kita berada di atas jalan yang benar kata Prabowo.","1124823179011092480","","","in","","0","0","0","https://x.com/undefined/status/1124823179011092480","974581123333308417",
"1124823129841213440","Sat May 04 23:48:27 +0000 2019","0","semalam saya mimpiin ketemu langsung sama pakdeh @jokowi apa ini pertanda cita cita saya bakal tercapai...","1124823129841213440","","","in","","0","0","0","https://x.com/undefined/status/1124823129841213440","424003702",
"1124823116444839937","Sat May 04 23:48:23 +0000 2019","0","Marwan: Bermasalah Tunda Pengumuman Suara Pemilu 2019! https://t.co/7nnJHZOhmD https://t.co/y1ILurUue0","1124823116444839937","https://pbs.twimg.com/media/D5wsqdWXoAAcAk7.jpg","","in","","0","0","0","https://x.com/undefined/status/1124823116444839937","1060371244376150017",
"1124823111973601280","Sat May 04 23:48:22 +0000 2019","0","https://t.co/P40vEI7l9e Aktifis sejati gak harus selalu bertakhta tinggi...Indonesia darurat demokrasi... #IndonesiaCallsHarimanSiregar","1124823111973601280","","","in","","0","0","0","https://x.com/undefined/status/1124823111973601280","2919772580",
"1124745851002208256","Sat May 04 23:48:19 +0000 2019","2","@joked2019 Innalillahi wa innailahi roji'un...ya Allah bukalah tabir yang menyelimuti misteri kematian para pejuang bangsa di pilpres tahun ini. Hanya Engkau yang kuasa ya Allah","1124823097113174016","","","in","","0","0","0","https://x.com/undefined/status/1124823097113174016","2166765157",
"1124823084475867136","Sat May 04 23:48:16 +0000 2019","0","https://t.co/P40vEI7l9e Fahrihamzah saya juga PRIHATIN SEDIH DAN LARA HATI !! melihata Baginda Arah Baru Indonesia cm jualan BACOT saja !! demi DEMOKRASI !! MUNAFIK ANDA !! cuma diam tanpa kata tdk memberi selamat kpd 1 pihak yang sdh 3x deklarasi kemenangan !! sedang kan anda ","1124823084475867136","","","in","","0","0","0","https://x.com/undefined/status/1124823084475867136","2919772580",
"1124823078611984384","Sat May 04 23:48:14 +0000 2019","0","Selamat menjalankan ibadah puasa ramadhan. Mari panjatkan doa selama puasa agar Allah turunkan Pertolongan kepada bangsa kita agar tercipta pemilu yang jujur.","1124823078611984384","","","in","","0","1","0","https://x.com/undefined/status/1124823078611984384","3836209764",
"1124472545858637824","Sat May 04 23:48:12 +0000 2019","0","@JG_Kusumo @lukman_dyt @jokowi @DPR_RI @DKPP_RI @bawaslu_RI @Reuters @AlJazeera @hrw tidak di autopsi kah jenazahnya...?","1124823070445670400","","JG_Kusumo","in","","0","0","0","https://x.com/undefined/status/1124823070445670400","3614381894",
"1124630098001285121","Sat May 04 23:48:12 +0000 2019","0","@alumniakbar_212 @Ngehi_Lawu @geloraco @SBYudhoyono @AgusYudhoyono @prabowo @sandiuno Yg pasti pembelaan PD sangat lemah terhadap umat Islam jadi apa yg bisa disandarkan kpd partai ini?","1124823067639705600","","nahi_munkar_","in","","0","0","0","https://x.com/undefined/status/1124823067639705600","1101069993486123008",
"1124823026996920320","Sat May 04 23:48:02 +0000 2019","0","dunia yng mana tau prabowo menang fahri??? ato dunia yng lain???","1124823026996920320","","","in","","0","0","0","https://x.com/undefined/status/1124823026996920320","830734142513909764",
"1124823024400719872","Sat May 04 23:48:01 +0000 2019","0","Jokowi-Amin dan Prabowo-Sandi imbang di Tunisia https://t.co/JvFpeNdB46","1124823024400719872","","","in","","0","0","0","https://x.com/undefined/status/1124823024400719872","91941244",
"1124581402282827776","Sat May 04 23:48:01 +0000 2019","1","@PriyoBudiS @Asmara_1701 @Erwin27032989 @prabowo @sandiuno Sejak awal @KPU_ID dah diingatkan akan sangsi hukum pidana menambah mengurangi atau menghilangkan suara tetapi tdk derewes kesalahan terus berlajut itu nampak kesengajaan terutama pasal 532 https://t.co/SYrhW4rQqJ","1124823023842779136","https://pbs.twimg.com/media/D5wsg-bUcAAslTG.jpg","PriyoBudiS","in","","0","0","0","https://x.com/undefined/status/1124823023842779136","4561985780",
"1124637338280157185","Sat May 04 23:47:59 +0000 2019","0","@PriyoBudiS @RamliRizal Nanti setelah presiden Prabowo dilantik penjahat pemilu diadili disitu mengaku dan minta maaf sm slruh masy Indonesia nanti dikasih keringan hukuman sama Presiden itu bentuk rekonsiliasinya.","1124823016024580098","","PriyoBudiS","in","","0","0","0","https://x.com/undefined/status/1124823016024580098","106900343",
"1124745851002208256","Sat May 04 23:47:41 +0000 2019","25","@joked2019 @Bambang98852293 _Kalau memang terjadi saksi Pas di ppk Amalatu maluku mati dibunuh. subhanallah _sudah biadab sekali dan sangat menambah duka pemilu 2019 smg aparat sgr menemukan pelakunya. Dan sbr yg dtinggalkan.amin Y R A.","1124822936857137152","","","in","","1","2","0","https://x.com/undefined/status/1124822936857137152","1104464363933429760",
"1124465475339972608","Sat May 04 23:47:30 +0000 2019","2","@AndiArief__ Kenapa ga nanya langsung ke Pak Prabowo aja? Kenal kan?","1124822893194387456","","Andiarief__","in","","0","0","1","https://x.com/undefined/status/1124822893194387456","230681519",
"1124812115745722368","Sat May 04 23:47:28 +0000 2019","0","@KantapNian @Vinny_Cj @F41ryP1nk @diahkusumoo @ArwahMilitan @bangagoeng96 @asli_tanti @Asmara_1701 @jokowi Tapi kan dia belom tentu mau hahaa ","1124822882603765761","","","in","","0","0","0","https://x.com/undefined/status/1124822882603765761","2518915579",
"1124275083319447552","Sat May 04 23:47:21 +0000 2019","0","@sederhananih Anjir . ternyata sudah disiapkan pengganti capres (capres lho capres) Sampai tahun2 masa Depan... sehat selalu dede bayi....","1124822853126197248","","sederhananih","in","","0","0","0","https://x.com/undefined/status/1124822853126197248","589647160",
"1124822848797679616","Sat May 04 23:47:20 +0000 2019","0","NGAKU orang2 CERDAS dan berAgama tapi Provokasi Jihad 22Mei... Jihad koq untuk untuk Pilpres... Sesungguhnya kalianlah Penista Agama yang benar2 Nyata... Sambil Menikmati Derasnya Hujan Pagi... Palembang 050519","1124822848797679616","","","in","","0","0","0","https://x.com/undefined/status/1124822848797679616","261827048",
"1124822846469840897","Sat May 04 23:47:19 +0000 2019","1","Petugas Pemilu yang meninggal dunia sudah 412 orang. Dimanakah Jokowi? Dimanakah DPR-RI? Dimanakah DKPP RI? Dimanakah Bawaslu RI? apakah Indonesia masih ada?","1124822846469840897","","","in","","0","1","0","https://x.com/undefined/status/1124822846469840897","249710869",
"1124819528150441986","Sat May 04 23:47:16 +0000 2019","0","@a99ung_Pr @prabowo Mgkn karena sama2 dokter mas.","1124822833446580225","","","in","","0","0","0","https://x.com/undefined/status/1124822833446580225","1052703629528854530",
"1124822830850297857","Sat May 04 23:47:15 +0000 2019","0","Ayo dukung jokowi 1 peroide lagi #Jokowi2Periode #Jokowi2Peroide","1124822830850297857","","","in","","0","0","0","https://x.com/undefined/status/1124822830850297857","1036464505943818241",
"1124680411097980928","Sat May 04 23:47:13 +0000 2019","1","@AzizunHakim14 @MangAden1 @prabowo Demokrat itu parte cengenggggg....hauss kekuasaan...!!","1124822820972711936","","AzizunHakim14","in","","0","1","0","https://x.com/undefined/status/1124822820972711936","1443504308",
"1124822804371607553","Sat May 04 23:47:09 +0000 2019","0","banyak ngelezz https://t.co/ENGgpkpPW2 https://t.co/ENGgpkpPW2","1124822804371607553","","","in","","0","0","0","https://x.com/undefined/status/1124822804371607553","949511612",
"1124660453630566400","Sat May 04 23:47:09 +0000 2019","0","@albertpanjaitn @deglt @SBYudhoyono @prabowo Mana pernah sdr manusia yg hidupnya cuma mikiri kekuasaan nanti setelah nyawa dikerongkongan bru sadar klu mosadar skrang pun sdh hrus sang istri yg terbsring skit tu cobaan dri Allah #IndonesiaCallsHarimanSiregar #DoaKamiUntukPrabowoSandi","1124822803230773249","","BatakModeren","in","","0","0","0","https://x.com/undefined/status/1124822803230773249","867000304528629760",
"1124637706510716928","Sat May 04 23:47:04 +0000 2019","2","@jeansaprilia @Mbah_laban02 Yoyo pril demi Indonesia lebih baik mari dukung Pak Prabowo. #Setiadukungprabowo","1124822783098216448","","jeansaprilia","in","","0","0","0","https://x.com/undefined/status/1124822783098216448","867814417",
"1124822779520405505","Sat May 04 23:47:03 +0000 2019","0","Tetap fokus Jokowi 2 Periode that is the point #2019jokowilanjut #2019TetapJokowi #2019JokowiMaruf #2019JokowiMarufAmin","1124822779520405505","","","in","","0","0","0","https://x.com/undefined/status/1124822779520405505","1027415321290756096",
"1124822775976288256","Sat May 04 23:47:02 +0000 2019","0","Tetap fokus Jokowi 2 Periode that is the point #2019jokowilanjut #2019TetapJokowi #2019JokowiMaruf #2019JokowiMarufAmin","1124822775976288256","","","in","","0","0","0","https://x.com/undefined/status/1124822775976288256","1027073112313982977",
"1124822775200280576","Sat May 04 23:47:02 +0000 2019","0"," buat kami cukup sudah Ahok yang kalian fitnah.. Jika kalian mengganggu pak Jokowi Kami akan fight ingat : ini Presiden Jokowi yg dicintai rakyatnya CATAT!!! #2019PilihJokowi #2019TetapJokowi","1124822775200280576","","","in","","0","0","0","https://x.com/undefined/status/1124822775200280576","1027424202041655296",
"1124822772289380353","Sat May 04 23:47:01 +0000 2019","0","Alhamdulillah timeline sudah bersih dari pembahasan pemilu berkah Ramadhan ","1124822772289380353","","","in","","0","1","0","https://x.com/undefined/status/1124822772289380353","224584281",
"1124815647106523136","Sat May 04 23:46:56 +0000 2019","1","@KhotuTayawi Semoga pada insyaf tu yg mencurangi Pemilu #SitungKPUBikinSinting #SitungKPUBikinSinting","1124822748658724865","","KhotuTayawi","in","","0","2","0","https://x.com/undefined/status/1124822748658724865","1085537286530330625",
"1124580872567394305","Sat May 04 23:46:42 +0000 2019","0","@msaid_didu @ILCtv1 @karniilyas Opini saya petahana akan ketakutan jika ILC membuat tema 'kecurangan pemilu' yang akan sangat banyak buktinya dan narasumber 01 tidak bisa bersuara","1124822691666489344","","msaid_didu","in","","0","0","0","https://x.com/undefined/status/1124822691666489344","1115315228697227265",
"1124820838119690241","Sat May 04 23:46:39 +0000 2019","1","@humaira979 Keluargaku jg terutama bapakku sblm jam 3 pas pemilu kakak dpt dari grup wa kalo TPS di maluku papua dn skitarnya Jokowi kalah telak muka bapak lgsg sedih resah kebayang waktu Ahok kalah tp Alhamdulillah pas liat QC Jokowi unggul lgsg gembira saya ikutan seneng gegara bapak","1124822679503040517","","bdkjmb1","in","","0","1","0","https://x.com/undefined/status/1124822679503040517","1710765092",
"1124822645298479104","Sat May 04 23:46:31 +0000 2019","1","Lagi musim kebakaran hutan... https://t.co/O0V6ZBEfHu","1124822645298479104","","","in","","0","0","0","https://x.com/undefined/status/1124822645298479104","859464642753470464",
"1124822632900096003","Sat May 04 23:46:28 +0000 2019","0","Kawan2 jangan hiraukan oleh pasukan golput yg cuitanya memojokan pasangan Capres &amp; cawapres jokowi &amp; Hk Ma'ruf Amin. Bila perlu Ras dan blokir akun 2 mereka. Cuitan ujaran kebencian &amp; provokasi blokir! #JokowiMarufAmin2019 #Jokowi2Periode #2019KitaPilihJokowiAja","1124822632900096003","","","in","","0","0","0","https://x.com/undefined/status/1124822632900096003","1025278791730380805",
"1124176362921549824","Sat May 04 23:46:27 +0000 2019","4","@JambiNoor @jokowi @budimandjatmiko @Kadir_Karding @hanifdhakiri @kang_maman72 @an_tarigan @dERa_Revolt @laok_behao @dartowojtyla JKPP Dukung @jokowi Cabut Konsesi yg bersengketa dg rakyat https://t.co/zODz06LEMA @hanavink https://t.co/D8r1wHIL7E","1124822629607542784","https://pbs.twimg.com/media/D5wsNwhUwAAbltR.jpg","JambiNoor","in","","1","1","1","https://x.com/undefined/status/1124822629607542784","621783096",
"1124816445135839233","Sat May 04 23:46:24 +0000 2019","4","@IreneViena @SBYudhoyono @PDemokrat @prabowo Namanya aja penghianat....mirip2 ama yahudi","1124822617439866880","","IreneViena","in","","0","0","0","https://x.com/undefined/status/1124822617439866880","472056367",
"1118014173697331201","Sat May 04 23:46:19 +0000 2019","0","@minkguri Oh poto capres wkwkwkwwk","1124822594857738240","","ceojiyu","in","","0","0","0","https://x.com/undefined/status/1124822594857738240","1045648434131169280",
"1124822593859547137","Sat May 04 23:46:19 +0000 2019","0","Pasal 532 UU pemilu #IndonesiaCallsHarimanSiregar","1124822593859547137","","","in","","0","0","0","https://x.com/undefined/status/1124822593859547137","350769695",
"1124822575245213698","Sat May 04 23:46:14 +0000 2019","164","Mohon maaf jika selama musim pilpres saya membuat kesalahan yang tak disengaja ataupun kesalahan yang massif terstruktur dan sistematis. Selamat ibadah puasa. https://t.co/IaSRT8yNPB","1124822575245213698","https://pbs.twimg.com/media/D5wsJ-2UUAABp-b.jpg","","in","","2","29","19","https://x.com/undefined/status/1124822575245213698","194083131",
"1124706573002080258","Sat May 04 23:46:13 +0000 2019","0","@SiIvy_Riau02 @jokowi Siap Purwakarta","1124822571889774592","","PeoplePower_id","in","","0","0","0","https://x.com/undefined/status/1124822571889774592","1113670231103131648",
"1124822547646652416","Sat May 04 23:46:08 +0000 2019","1","Partai Amanat Nasional Dikabarkan Merapat ke Jokowi Amien Rais Sebut Omong Kosong Sama Sekali https://t.co/NFWI1LLPYt #Pilpres2019 #PemiluDamai #PemiluIndonesia #Pileg2019 #JokowiAmin #PrabowoSandi #AmienRais #PAN #Politik #Pemilu2019 #Indonesia","1124822547646652416","","","in","","0","0","0","https://x.com/undefined/status/1124822547646652416","103551225",
"1124816445135839233","Sat May 04 23:46:07 +0000 2019","22","@IreneViena @LaweNkri @SBYudhoyono @PDemokrat @prabowo Menurutku SBY adalah presiden terbaik setelah Gus Dur. Tp melihat kecurangan spt ini diam saja dan malah AHY bikin manuver bikin penilaian saya berubah dan saya yakin mulai byk yang percaya pada kak @IreneViena walau awalnya ragu","1124822543272046592","","IreneViena","in","","0","2","2","https://x.com/undefined/status/1124822543272046592","3170866136",
"1124822461583958016","Sat May 04 23:45:47 +0000 2019","0","Petugas Pemilu yang Meninggal Jadi 440 Orang 3788 Lainnya Sakit #AuditForensikKPU #KPUJanganKurangiSuara02 https://t.co/ouEKkDFy34","1124822461583958016","","","in","","0","0","0","https://x.com/undefined/status/1124822461583958016","62170147",
"1124793092542885889","Sat May 04 23:45:38 +0000 2019","7","@TheArieAir Gw di depok aja ga ada TKN muncul. Dateng kek grup TKN atau ngadain pengajian dengan ulama NU yg lebih adem. Ga usah ngomongin yg menjurus milih jokowi. Jawab aja pertanyaan yg muncul di masyarakat tentang ke islaman presiden dan tangkal hoax dr ustad anarkis","1124822423650455552","","TheArieAir","in","","0","1","1","https://x.com/undefined/status/1124822423650455552","2407733861",
"1124748411721228289","Sat May 04 23:45:38 +0000 2019","0","@RachlanNashidik Sudah saatnya kasus kejahatan Pilpres diajukan ke Mahkamah International @IntlCrimCourt @CIJ_ICJ Ini sdh kategori kejahatan demokrasi &amp;kemanusiaan @prabowo @sandiuno @fadlizon @AkunTofa @Dahnilanzar #IndonesiaFraudElection #MassiveFraudElection #KPUJanganKurangiSuara02","1124822423168151552","","rachlannashidik","in","","0","0","0","https://x.com/undefined/status/1124822423168151552","816948575380738048",
"1124120053622853632","Sat May 04 23:45:34 +0000 2019","0","@Ailla08057173 @sweett_orange @ustadtengkuzul kita serahkan kepada elit elit saja masalah sengketa hasil suara. Kalo kecurangan itu sudah pasti ada dari setiap pemilu. Yg saya permasalahkan sini adalah masalah ulama yg tidak sesuai kualitasnya suka menebar kebencian dan provokasi. Ulama NU juga banyak mndukung 02","1124822407204618241","","Ailla08057173","in","","0","0","0","https://x.com/undefined/status/1124822407204618241","1115076246038147072",
"1124822388796010496","Sat May 04 23:45:30 +0000 2019","0","Berita terbaru hari ini SRUDUK KPU ! BENTANG4N 1 KM PRABOWO PRESIDEN BIKIN KPU STROKE B3R4T&amp;M3MBUJUR K4KU #INDONESIAMENANG Cek langsung video lengkapnya : https://t.co/xZvmJ2m0oq","1124822388796010496","","","in","","0","0","0","https://x.com/undefined/status/1124822388796010496","1051583368402366464",
"1124822383171391490","Sat May 04 23:45:28 +0000 2019","0","PERHITUNGAN SUARA PEMILIHAN PRESIDEN JOKOWI DENGAN 56 12 PERSEN https://t.co/ukIuN31HkE https://t.co/la9WfWCd5M","1124822383171391490","https://pbs.twimg.com/media/D5wr_vMWsAAuEcQ.jpg","","in","","0","0","0","https://x.com/undefined/status/1124822383171391490","936461666128093184",
"1124822382378614784","Sat May 04 23:45:28 +0000 2019","0","Pilpres Kelar Demokrat: Kami Tidak Pernah Deklarasi sebagai Oposisi Kode Keras Apa Ini ? https://t.co/K5jS7mtgTl","1124822382378614784","","","in","","0","0","0","https://x.com/undefined/status/1124822382378614784","809012774479089664",
"1124822356550082563","Sat May 04 23:45:22 +0000 2019","0","Lima Amanat PBNU Kepada Pasangan Jokowi-KMA https://t.co/v5oBRwFIqG","1124822356550082563","","","in","","0","0","0","https://x.com/undefined/status/1124822356550082563","242658203",
"1124822352502484993","Sat May 04 23:45:21 +0000 2019","2743","Makin banyak penasaran kita soal serba serbi pemilu ini...makin banyak PR pemerintah dan kaum cerdik pandai untuk terlibat...maju terus pak dosen...","1124822352502484993","","","in","","16","97","1102","https://x.com/undefined/status/1124822352502484993","120968478",
"1124822342276911104","Sat May 04 23:45:19 +0000 2019","0","TKN Laporkan Pelanggaran Pemilu Sandiaga: Kecurangan di Kedua Kubu https://t.co/RoKidQ9zb9","1124822342276911104","","","in","","0","0","0","https://x.com/undefined/status/1124822342276911104","3231808008",
"1124822331795197952","Sat May 04 23:45:16 +0000 2019","0","Yaa Rabb sebagai hamba Mu kami ikhlas atas berpulangnya saudara2 kami petugas pemilu ke sisi Mu. Tapi sebagai warga negara kami berhak tahu penyebabnya karena mereka sedang menjalankan tugas. Yaa Rabb berilah kami petunjuk...","1124822331795197952","","","in","","0","0","0","https://x.com/undefined/status/1124822331795197952","2876368950",
"1124822305924739072","Sat May 04 23:45:10 +0000 2019","0","Pendukung Prabowo gw liat udah terbagi 2 1. Yg terheran-heran dgn tingkah Prabowo dan bpn-nya 2. Yg menganggap tingkah Prabowo dan BPN selalu benar #TerimakasihNetizen","1124822305924739072","","","in","","0","0","0","https://x.com/undefined/status/1124822305924739072","211511123",
"1124822302850347008","Sat May 04 23:45:09 +0000 2019","0","Please jangan kayak kampanye capres kebanyakan janji tapi nyatanya nggak ditepati. -_-","1124822302850347008","","","in","","0","0","0","https://x.com/undefined/status/1124822302850347008","2546464165",
"1124484502883979264","Sat May 04 23:45:05 +0000 2019","0","@ruhutsitompul Allhamdulillah ...Allah subhanahu wataalla Masih menghendaki NKRI di pimpin jokowi Melalui pilihan rakyat...Kunpayakun","1124822286056321024","","ruhutsitompul","in","","0","0","0","https://x.com/undefined/status/1124822286056321024","1119415348434915328",
"1124822278850498560","Sat May 04 23:45:04 +0000 2019","0","Tomas Dan Toga Apresiasi Pemilu Di Cianjur Berjalan Jurdil https://t.co/Id9HMinFsA","1124822278850498560","","","in","","0","0","0","https://x.com/undefined/status/1124822278850498560","1061614229180936193",
"1124578054712332289","Sat May 04 23:44:58 +0000 2019","0","@inianakmedanlae @Love0nU @vintenas @Mas_AWS Ga ada yg aneh diberita itu saya udah tau semuanya. Seseorang jadi pengusaha sah2 aja. Ga ada yg korup. Mereka ga pake fasilitas negara. Tolol koq dipelihara. Siapa jg yg lari ke luar negeri? Prabowo itu stlh pensiun diminta temennya ngajarin militer di yordania","1124822255869939713","","inianakmedanlae","in","","0","0","0","https://x.com/undefined/status/1124822255869939713","33882013",
"1124715870301777920","Sat May 04 23:44:48 +0000 2019","0","@_doncorleone78_ @BangPino_ @prabowo @sandiuno Terima kasih atas perjuangan yg tampa pamrih dan tdk mengenal rasa lelah...hny dgn hati yh ikhlaslah smua bs terlampaui...","1124822215302606848","","_doncorleone78_","in","","0","0","0","https://x.com/undefined/status/1124822215302606848","1030247548861071360",
"1124822161196142592","Sat May 04 23:44:36 +0000 2019","1","Kalo tujuan rezim ini untuk menembaki rakyat yg protes akan kecurangan pemilu ini atau istilahnya people power darah dan nyawa saya Uda siap. Kami akan akan lawan dengan apapun itu caranya.","1124822161196142592","","","in","","0","0","0","https://x.com/undefined/status/1124822161196142592","894227516679835649",
"1124822155076653056","Sat May 04 23:44:34 +0000 2019","0","Faktor Kemenangan Jokowi-KMA 40 Persen Disumbang Warga NU https://t.co/9rIm40h7W9","1124822155076653056","","","in","","0","0","0","https://x.com/undefined/status/1124822155076653056","242658203",
"1124813211117580288","Sat May 04 23:44:32 +0000 2019","0","@republikaonline Emang mau pindah kemana? Lalu uangnya darimana kalau ternyata bukan dari APBN? Apakah DPR + MPR sudah tahu dan setuju atau tidak perlu persetujuan DPR + MPR? Ibu kota pindah Presiden Jokowi memilih tidak memakai dana APBN. https://t.co/gEQVe5snPD","1124822147082309634","","republikaonline","in","","0","0","1","https://x.com/undefined/status/1124822147082309634","230681519",
"1124822146302103552","Sat May 04 23:44:32 +0000 2019","1","kami tunggu gebrakan anda pemerintah Rezim @jokowi jgn sampai kami yg gebrak duluan mreka yg selalu bikin gaduh di NKRI ini. tolong buatkan undang undang khusus warga keturunan untuk tudak buat gaduh dan jadi biang provokasi. Cc @edo751945 @wiranto1947","1124822146302103552","","","in","","0","0","1","https://x.com/undefined/status/1124822146302103552","864212965",
"1124751263881515009","Sat May 04 23:44:31 +0000 2019","0","@CoretPdipilpres @DivHumas_Polri @BareskrimPolri @jokowi Klo dipincangin ampe seumur hidupnya... ape masih blagu tu orang","1124822143076749313","","antakara_86","in","","0","0","0","https://x.com/undefined/status/1124822143076749313","1078811548502568960",
"1124614411920990209","Sat May 04 23:44:28 +0000 2019","0","@haikal_lbs Selalu doa yg terbaik diantara doa2 yg baik #DoaKamiUntukPrabowoSandi PRABOWO PRESIDEN RI pilihan rakyat Indonesia aamiin yra","1124822127553572864","","hkLSIP","in","","0","0","0","https://x.com/undefined/status/1124822127553572864","960117726575382528",
"1124812115745722368","Sat May 04 23:44:21 +0000 2019","0","@TeguhHardiyan08 @KantapNian @Vinny_Cj @F41ryP1nk @diahkusumoo @ArwahMilitan @bangagoeng96 @asli_tanti @Asmara_1701 @jokowi Kan ono seng alami. Murah meriah.. ","1124822098445078528","","samhugget","in","","0","1","0","https://x.com/undefined/status/1124822098445078528","986195521395044353",
"1124646941093126144","Sat May 04 23:44:13 +0000 2019","0","@JajangRidwan19 @tribunnews Waduh.. untung ga ada yg gw coblos saat pemilu lalu dri partai ini..","1124822065121452032","","jr_kw19","in","","0","0","0","https://x.com/undefined/status/1124822065121452032","1899440904",
"1124822026256936960","Sat May 04 23:44:03 +0000 2019","0","Ormas Islam Minta Jokowi-Prabowo Segera Bertemu https://t.co/SsGVQmXvhY","1124822026256936960","","","in","","0","0","0","https://x.com/undefined/status/1124822026256936960","242658203",
"1124822024184942592","Sat May 04 23:44:03 +0000 2019","0","Tolong pak @jokowi kalo memang ini benar tolong di usut. Kalau memang ini fitnah tolong juga di usut. @permadiaktivis","1124822024184942592","","","in","","0","0","0","https://x.com/undefined/status/1124822024184942592","733917824385613824",
"1124715870301777920","Sat May 04 23:44:00 +0000 2019","1","@_doncorleone78_ @CaptYudi @prabowo @sandiuno ALLAHUAKBAR ","1124822011610427392","","_doncorleone78_","in","","0","0","0","https://x.com/undefined/status/1124822011610427392","1090114871809568768",
"1124822001665724416","Sat May 04 23:43:58 +0000 2019","0","TRAGENDI NASIONAL. Sekjen KPU Arif Rahman merilis data terbaru per tgl 4 Mei petugas Pemilu yg wafat telah mencapai 440 &amp; sakit 3.788 (4/5). Kematian bkn krn lelah tetapi gagal jantung &amp; pernafasan kata dr. Yogi Prabow SpOT presidium Mer-C. Jk py nurani 01 hrsnya mundur. https://t.co/g9PzzXLyQi","1124822001665724416","https://pbs.twimg.com/media/D5wrpDnV4AAnB4U.jpg","","in","","0","0","0","https://x.com/undefined/status/1124822001665724416","1107891136499089408",
"1124821989233909760","Sat May 04 23:43:55 +0000 2019","0","@jokowi Maaf pak. Hari menjelang Ramadhan ini kami dari masyarakat Polewali Mandar ingin menyampaikan keluhan kami bahwa Tabung Gas LPG 3 KG sangat langka. Entah apa sebabnya pak. Kami selaku masyarakat merasa dirugikan apa lgi menjelang bulan suci Ramadhan. Mohon bantuannya. ","1124821989233909760","","jokowi","in","","0","1","0","https://x.com/undefined/status/1124821989233909760","3066245622",
"1124686787081752576","Sat May 04 23:43:50 +0000 2019","0","@do_ra_dong Nanti yang kabur bawa peledak akan meledakan diri/gedung di jakarta yg meledakan tewas dgn membawa ktp atau ijaza atau negara dinyatakan dlm keadaan darurat..status quo pemerinthan dst dst..intinya @prabowo batal di lantik jd presiden..LAWAN !!! #IndonesiaCallsHarimanSiregar","1124821970430771201","","do_ra_dong","in","","0","0","0","https://x.com/undefined/status/1124821970430771201","1438654464",
"1124569888704454657","Sat May 04 23:43:49 +0000 2019","0","@SurYosodipuro_ @leoagus13181755 @prabowo @sandiuno @Fahrihamzah @AkunTofa Insyaa Allah prabowo menang ingat ini dilapas mn dan tanya si bapak ini polisi serta sipirnya siapa?? Ga tau namanya orgnya setodaknya ingat.. Ini sudah keterlaluan... Hak demokrasi sdh ditelanjangi.... ","1124821965615722497","","SaveMoslem1","in","","0","0","0","https://x.com/undefined/status/1124821965615722497","98362757",
"1124752732944920576","Sat May 04 23:43:39 +0000 2019","0","@helmifelis Sok hebat si salahkan mreka yg mengusulkan pemilu serentak...!!","1124821922368200704","","HelmiFelis_","in","","0","0","0","https://x.com/undefined/status/1124821922368200704","4003483460",
"1123046479604490240","Sat May 04 23:43:39 +0000 2019","0","@Wawanda @jokowi Jelas banjir ringan saat dia gubernur","1124821922238291968","","Wawanda","in","","0","0","0","https://x.com/undefined/status/1124821922238291968","141096854",
"1124821904190087168","Sat May 04 23:43:34 +0000 2019","1","@null Fadli Zon Klaim 1 Juta Berkas Situng KPU Tak Disertai Dokumen C-1 Fadli Zon meng https://t.co/uFfg6iV1wK","1124821904190087168","","null","in","","0","0","1","https://x.com/undefined/status/1124821904190087168","474668024",
"1124821901677715456","Sat May 04 23:43:34 +0000 2019","1","@null Fadli Zon Klaim 1 Juta Berkas Situng KPU Tak Disertai Dokumen C-1 Fadli Zon meng https://t.co/CRbxcZMWks","1124821901677715456","","null","in","","0","0","0","https://x.com/undefined/status/1124821901677715456","486386712",
"1124320815963463682","Sat May 04 23:43:31 +0000 2019","0","@CNNIndonesia Pasca pilpres koalisi 02 terancam menyisakan PKS dgn Gerindra yg dominnan. PAN dan Demokrat diduga gabung dgn 01. Amin shg semkain kuat dukungan pemrintah di parlemen.","1124821890529259520","","CNNIndonesia","in","","0","0","0","https://x.com/undefined/status/1124821890529259520","1070208365651873792",
"1124821888063033344","Sat May 04 23:43:30 +0000 2019","1","@null Fadli Zon Klaim 1 Juta Berkas Situng KPU Tak Disertai Dokumen C-1 Fadli Zon meng https://t.co/MvfzJZevew","1124821888063033344","","null","in","","0","0","1","https://x.com/undefined/status/1124821888063033344","253570473",
"1124176362921549824","Sat May 04 23:43:30 +0000 2019","2","@JambiNoor @jokowi @budimandjatmiko @Kadir_Karding @hanifdhakiri @kang_maman72 @an_tarigan @dERa_Revolt @laok_behao @dartowojtyla Aku padamu Pak Dhe","1124821884585910272","","JambiNoor","in","","1","0","0","https://x.com/undefined/status/1124821884585910272","440897683",
"1124821860229640193","Sat May 04 23:43:24 +0000 2019","0","TKN: Jokowi Presiden untuk Semua Rakyat Indonesia https://t.co/T7KjOt1LH1","1124821860229640193","","","in","","0","0","0","https://x.com/undefined/status/1124821860229640193","242658203",
"1124645952399085569","Sat May 04 23:43:23 +0000 2019","1","@bangzul_1988 @ustadtengkuzul @PDI_Perjuangan @prabowo @jokowi @KPU_ID Beredar kabar pdip melakukan penggelembungan suara bahkan oleh partai koalisi ","1124821855284498432","","bangzul_88","in","","0","0","0","https://x.com/undefined/status/1124821855284498432","1115315228697227265",
"1124821770706477056","Sat May 04 23:43:02 +0000 2019","0","Situng KPU 66 17 Persen Jokowi-Ma'ruf Masih Jaga Jarak 12 Juta Suara: https://t.co/JTD3bxdhjm via @metrobali","1124821770706477056","","","in","","0","0","0","https://x.com/undefined/status/1124821770706477056","304383364",
"1124821768017809408","Sat May 04 23:43:02 +0000 2019","0","Setuju Tadz... segera bentuk TGPF PEMILU 2019","1124821768017809408","","","in","","0","0","0","https://x.com/undefined/status/1124821768017809408","544831696",
"1124821716822151168","Sat May 04 23:42:50 +0000 2019","0","Kemenangan Jokowi Dan Masa Depan Sepak Bola Indonesia https://t.co/KBkn11Lu6u","1124821716822151168","","","in","","0","0","0","https://x.com/undefined/status/1124821716822151168","242658203",
"1124715870301777920","Sat May 04 23:42:49 +0000 2019","0","@_doncorleone78_ @prabowo @sandiuno Berani ngk dia ya. Potong .....","1124821713869369344","","_doncorleone78_","in","","0","0","0","https://x.com/undefined/status/1124821713869369344","1118787246339969024",
"1124821712946642944","Sat May 04 23:42:49 +0000 2019","1","#IndonesiaCallsHarimanSiregar 🇮🇩 #IndonesiaCallsHarimanSiregar 🇮🇩 Aktivis Hariman Siregar: Saya Percaya Prabowo Menang! https://t.co/hMmNepC73z","1124821712946642944","","","in","","0","1","0","https://x.com/undefined/status/1124821712946642944","364533393",
"1124813034050838528","Sat May 04 23:42:48 +0000 2019","0","@ReflyHZ Betuuul......insya Allah pak Prabowo lah dan pak Sandi yang akan melaksanakannya","1124821710895599616","","ReflyHZ","in","","0","0","0","https://x.com/undefined/status/1124821710895599616","807834024043421696",
"1124821708345450496","Sat May 04 23:42:48 +0000 2019","0","Politikus jangan ngambekan... @jokamjakarta @KawalPemilu2019 @pilpres @mahapatih007 @prabowo @Gerindra @PartaiDemokrat @Yusrilihza_Mhd @AndiArief__ @BarengSandiaga @sandiuno @PKSejahtera @MardaniAliSera #Pemilu2019 #ArahBaru2019 #bpnpecah #PrabowoSandi #PrabowoSandiMENANG https://t.co/fTn8xv5rlf","1124821708345450496","https://pbs.twimg.com/media/D5wrYP-U0AIePr4.jpg","","in","","0","0","0","https://x.com/undefined/status/1124821708345450496","1099117689375621120",
"1124821336172318720","Sat May 04 23:42:42 +0000 2019","0","@hajibotol Bikin orang males pilih Prabowo salah sataunya die","1124821683045523457","","hajibotol","in","","0","1","0","https://x.com/undefined/status/1124821683045523457","327999719",
"1124812115745722368","Sat May 04 23:42:41 +0000 2019","0","@KantapNian @HoetomoSastro @Vinny_Cj @F41ryP1nk @diahkusumoo @ArwahMilitan @bangagoeng96 @asli_tanti @Asmara_1701 @jokowi Gae tuku beras ae esih kurang cak boro tuku piagrah ","1124821679878750210","","","in","","0","1","0","https://x.com/undefined/status/1124821679878750210","2518915579",
"1124819711374516226","Sat May 04 23:42:36 +0000 2019","1","@KingPurwa Pemilu harus jurdil #IndonesiaCallsHarimanSiregar #IndonesiaCallsHarimanSiregar","1124821660849266688","","KingPurwa","in","","0","0","0","https://x.com/undefined/status/1124821660849266688","1074290309725511680",
"1124821618193195010","Sat May 04 23:42:26 +0000 2019","10","Insya Allah @prabowo @sandiuno sdah menang. Apa kalaian tdk yakin di apa yg di Katan HRS di VIDIO ini..? Kalau kalian ragu2 bagaimana Allah akan memberi kemenangan pada kita kalau dinhati kita masi ada keraguan atas sgla kekuasaan Allah. #IndonesiaCallsHarimanSiregar https://t.co/EX15QGsuUW","1124821618193195010","https://pbs.twimg.com/ext_tw_video_thumb/1124819704533606400/pu/img/V1xoVWmQY1KWCTPi.jpg","","in","","0","2","2","https://x.com/undefined/status/1124821618193195010","1086077152523563010",
"1124821617152946176","Sat May 04 23:42:26 +0000 2019","0","Situng KPU 66 17 Persen Jokowi-Ma ruf Masih Jaga Jarak 12 Juta Suara https://t.co/M9BSBmoGtp via @Bali Netizen","1124821617152946176","","","in","","0","0","0","https://x.com/undefined/status/1124821617152946176","304383364",
"1124821615760429056","Sat May 04 23:42:26 +0000 2019","0","Selamat Kepada Prabowo Subianto dan Sandiaga Salahuddin Uno atas terpilihnya sebagai #PresidenPilihanRakyat periode 2019-2024","1124821615760429056","","","in","","0","0","1","https://x.com/undefined/status/1124821615760429056","430046959",
"1124688621485715462","Sat May 04 23:42:24 +0000 2019","7","@TheArieAir Kecil sekali efek TKN untuk Jokowi yang sudah punya nama besar. Mereka sangat santai karena sebenarnya sudah yakin menang hingga nyantai. Saya jadi punya persepsi bahwa sebenarnya mereka cuma dompleng ketenaran Jokowi.","1124821609145978880","","TheArieAir","in","","0","2","2","https://x.com/undefined/status/1124821609145978880","717390279079112704",
"1124821606134476800","Sat May 04 23:42:23 +0000 2019","0","Bismillah kebenaran sudah di depan mata. Prabowo-Sandi orang yg tulus dan ikhlas untuk negeri. Maka siap dilantik untuk presiden dan wapres. #Setiadukungprabowo","1124821606134476800","","","in","","0","0","0","https://x.com/undefined/status/1124821606134476800","114203607",
"1124458766722748419","Sat May 04 23:42:22 +0000 2019","0","@Fahrizonk @bayubpn @AhmadMuridan3 @PriyoBudiS @prabowo Setuju mas hitungan manual yang sah cuman satu pertanyaan yang menggelitik akal sehat saya apa fungsi/manfaat situng?","1124821599960461312","","Legionareee","in","","0","1","0","https://x.com/undefined/status/1124821599960461312","1645941602",
"1124641150235578368","Sat May 04 23:42:07 +0000 2019","0","@susipudjiastuti Utk hal yg satu ini kita semua hrs ksh dua jempol rasanya cuma ini sisi baik dr rezim skrg !!! Doa dan harapan utk bs mewujudkan Indonesia adil makmur di pundak @prabowo dan @sandiuno #DoaKamiUntukPrabowoSandi","1124821538119634945","","susipudjiastuti","in","","0","0","0","https://x.com/undefined/status/1124821538119634945","1104006250264580098",
"1124821517907349504","Sat May 04 23:42:02 +0000 2019","1","Ketua DPP Demokrat Ferdinand Hutahaean mengaku partainya selama ini tidak pernah mendeklarasikan diri sebagai oposisi : https://t.co/LMkNmve5d2 &lt; buruan apus twit2 pilpres elo ","1124821517907349504","","","in","","0","0","1","https://x.com/undefined/status/1124821517907349504","34511619",
"1124727898814894080","Sat May 04 23:41:59 +0000 2019","0","@rmolco @almagest369 Pasti itu. Uang dr mana coba masa orang sederhana kaya pa jokowi sanggup sewa 500 artis.","1124821505769070592","","rmol_id","in","","0","0","0","https://x.com/undefined/status/1124821505769070592","2198301883",
"1124812115745722368","Sat May 04 23:41:51 +0000 2019","0","@HoetomoSastro @Vinny_Cj @F41ryP1nk @diahkusumoo @ArwahMilitan @bangagoeng96 @asli_tanti @Asmara_1701 @jokowi Opo iku om... *pura-pura ga tau","1124821472873107456","","HoetomoSastro","in","","0","0","0","https://x.com/undefined/status/1124821472873107456","2518915579",
"1124821466636115970","Sat May 04 23:41:50 +0000 2019","0","Relawan Prabowo Sandi Bantu tagar nya di #AuditForensikKPU Jangan dibagikan dicopas aja","1124821466636115970","","","in","","0","0","0","https://x.com/undefined/status/1124821466636115970","934107638",
"1124703237452353536","Sat May 04 23:41:49 +0000 2019","3","@KPU_ID @karbonasmeubel @mas_abudiman @viryanazis @PramonoUtan @hsym_asyari @masws1533 @novida_evi @K_Setyawan Di semua akun2 ini yg menuduh pemilu curang laknatlah ya Allah.hukumlah dg siksamu yg pedih terhadap orang2 yg hatinya tertutup kebenaran dan fitnah.terkutuklah akun2 pemfitnah kpu","1124821463402405888","","KPU_ID","in","","0","0","1","https://x.com/undefined/status/1124821463402405888","839480042858012673",
"1124821451129757698","Sat May 04 23:41:46 +0000 2019","0","Real Count TKN: Yogyakarta dan Bali Jokowi-Amin Menang Telak https://t.co/6NE4PkerdJ","1124821451129757698","","","in","","0","0","0","https://x.com/undefined/status/1124821451129757698","242658203",
"1124821407244877825","Sat May 04 23:41:36 +0000 2019","4","Petuah Demokrat Untuk Prabowo: Calon Presiden Superstar Anda Harus Di Depan! ― #Pemilu2019 #DoaKamiUntukPrabowoSandi #DiskualifikasiYangCurang #UlamaBangsaBersatu https://t.co/MuFvHt2vRw","1124821407244877825","","","in","","0","0","2","https://x.com/undefined/status/1124821407244877825","3189327655",
"1124810642114768897","Sat May 04 23:41:33 +0000 2019","1","@bangun_d @syafrinkar Kalo tujuannya rezim ini untuk menembaki rakyat yg protes akan kecurangan pemilu ini atau istilahnya people power darah dan nyawa saya Uda siap. Kami akan akan lawan dengan apapun itu caranya.","1124821395018354688","","bangun_d","in","","0","0","0","https://x.com/undefined/status/1124821395018354688","894227516679835649",
"1124715870301777920","Sat May 04 23:41:30 +0000 2019","0","@_doncorleone78_ @prabowo @sandiuno Ini dapat 100 M gak ya ???","1124821383052021761","","_doncorleone78_","in","","0","0","0","https://x.com/undefined/status/1124821383052021761","83848465",
"1124821341272543232","Sat May 04 23:41:20 +0000 2019","0"," Selamat atas Kemenangan Jokowi - Amin Sebagai Presiden &amp; Wakil Presiden 2019 - 2024 .#SelamatJokowiAmin @jokowiaminmenang2019 https://t.co/BSiQnGJh6u","1124821341272543232","https://pbs.twimg.com/ext_tw_video_thumb/1124819375331000320/pu/img/azHWGokUfNFxIU3-.jpg","","in","","0","0","0","https://x.com/undefined/status/1124821341272543232","1106829099903770625",
"1124821339859111942","Sat May 04 23:41:20 +0000 2019","1","@null Fadli Zon Klaim 1 Juta Berkas Situng KPU Tak Disertai Dokumen C-1 Fadli Zon meng https://t.co/wHuYdGkZM0","1124821339859111942","","null","in","","0","0","0","https://x.com/undefined/status/1124821339859111942","1424488200",
"1124821254349832192","Sat May 04 23:40:59 +0000 2019","0","Relawan Prabowo Sandi Bantu tagar nya di #AuditForensikKPU Jangan dibagikan dicopas aja","1124821254349832192","","","in","","0","0","0","https://x.com/undefined/status/1124821254349832192","2851494283",
"1124821241968222208","Sat May 04 23:40:56 +0000 2019","0","Jadi bertanya benarkah pak Jokowi menang tipis... katakanlah 1-2 % Untuk membungkam.. rakyat","1124821241968222208","","","in","","0","0","0","https://x.com/undefined/status/1124821241968222208","1037877483578646528",
"1124206503932547072","Sat May 04 23:40:56 +0000 2019","1","@jokowi Bapak jokowi yg terhormat gimana dgn masalah awak mobil tangki sampai saat ini belum selesai kira bapak sudah janji kalau masalah awak mobil tangki akan segera di selesaikan..","1124821241473331202","","jokowi","in","","0","0","0","https://x.com/undefined/status/1124821241473331202","1089286935028232192",
"1124139213203460096","Sat May 04 23:40:47 +0000 2019","0","@jokowi Pak Presiden cepat sekali duriannya berbuah hanya dalam waktu dua tahun boleh dong Pak Presiden bagi bibitnya kita tanam di Sulawesi karena disana bibit Durian paling cepat binit Durian baru bisa berbuah umur 7 tahun ke atas.","1124821201153511424","","jokowi","in","","0","0","0","https://x.com/undefined/status/1124821201153511424","1025015289367457792",
"1124812115745722368","Sat May 04 23:40:46 +0000 2019","0","@KantapNian @Vinny_Cj @F41ryP1nk @diahkusumoo @ArwahMilitan @bangagoeng96 @asli_tanti @Asmara_1701 @jokowi Aku kan jujur wonge cak","1124821198888562690","","","in","","0","0","0","https://x.com/undefined/status/1124821198888562690","2518915579",
"1124821158904229888","Sat May 04 23:40:37 +0000 2019","0","Dibanding 2014 Suara Jokowi Naik di 13 Provinsi https://t.co/xromalwTlx","1124821158904229888","","","in","","0","0","0","https://x.com/undefined/status/1124821158904229888","242658203",
"1124331356907917312","Sat May 04 23:40:33 +0000 2019","0","@adiansyahdompu @M4DI8 @anonime005 @panca66 @ariantobulolo @karniilyas @ILCtv1 @jokowi Padahal dia aja ngga pede sama tampangnya makanya ditutupi pakai tisu dan kacamata.","1124821142777122816","","adiansyahdompu","in","","0","0","0","https://x.com/undefined/status/1124821142777122816","403225919",
"1124699114912899074","Sat May 04 23:40:30 +0000 2019","3","@Ayu02Basuki @prabowo @sandiuno Alhamdulillah #StopSitungKPU #IndonesiaCallsHarimanSiregar #InvestigasiFatality412KPPS","1124821132207579136","","Ayu02Basuki","in","","0","0","0","https://x.com/undefined/status/1124821132207579136","832081080651902976",
"1124821124238364673","Sat May 04 23:40:28 +0000 2019","1","@null Fadli Zon Klaim 1 Juta Berkas Situng KPU Tak Disertai Dokumen C-1 Fadli Zon meng https://t.co/qPq7p7yJoW","1124821124238364673","","null","in","","0","0","0","https://x.com/undefined/status/1124821124238364673","1914057648",
"1124821123978354688","Sat May 04 23:40:28 +0000 2019","1","@null Fadli Zon Klaim 1 Juta Berkas Situng KPU Tak Disertai Dokumen C-1 Fadli Zon meng https://t.co/2OvcCLyMNG","1124821123978354688","","null","in","","0","0","0","https://x.com/undefined/status/1124821123978354688","2962738556",
"1124821100972597248","Sat May 04 23:40:23 +0000 2019","1","@null Fadli Zon Klaim 1 Juta Berkas Situng KPU Tak Disertai Dokumen C-1 Fadli Zon meng https://t.co/9QvP8kzVOD","1124821100972597248","","null","in","","0","0","1","https://x.com/undefined/status/1124821100972597248","232490390",
"1124484584035344384","Sat May 04 23:40:21 +0000 2019","0","@Bg_0ne @joked2019 56% rakyat pemilih jokowi dan sebagian pemilih prabowo butuh informasi. Dan itu kami dapatkan dari publikasi KPU.","1124821094353985537","","Bg_0ne","in","","0","0","0","https://x.com/undefined/status/1124821094353985537","786611227262726144",
"1124506439785926657","Sat May 04 23:40:18 +0000 2019","0","@rmolco Sy sudah prediksi KPK bakal panen raya tunggu pelantikan pak Prabowo","1124821081435492353","","rmol_id","in","","0","0","0","https://x.com/undefined/status/1124821081435492353","1119867645572993024",
"1124821070358253569","Sat May 04 23:40:15 +0000 2019","0","Update Hasil Pilpres 2019 (05 May 2019 06:30:05) (01) JOKOWI/AMIN: 57.088.121 (+1.967) - 56.12% (+0.01%) (02) PRABOWO/UNO: 44.645.589 (+1.023) - 43.88% (-0.01%) Proses 539.705 (+13 / +0.0016%) TPS dari total 813.350 TPS dengan persentase 66.3558%.","1124821070358253569","","","in","","0","0","1","https://x.com/undefined/status/1124821070358253569","1118732326769283072",
"1124819654843568128","Sat May 04 23:40:15 +0000 2019","1","@mad_pecci @prabowo Mengadu ke polisi kasus disimpan sampai lupa jadi hanya mengaduh saja lah","1124821066885419008","","mad_pecci","in","","0","1","0","https://x.com/undefined/status/1124821066885419008","1351541736",
"1124821006734876673","Sat May 04 23:40:00 +0000 2019","0","Jokowi Amin Menang Telak di Abang Sam! https://t.co/X9dgxSfhAV","1124821006734876673","","","in","","0","0","0","https://x.com/undefined/status/1124821006734876673","242658203",
"1124820950766313473","Sat May 04 23:39:47 +0000 2019","0","Fadli Zon Klaim 1 Juta Berkas Situng KPU Tak Disertai Dokumen C-1 #AuditForensikKPU #DiskualifikasiYangCurang https://t.co/MpXZO1hmkF","1124820950766313473","","","in","","0","0","0","https://x.com/undefined/status/1124820950766313473","2401562473",
"1124820931061280768","Sat May 04 23:39:42 +0000 2019","2","The Real President Indonesia Prabowo Subianto Bersama Rakyat Indonesia https://t.co/Rqz9B8jFDk lewat @YouTube","1124820931061280768","","","in","","0","0","0","https://x.com/undefined/status/1124820931061280768","2991557823",
"1124704274133291009","Sat May 04 23:39:40 +0000 2019","0","@MbahUyok Kyknya demokrat akan tamat di pemilu kali ini kualitasnya penghianatnya kental siap2 rakyat jg akan berhianat pd kalian di 2024","1124820920932024320","","MbahUyok","in","","0","0","0","https://x.com/undefined/status/1124820920932024320","228208208",
"1124820875147001856","Sat May 04 23:39:29 +0000 2019","1","Dukung prabowo demi Indonesia lebih baik #IndonesiaCallsHarimanSiregar #IndonesiaCallsHarimanSiregar #IndonesiaCallsHarimanSiregar","1124820875147001856","","","in","","0","0","0","https://x.com/undefined/status/1124820875147001856","1114498325175136262",
"1124820861893038080","Sat May 04 23:39:26 +0000 2019","0","Pasal 532 UU 7/2017 tentang Pemilu disebutkan jika ada satu suara saja yang dihilangkan dngn sengaja sehingga yg memiliki hak pilih tidak bisa menggunakan suaranya maka ancaman pidananya 4 tahun penjara dan denda maksimum Rp 48 juta. @KPU_ID","1124820861893038080","","","in","","0","0","0","https://x.com/undefined/status/1124820861893038080","266851233",
"1124715870301777920","Sat May 04 23:39:26 +0000 2019","0","@_doncorleone78_ @prabowo @sandiuno Alhamdulillah.. Terimakasih Saudaraku.. ","1124820860886368256","","_doncorleone78_","in","","0","0","0","https://x.com/undefined/status/1124820860886368256","1106156639206293504",
"1124819892648042498","Sat May 04 23:39:24 +0000 2019","1","@EndangPRS Bgmn mengetahui kecurangan Pemilu bisa dijelaskan? Saya tdk suka dicurangi n hrs diusut sampai kapanpun. Agar tdk menuduh sembarangan.","1124820852854349824","","EndangPRS","in","","0","1","0","https://x.com/undefined/status/1124820852854349824","4727433780",
"1124748411721228289","Sat May 04 23:39:18 +0000 2019","4","@RachlanNashidik @rafiqi_28 Mantap tuh kalau pak @SBYudhoyono dan pak @prabowo kompak digaris depan. Memimpin perlawanan terhadap kecurangan yang semakin brutal. Selama ini kami nilai baru pak Prabowo yg tegas mengatakan akan melawan hingga titik darah penghabisan.","1124820830079209472","","rachlannashidik","in","","0","1","0","https://x.com/undefined/status/1124820830079209472","579089730",
"1124696718350487552","Sat May 04 23:39:18 +0000 2019","0","@CakKhum Kalo lihat penyelenggara pemilu kali ini saat nya kedaulatan rakyat dikembalikan ke rakyat #StopSitungKPU #IndonesiaCallsHarimanSiregar","1124820828061818881","","suaragagap","in","","0","0","0","https://x.com/undefined/status/1124820828061818881","1028486723485888513",
"1124820817420808192","Sat May 04 23:39:15 +0000 2019","0","Pleno kpud cianjur ricur. Suara prabowo hilang 10 ribu https://t.co/vhWQsoz1eU","1124820817420808192","https://pbs.twimg.com/ext_tw_video_thumb/1124820649984253952/pu/img/vV0UsQGqYNFX_VJ8.jpg","","in","","0","0","0","https://x.com/undefined/status/1124820817420808192","857485482",
"1124819644626493442","Sat May 04 23:39:15 +0000 2019","0","@detikcom Relawan habib relasi Jokowi (Harjo) Projo brudu begundal dan msh banyak lg ckckck","1124820817391509504","","detikcom","in","","0","1","0","https://x.com/undefined/status/1124820817391509504","1110853830374100992",
"1124340867769278473","Sat May 04 23:39:10 +0000 2019","0","@SiIvy_Riau02 @jokowi Kok babinsa pegang c1hoax lagi akh","1124820796227014656","","PeoplePower_id","in","","0","0","0","https://x.com/undefined/status/1124820796227014656","1039947123490320385",
"1124820762735472640","Sat May 04 23:39:02 +0000 2019","0","Buat apa ada pemilu @KPU_ID kalo ada yg ditambahin dan dikurangin ????","1124820762735472640","","","in","","0","0","0","https://x.com/undefined/status/1124820762735472640","168398708",
"1124578054712332289","Sat May 04 23:38:57 +0000 2019","0","@inianakmedanlae @Love0nU @vintenas @Mas_AWS Kata siapa lahan terlantar lahannya dihijaukan hasil hutannya dipake rakyat setempat. Kiani itu sudah berhutang sebelum dibeli Prabowo justru Prabowo yg menyelesaikan hutangnya. Ngemplang BLBI lg cari lagi beritanya. Tolol koq diborong.","1124820739406716928","","inianakmedanlae","in","","0","0","0","https://x.com/undefined/status/1124820739406716928","33882013",
"1124820734948151296","Sat May 04 23:38:56 +0000 2019","2","Ini pilpres pesta demokrasi bukan bencana alam Turut berduka cita untuk mereka yang telah gugur mendahului kita semoga qusnul qotimah ","1124820734948151296","","","in","","0","0","0","https://x.com/undefined/status/1124820734948151296","1102800458756743169",
"1124820677171630081","Sat May 04 23:38:42 +0000 2019","0","ini wajib diberi pelajaran serwlah bininya menghina pak Prabowo....tp ah sudahlah...jaksa agungnya siapa ya","1124820677171630081","","","in","","0","0","0","https://x.com/undefined/status/1124820677171630081","814765774468366336",
"1124707961949974529","Sat May 04 23:38:41 +0000 2019","0","@edo751945 ......PENJILAT PANTAT JOKOWI....","1124820674663436288","","edo751945","in","","0","1","0","https://x.com/undefined/status/1124820674663436288","772684094664691713",
"1124764205750472704","Sat May 04 23:38:33 +0000 2019","0","@RachlanNashidik Kecurangan tetap hrs diusut bw ke pengadilan sekecil apapun siapapun pelakunya. Masa tiap pemilu akan terus trjadi. Mungkin tak merubah hasil ahir pemilu tapi berikan efek jera. Dorong terus pengusutan Akibatnya akan baik utk Indonesia","1124820639922016256","","rachlannashidik","in","","0","0","1","https://x.com/undefined/status/1124820639922016256","2149077470",
"1124820595806560258","Sat May 04 23:38:22 +0000 2019","0"," Pemilu 2019 Transparan Jujur Adil Demokratis dan tidak ada kecurangan https://t.co/JkxqRvj7qq","1124820595806560258","","","in","","0","0","0","https://x.com/undefined/status/1124820595806560258","938529989837725697",
"1124598347468234752","Sat May 04 23:38:14 +0000 2019","0","@_doncorleone78_ @prabowo @sandiuno Subahanallah","1124820559345283076","","_doncorleone78_","in","","0","0","0","https://x.com/undefined/status/1124820559345283076","1053889714225274880",
"1124637706510716928","Sat May 04 23:38:07 +0000 2019","0","@jeansaprilia Dukung Prabowo Sandi demi tuk Indonesia Adil Makmur 🇲🇨🇲🇨 #Setiadukungprabowo","1124820531419631617","","jeansaprilia","in","","0","0","0","https://x.com/undefined/status/1124820531419631617","1079339672826834949",
"1124613130145882112","Sat May 04 23:37:51 +0000 2019","0","@wr200465 Yg menjadi pertanyaan mengapa pemerintah atau lembaga2 yg terkait dgn keamanan dan ketertiban negara tdk melarang org melakukan hasutan2 dan ujaran kebencian begini @DivHumas_Polri @jokowi","1124820464398823424","","__LOVE_AG4EVER","in","","0","0","0","https://x.com/undefined/status/1124820464398823424","459167128",
"1124816445135839233","Sat May 04 23:37:48 +0000 2019","13","@IreneViena @SBYudhoyono @PDemokrat @prabowo Dari awal SBY busuk hati kasihan Andi Arif dan Kawan2 jadi korban nafsu serakah SBY dan anak nya AHY munafik..","1124820453032222720","","IreneViena","in","","0","0","0","https://x.com/undefined/status/1124820453032222720","955797681099620352",
"1124820448024260608","Sat May 04 23:37:47 +0000 2019","3","Betul........ Era Soeharto listrik mati seminggu tiga kali. Era SBY listrik mati seminggu dua kali. Era Jokowi listrik mati sebulan sekali itu kalau lu tidak bayar sampai dengan tanggal 20.","1124820448024260608","","","in","","0","0","0","https://x.com/undefined/status/1124820448024260608","998881687059628032",
"1124331356907917312","Sat May 04 23:37:47 +0000 2019","1","@panca66 @ariantobulolo @adiansyahdompu @karniilyas @ILCtv1 @jokowi Siapa Jae? Kalau yang anda maksud pak.@jokowi sungguh disayangkan kualitas dari kader pak @SBYudhoyono yang ternyata sungguh memalukan... Padahal mas @AgusYudhoyono tampak sangat santun pada Presidennya..","1124820446170439680","","panca66","in","","0","0","0","https://x.com/undefined/status/1124820446170439680","403225919",
"1124645952399085569","Sat May 04 23:37:46 +0000 2019","2","@bangzul_1988 @ustadtengkuzul @PDI_Perjuangan @prabowo @jokowi @KPU_ID Hanya orang dodong bangga dengan kemenangan curang yang di pertontonkan ke publik","1124820444924628993","","bangzul_88","in","","0","0","0","https://x.com/undefined/status/1124820444924628993","177094153",
"1124819424106541056","Sat May 04 23:37:44 +0000 2019","0","@DK_2_INDONESIA @bpkri @PPATK @KPK_RI @syafrinkar Kenpa KPK tdk menahan yg benar2 nyata2 berbuat curang dlm pemilu yaaa?","1124820434208223232","","DK_1_INDONESIA","in","","0","1","0","https://x.com/undefined/status/1124820434208223232","1051199703503622145",
"1124537489920745477","Sat May 04 23:37:37 +0000 2019","2","@yunartowijaya @AHMADDHANIPRAST Kl ini bener membuat akuuu sujud syukur setelah kemenangaj pakde @jokowi","1124820406710366208","","yunartowijaya","in","","0","0","0","https://x.com/undefined/status/1124820406710366208","1087845846861795329",
"1124540441624322049","Sat May 04 23:37:36 +0000 2019","0","@Om_Ngakak @LRsetyowati14 @jokowi Lihat di Saudi imam radikal dipecat lah disini ulama kw mau mengatur negri tercinta ini. harap yg brwajib jngn tunduk","1124820400737619968","","om_senaank","in","","0","0","0","https://x.com/undefined/status/1124820400737619968","1020976969414930432",
"1124670997620187136","Sat May 04 23:37:28 +0000 2019","1","@Fahrihamzah Kau punya rasa takut @Fahrihamzah ???? Kau bebas buka congormu yg tebal selebar2nya.maki2 petugas.kini kau buat opini kalau era pak jokowi menakutkan. Kau angkatan 98 atau masa lampau? Benar kata ferdinan..saat ini hewan lebih mulia daripada politisi abal2!!","1124820367078346752","","Fahrihamzah","in","","0","0","0","https://x.com/undefined/status/1124820367078346752","1056333855215431680",
"1124665862890196992","Sat May 04 23:37:28 +0000 2019","0","@TsamaraDKI Aku mah nyantai ajah tak mau ribut mah kampret yg penting pak Jokowi presidennya.","1124820365971050498","","TsamaraDKI","in","","0","0","0","https://x.com/undefined/status/1124820365971050498","1098855875098210304",
"1124641150235578368","Sat May 04 23:37:23 +0000 2019","0","@susipudjiastuti lanjutkan menteri 2 periode @jokowi","1124820348199788544","","susipudjiastuti","in","","0","0","0","https://x.com/undefined/status/1124820348199788544","244908453",
"1124655120871038979","Sat May 04 23:37:22 +0000 2019","0","@AnonymousID___ @AkunTofa @fadlizon @fahiraidris @Fahrihamzah @MardaniAliSera @Dahnilanzar @prabowo @sandiuno @nurasiauno @TitiekSoeharto Semua kabupaten kota bikin spanduk yg begitu aja","1124820343359586304","","","in","","0","0","0","https://x.com/undefined/status/1124820343359586304","1118765773378342913",
"1124820335356891136","Sat May 04 23:37:20 +0000 2019","0","#Pemilu 2019 https://t.co/MDsPvTGSJM Ndean: Pemilu 2019 Dalam Warna-Warni https://t.co/AmqsnXcBgK","1124820335356891136","","","in","","0","0","0","https://x.com/undefined/status/1124820335356891136","801129437580267521",
"1124816445135839233","Sat May 04 23:37:19 +0000 2019","0","@IreneViena @Accho18024502 @SBYudhoyono @PDemokrat @prabowo Semoga itu hanya ilusi saja.semua berdoa apapun krikil pak prabowo mnuju RI 1 insya Allah akan terwujud.","1124820330382446592","","IreneViena","in","","0","0","0","https://x.com/undefined/status/1124820330382446592","3194819348",
"1124531393625595904","Sat May 04 23:37:13 +0000 2019","15","@GagahWicaksana @jokowi @prabowo @berteman_mari @Fahrihamzah @fadlizon @CintaNKRI12 @suwardihagani @Restcayah Waduh 2 tahun panen. Mari menanam durian dua tahun panen dan bisa dinikmati......hahahaha. Ngono yo ngono ning ojo ngono.","1124820305971564544","","GagahWicaksana","in","","0","0","1","https://x.com/undefined/status/1124820305971564544","187456123",
"1124820305820536833","Sat May 04 23:37:13 +0000 2019","1","Ramadan tanpa aroma pilpres. Semoga.","1124820305820536833","","","in","","0","1","0","https://x.com/undefined/status/1124820305820536833","4687829132",
"1124560234351955973","Sat May 04 23:37:08 +0000 2019","0","@V_Stone_Kardol @jokowi Presiden kita memang jauh dari rasa dendam.","1124820286019231745","","Kumis_Separoh","in","","0","0","0","https://x.com/undefined/status/1124820286019231745","2585242076",
"1124166245140520960","Sat May 04 23:37:07 +0000 2019","0","@99B212 @KPU_ID REAL COUNT PEMILU PRESIDEN 2019 PROGRESS TPS : 539.692 (66 35421%) Jokowi : 57.086.154 (56 11%) Prabowo : 44.644.566 (43 89%) Selisih : 12.441.588 (12 23%) PREDIKSI TPS : 813.350 (100%) Jokowi : 85.836.225 (55 96%) Prabowo : 67.556.929 (44 04%) Selisih : 18.279.296 (11 92%) https://t.co/zToyePev3Z","1124820278058541056","https://pbs.twimg.com/media/D5wpuPvUcAA3pCb.png","adrianmzaki","in","","0","0","0","https://x.com/undefined/status/1124820278058541056","990050154358104064",
"1124653780195090433","Sat May 04 23:36:58 +0000 2019","0","@aldhiraaa Pernyataan pak mardani misalnya; yg mengatakan jika Prabowo menang ya syukur. Jika jkw menang ya kawal Ini ga pas dan ga bijak unt saat ini di nyatakan walau anggaplah misal di internal PKS sdh relistis melihat kemungkinan jkw bagaimanapun akn dg sgl cra di catut sbagai pemenang","1124820242448781312","","aldhiraaa","in","","0","1","0","https://x.com/undefined/status/1124820242448781312","1022448275767447552",
"1124820227701665793","Sat May 04 23:36:55 +0000 2019","1","Setiap ada kampanye di berbagai daerah selalu saja sepi beda dgn 02 karena memang diharapkan oleh Rakyat. Tapi kenapa di Situng KPU bisa menang?Kan aneh bro Cc @RamliRizal @PriyoBudiS @Dahnilanzar @fadlizon @Fahrihamzah @prabowo @sandiuno #IndonesiaCallsHarimanSiregar","1124820227701665793","","","in","","0","0","0","https://x.com/undefined/status/1124820227701665793","1082992095361609728",
"1124717869592301568","Sat May 04 23:36:47 +0000 2019","0","@KingPurwa Klo menurut saya dari thn 2014 lalu PRABOWO sudah menang... ️ #IndonesiaCallsHarimanSiregar","1124820196550512640","","KingPurwa","in","","0","0","0","https://x.com/undefined/status/1124820196550512640","907861127098286081",
"1124609730578735105","Sat May 04 23:36:40 +0000 2019","4","@detikcom Usaha kok sampe segitu gitunya. Knp kalian ga mau sbr nunggu RQ KPU. Apa kalian yakin prabowo kalah jdi bikin gerakan pemanasan dr skrg.","1124820168524189696","","detikcom","in","","0","0","0","https://x.com/undefined/status/1124820168524189696","3301847742",
"1124745851002208256","Sat May 04 23:36:36 +0000 2019","0","@joked2019 Innalillaahi wa innailaihi raaji'un. Turut berduka cita yg sedalam2nya atas meninggalnya saksi PAS di Maluku. Ini bukti bahwa kematian para petugas pemilu dan saksi bukan hanya karena kelelahan. #SitungKPUBikinSinting","1124820150476107776","","","in","","0","1","0","https://x.com/undefined/status/1124820150476107776","2218656439",
"1124460628280655872","Sat May 04 23:36:28 +0000 2019","5","@AndiArief__ Boss gara2 AHY mau dtg ke istana itu si Plate bicara kl koalisi 02 udh pecah.... krn itu yg diinginkan mrka Boss... Prabowo mgkn gak akan uring2an dgn kelakuan kalian tp kita pendukung 02 udh beda pandangannya sm kalian loe tau gak sich kl pendukung 01 itu gak suka kalian jg??","1124820115478859777","","Andiarief__","in","","0","0","0","https://x.com/undefined/status/1124820115478859777","299503918",
"1124820091852316673","Sat May 04 23:36:22 +0000 2019","1","Memang kelebihan petahana banyak daerah abu2 nya kuasai banyak resources dan sumber dana bbrp malah sdh tertangkap tangan. Tambah lg tidak cutinya jd gak jelas posisi sbg presiden atau capres. #DoaKamiUntukPrabowoSandi","1124820091852316673","","","in","","0","0","0","https://x.com/undefined/status/1124820091852316673","2403574648",
"1124764205750472704","Sat May 04 23:36:22 +0000 2019","10","@RachlanNashidik Sampai detik ini kami relawan 02 belum pernah sekalipun mendengar pernyataan SBY ttg kecurangan yg terjadi di pemilu 2019.","1124820091730661376","","rachlannashidik","in","","0","1","2","https://x.com/undefined/status/1124820091730661376","380188719",
"1124813442819301376","Sat May 04 23:36:12 +0000 2019","0","@EndangPRS Kalau ucapan2 aja tidak usah menjadi presiden segala karna kami rakyat yakin yg menang @jokowi sedangkan @prabowo pasti kalah ","1124820050114859008","","EndangPRS","in","","0","0","0","https://x.com/undefined/status/1124820050114859008","1093082622798946304",
"1124397377517809664","Sat May 04 23:36:09 +0000 2019","0","@jibril99996066 @SyifaZ6 @Dwiyana_DKM @rockygerung @jengkelin__ @FaGtng Dan Jeffry Winters (a.k.a Rocky Grung) akan menjadi makin merasa bodoh ketika membaca berita Jokowi di nobatkan sbg Pemimpin terbaik se ASIA - AUSTRALIA.. si wajah Ndeso itu telah mengalahkan secara telak ber turut turut. smp junjungan ente hampir kehilangan akal sehat","1124820037322153984","","tianggono","in","","0","1","0","https://x.com/undefined/status/1124820037322153984","1582548295",
"1124816445135839233","Sat May 04 23:36:07 +0000 2019","0","@IreneViena @SBYudhoyono @PDemokrat @prabowo cc @DivHumas_Polri tangkap org ini https://t.co/Qh0uY0KayI","1124820026530205697","https://pbs.twimg.com/media/D5wp1mVU0AADwcU.jpg","IreneViena","in","","0","1","0","https://x.com/undefined/status/1124820026530205697","2390101632",
"1124820011783053312","Sat May 04 23:36:03 +0000 2019","1004","Fadli Zon Klaim 1 Juta Berkas Situng KPU Tak Disertai Dokumen C-1 https://t.co/lElgcVPRs5 #Pemilu2019","1124820011783053312","","","in","","25","82","348","https://x.com/undefined/status/1124820011783053312","41730943",
"1124554342910926848","Sat May 04 23:35:59 +0000 2019","0","@bahenowl Jokowi anies ahok prabowo Pria berbaju hitam aku tak tau itu siapa","1124819994687049729","","bahenowlty","in","","0","0","0","https://x.com/undefined/status/1124819994687049729","1015093334119862274",
"1124819991503577088","Sat May 04 23:35:58 +0000 2019","1","Pemilu membawa korban #SitungKPUBikinSinting","1124819991503577088","","","in","","0","0","0","https://x.com/undefined/status/1124819991503577088","948760043792445440",
"1124819957609459712","Sat May 04 23:35:50 +0000 2019","0","DICARI !!! Imam sholat yang tiba tiba menghilang setelah pemilu... #IndonesiaCallsHarimanSiregar #2019GantiPresiden","1124819957609459712","","","in","","0","0","0","https://x.com/undefined/status/1124819957609459712","282377463",
"1124819952907591680","Sat May 04 23:35:49 +0000 2019","0","Gak salah kan saya kalo bilang ini pemilu terburuk sepanjang NKRI berdiri! Malu! #JanganCurangiIndonesia","1124819952907591680","","","in","","0","0","0","https://x.com/undefined/status/1124819952907591680","940487928",
"1124816445135839233","Sat May 04 23:35:33 +0000 2019","4","@IreneViena @SBYudhoyono @PDemokrat @prabowo demokrat kedernya militansinya bisa di andalkan...eh pimpinannya letaoy...AHY fuck","1124819884876025856","","IreneViena","in","","0","0","0","https://x.com/undefined/status/1124819884876025856","814765774468366336",
"1124120053622853632","Sat May 04 23:35:31 +0000 2019","0","@mohammedrayyan_ @sweett_orange @ustadtengkuzul Ih... bawa2 Prabowo lu cebong ya? Bahas Agama larinya kemana","1124819876969730053","","rayyanmahrez_","in","","0","3","0","https://x.com/undefined/status/1124819876969730053","738411343032651777",
"1124699114912899074","Sat May 04 23:35:30 +0000 2019","1","@Ayu02Basuki @WiwisMbecak @prabowo @sandiuno Truskan perjuanganmu wahai saudaraku ..salaam dari tanah bugis","1124819874230833153","","Ayu02Basuki","in","","0","0","0","https://x.com/undefined/status/1124819874230833153","1091237095010557952",
"1124475273599000576","Sat May 04 23:35:30 +0000 2019","1","@New_Zepret @KhusenFauzi @prabowo @sandiuno @Asan_Almadury Alhamdulillah Insya Alloh kalo tnp kecurangan seharusnya suara 02 mgkn bisa sampe 85% lebih. #DoaKamiBersamaPrabowoSandi #DoaKamiBersamaPrabowoSandi","1124819871273852928","","Santri_Yatim","in","","0","0","0","https://x.com/undefined/status/1124819871273852928","705822494523928576",
"1124641735001292801","Sat May 04 23:35:28 +0000 2019","0","@RiyantAriel @Billy_aprianto @jokowi @PartaiSocmed Mending teman muda dari PSI yg diajak bergabung pak ..","1124819864500092929","","RiyantAriel","in","","0","0","0","https://x.com/undefined/status/1124819864500092929","3259056606",
"1124675534686969856","Sat May 04 23:35:21 +0000 2019","0","@CintaNKRI12 @yohandewa @prabowo Kalo emak emak militan udah turun tangan kelar hidup lo","1124819836817645568","","CintaNKRI12","in","","0","0","0","https://x.com/undefined/status/1124819836817645568","2894873676",
"1124231580010958849","Sat May 04 23:35:20 +0000 2019","0","@MSApunya @fadlizon Insya allah bpk prabowo dan bang sandi menjadi pemimpin indonesia 2019 2024","1124819829070843904","","MSApunya","in","","0","0","0","https://x.com/undefined/status/1124819829070843904","1120613750329896961",
"1124818288708440064","Sat May 04 23:35:16 +0000 2019","2","@MichelAdamNew Alhamdulillah perjuangan blm berakhir. Kawal terus doa kami sllu menyertai perjuangan kita hingga tuntas menghantarkan @prabowo dan @sandiuno utk Indonesia adil makmur #DoaKamiUntukPrabowoSandi","1124819813925249024","","MichelAdamNew","in","","0","0","0","https://x.com/undefined/status/1124819813925249024","1104006250264580098",
"1124458766722748419","Sat May 04 23:35:15 +0000 2019","0","@PriyoBudiS @syafrinkar @prabowo Hantam","1124819808711610368","","PriyoBudiS","in","","0","0","0","https://x.com/undefined/status/1124819808711610368","955797681099620352",
"1124819790965567489","Sat May 04 23:35:10 +0000 2019","0","ternyata selama ini pa prabowo adala wota","1124819790965567489","","","in","","0","0","0","https://x.com/undefined/status/1124819790965567489","577919807",
"1124812115745722368","Sat May 04 23:35:00 +0000 2019","0","@TeguhHardiyan08 @Vinny_Cj @F41ryP1nk @diahkusumoo @ArwahMilitan @bangagoeng96 @asli_tanti @Asmara_1701 @jokowi Kan ada Viagra....!! ","1124819748074557441","","samhugget","in","","0","1","0","https://x.com/undefined/status/1124819748074557441","986195521395044353",
"1124819729145679873","Sat May 04 23:34:56 +0000 2019","0","Suara untuk Prabowo murni dari rakyat Indonesia Suara Jae murni dari Spanyol (Sparo Nyolong) #IndonesiaCallsHarimanSiregar","1124819729145679873","","","in","","0","0","0","https://x.com/undefined/status/1124819729145679873","282377463",
"1124715870301777920","Sat May 04 23:34:37 +0000 2019","0","@_doncorleone78_ @prabowo @sandiuno Alhamdulillah..","1124819651702153216","","_doncorleone78_","in","","0","0","0","https://x.com/undefined/status/1124819651702153216","790066567824351232",
"1124819644626493442","Sat May 04 23:34:36 +0000 2019","24","Nasi kebuli lengkap dengan lauk kambing biasanya disajikan dalam nampan besar yang disantap secara bersamaan untuk 5-10 orang sekaligus. https://t.co/Uwht9XcyjL","1124819644626493442","","","in","","1","2","3","https://x.com/undefined/status/1124819644626493442","69183155",
"1124652894727184384","Sat May 04 23:34:32 +0000 2019","0","@TanYoana iya mbak yang maha sempurna. bandingkan dulu jumlah dpt dan tps indon and malay. C1 bukan hny ttg pilpres DPR DPRD. benci boleh tapi jangan hilangkan akal sehat. itu juga kalau anda bukan akun robot","1124819630818598913","","TanYoana","in","","0","0","0","https://x.com/undefined/status/1124819630818598913","897244059286118400",
"1124120053622853632","Sat May 04 23:34:31 +0000 2019","0","@sweett_orange @Ailla08057173 @ustadtengkuzul Lu ya yg bikin agama islam nusantara?? Sesat ni orang Sdh gw jelasin juga sebelumnya itu bukan agama cuma digoreng demi politik prabowo","1124819625638633472","","byriris96","in","","0","1","0","https://x.com/undefined/status/1124819625638633472","1115076246038147072",
"1124736170368180225","Sat May 04 23:34:24 +0000 2019","0","@ariffuadi79 Iya sedjak pemilu berlangsung","1124819597486505984","","ariffuadi79","in","","0","0","0","https://x.com/undefined/status/1124819597486505984","833201457763454976",
"1124573966977232896","Sat May 04 23:34:14 +0000 2019","0","@Zahrah40291660 @y03_n4n4 @hanumrais @KPU_ID @prabowo @sandiuno @jokowi @KHMarufAmin_ @bawaslu_RI Bravo pak Herman..!!","1124819552175476738","","Zahrah40291660","in","","0","1","0","https://x.com/undefined/status/1124819552175476738","1071683957526159361",
"1124706573002080258","Sat May 04 23:34:11 +0000 2019","0","@SiIvy_Riau02 @jokowi Medan cinta damai jangan disenggol #IndonesiaCallsHarimanSiregar #IndonesiaFraudElection","1124819542394302465","","PeoplePower_id","in","","0","0","0","https://x.com/undefined/status/1124819542394302465","1103159746608025600",
"1124819528150441986","Sat May 04 23:34:08 +0000 2019","902","Misi utama saya adalah INDONESIA SEHAT. Setelah usai hiruk pikuk Pemilu ini teman2 tetap back to back. Karena negeri kita terlalu istimewa buat bangsa2 lain. Terutama SDA &amp; SDM-nya. Sampai ujung pertandingan gw gak akan balik badan. Tetap dukung pak @prabowo. Fight Bro🇮🇩","1124819528150441986","","","in","","9","47","277","https://x.com/undefined/status/1124819528150441986","1052703629528854530",
"1124511732355874819","Sat May 04 23:34:02 +0000 2019","0","@kenyoriee @prabowo @sandiuno Syukurlah ada presiden baru RePublik Kertanehara dan negara bagian Bondowoso","1124819501722116096","","easynewwin","in","","0","0","0","https://x.com/undefined/status/1124819501722116096","1439989064",
"1124587279979204610","Sat May 04 23:33:51 +0000 2019","0","@CNNIndonesia Wooi TUA BANGKA. KITAAA PENDUKUNG JUGAAA NGGA SUDI...JGNKAN MEREPAT K JOKOWI... MASIH HIDUP AJAA KITAAA NGGA SETUJU....NA LOOOOO ?????","1124819456876638208","","CNNIndonesia","in","","0","0","0","https://x.com/undefined/status/1124819456876638208","1088233922046001153",
"1124328400435367936","Sat May 04 23:33:50 +0000 2019","0","@witaratna11 @semangka_jatuh @ustadtengkuzul Kalo elu membandingkan sifat firaun itu lebih pas di tujukan ke capres sebelah yg memaksakan kemenangan tidak tau malu","1124819452162265089","","witaratna11","in","","0","0","0","https://x.com/undefined/status/1124819452162265089","282783721",
"1124598347468234752","Sat May 04 23:33:48 +0000 2019","1","@AgusBara16 @_doncorleone78_ @prabowo @sandiuno Dosa Kalian yg akan menemani kalian di neraka dunia maupun akhirat dan Hanya ibadah serta amal baik yg mampu menolong kalian adzab... Mungkin ajaran komunis tak percaya hingga hal tersebut langsung mereka rasakan!!!","1124819444503465984","","AgusBara16","in","","0","0","0","https://x.com/undefined/status/1124819444503465984","945110440241012736",
"1124819432830717956","Sat May 04 23:33:45 +0000 2019","30","Bung Karno dan Soeharto bersedia mundur demi NKRI.Habibie dan Megawati secara kesatria menerima keputusan MPR demi NKRI walau waktu itu Habibie Presiden n Megawati pemenang pemilu.Saya yakin paslon 01 dan 02 akan patuhi hasil KPU krn mereka juga adl kesatria dan patriot NKRI","1124819432830717956","","","in","","0","4","8","https://x.com/undefined/status/1124819432830717956","247028138",
"1124819417370509312","Sat May 04 23:33:41 +0000 2019","2","Untung aja sy ga pilih satupun caleg dr @PDemokrat dr awal gabung koalisi memang hati sy krg yakin dgn loyalitas partai besutan @SBYudhoyono ini kl kemren pilpres koalisi dg jokowi bs2 ga lolos parlemen . #demokratabu2","1124819417370509312","","","in","","0","0","0","https://x.com/undefined/status/1124819417370509312","969860924818432001",
"1124529091066060801","Sat May 04 23:33:37 +0000 2019","0","@republikaonline Laaah kam disono ada saksi 01 02 kalo memang ada kesalahan kan mereka bisa protes ditempat.. lah kalian cuman bisa cuap2 bilang kecurangan.. semua pada ga dipercaya quick count real count situng kpu bawaslu tni polri ga ada yg dipercaya.. yg dipercaya cangkeme @prabowo wae.","1124819398441574400","","republikaonline","in","","0","1","0","https://x.com/undefined/status/1124819398441574400","1060330768407310336",
"1124813034050838528","Sat May 04 23:33:22 +0000 2019","0","@ReflyHZ Klo Pilpres nya saja sudah bermasalah.... Apakah hasilnya tidak bermasalah di kemudian hari..?.","1124819334008791040","","ReflyHZ","in","","0","0","0","https://x.com/undefined/status/1124819334008791040","876899866588336128",
"1124819332632944640","Sat May 04 23:33:21 +0000 2019","26","RR Ajak Rakyat Ramai-ramai Gunakan Pasal 532 UU Pemilu Ini (sanksinya) besar sekali. Yg kdua UU ini adlh lex spesialis artinya dia sgt kuat tdk bisa dibatalkan UU lain Saat plksanaan pemilu trnyta byk skali kcurangan pd level klurahan kcamatan dst. https://t.co/u3VTBHTtbY","1124819332632944640","","","in","","2","0","13","https://x.com/undefined/status/1124819332632944640","181509540",
"1124819330598932480","Sat May 04 23:33:21 +0000 2019","2","Kecurangan Pilpres 2019 : Terstruktur Sistemik Masif dan Brutal #AuditForensikKPU #DiskualifikasiYangCurang @AJEnglish https://t.co/BOz4AjkUir","1124819330598932480","","","in","","0","0","0","https://x.com/undefined/status/1124819330598932480","2401562473",
"1124591927846789120","Sat May 04 23:33:15 +0000 2019","0","@TwittLinkW mulai deh mlipir merapat kepada pemenang dimana-mana the loser @prabowo adalah anak tiri","1124819306515009541","","KelianBanjar_GK","in","","0","0","0","https://x.com/undefined/status/1124819306515009541","134387351",
"1124707961949974529","Sat May 04 23:33:13 +0000 2019","2","@Bunda_Vii @edo751945 Jangan KPU torehkan sejarah pemilu terburuk #SitungKPUBikinSinting Hentikan lah _×_×¥×¥₩×¥○}~[~¡○~","1124819296633249792","","k4nebo","in","","0","0","0","https://x.com/undefined/status/1124819296633249792","786950879882547200",
"1124819283203125248","Sat May 04 23:33:09 +0000 2019","0","Sikap politikus yang berpolitik dengan akal sehat. Salut @MardaniAliSera @jokamjakarta @KawalPemilu2019 @jokowi @mohmahfudmd @besmartyk @Yusrilihza_Mhd @ruhutsitompul @BarengSandiaga @Gerindra @PKSejahtera @prabowo @sandiuno @Nenowarisman5 @eggysudjana @AmienRais_ @pilpres https://t.co/334QA6H6ag","1124819283203125248","https://pbs.twimg.com/media/D5wpLGyUwAAHwNL.jpg","","in","","0","0","0","https://x.com/undefined/status/1124819283203125248","1099117689375621120",
"1124609358325633027","Sat May 04 23:33:04 +0000 2019","0","@_doncorleone78_ @prabowo @sandiuno @Dahnilanzar @sudirmansaid @TheOfficialFMB @jansen_jsp @msaid_didu @Fahrihamzah @rockygerung Bener2 gak berperi kemanusiaan rezim koplak","1124819258716745734","","_doncorleone78_","in","","0","0","0","https://x.com/undefined/status/1124819258716745734","1121181061910679552",
"1124303575113318405","Sat May 04 23:33:01 +0000 2019","0","@PowerOfReceh @IyethBustami @bawaslu_RI @KPU_ID Pak prabowo di permalukan lagi oleh orang2 di sekitar beliau . itu mendukung atau mempermalukan kah kalo di pikir. Bikin gaduh terus. Siap menang siap kalah harusnya ada di benak semua kontestan.","1124819248356839424","","PoweredByReceh","in","","0","0","0","https://x.com/undefined/status/1124819248356839424","224563233",
"1124592117374783488","Sat May 04 23:32:53 +0000 2019","1","@arekkampoeng09 @Chalink15311048 @prabowo @sandiuno Punya yg pasangan sebelah gak klu punya jangan di shar bikin hari gak indah lihat yg gak enak ","1124819215578329088","","","in","","0","0","0","https://x.com/undefined/status/1124819215578329088","971993588509757440",
"1124819152827326464","Sat May 04 23:32:38 +0000 2019","0","Tp msh kalah jauh dgn Pemilu di Indonesia. KPU Indonesia berhasil memanipulasi 73.715 data secara Nasional. Bahkan mampu menyebabkan ribuan korban; hampir 500 anggota KPPS (petugas pemilu) gugur dan 3.788 lainnya msh dirawat. Final nya pun pasti akan lbh dahsyat drpd Filipina.","1124819152827326464","","","in","","0","0","0","https://x.com/undefined/status/1124819152827326464","960833024035143680",
"1124816445135839233","Sat May 04 23:32:34 +0000 2019","6","@IreneViena @SBYudhoyono @PDemokrat @prabowo kalo ini seperti sebuah film yang sudah terlanjur dipertontonkan maka akal sehat harusnya berkata prabowolah korban dari politik busuk selama ini. eh tapi jaman sedang terbalik menuju hari akhir jadi akal sehat alias logika jadul mulai tergerus...hihi juga ah... ","1124819133592289280","","IreneViena","in","","0","0","1","https://x.com/undefined/status/1124819133592289280","812447311632605184",
"1124819123936956421","Sat May 04 23:32:31 +0000 2019","0","Berkumpul di Jakarta Ribuan Ulama Ajak Umat Hindari Aksi Inkonstitusional Pasca Pemilu https://t.co/riep2BMFkA","1124819123936956421","","","in","","0","0","0","https://x.com/undefined/status/1124819123936956421","34511619",
"1124600827652362240","Sat May 04 23:32:20 +0000 2019","0","@ridwankamil Prabowo presiden wahai buyung RK","1124819075153027072","","ridwankamil","in","","0","0","0","https://x.com/undefined/status/1124819075153027072","806304555021451264",
"1124809626774581248","Sat May 04 23:32:20 +0000 2019","0","@CintaNKRI12 @prabowo @sandiuno Subhanallah.......","1124819075023163392","","CintaNKRI12","in","","0","0","0","https://x.com/undefined/status/1124819075023163392","807834024043421696",
"1124819056916221953","Sat May 04 23:32:15 +0000 2019","1","Sebut Ada Korupsi Erdogan Ingin Pemilu Ulang di Istanbul https://t.co/r3sYb43Vse","1124819056916221953","","","in","","0","0","0","https://x.com/undefined/status/1124819056916221953","262026799",
"1124467557296009217","Sat May 04 23:32:14 +0000 2019","0","@narkosun @RizmaWidiono Wajah Arab habib apa ya gitu Wajah India tabib apa ya gitu Wajah Boyolali bikin Prabowo mati kutu Wajah pekok keok","1124819049131560961","","narkosun","in","","0","0","0","https://x.com/undefined/status/1124819049131560961","1021883270441521153",
"1124819041258840065","Sat May 04 23:32:12 +0000 2019","13","Indonesia Darurat Demokrasi?! Banyaknya Rakyat Memilih Belum Tentu Memenangkan Pilpres Karena KPU Lebih Berkuasa Dalam Menentukan Kemenangan https://t.co/PxFbrRuHhG lewat @YouTube","1124819041258840065","","","in","","0","1","4","https://x.com/undefined/status/1124819041258840065","2991557823",
"1124465475339972608","Sat May 04 23:32:08 +0000 2019","0","@AndiArief__ Jelas bukan kelas Pak @prabowo ngambek. Justru kita pertanyakan sikap AHY knpa spt jd penghianat","1124819027107311617","","Andiarief__","in","","0","0","0","https://x.com/undefined/status/1124819027107311617","1898618340",
"1124819023663849472","Sat May 04 23:32:08 +0000 2019","0","jual beli komputer &gt; https://t.co/dsHa4qwZry 08121007552 #StopSitungKPU #NEWLIV #IndonesiaCallsHarimanSiregar #KebiasaanKuSebelumTidur #simulasijokesramadhan #Setiadukungprabowo #AndreTaulanyKufurNikmat #AndreTaulanyHinaRasulullah #NKRI #kpu #KPUCurangRakyatMelawan #Jokowi #KPK https://t.co/SZshQjKbB1","1124819023663849472","https://pbs.twimg.com/media/D5wo7TzUcAEU68a.jpg","","in","","0","0","0","https://x.com/undefined/status/1124819023663849472","1114444737799315456",
"1124819019553361920","Sat May 04 23:32:07 +0000 2019","0","Sejatinya bukan Prabowo vs Jokowi... Tapi pilihan rakyat vs pilihan elite dan cukong... KPU bagian dari elite..... @IreneViena @Dahnilanzar @berteman_mari @fahiraidris @Fahrihamzah @prabowo @SBYudhoyono @JackVardan @CakKhum @PriyoBudiS @MardaniAliSera","1124819019553361920","","","in","","0","0","0","https://x.com/undefined/status/1124819019553361920","1037877483578646528",
"1124819002654478336","Sat May 04 23:32:03 +0000 2019","0","Prosesi penobatan Maha Vajiralongkorn sebagai raja Thailand berlangsung di Bangkok kemarin Sabtu (4/5) #PenobatanrajaThailand https://t.co/extqXcX4pI","1124819002654478336","","","in","","0","0","1","https://x.com/undefined/status/1124819002654478336","79130206",
"1124818992214859776","Sat May 04 23:32:00 +0000 2019","1","saya setuju dgn anda Jendral @edo751945 mreka ini keturunan arab biang adu domba provokator di NKRI seharusnya mreka diberi peringatan perlukah mreka dibuatkan undang undang khusus warga keturunan jendral??? Cc @jokowi @KHMarufAmin_ @GusMuwafiq","1124818992214859776","","","in","","0","0","0","https://x.com/undefined/status/1124818992214859776","864212965",
"1124206582911209472","Sat May 04 23:31:49 +0000 2019","0","@sandiuno @prabowo Maaf pa om wowo sholat dan wudunya sdh bnr blm pa? kalau blm bnr Jkw tuk ngajarin percuma sholat kalau gk sah secara agama islamnya cm jd kedok doang","1124818946002046976","","sandiuno","in","","0","0","0","https://x.com/undefined/status/1124818946002046976","695508677558579201",
"1124818938884308993","Sat May 04 23:31:47 +0000 2019","0","Tanah suci ada yg sebut tanah bayar kontan. Siapa berbuat dosa kemungkinan langsung mendapat balasan atas dosanya. Semoga mereka yg berlaku curang pada hitung suara pemilu ini. Dibulan suci ini dibayar kontan. Mendapat balasan... Aaminn ya Rabb. #FraudeElectoral #StopSitungKPU","1124818938884308993","","","in","","0","0","0","https://x.com/undefined/status/1124818938884308993","749589726391185408",
"1124637706510716928","Sat May 04 23:31:40 +0000 2019","0","@jeansaprilia Dukung prabowo demi indonesia lebih baik #Setiadukungprabowo #Setiadukungprabowo #Setiadukungprabowo","1124818909259915264","","jeansaprilia","in","","0","0","0","https://x.com/undefined/status/1124818909259915264","1015763383595876353",
"1124818906806231040","Sat May 04 23:31:40 +0000 2019","0","Hoax tentang kecurangan Pilpres yg dibuat dan disebarkan secara Terstruktur Sistematis dan Masih untuk mendelegetimasi hasil resmi KPU. Mohon pemilik akun FB ini segera ditindak. @KPU_ID @bawaslu_RI @aduankonten @DivHumas_Polri @CCICPolri @BIN_Official https://t.co/8FbVEy6iaT","1124818906806231040","https://pbs.twimg.com/media/D5wo1P8UIAAg9km.jpg","","in","","0","0","0","https://x.com/undefined/status/1124818906806231040","1074829460610867200",
"1124753827284934656","Sat May 04 23:31:36 +0000 2019","0","@sndra791 @RachlanNashidik @Demokrat Kalau pihak penguasa jelas mereka hrs bertanggung jawab. Sbg pendukung capres penantang kita juga ingin dengar apa2 saja pikiran solutifnya terhadap kejadian tsb. Pendukung tak perlu memanjakan capres nanti bisa spt jae ora mikir.","1124818890398191616","","sndra791","in","","0","0","0","https://x.com/undefined/status/1124818890398191616","1466691751",
"1124489155239501824","Sat May 04 23:31:33 +0000 2019","0","@P3nj3l4j4h Yusuf Martak lapindomu bakal dibredel pemerintah woii... Lu kalang kabut krn jokowi menang dn lu harus bayar hutang ke pemerintah yg udah nalangin pembayaran korban lumpur lapindo.","1124818879115448320","","P3nj3l4j4h","in","","0","0","0","https://x.com/undefined/status/1124818879115448320","941303029311029249",
"1124818858345263105","Sat May 04 23:31:28 +0000 2019","0","Nyawa yang telah terenggut digelaran pilpres ini 474 nyawa amazing... Apa jangan2 pilpres ini ada keleniknya sampai tumbalnya begitu banyak? Bener2 rezim Genderuwo..️ @RezimThogut","1124818858345263105","","","in","","0","0","0","https://x.com/undefined/status/1124818858345263105","1118865813031645185",
"1124706573002080258","Sat May 04 23:31:22 +0000 2019","0","@SiIvy_Riau02 @lookinglove62 @jokowi siap nunggu komamdo hrs jaksel #KPUNgejarQuickCount","1124818833624059904","","PeoplePower_id","in","","0","0","0","https://x.com/undefined/status/1124818833624059904","1020825064646692864",
"1124816445135839233","Sat May 04 23:31:20 +0000 2019","3","@IreneViena @SBYudhoyono @PDemokrat @prabowo musuh dalam selimut menggunting dalam lipatan itulah manusia penghianat.","1124818825440980992","","IreneViena","in","","0","0","0","https://x.com/undefined/status/1124818825440980992","1114147895769358337",
"1124818288708440064","Sat May 04 23:31:15 +0000 2019","3","@MichelAdamNew Kalaulah penyelenggara Pemilu nya jujur. Jangan hatap 01 suaranya lebih dari 30%. #SitungKPUBikinSinting","1124818803693514752","","MichelAdamNew","in","","0","0","0","https://x.com/undefined/status/1124818803693514752","2218656439",
"1124699114912899074","Sat May 04 23:31:02 +0000 2019","1","@Ayu02Basuki @prabowo @sandiuno Alhamdulillah","1124818747737305089","","Ayu02Basuki","in","","0","0","0","https://x.com/undefined/status/1124818747737305089","1033273391623499776",
"1124818731824177153","Sat May 04 23:30:58 +0000 2019","0","Sepertinya demokrat akan jdi oposisi @prabowo dg ato tnpa pdi.. Dgn jd oposisi mk lebih leluasa mnekan drpd jd koalisi.. Semua krn AHY","1124818731824177153","","","in","","0","0","0","https://x.com/undefined/status/1124818731824177153","850302794137354240",
"1124724123819622400","Sat May 04 23:30:50 +0000 2019","3","@BangPino_ Saya yakin Prabowo Sandi presiden kita","1124818699142090752","","BangPino_","in","","0","0","0","https://x.com/undefined/status/1124818699142090752","1030065481103728641",
"1124566198551584768","Sat May 04 23:30:50 +0000 2019","0","@BiLLRaY_ Ga bakalan mrk pilih Jokowi walau dikasi apapun. Udah kemakan janji syurga yo piye om","1124818697904721920","","BiLLRaY_","in","","0","0","0","https://x.com/undefined/status/1124818697904721920","3046496298",
"1124785291821076480","Sat May 04 23:30:49 +0000 2019","7","@TheArieAir Yg bnyak bikin hoaks kan kubu sana. Bikin kegaduhan dn buat rakyat gk tenang. Memaksakan kehendak mau diskualifikasi Jokowi sbg presiden terpilih. Hrsnya people power utk melawan mereka. Krn rakyat sdh muak dgn gaya2 mereka yg arogan.","1124818696185139201","","TheArieAir","in","","0","0","2","https://x.com/undefined/status/1124818696185139201","1087588796479070208",
"1124818684608827393","Sat May 04 23:30:47 +0000 2019","1","Inilah caci makian yg dilontarkan kepada bapak presiden @jokowi Tapi dia dengan sabar menerima tuduhan ya dia terima semoga tuhan selalu melindunginya AMINx3","1124818684608827393","","","in","","0","0","0","https://x.com/undefined/status/1124818684608827393","839112259230031872",
"1124632094825521154","Sat May 04 23:30:45 +0000 2019","0","@Dahnilanzar @prabowo @sandiuno https://t.co/HbUJlOO1o1 Klo siap presiden ini mau dibuat tweet spt apa??? Yg adil dong klo buat tweet jgn berat sebelah","1124818676916473856","","Dahnilanzar","in","","0","0","0","https://x.com/undefined/status/1124818676916473856","268834481",
"1124818640488976384","Sat May 04 23:30:36 +0000 2019","2","tunggu 2019 ini jabatan anda berakhir @jokowi ..","1124818640488976384","","","in","","0","0","0","https://x.com/undefined/status/1124818640488976384","292752448",
"1123046479604490240","Sat May 04 23:30:33 +0000 2019","0","@jokowi Banyuwangi dan Jember daerah yg masih kosong. Cantik banyak sumber daya alam dan masyarakat sekitar yg sangat loyal thdp NKRI dan Pancasila. Akses yg mudah ke barat dan ke timur. Bolehlah dipertimbangkan Pak Presiden.","1124818627113275392","","jokowi","in","","0","0","0","https://x.com/undefined/status/1124818627113275392","1079585855327498240",
"1124817378452230144","Sat May 04 23:30:31 +0000 2019","0","@askmenfess Wowi(prabowo jokowi biar gada yg ribut lagi)","1124818618397495296","","Askmenfess","in","","0","0","0","https://x.com/undefined/status/1124818618397495296","1120810940889354240",
"1124766912104157185","Sat May 04 23:30:29 +0000 2019","0","@RachlanNashidik Mungkin Pak @prabowo sdh menyampaikan ide atau strategi nya tp hanya kepada org2 yg menurut beliau layak untuk dipercaya..","1124818611200118784","","rachlannashidik","in","","0","0","1","https://x.com/undefined/status/1124818611200118784","919426769056284672",
"1124598347468234752","Sat May 04 23:30:28 +0000 2019","0","@_doncorleone78_ @prabowo @sandiuno Lebai gak akan dibawa mati mak","1124818606867410944","","_doncorleone78_","in","","0","1","0","https://x.com/undefined/status/1124818606867410944","1107673279957889024",
"1124136560402649089","Sat May 04 23:30:27 +0000 2019","4","@RumpinPAJ @IreneViena makanya pak @jokowi legowo saja karena kebanyakan rakyat sudah tdk mau di pimpin oleh bapak biar negara ini aman. kan sudah terbukti kecurangan di mana mana #StopSitungKPU","1124818602278805504","","RyanIntifada","in","","0","0","0","https://x.com/undefined/status/1124818602278805504","319614357",
"1124576904701284352","Sat May 04 23:30:13 +0000 2019","0","@rmolco @msaid_didu Rakyat berdo'a secara masif semoga Allah swt mengabulkan Jokowi menang telak dgn selisih angka dua digit agar pendukung paslon 01 adem ayem shg pemindahan ibukota negara terealisasi. Krn Jokowi itu Presiden paling brani ambil keptusan itu fakta bkan mitos gak perlu dibantah.","1124818544405827584","","rmol_id","in","","0","0","0","https://x.com/undefined/status/1124818544405827584","1123967286526787587",
"1124284757716508672","Sat May 04 23:30:13 +0000 2019","0","@ardhanAmin @ustadtengkuzul Orang yg Ikhlas itu adalah Prabowo. -Gus Dur","1124818541528530944","","","in","","0","1","0","https://x.com/undefined/status/1124818541528530944","589787597",
"1124818538928037890","Sat May 04 23:30:12 +0000 2019","0","Hasil Sementara Rekapitulasi KPU: Pilpres 2019 01 = 56.11% (57 086 154 suara) 02 = 43.89% (44 644 566 suara) Total suara: 101 730 720 suara TPS diproses: 66.35% (539 692 dari 813 350 TPS) Waktu update KPU: 05/05/2019 06:15 WIB (Sumber data: KPU) #KawalSuara2019","1124818538928037890","","","in","","0","0","0","https://x.com/undefined/status/1124818538928037890","1119851854249127936",
"1124818513783402496","Sat May 04 23:30:06 +0000 2019","1","Hormat Kami kepada Panitia Pemilu 2019 https://t.co/mUZR1YLOzi","1124818513783402496","","","in","","0","0","0","https://x.com/undefined/status/1124818513783402496","138294785",
"1124606653620477952","Sat May 04 23:30:06 +0000 2019","1","@lreneViena @AdvokatBS Prabowo sdh menang real di tangan Rakyat tugas kita adalah menjaga kemenangan tersebut karena itu hak kita dan mempertahankan adalah kwajiban kita","1124818513296707585","","Indonesia_leaks","in","","0","0","0","https://x.com/undefined/status/1124818513296707585","368116359",
"1124815753998368768","Sat May 04 23:30:06 +0000 2019","0","@JongMuslim @prabowo @sandiuno Sedjak dl BPN cuma bisa brisik ga ada langkah hukum kongkrit pun langkah politiknya goyah spr membebek ikutan pemilu","1124818512642330624","","JongMuslim","in","","0","0","0","https://x.com/undefined/status/1124818512642330624","833201457763454976",
"1123946239379296256","Sat May 04 23:30:05 +0000 2019","0","@hendrongep2 @aditya_permanaS @tempodotco Terima aja kekalahan 02 rekap KPU sudah 66% hasil akhir gak akan beda jauh. Gak percaya KPU? Jgn ikut pemilu lagi https://t.co/xjC0wAIxOk","1124818508376731648","https://pbs.twimg.com/media/D5wod4AUYAAR_2f.jpg","","in","","0","0","0","https://x.com/undefined/status/1124818508376731648","83787734",
"1124749784437288961","Sat May 04 23:30:04 +0000 2019","0","@ANurdin65 @jokowi Mereka yg paling banyak duduk di KPU mereka sendiri yg merusak korsi mereka. Benar kata nyonya ini punya jerawat jangan dipencet diobati dong ","1124818506250252288","","ANurdin65","in","","0","0","0","https://x.com/undefined/status/1124818506250252288","1076768586461470721",
"1124818499346489344","Sat May 04 23:30:03 +0000 2019","2","Data Kawal Pemilu 2019 508 234 TPS dari 817 412 TPS Total (62.18%) Jokowi-Amin | Prabowo-Sandi 55.14% 44.86% Jokowi-Amin: 52 020 087 Prabowo-Sandi: 42 319 413 Suara Sah: 94 182 561 Tidak Sah: 2 355 598 @KawalPemilu2019 #PantauFotoUpload diakses: 2019-05-05 06:30:02","1124818499346489344","","","in","","0","0","2","https://x.com/undefined/status/1124818499346489344","1100921429090983936",
"1124818496234201088","Sat May 04 23:30:02 +0000 2019","0","Jokowi Menang Saksi Prabowo Ogah Tanda Tangan: Instruksi Gerindra - Warta Ekonomi https://t.co/XwTGJztcTu","1124818496234201088","","","in","","0","0","0","https://x.com/undefined/status/1124818496234201088","30617522",
"1124818488286162951","Sat May 04 23:30:00 +0000 2019","0","Menuju Rekonsiliasi Nasional Pasca Pilpres 2019 - https://t.co/9ipZm6lkiP","1124818488286162951","","","in","","0","0","0","https://x.com/undefined/status/1124818488286162951","2366754955",
"1124607663994576897","Sat May 04 23:29:50 +0000 2019","3","@tvOneNews Peluru itu ditangan Polri ? Ternyata semua sudah direncanakan sejak jauh sebelum pilpres.","1124818448184266752","","tvOneNews","in","","0","0","0","https://x.com/undefined/status/1124818448184266752","1095606294940082177",
"1124494788638662656","Sat May 04 23:29:43 +0000 2019","0","@Dennysiregar7 @prabowo Lama2 org eneg sih bang liat kelakuan nya kok bocah bgt... Termasuk g..","1124818419239415809","","Dennysiregar7","in","","0","0","0","https://x.com/undefined/status/1124818419239415809","1120352354467893248",
"1124818399559708672","Sat May 04 23:29:39 +0000 2019","0","KALAU BAWASLAU BERANI MENGELUARKAN PERNYATAAN RESMI.INSYA ALLAH MASALAH KECURANGAN PILPRES AKAN BISA DIATASI. BISA MENYADARKAN KPU DR CURANG https://t.co/3zfwANUY72","1124818399559708672","https://pbs.twimg.com/media/D5woXhuUEAI3c4r.jpg","","in","","0","0","0","https://x.com/undefined/status/1124818399559708672","907071169014009856",
"1124609965820243968","Sat May 04 23:29:37 +0000 2019","0","@kompasiana @kompascom dia ? tidak sukanya sejak jokowi masih walikota solo. awet nyinyir dan awet dengki.","1124818390726504448","","kompasiana","in","","0","0","0","https://x.com/undefined/status/1124818390726504448","954625756067344385",
"1124339931059326976","Sat May 04 23:29:21 +0000 2019","0","@wahyonokuP @PriyoBudiS @Fahrihamzah @jokowi Sudah Takdir Kejahatan tidak pernah menang melawan Kebaikan.","1124818324255199232","","wahyonokuP","in","","0","0","0","https://x.com/undefined/status/1124818324255199232","1021408978121576448",
"1122157229178642433","Sat May 04 23:29:16 +0000 2019","0","@KasanBaret @prabowo Jika C1 suara 01 sdh habis terinput kira2 apa lagi ya yg akan mereka lakukan utk mempertahankan kursi rezim gagal urus bangsa agar tdk tergusur?","1124818304198107137","","KasanBaret","in","","0","0","0","https://x.com/undefined/status/1124818304198107137","902518154701586432",
"1124815906817728513","Sat May 04 23:29:10 +0000 2019","0","@MichelAdamNew Bahkan sebelum pemilu sudah hilang terlebih dahulu bu @MichelAdamNew . Banyak bukti yg kita lihat.","1124818281041252352","","MichelAdamNew","in","","0","0","0","https://x.com/undefined/status/1124818281041252352","193769991",
"1124818206185672704","Sat May 04 23:28:53 +0000 2019","1","Berita Terkini: Prabowo Ditantang Maju ke Depan Jangan Berkutat di C1 Bongkar Kecurangan dan Kematian Massal ","1124818206185672704","","","in","","0","0","0","https://x.com/undefined/status/1124818206185672704","2934629720",
"1124516077952626688","Sat May 04 23:28:52 +0000 2019","0","@syafrinkar Gunakan pasal 532 UU Pemilu kata prof RR","1124818203732008961","","iNewsSK","in","","0","0","0","https://x.com/undefined/status/1124818203732008961","2285373955",
"1124748411721228289","Sat May 04 23:28:48 +0000 2019","2","@RachlanNashidik Jgn tanya pak Prabowo tanya pak Jae apa terus mencurangi suara rakyat dri sjak awl rkyt Ind tau Demokrat abu2 apa yg klian lkukan tuk mdkung Pak Prabowo yg nmpak itu cma individu Jansen / ferdinan Prabowo itu menang krns didkng ulama bkn Demokrat #KPUCurangRakyatMelawan","1124818185226637312","","rachlannashidik","in","","0","0","0","https://x.com/undefined/status/1124818185226637312","867000304528629760",
"1124818135398305794","Sat May 04 23:28:36 +0000 2019","0","Salut Pak. @jokamjakarta @KawalPemilu2019 @jokowi @mohmahfudmd @besmartyk @Gerindra @KPU_ID @bawaslu_RI @prabowo @sandiuno #Pemilu2019 #ArahBaru2019 @BarengSandiaga @MardaniAliSera @PKSejahtera @FRONTPEMBELAIS5 @hizbuttahrir @myfathiyah @pilpres @mahapatih007 @ruhutsitompul","1124818135398305794","","","in","","0","0","0","https://x.com/undefined/status/1124818135398305794","1099117689375621120",
"1124813034050838528","Sat May 04 23:28:35 +0000 2019","0","@ReflyHZ @ssirah Pak pak.. nih suara pilpres sedang dikorupsi..","1124818131682152448","","ReflyHZ","in","","0","0","0","https://x.com/undefined/status/1124818131682152448","337457668",
"1124816445135839233","Sat May 04 23:28:35 +0000 2019","1","@IreneViena @SBYudhoyono @PDemokrat @prabowo musuh dalam selimut menggunting dalam lipatan ITULAH SBY DAN AHY","1124818130738356224","","IreneViena","in","","0","0","1","https://x.com/undefined/status/1124818130738356224","1114147895769358337",
"1124818117002055685","Sat May 04 23:28:31 +0000 2019","0","Audit kejujuran mengenai pemilu bukan hanya pada situng suara.. coba hitung pula mengenai besaran pembiayaanya kemudian bagaimana dengan fasilitas dn pelaksanaanya apakah cukup memadai persiapanya bbrp korban sampai meninggal dn sakit cukup jika untuk di intetopeksi ","1124818117002055685","","","in","","0","0","0","https://x.com/undefined/status/1124818117002055685","2424842569",
"1124818042926587904","Sat May 04 23:28:14 +0000 2019","0","https://t.co/P40vEI7l9e RT darmancliquers: Semoga KPU_ID gak smpai salah input data dengan berbagai alasan tolong hargai petugas KPPS Saksi dan Pengawas TPS yg bertugas dari pagi sampai pagi lagi demi terwujudnya pesta demokrasi Indonesia bahkan sampai ada yg meninggal kar ","1124818042926587904","","","in","","0","0","0","https://x.com/undefined/status/1124818042926587904","2919772580",
"1124816445135839233","Sat May 04 23:28:04 +0000 2019","0","@IreneViena @SBYudhoyono @PDemokrat @prabowo Warna yang semakin jelas ya Teh @IreneViena ..","1124818000320663552","","IreneViena","in","","0","0","0","https://x.com/undefined/status/1124818000320663552","193769991",
"1124661921423056896","Sat May 04 23:27:56 +0000 2019","2","@helmifelis @HeriawanAdiwan2 Tetap meresahkan banged ya kondisi Situng KPU. Menang benar Situng KPU bukan dasar penetapan pemenang namun Situng ini yg dilihat rakyat. Selisih Prabowo Jokowi sdh sampai 8 jutaan. Semoga pahlawan demokrasi 02 mampu menjaga suara rakyat di lapangan.","1124817970012667904","","HelmiFelis_","in","","0","1","0","https://x.com/undefined/status/1124817970012667904","953330310300688384",
"1123819678097453057","Sat May 04 23:27:53 +0000 2019","0","@DR_HLuck15 @brurjali0509 @prabowo Iya betul burungnya unstanding","1124817957601734656","","gratias_15","in","","0","0","0","https://x.com/undefined/status/1124817957601734656","1018841028042690563",
"1124601529367912449","Sat May 04 23:27:53 +0000 2019","0","@Queen_Oc09 @Ochi__BQ09 @prabowo @sandiuno gitu ktnya bersih bener bersih bersih duwit nya negara ya pak Marwan Batubara #HasilCurangUnlegitimate #HasilCurangUnlegitimate #HasilCurangUnlegitimate #HasilCurangUnlegitimate #HasilCurangUnlegitimate #HasilCurangUnlegitimate #HasilCurangUnlegitimate","1124817954774761472","","GwOposisi","in","","0","0","0","https://x.com/undefined/status/1124817954774761472","801711329128001536",
"1124609358325633027","Sat May 04 23:27:49 +0000 2019","0","@_doncorleone78_ @prabowo @sandiuno @Dahnilanzar @sudirmansaid @TheOfficialFMB @jansen_jsp @msaid_didu @Fahrihamzah @rockygerung Terstruktur masif","1124817940463755264","","_doncorleone78_","in","","0","0","0","https://x.com/undefined/status/1124817940463755264","940240508776935424",
"1123094791544172545","Sat May 04 23:27:44 +0000 2019","0","@RelawanProSandi Ini pilpres RI neng","1124817920041766913","","RelawanProSandi","in","","0","0","0","https://x.com/undefined/status/1124817920041766913","1123853643692814336",
"1124817917940363264","Sat May 04 23:27:44 +0000 2019","17","Apakah salah satu indikasinya krn ia tak mau cuti? - Dana Kampanye Jokowi Harus Diaudit Karena Diduga Pakai Uang Rakyat https://t.co/gvH1oSEeSq","1124817917940363264","","","in","","1","1","9","https://x.com/undefined/status/1124817917940363264","61465123",
"1124816445135839233","Sat May 04 23:27:44 +0000 2019","4","@IreneViena @SBYudhoyono @PDemokrat @prabowo Bergabung ke koalisi hanya utk mengamankan suara parlemen kalau ga bergabung mereka bisa ga masuk dan terbukti suara mereka turun di 2019 ini..","1124817916900167681","","IreneViena","in","","0","0","0","https://x.com/undefined/status/1124817916900167681","1030277378449190912",
"1124613497105444864","Sat May 04 23:27:44 +0000 2019","0","@dr_koko28 @joked2019 Trus yg harus dipercaya QC konsultan prabowo???","1124817916824678400","","dr_koko28","in","","0","0","0","https://x.com/undefined/status/1124817916824678400","786611227262726144",
"1124663936127647746","Sat May 04 23:27:38 +0000 2019","0","@AkunTofa Apa alasan menolak TPF Pilpres 2019 ?? #BentukTPFkecuranganPilpres segera !!","1124817895194652672","","AkunTofa","in","","0","0","0","https://x.com/undefined/status/1124817895194652672","2791592677",
"1123084763441451008","Sat May 04 23:27:35 +0000 2019","0","@kospirasiglobal Ada yg ingin pemilu gagal kyaknya. Seharusnya petugas KPU dikawal polisi sampai adanya pengumuman hasil nasional.","1124817879197601794","","kospirasiglobal","in","","0","0","0","https://x.com/undefined/status/1124817879197601794","930314691317870593",
"1124748411721228289","Sat May 04 23:27:34 +0000 2019","0","@RachlanNashidik Jalan buntu itu harusnya dibuka oleh @KPU_ID n @bawaslu_RI dg menyatakan diskualifikasi caprws jkw krn bertanggung jawab atas sgala bentuk kecurangan n kericuhan serta bnyk korban pemilu x ini","1124817877171724288","","rachlannashidik","in","","0","0","0","https://x.com/undefined/status/1124817877171724288","465344647",
"1124817853067038721","Sat May 04 23:27:28 +0000 2019","0","YANG BERHAYA ITU DATA KPU YG DIGUNAKAN PENETAPAN PEMENANG TAK SESUAI DISODORKAN MK.PASTI MK TAKUT DENGAN JOKOWI. SUKSES CURANGNYA https://t.co/fqOM7fl5gb","1124817853067038721","https://pbs.twimg.com/media/D5wn3uDUIAMpHXm.jpg","","in","","0","0","0","https://x.com/undefined/status/1124817853067038721","907071169014009856",
"1123817392596049920","Sat May 04 23:27:26 +0000 2019","0","@AlmiraYushi @Gerindra Suara calegny mba bukn suara capres ny...","1124817843734712320","","AlmiraYushi","in","","0","2","0","https://x.com/undefined/status/1124817843734712320","723922425566482432",
"1124397377517809664","Sat May 04 23:26:58 +0000 2019","0","@jibril99996066 @SyifaZ6 @Dwiyana_DKM @rockygerung @jengkelin__ @FaGtng Jokowi yg kt Jeffrey Winter lemah tersebut tanpa anda perlu akui pun telah dgn telak membuat junjungan ente .. sujud syukur 2 kali .. dan The Australian Menulis Loser Prabowo ","1124817726487162880","","tianggono","in","","0","4","0","https://x.com/undefined/status/1124817726487162880","1582548295",
"1124645952399085569","Sat May 04 23:26:54 +0000 2019","0","@ustadtengkuzul @martin_sofian1 Alhamdulillah.. prabowo kalah sama jokowi. Jangan setres ya zulkarnaen...","1124817706765520897","","ustadtengkuzul","in","","0","0","0","https://x.com/undefined/status/1124817706765520897","2895773587",
"1124817680777740288","Sat May 04 23:26:47 +0000 2019","0","#selfreminder #ruqyah #bersalaman #sunnah #temanterbaik #kematian #membacaalquran #uangsuap #pemilu #tauhid #jilbab #majelisilmu #kebodohan @ Kopo https://t.co/ulBlb9xuAG","1124817680777740288","","","in","","0","0","0","https://x.com/undefined/status/1124817680777740288","495653860",
"1122157229178642433","Sat May 04 23:26:42 +0000 2019","0","@LebahBorneo @Waluyo661 @rizqi_property @prabowo Kawal terus #SitungKPUBikinSinting","1124817659881639936","","LebahBorneo","in","","0","0","0","https://x.com/undefined/status/1124817659881639936","892015585231380480",
"1124748411721228289","Sat May 04 23:26:36 +0000 2019","3","@RachlanNashidik Maksut bapak Pak Prabowo harus menyerah dan menyatakan menerima kekalahan sementara kecurangan itu nyata...?","1124817632304123904","","rachlannashidik","in","","0","0","1","https://x.com/undefined/status/1124817632304123904","2750740674",
"1124813460607344640","Sat May 04 23:26:27 +0000 2019","0","@rmolco Semua yang cinta KPK juga pasti cinta novel baswedan karna petugas penyidik KPK yang menjadi korban kejahatan di rezim ini sampai sekarang tidak mampu dituntaskan tentang siapa pelakunya. ya ga @jokowi ","1124817595289329665","","rmol_id","in","","0","0","0","https://x.com/undefined/status/1124817595289329665","1674091232",
"1122157229178642433","Sat May 04 23:26:25 +0000 2019","1","@LebahBorneo @prabowo Kawal terus #SitungKPUBikinSinting","1124817587794169857","","LebahBorneo","in","","0","1","1","https://x.com/undefined/status/1124817587794169857","892015585231380480",
"1124783154521206785","Sat May 04 23:26:21 +0000 2019","0","@Akbar_Ltd Ada masa masa nya brader .... PD 2009 itu semuanya millitan ... millitan krn capres nya di zolimi oleh petahana ... millitan krn calegnya pengen eksis ... millitan karena blum dapat porsi apapun sebagai parte baru .... Kalo sekarang rakyat sudah pintar dan mereka tidak millitan","1124817569565667328","","","in","","0","0","0","https://x.com/undefined/status/1124817569565667328","306249294",
"1122111161715945473","Sat May 04 23:26:18 +0000 2019","2","@BudiKaryaS @jokowi Prestasi apanya? #ngawur ngurus harga tiket aja ga bisa harga tiket masih mahal anda sama sekali ga capable jadi menhub pak budi. Mohon maaf ini fakta dan kenyataan","1124817557070815232","","BudiKaryaS","in","","0","2","0","https://x.com/undefined/status/1124817557070815232","104754643",
"1124344467173941248","Sat May 04 23:26:15 +0000 2019","0","@ferrykoto @prabowo @KPU_ID Layak diretweet!!!!","1124817546257911808","","ferrykoto","in","","0","0","0","https://x.com/undefined/status/1124817546257911808","1113036793320894467",
"1124817534421590016","Sat May 04 23:26:12 +0000 2019","0","Saya tantang Arief puyono utk taruhan potong LIDAH klau Prabowo menang saya potong LIDAH saya tpi klau Jokowi yg menang maka LIDAH anda akan saya potong ok??","1124817534421590016","","","in","","0","0","0","https://x.com/undefined/status/1124817534421590016","1119480480565354498",
"1124817518084812800","Sat May 04 23:26:09 +0000 2019","0","Cc @prabowo @sandiuno @PriyoBudiS tlg diadvokasi","1124817518084812800","","","in","","0","0","0","https://x.com/undefined/status/1124817518084812800","3321423907",
"1124817494013763584","Sat May 04 23:26:03 +0000 2019","1","Situng KPU capai 539.692 TPS Jokowi-Ma'ruf unggul https://t.co/D1IAdrNTOl","1124817494013763584","","","in","","0","0","0","https://x.com/undefined/status/1124817494013763584","3799304234",
"1124570285800165376","Sat May 04 23:26:01 +0000 2019","0","@Yettidewi @jokowi KOWI MENANG=INDONESIA CUMA BUDAK CINA","1124817487273517056","","Yettidewi","in","","0","1","0","https://x.com/undefined/status/1124817487273517056","982851804701454342",
"1124817473264472064","Sat May 04 23:25:58 +0000 2019","90","Coblos Sisa Surat Suara Capres 02 Tiga Orang Petugas KPPS Satu Saksi Jadi Tersangka https://t.co/l9YCD2av1I","1124817473264472064","","","in","","12","7","60","https://x.com/undefined/status/1124817473264472064","34511619",
"1124817457967820800","Sat May 04 23:25:54 +0000 2019","0","Perlu sekali TPF karena = 1. Korban sangat bnyk 2. Kecurangan di dlm dan luar negri bnyk 3. Situng kpu dan QC bermasalah 4. Dana pemilu dana rakyat sangat besar smpi 25 T #StopSitungKPU","1124817457967820800","","","in","","0","0","0","https://x.com/undefined/status/1124817457967820800","1114173300630888448",
"1124645952399085569","Sat May 04 23:25:47 +0000 2019","0","@ustadtengkuzul mereka gagal dg lapang dada menerima tdk klaim menang dan tak minta pemilu diulang pak itu bedanya . ngertiii ora son #mikir","1124817426250493952","","ustadtengkuzul","in","","0","0","0","https://x.com/undefined/status/1124817426250493952","1033537647531053056",
"1124656201801670657","Sat May 04 23:25:30 +0000 2019","0","@Namaku_Mei @ArdianZA_ Mereka bergerak dengan isi yg kosong yg penting jagad media ada berita tentang mereka Yg katanya Prabowo menang Yg katanya curang Yg katanya harus dihentikan Yg katanya Baliho dipancang Yg katanya itjima ulama menang Yg katanya people power goncang Sak karepmu","1124817356801302528","","Namaku_Mei","in","","0","0","0","https://x.com/undefined/status/1124817356801302528","1021883270441521153",
"1124817347443716098","Sat May 04 23:25:28 +0000 2019","0","PEMILU Terbrutal dalam Sejarah 474 Petugas KPPS meninggal 3.565 Sakit..2014 tak satupun petugas PEMILU meninggal..Perlu di selidiki hrs Otopsi jenasah PAGI INDONESIA","1124817347443716098","","","in","","0","0","0","https://x.com/undefined/status/1124817347443716098","166134438",
"1124275129968615424","Sat May 04 23:25:24 +0000 2019","3","@Asmara_1701 @prabowo Biarin aja kl cm presiden bandara","1124817332914647040","","Asmara_1701","in","","0","0","0","https://x.com/undefined/status/1124817332914647040","1118007338877640704",
"1124817298483580928","Sat May 04 23:25:16 +0000 2019","0","Setelah isterinya menghina capres tak mau kalah suaminya menghina baginda nabi Muhammad SAW #KeluargaAneh","1124817298483580928","","","in","","0","0","0","https://x.com/undefined/status/1124817298483580928","142945130",
"1124816445135839233","Sat May 04 23:25:15 +0000 2019","17","@IreneViena @SBYudhoyono @PDemokrat @prabowo In syaa Allah.. semoga pak Prabowo selalu dalam lindungan Allah Azza wa Jalla.. tdk masuk ke lubang yg sama. Kebenaran itu pasti akan menang di saat yang tepat...","1124817292762632192","","IreneViena","in","","0","0","0","https://x.com/undefined/status/1124817292762632192","2259020347",
"1124735899944640512","Sat May 04 23:25:02 +0000 2019","0","@GreenBlack1947 @ZAEffendy @CCICPolri @DivHumas_Polri Kalau terjadi Indonesia Adil Makmur tanpa Prabowo-Sandi.","1124817237909561344","","GreenBlackCyber","in","","0","0","0","https://x.com/undefined/status/1124817237909561344","894378574878187520",
"1124665862890196992","Sat May 04 23:24:56 +0000 2019","0","@TsamaraDKI sudah jangan nangis bawa pulang Jokowi sono.. udah udah udah..","1124817215134392320","","TsamaraDKI","in","","0","0","0","https://x.com/undefined/status/1124817215134392320","292752448",
"1124811839206854656","Sat May 04 23:24:55 +0000 2019","0","@KingPurwa PRABOWO MENANG #IndonesiaCallsHarimanSiregar https://t.co/tWtsaWzhxh","1124817208901681152","https://pbs.twimg.com/tweet_video_thumb/D5wnR-oVUAAs0XT.jpg","KingPurwa","in","","0","0","0","https://x.com/undefined/status/1124817208901681152","801288213620867072",
"1124700593665204224","Sat May 04 23:24:54 +0000 2019","2","@Dwiyana_DKM @jokowi @basuki_btp Setuju dgn BTP sbgai ketua dan Silvia Halim sbgai pimpro yg sdh punya pengalaman berbagai proyek besar. Kota jg butuh org2 hebat untuk merencanakan &amp; mbangun ibu kota baru yg lbh baik dan maju","1124817206905229312","","Dwiyana_DKM","in","","0","0","0","https://x.com/undefined/status/1124817206905229312","1066185824658542593",
"1124817186592149504","Sat May 04 23:24:50 +0000 2019","1","Wakil Wali Kota Tangerang H. Sachrudin meminta kepada masyarakat untuk bisa menjaga kondusifitas pasca pelaksanaan pemilu 2019 dan jangan terprovokasi dengan pihak-pihak yang ingin https://t.co/YGWHb4zDNp","1124817186592149504","","","in","","0","0","1","https://x.com/undefined/status/1124817186592149504","2796850499",
"1124645952399085569","Sat May 04 23:24:42 +0000 2019","3","@bangzul_1988 @ustadtengkuzul @PDI_Perjuangan @prabowo @jokowi @KPU_ID yg penting orang2 bangsad ga lolos ke senayan","1124817155013275648","","bangzul_88","in","","0","1","0","https://x.com/undefined/status/1124817155013275648","1349890332",
"1124817153172152325","Sat May 04 23:24:42 +0000 2019","0","Jokowi Kembalikan 2.800 Hektare Lahan Warga Sinamanenek Sujud Syukur https://t.co/pEvI4GK27B","1124817153172152325","","","in","","0","0","0","https://x.com/undefined/status/1124817153172152325","1381766976",
"1124445999018139648","Sat May 04 23:24:42 +0000 2019","0","@MSApunya Jokowi sudah sampai di istana...ini baru masang baliho....","1124817153050365954","","MSApunya","in","","0","0","0","https://x.com/undefined/status/1124817153050365954","1114968750141263872",
"1124320216052260865","Sat May 04 23:24:35 +0000 2019","1","@4mr4nkh4n @prabowo @sandiuno Saya percaya Allah SWT dipihak yg benar","1124817125640589312","","Tuan_Muda_Ze","in","","0","0","0","https://x.com/undefined/status/1124817125640589312","1118765773378342913",
"1124816445135839233","Sat May 04 23:24:31 +0000 2019","5","@IreneViena @SBYudhoyono @PDemokrat @prabowo Bener juga...gabung ke koalisi tpnya melemahkan.","1124817109853171712","","IreneViena","in","","0","0","0","https://x.com/undefined/status/1124817109853171712","1000039829768257536",
"1124748411721228289","Sat May 04 23:24:30 +0000 2019","0","@RachlanNashidik Sabar pak mgkin Pak @prabowo sekarang sedang memilah2 mana kawan sejati yg bisa berjuang bersama sampai titik darah penghabisan dan mana kawan yg kelak akan jd penghianat...","1124817105449185280","","rachlannashidik","in","","0","0","0","https://x.com/undefined/status/1124817105449185280","919426769056284672",
"1124809626774581248","Sat May 04 23:24:22 +0000 2019","4","@CintaNKRI12 @prabowo @sandiuno Sy lg ngerasa skrg hehe","1124817072863629312","","CintaNKRI12","in","","0","0","0","https://x.com/undefined/status/1124817072863629312","1350559040",
"1123046479604490240","Sat May 04 23:24:15 +0000 2019","0","@jokowi Mbugo pak","1124817042991767552","","jokowi","in","","0","0","0","https://x.com/undefined/status/1124817042991767552","1123122158333415426",
"1124753827284934656","Sat May 04 23:24:15 +0000 2019","3","@RachlanNashidik Harusnya bapak minta pemimpin negara ini utk mengusut nya karna dialah yg paling bertanggungjwb dlm pelaksanaan pemilu ini.. Bahkan sy blm melihat ucapan bela sungkawa darinya...sy gak tau dia udah lakukan itu apa blm...atau sy gak tau..? Jadi kelihatan arah kalian @demokrat..","1124817039757955072","","rachlannashidik","in","","0","2","0","https://x.com/undefined/status/1124817039757955072","1028280330279481344",
"1124715870301777920","Sat May 04 23:24:12 +0000 2019","0","@_doncorleone78_ @prabowo @sandiuno Alhamdulillah...","1124817030937337856","","_doncorleone78_","in","","0","0","0","https://x.com/undefined/status/1124817030937337856","1110883580681441281",
"1124511732355874819","Sat May 04 23:24:08 +0000 2019","0","@kenyoriee @prabowo @sandiuno Bondowoso emang top banget!!","1124817010804674560","","easynewwin","in","","0","0","0","https://x.com/undefined/status/1124817010804674560","137746962",
"1124816993255694337","Sat May 04 23:24:03 +0000 2019","0","Harusnya @sandiuno belajar banyak dari Gus Dur bukan malah ikut dengan @prabowo memprovokasi pendukungnya dengan klaim menang. Gus Dur bisa saha ngotot bertahan jadi presiden kl dia mau","1124816993255694337","","","in","","0","0","0","https://x.com/undefined/status/1124816993255694337","3244905644",
"1124816992525885440","Sat May 04 23:24:03 +0000 2019","1","Mau mendengar kelanjutannya bagaimana nasib ferdinand selanjutnya apa tetap akan merendahkan dan menghina jokowi","1124816992525885440","","","in","","0","0","0","https://x.com/undefined/status/1124816992525885440","302362448",
"1124751121145155584","Sat May 04 23:24:03 +0000 2019","0","@BukanCowokLebay Tapi itu biasanya Pileg om semua Caleg yg sdh paham dr Partai manapun pasti mainnya cr suara cb dr tingkat Kecamatan sampai Provinsi ada harganya tp kl Pilpres terutama 2019 ketat yg awasi mknya BPN kl mau serius menang saksi di tiap tingkatan hrs militan","1124816992035192832","","BukanCowokLebay","in","","0","0","0","https://x.com/undefined/status/1124816992035192832","117116631",
"1124816986595139584","Sat May 04 23:24:02 +0000 2019","0","(Simak Wawancara saya 5 Mei 2019) Peluang Sandiaga Uno Menjadi Menteri Jokowi https://t.co/WGhkbq68J0 via @TagarNews","1124816986595139584","","","in","","0","0","0","https://x.com/undefined/status/1124816986595139584","1076860874",
"1124816978126835712","Sat May 04 23:24:00 +0000 2019","0","sudahlah min KPU mengatakan situng bukanlah penentu. tapi kenapa dipakai terus?? untuk menggiring opini masyarakat. mau dibuat seperti apapun kenyataanya jokowi kalah. hanya kecuranganlah yg bisa memenangkannya.","1124816978126835712","","","in","","0","0","0","https://x.com/undefined/status/1124816978126835712","2574184874",
"1124816976541409280","Sat May 04 23:23:59 +0000 2019","0","Setelah Pilpres masih ada yg komen2 sara baik oleh pejabat maupun WNI dan malah semangkin meruncing. Kalau mau komen hendaknya jangan sara dan jangan membenci orangnya tapi bencilah pd perbuatannya seperti tuntunan Nabi Muhamad. @PDI_Perjuangan @Gerindra @pdip","1124816976541409280","","","in","","0","0","0","https://x.com/undefined/status/1124816976541409280","929670870838132736",
"1124816974683357184","Sat May 04 23:23:59 +0000 2019","1","Rekapitulasi Hasil Pilpres di Jombang Pasangan Jokowi-Ma ruf Amin Unggul 70% dari Prabowo https://t.co/YPYtgXXCKw","1124816974683357184","","","in","","0","0","0","https://x.com/undefined/status/1124816974683357184","864206425106464769",
"1124816953657286656","Sat May 04 23:23:54 +0000 2019","0","[heran jangan-jangan sampai akhir tahun yang telah tercatat jadi KPPS akan dihitung sebagai korban pemilu...] https://t.co/vCTMUaH98B","1124816953657286656","","","in","","0","0","0","https://x.com/undefined/status/1124816953657286656","177079220",
"1123888640583786503","Sat May 04 23:23:44 +0000 2019","0","@jokowi Assalamualaikum bpk presiden mohon ijin.. di daerah kami tepatnya desa pondok wetan kelurahan Tugu kec jumantono Kab Karanganyar jg memerlukan bendungan karna di desa kami petani dlmengelola pertanian hanya mengandalkan tadah hujan.. Mohon perhatiannya bpk..","1124816911559118848","","jokowi","in","","0","0","0","https://x.com/undefined/status/1124816911559118848","1105719253968216065",
"1124748411721228289","Sat May 04 23:23:44 +0000 2019","0","@RachlanNashidik Idenya gimana caranya jd Presiden percuma ada BPN dan koalisi klo prabowo juga yg msh mikirin jalan buntu...yg berjuang biar pasukan sajalah komandan ttp memerintah dibelakang ","1124816910439239680","","rachlannashidik","in","","0","0","0","https://x.com/undefined/status/1124816910439239680","563538555",
"1123946239379296256","Sat May 04 23:23:44 +0000 2019","0","@hendrongep2 @aditya_permanaS @tempodotco Percaya lah perhitungan QC itu secara ilmiah bukannya main tebak2an buktinya dalam sejarah pemilu Indonesia hasil KPU tdk jauh dr QC. Demokratis itu harus terima kalau pilihan anda tidak menang bukannya ngotot kalau kalah berarti curang","1124816910145613824","","","in","","0","0","0","https://x.com/undefined/status/1124816910145613824","83787734",
"1122157229178642433","Sat May 04 23:23:43 +0000 2019","4","@Waluyo661 @rizqi_property @prabowo Input C1 dari daerah2 kantong suara Jokowi sdh mendekati finish: Lampung (84 4%) Babel (97 1%) Kepri (85 4%) Jateng (75 6%) Yogyakarta (89 4%) Bali (99 5%) NTT (86 3%) Kalbar (93 8%) Kalteng (83 8%) Kaltara (86%) Sulut (83 3%). Sampai dimana mrk sanggup menipu rakyat?","1124816908241358848","","Waluyo661","in","","0","1","3","https://x.com/undefined/status/1124816908241358848","902518154701586432",
"1124597175084826626","Sat May 04 23:23:26 +0000 2019","1","@lreneViena @QerenQeren1 @SBYudhoyono Pak @SBYudhoyono bukan pak Prabowo yang tidak mau bertemu dengan @jokowidodo tapi kami para pendukungnya yang tidak menginginkan itu. Anda pasti tahu dengan falsafah Jawa ini OJO CEDAK KEBO GUPAK Paham kan pak mengapa kami tidak ingin pak Prabowo jadi GUPAK juga","1124816835235405824","","Indonesia_leaks","in","","0","0","0","https://x.com/undefined/status/1124816835235405824","3262862040",
"1124179879795105792","Sat May 04 23:23:24 +0000 2019","14","@bimaalfahrobi7 @abgbk99 @luviku @zarazettirazr @VideoSejarah @jokowi Dan tidak mengurangi hormat saya terhadap beliau. Justeru orang-orang yang menghina presiden inilah yang menurut saya bermasalah.","1124816829371674625","","bimaalfahrobi7","in","","0","1","0","https://x.com/undefined/status/1124816829371674625","135207359",
"1124812115745722368","Sat May 04 23:23:24 +0000 2019","0","@HoetomoSastro @Vinny_Cj @F41ryP1nk @diahkusumoo @ArwahMilitan @bangagoeng96 @asli_tanti @Asmara_1701 @jokowi Kita sudah jompo dia masih kinyis2... ","1124816826913804288","","HoetomoSastro","in","","0","1","0","https://x.com/undefined/status/1124816826913804288","2518915579",
"1124813034050838528","Sat May 04 23:23:24 +0000 2019","0","@ReflyHZ InsyaAllah presiden kita pak @prabowo Aamiin","1124816826444042240","","ReflyHZ","in","","0","0","0","https://x.com/undefined/status/1124816826444042240","1096417054230343680",
"1118942895933755392","Sat May 04 23:23:23 +0000 2019","0","Jokowi-Amin: 52.020.087 (55 141%) Prabowo-Sandi: 42.319.412 (44 859%) Total TPS: 508.234 dari 817.412 (62 176%) @KawalPemilu2019 #PantauFotoUpload","1124816822635835392","","BotKawalPemilu","in","","0","1","0","https://x.com/undefined/status/1124816822635835392","1118911347322843137",
"1124621174380457984","Sat May 04 23:23:12 +0000 2019","3","@triwul82 @tribunnews Saat itu saya mengucapkan kepada beliau @Nurmantyo_Gatot Selamat berjuang unt kemenangan @prabowo . Diperjuangkan dng segenap tenaga ternyata @prabowo tetap kalah. Ternyata rakyat Indonesia masih mencintai @jokowi unt dua periode.","1124816775500013569","","triwul82","in","","0","1","0","https://x.com/undefined/status/1124816775500013569","939212568479932416",
"1124816739538104320","Sat May 04 23:23:03 +0000 2019","0","update hasil real count kpu Sabtu 4 Mei https://t.co/5Dt4zvolQc https://t.co/5Dt4zvolQc","1124816739538104320","","","in","","0","0","0","https://x.com/undefined/status/1124816739538104320","1480939206",
"1124816655006126080","Sat May 04 23:22:43 +0000 2019","46","Petugas Pemilu yang sakit dan meninggal sudah berjumlah 4.228 orang. Benar-benar extraordinary. *** Gak usah tunggu empati atau simpati dari pendusta. Pernah saya cuitkan. Orang-orang semacam itu emosinya sudah tumpul. Amygdala-nya beralih fungsi. Mending teman2 yg bantu mereka.","1124816655006126080","","","in","","0","3","17","https://x.com/undefined/status/1124816655006126080","1052703629528854530",
"1123046479604490240","Sat May 04 23:22:42 +0000 2019","0","@jokowi Kalimantan Tengah luas ditengah Indonesia.","1124816652388823040","","jokowi","in","","0","0","0","https://x.com/undefined/status/1124816652388823040","1061538199665704960",
"1124613996873535489","Sat May 04 23:22:41 +0000 2019","0","@julius_blegur @EndangPRS Paaakk... Sya mah setia dg @prabowo n babang @sandiuno 🇮🇩","1124816649280843776","","julius_blegur","in","","0","0","0","https://x.com/undefined/status/1124816649280843776","3981799453",
"1124813938850295809","Sat May 04 23:22:35 +0000 2019","0","@padusi11 @prabowo ambil aja yg milik @KPU_ID Barang kali yg 50 ribuan bisa jadi Berlipat.","1124816623997558784","","padusi11","in","","0","0","0","https://x.com/undefined/status/1124816623997558784","986195521395044353",
"1124645952399085569","Sat May 04 23:22:18 +0000 2019","1","@MiskhaArianti @bangzul_1988 @ustadtengkuzul @PDI_Perjuangan @prabowo @jokowi @KPU_ID Aamiin dan kalau mulut mu itu yg fitnah yg bilang dia bikin nama ustadz sendiri ternyta fitnah... Semoga semua doa2 mu berbalik pada mu dan hina hidup AAMIIN ALLAHUMA AAMIIN","1124816551259955200","","EmakBedunduk","in","","0","0","0","https://x.com/undefined/status/1124816551259955200","1069413708462383104",
"1124816547245985793","Sat May 04 23:22:17 +0000 2019","0","Sandiaga Minta Situng KPU Diaudit - VIVA https://t.co/QtsdZxelpe","1124816547245985793","","","in","","0","0","0","https://x.com/undefined/status/1124816547245985793","713563915",
"1124816525112725504","Sat May 04 23:22:12 +0000 2019","0","#SmartMorningPost | Ketua Majelis Ulama Indonesia (MUI) Kabupaten Bantul KH Abdul Kholiq Syifa' mengapresiasi tahapan Pemilu di Kabupaten Bantul yang berlangsung aman dan kondusif. | https://t.co/NMRlWfUygd","1124816525112725504","","","in","","0","0","0","https://x.com/undefined/status/1124816525112725504","189794037",
"1124816507588857856","Sat May 04 23:22:08 +0000 2019","2","kotak suara di sumut (nias) terbakar. udh brp M kerugian uang rakyat ?? siapa yg harus tgg jwb ? cc. @fadlizon @AkunTofa @zarazettirazr @fahiraidris @prabowo @sandiuno @PEPESOfficial @TehTJEMPLUNG @MbahUyok https://t.co/jHkr5mH2th","1124816507588857856","https://pbs.twimg.com/media/D5wmo1mUEAAChY4.jpg","","in","","0","0","1","https://x.com/undefined/status/1124816507588857856","939843867058118657",
"1124634852983050240","Sat May 04 23:22:07 +0000 2019","4","@Endodi328 @abdulrachim18 @KPU_ID Makanya suara utk pak @prabowo hilang sampai puluhan juta krn salah input yg dilaporkan aja dah 73 ribuan blum lagi laporan stelahnya...gila bener2 dah kacau","1124816503600103424","","Endodi328","in","","0","0","0","https://x.com/undefined/status/1124816503600103424","3273074694",
"1124206503932547072","Sat May 04 23:21:53 +0000 2019","0","@jokowi Bs nya minta doank nie org Kerja kerja kerja...","1124816448159797250","","jokowi","in","","0","0","0","https://x.com/undefined/status/1124816448159797250","1078925778941706240",
"1124465475339972608","Sat May 04 23:21:51 +0000 2019","0","@AndiArief__ Jiahhh... Jenguk orang sakit sudah ditunaikan.. berikutnya gak wajib lagi apalagi prabowo milik rakyat. Safari ketemu rakyat lebih utama dbanding ngambeq.. Situ kali yg baper ??? PD koq jadi Ibarat penumpang kereta yg terlambat naik trs minta jatah makan double.","1124816436059262976","","Andiarief__","in","","0","0","0","https://x.com/undefined/status/1124816436059262976","898332332804808704",
"1124816428853411840","Sat May 04 23:21:49 +0000 2019","0","Semangat dalam menjalankan tugas negara demi mensukseskan pemilu yg bermartabat utk kemajuan bangsa dan negara dari pagi sampai malam https://t.co/LgUg3DOhPJ","1124816428853411840","https://pbs.twimg.com/ext_tw_video_thumb/1124816154449440768/pu/img/VE_QhMeS74Tm1lmj.jpg","","in","","0","0","0","https://x.com/undefined/status/1124816428853411840","1121042742916763648",
"1124793092542885889","Sat May 04 23:21:45 +0000 2019","7","@TheArieAir Kadang hidup memang nggak adil mas tapi orang yang jujur punya hati nurani mengakui dan bersyukur atas kerja keras pemerintahan pak @jokowi pasti hidupnya tenang ayem tentrem 5 tahun ke belakang dan kedepan.","1124816411325386759","","TheArieAir","in","","0","0","4","https://x.com/undefined/status/1124816411325386759","1261561938",
"1124706573002080258","Sat May 04 23:21:38 +0000 2019","0","@SiIvy_Riau02 @jokowi Sidoarjo","1124816385316536320","","PeoplePower_id","in","","0","0","0","https://x.com/undefined/status/1124816385316536320","1120690426820694016",
"1124816307910615040","Sat May 04 23:21:20 +0000 2019","9","Mudah2an semua kecurangan bisa terungkap... Allah maha tau siapa yang pantes mimpin NKRI ini...!! Insya allah Prabowo- Sandy presiden RI. Amiiiiin... #SitungKPUBikinSinting #SitungKPUBikinSinting","1124816307910615040","","","in","","0","1","1","https://x.com/undefined/status/1124816307910615040","2991557823",
"1123889650266005504","Sat May 04 23:21:19 +0000 2019","0","@kospirasiglobal @bawaslu_RI @KPU_ID Ada yg ingin pemilu gagal. Menolak KPU. Siapa dia ?","1124816305234661376","","kospirasiglobal","in","","0","0","0","https://x.com/undefined/status/1124816305234661376","930314691317870593",
"1124815521172606976","Sat May 04 23:21:07 +0000 2019","3","@IreneViena Penyelnggara pemilu sdh meninggal 440 @KPU_ID masih santai bae.....mgkn nunggu ketuanya tewas dulu baru nyadar...kalo ada apa2 nya....","1124816254831742976","","IreneViena","in","","0","0","0","https://x.com/undefined/status/1124816254831742976","1114124629616939008",
"1124652894727184384","Sat May 04 23:21:04 +0000 2019","3","@TanYoana Haha...kl sudah benci semua dilihat salah sbg perbandingan Pileg 2009 pencoblosan 9 April pengumuman 9 Mei itu Pileg aja lo...ga gabung dngn Pilres...ga ada tuh yg ribut... Emang semua ini salah Pak Jokowi ","1124816241187741697","","TanYoana","in","","0","1","0","https://x.com/undefined/status/1124816241187741697","38781972",
"1124743790781054976","Sat May 04 23:20:57 +0000 2019","2","@rossawahyu Kinerja pengawasan thdp eksekutif bs melemah namun di sisi lain lebih mudah merealisasikan janji2 politik ketika pemilu. Tapi akan sll ada parpol parlemen yg berhitung utk kepentingan 2024 shg cederung selalu memilih isu2 populis sbg sikap politik merespon kebijakan eksekutif.","1124816209998823424","","rossawahyu","in","","0","0","0","https://x.com/undefined/status/1124816209998823424","59387308",
"1124712598979506177","Sat May 04 23:20:48 +0000 2019","0","@sandiuno Bg sandi anda orang baik ...sbahagian masyrakat mengagumi anda bg...smoga allah meelindungi anda dan pak prabowo dari kzhaliman di era milenial yg di pimpin rezim pemaksaan ...allahuakbar.....sehat selalu bg dan bpak prabowo...........","1124816173986541568","","sandiuno","in","","0","0","0","https://x.com/undefined/status/1124816173986541568","1122311100458921987",
"1123944857100275712","Sat May 04 23:20:42 +0000 2019","2","@KomisionerKPU @IreneViena @SBYudhoyono Kami bersama pa @prabowo tapi tidak dengan kalian wahai demokarat silahkan mundur kalau kalian memang mendukung kecurangan pale kalian sudah bau menyan!!!!","1124816147059073025","","KomisionerKPU","in","","0","0","0","https://x.com/undefined/status/1124816147059073025","1926380976",
"1124686289989656578","Sat May 04 23:20:42 +0000 2019","0","@abiyyu991223 @abyalif74_noni @PriyoBudiS @Dahnilanzar @vasco_ruseimy @CakKhum Hidup adalah anugerahNya yg tak tertandingi apapun Banyaknya petugas KPPS meninggal dan sakit adalah kedukaan Pertiwi Mohon diverifikasi agar perisriwa ini tak lagi terulang Cc @jokowi @KSPgoid @KPU_ID @DPR_RI @mprgoid @DPDRI @bawaslu_RI @Iwanpiliang7 https://t.co/Zw3qQR6ZOq","1124816146757079040","","aliflammeme","in","","0","1","0","https://x.com/undefined/status/1124816146757079040","198417114",
"1124442222819139585","Sat May 04 23:20:33 +0000 2019","2","@liem_id @FaisalZaini0411 Perasaan saya apalagi Mbah... bahkan sejak 2014 seharusnya @prabowo @hattarajasa MENANG dalam konstetasi PILPRES! #IndonesiaCallsHarimanSiregar #IndonesiaCallsHarimanSiregar","1124816110451216385","","liem_id","in","","0","0","2","https://x.com/undefined/status/1124816110451216385","2341937407",
"1124815042266812416","Sat May 04 23:20:31 +0000 2019","0","@Irsyam_Bahry @karniilyas Bukan jokowi yg di takutin Yg jd masalah nya pejabat2 sdh kekenyangan uang haram engkoh engkoh2 ini atur itu pejabat ","1124816101676687360","","","in","","0","0","0","https://x.com/undefined/status/1124816101676687360","1117064517987360768",
"1124574816478957570","Sat May 04 23:20:08 +0000 2019","0","@PowerOfReceh @prabowo @sandiuno @LisaAmartaTaraa WOI....JOKOWI sudah di istana ...lnl prabowo masih di tanggerang..terjebak macet ya......","1124816004360560640","","PoweredByReceh","in","","0","0","0","https://x.com/undefined/status/1124816004360560640","1114968750141263872",
"1123046479604490240","Sat May 04 23:20:07 +0000 2019","0","@RezaArinanda @jokowi Ngapain gaji gubernur kalau gubernur aekarang ga sanggup Bu Risma aja ke Jakarta.","1124816000950554624","","RezaArinanda","in","","0","0","0","https://x.com/undefined/status/1124816000950554624","1061538199665704960",
"1124647544162664448","Sat May 04 23:20:06 +0000 2019","0","@ASapardan @jimmyherdyansy2 Hidup adalah anugerahNya yg tak tertandingi apapun Banyaknya petugas KPPS meninggal dan sakit adalah kedukaan Pertiwi Mohon diverifikasi agar perisriwa ini tak lagi terulang Cc @jokowi @KSPgoid @KPU_ID @DPR_RI @mprgoid @DPDRI @bawaslu_RI @Iwanpiliang7 https://t.co/Zw3qQR6ZOq","1124815996156399616","","ASapardan","in","","0","0","0","https://x.com/undefined/status/1124815996156399616","198417114",
"1124815983275859968","Sat May 04 23:20:03 +0000 2019","0","Pasar Properti Diyakini Bangkit Usai Pemilu 2019 https://t.co/JIyWLdaf5h","1124815983275859968","","","in","","0","0","0","https://x.com/undefined/status/1124815983275859968","2438141006",
"1124124540596940800","Sat May 04 23:20:03 +0000 2019","0","@CahKrepu Heran juga knp orang orng cerdas pada gk suka sama jokowi pdhl jujur merakyat sederhana apa krn suka bohong ya dan tdk jujur tapi baik dia mengajak kebaikan lo","1124815982931763200","","CahKrepu","in","","0","1","0","https://x.com/undefined/status/1124815982931763200","1107533091080269824",
"1124815981283430400","Sat May 04 23:20:02 +0000 2019","0","Hasil Penghitungan KPU Pemilu 2019: Jokowi-Amin Vs Prabowo-Sandi https://t.co/vuiX3n3cgd","1124815981283430400","","","in","","0","0","0","https://x.com/undefined/status/1124815981283430400","2744094566",
"1124815970973798400","Sat May 04 23:20:00 +0000 2019","1","para penghianat bangsa itu adalah mereka yg tidak bisa menyajikan pemilu dinegaranya jujur dan adil. ingat Allah akan mengazab orang2 yang curang. @bawaslu_RI @KPU_ID","1124815970973798400","","","in","","0","0","0","https://x.com/undefined/status/1124815970973798400","2574184874",
"1124813034050838528","Sat May 04 23:19:54 +0000 2019","0","@ReflyHZ Prabowo siap","1124815948345528322","","ReflyHZ","in","","0","0","0","https://x.com/undefined/status/1124815948345528322","1044970877006168064",
"1124724367726759936","Sat May 04 23:19:53 +0000 2019","0","@ridwan2474 @VelianiVelinars @yunartowijaya @yongkyharmawan @prabowo @sandiuno Tuh kan. Sama aja cebong sama kampret. 500 taun lagi lah paling cepet Indonesia majunya. Sekarang ya 1 negara gini2 aja. ","1124815944428036096","","ridwan2474","in","","0","1","0","https://x.com/undefined/status/1124815944428036096","240370363",
"1124815936345792512","Sat May 04 23:19:51 +0000 2019","17","Dana Kampanye Jokowi Harus Diaudit Karena Diduga Pakai Uang Rakyat ― #Pemilu2019 #DoaKamiUntukPrabowoSandi #DiskualifikasiYangCurang #UlamaBangsaBersatu https://t.co/xnWtCNMN81","1124815936345792512","","","in","","1","0","5","https://x.com/undefined/status/1124815936345792512","3189327655",
"1124815932423950336","Sat May 04 23:19:51 +0000 2019","1","Ini mungkin dalah satu cerminan rusaknya demokrasi harap dplay vidionya @prabowo @fadlizon @sandiuno @Dahnilanzar @Fahrihamzah @sudirmansaid @jansen_jsp @haris_azhar https://t.co/XeqVKKSmbB","1124815932423950336","https://pbs.twimg.com/ext_tw_video_thumb/1124815763058057216/pu/img/zjWMxrlKssikrPgE.jpg","","in","","0","0","0","https://x.com/undefined/status/1124815932423950336","1119056499605557248",
"1124560234351955973","Sat May 04 23:19:47 +0000 2019","0","@V_Stone_Kardol @Ernijasin @jokowi Hidup adalah anugerahNya yg tak tertandingi apapun Banyaknya petugas KPPS meninggal dan sakit adalah kedukaan Pertiwi Mohon diverifikasi agar perisriwa ini tak lagi terulang Cc @jokowi @KSPgoid @KPU_ID @DPR_RI @mprgoid @DPDRI @bawaslu_RI @Iwanpiliang7 https://t.co/Zw3qQR6ZOq","1124815917022470144","","Kumis_Separoh","in","","0","0","0","https://x.com/undefined/status/1124815917022470144","198417114",
"1124815901587529728","Sat May 04 23:19:43 +0000 2019","0","2. Tetiba para penguji berbisik bisik : wah jokowi dia kemudian salah satu penguji berkata : dek tidak semua orang UGM bangga akan kepemimpinan Jokowi sebaiknya ada bicara ttg diri anda sendiri jangan bawa2 orang lain. ","1124815901587529728","","","in","","0","1","0","https://x.com/undefined/status/1124815901587529728","1047415224351875072",
"1124791762797465601","Sat May 04 23:19:40 +0000 2019","0","@AlfariRudi @aiek_esthreem @prabowo @sandiuno @bawaslu_RI Biiznillah.. #StopSitungKPU #IndonesiaCallsHarimanSiregar","1124815889797238784","","AlfariRudi","in","","0","0","0","https://x.com/undefined/status/1124815889797238784","1036335576939606016",
"1124484584035344384","Sat May 04 23:19:36 +0000 2019","1","@Bg_0ne @joked2019 Skrg fokus aja utk mengawal suara 02 di setiap jenjang rekapitulasi. Utk hal yg lain kita beresin nt stlh @prabowo dan @sandiuno di lantik ! #KPUCurangRakyatMelawan #KPUNgejarQuickCount #DoaKamiUntukPrabowoSandi","1124815872202137605","","Bg_0ne","in","","0","0","0","https://x.com/undefined/status/1124815872202137605","1104006250264580098",
"1124601529367912449","Sat May 04 23:19:33 +0000 2019","0","@Queen_Oc09 @Ochi__BQ09 @prabowo @sandiuno Jadi selama ini pura purakah? Ancoor dong","1124815857702432768","","GwOposisi","in","","0","0","0","https://x.com/undefined/status/1124815857702432768","940240508776935424",
"1124812115745722368","Sat May 04 23:19:29 +0000 2019","0","@TeguhHardiyan08 @Vinny_Cj @F41ryP1nk @diahkusumoo @ArwahMilitan @bangagoeng96 @asli_tanti @Asmara_1701 @jokowi Katanya enakan yg muda Gesit. dan bertenaga. Kok seperti motor ","1124815844070944768","","samhugget","in","","0","1","0","https://x.com/undefined/status/1124815844070944768","986195521395044353",
"1124815841210523648","Sat May 04 23:19:29 +0000 2019","1","Bangkit...indonesua jaya","1124815841210523648","","","in","","0","0","0","https://x.com/undefined/status/1124815841210523648","1104540436914331648",
"1124815832498855936","Sat May 04 23:19:27 +0000 2019","0","Terkini - Keadaan Rumah Rakyat Pendukung Prabowo 3/5/2019 https://t.co/ObrHJ9njrX lewat @YouTube","1124815832498855936","","","in","","0","0","0","https://x.com/undefined/status/1124815832498855936","2991557823",
"1124815825293021185","Sat May 04 23:19:25 +0000 2019","0","Mudah2an ini bukan air tuba yang dibalas air susu oleh Pak @jokowi . Pak @jokowi Berkah until Bangsa Indonesia.","1124815825293021185","","","in","","0","0","0","https://x.com/undefined/status/1124815825293021185","73055928",
"1124397377517809664","Sat May 04 23:19:21 +0000 2019","0","@jibril99996066 @SyifaZ6 @Dwiyana_DKM Atau ganti nick anda jg pakai nick penghulu malaikat ora pantes sama sekali.. Kalau Jeffry winter nulis itu th 2015 sperti itu &amp; kmd melihat kondisi Indonesia serta posisi Jokowi saat ini dia akan nangis bombay.. krn merasa levelnya sama dg @rockygerung @jengkelin__ @FaGtng","1124815807563698176","","tianggono","in","","0","3","0","https://x.com/undefined/status/1124815807563698176","1582548295",
"1124712611298271232","Sat May 04 23:19:13 +0000 2019","2","@msaid_didu #ijinkansayamikir justru lebih mengherankan lagi kenapa @SBYudhoyono ngotot minta dijumpai @prabowo di luar negeri. Padahal SBY sesama anggota koalisi dan tim BPN seperti elit &amp; petinggi parpol lainnya bebas jumpa Prabowo dan tim BPN dirumah juang Kartanegara kapan saja. Aneh !!","1124815776530087936","","msaid_didu","in","","0","0","0","https://x.com/undefined/status/1124815776530087936","956178610062151682",
"1124815753998368768","Sat May 04 23:19:08 +0000 2019","8","Yth. @prabowo @sandiuno Kami agak meragukan Tim IT BPN mereka Profesional atau Amatir?!?... Kami kecewa... Seharusnya saat ini punya Tabulasi untuk membantu Tim Kecamatan yg sedang Rekapitulasi C1... Sehingga Tim di lapangan tidak dicurangi atau pasrah dengan kemenangan tipis.","1124815753998368768","","","in","","0","2","6","https://x.com/undefined/status/1124815753998368768","952180886266576896",
"1124815743659466753","Sat May 04 23:19:06 +0000 2019","0","Pemilu Aman Wakil Bupati Apresiasi Kinerja Seluruh Elemen https://t.co/ow7FTCBH9T https://t.co/MCRx1Jrw64","1124815743659466753","https://pbs.twimg.com/media/D5wl9R9WkAANncz.jpg","","in","","0","0","0","https://x.com/undefined/status/1124815743659466753","927783842349383680",
"1124748411721228289","Sat May 04 23:18:57 +0000 2019","10","@one_zhaq @RachlanNashidik Gusar krn pak @prabowo lebih mengikuti fatwa ulama dr pada JUNJUNGAN @RachlanNashidik .","1124815707898650624","","one_zhaq","in","","0","0","1","https://x.com/undefined/status/1124815707898650624","438293001",
"1124624769188597760","Sat May 04 23:18:57 +0000 2019","0","@MCAOps Kami berjuang bersama Prabowo sandi #C1PlanoBabinsaAdalahKunci #DoaKamiUntukPrabowoSandi","1124815707638616064","","MCAOps","in","","0","0","0","https://x.com/undefined/status/1124815707638616064","1111517095945134080",
"1124706573002080258","Sat May 04 23:18:51 +0000 2019","0","@SiIvy_Riau02 @jokowi Sumut lawan sikat habis kemungkaran wajib bgi Muslim #KPUCurangRakyatMelawan #C1PlanoBabinsaAdalahKunci","1124815682036592640","","PeoplePower_id","in","","0","0","0","https://x.com/undefined/status/1124815682036592640","867000304528629760",
"1124815681319399427","Sat May 04 23:18:51 +0000 2019","0"," Mari kita hijrah dari suudzon berprasangka buruk hijrah ke berprasangka baik ke sesama anak bangsa terang Jokowi. #2019JokowiKyaiMaruf #RakyatInginJokowiPresidenLagi #AgathaSuciDiPRO2FM https://t.co/eGPtT3z61l","1124815681319399427","","","in","","0","0","0","https://x.com/undefined/status/1124815681319399427","1036458406846943232",
"1124748411721228289","Sat May 04 23:18:46 +0000 2019","1","@RachlanNashidik Solusi terbaik bila terbukti ada kejahatan dlm pemilu lawan pak Prabowo.","1124815662948311041","","rachlannashidik","in","","0","0","0","https://x.com/undefined/status/1124815662948311041","248580008",
"1124814523758718976","Sat May 04 23:18:42 +0000 2019","6","@KingPurwa Kalo tujuannya untuk menembaki rakyat yg protes akan kecurangan pemilu ini atau istilahnya people power darah dan nyawa saya Uda siap. Kami akan akan lawan dengan apapun itu caranya.","1124815644061360128","","KingPurwa","in","","0","0","1","https://x.com/undefined/status/1124815644061360128","1105877377739964417",
"1124660093637644293","Sat May 04 23:18:37 +0000 2019","0","@EllaZefa @ulinyusron @jokowi @AmbarwatiRexy @Je_Ly @P3nj3l4j4h @kangdede78 @giewahyudi @GisellaCik @Gus_Raharjo @GunRomli @andreOPA @ezkisuyanto @nengherba Digini-in makin panas yang kalah mbak :))","1124815624637517824","","EllaZefa","in","","0","0","0","https://x.com/undefined/status/1124815624637517824","176081643",
"1124704274133291009","Sat May 04 23:18:37 +0000 2019","1","@MbahUyok Demokrat seolah memanfaatkan pak Prabowo utk mendulang suara di pemilu. Krn tau arah rakyat ke 02. Setelah selesai pemilu mulailah ketua umumnya bermain di 2 kaki. Mencari keuntungan demi partainya.","1124815624608178176","","MbahUyok","in","","0","0","0","https://x.com/undefined/status/1124815624608178176","1111416753794355205",
"1122996925484150784","Sat May 04 23:18:35 +0000 2019","0","@windyrahadian11 @detikcom @20detik Ko nyinyir... laaah Jokowi kan emang presiden heuumppp #mikirkeras","1124815614403416065","","windyrahadian11","in","","0","0","0","https://x.com/undefined/status/1124815614403416065","1100655495759618049",
"1118433308809891840","Sat May 04 23:18:33 +0000 2019","0","@KingPurwa @prabowo @sandiuno @Dahnilanzar @Fahrihamzah Ehh kaum halu pada ngumpul di sini...","1124815607621283840","","KingPurwa","in","","0","0","0","https://x.com/undefined/status/1124815607621283840","964079057108267008",
"1124704274133291009","Sat May 04 23:18:31 +0000 2019","2","@MbahUyok Urgensinya apa pak ketemu? pak prabowo lebih baik mendengar suara rakyat daripada suara penghianat..","1124815598007930880","","MbahUyok","in","","0","0","0","https://x.com/undefined/status/1124815598007930880","1030277378449190912",
"1124815587878756353","Sat May 04 23:18:28 +0000 2019","1","Dear @mas_abudiman katanya @KPU_ID hanya tunduk kepada undang2 bukankah ada undang2 yg berisi klo salah memasukan data itu dipenjara? Kenapa blm dilaksanakan? Katanya tunduk sm undang2. Cc: @prabowo @sandiuno @BersamaDakwah @haikal_hassan @rockygerung #StopSitungKPU","1124815587878756353","","","in","","0","0","1","https://x.com/undefined/status/1124815587878756353","1109634320648409090",
"1124206503932547072","Sat May 04 23:18:26 +0000 2019","0","@jokowi Narasinya pak Jokowi hebat banget. Selalu dengan narasi 'cuci tangan'. Mestinya narasinya 'saya yang selesaikan' bukan meminta seleseikan . Kepada siapa anda mau minta selesaikan kan bapak presidennya?.","1124815579104210944","","jokowi","in","","0","0","0","https://x.com/undefined/status/1124815579104210944","1028107109483728896",
"1124815525383626752","Sat May 04 23:18:13 +0000 2019","1","Gak usah dorong pak prabowo dan sandiaga uno rakyat akan bergerak trs scr TSM mengawal c1 dari bawah sesuai instruksi ulama. Jagoan kalian akan layu sebelum mekar. ","1124815525383626752","","","in","","0","0","0","https://x.com/undefined/status/1124815525383626752","1939494090",
"1124815488100397058","Sat May 04 23:18:05 +0000 2019","0","Mudah2an penetapan hasil pemilu di bulan Ramadhan ini KPU menetapkan dgn sejujur2nya takut berbuat curang takut dosa. Krn ini bulan berkah bulan penuh pengampunan @KPU_ID @bawaslu_RI","1124815488100397058","","","in","","0","0","0","https://x.com/undefined/status/1124815488100397058","1094061034560614400",
"1124815486821081088","Sat May 04 23:18:04 +0000 2019","0","Masih Ingat Masjid yang Tolak Prabowo di Semarang? Ternyata Ini Sejarahnya https://t.co/14svaboaBk https://t.co/WAhC0hlh7p","1124815486821081088","https://pbs.twimg.com/media/D5wluXTUEAABLnu.jpg","","in","","0","0","0","https://x.com/undefined/status/1124815486821081088","2340155395",
"1124715870301777920","Sat May 04 23:17:58 +0000 2019","0","@_doncorleone78_ @prabowo @sandiuno #22MeiPrabowoPresiden #22MeiPrabowoPresiden Allohu Akbar","1124815460187250688","","_doncorleone78_","in","","0","0","0","https://x.com/undefined/status/1124815460187250688","535985771",
"1124815451165347840","Sat May 04 23:17:56 +0000 2019","0","Twit ini menunjukkan seakan Prabowo sudah kalah. Jadi begitu tho?","1124815451165347840","","","in","","0","3","3","https://x.com/undefined/status/1124815451165347840","131712155",
"1124228370605023232","Sat May 04 23:17:47 +0000 2019","0","@Gerindra harus jd negarawan yg baik krn sdh berkompetisi secara sehat mk suara masuk situng &gt;65% dgn selisih suara &gt;12jt (sama dgn jumlah pemilih satu pulau sulawesi) ditambah lg sisa mk sdh dipastikan pemenang 01 jokowi maruf mk gak ush lg buat hoax ke mana2 krn sdh cukup akhiri saja","1124815413353668609","","Gerindra","in","","0","0","0","https://x.com/undefined/status/1124815413353668609","93992845",
"1124676393466511361","Sat May 04 23:17:37 +0000 2019","1","@Syarman59 @haikal_hassan @NachelleQuen @effendigazali Iya si efendi inilah yg dulu menginginkan Pemilu Serentak. Dalihnya utk menghemat biaya. Tapi apa yg terjadi skrg ? ini memilukan.","1124815372626956288","","Syarman59","in","","0","0","0","https://x.com/undefined/status/1124815372626956288","712468759",
"1124706573002080258","Sat May 04 23:17:35 +0000 2019","0","@SiIvy_Riau02 @Taswan36398197 @jokowi Jatim","1124815364678754305","","PeoplePower_id","hi","","0","1","0","https://x.com/undefined/status/1124815364678754305","1111517095945134080",
"1124644328419119104","Sat May 04 23:17:30 +0000 2019","0","@iswan214 Tim BPN ayo merapat ke TKP bagaimana ini pak @sandiuno pak @prabowo pak @Dahnilanzar pak @MardaniAliSera","1124815344726466561","","MINI21O4","in","","0","0","0","https://x.com/undefined/status/1124815344726466561","3273074694",
"1124724367726759936","Sat May 04 23:17:22 +0000 2019","0","@arbanik_ahmad @VelianiVelinars @yunartowijaya @yongkyharmawan @prabowo @sandiuno Ya ampun... Sama aja ya cebong sama kampret. Semua bermuara ke selangkangan. Fix Indonesia majunya 500 tahun lagi. Satu negara mostly gini2 aja","1124815308407967745","","arbanik_ahmad","in","","0","0","0","https://x.com/undefined/status/1124815308407967745","240370363",
"1124706573002080258","Sat May 04 23:17:21 +0000 2019","0","@SiIvy_Riau02 @jokowi Jogja","1124815305522335744","","PeoplePower_id","in","","0","0","0","https://x.com/undefined/status/1124815305522335744","797779426117185536",
"1124815291811123202","Sat May 04 23:17:18 +0000 2019","0","Siapa pun Cawapres intinya Jokowi harus 2 periode. #2019jokowilanjut #2019TetapJokowi #2019JokowiMaruf #2019JokowiMarufAmin","1124815291811123202","","","in","","0","0","0","https://x.com/undefined/status/1124815291811123202","1027415321290756096",
"1124815287096791041","Sat May 04 23:17:17 +0000 2019","0","Siapa pun Cawapres intinya Jokowi harus 2 periode. #2019jokowilanjut #2019TetapJokowi #2019JokowiMaruf #2019JokowiMarufAmin","1124815287096791041","","","in","","0","0","0","https://x.com/undefined/status/1124815287096791041","1027073112313982977",
"1124815286308179970","Sat May 04 23:17:16 +0000 2019","0"," Kalau benar terbukti ttg mahar 500M ini. Pasangan Duo Kardus ini gak layak jadi kontestan pilpres 2019. Tidak meng-edukasi masyarakat. Mending saya pastikan: #2019TetapJokowi #2019JokowiMarufAmin","1124815286308179970","","","in","","0","0","0","https://x.com/undefined/status/1124815286308179970","1027424202041655296",
"1124815285494484992","Sat May 04 23:17:16 +0000 2019","0","Siapa pun Cawapres intinya Jokowi harus 2 periode. #2019jokowilanjut #2019TetapJokowi #2019JokowiMaruf #2019JokowiMarufAmin","1124815285494484992","","","in","","0","0","0","https://x.com/undefined/status/1124815285494484992","1027062099577458688",
"1124815236521840640","Sat May 04 23:17:05 +0000 2019","365",": Jokowi berencana pindahkan ibu kota : duitnya darimana.? dasar tukang hutang *#@!?%€©x%π€ : anies ajukan APBD 571 T untuk bangun Jakarta : subhanallah gubernur rasa presiden inilah pilihan umat https://t.co/ziMsQG9qIN","1124815236521840640","","","in","","33","82","305","https://x.com/undefined/status/1124815236521840640","834268510939287552",
"1124815221552340992","Sat May 04 23:17:01 +0000 2019","10","Situng KPU capai 539.692 TPS https://t.co/IeVXlIxvgX","1124815221552340992","","","in","","1","0","2","https://x.com/undefined/status/1124815221552340992","18071520",
"1124272994178613248","Sat May 04 23:16:58 +0000 2019","0","@motulz @jokowi Bisa gitu yaa.. tetap stabil pala nya ga kanan kiri ","1124815210349334528","","motulz","in","","0","0","0","https://x.com/undefined/status/1124815210349334528","81068399",
"1124815089519845377","Sat May 04 23:16:30 +0000 2019","0","Hebat Jaman Jokowi semua diperhatikan Tak luput para Veteran pun mendapat perhatian dgn menaikan tunjangan agar mereka dapat menikmati dn merasakan kesejahtraan dimasa tua nya kurang apa lagi dari jokowi .. #Jokowi2Periode #JokowiMarufAmin2019","1124815089519845377","","","in","","0","0","0","https://x.com/undefined/status/1124815089519845377","1025278791730380805",
"1124522928085831681","Sat May 04 23:16:27 +0000 2019","0","@Deanty12 @AdvokatBS @PriyoBudiS Bagus kau aja yang enyah nyet! @jokowi memberi manfaat bagi bangsa . Sedangkan kau sampah aja masih lebih berguna dari kau!","1124815080556642309","","Deanty12","in","","0","0","0","https://x.com/undefined/status/1124815080556642309","403225919",
"1124715870301777920","Sat May 04 23:16:25 +0000 2019","0","@_doncorleone78_ @LisaAmartaTara @prabowo @sandiuno alhamdulillah ya Alloh moga beliau di berikan derajat yg mulia di sisi Mu aamiin.. #DoaKamiUntukPrabowoSandi #DoaKamiUntukIndonesia","1124815069903241216","","_doncorleone78_","in","","0","0","0","https://x.com/undefined/status/1124815069903241216","1045099026238980098",
"1124793092542885889","Sat May 04 23:16:16 +0000 2019","10","@TheArieAir Wahhh ada udangnya ya mas? saya di Bali kl lihat sepintas saudara muslim kami disini kebanyakan NU (jawa timur) jd naik 15-20% wajarlah. Utk non muslim sebenernya gerindra lumayan diterima di Bali tp krn prabowo sekarang main agamanya keras otomatis simpatisan gerindra plh 01","1124815032217300993","","TheArieAir","in","","0","0","3","https://x.com/undefined/status/1124815032217300993","375922893",
"1124609736165318657","Sat May 04 23:16:09 +0000 2019","0","@makLambeTurah Ahmad dani itu siapa ya? Apakah yg mau potong kemaluan kl prabowo kalah?","1124815005361160192","","makLambeTurah","in","","0","0","0","https://x.com/undefined/status/1124815005361160192","1107099447580725249",
"1124814988168683520","Sat May 04 23:16:05 +0000 2019","6","Siap bersatu membela yg benar dan melawan kecurangan semoga Alloh meridhoi Pak Prabowo Sandi memimpin Indonesia dan menghancurkan rezim curang Amiiiin Amiiiin Amiiiin yarobbal'alamiiin #SitungKPUBikinSinting","1124814988168683520","","","in","","1","0","1","https://x.com/undefined/status/1124814988168683520","2991557823",
"1124814966148571136","Sat May 04 23:16:00 +0000 2019","0","UU Pemilu pasal 532","1124814966148571136","","","in","","0","0","0","https://x.com/undefined/status/1124814966148571136","142551528",
"1124645952399085569","Sat May 04 23:15:52 +0000 2019","0","@ustadtengkuzul PRABOWO gimana pak? ","1124814931541422080","","ustadtengkuzul","in","","0","0","0","https://x.com/undefined/status/1124814931541422080","274507908",
"1123970875290804225","Sat May 04 23:15:48 +0000 2019","0","@RachlanNashidik Terlalu naif kl sesuatu itu hrs dihubung hubungkan mungkin pak Prabowo punya agenda lain yg lebih penting menjenguk bu Ani kan bisa sesudahnya atau kapan saja.","1124814916211187712","","rachlannashidik","in","","0","0","0","https://x.com/undefined/status/1124814916211187712","961794204224466947",
"1124581402282827776","Sat May 04 23:15:47 +0000 2019","0","@PriyoBudiS @msaid_didu @Asmara_1701 @Erwin27032989 @prabowo @sandiuno Ikut nyumbang kegaduhan ini ye....eee!!!","1124814909181648896","","PriyoBudiS","in","","0","0","0","https://x.com/undefined/status/1124814909181648896","1123967286526787587",
"1124814897336934400","Sat May 04 23:15:44 +0000 2019","0","Penjarakan https://t.co/LFqPECObqu jika terbukti Laporan Keuangan Pemilu 2019 harus segera diaudit. Jika ditemukan adanya kerugian negara para komisioner Komisi Pemilihan Umum (KPU) RI harus segera dipenjarakan. Demikian https://t.co/BUCjetzzll","1124814897336934400","","","in","","0","0","0","https://x.com/undefined/status/1124814897336934400","102105100",
"1124470962680807424","Sat May 04 23:15:41 +0000 2019","0","@Jefri920 @abdiagoes91 @budimandjatmiko @jokowi Tinggal 18 hari lagi menuju 22 Mei...the judgement day. Berdoa yg kenceng biar ada keajaiban suara 02 tiba2 menyalip 01 berdoa lebih bagus drpd halu","1124814884162588672","","Jefri920","in","","0","0","0","https://x.com/undefined/status/1124814884162588672","1051808511129055233",
"1124723266415816704","Sat May 04 23:15:26 +0000 2019","0","@dinardinar83 @_doncorleone78_ @prabowo Doa kami semua utk Indonesia adil makmur #DoaKamiUntukPrabowoSandi #DoaKamiUntukPrabowoSandi","1124814820925030400","","dinardinar83","in","","0","0","0","https://x.com/undefined/status/1124814820925030400","1104006250264580098",
"1124637706510716928","Sat May 04 23:15:22 +0000 2019","0","@jeansaprilia #Setiadukungprabowo Dukung prabowo demi Indonesia lebih baik ","1124814804781133824","","jeansaprilia","in","","0","0","0","https://x.com/undefined/status/1124814804781133824","730702047280947201",
"1124573966977232896","Sat May 04 23:15:16 +0000 2019","0","@tadinsaf @y03_n4n4 @BangPino_ @KPU_ID Presiden sekarang pa jokowi bukan prabowo prbowo itu calon jangan membangun opini seakan akan prabowo presiden pengumuman resmi aja blm. https://t.co/2QNVVoDVaa","1124814779523010565","https://pbs.twimg.com/tweet_video_thumb/D5wlEfDV4AAYpZa.jpg","tadinsaf","in","","0","0","0","https://x.com/undefined/status/1124814779523010565","1118730150118428672",
"1124671955930509314","Sat May 04 23:15:07 +0000 2019","1","@panca66 @dsetyawan_ Orang Jawa yg ga pilih jokowi selain pintar juga bukan korban pembodohan para kyai penjilat","1124814744219553792","","panca66","in","","0","0","0","https://x.com/undefined/status/1124814744219553792","347186304",
"1124740372150665216","Sat May 04 23:15:05 +0000 2019","0","@MPI33704155 @whiteopposition Inna lillahi wa inna lillahi rojiun semoga mati syahid Ya Allah. tolong di usut @bawaslu_RI @KPU_ID @Fahrihamzah @prabowo @KingPurwa #JanganCurangiIndonesia","1124814734191022081","","MPI33704155","in","","0","0","0","https://x.com/undefined/status/1124814734191022081","1114498325175136262",
"1124814694479323136","Sat May 04 23:14:55 +0000 2019","0","Relawan Prabowo Sandi Bantu tagar nya di #AuditForensikKPU Jgn dibagikan dicopas aja","1124814694479323136","","","in","","0","0","0","https://x.com/undefined/status/1124814694479323136","1940758482",
"1124772654588801025","Sat May 04 23:14:42 +0000 2019","0","@haikal_hassan Bener bang @haikal_hassan malah ane lihatnya bahwa diperhelatan pemilihan Capres ini kecurangan itu sudah stadium akhir &amp; ini sudah Mutawatir bahkan Kya dah seperti babi ngepet. Ada 3 kecurangan 1. Manual/curi/bakar 2. Setting by sistem IT 3. Kelenik/Tumbal nyawa74. @RezimThogut","1124814639475245056","","","in","","0","0","0","https://x.com/undefined/status/1124814639475245056","1118865813031645185",
"1124423928128999424","Sat May 04 23:14:41 +0000 2019","0","@kiput_999 @okezonenews Elo pikir kami berjuang buat Prabowo ..??","1124814635796811776","","","in","","0","0","0","https://x.com/undefined/status/1124814635796811776","995494648066920448",
"1124699114912899074","Sat May 04 23:14:40 +0000 2019","0","@Ayu02Basuki @prabowo @sandiuno Jelas lah ini kotaku pilih akal sehat bukan dungu... Kemenangan ummat islam","1124814630314860544","","Ayu02Basuki","in","","0","0","0","https://x.com/undefined/status/1124814630314860544","990487518616240129",
"1124631609515233280","Sat May 04 23:14:24 +0000 2019","0","@RizmaWidiono @CH_chotimah @nu_online @GPAnsor_Satu @Banser_CyberNU Kita lihat siapa yg bakal jd bebek lumpuh pasca Pemilu mereka mengira bakal dgn gampang mengepung KPU pemberontak harus ditumpas biar gak tuman.","1124814561352175616","","RizmaWidiono","in","","0","0","0","https://x.com/undefined/status/1124814561352175616","1083924985482076161",
"1124814538715598849","Sat May 04 23:14:18 +0000 2019","0","Dana Kampanye Jokowi Harus Diaudit karena Diduga Pakai Uang Rakyat https://t.co/HDMVb0CrS8","1124814538715598849","","","in","","0","0","0","https://x.com/undefined/status/1124814538715598849","962348570",
"1124814503579795456","Sat May 04 23:14:10 +0000 2019","2","Demokrasi tahun 2019 bobrok gak seperti jaman Pak Suharto aman damai pengin kemenangan tapi dgn cara Curang Malu Dong gak bakalan berkah hidup Bpk Prabowo Dan Sandiaga Rakyat menantimu Jendral utk pimpin negeri ini #SitungKPUBikinSinting #SitungKPUBikinSinting","1124814503579795456","","","in","","0","0","1","https://x.com/undefined/status/1124814503579795456","2991557823",
"1124814470352494594","Sat May 04 23:14:02 +0000 2019","0","Verpool lebih layak juara. Cuma kalah sekali di Liga. Seperti halnya Prabowo. Lebih banyak provinsi yg dimenangkan. Tapiiii......","1124814470352494594","","","in","","0","2","1","https://x.com/undefined/status/1124814470352494594","131712155",
"1124630098001285121","Sat May 04 23:14:01 +0000 2019","0","@alumniakbar_212 @Ngehi_Lawu @geloraco @SBYudhoyono @AgusYudhoyono @prabowo @sandiuno Waspada waspadalah...","1124814467944968192","","nahi_munkar_","in","","0","0","0","https://x.com/undefined/status/1124814467944968192","940240508776935424",
"1124814461666086912","Sat May 04 23:14:00 +0000 2019","0","Jokowi Disebut Akan Menetap di Singapura Setelah Lengser.. Sepertinya Beliau Telah Mengetahui Bahwa Diri-nya Kalah.. TETEWWW https://t.co/vJPtYWJ0GL","1124814461666086912","https://pbs.twimg.com/media/D5wkxiIVUAA1nPw.jpg","","in","","0","0","0","https://x.com/undefined/status/1124814461666086912","1089765951770259456",
"1124511663464468480","Sat May 04 23:13:40 +0000 2019","0","@haris_azhar @jkt_aja Kesaksian Penghuni LaPAS Kabupaten Pasangkayu (sulawesi Barat ) yg dianiaya karena memilih Prabowo saat Pemilu.. tolong turunkan TPF !!! #StopSitungKPU https://t.co/Z6FBSkueTr","1124814380380459009","","haris_azhar","in","","0","0","0","https://x.com/undefined/status/1124814380380459009","881384640677781505",
"1124748411721228289","Sat May 04 23:13:32 +0000 2019","3","@RachlanNashidik ini bukan masalah prabowo dia hanya sendirian dikelilingi pengkhianat yang cari makan seperti biru bintang tiga","1124814343240077312","","rachlannashidik","in","","0","0","0","https://x.com/undefined/status/1124814343240077312","426483694",
"1124814266517737473","Sat May 04 23:13:13 +0000 2019","1","Semoga Allahu Jalla wa'ala melindungi rakyat Indonesia dari kecurangan PEMILU...aamiiin... #IndonesiaFraudElection","1124814266517737473","","","in","","0","1","0","https://x.com/undefined/status/1124814266517737473","1492647991",
"1124814263200018433","Sat May 04 23:13:13 +0000 2019","0","Web Situng yang dipublikasi KPU janggalnya luar biasa. Untuk Garut hitungan offline sudah selesai 100% hari Kamis yang dimenangkan pasangan Prabowo Sandi. Namun di situs KPU posisi data masuk masih 43.5%. Logikanya ... https://t.co/433ZE4LVhZ","1124814263200018433","","","in","","0","0","0","https://x.com/undefined/status/1124814263200018433","333878507",
"1124745851002208256","Sat May 04 23:13:11 +0000 2019","2","@joked2019 Innalillahi wa inna ilaihu Roji'un Nih @KPU_ID @bawaslu_RI @prabowo @sandiuno @jokowi Apa tindakan kalian...?","1124814256946405377","","","in","","0","0","0","https://x.com/undefined/status/1124814256946405377","1091321765190483969",
"1124777122004779009","Sat May 04 23:13:06 +0000 2019","1","@Historisism @edhi_shi @ASapardan @nithasist @Jelantik5 @sally_reni @agama_nusantara @ColdIce10911773 @Luh_Jin66an @JuniarChristien @WahhabiCC @jokowi @JunjungUji @_______B1G__k4y @Cangkemaaann2 @TheArieAir Leres mas itu yang kami inginkan berharap Nusantara ini damai indah dalam keberagaman. Salam Rahayu sdrku ","1124814235203063808","","","in","","0","0","1","https://x.com/undefined/status/1124814235203063808","1087323461733646336",
"1124814229221937152","Sat May 04 23:13:04 +0000 2019","0","Matinya hati nurani dan nilai-nilai menjunjung tinggi kebenaran &amp; kenujuran.. https://t.co/HYXsQitqID","1124814229221937152","","","in","","0","0","0","https://x.com/undefined/status/1124814229221937152","138812621",
"1124722807718367232","Sat May 04 23:13:01 +0000 2019","0","@Fahrihamzah Yg sangat urgen diselesaikn tuduhan kecurangan pemilu TSMB dgn membentuk TPF. #IndonesiaFraudelectio #MassiveFraudelection #IndonesiaFraudelectio #MassiveFraudelection #IndonesiaFraudelectio #MassiveFraudelection #IndonesiaFraudelectio #MassiveFraudelection","1124814214139269120","","Fahrihamzah","in","","0","0","0","https://x.com/undefined/status/1124814214139269120","926702299",
"1124672403735322624","Sat May 04 23:13:00 +0000 2019","0","@Prof_Tamburin Sudah saatnya kasus kejahatan Pilpres diajukan ke Mahkamah International @IntlCrimCourt @CIJ_ICJ Ini sdh kategori kejahatan demokrasi &amp;kemanusiaan @prabowo @sandiuno @fadlizon @AkunTofa @Dahnilanzar #IndonesiaFraudElection #MassiveFraudElection #KPUJanganKurangiSuara02","1124814209731063809","","demoCRAZY_id","in","","0","0","0","https://x.com/undefined/status/1124814209731063809","816948575380738048",
"1124658332990459904","Sat May 04 23:12:59 +0000 2019","4","@FerdinandHaean2 Rakyat yakin siapa yg menang namun juga sudah menebak siapa yg Akan Di umumkan BPN harus mengambil langkah konkrit sebelum tgl 22 Mei sebelum terlambat dan rakyat menderita lagi @prabowo @sandiuno @Dahnilanzar @PriyoBudiS @BertemanM @FerdinandHaean2","1124814206010662912","","FerdinandHaean2","in","","0","1","0","https://x.com/undefined/status/1124814206010662912","957853041079627776",
"1124636910737952776","Sat May 04 23:12:55 +0000 2019","0","@JohnDo08621180 @LikesNumber_10 @ProfYLH @prabowo @Sandi @KPU_ID @jokowi @Kiyai_MarufAmin Wkwkwkwkw......bunting 7 keliling","1124814189258657792","","orangbaikdiNKRI","in","","0","0","0","https://x.com/undefined/status/1124814189258657792","1113036793320894467",
"1124702557014618112","Sat May 04 23:12:53 +0000 2019","0","@memancingemosi @Dahnilanzar @prabowo @sandiuno dari masjid dmulai awal kbngkitan Islam..... di zmn Nabi masjid djdknn tmpat untk mngtur strategi ........","1124814179641114626","","checkoves","in","","0","1","0","https://x.com/undefined/status/1124814179641114626","1019395618555301888",
"1124612684362567682","Sat May 04 23:12:49 +0000 2019","1","@IndieMP02 @Ngehi_Lawu @prabowo @sandiuno Mantab","1124814163249811457","","IndrianiRahman_","da","","0","0","0","https://x.com/undefined/status/1124814163249811457","940240508776935424",
"1124812115745722368","Sat May 04 23:12:45 +0000 2019","2","@Vinny_Cj @F41ryP1nk @diahkusumoo @ArwahMilitan @bangagoeng96 @asli_tanti @Asmara_1701 @jokowi Wuih cerdas banget nih cewe... Jadiin mantu anakku masih sd jadiin istri terlalu muda ","1124814147907084288","","Clarra_Catz","in","","0","3","0","https://x.com/undefined/status/1124814147907084288","2518915579",
"1124715870301777920","Sat May 04 23:12:36 +0000 2019","0","@_doncorleone78_ @BangPino_ @prabowo @sandiuno Allahu akbar","1124814109596250112","","_doncorleone78_","in","","0","0","0","https://x.com/undefined/status/1124814109596250112","147766577",
"1124803394747523072","Sat May 04 23:12:34 +0000 2019","1","@rmolco B-) lha Pak @prabowo dari dulu jg selalu terdepan buat lawan Kezoliman kira-kira pasukan #SetanBisu bakal melipir seperti biasa apa ikut turut berjuang tanpa tinggal gelanggang? #KPUcurangRakyatPerang ","1124814099689295872","","rmol_id","in","","0","0","0","https://x.com/undefined/status/1124814099689295872","926487776081539072",
"1124601529367912449","Sat May 04 23:12:27 +0000 2019","0","@Queen_Oc09 @Princess_PS02 @Ochi__BQ09 @prabowo @sandiuno Kebal hukum","1124814071331581953","","GwOposisi","in","","0","0","0","https://x.com/undefined/status/1124814071331581953","1103588282821042176",
"1124724367726759936","Sat May 04 23:12:26 +0000 2019","1","@VelianiVelinars @yunartowijaya @yongkyharmawan @prabowo @sandiuno Memalukan... Mirip kampreet ","1124814067317633024","","bu_veli","in","","0","0","0","https://x.com/undefined/status/1124814067317633024","1097483918704431106",
"1124715870301777920","Sat May 04 23:12:15 +0000 2019","0","@_doncorleone78_ @prabowo @sandiuno Alhamdulillah.","1124814021163544576","","_doncorleone78_","in","","0","0","0","https://x.com/undefined/status/1124814021163544576","1049755774161838080",
"1124722807718367232","Sat May 04 23:12:12 +0000 2019","0","@Fahrihamzah @CakKhum hey para Pancasilais @mohmahfudmd @edo751945 silahkan berkicau tapi jangan menyebut etnis tertentu liat pk de @jokowi @YusufKalla2","1124814010166026240","","Fahrihamzah","in","","0","0","0","https://x.com/undefined/status/1124814010166026240","4637020212",
"1124645952399085569","Sat May 04 23:12:06 +0000 2019","0","@nurlan_castilla @bangzul_1988 @ustadtengkuzul @PDI_Perjuangan @prabowo @jokowi @KPU_ID Doa orang munafik tertolak!","1124813984836624384","","nurlan_castilla","in","","0","2","0","https://x.com/undefined/status/1124813984836624384","1082471233852035072",
"1124700593665204224","Sat May 04 23:12:04 +0000 2019","1","@Dwiyana_DKM @SyifaZ6 @jokowi @basuki_btp Hati hati pak @basuki_btp kalo kemana mana di ikutin polwan terus sekarang.","1124813975575646209","","Dwiyana_DKM","in","","0","0","0","https://x.com/undefined/status/1124813975575646209","258358855",
"1124813974409629696","Sat May 04 23:12:04 +0000 2019","0","Menjelang Ramadhan harus diluruskan berita &amp; informasi kejahatan &amp; kecurangan Pemilu. Agar ibadah Ramadhan tenang &amp; damai. #IndonesiaCallsHarimanSiregar","1124813974409629696","","","in","","0","0","0","https://x.com/undefined/status/1124813974409629696","282377463",
"1124813938850295809","Sat May 04 23:11:55 +0000 2019","1","Selamat pagi pak @prabowo saya mau minta maap semalam saya ambil uang bapak 3 lembar 50rebuan di dalam mimpi ","1124813938850295809","","","in","","0","1","0","https://x.com/undefined/status/1124813938850295809","888725846193614848",
"1124507229896359936","Sat May 04 23:11:49 +0000 2019","0","@SurYosodipuro_ Ayo Bawaslu kamu di sumpah dengan kitab suci agamu yang kamu anut lho...rakyat udah memberi informasi...mana reaksimu..seloganmu indah..bersama rakyat awasi pemilu bersama Bawaslu tegakkan keadilan pemilu..rakyat sudah awasi..beri informasi..Bawaslu kapan beraksi....","1124813911826452481","","SaveMoslem1","in","","0","0","0","https://x.com/undefined/status/1124813911826452481","1099321811395739650",
"1124813907162488832","Sat May 04 23:11:48 +0000 2019","0","▶▶▶ SWIPE ▶▶▶ Yang tersisa dari #tumpengpemilu #semangatnyoblos #nyoblosdululiburankemudian #election #jokowiamin #prabowosandi #pemilu #electionday #nogolput #nkri #tumpengpemilu https://t.co/t3EzMDLQKb","1124813907162488832","","","in","","0","0","0","https://x.com/undefined/status/1124813907162488832","79105803",
"1124735379314057217","Sat May 04 23:11:42 +0000 2019","0","@brhengoz @MbahUyok @fauzano24 di rezim jokowi hukum gak berlaku. pancasila hanya tameng padahal komunis.","1124813882319462400","","imuthreal","in","","0","0","0","https://x.com/undefined/status/1124813882319462400","537130570",
"1124812711659859969","Sat May 04 23:11:40 +0000 2019","1","@EndangPRS Tetap fokus saja dengan suara di tingkat Kab/Kota sampai tingkat Provinsi Abaikan hal2 yg tidak penting InsyaAllah Prabowo-Sandi akan menang #SetiaDukungPrabowo","1124813873238818816","","EndangPRS","in","","0","0","0","https://x.com/undefined/status/1124813873238818816","1119033452198633472",
"1124706573002080258","Sat May 04 23:11:37 +0000 2019","0","@SiIvy_Riau02 @jokowi Sidoarjo #prabowosandi2019","1124813860995616768","","PeoplePower_id","in","","0","0","0","https://x.com/undefined/status/1124813860995616768","1087721858949095427",
"1124813848270098432","Sat May 04 23:11:34 +0000 2019","0","Insya Allah ramadhan tahun ini kita dapat pahala dua kali lipat. Pertama berpuasa. Kedua mengawasi kecurangan pemilu. Amin!","1124813848270098432","","","in","","0","0","0","https://x.com/undefined/status/1124813848270098432","92217266",
"1124806521139781633","Sat May 04 23:11:21 +0000 2019","0","@harychandra091 @prabowo @sandiuno Alhamdulillah","1124813793471516672","","harychandra091","in","","0","0","0","https://x.com/undefined/status/1124813793471516672","2931639522",
"1122157229178642433","Sat May 04 23:11:16 +0000 2019","0","@LebahBorneo @rizqi_property @prabowo yang curang berada di ujung tanduk mulai kehabisan waktu mau gak mau makan racun!","1124813775117406208","","LebahBorneo","in","","0","1","0","https://x.com/undefined/status/1124813775117406208","1109801789354704896",
"1124658332990459904","Sat May 04 23:11:08 +0000 2019","1","@FerdinandHaean2 @denmssinggih1 Semua sudah mulai berkhianat kepada prabowo kalian tidak khianati prabowo tapi khianati rakyat sengsaralah hidup kalian penyakit akan siksa kalian","1124813742217154560","","FerdinandHaean2","in","","0","0","0","https://x.com/undefined/status/1124813742217154560","426483694",
"1124689694636122113","Sat May 04 23:11:06 +0000 2019","3","@ballambinlove @mw_abbas @wahidulqohhar @KPU_ID Tendang sekalian. Dia gabung Prabowo hanyansekedar untuk dapat panggung di pemilu legistatif.","1124813734113714176","","ballambinlove","in","","0","1","0","https://x.com/undefined/status/1124813734113714176","416381744",
"1124813675204734976","Sat May 04 23:10:52 +0000 2019","0","ini bencana nasional.. pasti ada yg gak benar.. https://t.co/riiPUZLwBT","1124813675204734976","","","in","","0","0","1","https://x.com/undefined/status/1124813675204734976","138812621",
"1124813670851141633","Sat May 04 23:10:51 +0000 2019","0","Web Situng yang dipublikasi KPU janggalnya luar biasa. Untuk Garut hitungan offline sudah selesai 100% hari Kamis yang dimenangkan pasangan Prabowo Sandi. Namun di situs KPU posisi data masuk masih 43.5%. Logikanya ... https://t.co/K5D4EvNipN","1124813670851141633","","","in","","0","0","0","https://x.com/undefined/status/1124813670851141633","333878507",
"1124813652664639489","Sat May 04 23:10:47 +0000 2019","0","Rapat Pleno Pemilu Luar Negeri Jokowi Menang Telak di Korea Utara https://t.co/IX27mfcOsP","1124813652664639489","","","in","","0","0","0","https://x.com/undefined/status/1124813652664639489","786549338818224128",
"1124715870301777920","Sat May 04 23:10:45 +0000 2019","14","@AdistotoA @ElfizaEnny @_doncorleone78_ @prabowo @sandiuno Bismillah.. innama amruhu idza arooda syaian ayyaquula lahu kun fayakun.. ","1124813642346553344","","AdistotoA","in","","1","1","3","https://x.com/undefined/status/1124813642346553344","886630682591494144",
"1124813634406760448","Sat May 04 23:10:43 +0000 2019","0","Perasaan saya juga Pak @prabowo menang dan menjadi presiden","1124813634406760448","","","in","","0","0","0","https://x.com/undefined/status/1124813634406760448","933689762350751745",
"1124813607152177153","Sat May 04 23:10:36 +0000 2019","0","Sandiaga Minta Situng KPU Diaudit - VIVA https://t.co/JRuXTTnWgI","1124813607152177153","","","in","","0","0","0","https://x.com/undefined/status/1124813607152177153","849187851065479168",
"1124813575749431296","Sat May 04 23:10:29 +0000 2019","1","kalau menurut Demokrat biasa untuk abu2 kalau kita pendukung 02 tidak suka yg abu2 apa urgensinya ketemu JKW dan dalam kapasitas apa? dia juga capres.. Manuver Demokrat dan Keheranan SBY untuk Kubu Prabowo https://t.co/VzkZn5AHGI","1124813575749431296","","","in","","0","0","1","https://x.com/undefined/status/1124813575749431296","1030277378449190912",
"1124811630880018433","Sat May 04 23:10:16 +0000 2019","2","@MichelAdamNew Pemilu edan #SitungKPUBikinSinting","1124813521684815873","","MichelAdamNew","in","","0","1","2","https://x.com/undefined/status/1124813521684815873","1098034248076808193",
"1124725100484472832","Sat May 04 23:10:13 +0000 2019","0","@AdvokatBS #jokowi hebat dari yang lebih tni","1124813510012096512","","AdvokatBS","in","","0","0","0","https://x.com/undefined/status/1124813510012096512","981806769008656384",
"1124813470522724352","Sat May 04 23:10:04 +0000 2019","0","@jokowi pak Jokowi katanya Indonesia ibu kotanya mau di pindah. Saran saya lebih baik di pindah di Mojokerto saja. Mungkin bisa menjadi negara besar seperti kerajaan Majapahit terdahulu yg ibu kotanya di Mojokerto. Cikal bakal Indonesia berawal dari kerajaan Majapahit.","1124813470522724352","","jokowi","in","","0","0","0","https://x.com/undefined/status/1124813470522724352","296017690",
"1124651671064154117","Sat May 04 23:09:59 +0000 2019","6","@joked2019 @simonshutabarat Si @yennywahid juga dengan muka sok pede tapi buta budek ngata2i @prabowo supaya terima kowi sebagai presiden QC dan presiden hasil curang @KPU_ID dan @bawaslu_RI . Payah bener anak2 GD saat ini sangat haus pujian disebut sebagai tokoh lintas agama pdhl lintas moral: sesat!","1124813451426091008","","","in","","0","0","0","https://x.com/undefined/status/1124813451426091008","982851804701454342",
"1124813423169003520","Sat May 04 23:09:52 +0000 2019","0","KPU Input Kemenangan Jokowi di Sukabumi Tanpa Lampiran C1 https://t.co/8GOxXkIGCv #KPUCurangRakyatMelawan","1124813423169003520","","","in","","0","0","0","https://x.com/undefined/status/1124813423169003520","252625269",
"1124813421579460608","Sat May 04 23:09:52 +0000 2019","0","Pemilu dalam sejarah yg banyak makan korban jiwa harus di evaluasi","1124813421579460608","","","in","","0","0","0","https://x.com/undefined/status/1124813421579460608","1121042742916763648",
"1124813408086323202","Sat May 04 23:09:49 +0000 2019","0","1. Ada cerita menarik dari seorang teman yg kemarin sama-sama berjuang untuk ujian PPDS. Beliau ditanya oleh penguji kenapa memilih UGM untuk melanjutkan studi. Beliau menjawab: krn banyak orang2 terkenal yg mrpkn lulusan UGM seperti Pak Jokowi Pak anies baswedan.","1124813408086323202","","","in","","0","0","0","https://x.com/undefined/status/1124813408086323202","1047415224351875072",
"1124391119897280512","Sat May 04 23:09:48 +0000 2019","1","@ZavGuevara @DamarKencana8 @alan_borut @prabowo Cacing di perut gw mungkin gak serakus cacing mereka..","1124813404902793216","","ZavGuevara","in","","0","1","0","https://x.com/undefined/status/1124813404902793216","1085436012845707264",
"1123878850784575490","Sat May 04 23:09:39 +0000 2019","0","@FerdinandHaean2 @jokowi @PDemokrat Sikap mancla mencle SBY yang bikin partai demokrat terjun bebas. .","1124813366608875520","","FerdinandHaean2","in","","0","0","0","https://x.com/undefined/status/1124813366608875520","218426063",
"1124813326377074689","Sat May 04 23:09:29 +0000 2019","1","Baru - Titiek Soeharto &amp; Harimam Siregar di Panggung Rakyat Pro Prabowo https://t.co/RMhN4VFgeX lewat @YouTube","1124813326377074689","","","in","","0","0","0","https://x.com/undefined/status/1124813326377074689","2991557823",
"1124672072129495040","Sat May 04 23:09:26 +0000 2019","4","@pujangga1123 @BadjaNuswantara @jokowi @Ferdinand_Haean @Dwiyana_DKM @P3nj3l4j4h @triwul82 @kangdede78 @4Y4NKZ @evndari ️ Yokkk ... jingkrak ala ferdinand si manusia buta hati mati nalar dan pola hidupnya spt benalu. https://t.co/JNw5WhHaMB","1124813313378938880","https://pbs.twimg.com/ext_tw_video_thumb/1042088619589001216/pu/img/JjIWR1zPYsfu9lVI.jpg","Great_Pujangga","in","","0","1","1","https://x.com/undefined/status/1124813313378938880","3278687622",
"1124813278729781248","Sat May 04 23:09:18 +0000 2019","2","Alhamdulillah pemilu sukses dan damai inilah yg paling penting dlm proses jalannya demokrasi","1124813278729781248","","","in","","0","0","0","https://x.com/undefined/status/1124813278729781248","923806388576387073",
"1124748411721228289","Sat May 04 23:09:14 +0000 2019","5","@RachlanNashidik Sepertinya bapak ini benci banget pada Pak Prabowo...","1124813262279725057","","rachlannashidik","in","","0","1","0","https://x.com/undefined/status/1124813262279725057","2750740674",
"1124673766485823489","Sat May 04 23:09:12 +0000 2019","0","@detikcom Habib rizieq aja yg niat kabur ke arab..karna takut dipenjara habib ga tau malu..skrg brjuang biar prabowo menang biar bisa pulang ke indo..","1124813256336367618","","detikcom","in","","0","0","0","https://x.com/undefined/status/1124813256336367618","1076257724994711552",
"1124813248174288896","Sat May 04 23:09:11 +0000 2019","0","2024 Aku jago Ridwan Kamil maju Capres mbuh wakil e sopo seg penting ojo Ganjar Ojo Risma. Hiya hiya hiyaaa yen isoh dadi musuh na 2024 wqwq","1124813248174288896","","","in","","0","0","0","https://x.com/undefined/status/1124813248174288896","409179806",
"1124675894482808832","Sat May 04 23:09:09 +0000 2019","0","@detikcom @nuridahayat1275 Saya hanya berharap semoga komisioner KPU yg meremehkan korban jiwa dalam pemilu kali ini mengalami kelelahan yg sama seperti para korban tersebut....agar semua faham dan maklum atas semua yg terjadi","1124813243464085504","","detikcom","in","","0","0","0","https://x.com/undefined/status/1124813243464085504","145139130",
"1124813233645178883","Sat May 04 23:09:07 +0000 2019","0","Web Situng yang dipublikasi KPU janggalnya luar biasa. Untuk Garut hitungan offline sudah selesai 100% hari Kamis yang dimenangkan pasangan Prabowo Sandi. Namun di situs KPU posisi data masuk masih 43.5%. Logikanya ... https://t.co/m3nj2lNvrh","1124813233645178883","","","in","","0","0","0","https://x.com/undefined/status/1124813233645178883","333878507",
"1124813232877780997","Sat May 04 23:09:07 +0000 2019","6","Dana Kampanye Jokowi Harus Diaudit karena Diduga Pakai Uang Rakyat https://t.co/je75rRsqI6","1124813232877780997","","","in","","0","0","8","https://x.com/undefined/status/1124813232877780997","1006772142199930880",
"1124812197488623616","Sat May 04 23:09:04 +0000 2019","0","@BeritagarID udh lbh 65% suara masuk dan 01 jokowi maruf unggul &gt;12jt jd gak mungkin terkejar lagi dah sebab selisih 12jt sama jumlah pemilih satu pulau sulawesi jd gak ush ribut sgr akui bhw pemenang 01 pemilu sdh selesai","1124813221993390080","","LokadataID","in","","0","0","0","https://x.com/undefined/status/1124813221993390080","93992845",
"1124704274133291009","Sat May 04 23:09:03 +0000 2019","2","@Ars_sand @MbahUyok @SBYudhoyono @prabowo @sandiuno 2024 tenggelamkan AHY dan demokrat 2024 milik gerindra dan PKS","1124813214829539328","","Ars_sand","in","","0","0","1","https://x.com/undefined/status/1124813214829539328","1082595883051450373",
"1124813212694777858","Sat May 04 23:09:02 +0000 2019","0","Berita Terkini: Desakan Audit Dana Kampanye Jokowi Menguat Capres Tanpa Cuti Rentan Ghasab Duit Rakyat","1124813212694777858","","","in","","0","0","0","https://x.com/undefined/status/1124813212694777858","2934629720",
"1124813211117580288","Sat May 04 23:09:02 +0000 2019","310","Ibu kota pindah Presiden Jokowi memilih tidak memakai dana APBN. https://t.co/zAzGNbjNeK","1124813211117580288","","","in","","172","615","125","https://x.com/undefined/status/1124813211117580288","22126902",
"1124675894482808832","Sat May 04 23:08:56 +0000 2019","0","@detikcom Selalu dalih nya jangan di politisasi ! Wow @KPU_ID org yg meninggal itu sdh 400 lbh hrs ada investigasi penyebab kematian nya utk bahan meriview penyelenggaraan pemilu saat ini utk bahan perbaikan ke dpn nya.... #KPUCurangRakyatMelawan #KPUNgejarQuickCount","1124813186597658626","","detikcom","in","","0","0","0","https://x.com/undefined/status/1124813186597658626","1104006250264580098",
"1124706573002080258","Sat May 04 23:08:54 +0000 2019","0","@SiIvy_Riau02 @jokowi Batang Agam Setujuuuuuu","1124813179106648066","","PeoplePower_id","in","","0","0","0","https://x.com/undefined/status/1124813179106648066","98622261",
"1124803074873147392","Sat May 04 23:08:51 +0000 2019","0","@Budhe_bonbon Dibandingkan dg PKS ya jauh ya mba PKS SELALU ISTIQOMAH Dg pendirian dan Dukungannta terhadap Capres Cawapres PAS 02. Alhamdulillah","1124813167115137024","","Budhe_bonbon","in","","0","0","0","https://x.com/undefined/status/1124813167115137024","807834024043421696",
"1124637301315784706","Sat May 04 23:08:48 +0000 2019","0","@rmolco @msaid_didu Kalo tolak hasil hitung KPU ya dihitung aja sendiri bahkan bila perlu adakan pemilu sendiri agar sesuai espektasi yang dikehendaki bro !!!","1124813154532220929","","rmol_id","in","","0","0","0","https://x.com/undefined/status/1124813154532220929","1123967286526787587",
"1124766912104157185","Sat May 04 23:08:35 +0000 2019","6","@RachlanNashidik Saya belum dengar komentar SBY tentang kecurangan pilpres yang masiv.","1124813097187758080","","rachlannashidik","in","","0","1","1","https://x.com/undefined/status/1124813097187758080","3344388914",
"1120154550067847168","Sat May 04 23:08:31 +0000 2019","0","@fadlizon Pa Fadli...saya warga negara Indonesia setuju pilpres di ulang tetapi pa Fadli wajib menghidupkan dahulu anggota KPU dan POLRI yang meninggal dunia krn pilpres terlebih dahulu sanggup bapak ?","1124813084004978689","","fadlizon","in","","0","0","0","https://x.com/undefined/status/1124813084004978689","1091810281821327361",
"1124605936478240768","Sat May 04 23:08:30 +0000 2019","0","@Burhanu80462198 @mohmahfudmd @KPU_ID @bawaslu_RI @yunartowijaya Pertanyaan ini tidak apple-to-apple Pihak BPN declare karena dia peserta Pilpres dan perhitungan internal. Sedangkan Mas dan LS lainnya di tayangkan Live di semua Stasion TV berjam-jam. Mohon...","1124813078531416064","","Burhanu80462198","in","","0","1","0","https://x.com/undefined/status/1124813078531416064","154032027",
"1124715870301777920","Sat May 04 23:08:29 +0000 2019","0","@_doncorleone78_ @prabowo @sandiuno Allahu Akbar tetap semangat Allah bersama kita....","1124813074827886592","","_doncorleone78_","in","","0","0","0","https://x.com/undefined/status/1124813074827886592","59934349",
"1118942895933755392","Sat May 04 23:08:23 +0000 2019","0","Jokowi-Amin: 52.020.154 (55 141%) Prabowo-Sandi: 42.319.665 (44 859%) Total TPS: 508.234 dari 817.412 (62 176%) @KawalPemilu2019 #PantauFotoUpload","1124813047728627713","","BotKawalPemilu","in","","0","1","0","https://x.com/undefined/status/1124813047728627713","1118911347322843137",
"1124813037192589313","Sat May 04 23:08:20 +0000 2019","0","https://t.co/P40vEI7l9e msaid_didu ILCtv1 karniilyas Demokrasi indonesia bisa maju dg bebasnya berpendapat..dan kebebasan tsb tidak bisa liar spt dialam rimba..pasti kacau nanti.untuk membuat terjaga maka perlu peraturan dan norma.","1124813037192589313","","","in","","0","0","0","https://x.com/undefined/status/1124813037192589313","2919772580",
"1124813034269093892","Sat May 04 23:08:20 +0000 2019","0","https://t.co/P40vEI7l9e geloraco Saidahmega1 Apa itu Demokrasi? Bagaimana dg Negara Demokrasi? Mengapa Indonesia menganut sistem Demokrasi? Tolong jelaskan secara rinci termasuk hukum tertinggi setelah undang - undang. Terima kasih. Merdeka..! #DoaKamiUntukPrabowoSandi","1124813034269093892","","","in","","0","0","0","https://x.com/undefined/status/1124813034269093892","2919772580",
"1124813031303782401","Sat May 04 23:08:19 +0000 2019","0","https://t.co/P40vEI7l9e Prof_Tamburin EvanRafiq NajwaShihab jokowi catatan sejarah : 17 April 2019 merupakan pemilu paling mematikan dalam sejarah demokrasi dan pelaksanaan pemilu di Indonesia bahkan di seluruh dunia dengan menelan korban jiwa 400 +++ para panitia pemunguta ","1124813031303782401","","","in","","0","0","0","https://x.com/undefined/status/1124813031303782401","2919772580",
"1124645952399085569","Sat May 04 23:08:12 +0000 2019","0","@ustadtengkuzul Alhamdulillah Prabowo gagal jd presiden karena ulama kampret yg jualan agama gak laku di Indonesia","1124813004514705408","","ustadtengkuzul","in","","0","0","0","https://x.com/undefined/status/1124813004514705408","1630767416",
"1123957525806768128","Sat May 04 23:08:10 +0000 2019","0","@CakKhum Ternyata kartu Prakerja berguna juga ya terutama buat mereka2 ini akibat gagal melenggang kesenayan gk usah terlalu berharap jadi menteri apalagi jaksa agung lha yg mau jadi presiden kan Prabowo ngaca.! https://t.co/sSFiGpvGhG","1124812994003628032","https://pbs.twimg.com/media/D5wjc4kUIAECOAZ.jpg","suaragagap","in","","0","0","0","https://x.com/undefined/status/1124812994003628032","2364863990",
"1124662782769545216","Sat May 04 23:08:05 +0000 2019","1","@stevanihuangg Maaf sudah... Hukum terus jalan... #PenjarakanAndreTaulany TETEP KAWAL KETAT JENJANG PILPRES...","1124812973816668165","","vaniepink","in","","0","0","0","https://x.com/undefined/status/1124812973816668165","3029081332",
"1124812963527847936","Sat May 04 23:08:03 +0000 2019","0","Jangan Terburu-Buru Tunggu Hasil Resmi Pemilu 2019 dari KPU https://t.co/Vcmntn6hOQ https://t.co/HqSVdYHnTa","1124812963527847936","https://pbs.twimg.com/media/D5wjbfIUcAABMLo.jpg","","in","","0","0","0","https://x.com/undefined/status/1124812963527847936","1076275093",
"1124812963498434561","Sat May 04 23:08:03 +0000 2019","13","Kampanye Pemilu 2019 Tina Toon: Banyak di Luar Dugaan https://t.co/pyBy8pYfWN","1124812963498434561","","","in","","1","3","5","https://x.com/undefined/status/1124812963498434561","4067751979",
"1124812961476857857","Sat May 04 23:08:02 +0000 2019","5","Bawaslu Masih Selidiki Dua Kasus Politik Uang Pemilu 2019 https://t.co/PpilZ6EIh3","1124812961476857857","","","in","","0","0","4","https://x.com/undefined/status/1124812961476857857","4067751979",
"1124206503932547072","Sat May 04 23:07:50 +0000 2019","1","@07June17 @jokowi Hehe lucu ya...bagaimana bisa pemimpin bergerak nya kerana bisikan bukan kerana yg nyata dia liat","1124812908393783296","","07June17","in","","0","0","0","https://x.com/undefined/status/1124812908393783296","4594137918",
"1123046479604490240","Sat May 04 23:07:44 +0000 2019","0","@jokowi Lebih baik di Mojokerto pak Jokowi. Sejarah dari era Indonesia saat ini berawal dari kerajaan majapahit. Salah satu kerajaan terbesar di masanya. Yang mana menjadi cikal bakal berdirinya Indonesia. Yang mana menyatukan Nusantara dengan semangat sumpah amukti palapa.","1124812886956634112","","jokowi","in","","0","0","0","https://x.com/undefined/status/1124812886956634112","296017690",
"1124745926315106304","Sat May 04 23:07:42 +0000 2019","0","@CNNIndonesia Penghitungan Suara (Situng) KPU RI mencatat Calon Presiden Joko Widodo-Ma'ruf Amin memperoleh suara 56.932.095 atau 56 12 persen. Sementara itu Calon Presiden Prabowo Subianto-Sandiaga Uno mendapat sebanyak 44.507.820 suara atau 43.88 persen.","1124812878362492928","","CNNIndonesia","in","","0","0","0","https://x.com/undefined/status/1124812878362492928","86545839",
"1124580872567394305","Sat May 04 23:07:42 +0000 2019","0","@pendukung02 @msaid_didu @ILCtv1 @karniilyas Netral apanya sudah Jelas Datuk Karni Ilyas itu Jurkam Prabowo.","1124812876630220801","","WanitaAsliJawa","in","","0","0","0","https://x.com/undefined/status/1124812876630220801","958608286428798976",
"1124812856220766208","Sat May 04 23:07:37 +0000 2019","2","Yth Bapak Letjend Purn. H Prabowo Subianto jangan lelah NYAPRES ya pak. Kami selalu rindu KEKONYOLANMU. https://t.co/DpaPEROTeM","1124812856220766208","https://pbs.twimg.com/media/D5wjU6ZUYAELcLY.jpg","","in","","0","1","0","https://x.com/undefined/status/1124812856220766208","169137355",
"1124812828513148929","Sat May 04 23:07:30 +0000 2019","89","Mencurangi pemilu adalah tindakan inkonstitusional. Aparat jgn coba2 abai atau rakyat mencabut mandatmu. Berhadapan dg rakyat aparat akan menjadi keparat. #PeoplePower bukan mustahil krn suara rakyat adalah suara Tuhan. https://t.co/KQhJU4NjxM","1124812828513148929","","","in","","5","25","56","https://x.com/undefined/status/1124812828513148929","1036131015847079936",
"1124812765955182594","Sat May 04 23:07:16 +0000 2019","1","#setiadukungprabowo #Setiadukungprabowo Indonesia lebih baik dengan Prabowo","1124812765955182594","","","in","","0","0","0","https://x.com/undefined/status/1124812765955182594","974288704222019588",
"1124748411721228289","Sat May 04 23:07:09 +0000 2019","11","@RachlanNashidik Pak Prabowo sdh dalam langkah yang bener dia pantau semua proses dia kumpulkan semua bukti begitu schedule sdh sampe dia buka semuanya shg kpu gak bisa lari kemana2 kecuali mengumumkan Prabowo-Sandi menang. Itu jalan plg baik &amp; pintar modalnya kesabaran","1124812737266110464","","rachlannashidik","in","","0","0","2","https://x.com/undefined/status/1124812737266110464","155705208",
"1124670081315721216","Sat May 04 23:06:59 +0000 2019","0","@NurAlamsyahBdg @RasM16765807 Innalilahi bener bener tragedi Pemilu","1124812697609089024","","NurAlamsyahBdg","in","","0","0","0","https://x.com/undefined/status/1124812697609089024","2558355608",
"1124637301315784706","Sat May 04 23:06:53 +0000 2019","0","@rmolco @AdvokatBS Mantab smgt utk kemenangan prabowo sandi","1124812671407144960","","rmol_id","in","","0","0","0","https://x.com/undefined/status/1124812671407144960","142702635",
"1124748411721228289","Sat May 04 23:06:51 +0000 2019","2","@RachlanNashidik Sampaikan langsung om ngapain ditulis disini...percuma saya rasa #biarlah prabowo berjuang dengan caranya karena dia sangat tau harus apa dan bagaimana....","1124812664922722304","","rachlannashidik","in","","0","0","0","https://x.com/undefined/status/1124812664922722304","1093059512687194112",
"1124756063444561921","Sat May 04 23:06:41 +0000 2019","1","@JKFC23456789 @yusuf_dumdum @RizmaWidiono @P3nj3l4j4h @TheArieAir @hnurwahid @Fahrihamzah @Gerindra @IreneViena @RamliRizal @fadlizon @msaid_didu @CakKhum @hmskaban @MardaniAliSera Menjelang ramadhan mba neno ini kerjaannya masih z menghasut masyarakat z. Wake up n move on capres anda sudah kalah. itu FAKTA","1124812620593106944","","JKFC23456789","in","","0","0","0","https://x.com/undefined/status/1124812620593106944","1102180334488084480",
"1124812608643559424","Sat May 04 23:06:38 +0000 2019","0","Web Situng yang dipublikasi KPU janggalnya luar biasa. Untuk Garut hitungan offline sudah selesai 100% hari Kamis yang dimenangkan pasangan Prabowo Sandi. Namun di situs KPU posisi data masuk masih 43.5%. Logikanya ... https://t.co/CXr4HnIVX5","1124812608643559424","","","in","","0","0","0","https://x.com/undefined/status/1124812608643559424","333878507",
"1124751263881515009","Sat May 04 23:06:26 +0000 2019","1","@CoretPdipilpres @DivHumas_Polri @BareskrimPolri @jokowi Pingin masuk hotel prodeo ya@divisihumaspolri","1124812559406657536","","antakara_86","in","","0","0","0","https://x.com/undefined/status/1124812559406657536","2849478787",
"1124812551672385536","Sat May 04 23:06:24 +0000 2019","2","Mungkin aslinya unggul 100rb suara tiati jgn asal unggul trs percaya. Kecurangan di Jatim itu massif. Masalanya banyak saksi 02 absen Pasangan Prabowo-Sandi Unggul 1.023 Suara di Situbondo https://t.co/YEpeoi3HxB","1124812551672385536","","","in","","1","0","2","https://x.com/undefined/status/1124812551672385536","833201457763454976",
"1124712611298271232","Sat May 04 23:06:20 +0000 2019","0","@jeansaprilia @msaid_didu @prabowo Mak jleb bu..","1124812531174785024","","jeansaprilia","in","","0","0","0","https://x.com/undefined/status/1124812531174785024","2588376535",
"1124724367726759936","Sat May 04 23:06:15 +0000 2019","4","@VelianiVelinars @yongkyharmawan @prabowo @sandiuno Kelakuan pendukung sono mah gak heran..","1124812513965531136","","bu_veli","in","","0","0","0","https://x.com/undefined/status/1124812513965531136","112374300",
"1124812462493093888","Sat May 04 23:06:03 +0000 2019","0","Monggo Pak @jokowi katanya transparan...berani buka dana kampanye ke publik? #SaveOurDemocracy","1124812462493093888","","","in","","0","0","0","https://x.com/undefined/status/1124812462493093888","138669739",
"1124340344089264129","Sat May 04 23:06:00 +0000 2019","2","@rmolco @fadlizon #indonesia_darurat_tersinggung Ini vidio 1 tahun yg lalu dan di angkat ke publik !!! Kenapa begitu ?? Apa hanya karena andre pendukung jokowi? Kenapa tida yg di angkat pas waktu rocky gerung bilang kitab suci itu adalah fiksi Apa kah seorang ateis boleh bilang begitu","1124812450933592066","","rmol_id","in","","0","0","0","https://x.com/undefined/status/1124812450933592066","2697122816",
"1124604984622866432","Sat May 04 23:05:54 +0000 2019","0","@do_ra_dong Rezim ini paling ugal ugalan gunakan uang negara dari infrastruktur sampai pemilu @do_ra_dong","1124812424224264192","","do_ra_dong","in","","0","0","0","https://x.com/undefined/status/1124812424224264192","908701490465738752",
"1124812404049661952","Sat May 04 23:05:49 +0000 2019","2","Ketegasan TNI POLRI mengawal pemilu SESUAI KONSTITUSI. NKRI HARGA MATI 🇮🇩🇮🇩🇮🇩🇮🇩🇮🇩 kalean yg maksakan anarki pasti digulung habiiisss #2019RealCount01Menang https://t.co/Z64FCsSyCi","1124812404049661952","https://pbs.twimg.com/ext_tw_video_thumb/1124812279059402752/pu/img/jZOCDMAV2KH7waSq.jpg","","in","","0","0","1","https://x.com/undefined/status/1124812404049661952","917200907611156480",
"1124791762797465601","Sat May 04 23:05:34 +0000 2019","0","@AlfariRudi @aiek_esthreem @prabowo @sandiuno @bawaslu_RI Alhamdulillah","1124812339499290624","","AlfariRudi","in","","0","0","0","https://x.com/undefined/status/1124812339499290624","1926380976",
"1124756063444561921","Sat May 04 23:05:30 +0000 2019","0","@JKFC23456789 @yusuf_dumdum @RizmaWidiono @P3nj3l4j4h @TheArieAir @hnurwahid @Fahrihamzah @Gerindra @IreneViena @RamliRizal @fadlizon @msaid_didu @CakKhum @hmskaban @MardaniAliSera Iman dituker lobang di kertas pilpres?","1124812323888062466","","JKFC23456789","in","","0","0","0","https://x.com/undefined/status/1124812323888062466","1098009629118783488",
"1124665862890196992","Sat May 04 23:05:29 +0000 2019","0","@TsamaraDKI Saya mendukung pak @prabowo karena saya percaya beliau yg terbaik untuk Indonesia karena sangat qualified dn telah sukses mempelopori dn melahirkan pemimpin2 muda sebagai generasi penerus pemimpin bangsa ini....!!!","1124812317630144512","","TsamaraDKI","in","","0","0","0","https://x.com/undefined/status/1124812317630144512","1079584714036436992",
"1124587279979204610","Sat May 04 23:05:26 +0000 2019","0","@CNNIndonesia Nggak usah panik pak. Jokowi juga kayaknya udah tidak punya tempat kosong lagi. Formasi beliau udah mantap. Hahaha","1124812308297818112","","CNNIndonesia","in","","0","0","0","https://x.com/undefined/status/1124812308297818112","188059502",
"1124766912104157185","Sat May 04 23:05:26 +0000 2019","5","@RachlanNashidik Lho bapak yg satu ini kok omongannya kayak abis bangun tidur aja kayak ketinggalan kereta gituh!!!Kan Pak @prabowo sdh berkali2 pidato d banyak tempat apakah msh nggak ngerti juga isi kepalanya Pak @prabowo atau bapak ini jgn2 adalah... #SaveIndonesia #SaveDemocracyInIndonesia","1124812306301374464","","rachlannashidik","in","","0","1","3","https://x.com/undefined/status/1124812306301374464","761395437001510912",
"1124783673520414721","Sat May 04 23:05:24 +0000 2019","2","@ayijunaedi28 Saya pikir copras-capres kelar setelah 17 April. Ternyata makin jijik.","1124812296646217728","","ayijunaedi28","in","","0","0","0","https://x.com/undefined/status/1124812296646217728","604079053",
"1124581402282827776","Sat May 04 23:05:17 +0000 2019","0","@Asmara_1701 @prabowo @sandiuno Masyaallah...","1124812267999023104","","Asmara_1701","in","","0","0","0","https://x.com/undefined/status/1124812267999023104","1116362764283367424",
"1124724367726759936","Sat May 04 23:05:14 +0000 2019","0","@VelianiVelinars @yunartowijaya @yongkyharmawan @prabowo @sandiuno Mau romadlon..janganlah sprti dia","1124812254396895232","","bu_veli","in","","0","0","0","https://x.com/undefined/status/1124812254396895232","1106378218599112704",
"1124812220783710208","Sat May 04 23:05:06 +0000 2019","0","Web Situng yang dipublikasi KPU janggalnya luar biasa. Untuk Garut hitungan offline sudah selesai 100% hari Kamis yang dimenangkan pasangan Prabowo Sandi. Namun di situs KPU posisi data masuk masih 43.5%. Logikanya ... https://t.co/oAMghF2lMw","1124812220783710208","","","in","","0","0","0","https://x.com/undefined/status/1124812220783710208","333878507",
"1124812197488623616","Sat May 04 23:05:00 +0000 2019","6","Ya pemilu telah usai. Sekarang kita tinggal menunggu siapa pemenangnya. Yang menang tidak boleh jemawa yang kalah mesti legawa. Begitulah sikap seorang negarawan. #Editorial https://t.co/lQsJgLMmpn","1124812197488623616","","","in","","0","1","3","https://x.com/undefined/status/1124812197488623616","17588443",
"1124812184670703616","Sat May 04 23:04:57 +0000 2019","5","Seruan untuk rakyat yg dirugikan @KPU_ID atau KPUD bs gunakan pasal ini untk menuntut hak suara mereka yg dihilangkan. Sebarkan dn sosialisasikn sampe pelosok biar rakyat tau #AdaApaDenganSitungKPU RR Ajak Rakyat Ramai-ramai Gunakan Pasal 532 UU Pemilu https://t.co/UGB1PkE5Jy https://t.co/NTbT580jNr","1124812184670703616","https://pbs.twimg.com/media/D5wiuGuUYAA1mmI.jpg","","in","","0","0","3","https://x.com/undefined/status/1124812184670703616","1113316434157789184",
"1124704274133291009","Sat May 04 23:04:54 +0000 2019","0","@MbahUyok Jokowi qlo mau silaturàhmi silahkan datang ke hambalang..","1124812171362177026","","MbahUyok","in","","0","0","0","https://x.com/undefined/status/1124812171362177026","470933154",
"1124615721416134658","Sat May 04 23:04:53 +0000 2019","0","@IsmanTengku Menangkan Prabowo Sandi Indonesia Menang #StopSitungKPU #StopSitungKPU","1124812166886912000","","IsmanTengku","in","","0","0","0","https://x.com/undefined/status/1124812166886912000","980369546",
"1124560234351955973","Sat May 04 23:04:36 +0000 2019","0","@V_Stone_Kardol @jokowi Presiden satunya udah balikin tanah juga ga? Kan janjinya kalo menang beliau mau balikin... Udah deklarasi terpilihkan mereka.. ayo pak balikin.. ","1124812096938463232","","Kumis_Separoh","in","","0","0","0","https://x.com/undefined/status/1124812096938463232","1047413605958705152",
"1124670997620187136","Sat May 04 23:04:36 +0000 2019","0","@Fahrihamzah Sekarang bukan jokowi vs prabowo...tpi rakyat vs intel","1124812096112173057","","Fahrihamzah","in","","0","0","0","https://x.com/undefined/status/1124812096112173057","282975041",
"1124812089346813953","Sat May 04 23:04:34 +0000 2019","0","Wahai sahabat ku dunia maya kita patut mencurigai bhw kertas suara Capres Joko Widodo dan Ma ruf Amin yg telah dicoblos sebelum Pemungutan suara itu adalah cara cara PKI utk merusak /membuat suara Prabowo Menjadi tdk sah jika org yg mencoblos tdk mengetahui strategi ini","1124812089346813953","","","in","","0","1","0","https://x.com/undefined/status/1124812089346813953","1083381013177192448",
"1124748411721228289","Sat May 04 23:04:28 +0000 2019","43","@RachlanNashidik Kalau anda sudah betah di Istana tidak perlu lah anda mengajarkan arti perjuangan kepada Pak prabowo karena anda sudah mengambil Jalan buntu. Rakyat Sudah mengambil keputusan Prabowo Presiden Kalau Pengusasa Merampok Hak Rakyat Rakyatlah yang akan mengambil.","1124812063346270208","","rachlannashidik","in","","0","1","3","https://x.com/undefined/status/1124812063346270208","902059476",
"1124812061936996352","Sat May 04 23:04:28 +0000 2019","0","Kalo musim pemilu wajib tempat penyimpanan surat suara terbakar. Tanya kenapa? Kotak dan Surat Suara di Kecamatan Gunungsitoli Ludes Terbakar https://t.co/DIsO1WuACX","1124812061936996352","","","in","","0","0","0","https://x.com/undefined/status/1124812061936996352","380188719",
"1124558874835468288","Sat May 04 23:04:24 +0000 2019","0","@wr200465 Buat kampret bebas yg g punya agama sexpun asal dia bisa hina Jokowi buat mereka d di anggap ulama.","1124812044773937152","","__LOVE_AG4EVER","in","","0","0","0","https://x.com/undefined/status/1124812044773937152","904652244263460864",
"1124717289729708032","Sat May 04 23:04:19 +0000 2019","1","@vitras212 @SBYudhoyono @prabowo @sandiuno Isunya kok begitu... apa bnr kapal tk lagi dpt bertahan.","1124812027443073024","","vitras212","in","","0","1","0","https://x.com/undefined/status/1124812027443073024","947472298134487043",
"1124715870301777920","Sat May 04 23:04:18 +0000 2019","0","@_doncorleone78_ @prabowo @sandiuno Alloohu Akbar!!!","1124812022531538944","","_doncorleone78_","in","","0","0","0","https://x.com/undefined/status/1124812022531538944","1109958110217527296",
"1124811984308826113","Sat May 04 23:04:09 +0000 2019","0","Rakyat benci kecurangan kebohongan dan kepalsuan https://t.co/fc6H7dPo06","1124811984308826113","","","in","","0","0","0","https://x.com/undefined/status/1124811984308826113","142945130",
"1124488108848758785","Sat May 04 23:04:09 +0000 2019","1","@BangPino_ @fadlizon @bawaslu_RI Bersama rakyat awasi pemilu bersama Bawaslu tegakkan ke adilan pemilu.....apakah ini cuma sekedar iklan.........ayo Bawaslu kamu bisa...... tunjukkan integritasmu kepada ibu pertiwi...........","1124811983339921409","","BangPino_","in","","0","0","1","https://x.com/undefined/status/1124811983339921409","1099321811395739650",
"1124811973651324931","Sat May 04 23:04:07 +0000 2019","0","Ucapan Kemenangan Prabowo Sandi di Pasar Tanah Abang https://t.co/79APAL8xhG","1124811973651324931","","","in","","0","0","0","https://x.com/undefined/status/1124811973651324931","998382686",
"1124800023403741184","Sat May 04 23:03:49 +0000 2019","0","@DhieanaNew @TeguhHardiyan08 @KPU_ID @KompasTV @tvOneNews @PT_TransJakarta @Metro_TV @jokowi Padahal Romadhon gak salah cuma ada segelintir org yg ambil untung gedee","1124811899613224960","","DiaanaNama","in","","0","0","1","https://x.com/undefined/status/1124811899613224960","829122325157064704",
"1124704274133291009","Sat May 04 23:03:43 +0000 2019","0","@MbahUyok pertemuan itu bagus buat bangsa tapi harus berdasarkan keadilan dan tdk ada yg merasa dicurangi yaitu dengan membentuk TPF pemilu dan bila terbukti jurdil jangankan berdialog berkoalisipun boleh","1124811874149617665","","MbahUyok","in","","0","0","0","https://x.com/undefined/status/1124811874149617665","119667331",
"1124653780195090433","Sat May 04 23:03:27 +0000 2019","0","@salima252 @a22gung pekaes hanya bs catat tp ga dapet c1 krn ga punya mandat dari be pe en utk bicara kecurangan itu ya kuncinya di c1 sementara pekaes ga punya wewenang pegang itu tapi sampai sekarang pekaes terus kawal pencatatan suara utk pilpres","1124811807955095552","","aldhiraaa","in","","0","2","0","https://x.com/undefined/status/1124811807955095552","305014191",
"1124730886488858624","Sat May 04 23:03:19 +0000 2019","2","@MbahUyok @LisaAmartaTara Suara kemenangan di Jatim dan Jateng untuk Jokowi itu FAKTA ...itu sua4a rakyat","1124811771712196608","","MbahUyok","in","","0","1","0","https://x.com/undefined/status/1124811771712196608","59022354",
"1124712611298271232","Sat May 04 23:03:15 +0000 2019","0","@msaid_didu Pak andai ada pertemuan antara 01 dan 02 lebih banyak untung apa rugi bagi Indonesia? Pertemuan itu tidak juga menutup gugatan pemilu curangkan?","1124811755220131840","","msaid_didu","in","","0","0","0","https://x.com/undefined/status/1124811755220131840","2472342259",
"1124811741857062912","Sat May 04 23:03:11 +0000 2019","0","Kami bersama pa @prabowo tapi tidak dengan kalian wahai demokarat silahkan mundur kalau kalian memang mendukung kecurangan pale kalian sudah bau menyan!!!!","1124811741857062912","","","in","","0","0","0","https://x.com/undefined/status/1124811741857062912","1926380976",
"1124657946808307715","Sat May 04 23:03:07 +0000 2019","0","@ReflyHZ @RujackX Nah.. Benar Khan apa kata pak Prabowo..","1124811721997078528","","ReflyHZ","in","","0","0","0","https://x.com/undefined/status/1124811721997078528","1263430422",
"1124580975646666753","Sat May 04 23:03:02 +0000 2019","0","@tatagwibowo1 @narkosun @prabowo Tapi bagi yang tidak mau nrimo ing pandum ya susaaaaaaah...!","1124811702929772545","","tatagwibowo1","in","","0","0","0","https://x.com/undefined/status/1124811702929772545","210170692",
"1124791762797465601","Sat May 04 23:02:50 +0000 2019","4","@AlfariRudi @prabowo @sandiuno @bawaslu_RI Ya Allah gak tega bertugas sampai dini hari Ya Allah berikan para petugas yg jujur kesehatan keselamatan dan Rezki berlimpah #StopSitungKPU","1124811652698783744","","AlfariRudi","in","","0","1","1","https://x.com/undefined/status/1124811652698783744","1086082811843362816",
"1124139213203460096","Sat May 04 23:02:44 +0000 2019","0","@AndiBoga4 @jokowi Hahaha... pohon ajaib","1124811625741946880","","AndiBoga4","tl","","0","1","0","https://x.com/undefined/status/1124811625741946880","1011767401573068801",
"1124811622197780480","Sat May 04 23:02:43 +0000 2019","0","KPU @KPU_ID Akui Terdapat Masalah Pelaksanaan Pemilu - VIVA https://t.co/ram8tcPvfz","1124811622197780480","","","in","","0","0","0","https://x.com/undefined/status/1124811622197780480","68612634",
"1124811602094477312","Sat May 04 23:02:38 +0000 2019","0","Sandiwara uno.. Belum hilang sedengnya.... Masih gaya telling story...Pilpres udah lewat... Dasar pikun.. pura pura sakit saat deklarasi Wowo...Manusia separo. sinting..","1124811602094477312","","","in","","0","0","0","https://x.com/undefined/status/1124811602094477312","716308155102134273",
"1124715870301777920","Sat May 04 23:02:36 +0000 2019","0","@_doncorleone78_ @prabowo @sandiuno Alhamdulillah.. Allahu Akbar!!!","1124811592443371520","","_doncorleone78_","in","","0","0","0","https://x.com/undefined/status/1124811592443371520","1119227360186781697",
"1124653780195090433","Sat May 04 23:02:32 +0000 2019","0","@salima252 @a22gung sebelum pemilu pekaes sudah tawarkan utk saksi tapi bepeen nyatakan saksi 02 sudah siap karena itu pekaes hanya siapkan saksi pileg tidak siapkan saksi pilpres pas pemilu sebagian besar tps ga ada saksi 02 jadi sebagian besar c1 dr tps gagal diamankan oleh 02","1124811576958021632","","salima252","in","","0","1","0","https://x.com/undefined/status/1124811576958021632","305014191",
"1124811566141005824","Sat May 04 23:02:30 +0000 2019","0","@jokowi @Pak_JK @KHMLuqman @cholilnafis @cakimiNOW Tidak selamanya mobil bagus dan mobil ber AC membawa keselamatan karena pada berita ini mobil bagus dan ber AC menyebabkan seseorang meninggal dunia. Silahkan di klik -&gt; https://t.co/h95CzsaNLC","1124811566141005824","","jokowi","in","","0","0","0","https://x.com/undefined/status/1124811566141005824","1038732578",
"1124748411721228289","Sat May 04 23:02:26 +0000 2019","4","@muhtarkelana10 @RachlanNashidik Pertanyaannya mengapa presiden ke 6 kita itu tdk bersikap kritis terhadap kecurangan2 pemilu yg terbentang luas dihadapannya? Di tahun 2014 juga begitu. AHY pun hanya menyoroti kematian2 putugas di lapangan. ","1124811551611838464","","muhtarkelana10","in","","0","0","1","https://x.com/undefined/status/1124811551611838464","438784653",
"1124661363693854721","Sat May 04 23:02:13 +0000 2019","5","@aiek_esthreem Kami bersama pa @prabowo tapi tidak dengan kalian wahai demokarat silahkan mundur kalau kalian memang mendukung kecurangan pale kalian sudah bau menyan!!!!","1124811496033116160","","aiek_esthreem","in","","0","0","2","https://x.com/undefined/status/1124811496033116160","1926380976",
"1124580975646666753","Sat May 04 23:02:11 +0000 2019","0","@tatagwibowo1 @narkosun @prabowo Sahabat semua skrg ini walau hdp pas2 an Alhamdulillah anak minta apa saja mau makan apa saja bisa penuhi bisa beli kuota coba susahnya dimana?","1124811487409655808","","mina_asih","in","","0","1","0","https://x.com/undefined/status/1124811487409655808","210170692",
"1124806709535334400","Sat May 04 23:02:07 +0000 2019","0","Sebenernya kan enak setelah pemilu kalo saling sowan silahturahmi dan berdamai satu sama lain itu baru namanya memberikan contoh baik ke rakyat.","1124811469663588352","","Sandi_alfarizie","in","","0","0","0","https://x.com/undefined/status/1124811469663588352","49246071",
"1124811460838694912","Sat May 04 23:02:04 +0000 2019","0","06:00 05/05/2019 WIB Jokowi : 56.11% [57.086.154] Prabowo : 43.89% [44.644.566] TPS : 66 354% [539.692] Catatan: hasil akhir dari rapat berjenjang bukan hasil Real Count KPU. #menjelangH17","1124811460838694912","","","in","","0","0","0","https://x.com/undefined/status/1124811460838694912","1101970266756767744",
"1124811427041005568","Sat May 04 23:01:56 +0000 2019","0","Dana Kampanye Jokowi Harus Diaudit Karena Diduga Pakai Uang Rakyat https://t.co/Za2keeI6Ee","1124811427041005568","","","in","","0","0","0","https://x.com/undefined/status/1124811427041005568","849187851065479168",
"1124811426055327744","Sat May 04 23:01:56 +0000 2019","0","Kabupaten Lamongan Deklarasikan kemenangan Prabowo Sandi ... https://t.co/fvGIbyK9sU","1124811426055327744","","","in","","0","0","0","https://x.com/undefined/status/1124811426055327744","998382686",
"1124463433053687808","Sat May 04 23:01:51 +0000 2019","7","@AndiArief__ Koq mirip kayak omongan sempak merah yak? Dia berorasi sambil teriakin: jokowi adalah solusi.","1124811406057062402","","Andiarief__","in","","0","2","1","https://x.com/undefined/status/1124811406057062402","1014880335308492801",
"1123913746227912704","Sat May 04 23:01:50 +0000 2019","0","@AyahUdin6 @astina_76 @HeriSusilo354 @jokowi Indonesia itu luas bro.gak hanya 1 atau 2 propensi bukan pula sulapan langsung realisasi.4.5 thn itu sebentar .hargai beliau yg sdh bekerja keras dan berusaha .benci boleh tapi mikir dulu dong","1124811402382725120","","AyahUdin6","in","","0","0","0","https://x.com/undefined/status/1124811402382725120","1121693839528316929",
"1124665862890196992","Sat May 04 23:01:44 +0000 2019","0","@TsamaraDKI Dulu saya percaya kalo jokowi terbaik. Ternyata setelah berjalannya waktu baru saya sadar kehidupan sosial budaya dan terutama SARA rusak di era kepemimpinan jokowi. Tolong saja anda jelaskan prestasi yang ditorehkan jokowi???","1124811373530062848","","TsamaraDKI","in","","0","0","0","https://x.com/undefined/status/1124811373530062848","1120221987228438532",
"1124745851002208256","Sat May 04 23:01:42 +0000 2019","7","@joked2019 Innalillahi wainnaillahi rojiun Semoga Arwah nya diterima disisi Allah. Pak @MardaniAliSera @hnurwahid @msi_sohibuliman Ayo @PKSejahtera usut tuntas kejahatan ini. PEMILU membawa duka Bagi Banyak Rakyat Indonesia.","1124811367821631489","","","in","","0","0","0","https://x.com/undefined/status/1124811367821631489","1524585356",
"1124809626774581248","Sat May 04 23:01:41 +0000 2019","1","@CintaNKRI12 @prabowo @sandiuno Aamiin Yaa Allah","1124811361303683072","","CintaNKRI12","in","","0","0","0","https://x.com/undefined/status/1124811361303683072","1098916225806004224",
"1124811356132130816","Sat May 04 23:01:39 +0000 2019","0","Orang2 yg ada di ijtima emangnya siapa dia. Sampaikan dan salurkan melalui lembaga yang ada dan berwennag menangani pemilu.","1124811356132130816","","","in","","0","0","0","https://x.com/undefined/status/1124811356132130816","1070208365651873792",
"1124708216804335616","Sat May 04 23:01:34 +0000 2019","0","@Garudarvolution @prabowo &amp; @sandiuno ndan press n wapres terbaru siapa tau situ dijadikan menpora ","1124811333247979520","","Garudarvolution","in","","0","0","0","https://x.com/undefined/status/1124811333247979520","108872924",
"1124715870301777920","Sat May 04 23:01:31 +0000 2019","0","@_doncorleone78_ @PriyoBudiS @prabowo @sandiuno Alhamdulillah","1124811322204409856","","_doncorleone78_","in","","0","0","0","https://x.com/undefined/status/1124811322204409856","54549619",
"1124724367726759936","Sat May 04 23:01:27 +0000 2019","0","@VelianiVelinars @kimochiii_ @yongkyharmawan @prabowo @sandiuno Semua tergantung mental.......","1124811302923227136","","bu_veli","in","","0","0","0","https://x.com/undefined/status/1124811302923227136","2885402496",
"1124492501493141504","Sat May 04 23:01:24 +0000 2019","0","@detikcom Yang meninggalnya banyak bangat mungkin ini adelah sejara siapa ya yang buat aturannya pemilu.... Cuma ingin tahu","1124811291091070977","","detikcom","in","","0","0","0","https://x.com/undefined/status/1124811291091070977","1104757764566315008",
