"conversation_id_str","created_at","favorite_count","full_text","id_str","image_url","in_reply_to_screen_name","lang","location","quote_count","reply_count","retweet_count","tweet_url","user_id_str","username"
"1086050526423265281","Thu Jan 17 23:59:57 +0000 2019","0","Mudah mudahan melihat kualitas debat yang diselenggaran @KPU_ID kampus-kampus tergerak hatinya untuk menggelar debat capres. Setidaknya bedah capres jika ada kandidat yang tidak bersedia. #PemiluBerkualitas. #2019PrabowoPresidenRI #DebatPertamaPilpres2019 #2019GantiPresiden #P","1086050526423265281","","","in","","0","0","0","https://x.com/undefined/status/1086050526423265281","1073174532117024768",
"1086050499952922624","Thu Jan 17 23:59:51 +0000 2019","0","@akipagi_tvone Debat perdana Pilpres td malam siapa yg memikat hati Pemilih. Ternyata Pak Jokowi Maruf. Selama ini Prabowo dan Sandinya omong doang. Terbukti dalam debat Perdana keok.","1086050499952922624","","akipagi_tvone","in","","0","0","0","https://x.com/undefined/status/1086050499952922624","1075057002324287489",
"1086050482299097088","Thu Jan 17 23:59:47 +0000 2019","0","Prestasi Besar Jokowi Kemiskinan Turun https://t.co/L3LrVIjNpR","1086050482299097088","","","in","","0","0","0","https://x.com/undefined/status/1086050482299097088","1083524399179784193",
"1086050482156535808","Thu Jan 17 23:59:47 +0000 2019","0","Pak Jokowi membangun sistem pelayanan yang sederhana cepat dan transparan #01UnggulDebat #JokowiKerjanyaNyata #LenganBajuSingsingkan #mue4","1086050482156535808","","","in","","0","0","0","https://x.com/undefined/status/1086050482156535808","2813162719",
"1086050452725100544","Thu Jan 17 23:59:40 +0000 2019","0","Visi misi Paslon 02 Prabowo : kalau saya berkuasa saya akan tingkatkan gaji birokrat cara mendapatkan uang saya akan naikkan rasio (pajak) dari 10 % menjadi minimal 16%. Prabowo berkuasa modyaaaar koen mbayar pajak cuk !!! https://t.co/qBukzM7Gev","1086050452725100544","https://pbs.twimg.com/ext_tw_video_thumb/1086050363801628672/pu/img/4ej3D-vPqe-pvFeL.jpg","","in","","0","0","0","https://x.com/undefined/status/1086050452725100544","700713378801545217",
"1086050451357818881","Thu Jan 17 23:59:40 +0000 2019","0","Tetep bakal ada hestek 'Prabowo jumatan dmn' ga nih?","1086050451357818881","","","in","","0","0","0","https://x.com/undefined/status/1086050451357818881","362753566",
"1086050433943035905","Thu Jan 17 23:59:35 +0000 2019","0","Jokowi Akui Belum Selesaikan Kasus-Kasus HAM Berat https://t.co/Q3bryiSacH https://t.co/G3fDJcA1Wl","1086050433943035905","https://pbs.twimg.com/media/DxJtHS2VAAEjgf0.jpg","","in","","0","0","0","https://x.com/undefined/status/1086050433943035905","287629951",
"1086050421486030853","Thu Jan 17 23:59:32 +0000 2019","0","Momen Jokowi Tekuk Prabowo Soal Kasus Hoax Ratna Sarumpaet di Debat Perdana Pilpres 2019: https://t.co/YHldzAews2 melalui @YouTube","1086050421486030853","","","in","","0","0","0","https://x.com/undefined/status/1086050421486030853","994172331986579457",
"1086050419694915584","Thu Jan 17 23:59:32 +0000 2019","0","Penampilan Jokowi Santai dan Meyakinkan Jawabannya Mematikan https://t.co/dJSBGEjOo3","1086050419694915584","","","in","","0","0","0","https://x.com/undefined/status/1086050419694915584","150163352",
"1085927849565941760","Thu Jan 17 23:59:30 +0000 2019","0","@riantinada Malu...... sbg warga negara saya sangat malu dgn ulah capres dan cawapres bawa contekan.","1086050411558068224","","riantinada","in","","0","0","0","https://x.com/undefined/status/1086050411558068224","1685174450",
"1086050404557819904","Thu Jan 17 23:59:28 +0000 2019","0","I added a video to a @YouTube playlist https://t.co/GpO99QRUEz Debat Pertama Capres &amp; Cawapres Pemilu 2019","1086050404557819904","","","en","","0","0","0","https://x.com/undefined/status/1086050404557819904","117339759",
"1086046234488520704","Thu Jan 17 23:59:26 +0000 2019","0","@Ndon08Back Menjebak bot...mereka tau nya tulisan jokowi ma'ruf.... #PrabowoSandiMenangDebat","1086050393740570624","","Ndon08Back","in","","0","0","0","https://x.com/undefined/status/1086050393740570624","955707591744606209",
"1085928205620412417","Thu Jan 17 23:59:24 +0000 2019","0","@KHMarufAmin_ @SayyidAnwar3 @jokowi @PDI_Perjuangan @DPP_PKB @DPP_PPP @kangdede78 @addiems @MRomahurmuziy @Deddy_Mizwar_ @NasDem @psi_id @chicohakim Pak kiyai semoga tetep sehat","1086050386715111425","","KHMarufAmin_","in","","0","0","0","https://x.com/undefined/status/1086050386715111425","1018339251950256128",
"1086050376107900928","Thu Jan 17 23:59:22 +0000 2019","0","I liked a @YouTube video https://t.co/GpO99QRUEz Debat Pertama Capres &amp; Cawapres Pemilu 2019","1086050376107900928","","","en","","0","0","0","https://x.com/undefined/status/1086050376107900928","117339759",
"1086050375365320705","Thu Jan 17 23:59:21 +0000 2019","0","ANJAYY NIAT MO NONTON DEBAT CAPRES MALAH KETIDURAN","1086050375365320705","","","in","","0","0","0","https://x.com/undefined/status/1086050375365320705","926774052827496449",
"1086050373691879424","Thu Jan 17 23:59:21 +0000 2019","0","Dan pak prabowo harus joget untuk menutupi ntah rasa malu/marah pada saat itu. Makanya klo debat pake teks pak @prabowo biar gak slh omong soal lebar wilayah jateng dengan malaysia. Jadi ketawaan kan sekarang...!!!","1086050373691879424","","","in","","0","0","0","https://x.com/undefined/status/1086050373691879424","215757154",
"1086050364292456448","Thu Jan 17 23:59:19 +0000 2019","0","Januari 2019 @jokowi nanyain @prabowo soal pencalegan mantan koruptor Partai @Gerindra Mei 2018 https://t.co/ICK4QW4bet","1086050364292456448","","","in","","0","0","0","https://x.com/undefined/status/1086050364292456448","98333673",
"1086050348979052545","Thu Jan 17 23:59:15 +0000 2019","0","AH: During his reign @Jokowi Indonesia recorded a wide range of alleged human rights violations including executions of death intolerance and discrimination of minorities agrarian conflict and Papua. Interestingly absent in Papua #DebatPilpres2019 #FreeWestPapua #WestPapua","1086050348979052545","","","en","","0","0","0","https://x.com/undefined/status/1086050348979052545","1021147230445580288",
"1086044766330998785","Thu Jan 17 23:59:13 +0000 2019","0","@Herrreza Kayaknya Prabowo jumatan di Jawa tengah tempatnya aku gak tau soalnya Jawa tengah itu luas banget melebihi Malaysia.","1086050339000770560","","Herrreza","in","","0","0","0","https://x.com/undefined/status/1086050339000770560","1085047244095553536",
"1086050336404426753","Thu Jan 17 23:59:12 +0000 2019","0","Siapa yang memperbolehkan mantan napi koruptor punya hak jadi CALEG? Pertannyaan Jokowi seperti ini sebetulnya untuk Jokowi sendiri bukan untuk Pak Prabowo Pertanyaan yang menampol dan mempermalukan diri sendiri hihihi..... https://t.co/A5B7ZgspRs","1086050336404426753","","","in","","0","0","0","https://x.com/undefined/status/1086050336404426753","983189681922752512",
"1086050335997579264","Thu Jan 17 23:59:12 +0000 2019","0","Hasil polling terakhir yg di buat si faisal assegaf saat ini tetap prabowo - sandi yg unggul. Mantaaaapppp #2019pulangkanjokowikesolo https://t.co/dA9A6r8ilu","1086050335997579264","https://pbs.twimg.com/media/DxJtA3BV4AAfLuN.jpg","","in","","0","0","0","https://x.com/undefined/status/1086050335997579264","805985704069079040",
"1086050334668013568","Thu Jan 17 23:59:12 +0000 2019","0","Pak @jokowi suka ngawur suka lupa. masa iya kita mau di pimpin orang pelupa.","1086050334668013568","","","in","","0","0","0","https://x.com/undefined/status/1086050334668013568","536998393",
"1086040971748331521","Thu Jan 17 23:59:10 +0000 2019","0","@SolikinAbah @ustadtengkuzul Tidak nyindir prabowo ah lu yg di liatin cuma sinetron pantes nggak tau fakta","1086050326308741120","","","in","","0","0","0","https://x.com/undefined/status/1086050326308741120","838677351802118145",
"1086050320180867077","Thu Jan 17 23:59:08 +0000 2019","0","Setelah debat pertama pilpres 2019.... Pasangan capres dan cawapres mana yg anda pilih #DebatPilpres2019 #DebatKemenanganJokowi https://t.co/2pYWTELbpq","1086050320180867077","https://pbs.twimg.com/media/DxJs_GfVsAA-1Kh.jpg","","in","","0","0","0","https://x.com/undefined/status/1086050320180867077","1084822693604511744",
"1086034219258634241","Thu Jan 17 23:59:07 +0000 2019","0","@nurasiauno @prabowo @sandiuno Saya suka rendaman jeruknya. #PrabowoSandiMenangDebat #PrabowoIndonesiaMenang #17AprilcoblosPrabowoSandi #17April2019PrabowoPresiden","1086050315449688064","","pakarkampanye","in","","0","0","0","https://x.com/undefined/status/1086050315449688064","793992176",
"1086050314912845824","Thu Jan 17 23:59:07 +0000 2019","0","hanya Serba singkat dalam mewujudkan ke adilan prabowo sandi terlalu meremehkan dalam persoalan mewujudkan keadilan. #Prabohong #SandiwaraUno","1086050314912845824","","","in","","0","0","0","https://x.com/undefined/status/1086050314912845824","1078237665164550144",
"1086050296797655040","Thu Jan 17 23:59:03 +0000 2019","0","Semua isi timeline tmn2ku bahas ttg debat capres-cawapres. Apa dayaku ngg bsa seasik kalian krn jam 9 malem aku udah tepar gara2 efek obat flu:((","1086050296797655040","","","in","","0","0","0","https://x.com/undefined/status/1086050296797655040","122912811",
"1086050294683693056","Thu Jan 17 23:59:02 +0000 2019","0","Debat Capres: Prabowo Menangkis Serangan Tajam Jokowi #debatcapres https://t.co/78bmIydRth","1086050294683693056","","","in","","0","0","0","https://x.com/undefined/status/1086050294683693056","79130206",
"1086050289533169665","Thu Jan 17 23:59:01 +0000 2019","0","Pak Jokowi saya selalu mengajak semua pihak untuk membangun ekosistem agar kita bisa melangkah lebih cepat. #01UnggulDebat #JokowiKerjanyaNyata #LenganBajuSingsingkan #mue9","1086050289533169665","","","in","","0","0","0","https://x.com/undefined/status/1086050289533169665","2813162719",
"1086050273129226240","Thu Jan 17 23:58:57 +0000 2019","0","Rilexnya di pijitin sandi yh.. sampe joget ga jelas RT @insomniaczs: @maspiyuuu Jokowi amin keliatan bgt tegang nya. Baperan juga si Joker hahaha. Beda Prabowo Sandi yg rileks. Emang mantul dah","1086050273129226240","","","in","","0","0","0","https://x.com/undefined/status/1086050273129226240","1573889629",
"1086050266221207552","Thu Jan 17 23:58:55 +0000 2019","0","Eker-ekeran untuk jumlah caleg ex napi korupsi. Kalau dihitung: ada 19 di kubu Jokowi dan ada 21 di kubu Prabowo. Pun begitu yang satu merasa sok bersih aja. #RecehkanPilpres #DebatPilpres2019 #DebatPertamaPilpres2019 https://t.co/OdX8pPpcNn","1086050266221207552","https://pbs.twimg.com/media/DxJs713VYAAs6KF.jpg","","in","","0","0","0","https://x.com/undefined/status/1086050266221207552","542263382",
"1086050264707063808","Thu Jan 17 23:58:55 +0000 2019","0","Jokowi-sandi jano gayeng","1086050264707063808","","","in","","0","0","0","https://x.com/undefined/status/1086050264707063808","1007150800123002880",
"1086050256075218946","Thu Jan 17 23:58:53 +0000 2019","0","Melihat beberapa cuplikan Bpk. Prabowo semalam di debat capres cawapres Ini lord Sandi udah ngajarin apa aja ya ke beliau? @lqmnl @ardhanfadh","1086050256075218946","","","in","","0","0","0","https://x.com/undefined/status/1086050256075218946","42624940",
"1085946458505830400","Thu Jan 17 23:58:51 +0000 2019","0","@prabowo @sandiuno Saya doakan Semoga menang debat kedua pak to nanti jagan joget lagi ya pak malu pak di lihat seluruh rakyat Indonesia","1086050248131104768","","prabowo","in","","0","0","0","https://x.com/undefined/status/1086050248131104768","1037756737418219520",
"1085929262174003200","Thu Jan 17 23:58:51 +0000 2019","0","@RizmaWidiono @jokowi Kata-kata Pamungkas","1086050246885498880","","RizmaWidiono","tl","","0","0","0","https://x.com/undefined/status/1086050246885498880","705288685067964416",
"1086050224441720832","Thu Jan 17 23:58:46 +0000 2019","0","Prabowo Sebut Jawa Tengah Lebih Luas dari Malaysia Ini Faktanya https://t.co/tk3yrcy7vu https://t.co/XnplSAuVT2","1086050224441720832","https://pbs.twimg.com/media/DxJs7IQUUAA1crf.jpg","","in","","0","0","0","https://x.com/undefined/status/1086050224441720832","57261519",
"1086050203742826496","Thu Jan 17 23:58:41 +0000 2019","0","Pilot Dukung Jokowi! https://t.co/adJP5tuEe8","1086050203742826496","","","in","","0","0","0","https://x.com/undefined/status/1086050203742826496","1083524399179784193",
"1086050195698180096","Thu Jan 17 23:58:39 +0000 2019","0","Banyak pembahasan di dunia Maya mengenai debat semalam. Yang jadi pertanyaan kalian yang 'mendadak mengerti politik' ini nasibnya seperti apa kedepannya. Waktu kita terbuang percuma hanya untuk membahas debat para capres kita. Move on siapapun yang terpilih sudah pasti jd RI 1.","1086050195698180096","","","in","","0","0","0","https://x.com/undefined/status/1086050195698180096","1081510007823249408",
"1086050184193224704","Thu Jan 17 23:58:36 +0000 2019","0","Iya udah jokowi menang debat cape ngeladenin nya lah wong nyampein visi misi aja nyontek ","1086050184193224704","","","in","","0","0","0","https://x.com/undefined/status/1086050184193224704","2459065278",
"1086050178375725057","Thu Jan 17 23:58:35 +0000 2019","0","Prabowo yang Masih Gitu-Gitu Aja Lawan Jokowi yang Berpengalaman https://t.co/EdkZccwaIa","1086050178375725057","","","in","","0","0","0","https://x.com/undefined/status/1086050178375725057","150163352",
"1085965069559652352","Thu Jan 17 23:58:32 +0000 2019","0","@PEPESOfficial @prabowo @sandiuno @nurasiauno @rsoekarnoputri @Fahrihamzah @fadlizon @Dahnilanzar @PriyoBudiS Luar biasa... insyaAllah PEPES selalu Solid! #RakyatSudahMuak #2019GantiPresiden #2019PrabowoPresidenRI","1086050169882198016","","PEPESOfficial","in","","0","0","0","https://x.com/undefined/status/1086050169882198016","71317608",
"1086050169844580353","Thu Jan 17 23:58:32 +0000 2019","0","Terobosan Kreatif Kapolres Winardi Prabowo Minsel Miliki Warkopmas https://t.co/2IQuFRH7ni","1086050169844580353","","","in","","0","0","0","https://x.com/undefined/status/1086050169844580353","725151091793469440",
"1086050168179490823","Thu Jan 17 23:58:32 +0000 2019","0","Saya suka video @YouTube https://t.co/UWqklxEzcL Prabowo: Ada Rakyat Makan Dua Hari Sekali! Gubernur Jawa Tengah Langsung Bilang","1086050168179490823","","","in","","0","0","0","https://x.com/undefined/status/1086050168179490823","576287136",
"1085928929884483584","Thu Jan 17 23:58:30 +0000 2019","0","@haikal_hassan Setuju rakyat usah muak ama capres abadi itu dari raon ke taon cm retorika basi itu itu aja Kaga ada capres laen yg lebih bagus apa? Yg satu udah terbukti bekerja yang satu sibuk bicara aja","1086050160252080128","","","in","","0","0","0","https://x.com/undefined/status/1086050160252080128","67223292",
"1086050141356912641","Thu Jan 17 23:58:26 +0000 2019","0","(Okezone | Melihat Kembali Visi-Misi Jokowi dan Prabowo di Debat Perdana Pilpres 2019 : ...) https://t.co/pGW2Yn6P2q #pemilu #pemilu2019","1086050141356912641","","","in","","0","0","0","https://x.com/undefined/status/1086050141356912641","968428811107819521",
"1086050129520451585","Thu Jan 17 23:58:23 +0000 2019","0","Berbagai keberhasilan pemerintah Jokowi-JK yang dicapai dalam empat tahun terakhir masih menyisakan berbagai tantangan dan pekerjaan rumah yang tersisa baik di sektor migas minerba listrik dan energi terbarukan. #Komunikasi #Energi #Pertambangan https://t.co/J6hSmDYiCb","1086050129520451585","","","in","","0","0","0","https://x.com/undefined/status/1086050129520451585","238523166",
"1085797978235842562","Thu Jan 17 23:58:20 +0000 2019","0","@eae18 @prabowo @sandiuno @jokowi Lebih keren mana dik sok2an inglis ala #AnakSelatan. Atau beneran presentasi bahasa Inggris di Forum APEC G20 dan bilateral meeting dgn Trump? Orang yg kamu hina habis2an itu cukup 1x nyapres langsung jadi PRESIDEN. Ndak perlu 3x dan gagal teyus.","1086050116627099648","","effendi____","in","","0","0","0","https://x.com/undefined/status/1086050116627099648","999406369429110784",
"1086050114420895744","Thu Jan 17 23:58:19 +0000 2019","0","Ini dia Hasil Tele Polling Capres-Cawapres Pascadebat https://t.co/fWS6ZWQt0T","1086050114420895744","","","in","","0","0","0","https://x.com/undefined/status/1086050114420895744","150163352",
"1086050108834144256","Thu Jan 17 23:58:18 +0000 2019","0","Jokowi memberikan apresiasi bagi pemerintahan daerah yang telah berupaya membangun cara kerja yang cepat dan efisien dalam rangka menerapkan pengawasan pencegahan terhadap tindakan korupsi. #01UnggulDebat #JokowiKerjanyaNyata #LenganBajuSingsingkan #mue8","1086050108834144256","","","in","","0","0","0","https://x.com/undefined/status/1086050108834144256","2813162719",
"1086048366973218816","Thu Jan 17 23:58:17 +0000 2019","0","@bengky_aja Anak Bangsa Indonesia yang Optimis pasti pilih pak de Jokowi lagi... #salam_Jempol_Ceria https://t.co/SaZWnUyina","1086050106464321536","https://pbs.twimg.com/media/DxJsyrtUUAApPUS.jpg","bengky_aja","in","","0","0","0","https://x.com/undefined/status/1086050106464321536","1047514193442684930",
"1086050098692337665","Thu Jan 17 23:58:16 +0000 2019","0","Ga aneh sih emang pak prabowo pimpinan saya debest dahh haha #PrabowoSandiMenangDebat","1086050098692337665","","","in","","0","0","0","https://x.com/undefined/status/1086050098692337665","1065407491427622912",
"1086045699135787008","Thu Jan 17 23:58:12 +0000 2019","0","@RajaPurwa @tempodotco @VIVAcoid @Fahrihamzah @fadlizon @Dahnilanzar @PriyoBudiS Saya jg heran padhl wktu jam 00.30 wib sblm saya tdr itu polling menang prabowo scara signifikan tp kok barusan saya lihat kok prabowo sdh tertinggal. Waddduuhhh apa bneran pke bot ya bro???","1086050084993650688","","RajaPurwa","in","","0","0","0","https://x.com/undefined/status/1086050084993650688","1072876876463362048",
"1086050060524085248","Thu Jan 17 23:58:06 +0000 2019","0","DEBAT CAPRES 2019: Hasto Kristiyanto Ragukan Komitmen Prabowo untuk Menindak Korupsi https://t.co/HZ1jrlW9AK https://t.co/0BQbiDrkAC","1086050060524085248","https://pbs.twimg.com/media/DxJsxjYV4AAktgJ.jpg","","in","","0","0","0","https://x.com/undefined/status/1086050060524085248","1461343141",
"1086050053578317824","Thu Jan 17 23:58:05 +0000 2019","0","@fadlizon @Fahrihamzah @prabowo @sandiuno @Gerindra bntu #Prabohong https://t.co/UcMlfUtnEW","1086050053578317824","https://pbs.twimg.com/media/DxJswYeVYAAdVb2.jpg","fadlizon","in","","0","0","0","https://x.com/undefined/status/1086050053578317824","888405723557773313",
"1086050045210705921","Thu Jan 17 23:58:03 +0000 2019","0","@prabowo @KPK_RI @sahabatICW @PEGAAS @emerson_yuntho Artinya fakta bhw Koruptor itu bukan kurang Gaji bukan orang miskin jadi Gaji dinaikkan sama sekali bukan Solusi mereka mentalnya Rakus itu yg harus di reparasi mentalnya om.","1086050045210705921","","prabowo","in","","0","0","0","https://x.com/undefined/status/1086050045210705921","280002986",
"1086050041670877184","Thu Jan 17 23:58:02 +0000 2019","0","Yang benci orang yang suka berjanji tapi tak ditepati? Aku tahu capres cawapres pilihanmu. ","1086050041670877184","","","in","","0","0","0","https://x.com/undefined/status/1086050041670877184","196915012",
"1085928929884483584","Thu Jan 17 23:58:01 +0000 2019","0","@haikal_hassan liat debat malah saya nggk tega liat kyai maruf.. takutnya knp . jelas anjlok bgt semoga lancar utk debat ketiga dan sterusnya buat pak prabowo dan bang sandi.. ","1086050038369796096","","","in","","0","0","0","https://x.com/undefined/status/1086050038369796096","1083952626826244097",
"1085948527040024577","Thu Jan 17 23:57:58 +0000 2019","0","@prabowo @sandiuno Anda berdua mantabbbb insya Allah paslon 02 menang .. (Sy mantan prndukung jokowi yg sudah tobat)","1086050026642522112","","prabowo","in","","0","0","0","https://x.com/undefined/status/1086050026642522112","913305411943489537",
"1086050025455607809","Thu Jan 17 23:57:58 +0000 2019","0","Jokowi bisa Savage juga https://t.co/5xvAOUCKzU","1086050025455607809","","","in","","0","0","0","https://x.com/undefined/status/1086050025455607809","612488867",
"1086034219258634241","Thu Jan 17 23:57:57 +0000 2019","0","@nurasiauno @prabowo @sandiuno Jawabannya banyak yang kurang tepat. Misalnya 1. Penyampaian &amp; jawabannya banyak yang hanya pemanis serta retorika. 2. Jawa Tengah lebih luas dari Malaysia. 3. Pemnerantasan Korupsi 4. Penegakan Hukum 5. Banyak jawaban yang gak nyambung.","1086050019164119041","","pakarkampanye","in","","0","0","0","https://x.com/undefined/status/1086050019164119041","880772352816041985",
"1085917689665601536","Thu Jan 17 23:57:56 +0000 2019","0","@cholilnafis Narasi pak jokowi tdk negarawan.. Pertanyaan malah ngomongin komitmen partai pdhl secara hukum diperbolehkan.. Menandakan kurang wawasan...","1086050016131600384","","cholilnafis","in","","0","0","0","https://x.com/undefined/status/1086050016131600384","4472452752",
"1086031732510347264","Thu Jan 17 23:57:56 +0000 2019","0","@agung2412 @prabowo @jokowi Itu maksud sya pak kan sdh tw aturannya membolehkan dan pak jkw smlm menanyakan hal tsb ke pak PS seolah2 itu dilarang.","1086050015108165632","","tweet_bebas07","in","","0","0","0","https://x.com/undefined/status/1086050015108165632","211106650",
"1085912147639451649","Thu Jan 17 23:57:53 +0000 2019","0","@MemeTanpaHurufK @MasTBP_ @prabowo Prabowo menang negara di bikin JOGET RAKYAT MELET MELET ","1086050005545177089","","MemeTanpaHurufK","in","","0","0","0","https://x.com/undefined/status/1086050005545177089","915790934599536640",
"1086049995545968640","Thu Jan 17 23:57:51 +0000 2019","0","jokowi unggul #01UnggulDebat #JokowiKerjanyaNyata #LenganBajuSingsingkan #krp2 https://t.co/tHJDRXxndv","1086049995545968640","https://pbs.twimg.com/media/DxJss1WVAAA5qty.jpg","","in","","0","0","0","https://x.com/undefined/status/1086049995545968640","1028873709023416320",
"1086049992823865344","Thu Jan 17 23:57:50 +0000 2019","0","Suka jawaban kiai Ma'ruf ttg teroris. Suka jawaban pak Jokowi ttg impor. Suka jawaban pak Prabowo ttg perempuan. Sandiaga Uno? Caranya diam menjawab berperilaku; tampaknya cukup menjelaskan kenapa nama tengahnya Shalahuddin. #jumatbarakah #DebatPilpres2019","1086049992823865344","","","in","","0","0","0","https://x.com/undefined/status/1086049992823865344","812016145",
"1086049990701547520","Thu Jan 17 23:57:50 +0000 2019","0","Jangan kau biar kan rakyat semakin susah mari kita berdoa bersama lebih baik ganti Persiden kita harus ada PERUBAHAN..... Merdeka........ Prabowo Sandi ada dihati orang MINANG ........Salam Berkarya Berkarya Menang Rakyat Menang https://t.co/r9oY4C1CRv","1086049990701547520","https://pbs.twimg.com/media/DxJstCQV4AAwpLe.jpg","","in","","0","0","0","https://x.com/undefined/status/1086049990701547520","1078563634358304769",
"1085937241581441024","Thu Jan 17 23:57:49 +0000 2019","0","@park_mochim95 Pasti gitu sih. Berteman dengan orang yang dirasa cocok aja kadang masih ada hal yang gak sreg. Ini capres. Wkkkkk. Aku masih bingung ini makanya kalau udah kepo² trus salat istikharah aja sebelum pemilu. ","1086049985546743808","","Kia_09A","in","","0","0","0","https://x.com/undefined/status/1086049985546743808","78038324",
"1086049965057531904","Thu Jan 17 23:57:44 +0000 2019","0","Makin yakin dengan pilihan ku pak jokowi selalu di hati..","1086049965057531904","","","in","","0","0","0","https://x.com/undefined/status/1086049965057531904","832498475321352192",
"1086049940571189248","Thu Jan 17 23:57:38 +0000 2019","0","Pak Jokowi itu...amat sangat anti ASING Terutama soal freeport Klu yg lain ENTAH LAH","1086049940571189248","","","in","","0","0","0","https://x.com/undefined/status/1086049940571189248","716136875178663936",
"1086049930861367296","Thu Jan 17 23:57:36 +0000 2019","0","hasil dari debat capres perdana tadi malam walaupun aku gak lihat sih. Pendukung 01 ya tetap milih 01 Pendukung 02 ya tetap milih 02 hmmm","1086049930861367296","","","in","","0","0","0","https://x.com/undefined/status/1086049930861367296","351407091",
"1085946458505830400","Thu Jan 17 23:57:35 +0000 2019","0","@prabowo @sandiuno Sehat dan semangat selalu pak kami ada untuk bapak @prabowo #PrabowoIndonesiaMenang","1086049930785873920","","prabowo","in","","0","0","0","https://x.com/undefined/status/1086049930785873920","114390695",
"1085479604033224704","Thu Jan 17 23:57:35 +0000 2019","0","@mhmdrofif @Herrreza @prabowo Ayo Kita Hadang CINAISASI INDONESIA. https://t.co/fWMuKluCCu","1086049927069872128","https://pbs.twimg.com/media/DxJsn4bXcAEg6tZ.jpg","rofifamr","in","","0","0","0","https://x.com/undefined/status/1086049927069872128","1081076650744242176",
"1086029809593901057","Thu Jan 17 23:57:31 +0000 2019","0","@IsekaiHero @raraprc @turkknight48 @dbhr2018 @dr_koko28 @jokowi @prabowo @Gerindra @f4n9sj0k3r @aduankonten @CCICPolri Langsung digembok akunnya nanti siang dikit biasanya ilang tuh akun ","1086049912993636359","","","in","","0","0","0","https://x.com/undefined/status/1086049912993636359","239282156",
"1086049894547124230","Thu Jan 17 23:57:27 +0000 2019","0","Salah satu modal penting menjadi seorang pemimpin adalah KEJUJURAN dan KETULUSAN dalam memimpin negara ini. Tetaplah semangat pak @jokowi ! #01UnggulDebat #JokowiKerjanyaNyata #LenganBajuSingsingkan #DajajangQuotes @Arekkampung5 @ridlwandjogja @susipudjiastuti @Cak_X01 https://t.co/Ktxtwrkw87","1086049894547124230","https://pbs.twimg.com/media/DxJsndyV4AAurIY.jpg","","in","","0","0","0","https://x.com/undefined/status/1086049894547124230","1055325491844902913",
"1085960384857628672","Thu Jan 17 23:57:26 +0000 2019","0","@KPU_ID @maspiyuuu Tidak menarik karena Jokowi cuma pake Text bukan Otak","1086049892827447297","","KPU_ID","in","","0","0","0","https://x.com/undefined/status/1086049892827447297","966258779380596736",
"1085946458505830400","Thu Jan 17 23:57:26 +0000 2019","0","@prabowo @sandiuno bismillah ya pak #prabowoindonesiamenang","1086049890348593152","","prabowo","in","","0","0","0","https://x.com/undefined/status/1086049890348593152","1217782933",
"1086049886397640704","Thu Jan 17 23:57:25 +0000 2019","0","Selamat Bro n Sis di mana pun berada.. Yuk singsingkan lengan baju KERJA KERJA KERJA bersama JOKOWI SUKSES @Chacha_Sbg @fardelynhacky1 @Putra_PRP @lem_parol @Heruprima_ @kitkitkatkit @PowerEmak @santrikiai @Milla_Hanydia #01UnggulDebat #JokowiKerjanyaNyata #LenganBajuSingsingkan https://t.co/7HIXrgjTyF","1086049886397640704","https://pbs.twimg.com/media/DxJsm_NVAAAzKP2.jpg","","in","","0","0","0","https://x.com/undefined/status/1086049886397640704","918704054523510784",
"1086049883159711746","Thu Jan 17 23:57:24 +0000 2019","0","Berita terbaru (Gerindra Sesalkan Debat Capres Serang Partai) telah ada di https://t.co/wFvQVXk8dR - https://t.co/aXURGj0AZe https://t.co/13apOEPbgC","1086049883159711746","https://pbs.twimg.com/media/DxJsnMwU0AAACPr.jpg","","in","","0","0","0","https://x.com/undefined/status/1086049883159711746","1046920717307076608",
"1086049865962991616","Thu Jan 17 23:57:20 +0000 2019","0","Di ajak ngaji ( sembunyi ) Di ajak debat ( nari ) #CAPRES OO N","1086049865962991616","","","in","","0","0","0","https://x.com/undefined/status/1086049865962991616","1760760860",
"1086049849928105984","Thu Jan 17 23:57:16 +0000 2019","0","Kecewa dengan kualitas Debat Capres-Cawapres pemuda ini memilih untuk balas dendam dengan cara tidur selama 1000 tahun. Mana tau pas bangun kualitasnya udah berubah.... Mana tau ya kan... https://t.co/x3dTubLXk3","1086049849928105984","https://pbs.twimg.com/media/DxJskY3UwAAEzzm.jpg","","in","","0","0","0","https://x.com/undefined/status/1086049849928105984","115965557",
"1086049845608013824","Thu Jan 17 23:57:15 +0000 2019","0","Debat capres menimbulkan keresahan di masyarakat dan membangun rasa ingin menjatuhkan pendukung dari masing masing paslon :))","1086049845608013824","","","in","","0","0","0","https://x.com/undefined/status/1086049845608013824","612703680",
"1086049844261605376","Thu Jan 17 23:57:15 +0000 2019","0","Menyebut nama dg seenaknya jokowow jokowi wowo dan apalah itu namanya...beliau2 itu juga anak2 bangsa indonesia..yg harus dihormati....punya andil untuk bangsa juga...engkau blm tentu bisa mengemban tugas negara... https://t.co/5kjw2NSDnL","1086049844261605376","","","in","","0","0","0","https://x.com/undefined/status/1086049844261605376","2695473734",
"1086012624851001344","Thu Jan 17 23:57:12 +0000 2019","0","@RahmanAnaa @fadjroeL @jokowi https://t.co/LAykEB7nM6","1086049830525227008","","","qme","","0","0","0","https://x.com/undefined/status/1086049830525227008","722430828534321152",
"1086049823575334912","Thu Jan 17 23:57:10 +0000 2019","0","Pesan Sakral Jokowi Jelang Debat Pilpres Calon presiden petahana Jokowi memposting pesan sakral di hampir semua akun media sosialnya siang hari ini Kamis (17/1/2019) hanya beberapa jam sebelum debat Pilpres putaran pertama. https://t.co/wn1yyPQcLB","1086049823575334912","","","in","","0","0","0","https://x.com/undefined/status/1086049823575334912","147765878",
"1086049819473240065","Thu Jan 17 23:57:09 +0000 2019","0","Jokowi Bagi Tips Wirausaha Bagi ASN dan Calon Pensiunan https://t.co/1OBim6ggd4","1086049819473240065","","","in","","0","0","0","https://x.com/undefined/status/1086049819473240065","1083524399179784193",
"1085922571898372097","Thu Jan 17 23:57:09 +0000 2019","0","@P3nj3l4j4h @jokowi Penuh makna","1086049819158667264","","P3nj3l4j4h","in","","0","0","0","https://x.com/undefined/status/1086049819158667264","117906919",
"1086049816751173632","Thu Jan 17 23:57:08 +0000 2019","0","Mantan Napi Korupsi memang mempunyai hak untuk mejadi caleg dan pak Jokowi tidak mempermasalahkan itu yang jadi pertanyaannya adalah ketika komitmen partai untuk memerangi korupsi dengan tidak mencalonkan lagi caleg2 bekas koruptor meskipun mereka punya hak nyaleg ..","1086049816751173632","","","in","","0","0","0","https://x.com/undefined/status/1086049816751173632","1085117222341685248",
"1086049813139845120","Thu Jan 17 23:57:07 +0000 2019","0","Pak Jokowi menggunakan pendekatan empiris. Jadi nggak mengandai² #01UnggulDebat #JokowiKerjanyaNyata #LenganBajuSingsingkan #BSM2","1086049813139845120","","","in","","0","0","0","https://x.com/undefined/status/1086049813139845120","2651485452",
"1086049800397611008","Thu Jan 17 23:57:04 +0000 2019","0","*alasan nonton debat capres cawapres Supaya tahu mana yang harus dipilih dan tahu potensi dari masing2 paslon Supaya tahu dan ngerti setiap jokes ataupun meme yang akan terbit setelahnya ","1086049800397611008","","","in","","0","0","0","https://x.com/undefined/status/1086049800397611008","198021444",
"1086049786602565632","Thu Jan 17 23:57:01 +0000 2019","0","jokowi keren #01UnggulDebat #JokowiKerjanyaNyata #LenganBajuSingsingkan #pkp2 https://t.co/s1GCPACvBi","1086049786602565632","https://pbs.twimg.com/media/DxJshERU0AACYdi.jpg","","in","","0","0","0","https://x.com/undefined/status/1086049786602565632","1028874551248076801",
"1086049779426123776","Thu Jan 17 23:56:59 +0000 2019","0","Jokowi Pemenang Ngeles di Debat https://t.co/wMREWflDtE","1086049779426123776","","","in","","0","0","0","https://x.com/undefined/status/1086049779426123776","1248637736",
"1086049775030419456","Thu Jan 17 23:56:58 +0000 2019","0","Pak Jokowi terus mendorong partisipasi masyarakat dalam pemberantasan korupsi #01UnggulDebat #JokowiKerjanyaNyata #LenganBajuSingsingkan #mue6","1086049775030419456","","","in","","0","0","0","https://x.com/undefined/status/1086049775030419456","2813162719",
"1085946608531910656","Thu Jan 17 23:56:55 +0000 2019","0","@saididu @fadlizon Debat selanjutnya hinakan dan telanjangi habis jangan dikasihani... Biar pendukung Jokowi sadar.. Muka sederhana hanya kamuflase... #RakyatSudahMuak","1086049759096238081","","saididu","in","","0","0","0","https://x.com/undefined/status/1086049759096238081","1082629745978658816",
"1085928929884483584","Thu Jan 17 23:56:53 +0000 2019","0","@haikal_hassan Debat sekelas capres tanyanya struktur partai....klau d serang balik jawabnya baperan...masih mending pemilihan ketua osis...","1086049753111003137","","","in","","0","0","0","https://x.com/undefined/status/1086049753111003137","596454070",
"1085905123287560192","Thu Jan 17 23:56:51 +0000 2019","0","@PejuangFPI @CakKhum @Ndon08Back @Dody_Lukas___ @fadlizon @MbahUyok @RestyCayah @tijabar @AkunTofa @LisaAmartaTara Foto ini menjawab penyebab pak prabowo tidak menyerang siapa partai terkorup.. ternyata menghormati sang ketua umum yg ada dibelakang 01..","1086049743371886592","","PejuangFPI","in","","0","0","0","https://x.com/undefined/status/1086049743371886592","1074925143690948609",
"1086049741157236736","Thu Jan 17 23:56:50 +0000 2019","0","Novel Baswedan sudah 2 tahun lebih melapor bagaimana sekarang? Oh ya baru bikin tim gabungan? Kenapa kok baru bikin? Krn mau pemilu?","1086049741157236736","","","in","","0","0","0","https://x.com/undefined/status/1086049741157236736","1271783706",
"1086049732982497281","Thu Jan 17 23:56:48 +0000 2019","0","Pak Jokowi kemaren Malem Solo Ranked temenya AFK.","1086049732982497281","","","in","","0","0","0","https://x.com/undefined/status/1086049732982497281","557469908",
"1086049676413960192","Thu Jan 17 23:56:35 +0000 2019","0","Bang @Fahrihamzah harusnya jangan salahin @KPU_ID salahin tuh pemilih jokowi di 2014. Karena telah memilih presiden dengan kualitas yg buruk hingga KPU merasa harus menjaga kehormatannya.","1086049676413960192","","","in","","0","0","0","https://x.com/undefined/status/1086049676413960192","169355483",
"1085909767149613056","Thu Jan 17 23:56:33 +0000 2019","0","@tempodotco Kelihatan siapa yg lebih berkualitas dan memahami masalah bangsa Indonesia Lanjutkan pak @jokowi #LanjutkanPembangunanDesa @EkoSandjojo @fachrilabalado @anwsanusi @taufikmadjid71","1086049667291303936","","tempodotco","in","","0","0","0","https://x.com/undefined/status/1086049667291303936","840928718990204929",
"1085932156684197888","Thu Jan 17 23:56:31 +0000 2019","0","@JonruGintingNew semalam.bagus nya dikejar ke situ... mulai skrg jk.ada prjabat daerah hingga kpala desa/lurah yg hadir saat ada capres ke daerah. .berarti laporkan sj...","1086049659846422528","","","in","","0","0","0","https://x.com/undefined/status/1086049659846422528","339436825",
"1086049657090760704","Thu Jan 17 23:56:30 +0000 2019","0","Paslon 01 Jokowi-Amin akan memberikan jaminan perlindungan dan hak kebebasan beragama dan berkeyakinan serta menindak tegas pelaku kekerasan yg mengatasnamakan agama. karna agama tdk pantas untuk di bawa ke ranah konflik. https://t.co/xFY1CM5e5H #JokowiAminMenangDebat","1086049657090760704","","","in","","0","0","0","https://x.com/undefined/status/1086049657090760704","1084043651414556672",
"1086049652275765248","Thu Jan 17 23:56:29 +0000 2019","0","Prabowo Subianto Negarawan sejati Walaupun diserang pribadi nya di balas dgn santun. Saya Pribadi dan Rakyat lain bangga padamu JENDERAL","1086049652275765248","","","in","","0","0","0","https://x.com/undefined/status/1086049652275765248","980726277463203840",
"1086049558147129344","Thu Jan 17 23:56:07 +0000 2019","0","Next debat harus mau serang balik pa @prabowo... Itu legal kok dlm debat capres","1086049558147129344","","","in","","0","0","0","https://x.com/undefined/status/1086049558147129344","91485993",
"1085920832939995136","Thu Jan 17 23:56:02 +0000 2019","0","@eae18 @jokowi Jgn d bully to om...kasiann ","1086049538081583105","","effendi____","in","","0","0","0","https://x.com/undefined/status/1086049538081583105","1068653916701712384",
"1086049517131173889","Thu Jan 17 23:55:57 +0000 2019","0","Presiden Jokowi mengajak seluruh komponen bangsa untuk bersama memaksimalkan upaya pencegahan dan penindakan terhadap tindak pidana korupsi di Tanah Air. #01UnggulDebat #JokowiKerjanyaNyata #LenganBajuSingsingkan #mue4","1086049517131173889","","","in","","0","0","0","https://x.com/undefined/status/1086049517131173889","2813162719",
"1086049513947594752","Thu Jan 17 23:55:56 +0000 2019","0","Quotes setelah debat capres 1 #ngakak https://t.co/tG0q0pRPlt","1086049513947594752","","","in","","0","0","0","https://x.com/undefined/status/1086049513947594752","260723252",
"1086049511745630208","Thu Jan 17 23:55:56 +0000 2019","0","Intinya adalah debat semalam Pak Jokowi sudah sangat berpengalaman dan siap kerja #01UnggulDebat #JokowiKerjanyaNyata #LenganBajuSingsingkan #pbi3 https://t.co/6rJGRn0qJO","1086049511745630208","https://pbs.twimg.com/media/DxJsP2ZV4AAz5iI.jpg","","in","","0","0","0","https://x.com/undefined/status/1086049511745630208","961211826246582272",
"1085928056953307136","Thu Jan 17 23:55:55 +0000 2019","0","@mzein_limasha @marierteman @prabowo @sandiuno Yg sebelah enak dilihat dari sesama alumni Esemka.","1086049507891015681","","","in","","0","0","0","https://x.com/undefined/status/1086049507891015681","1383720726",
"1086049506389454849","Thu Jan 17 23:55:54 +0000 2019","0","Jokowi waeeeeeeee","1086049506389454849","","","in","","0","0","0","https://x.com/undefined/status/1086049506389454849","1046617987178885121",
"1086049502329475073","Thu Jan 17 23:55:53 +0000 2019","0","Ada yg bilang Prabowo suka membaca sedangkan Jokowi tidak. Dari debat semalem saya perhatikan justru Jokowi yg suka membaca. merasa merasa lucu","1086049502329475073","","","in","","0","0","0","https://x.com/undefined/status/1086049502329475073","196915012",
"1086049499162628096","Thu Jan 17 23:55:53 +0000 2019","0","Petuah Ibunda kepada @jokowi : Mengabdi untuk Bangsa Meraih Ridha #Allah https://t.co/i3FuM6Plbs @PDI_Perjuangan @obsessionews @Mensobsession @womensobsession @Group_Obsession @muslimobsession #JokowiMaruf2019 https://t.co/Fh3xAr5eQD","1086049499162628096","https://pbs.twimg.com/media/DxJsDjaV4AAcm5Q.jpg","","in","","0","0","0","https://x.com/undefined/status/1086049499162628096","2653254637",
"1085919061437890561","Thu Jan 17 23:55:50 +0000 2019","0","@saveroluthfi @IskandarSireg17 @sejutatemanid @prabowo Kalau partai menolak itu menyalahi UU di negeri ini ada ICM ada penggiat anti korupsi untuk membuka rekam jejak semua caleg agar diketahui rakyat toh di semua partai petahana juga ada tuh calon mantan koruptor bahkan yg di sebut dipersidanganpun ada dan masih enjoy2 ajh","1086049489171800065","","","in","","0","0","0","https://x.com/undefined/status/1086049489171800065","379228154",
"1086049483106832384","Thu Jan 17 23:55:49 +0000 2019","0","Pak Jokowi menguasai materi #01UnggulDebat #JokowiKerjanyaNyata #LenganBajuSingsingkan #BSM1","1086049483106832384","","","in","","0","0","0","https://x.com/undefined/status/1086049483106832384","2651485452",
"1086049481387208704","Thu Jan 17 23:55:48 +0000 2019","0","Mantul pak Jokowi #01UnggulDebat #JokowiKerjanyaNyata #LenganBajuSingsingkan #TR19 https://t.co/JWwZMm3lNJ","1086049481387208704","https://pbs.twimg.com/media/DxJsO8TU8AAqzio.jpg","","in","","0","0","0","https://x.com/undefined/status/1086049481387208704","1060140893615714304",
"1086049473262891008","Thu Jan 17 23:55:46 +0000 2019","0","Buat pak prabowo korupsi itu yg trilyunan.. Kalo yg m itu hanya receh.. Krn biasa hidup di kelas atas.. Jd ngga tau kalo uang M itu sangat byk dan berharga buat rakyat kecil..","1086049473262891008","","","in","","0","0","0","https://x.com/undefined/status/1086049473262891008","832498475321352192",
"1085917231865782272","Thu Jan 17 23:55:46 +0000 2019","0","@jansen220510 @GunRomli @prabowo @jokowi Yah.... opa Onta ","1086049469525721088","","jansen220510","in","","0","0","0","https://x.com/undefined/status/1086049469525721088","1048060955731451904",
"1086049439389630464","Thu Jan 17 23:55:38 +0000 2019","0","Jangan salah pilih untuk memimpin Indonesia Pak Jokowi aja #01UnggulDebat #JokowiKerjanyaNyata #LenganBajuSingsingkan #mue3","1086049439389630464","","","in","","0","0","0","https://x.com/undefined/status/1086049439389630464","2813162719",
"1086049425745539073","Thu Jan 17 23:55:35 +0000 2019","0","Jokowi Kebut Pembangunan Kawasan Industri di Luar Jawa https://t.co/tqwiHwbt19","1086049425745539073","","","in","","0","0","0","https://x.com/undefined/status/1086049425745539073","1083524399179784193",
"1086049421131837440","Thu Jan 17 23:55:34 +0000 2019","0","Sebagai petahana performa debat anda @jokowi sangat mengecewakan pak. Maaf kali ini #PrabowoSandiMenangDebat Apalagi Closing statement anda dengan mimik dan gestur lipat2 lengan baju sungguh terlihat sombong dan jumawa.","1086049421131837440","","","in","","0","0","0","https://x.com/undefined/status/1086049421131837440","147548781",
"1086049411443118081","Thu Jan 17 23:55:32 +0000 2019","0","Jokowi Akui Putuskan Impor Beras Tanggapan Mardani Ali Sera Langsung Viral https://t.co/tz0YV9ABI9","1086049411443118081","","","in","","0","0","0","https://x.com/undefined/status/1086049411443118081","536167014",
"1086049406086828032","Thu Jan 17 23:55:30 +0000 2019","0","Karena terorisme masih merupakan ancaman maka paya Jokowi-Ma ruf dalam menanggulangi terorisme akan dilakukan dengan cara pencegahan berupa deradikalisasi. #JokowiAminMenangDebat","1086049406086828032","","","in","","0","0","0","https://x.com/undefined/status/1086049406086828032","1045239604071153664",
"1086049395290923008","Thu Jan 17 23:55:28 +0000 2019","0","Jokowi Sentil Prabowo soal Kebohongan Ratna Sarumpaet dalam Debat Capres https://t.co/nPgG5Jzq5O","1086049395290923008","","","in","","0","0","0","https://x.com/undefined/status/1086049395290923008","47596019",
"1086049393331957762","Thu Jan 17 23:55:27 +0000 2019","0","Jokowi dan K.H. Ma aruf akan meningkatkan budaya dan kebijakan yang berperspektif HAM termasuk memuat materi HAM dalam kurikulum pendidikan. https://t.co/xFY1CM5e5H #JokowiAminMenangDebat","1086049393331957762","","","in","","0","0","0","https://x.com/undefined/status/1086049393331957762","1084043651414556672",
"1086049393105616902","Thu Jan 17 23:55:27 +0000 2019","0","Saya suka video @YouTube https://t.co/gPHN9ukdyU PRABOWO TERDIAM!? JOKOWI TELAK MENTAHKAN PRABOWO! One Hit One Kill ","1086049393105616902","","","in","","0","0","0","https://x.com/undefined/status/1086049393105616902","576287136",
"1086049382854619136","Thu Jan 17 23:55:25 +0000 2019","0","Setelah nonton debat semalem sy jadi dukung Jokowi sbg presiden RI sampai tgl 20 Sept 2019.","1086049382854619136","","","in","","0","0","0","https://x.com/undefined/status/1086049382854619136","92686672",
"1086049376471003137","Thu Jan 17 23:55:23 +0000 2019","0","Ghost ship for your friday. Cc. @prabowo @rockygerung https://t.co/E7Lfmek05r","1086049376471003137","https://pbs.twimg.com/media/DxJsIzjUwAA9ufu.jpg","","en","","0","0","0","https://x.com/undefined/status/1086049376471003137","4766444246",
"1086049372175912961","Thu Jan 17 23:55:22 +0000 2019","0","Tetal PRABOWO SANDI","1086049372175912961","","","in","","0","0","0","https://x.com/undefined/status/1086049372175912961","1050009741873704962",
"1086049370410078214","Thu Jan 17 23:55:22 +0000 2019","0","Pagi Warganet.. Semalam nonton debat Capres Cawapres dong? Menurut kamu siapa yang bakal kamu pilih seandainya Pilpres diadakan sekarang? Yuk ikut pollingnya #NobarDebat https://t.co/bJsFNBhD2Z","1086049370410078214","","","in","","0","0","0","https://x.com/undefined/status/1086049370410078214","121640063",
"1086049369869242368","Thu Jan 17 23:55:22 +0000 2019","0","Prabowo Tak Setuju Islam Dicap Radikal: Terorisme Dikendalikan Asing https://t.co/RvP9WcbKD5","1086049369869242368","","","in","","0","0","0","https://x.com/undefined/status/1086049369869242368","231652235",
"1085926388727656448","Thu Jan 17 23:55:21 +0000 2019","0","@AkunTofa @jokowi woyyy","1086049364794007552","","AkunTofa","und","","0","0","0","https://x.com/undefined/status/1086049364794007552","979502334026833920",
"1085504946257051648","Thu Jan 17 23:55:18 +0000 2019","0","@Dennysiregar7 @Gerindra @prabowo Antena tlng dipanjangin den..","1086049353603592192","","","in","","0","0","0","https://x.com/undefined/status/1086049353603592192","382114407",
"1086049343780470784","Thu Jan 17 23:55:16 +0000 2019","0","Kesimpulannya simpel aja #DebatPertamaPilpres2019 masih kurang informatif untuk masyarakat terlalu banyak retorikanya. Tolonglah next all out semua kandidat pake data aja @jokowi @prabowo","1086049343780470784","","","in","","0","0","0","https://x.com/undefined/status/1086049343780470784","1038053939524988928",
"1085946458505830400","Thu Jan 17 23:55:15 +0000 2019","0","@prabowo @NahlaChery @sandiuno Kami setia mendukung bpk","1086049343453286400","","prabowo","in","","0","0","0","https://x.com/undefined/status/1086049343453286400","1907260099",
"1086049338835365888","Thu Jan 17 23:55:14 +0000 2019","0","Sama bae kan? Ora mutu semua Jokowi Tegaskan Mantan Napi Koruptor Punya Hak jadi Caleg https://t.co/oVnUm9dwHR","1086049338835365888","","","in","","0","0","0","https://x.com/undefined/status/1086049338835365888","179081344",
"1086049337988136960","Thu Jan 17 23:55:14 +0000 2019","0","Pak Jokowi terbaik #01UnggulDebat #JokowiKerjanyaNyata #LenganBajuSingsingkan #mue2","1086049337988136960","","","in","","0","0","0","https://x.com/undefined/status/1086049337988136960","2813162719",
"1085917734729244675","Thu Jan 17 23:55:13 +0000 2019","0","@Encres_heweww @deliveria2 @MuhadklyAcho @anita_icip tp msh banyak yg gagal paham..yg dibaca cm sebatas judulnya aja dan lsg dianggap seakan2 jokowi mendukung koruptor utk nyaleg lg..","1086049332636266496","","","in","","0","0","0","https://x.com/undefined/status/1086049332636266496","118325883",
"1086049316483919872","Thu Jan 17 23:55:09 +0000 2019","0","Dicecar soal Napi Koruptor di Gerindra Prabowo Berjoget https://t.co/A6NOvtECLp https://t.co/opP2080upS","1086049316483919872","https://pbs.twimg.com/ext_tw_video_thumb/1086048958986649600/pu/img/DTsKvsGpqsJTkKFA.jpg","","in","","0","0","0","https://x.com/undefined/status/1086049316483919872","57261519",
"1086049308758106117","Thu Jan 17 23:55:07 +0000 2019","0","Debat pertama menjawab pertanyaan publik siapa capres yg takut dipermalukan? #JokowiAminMenangDebat #jokowiamin untuk #indonesiamaju https://t.co/sSfVcrmzj4","1086049308758106117","https://pbs.twimg.com/media/DxJraAcU0AA1zJh.jpg","","in","","0","0","0","https://x.com/undefined/status/1086049308758106117","1683915469",
"1086049306249912320","Thu Jan 17 23:55:07 +0000 2019","0","Nah ini ibuk yang selalu setia nih. Gmna gak #01UnggulDebat ada mereka yang selalu bersama @jokowi #JokowiKerjanyaNyata ada yang mengingatkan #LenganBajuSingsingkan saling menuatkan #nsp5 mantep lah https://t.co/oWIKtA75Zc","1086049306249912320","https://pbs.twimg.com/media/DxJsFOyVYAIzS3x.jpg","","in","","0","0","0","https://x.com/undefined/status/1086049306249912320","963974062883053571",
"1086049304383385600","Thu Jan 17 23:55:06 +0000 2019","0","Cc: @Gerindra @prabowo @sandiuno @fadlizon @PriyoBudiS Bongkar semua omongan jokowi yg gak sesuai fakta jangan terlalu santun dlm debat2 selanjutnya!","1086049304383385600","","","in","","0","0","0","https://x.com/undefined/status/1086049304383385600","1083483476261621760",
"1086049302244352000","Thu Jan 17 23:55:06 +0000 2019","0","Itulah baik dan mulianya pemerintah walau dihoaxin terus dikritik tanpa memberi solusi terus masih menghormati pak prabowo tidak mau serta merta menggeruduk sembarangan u/ mengusut tuntas kasus 98.","1086049302244352000","","","in","","0","0","0","https://x.com/undefined/status/1086049302244352000","2805742663",
"1085743580889505792","Thu Jan 17 23:55:05 +0000 2019","0","@narpatisuta @jokowi Mantapp.. Hahaha","1086049299606102016","","","tl","","0","0","0","https://x.com/undefined/status/1086049299606102016","1037854912741171206",
"1085929262174003200","Thu Jan 17 23:55:04 +0000 2019","0","@RizmaWidiono @yonostoner @jokowi Closing statement ngomong tentang diri sendiri. Lepas dari tema debat. Hebatnya di mana? ","1086049296825241600","","RizmaWidiono","in","","0","0","0","https://x.com/undefined/status/1086049296825241600","274772126",
"1085946458505830400","Thu Jan 17 23:55:04 +0000 2019","0","@prabowo @Lutfi_anshori08 @sandiuno debat kedua lawan akan lbh kejam krn sdh mulai terbiasa berdebat kami percaya bapak akan dpt mengatasi dgn lbh tajam dan tidak terbantahkan. No more sugar wrap sir...","1086049295717945344","","prabowo","in","","0","0","0","https://x.com/undefined/status/1086049295717945344","2457432984",
"1085948527040024577","Thu Jan 17 23:55:04 +0000 2019","0","@prabowo @sandiuno Pak jangan gak tegaan gitu lah pak @prabowo merekanya aja nyerang pribadi bpk terus pdhl kita semua jg tau mereka yg ngebolak balikin omongan debat selanjutnya bkin mereka KO pak!! semoga sehat selalu presidenku..","1086049293838909441","","prabowo","in","","0","0","0","https://x.com/undefined/status/1086049293838909441","937468037774565377",
"1086049282937901056","Thu Jan 17 23:55:01 +0000 2019","0","mungkin dia mau stand up lupa kalo ternyata debat capres.","1086049282937901056","","","in","","0","0","0","https://x.com/undefined/status/1086049282937901056","148970764",
"1086049282308956160","Thu Jan 17 23:55:01 +0000 2019","0","Saya suka video @YouTube https://t.co/XcxbNc4xTv SANDIANGA NGELES!? JOKOWI MENTAHKAN SANDIAGA UNO!","1086049282308956160","","","in","","0","0","0","https://x.com/undefined/status/1086049282308956160","576287136",
"1086049275233034240","Thu Jan 17 23:54:59 +0000 2019","0","Sebenernya hasil debat kemaren menurutku sama2 punya kekurangan. Mereka capres dan cawapres. Satunya kurang komunikasi satunya kurang data. Padahal semua sama2 penting. Liat debat next deh kali aja ada perubahan ","1086049275233034240","","","in","","0","0","0","https://x.com/undefined/status/1086049275233034240","87122429",
"1086049240646791168","Thu Jan 17 23:54:51 +0000 2019","0","Memilih abstain dan no comment pasca debat capres dan cawapres kemarin. Bukan karna apa-apa sih cuman lebih baik diam berdoa dan ketika saatnya nnt masuk di bilik suara dan mencoblos sesuai dengan hati nurani. sekian.","1086049240646791168","","","in","","0","0","0","https://x.com/undefined/status/1086049240646791168","352680715",
"1086049240198000640","Thu Jan 17 23:54:51 +0000 2019","0","Jokowi panutan deh #01UnggulDebat #JokowiKerjanyaNyata #LenganBajuSingsingkan #mue1","1086049240198000640","","","in","","0","0","0","https://x.com/undefined/status/1086049240198000640","2813162719",
"1085946458505830400","Thu Jan 17 23:54:49 +0000 2019","0","@DemasGavriel @prabowo @sandiuno Setuju di debat selanjutnya tolong lebih garang lagi pak. Kalo bisa bikin KO lawan pak telak! biar membekas dihati lawan. Kasih kenang2 saat dia pensiun nanti ","1086049230743977984","","DemasGavriel","in","","0","0","0","https://x.com/undefined/status/1086049230743977984","42030276",
"1085946458505830400","Thu Jan 17 23:54:48 +0000 2019","0","@prabowo @sandiuno Mohon maaf Pak besok debat kedua tolong lebih keras jgn terlalu soft please...","1086049227946450944","","prabowo","in","","0","0","0","https://x.com/undefined/status/1086049227946450944","1059690183421964288",
"1085960384857628672","Thu Jan 17 23:54:47 +0000 2019","0","@KPU_ID @maspiyuuu Jokowi mengandalkan hapalan dan contekan. Bahasanya mirip bahasanya @Yusrilihza_Mhd. KH. MA hanya jadi pajangan saja. Kasihan Prabowo terlalu main aman. Gak menarik. Sandi Uno terlalu maksa. Apa2 dikaitkan dengan masalah ekonomi.","1086049225396301824","","KPU_ID","in","","0","0","0","https://x.com/undefined/status/1086049225396301824","2359244168",
"1086049224024743936","Thu Jan 17 23:54:47 +0000 2019","0","Hari ini Jumat sudah Saatnya bersih-bersih sampah di sekitar kita. Jangan mau kalah sama @jokowi ia guys dan kita harus rajin dan giat lagi ia. #01JokowiLagi #JumatBerkah https://t.co/xJ9rf3ioM7","1086049224024743936","https://pbs.twimg.com/media/DxJr0cBU0AANZ7u.jpg","","in","","0","0","0","https://x.com/undefined/status/1086049224024743936","1078237665164550144",
"1085948527040024577","Thu Jan 17 23:54:46 +0000 2019","0","@SrieHandisanto @Sandria_Irina @prabowo @sandiuno Nih laba anjlok padahal alfamart https://t.co/mRhVOJ9s3G","1086049220283387905","","SrieHandisanto","in","","0","0","0","https://x.com/undefined/status/1086049220283387905","59705163",
"1085960384857628672","Thu Jan 17 23:54:45 +0000 2019","0","@KPU_ID Kisi2 untuk CAPRES CAWAPRES sangat memalukan memaparkan visi misi aja bawa contekan","1086049217678782464","","KPU_ID","in","","0","0","0","https://x.com/undefined/status/1086049217678782464","537030478",
"1086049203917189120","Thu Jan 17 23:54:42 +0000 2019","0","Jokowi ngaku2 gak punya beban masa lalu...lah 66 janji aja gak penuhi... oh itu jadinya beban masa kini dan masa depan siy....#PrabowoSandiMenangDebat","1086049203917189120","","","in","","0","0","0","https://x.com/undefined/status/1086049203917189120","720295059229253633",
"1086049196711522304","Thu Jan 17 23:54:40 +0000 2019","0","(DETIKCOM | Tonton d'Happening Capres Fiktif Nurhadi Politik Tronjal Tronjol) https://t.co/Oyss5fawnx #pemilu #pemilu2019","1086049196711522304","","","in","","0","0","0","https://x.com/undefined/status/1086049196711522304","968428811107819521",
"1085886441329123328","Thu Jan 17 23:54:40 +0000 2019","0","@SerpihanKalbu @jokowi @roninpribumi @Harootoyo @PDI_Perjuangan @andreOPA Mau berapa puluh kali pemilu preaiden kalo ngurusin satu2 begini udh kadung sengsara pak....","1086049195599978496","","SerpihanKalbu","in","","0","0","0","https://x.com/undefined/status/1086049195599978496","106165027",
"1086049192840175616","Thu Jan 17 23:54:40 +0000 2019","0","Ha ha ha @jokowi memang ga tau malu gimana JD lulusan mana SMA 6 apa SMA 30","1086049192840175616","","","in","","0","0","0","https://x.com/undefined/status/1086049192840175616","809349395447545856",
"1086049184078151680","Thu Jan 17 23:54:37 +0000 2019","0","Kata pak @prabowo dalam debat semalam klau korupsi nya ga seberapa ga apa2 Hallo pak lihatlah ke bawah yaitu rakyat kecil yg bekerja susah payah untuk mendapatkan duit membayar pajak kepada negara terus d korupsi sama elit2 ga bertanggung jawab","1086049184078151680","","","in","","0","0","0","https://x.com/undefined/status/1086049184078151680","708644961445486592",
"1086049181007994881","Thu Jan 17 23:54:37 +0000 2019","0","KPU vs JOKOWI","1086049181007994881","","","in","","0","0","0","https://x.com/undefined/status/1086049181007994881","194945820",
"1086045579426185216","Thu Jan 17 23:54:37 +0000 2019","0","@NonaCarina @NamakuDona @BamsBulaksumur @kangdede78 @Suhadakae @ary_moto @SatyaJogja12 @RizmaWidiono @septria_yanto @Ujung_GaluhYes @mumu_qyu @jokowi Mau jaketnya atuhh Huhu biar makin semangat... wkaka #01UnggulDebat #JokowiKerjanyaNyata #LenganBajuSingsingkan #kti8","1086049180949180417","","","in","","0","0","0","https://x.com/undefined/status/1086049180949180417","42310031",
"1086049175060369408","Thu Jan 17 23:54:35 +0000 2019","0","Terima kasih pak @jokowi kemarin malam Pakde telah membuktikan kepada kami bahwa Pakde memang benar2 layak memimpin Indonesia #01UnggulDebat #JokowiKerjanyaNyata #LenganBajuSingsingkan #UdinQuotes @Cak_X01 @Arekkampung5 @maSihALFIAN","1086049175060369408","","","in","","0","0","0","https://x.com/undefined/status/1086049175060369408","1055325491844902913",
"1086049166390747136","Thu Jan 17 23:54:33 +0000 2019","0","lagi asyik liat komentar netijen soal capres skrg HAHAHAHA","1086049166390747136","","","in","","0","0","0","https://x.com/undefined/status/1086049166390747136","1072723294279725056",
"1085938296864133120","Thu Jan 17 23:54:32 +0000 2019","0","@eliya_mkom @prabowo @sandiuno Jokowi dimention juga dong biar fair mbak.","1086049161261154304","","eliya_mkom","in","","0","0","0","https://x.com/undefined/status/1086049161261154304","69880997",
"1086049152813789184","Thu Jan 17 23:54:30 +0000 2019","0","Debat Capres Perdana 2019 Ganjar: Pak Jokowi Agak Lebih Berani Ya https://t.co/xFiKXuKfEF via @kabar_tangsel","1086049152813789184","","","in","","0","0","0","https://x.com/undefined/status/1086049152813789184","546123555",
"1086049151106699264","Thu Jan 17 23:54:30 +0000 2019","0","Jokowi tadi malam #01UnggulDebat #JokowiKerjanyaNyata #LenganBajuSingsingkan #Kaf0 https://t.co/IOMfCcj6S9","1086049151106699264","https://pbs.twimg.com/media/DxJr7J0UUAAfASN.jpg","","in","","0","0","0","https://x.com/undefined/status/1086049151106699264","1361380057",
"1085201387489619968","Thu Jan 17 23:54:23 +0000 2019","0","@faizalassegaf @jokowi @prabowo Prabowo Subianto dan Sandiaga Uno menjadi presiden RI 1 ke 8 insa'alloh","1086049122749014016","","faizalassegaf","in","","0","0","0","https://x.com/undefined/status/1086049122749014016","1423294208",
"1086049119221645312","Thu Jan 17 23:54:22 +0000 2019","0","Saya sama sekali tdk menonton debat capres selain disini jg akses TV nasional sulit ya mmg tdk tertarik. Apakah saya a politis? #debatcapres #apolitis","1086049119221645312","","","in","","0","0","0","https://x.com/undefined/status/1086049119221645312","79955252",
"1085942563356332032","Thu Jan 17 23:54:22 +0000 2019","0","@Dennysiregar7 @prabowo @sandiuno dan akhirnya kita tau.. @prabowo dan @sandiuno lebih mendapat apresiasi dalam debat kemarin. closing statement jokwi ga mutu. loe @Dennysiregar7 boleh alih topik faktanya Prabowo-Sandi jauh unggul.. ikan buat dimakan bukan dihapal ","1086049118965792769","","","in","","0","0","0","https://x.com/undefined/status/1086049118965792769","971916911159099392",
"1086049117757796352","Thu Jan 17 23:54:22 +0000 2019","0","Paslon 01 Jokowi-Amin siap untuk melanjutkan penyelesaian kasus-kasus pelanggaran HAM berat di masa lalu. Karna menurut saya kubu 02 gak akan mampu untuk menuntaskan persoalan HAM yang di duga ada campur tangan capres 02. https://t.co/xFY1CM5e5H #JokowiAminMenangDebat","1086049117757796352","","","in","","0","0","0","https://x.com/undefined/status/1086049117757796352","1084043651414556672",
"1085917208297975809","Thu Jan 17 23:54:20 +0000 2019","0","@dulatips Terlalu santun gak menarik padahal dikasi cermin aja ngaciro bakal nganu nganu ayo.. pak @prabowo wakili fikiran rakyat menuntut janji2 yg dia buat #PrabowoSandiMenangDebat","1086049109394436096","","farahmagz","in","","0","0","0","https://x.com/undefined/status/1086049109394436096","864631837078937600",
"1086049107859271680","Thu Jan 17 23:54:19 +0000 2019","0","SALAM OPTIMIS MENANGKAN JOKOWI-MA'ARUF AMIN UNTUK INDONESIA KERJA..","1086049107859271680","","","in","","0","0","0","https://x.com/undefined/status/1086049107859271680","969131479220477953",
"1086049103577010176","Thu Jan 17 23:54:18 +0000 2019","0","(CNN Indonesia | Keriuhan Debat Capres Perdana 2019) https://t.co/DL5Axt3XR4 #pemilu #pemilu2019","1086049103577010176","","","in","","0","0","0","https://x.com/undefined/status/1086049103577010176","968428811107819521",
"1086049099336495104","Thu Jan 17 23:54:17 +0000 2019","0","Jokowi adalah pilihan terbaik ga mau yg lain #01UnggulDebat #JokowiKerjanyaNyata #LenganBajuSingsingkan #PBS5","1086049099336495104","","","in","","0","0","0","https://x.com/undefined/status/1086049099336495104","960114525277048832",
"1085946608531910656","Thu Jan 17 23:54:17 +0000 2019","0","@saididu @fadlizon Masalahnya rakyat kecil belum tentu tahu ini kalau semalam Pak Prabowo Jawab: Kan bapak sendiri mengaminkan pasti CLEAR. Begitu juga saat Pak Jokowi Ngaku : Saya yang mutusin Import langsung saja hajar : Jadi bapak bohong dong bilang sedih kalau import... #RakyatSudahMuak","1086049096798855168","","saididu","in","","0","0","0","https://x.com/undefined/status/1086049096798855168","1082629745978658816",
"1086049086019518465","Thu Jan 17 23:54:14 +0000 2019","0","Ketua Umum PPP Versi Muktamar Jakarta: Debat Dimenangkan Prabowo-Sandi Jokowi dinilai tdk bisa memberikan argumen-argumen solusi dan hanya berkutat pada konsep yg seharusnya sudah ia selesaikan selama kepemimpinannya 4 tahun lebih. #2019GantiPresiden https://t.co/uU2sdcsyOB","1086049086019518465","","","in","","0","0","0","https://x.com/undefined/status/1086049086019518465","1037095287192399872",
"1086049084140634114","Thu Jan 17 23:54:14 +0000 2019","0","Saya suka video @YouTube https://t.co/hsfedonOyE HOTNEWS!!CUPLIKAN SERU MOMENT JOKOWI SK4K PRABOWO DEBAT PERDANA","1086049084140634114","","","in","","0","0","0","https://x.com/undefined/status/1086049084140634114","576287136",
"1085928929884483584","Thu Jan 17 23:54:12 +0000 2019","0","@haikal_hassan Please babeh ku tolong kasih tau pak prabowo didebat ke 2 nanti tuh si joki peretelin aja janji2nya yg dulu gak tercapai gak usah dikasih ampyun lg #RakyatSudahMuak","1086049079157653504","","","in","","0","0","0","https://x.com/undefined/status/1086049079157653504","815827946812227584",
"1085892221700722690","Thu Jan 17 23:54:12 +0000 2019","0","@GarudaSelamanya @TheCebongers @celoteh @habibthink Prabowo kerjanya Ngaur .. bagaimana jika dia jadi Presiden? Habislah kita dengan banyak omongnya","1086049077417000960","","GarudaSelamanya","in","","0","0","0","https://x.com/undefined/status/1086049077417000960","1086037533803180032",
"1086049073335947264","Thu Jan 17 23:54:11 +0000 2019","0","Dear friends Tolong bantuan nya ya atau tolong Bantu share. Cc : @addiems @kurawa @hariadhi @basuki_btp @budimandjatmiko @chicohakim @habibthink @jokowi Mohon bantuan doa dan donasi untuk kesembuhan anak kami Rafael 6thn. Bantu donasi dengan klik https://t.co/eI0X19xENf","1086049073335947264","","","in","","0","0","0","https://x.com/undefined/status/1086049073335947264","42142634",
"1086049064712466432","Thu Jan 17 23:54:09 +0000 2019","0","Kalo saya sih bagaimana Pak Jokowi menskak mati lawan dengan statement kasus nenek2 oplasss #01UnggulDebat #JokowiKerjanyaNyata #LenganBajuSingsingkan #pbi2","1086049064712466432","","","in","","0","0","0","https://x.com/undefined/status/1086049064712466432","961211826246582272",
"1086049058383228928","Thu Jan 17 23:54:07 +0000 2019","0","Belum liat live nya sih tp saya prediksi dari status di beranda nampaknya. DEBAT CAPRES CAWAPRES INI DIGANTI SAJA PENYELENGGARANYA DENGAN ACARANYA KARNI ILYAS. #COCOK","1086049058383228928","","","in","","0","0","0","https://x.com/undefined/status/1086049058383228928","100037611",
"1086049032441540608","Thu Jan 17 23:54:01 +0000 2019","0","Pribadi pak Jokowi &amp; keluarganya yang tanpa beban politik &amp; kekerasan di masa lalu adalah pribadi yang kuat dan tepat untuk menegakkan hukum melawan korupsi memperjuangkan HAM di Indonesia. #JokowiAminMenangDebat","1086049032441540608","","","in","","0","0","0","https://x.com/undefined/status/1086049032441540608","116391623",
"1086049030335942656","Thu Jan 17 23:54:01 +0000 2019","0","Prestasi lainnya ialah dengan megikut sertakan anak muda menjadi duta damai dunia maya dan melibatkan mantan teroris menjadi smart power pemerinthan jokowi melalui BNPT. #JokowiAminMenangDebat","1086049030335942656","","","in","","0","0","0","https://x.com/undefined/status/1086049030335942656","1077077817995681793",
"1086049019967692800","Thu Jan 17 23:53:58 +0000 2019","0","Semoga pak @prabowo menang di pilpres.. Aamiin~","1086049019967692800","","","in","","0","0","0","https://x.com/undefined/status/1086049019967692800","1085695029996224512",
"1085917231865782272","Thu Jan 17 23:53:51 +0000 2019","0","@AninditaLucinda @GunRomli @prabowo @jokowi Intinya....intinya.... Ciri2 pretttt","1086048990565548032","","Dreamy_eo","in","","0","0","0","https://x.com/undefined/status/1086048990565548032","1048060955731451904",
"1085960384857628672","Thu Jan 17 23:53:50 +0000 2019","0","@KPU_ID @maspiyuuu Tidak menarik. Jokowi nyontek. Sebagai calon presiden bagi saya memalukan. Tidak punya kompetensi dan penguasaan masalah yang mumpuni. Ini yang Anda kuatirkan menghindari ada calon yang dipermalukan ya kalau kisi-kisi tidak diberikan?","1086048983833694208","","KPU_ID","in","","0","0","0","https://x.com/undefined/status/1086048983833694208","104039974",
"1085912444780736513","Thu Jan 17 23:53:49 +0000 2019","0","@Nink47018190 @fadlizon Bagi rakyat ..itu capres Memalukan krn.oplas diramu jd Hoax...","1086048982600581120","","Nink47018190","in","","0","0","0","https://x.com/undefined/status/1086048982600581120","1077476499639328768",
"1086048858080071685","Thu Jan 17 23:53:20 +0000 2019","0","Terimakasih telah menyaksikan program DEBAT PERTAMA CAPRES &amp; CAWAPRES PEMILU 2019 di #TVRI semoga bermanfaat bagi pemirsa dalam menentukan pilihan Presiden &amp; Wapres di Pemilu 2019. Siapapun pilihan kita kita tetap Indonesia... #DebatPilpresTVRI #SaluranPemersatuBangsa https://t.co/3FdROEci3g","1086048858080071685","https://pbs.twimg.com/media/DxJpvPNVAAAxrUD.jpg","","in","","0","0","0","https://x.com/undefined/status/1086048858080071685","822554676",
"1086048856846954496","Thu Jan 17 23:53:19 +0000 2019","0","Gak ada opsi ke tiga buat capres apa :) dua-dua tdk dpt dipercaya","1086048856846954496","","","in","","0","0","0","https://x.com/undefined/status/1086048856846954496","1005770151453577221",
"1086048852946219008","Thu Jan 17 23:53:19 +0000 2019","0","Sudah bnyak perubahan yg dilakukan oleh pak Jokowi. Hebat kan? #01UnggulDebat #JokowiKerjanyaNyata #LenganBajuSingsingkan #PBS4","1086048852946219008","","","in","","0","0","0","https://x.com/undefined/status/1086048852946219008","960114525277048832",
"1085917035312250880","Thu Jan 17 23:53:17 +0000 2019","0","@Dennysiregar7 @prabowo #PrabowoIndonesiaMenang","1086048848001167361","","","qme","","0","0","0","https://x.com/undefined/status/1086048848001167361","972426345073410049",
"1086034219258634241","Thu Jan 17 23:53:17 +0000 2019","0","@nurasiauno @LisaAmartaTara @prabowo @sandiuno In Syaa Allah doa istri sholehah","1086048845174235136","","pakarkampanye","in","","0","0","0","https://x.com/undefined/status/1086048845174235136","252095530",
"1086048839390224384","Thu Jan 17 23:53:15 +0000 2019","0","Makin lope sama Pak Jokowi #01UnggulDebat #JokowiKerjanyaNyata #LenganBajuSingsingkan #meu9","1086048839390224384","","","in","","0","0","0","https://x.com/undefined/status/1086048839390224384","2813162719",
"1086048832125714433","Thu Jan 17 23:53:14 +0000 2019","0","Jokowi-Kiai Ma ruf Kompak Bersama Istri https://t.co/JZW71qPcu4","1086048832125714433","","","in","","0","0","0","https://x.com/undefined/status/1086048832125714433","1083524399179784193",
"1086048829630304258","Thu Jan 17 23:53:13 +0000 2019","0","Aku Sih Mau Pilih Capres Yang Akan Melanjutkan Progam Progam PRO Rakyat SBY Yang Sudah Terbukti Membantu Rakyat #DulurDhewe https://t.co/jlQmgz9azF","1086048829630304258","https://pbs.twimg.com/media/DxJrn0DU8AAaR99.jpg","","in","","0","0","0","https://x.com/undefined/status/1086048829630304258","589997125",
"1086048808872505344","Thu Jan 17 23:53:08 +0000 2019","0","Jokowi tidak memiliki beban masa lalu tetapi jadi beban masa depan kalau sampai terpilih lagi!","1086048808872505344","","","in","","0","0","0","https://x.com/undefined/status/1086048808872505344","83091826",
"1085920832939995136","Thu Jan 17 23:53:08 +0000 2019","0","@eae18 @jokowi Siapkan teks","1086048806947368960","","effendi____","in","","0","0","0","https://x.com/undefined/status/1086048806947368960","985100236371537920",
"1086048806318338048","Thu Jan 17 23:53:07 +0000 2019","0","Timses Bangga Prabowo Tak Terpancing Emosi saat Debat Pilpres https://t.co/8pymhB5tFx","1086048806318338048","","","in","","0","0","0","https://x.com/undefined/status/1086048806318338048","85232877",
"1086048785694769152","Thu Jan 17 23:53:02 +0000 2019","0","Jokowi menegaskan tidak ada beban masa lalu dalam memimpin pemerintah. #01UnggulDebat #JokowiKerjanyaNyata #LenganBajuSingsingkan #MAZ7","1086048785694769152","","","in","","0","0","0","https://x.com/undefined/status/1086048785694769152","137245702",
"1085035895709786118","Thu Jan 17 23:52:57 +0000 2019","0","@cilokkabut @mikahakim3 @Dickusnadi @purwo82092883 @BiLLRaY_ @Gerindra @jokowi Biar waras saja ya... Semoga ada hidayah setelah ini. Amin.","1086048763200692224","","cilokkabut","in","","0","0","0","https://x.com/undefined/status/1086048763200692224","3222882901",
"1086048763158749184","Thu Jan 17 23:52:57 +0000 2019","0","Sebagai bentuk kepedulian Jokowi terhadap persoalan HAM. Pak Jokowi telah menunjukkan komitmen dengan menginstruksikan kepada Jaksa Agung untuk menindaklanjuti seluruh temuan-temuan Komnas HAM. https://t.co/xFY1CM5e5H #JokowiAminMenangDebat","1086048763158749184","","","in","","0","0","0","https://x.com/undefined/status/1086048763158749184","1084043651414556672",
"1086048733278613504","Thu Jan 17 23:52:50 +0000 2019","0","Capres Jokowi saat menyampaikan closing statement menegaskan bersama cawapres Ma'ruf Amin sudah memahami persoalan bangsa. #01UnggulDebat #JokowiKerjanyaNyata #LenganBajuSingsingkan #MAZ6","1086048733278613504","","","in","","0","0","0","https://x.com/undefined/status/1086048733278613504","137245702",
"1086048720397848576","Thu Jan 17 23:52:47 +0000 2019","0","Masa keemasan BNPT terjadi pada era pemerintahan jokowi. https://t.co/AoS2cgSl4Z #JokowiAminMenangDebat","1086048720397848576","","","in","","0","0","0","https://x.com/undefined/status/1086048720397848576","1077077817995681793",
"1086048712235790336","Thu Jan 17 23:52:45 +0000 2019","0","Salam.. Semangat pagi dulur Gimana setelah menyaksikan debat capres-cawapres semalam? makin optimis sama Jokowi-KMA kan.. Lhawong #01UnggulDebat #JokowiKerjanyaNyata #LenganBajuSingsingkan #fzh0 @NusaDiany @Suhadakae @Suryapatihnu https://t.co/K3kOrbqo91","1086048712235790336","https://pbs.twimg.com/media/DxJriiaVYAAlQLW.jpg","","in","","0","0","0","https://x.com/undefined/status/1086048712235790336","958905908674707456",
"1086048698604212225","Thu Jan 17 23:52:42 +0000 2019","0","Semalem Jokowi mantul deh #01UnggulDebat #JokowiKerjanyaNyata #LenganBajuSingsingkan #meu8","1086048698604212225","","","in","","0","0","0","https://x.com/undefined/status/1086048698604212225","2813162719",
"1085919011345321986","Thu Jan 17 23:52:40 +0000 2019","0","@CakKhum @fadlizon Beda kualitas prabowo sandi pemenangnya.","1086048691129991168","","suaragagap","in","","0","0","0","https://x.com/undefined/status/1086048691129991168","1082801321395159041",
"1086048687237648385","Thu Jan 17 23:52:39 +0000 2019","0","@null Tonton d'Happening Capres Fiktif Nurhadi Politik Tronjal Tronjol Guyonan-guyon https://t.co/7xhvMjQ5Sp","1086048687237648385","","null","ht","","0","0","0","https://x.com/undefined/status/1086048687237648385","841647671349673984",
"1085935306451279872","Thu Jan 17 23:52:39 +0000 2019","0","@haikal_hassan Cc @KPU_ID @prabowo @sandiuno @jokowi","1086048685538959362","","","und","","0","0","0","https://x.com/undefined/status/1086048685538959362","69880997",
"1085948527040024577","Thu Jan 17 23:52:37 +0000 2019","0","@SrieHandisanto @Sandria_Irina @prabowo @sandiuno Ya elah lebih baik apaan stagnan gitu lebih baik perusahaan banyak yg tak berani melakukan ekspansi malah mengendap tuh uang ","1086048678224134144","","SrieHandisanto","in","","0","0","0","https://x.com/undefined/status/1086048678224134144","59705163",
"1086048656002670592","Thu Jan 17 23:52:32 +0000 2019","0","Dengan menonton debat capres semalam gw akhirnya paham. Jangan sampai karena kita udah pro bgt satu diantara dua paslon maka kita menutup diri kita untuk melihat gagasan kedua belah pihak.","1086048656002670592","","","in","","0","0","0","https://x.com/undefined/status/1086048656002670592","241125556",
"1086048653284921345","Thu Jan 17 23:52:31 +0000 2019","0","Nonton bareng pendukung Prabowo-Sandiaga di Bali sederhana https://t.co/qGhSL8D15c","1086048653284921345","","","in","","0","0","0","https://x.com/undefined/status/1086048653284921345","846715204637376513",
"1086048651410096128","Thu Jan 17 23:52:30 +0000 2019","0","Pedas !! Prabowo HOAX Jateng Lebih Luas Malaysia Netizen Ramai Nyinyir Begini... https://t.co/gI1QRMVRrE https://t.co/gI1QRMVRrE","1086048651410096128","","","in","","0","0","0","https://x.com/undefined/status/1086048651410096128","2833658184",
"1086048646485790720","Thu Jan 17 23:52:29 +0000 2019","0","Menang dan kalah itu biasa dlam sebuah pertandingn tpii di debat kali ini pak jokowi memang smgat luar biasa. @septria_yanto @nyenyenggg @SatyaJogja12 @LinNasution @Putra_PRP #01UnggulDebat #JokowiKerjanyaNyata #LenganBajuSingsingkan #MDH7","1086048646485790720","","","in","","0","0","0","https://x.com/undefined/status/1086048646485790720","1052928522312810502",
"1085948527040024577","Thu Jan 17 23:52:27 +0000 2019","0","@prabowo @sandiuno Asik pak","1086048635920367616","","prabowo","in","","0","0","0","https://x.com/undefined/status/1086048635920367616","2195103235",
"1086048634318155776","Thu Jan 17 23:52:26 +0000 2019","0","Gimana tidur nya semalem setelah nonton debat capres ?","1086048634318155776","","","in","","0","0","0","https://x.com/undefined/status/1086048634318155776","196044293",
"1086047658077085701","Thu Jan 17 23:52:26 +0000 2019","0","@Ferdinand_Haean Jokowi slow Prabowo joget","1086048631772180480","","Ferdinand_Haean","in","","0","0","0","https://x.com/undefined/status/1086048631772180480","974823652318371841",
"1085883428824731648","Thu Jan 17 23:52:24 +0000 2019","0","@Dennysiregar7 @jokowi @prabowo Terimakasih pak. Dari analisis anda saya sadar bahwa golongan anda adalah golongan yg menilai sesuatu dari cover nya saja.","1086048625707216897","","","in","","0","0","0","https://x.com/undefined/status/1086048625707216897","1453020972",
"1086048600868642817","Thu Jan 17 23:52:18 +0000 2019","0","Bung @ReflyHZ kalau orang yg cerdas melihat dari isu2 yg fundamental dari negara seperti Impor yg unggul Prabowo tapi yg dangkal pasti terbatas di isu2 remeh seperti operasi plastik...","1086048600868642817","","","in","","0","0","0","https://x.com/undefined/status/1086048600868642817","285962535",
"1085919061437890561","Thu Jan 17 23:52:18 +0000 2019","0","@saveroluthfi @IskandarSireg17 @sejutatemanid @prabowo Pengawasan diperketat pengak hukum diperkuat dan pendataan aset yg benar itu maksud dari pencegahan walau pencuri sekalipun jika diawasi dengan ketat maka pencuri tidak akan melakukannya di negara ini ada UU ada HAM jadi gk bisa melarang mantan koruptor yg mau jadi caleg","1086048599534821376","","","in","","0","0","0","https://x.com/undefined/status/1086048599534821376","379228154",
"1086048587329335296","Thu Jan 17 23:52:15 +0000 2019","0","Setuju..ayo pak @prabowo dan @sandiuno next harus lebih greget dan menyerang","1086048587329335296","","","in","","0","0","0","https://x.com/undefined/status/1086048587329335296","1643089093",
"1086048582723985408","Thu Jan 17 23:52:14 +0000 2019","0","Pak Jokowi ji memang #01UnggulDebat #JokowiKerjanyaNyata #LenganBajuSingsingkan #TR19","1086048582723985408","","","in","","0","0","0","https://x.com/undefined/status/1086048582723985408","1027886693204910080",
"1085167978692239365","Thu Jan 17 23:52:12 +0000 2019","0","@PollingLagi @fikri123159 Prabowo sandi insa'alloh menjadi presiden","1086048574754844672","","PollingLagi","in","","0","0","0","https://x.com/undefined/status/1086048574754844672","1423294208",
"1086012624851001344","Thu Jan 17 23:52:09 +0000 2019","0","@yantomee @RimaSus91515578 @fadjroeL @jokowi mendingaan tukang baca lebih banyak manfaatnya drpd tukang culik","1086048560867532800","","yantomee","in","","0","0","0","https://x.com/undefined/status/1086048560867532800","722430828534321152",
"1086048554668285952","Thu Jan 17 23:52:07 +0000 2019","0","Hebatnya lagi melalui pak jokowi Indonesia berhasil menjadi role model setelah presiden jokowi menjadi pembicara i Riyadh di Arab Islamic American Summit tahun 2017. Prestasi jokowi benar-benar diakui dunia. #JokowiAminMenangDebat","1086048554668285952","","","in","","0","0","0","https://x.com/undefined/status/1086048554668285952","1077077817995681793",
"1086048548104200192","Thu Jan 17 23:52:06 +0000 2019","0","Jangan lupa joged dulu kalo lagi emosi biar lebih relax minta pijitin orang disekitar kita biar makin relax itu contoh dari capres kita. #DebatPerdanaPilpres2019","1086048548104200192","","","in","","0","0","0","https://x.com/undefined/status/1086048548104200192","80036011",
"1086048542311952385","Thu Jan 17 23:52:04 +0000 2019","0","Jokowi sebagai petahana dalam pilpres 2019 memberikan 3 Solusi kepada masyarakat untuk penyelesaian HAM yang sudah berlarut dari era presiden Soeharto yang kini belum tuntas dan masih menjadi mimpi buruk bagi kita semua. https://t.co/xFY1CM5e5H #JokowiAminMenangDebat","1086048542311952385","","","in","","0","0","0","https://x.com/undefined/status/1086048542311952385","1084043651414556672",
"1086048532480483328","Thu Jan 17 23:52:02 +0000 2019","0","JKSN menangkan Jokowi-KH Ma'ruf Amindeklrasi di Wonosobo https://t.co/H3UBLa9FVI","1086048532480483328","","","in","","0","0","0","https://x.com/undefined/status/1086048532480483328","18071520",
"1086040971748331521","Thu Jan 17 23:52:01 +0000 2019","0","@ustadtengkuzul Jokowi is the best. We love jokowi","1086048529057861632","","ustadtengkuzul","en","","0","0","0","https://x.com/undefined/status/1086048529057861632","1071959806951321600",
"1086048520790917120","Thu Jan 17 23:51:59 +0000 2019","0","Jikalau demikian pak prabowo tetap jadi warga sipil aja . Jadi presiden itu berat biar pak jokowi aja.","1086048520790917120","","","in","","0","0","0","https://x.com/undefined/status/1086048520790917120","2805742663",
"1086048516625989632","Thu Jan 17 23:51:58 +0000 2019","0","@jokowi","1086048516625989632","","jokowi","qam","","0","0","0","https://x.com/undefined/status/1086048516625989632","1001221701982535680",
"1086048480450142208","Thu Jan 17 23:51:50 +0000 2019","0","Keberhasilan jokowi dalam menanggulangi terorisme. melalui soft approach atau pendekatan secara halus yang menjadi jurus jitu pemerintahan pak jokowi. mengingat metode pendekatan ini diapresiasi dunia internasional. Sosok jokowi memang sangat menakjubkan. #JokowiAminMenangDebat","1086048480450142208","","","in","","0","0","0","https://x.com/undefined/status/1086048480450142208","1077077817995681793",
"1086048466155974656","Thu Jan 17 23:51:46 +0000 2019","0","@null Tonton d'Happening Capres Fiktif Nurhadi Politik Tronjal Tronjol Guyonan-guyon https://t.co/mJPyt3g2S2","1086048466155974656","","null","ht","","0","0","0","https://x.com/undefined/status/1086048466155974656","312037898",
"1085917035312250880","Thu Jan 17 23:51:46 +0000 2019","0","@Dennysiregar7 @prabowo https://t.co/GoBIDr2r9e","1086048465530974208","https://pbs.twimg.com/media/DxJrUTmUYAAe9rx.jpg","","qme","","0","0","0","https://x.com/undefined/status/1086048465530974208","1035074542769602561",
"1086048462431346689","Thu Jan 17 23:51:45 +0000 2019","0","@jokowi yaelah","1086048462431346689","","jokowi","in","","0","0","0","https://x.com/undefined/status/1086048462431346689","78565229",
"1086048461575708672","Thu Jan 17 23:51:45 +0000 2019","0","Ga bs tdr akibat liat dan dengar jwb salah satu Capres pd acara debat semalem #GengPagiMGT #mgtradio","1086048461575708672","","","in","","0","0","0","https://x.com/undefined/status/1086048461575708672","46050748",
"1086048453912711168","Thu Jan 17 23:51:43 +0000 2019","0","jadi kalian Tim jokowi atau Tim prabowo?","1086048453912711168","","","in","","0","0","0","https://x.com/undefined/status/1086048453912711168","1006104222671110144",
"1086048452620894209","Thu Jan 17 23:51:43 +0000 2019","0","Ga terlalu ngikutin debat capres semalam... Habis pake contekan sih. Ada yang kentara banget malah ...","1086048452620894209","","","in","","0","0","0","https://x.com/undefined/status/1086048452620894209","1420508250",
"1086048404055089152","Thu Jan 17 23:51:31 +0000 2019","0","Semalem parah bgt sih chaosnya nyampur2 debat capres geraldy way v mv astro mv dah diem aja jadinya nga buka twitter samsek","1086048404055089152","","","in","","0","0","0","https://x.com/undefined/status/1086048404055089152","924610769425068032",
"1086048399487492097","Thu Jan 17 23:51:30 +0000 2019","0","Bandingkan dengan seksama inilah jurus jitu jokowi tangani persoalan terorisme. https://t.co/mBByW6FsEU #JokowiAminMenangDebat","1086048399487492097","","","in","","0","0","0","https://x.com/undefined/status/1086048399487492097","1077077817995681793",
"1086048397755207680","Thu Jan 17 23:51:30 +0000 2019","0","Pesan Sakral Jokowi Jelang Debat Pilpres https://t.co/JxKUTAVtqo","1086048397755207680","","","in","","0","0","0","https://x.com/undefined/status/1086048397755207680","1083524399179784193",
"1085890852017197056","Thu Jan 17 23:51:30 +0000 2019","0","@LAMBE_WARAS @P3nj3l4j4h @TheArieAir @GesuriID @fadjroeL Orang Benar selalu dihina dan di fitnah. Pak jokowi tetap yang terbaik","1086048395918139392","","LAMBE_WARAS","in","","0","0","0","https://x.com/undefined/status/1086048395918139392","1086037533803180032",
"1085939726253604864","Thu Jan 17 23:51:29 +0000 2019","0","@SalmaBrecht @Fahrihamzah telepromter mah alat bantu doang..tapi isi pidato itu hasil pemikiran capres.. p. Prabowo dan Sandi #PrabowoIndonesiaMenang pemikirannya ada dlm.buku Paradok Indonesia.. jadi isinya sdh siap di kepala makanya lancar.. bukan dicatatan yg dibacanya terbata2..","1086048392440991746","","SalmaBrecht","in","","0","0","0","https://x.com/undefined/status/1086048392440991746","339436825",
"1086048386875179008","Thu Jan 17 23:51:27 +0000 2019","0","Visi Jokowi-Amin untuk Bangun Sistem Budaya Antikorupsi Lebih Jelas https://t.co/rR5Qhf12qt https://t.co/WOAGeN7DKb","1086048386875179008","https://pbs.twimg.com/media/DxJrP8hV4AAIB-9.jpg","","in","","0","0","0","https://x.com/undefined/status/1086048386875179008","68930552",
"1085930901081477125","Thu Jan 17 23:51:19 +0000 2019","0","@P3nj3l4j4h Aku kok melu isin yo punya capres kek gini","1086048351689162752","","P3nj3l4j4h","in","","0","0","0","https://x.com/undefined/status/1086048351689162752","1077427810392633344",
"1086048336380026880","Thu Jan 17 23:51:15 +0000 2019","0","Selama 4 tahun terakhir pemerintah jokowi telah menjalankan pendekatan lunak melalui Badan Nasional Penanggulangan Terorisme (BNPT). Keseriusan jokowi atasi aksi terorisme benar terlihat &amp; terbuktikan. Sampai2 peneliti drLIPI turut memuji langkah jokowi. #JokowiAminMenangDebat","1086048336380026880","","","in","","0","0","0","https://x.com/undefined/status/1086048336380026880","1077077817995681793",
"1086048316683476992","Thu Jan 17 23:51:11 +0000 2019","0","@null Tonton d'Happening Capres Fiktif Nurhadi Politik Tronjal Tronjol Guyonan-guyon https://t.co/3sYOhjeW5h","1086048316683476992","","null","ht","","0","0","0","https://x.com/undefined/status/1086048316683476992","849336524",
"1086048314091401216","Thu Jan 17 23:51:10 +0000 2019","0","Timeline ku ini netral bet dah Scrol pak prabowo-sandi Scrol pak jokowi-ma'ruf Liat faktanya. Turun kelapangan. Kaya pak @prabowo @sandiuno Jangan liat yg ada di depan tv aja. Karna kebanyakan yg depan tv mah udah settingan. #2019PrabowoPresidenRI #PrabowoIndonesiaMenang","1086048314091401216","","","in","","0","0","0","https://x.com/undefined/status/1086048314091401216","482584469",
"1086043503300202497","Thu Jan 17 23:51:09 +0000 2019","0","@parodi_negeri @StalistS Paslon #01 paling konsisten dari awal sampai acara debat selesai Baik capres maupun cawapres-nya konsisten lihat contekan. #Contekan","1086048307841908736","","Neger1_Parodi","in","","0","0","0","https://x.com/undefined/status/1086048307841908736","1685174450",
"1086048302133534721","Thu Jan 17 23:51:07 +0000 2019","0","cek -&gt; Tonton d'Happening Capres Fiktif Nurhadi Politik Tronjal Tronjol Guyonan-guyon https://t.co/lY2Gua1XZM","1086048302133534721","","","in","","0","0","0","https://x.com/undefined/status/1086048302133534721","1184087684",
"1085946458505830400","Thu Jan 17 23:51:06 +0000 2019","0","@prabowo @sandiuno https://t.co/m1jUUNRO3F Semangat pak!!!!!!!!! Pokoe joged...pokoe joged....pokoe joged....","1086048296903135232","","prabowo","in","","0","0","0","https://x.com/undefined/status/1086048296903135232","1072008150159486976",
"1086048278041354240","Thu Jan 17 23:51:01 +0000 2019","0","Terbuka kunci utama Perbedaan Pendapat Jokowi dan Prabowo soal Gaji ASN... https://t.co/jlZuXloz24","1086048278041354240","","","in","","0","0","0","https://x.com/undefined/status/1086048278041354240","899567486818844672",
"1086012624851001344","Thu Jan 17 23:51:00 +0000 2019","0","@WongPati15 @ArulParis @fadjroeL @jokowi sabar brooo.... kampret emang gitu. coba @ArulParis suruh lurusin lututnya dulu.... siapa tau dia ngomong spt itu karena lututnya ditekuk sehingga otaknya ikut ketekuk","1086048271015993344","","WongPati15","in","","0","0","0","https://x.com/undefined/status/1086048271015993344","722430828534321152",
"1086048260802850816","Thu Jan 17 23:50:57 +0000 2019","0","Jokowi baik #01UnggulDebat #JokowiKerjanyaNyata #LenganBajuSingsingkan #meu7","1086048260802850816","","","in","","0","0","0","https://x.com/undefined/status/1086048260802850816","2813162719",
"1086048259720720385","Thu Jan 17 23:50:57 +0000 2019","0","KPU Kota Semarang menggelar Pemilu 2019 KPU Kota Semarang bersama Polrestabes Semarang menggelar Jumpa Pers di Gudang Logistik KPU di Diamon Cipta Niaga di Jl Arteri Yos Sudarso Semarang Utara. Kamis 17 Januari 2019. https://t.co/kwBSn9brBO","1086048259720720385","https://pbs.twimg.com/media/DxJrAEpV4AAvpwC.jpg","","in","","0","0","0","https://x.com/undefined/status/1086048259720720385","2363767141",
"1086048254314242048","Thu Jan 17 23:50:56 +0000 2019","0","@null Tonton d'Happening Capres Fiktif Nurhadi Politik Tronjal Tronjol Guyonan-guyon https://t.co/Fd9djwjfM9","1086048254314242048","","null","ht","","0","0","0","https://x.com/undefined/status/1086048254314242048","1196188764",
"1086046730213195776","Thu Jan 17 23:50:56 +0000 2019","0","@donny7etrost Sayang sekali Prabowo tidak bisa mencecar di bagian itu.","1086048253429276672","","donny7etrost","in","","0","0","0","https://x.com/undefined/status/1086048253429276672","542263382",
"1086048250585481216","Thu Jan 17 23:50:55 +0000 2019","0","Dalam debat capres-cawapres Jokowi-Ma'ruf dan Prabowo-Sandi sama-sama menutup debat capres tanpa pernyataan apresiasi. #01UnggulDebat #JokowiKerjanyaNyata #LenganBajuSingsingkan #MAZ4","1086048250585481216","","","in","","0","0","0","https://x.com/undefined/status/1086048250585481216","137245702",
"1085960384857628672","Thu Jan 17 23:50:53 +0000 2019","0","@KPU_ID @maspiyuuu Kebanyakan nyontek jokowi","1086048241328635904","","KPU_ID","in","","0","0","0","https://x.com/undefined/status/1086048241328635904","1064512826109190144",
"1086048236173897728","Thu Jan 17 23:50:51 +0000 2019","0","Prabowo Mengaku Tegang di Debat Perdana Hingga Amien Rais Tanggapi KH Maruf Amin https://t.co/RqGP4T5H8Y lewat @tribunmedan","1086048236173897728","","","in","","0","0","0","https://x.com/undefined/status/1086048236173897728","142305302",
"1086048227151863808","Thu Jan 17 23:50:49 +0000 2019","0","Debat semalam di #jawatimur #jatim. #jokowi #JokowiMaruf https://t.co/mXHlLdzSLh","1086048227151863808","","","in","","0","0","0","https://x.com/undefined/status/1086048227151863808","230416398",
"1086048226367569921","Thu Jan 17 23:50:49 +0000 2019","0","Kata Pak Jokowi genggam tanganku saat tubuhku terasa ngilu ...... #01UnggulDebat #JokowiKerjanyaNyata #LenganBajuSingsingkan #CXA5 https://t.co/cWoLLvjnls","1086048226367569921","https://pbs.twimg.com/media/DxJrGVlUwAAn_Vd.jpg","","in","","0","0","0","https://x.com/undefined/status/1086048226367569921","1408025444",
"1086048224865992705","Thu Jan 17 23:50:49 +0000 2019","0","Claims and rebuttals rule as Jokowi debates Prabowo in Indonesia's first presidential debate https://t.co/BRYHjJ48De","1086048224865992705","","","en","","0","0","0","https://x.com/undefined/status/1086048224865992705","2268965659",
"1085942563356332032","Thu Jan 17 23:50:48 +0000 2019","0","@Dennysiregar7 @prabowo @sandiuno Terima kasih lae @Dennysiregar7 sdh lama saya mencari tahu prestasi @prabowo .","1086048220730413056","","","in","","0","0","0","https://x.com/undefined/status/1086048220730413056","1038052947265875969",
"1086048220558483456","Thu Jan 17 23:50:48 +0000 2019","0","Kemarin malam Pak Jokowi Tutup Debat dengan Isu Rekam Jejak HAM dan Otoriter #JokowiAminMenangDebat #01IndonesiaMaju","1086048220558483456","","","in","","0","0","0","https://x.com/undefined/status/1086048220558483456","1045239604071153664",
"1086048205630930944","Thu Jan 17 23:50:44 +0000 2019","0","Setelah #DebatPertamaPilpres2019 semalem. Pagi ini dikantor gw berlanjut debatnya. Isinya? Bahas blunder2 capres-cawapres. Gk penting sm sekali. Kalo msh gini2 aja wajar si kalo Indonesia belum maju. Atau bahkan gw pesimis bakal ada perubahan.","1086048205630930944","","","in","","0","0","0","https://x.com/undefined/status/1086048205630930944","139375155",
"1086048203403751424","Thu Jan 17 23:50:44 +0000 2019","0","Cukup debat capres semalam aja yang panas hatiku dan hatimu jangan.. ","1086048203403751424","","","in","","0","0","0","https://x.com/undefined/status/1086048203403751424","740522600531558401",
"1086048186731454464","Thu Jan 17 23:50:40 +0000 2019","0","Deklarasi Pemilu Damai 2019 Pengurus masjid Ridha Allah somba Kec. Sendana https://t.co/wdLLiGGlEP","1086048186731454464","https://pbs.twimg.com/ext_tw_video_thumb/1086047987141242883/pu/img/3x-Kt_9dzbhsYnHj.jpg","","in","","0","0","0","https://x.com/undefined/status/1086048186731454464","845094332856119296",
"1086048185984856064","Thu Jan 17 23:50:39 +0000 2019","0","Lol gw liat paslon 2 malah gak ada sama sekali menggunakan kata2 yg menunjukan bahwa mereka memiliki paham agama islam yg tinggi. Justru jokowi dan KMA yg banyak melakukan itu mendiskreditkan dimana? Dan membela islam dr sudut mana?","1086048185984856064","","","in","","0","0","0","https://x.com/undefined/status/1086048185984856064","215757154",
"1085917278627983362","Thu Jan 17 23:50:39 +0000 2019","0","@allcoholt @thinkerboyy @shitlicious Ketum juga kayanya ga akan berani kalo sebelum nya bapak presiden nya g ngizinin gimanasih pertanyaan capres no 1 https://t.co/uZVJMNJnYG","1086048182084096001","https://pbs.twimg.com/media/DxJrDydVAAA9m7A.jpg","csharming","in","","0","0","0","https://x.com/undefined/status/1086048182084096001","80322690",
"1085948527040024577","Thu Jan 17 23:50:37 +0000 2019","0","@prabowo @sandiuno Saya sebagai seorang penyandang difabel mendukung gagasan bapak mengenai disabilitas/difabel saya tidak ingin dikasihani tapi saya butuh kesempatan bekerja secara yang punya fisik normal saja susah mencari kerja apalagi saya yang punya kekurangan fisik.. ","1086048176820314112","","prabowo","in","","0","0","0","https://x.com/undefined/status/1086048176820314112","133980427",
"1085948527040024577","Thu Jan 17 23:50:36 +0000 2019","0","@prabowo @sandiuno Kasihan","1086048171543777280","","prabowo","in","","0","0","0","https://x.com/undefined/status/1086048171543777280","59022354",
"1086048166510653440","Thu Jan 17 23:50:35 +0000 2019","0","Nilai gw tuk debat semalam itu ga ada yg menang buat calon tp yg menang itu @KPU_ID. Sukses dah bisa buat orang indonesia keliata dungu semua. Ada gitu debat model gitu om @rockygerung n om @Fahrihamzah. mana argumen masing capres?","1086048166510653440","","","in","","0","0","0","https://x.com/undefined/status/1086048166510653440","776153310",
"1085946458505830400","Thu Jan 17 23:50:35 +0000 2019","0","@prabowo @sandiuno Terima kasih Pak.....kalian berdua sdh tampil dgn baik dan Alkhamdullillah kubu lawan(petahana) membuka kemunafikan nya sendiri dan kedunguan nya di depan publik smp2 hampir semua jawaban jaka sembung bawa golok.....pak. semangat pak...Salam 2 jari.","1086048165625647104","","prabowo","in","","0","0","0","https://x.com/undefined/status/1086048165625647104","1085318156187459584",
"1086048146487009280","Thu Jan 17 23:50:30 +0000 2019","0","Lebih dulu mendatangi lawan debat sikap terpuji Jokowi #01UnggulDebat #JokowiKerjanyaNyata #LenganBajuSingsingkan #iap9 https://t.co/nwFMqD6Q3q","1086048146487009280","https://pbs.twimg.com/media/DxJrBGSU0AAMXDr.jpg","","in","","0","0","0","https://x.com/undefined/status/1086048146487009280","955692349182455808",
"1085935772195184640","Thu Jan 17 23:50:28 +0000 2019","0","@WowerNet @MbahUyok @ayudh41 @jokowi @MRomahurmuziy @erickthohir @arsul_sani Tdk paham apa yg diputuskan kecuali #keputusanimpor yg banyak feenya... ","1086048139641991168","","WowerNet","in","","0","0","0","https://x.com/undefined/status/1086048139641991168","1070863240329015296",
"1086048135414046720","Thu Jan 17 23:50:27 +0000 2019","0","Pakai penterjemah aja lebih baik buat Jokowi daripada maksa bhs Inggris kpd presiden Amerika. Kesan saya itu bkn bhs Inggris tapi bhs Linggis.","1086048135414046720","","","in","","0","0","0","https://x.com/undefined/status/1086048135414046720","1042686444257435648",
"1086048126379614208","Thu Jan 17 23:50:25 +0000 2019","0","@null Tonton d'Happening Capres Fiktif Nurhadi Politik Tronjal Tronjol Guyonan-guyon https://t.co/UgMmgUfGEi","1086048126379614208","","null","ht","","0","0","0","https://x.com/undefined/status/1086048126379614208","840989714",
"1086048118179651584","Thu Jan 17 23:50:23 +0000 2019","0","Jokowi mantap #01UnggulDebat #JokowiKerjanyaNyata #LenganBajuSingsingkan #meu6","1086048118179651584","","","in","","0","0","0","https://x.com/undefined/status/1086048118179651584","2813162719",
"1085924007021547520","Thu Jan 17 23:50:23 +0000 2019","0","@Rizki44874585 @prabowo @sandiuno Siapkan teks... begitu sabda Raja Got","1086048116359409664","","Rizki44874585","in","","0","0","0","https://x.com/undefined/status/1086048116359409664","985100236371537920",
"1086048112248901632","Thu Jan 17 23:50:22 +0000 2019","0","@null Tonton d'Happening Capres Fiktif Nurhadi Politik Tronjal Tronjol Guyonan-guyon https://t.co/BlAr3HQi8Z","1086048112248901632","","null","ht","","0","0","0","https://x.com/undefined/status/1086048112248901632","1679852396",
"1086048094695772160","Thu Jan 17 23:50:18 +0000 2019","0","@null Tonton d'Happening Capres Fiktif Nurhadi Politik Tronjal Tronjol Guyonan-guyon https://t.co/qXX6iFtM3l","1086048094695772160","","null","ht","","0","0","0","https://x.com/undefined/status/1086048094695772160","1557463332",
"1086048093970132992","Thu Jan 17 23:50:18 +0000 2019","0","Ketiduran pas ntn debat capres :((","1086048093970132992","","","in","","0","0","0","https://x.com/undefined/status/1086048093970132992","183252354",
"1086048076551184384","Thu Jan 17 23:50:13 +0000 2019","0","@null Tonton d'Happening Capres Fiktif Nurhadi Politik Tronjal Tronjol Guyonan-guyon https://t.co/xPLKTrybiL","1086048076551184384","","null","ht","","0","0","0","https://x.com/undefined/status/1086048076551184384","625593086",
"1085960384857628672","Thu Jan 17 23:50:13 +0000 2019","0","@KPU_ID Debat kok nyontek ? Nggak seru!! Capres ditanya apa dijawab apa ngga nyambung?Jadi tahu siapa yg akan dipermalukan? KPU mesti independen...untuk sisa Debat mohon diperbaiki kembali...biarkan capres beradu pikiran bkn contekan...ngga mendidik&amp; mencerdaskan Rakyat dgn contekan tsb","1086048074043031552","","KPU_ID","in","","0","0","0","https://x.com/undefined/status/1086048074043031552","707424127473164289",
"1086048065394376704","Thu Jan 17 23:50:11 +0000 2019","0","@null Tonton d'Happening Capres Fiktif Nurhadi Politik Tronjal Tronjol Guyonan-guyon https://t.co/iLlXXMwjZs","1086048065394376704","","null","ht","","0","0","0","https://x.com/undefined/status/1086048065394376704","205533274",
"1086048063393689600","Thu Jan 17 23:50:10 +0000 2019","0","Pak capres 02. Kami yg awam sudh tdk bisa dikadali di era melenia. Slm 2 priode","1086048063393689600","","","in","","0","0","0","https://x.com/undefined/status/1086048063393689600","2352475932",
"1086048057043505154","Thu Jan 17 23:50:09 +0000 2019","0","gue doang y yang males nonton debat capres abisnya otak gue belom siap ntar gak nangkep /YH","1086048057043505154","","","in","","0","0","0","https://x.com/undefined/status/1086048057043505154","2336651088",
"1086048035883208704","Thu Jan 17 23:50:04 +0000 2019","0","Siap siap di serang ama orang kantor nih soal Prabowo korupsinya ga seberapa wakakaka kuping harus siap pura-pura ga denger aja.","1086048035883208704","","","in","","0","0","0","https://x.com/undefined/status/1086048035883208704","155096208",
"1086048027649859584","Thu Jan 17 23:50:02 +0000 2019","0","Pijatan Sandiaga Uno #prabowo https://t.co/9x1nlj4U11","1086048027649859584","","","in","","0","0","0","https://x.com/undefined/status/1086048027649859584","990237626",
"1086048015532478464","Thu Jan 17 23:49:59 +0000 2019","0","Jokowi sudah menguasai cara penanganan terorisme. karena selama empat tahun ini upaya jokowi dalam menanggulangi aksi terorismedi apresiasi baik dalam maupun luar negeri. #JokowiAminMenangDebat","1086048015532478464","","","in","","0","0","0","https://x.com/undefined/status/1086048015532478464","1077077817995681793",
"1086048013145919488","Thu Jan 17 23:49:58 +0000 2019","0","I liked a @YouTube video https://t.co/h3PdHpK0XG Saksi Prabowo Bingung Di Tanya Hakim MK","1086048013145919488","","","in","","0","0","0","https://x.com/undefined/status/1086048013145919488","4726390831",
"1086048008020488192","Thu Jan 17 23:49:57 +0000 2019","0","Kalo sudah liat debat Capres cawapres kemarin jelas terlihat ada Paslon yg ngakunya Anti Korupsi tapi mentolerir kalo Korupsinya nggak seberapa dan bukan Trilyunan? Anda masih mau pilih paslon Anti Korupsi KW tsb? Anda waras atau Kroni Koruptor? @sahabatICW @KPK_RI @PEGAAS","1086048008020488192","","","in","","0","0","0","https://x.com/undefined/status/1086048008020488192","280002986",
"1086048002848972800","Thu Jan 17 23:49:56 +0000 2019","0","Momen Debat Capres-Cawapres yang Paling Bikin Geleng Kepala https://t.co/feGqIcw0jN","1086048002848972800","","","in","","0","0","0","https://x.com/undefined/status/1086048002848972800","426321924",
"1085942547321483264","Thu Jan 17 23:49:50 +0000 2019","0","@RajaPurwa @KasanMulyono Harusnya Pak Prabowo bilang : berarti bapak bohong dong bilang sedih... Hancurkan... #RakyatSudahMuak","1086047979583111168","","RajaPurwa","in","","0","0","0","https://x.com/undefined/status/1086047979583111168","1082629745978658816",
"1086047967692304384","Thu Jan 17 23:49:47 +0000 2019","0","Komjen Pol Suhardi Alius sebagai Kepala Badan Nasional Penanggulangan Terorisme (BNPT) mengaku telah memberikan masukan kepada Capres 01 Joko Widodo soal penanganan terorisme terkait materi debat capres pertama yang berlangsung Kamis. #JokowiAminMenangDebat #01IndonesiaMaju","1086047967692304384","","","in","","0","0","0","https://x.com/undefined/status/1086047967692304384","1045239604071153664",
"1086047962327703552","Thu Jan 17 23:49:46 +0000 2019","0","@prabowo insyaAllah menang Aminnn","1086047962327703552","","prabowo","in","","0","0","0","https://x.com/undefined/status/1086047962327703552","2235453535",
"1086047950101348352","Thu Jan 17 23:49:43 +0000 2019","0","Jokowi luar biasa #01UnggulDebat #JokowiKerjanyaNyata #LenganBajuSingsingkan #meu5","1086047950101348352","","","in","","0","0","0","https://x.com/undefined/status/1086047950101348352","2813162719",
"1086047942379745280","Thu Jan 17 23:49:41 +0000 2019","0","#AkuSERUJI: Atasi Tumpang Tindih Peraturan Jokowi Akan Bentuk Pusat Legislasi Nasional https://t.co/88hTYFO1Gl","1086047942379745280","","","in","","0","0","0","https://x.com/undefined/status/1086047942379745280","209041161",
"1086047933064040448","Thu Jan 17 23:49:39 +0000 2019","0","Milih capres kudu nganggo ati. Le milih di batin wae rasah di coblos. Hidup golput !","1086047933064040448","","","in","","0","0","0","https://x.com/undefined/status/1086047933064040448","261013726",
"1086047929167560704","Thu Jan 17 23:49:38 +0000 2019","0","Itu yang ingin disampaikan Pak Jokowi dia mengapresiasi. Mengapresiasinya bukan dengan verbal tetapi dengan mendatangi kemudian berinisiatif memeluk Prabowo dan sebagainya #01UnggulDebat #JokowiKerjanyaNyata #LenganBajuSingsingkan #MAZ3","1086047929167560704","","","in","","0","0","0","https://x.com/undefined/status/1086047929167560704","137245702",
"1086047882673836033","Thu Jan 17 23:49:27 +0000 2019","0","Momen Debat Capres-Cawapres yang Paling Bikin Geleng Kepala https://t.co/85vtl2nUNx","1086047882673836033","","","in","","0","0","0","https://x.com/undefined/status/1086047882673836033","168903780",
"1086047873630760960","Thu Jan 17 23:49:25 +0000 2019","0","Debat capres kali ini ada yang relevansinya kurang ada yang lebih mendominasi dari yang lain. Dan overall bahasannya kurang mendalami topik dan malah ada yg penting to terlewatkan and vice versa. Semoga bisa jadi evaluasi biar ga keulang uwuu","1086047873630760960","","","in","","0","0","0","https://x.com/undefined/status/1086047873630760960","982043218081595393",
"1086047866907492352","Thu Jan 17 23:49:23 +0000 2019","0","Anggota Hipmi : ''Debat pertama bagai isi kertas vs isi kepala. Jokowi bermain flaying victim membingkai opini seolah lawan yakni kubu Prabowo-Sandi tukang tuduh atau hoax. Padahal apa yang diutarakan Paslon 02 buktinya ada di berita.'' https://t.co/xaNKjpWk3z","1086047866907492352","","","in","","0","0","0","https://x.com/undefined/status/1086047866907492352","1476693997",
"1086047863270866945","Thu Jan 17 23:49:23 +0000 2019","0","Ini Alasan Prabowo-Sandi Tidak Bahas Kasus Novel Baswedan https://t.co/GZuCDuHDhE","1086047863270866945","https://pbs.twimg.com/media/DxJqxocUwAAFEdm.jpg","","in","","0","0","0","https://x.com/undefined/status/1086047863270866945","3288053485",
"1086047859550515200","Thu Jan 17 23:49:22 +0000 2019","0","beliau hebatnya emang ga ada duanya semoga jd capres abadi..aamiin","1086047859550515200","","","in","","0","0","0","https://x.com/undefined/status/1086047859550515200","240983005",
"1086047839807885312","Thu Jan 17 23:49:17 +0000 2019","0","Sy membayangkan begini sebenarnya: Kisi kisi yg diberikan @KPU_ID akan sangat membantu petahana. Petahana hx perlu mencari daftar pekerjaan yg sdh dia lakukan ut jawabannya. Tp nampaknya tim pak jokowi tetap tdk ketemua data itu. Opsi nya juga kan cuma A &amp; B","1086047839807885312","","","in","","0","0","0","https://x.com/undefined/status/1086047839807885312","207411598",
"1086047831419379712","Thu Jan 17 23:49:15 +0000 2019","0","Hebatnya lagi pendekatan yang dilakukan era pak jokowi dalam menanggulangi terorisme sangat di apresiasi oleh dunia internasional. #JokowiAminMenangDebat","1086047831419379712","","","in","","0","0","0","https://x.com/undefined/status/1086047831419379712","1077077817995681793",
"1086047820841451520","Thu Jan 17 23:49:12 +0000 2019","0","Jokowi merasa hidupnya cuma 1 detik kali.. makanya merasa tak punya rekam jejak masa lalu.. andai ada sesi putar ulang video kampanye dulu terus teks nya di sita KPU gmn nasibmu ya pak. Wapres 01 apa kabar hari ini yak?udh ketemu buk mega sama luhut panjaitan blm ya?","1086047820841451520","","","in","","0","0","0","https://x.com/undefined/status/1086047820841451520","247140127",
"1086034219258634241","Thu Jan 17 23:49:07 +0000 2019","0","@nurasiauno @prabowo @sandiuno Msh kurang greged klo bisa tanya dan jwbnya hajar sampai KO kata R.Gerung.","1086047799454576640","","pakarkampanye","in","","0","0","0","https://x.com/undefined/status/1086047799454576640","1037485901939585026",
"1086047781637087233","Thu Jan 17 23:49:03 +0000 2019","0","SBY dulu didemo dibawain kerbau dan ditulisi SiBuYa Jokowi blm pernah diperlakukan sprt itu dan klo mau flashback ke belakang mk apa yg menimpa Jokowi hari ini di medsos tdk lebih dari karma atas kelakukan pendukungnya di masa lampau yg bgtu jaya di medsos intropeksi dirilah","1086047781637087233","","","in","","0","0","0","https://x.com/undefined/status/1086047781637087233","109744397",
"1086047781125410816","Thu Jan 17 23:49:03 +0000 2019","0","Semoga pemilu ini cepat kelar mau presidennya siapapun hidup gue gini-gini aja kok dari dulu kenaikan gaji aja gak gede-gede amat karena kerja di perusahaan swasta asing /HEH","1086047781125410816","","","in","","0","0","0","https://x.com/undefined/status/1086047781125410816","2483780994",
"1086047779368120320","Thu Jan 17 23:49:03 +0000 2019","0","Momen Debat Capres-Cawapres yang Paling Bikin Geleng Kepala https://t.co/BNDdotdIPZ","1086047779368120320","","","in","","0","0","0","https://x.com/undefined/status/1086047779368120320","286472930",
"1086047776335552514","Thu Jan 17 23:49:02 +0000 2019","0","Yang lain nntn debat capres aing nulis nulis revisian. Fix lah #NurhadiAldoSaja","1086047776335552514","","","in","","0","0","0","https://x.com/undefined/status/1086047776335552514","165751161",
"1085201387489619968","Thu Jan 17 23:49:02 +0000 2019","0","@RelawanProSandi @faizalassegaf @jokowi @prabowo Udah","1086047775559639040","","RelawanProSandi","in","","0","0","0","https://x.com/undefined/status/1086047775559639040","832839892635836417",
"1086047770392182784","Thu Jan 17 23:49:00 +0000 2019","0","Pasca debat capres dan cawapres pertama mari kita merawat nalar bersama untuk menilai dengan jernih dan objektif siapa yang lebih owning/unggul kali ini (masih ada 4 ronde lagi). (1)","1086047770392182784","","","in","","0","0","0","https://x.com/undefined/status/1086047770392182784","726112788",
"1086047766755733504","Thu Jan 17 23:49:00 +0000 2019","0","Pengamat terorisme Ridlwan Habib acungi jempol Jokowi dalam atasi persoalan terorisme. https://t.co/urmlODELL0 #JokowiAminMenangDebat","1086047766755733504","","","in","","0","0","0","https://x.com/undefined/status/1086047766755733504","1077077817995681793",
"1086047738813272064","Thu Jan 17 23:48:53 +0000 2019","0","Saya kira begini itu memang sengaja kan debat itu kan ada unsur talk and show-nya tetapi kan Pak Jokowi mengambil inisiatif dengan mengambil langkah lebih dulu mendatangi (Prabowo). #01UnggulDebat #JokowiKerjanyaNyata #LenganBajuSingsingkan #MAZ2","1086047738813272064","","","in","","0","0","0","https://x.com/undefined/status/1086047738813272064","137245702",
"1086040971748331521","Thu Jan 17 23:48:52 +0000 2019","0","@tomisanjaya23 @ustadtengkuzul Ga emosi cuma yaaa lu liat sandi sama prabowo sampe bawa map. Kita ga ada permasalahkan mau bawa teks atau apa kek. Yg dicari visi dan misi untuk indonesia bukan pakai teks atau non teks.","1086047737177550848","","","in","","0","0","0","https://x.com/undefined/status/1086047737177550848","240668368",
"1086044905275715584","Thu Jan 17 23:48:50 +0000 2019","0","@Ferdinand_Haean Orang islam tidak membicarakan kejelekan orang lain. Anda berkaca pd diri sendiri dulu ferdinan. Anda tidak sebaik jokowi..","1086047724888182784","","Ferdinand_Haean","in","","0","0","0","https://x.com/undefined/status/1086047724888182784","3284656268",
"1086047721213968384","Thu Jan 17 23:48:49 +0000 2019","0","Presiden Joko Widodo (Jokowi) menggelar rapat terbatas (ratas) membahas rencana kebijakan Dana Kelurahan. #2019JokowiKyaiMaruf #JokowiKHMaruf4Indonesia #TCMS6 #Jokowi2Periode https://t.co/Jv2sWF0311","1086047721213968384","","","in","","0","0","0","https://x.com/undefined/status/1086047721213968384","1036458406846943232",
"1086047721197318144","Thu Jan 17 23:48:49 +0000 2019","0","Menjadi Pemilih Yang Cerdas Pilih Jokowi-KH Ma'ruf Amin Kata Pemuda Ciruas Kabupaten Serang: https://t.co/VsNxFbSrA3 melalui @YouTube","1086047721197318144","","","in","","0","0","0","https://x.com/undefined/status/1086047721197318144","1014868017346379779",
"1085911921964900353","Thu Jan 17 23:48:46 +0000 2019","0","@zarazettirazr @prabowo Jaka sembung bawa golok","1086047711948722176","","","in","","0","0","0","https://x.com/undefined/status/1086047711948722176","994208778139582464",
"1086031732510347264","Thu Jan 17 23:48:45 +0000 2019","0","@agung2412 @prabowo @jokowi Jd fix kan pak caleg eks koruptor selama sdh menjalani hukuman bisa ikut nyaleg","1086047707733487616","","tweet_bebas07","in","","0","0","0","https://x.com/undefined/status/1086047707733487616","211106650",
"1085946458505830400","Thu Jan 17 23:48:43 +0000 2019","0","@prabowo @aracellians @sandiuno Perlu lebih greget lagi pak debatnya..!!!","1086047697969176576","","prabowo","in","","0","0","0","https://x.com/undefined/status/1086047697969176576","2893873206",
"1086047684908048384","Thu Jan 17 23:48:40 +0000 2019","0","WONG CILIK OPTIMIS MENANGKAN JOKOWI-MA'ARUF AMIN UNTUK INDONESIA KERJA","1086047684908048384","","","in","","0","0","0","https://x.com/undefined/status/1086047684908048384","969131479220477953",
"1086047674992713729","Thu Jan 17 23:48:38 +0000 2019","0","Tak tanggung-tanggung pemerhati terorisme turut puji langkah jokowi. https://t.co/urmlODELL0 #JokowiAminMenangDebat","1086047674992713729","","","in","","0","0","0","https://x.com/undefined/status/1086047674992713729","1077077817995681793",
"1085856478567616512","Thu Jan 17 23:48:37 +0000 2019","0","@BasukiAyu @zudhi_setiadi @HajrahDouboegis @bangagoeng96 @NoessChe @HotPepperminTea @Laskarsurajaya2 @Dody_Lukas___ @Riast10 @EDitektif @endrapoer @abiyyu231299 @Rusydi_riau40 @IpungLombok @HarryRidwan_Ay @harysantana @Teh_telor78 @prabowo @sandiuno Assalamualaikum.... Selamat pagi.... #PrabowoIndonesiaMenang","1086047672505556992","","BasukiAyu","in","","0","0","0","https://x.com/undefined/status/1086047672505556992","759057293597999104",
"1086047669028442112","Thu Jan 17 23:48:36 +0000 2019","0","#trubusmania Jokowi: UU Baru Disabilitas Ubah Paradigma Lama #trubusid https://t.co/IDPpjmBlAN","1086047669028442112","","","in","","0","0","0","https://x.com/undefined/status/1086047669028442112","749861013827170308",
"1086047657062150144","Thu Jan 17 23:48:33 +0000 2019","0","Hal yg mendasar debat pilpres semalam ada 3 point yg mana Prabowo tersipu malu. 1. jawaban jokowi mengenai hoak OPLAS 2. Pertanyaan jokowi hal inkonsistensi visi misi keterwakilan hak perempuan persamaan gender. 3. Pertanyaan jokowi soal korupsi udah stadium 4.","1086047657062150144","","","in","","0","0","0","https://x.com/undefined/status/1086047657062150144","759634136319406080",
"1085554163071606789","Thu Jan 17 23:48:29 +0000 2019","0","@SerpihanKalbu @roninpribumi @Harootoyo @PDI_Perjuangan @andreOPA Skali lgi hanya mengingatkan yg milih jokowi hanya orang yg berkepentingan.... Dan yg tidak berkepentingan milih jokowi adalah orang2 yg bodoh..#2019PrabowoPresidenRI #2019GantiPresiden","1086047640133951488","","SerpihanKalbu","in","","0","0","0","https://x.com/undefined/status/1086047640133951488","2448752857",
"1086047635423715328","Thu Jan 17 23:48:28 +0000 2019","0","Jokowi top #01UnggulDebat #JokowiKerjanyaNyata #LenganBajuSingsingkan #meu3","1086047635423715328","","","in","","0","0","0","https://x.com/undefined/status/1086047635423715328","2813162719",
"1085979971527467008","Thu Jan 17 23:48:25 +0000 2019","0","@Adot1998 @fadlizon @prabowo @Gerindra @Dahnilanzar Setuju... Muka sederhananya hanya kamuflase. Jangan tertipu... Hinakan dengan data fan fakta telanjangi kegagalannya agar rakyat tidak tertipu lagi. Hinakan dia dengan data dan fakta agar dia sadar diri dan tidak makin jumawa. #RakyatSudahMuak","1086047620240306176","","","in","","0","0","0","https://x.com/undefined/status/1086047620240306176","1082629745978658816",
"1085962557280538624","Thu Jan 17 23:48:24 +0000 2019","0","@eae18 @jokowi Beda tadz nyanyian kodok ustadz lbh Metal tadz","1086047618952704001","","effendi____","in","","0","0","0","https://x.com/undefined/status/1086047618952704001","991947904863559682",
"1086047606931828736","Thu Jan 17 23:48:21 +0000 2019","0","CEK FAKTA: Pernyataan Prabowo soal Tax Ratio Indonesia https://t.co/4NKfxLHRne","1086047606931828736","","","in","","0","0","0","https://x.com/undefined/status/1086047606931828736","359952462",
"1086047605895979008","Thu Jan 17 23:48:21 +0000 2019","0","Momen Debat Capres-Cawapres yang Paling Bikin Geleng Kepala https://t.co/IJ9BcpA91f","1086047605895979008","","","in","","0","0","0","https://x.com/undefined/status/1086047605895979008","1919150491",
"1085904767765831680","Thu Jan 17 23:48:20 +0000 2019","0","@pujangga1123 @justinusas @jokowi @P3nj3l4j4h @RizmaWidiono @Dwiyana_DKM @4Y4NKZ @kangdede78 @addiems @enylove2 @evndari Kelebihan 01 menampar dengan perkataan secara halus dan menjalur.","1086047602494357504","","Great_Pujangga","in","","0","0","0","https://x.com/undefined/status/1086047602494357504","1048726856344764417",
"1086039372447723520","Thu Jan 17 23:48:20 +0000 2019","0","@agit2530 @Aan_Hantorov @SatyaJogja12 @santrikiai @aji_karno @beny_lombok @PowerEmak @ErickVe @mumu_qyu @kisbet_ Jokowi apik tenan #01UnggulDebat #JokowiKerjanyaNyata #LenganBajuSingsingkan #ITR9","1086047601575645184","","agit2530","in","","0","0","0","https://x.com/undefined/status/1086047601575645184","979334330815152128",
"1086047594185318401","Thu Jan 17 23:48:18 +0000 2019","0","Saya tidak tau apakah orang yg aktif koar2 dkung salah satu capres dan menghina lawannya pas jagoannya g kepilih bakal mau ninggalan Negara.","1086047594185318401","","","in","","0","0","0","https://x.com/undefined/status/1086047594185318401","265393067",
"1085917799162077187","Thu Jan 17 23:48:18 +0000 2019","0","@dulatips @fadlizon Jangan di gebuk lah cak @dulatips takut jantungan yang di berdiri di sebelah pak Jokowi ngga kuat bisa2 gagal #2019PrabowoPresidenRI . Cukup mempertahanka irama permainan saja. Jatuh di panggung kasihan Pak yai nya.Berdiri dua jam saja itu sudah merupakan rekor buat pak yai nya.","1086047590712397825","","farahmagz","in","","0","0","0","https://x.com/undefined/status/1086047590712397825","996876150533079040",
"1086047566674812928","Thu Jan 17 23:48:12 +0000 2019","0","bukti komitmen @Jokowi untuk menumbuhkan pertumbuhan dunia usaha bagi kesejahteraan rakyat. #JokowiAminMenangDebat #KaryaAdalahDoa https://t.co/FYEValfxBs","1086047566674812928","https://pbs.twimg.com/media/DxJqf6RUYAAFnS6.jpg","","in","","0","0","0","https://x.com/undefined/status/1086047566674812928","1078237665164550144",
"1085951057941782528","Thu Jan 17 23:48:10 +0000 2019","0","@Biawak_Buas @jokowi Kami tak ragu pak dengan kerja kerasmu dan kami tak ragu memilihmu kami tak butuh kata2 kami butuh hasilkerja yg nyata","1086047557527076864","","","in","","0","0","0","https://x.com/undefined/status/1086047557527076864","1026481892407668736",
"1085918698865455104","Thu Jan 17 23:48:09 +0000 2019","0","@Ferdinand_Haean @KPU_ID lah ngapain nonton debat capres kalo gitu nonton aja cerdas cermat .!","1086047555966750726","","Ferdinand_Haean","in","","0","0","0","https://x.com/undefined/status/1086047555966750726","2239112882",
"1086047528649351168","Thu Jan 17 23:48:03 +0000 2019","0","@PRFMnews apakah bener pak jokowi hari ini jadwal ke bandung?","1086047528649351168","","PRFMnews","in","","0","0","0","https://x.com/undefined/status/1086047528649351168","1121461890",
"1085929262174003200","Thu Jan 17 23:48:01 +0000 2019","0","@RizmaWidiono @makLambeTurah @jokowi Coba klo gak baca teks pasti bukan itu kata penutup nya","1086047521707679744","","RizmaWidiono","in","","0","0","0","https://x.com/undefined/status/1086047521707679744","1679586571",
"1085929262174003200","Thu Jan 17 23:47:34 +0000 2019","0","@RizmaWidiono @jokowi Iki baru presiden sejati. Seng ora neko2","1086047406729252865","","RizmaWidiono","in","","0","0","0","https://x.com/undefined/status/1086047406729252865","1052259832097431552",
"1085920851139059712","Thu Jan 17 23:47:33 +0000 2019","0","@CH_chotimah @Emsis3 @budimandjatmiko @P3nj3l4j4h @04Nakula @BadjaNuswantara @RizmaWidiono @Dwiyana_DKM @Paltiwest Nilai giografinya dulu wkt sekolah brp ya ? Mindahin Haiti ke Afrika skrg Jateng dibilang lebih luas dr Malaysia. Capres konon !!! ","1086047404833439744","","ChusnulCh__","in","","0","0","0","https://x.com/undefined/status/1086047404833439744","387060525",
"1086047403214483457","Thu Jan 17 23:47:33 +0000 2019","0","Buat pak dek @jokowi #PrabowoIndonesiaMenang #PrabowoSandiMenangDebat #Pemilu2019 #Pilpres2019 #DebatPertamaPilpres2019 Kalo bohong jangan sering2 nanti hidung Nya panjang","1086047403214483457","","","in","","0","0","0","https://x.com/undefined/status/1086047403214483457","1060114008454262785",
"1086047397145337862","Thu Jan 17 23:47:31 +0000 2019","0","ndasmu... di medso jokowi bahkan di jadikan meme disamakan dg binatang","1086047397145337862","","","in","","0","0","0","https://x.com/undefined/status/1086047397145337862","1059314334252249088",
"1086047393492099072","Thu Jan 17 23:47:31 +0000 2019","0","t-tapi kebanyakan pendukung pa prabowo suka diskriminasi pada agama lain ","1086047393492099072","","","in","","0","0","0","https://x.com/undefined/status/1086047393492099072","1000399352945197056",
"1083932856227979265","Thu Jan 17 23:47:30 +0000 2019","0","@ArrDhaa19 @Erifaiz3 @IreneViena betul sekali tp harapan rakyat bekas koruptor jangan d]majukan kembali utk menjadi caleg... 6 mantan koruptor diteken prabowo utk menjadi caleg kembali... mengedepankan uang atau hati rakyat... silahkan berpikir","1086047391487209473","","","in","","0","0","0","https://x.com/undefined/status/1086047391487209473","492881306",
"1085915644531372033","Thu Jan 17 23:47:29 +0000 2019","0","@Ferdinand_Haean Ya pasti Tidak mungkin @prabowo memutuskan itu dia kan bukan presiden Hahahaha...... Selamat menikmati takdir sarapan bubur dulu https://t.co/VsI8PxrXaf","1086047387032920065","https://pbs.twimg.com/media/DxJqVdaUYAA6gRt.jpg","Ferdinand_Haean","in","","0","0","0","https://x.com/undefined/status/1086047387032920065","91906246",
"1086046361315729408","Thu Jan 17 23:47:29 +0000 2019","0","@leo_varera @cutpuan99 @NonaCarina @NamakuDona @Hello_Reya @Chacha_Sbg pagi pagi dah ada romansa pak jokowi sama istri #01UnggulDebat #JokowiKerjanyaNyata #LenganBajuSingsingkan #kti1","1086047385124450304","","sabar_aja11","in","","0","0","0","https://x.com/undefined/status/1086047385124450304","42310031",
"1086047382901469185","Thu Jan 17 23:47:28 +0000 2019","0","Maaf pak...hehehe Diminta Prabowo Beri Jawaban Sandiaga Bilang Saya Bukan Gerindra Lagi Pak https://t.co/oDKHHz4zgr","1086047382901469185","","","in","","0","0","0","https://x.com/undefined/status/1086047382901469185","899567486818844672",
"1085752147357052937","Thu Jan 17 23:47:26 +0000 2019","0","@DjanChoek @waitkendel dia nggak tau kalau Prabowo saat pidato dibantu alat yg namanya telekampreter","1086047374391177217","","DjanChoek","in","","0","0","0","https://x.com/undefined/status/1086047374391177217","217264408",
"1085960384857628672","Thu Jan 17 23:47:25 +0000 2019","0","@KPU_ID @maspiyuuu Sejatinya kami rakyat Indonesia tau bahwa ada intervensi ddlm pengunaan Kotak Kardus &amp; Kisi-kisi Debat Capres. Dan kami yakin itu bukan berasal dr kubu 02 ! Debat Capres terburuk dibandingkan sebelumnya ! Bangsa Negara pun ikutan dungu karena dipimpin oleh pemimpin dungu ! !","1086047371400699904","","KPU_ID","in","","0","0","0","https://x.com/undefined/status/1086047371400699904","1070612759220387840",
"1085960384857628672","Thu Jan 17 23:47:25 +0000 2019","0","@KPU_ID Itu debat capres atau cerdas cermat anak sd.. Masa level capres dikasih pertanyaan dan waktunya cuma 2 menit dan tanggapan 1 menit.. Ini kan masalah negara.. Biar capres memaparkan program singkat lalu ada sanggahan dr pihak lawan.. Klu debat kaya semalam itu namanya cemen..","1086047368313634817","","KPU_ID","in","","0","0","0","https://x.com/undefined/status/1086047368313634817","816948575380738048",
"1086047359853707264","Thu Jan 17 23:47:23 +0000 2019","0","capres bocor..bocorr..bocorrr masih ada yang mau dipimpin dia? Eug sih ogah #JokowiAminMenangDebat #jokowi2019","1086047359853707264","","","in","","0","0","0","https://x.com/undefined/status/1086047359853707264","134387351",
"1086047351582539776","Thu Jan 17 23:47:21 +0000 2019","0","Bantu untuk tenggelam kan poling ini akun bot sontoloyo sedangkan bergerak. Sudah sangat jelas sontoloyo debat pakai contekan. Prabowo-sandi 02 menggunakan pemikiran dan gagasan yg brilian. @ronavioleta @swulll @CakKhum @RanupsProSandi @eliya_mkom @RestyCayah @Ndon08 @Ndon08_","1086047351582539776","","","in","","0","0","0","https://x.com/undefined/status/1086047351582539776","894960401946886145",
"1085956760584613888","Thu Jan 17 23:47:20 +0000 2019","0","@viendivirdian08 @Agusali93823644 @prabowo Stand up comedi apa capres ya.... Wkwkwkwkkkkkkkk","1086047350462734336","","viendivirdian08","in","","0","0","0","https://x.com/undefined/status/1086047350462734336","372699243",
"1086047349250523136","Thu Jan 17 23:47:20 +0000 2019","0","Pak Jokowi sudah memulai dan telah membuktikan kerja nyata #01UnggulDebat #JokowiKerjanyaNyata #LenganBajuSingsingkan #iap7 https://t.co/gz7AsXZCAH","1086047349250523136","https://pbs.twimg.com/media/DxJqSqNVAAAbrsD.jpg","","in","","0","0","0","https://x.com/undefined/status/1086047349250523136","955692349182455808",
"1086047333748432897","Thu Jan 17 23:47:16 +0000 2019","0","Sampe ada peringatan begini berarti track record Capres bermasalah https://t.co/ecl6Ejax11","1086047333748432897","https://pbs.twimg.com/media/DxJqSaJUwAARwB2.jpg","","in","","0","0","0","https://x.com/undefined/status/1086047333748432897","965816674443173888",
"1086047331454091264","Thu Jan 17 23:47:16 +0000 2019","0","Diotak capres 02 uang2 dn uang namun 0 prestasi ddlm ddlm debat td mlm","1086047331454091264","","","in","","0","0","0","https://x.com/undefined/status/1086047331454091264","2352475932",
"1086047323648475136","Thu Jan 17 23:47:14 +0000 2019","0","Kita menang jokowi hebat #01UnggulDebat #JokowiKerjanyaNyata #LenganBajuSingsingkan #pkp2","1086047323648475136","","","in","","0","0","0","https://x.com/undefined/status/1086047323648475136","1024293001374326785",
"1085902999526854657","Thu Jan 17 23:47:13 +0000 2019","0","@dumolidmurah @prabowo @sandiuno @jokowi @rdhs_tio @ulinyusron @kangdede78 @finallyvalen @TolakBigotRI @JagaJokowi Jelas sekali mana yg asal asalan dan mana yg berfikir cerdas #01IndonesiaMaju #JokowiAminMenangDebat","1086047320255258624","","dumolidmurah","in","","0","0","0","https://x.com/undefined/status/1086047320255258624","4344490160",
"1086047320087482369","Thu Jan 17 23:47:13 +0000 2019","0","Debat Capres 2019: Prabowo-Sandi Unggul Sementara di Dunia Maya - https://t.co/Y9S9QLMBRQ https://t.co/Xevlh8EzY9","1086047320087482369","","","in","","0","0","0","https://x.com/undefined/status/1086047320087482369","412911327",
"1086047313137623040","Thu Jan 17 23:47:11 +0000 2019","0","Debat capres is a useless event. Won't change somebody's choice and both teams claimed they're winning the debate. What a joke","1086047313137623040","","","en","","0","0","0","https://x.com/undefined/status/1086047313137623040","164575073",
"1086047310725898240","Thu Jan 17 23:47:11 +0000 2019","0","Jokowi : saya tak punya beban masa lalu jadi enak bekerja dan beri perintah. Gue : saya tak punya beban masa lalu jadi enak memulai suatu hubungan baru #masalalubiarlahberlalu #moveondongah #masadepanlebihpenting #lupakanygsudahsudah","1086047310725898240","","","in","","0","0","0","https://x.com/undefined/status/1086047310725898240","1327331538",
"1085960384857628672","Thu Jan 17 23:47:11 +0000 2019","0","@Amboy94718759 @KPU_ID Pak Prabowo banyak kepleset ya . Syedih","1086047309933105153","","Amboy94718759","in","","0","0","0","https://x.com/undefined/status/1086047309933105153","1002521797969842176",
"1086047242706776064","Thu Jan 17 23:46:55 +0000 2019","0","Pasangan capres cawapres yg santun.. mampu menahan diri.. tdk terpancing emosi walaupun kubu lawan menyerang secara pribadi.. Memang beda kelas.. https://t.co/sgFYFmKMmL","1086047242706776064","","","in","","0","0","0","https://x.com/undefined/status/1086047242706776064","1228798502",
"1086047238625742848","Thu Jan 17 23:46:54 +0000 2019","0","tapi serius pak prabowo ngomong gitu bener-bener wrong move bgt emang haha. dia jelas-jelas menormalisasi korupsi walopun jumlahnya ((ga seberapa))","1086047238625742848","","","in","","0","0","0","https://x.com/undefined/status/1086047238625742848","226017965",
"1085948527040024577","Thu Jan 17 23:46:50 +0000 2019","0","@FarizAtqiya @TehTJEMPLUNG @prabowo @sandiuno Baper sendiri","1086047224839077888","","FarizAtqiya","in","","0","0","0","https://x.com/undefined/status/1086047224839077888","854332724504436740",
"1086047219587792896","Thu Jan 17 23:46:49 +0000 2019","0","Jokowi tanya ada 6 caleg Gerindra mantan napi korupsi..... Lupa y Jok ? yang minta KPU utk membolehkan mantan koruptor nyaleg siapa? dan dalam 4 tahun ini puluhan pejabat pemerintah terkena kasus Korupsi dari partai apa ? https://t.co/eprDlnz8Xf","1086047219587792896","https://pbs.twimg.com/media/DxJqLlpU0AA8Mi4.jpg","","in","","0","0","0","https://x.com/undefined/status/1086047219587792896","905405920137560064",
"1086047219533271041","Thu Jan 17 23:46:49 +0000 2019","0","Jokowi tidak punya beban masa lalu tp punya beban harus menang pemilu berikutnya","1086047219533271041","","","in","","0","0","0","https://x.com/undefined/status/1086047219533271041","1440670454",
"1086047212684169216","Thu Jan 17 23:46:47 +0000 2019","0","Atasi Tumpang Tindih Peraturan Jokowi Akan Bentuk Pusat Legislasi Nasional https://t.co/jEIit2Wbbb","1086047212684169216","","","in","","0","0","0","https://x.com/undefined/status/1086047212684169216","274583721",
"1085948527040024577","Thu Jan 17 23:46:47 +0000 2019","0","@prabowo @sandiuno Pertanyaannya apa yg di jawabnya apa. jd tengsin wakilnya.","1086047212675579905","","prabowo","in","","0","0","0","https://x.com/undefined/status/1086047212675579905","1042713098640011264",
"1086047191704039424","Thu Jan 17 23:46:42 +0000 2019","0","Saya berani jamin diskusi yang kami gagas di IMM Aceh Besar atau Multatuli Institute lebih komprehensif dibandingkan kualitas Debat Capres semalam apalagi ketika berbicara mengenai HAM. Gak percaya? Silakan hadir sesekali.","1086047191704039424","","","in","","0","0","0","https://x.com/undefined/status/1086047191704039424","115965557",
"1086023554087366656","Thu Jan 17 23:46:38 +0000 2019","0","@TanpaWaj4h_ @prabowo @sandiuno @Gerindra Kata R.Gerung Hajar sampe KO biar dia ga naik ring lagi.","1086047174691975168","","TanpaWaj4h_","in","","0","0","0","https://x.com/undefined/status/1086047174691975168","1037485901939585026",
"1086047155700158466","Thu Jan 17 23:46:34 +0000 2019","0","Setelah menyimak Debat semalem makin buat milih Pak @prabowo dan Bang @sandiuno . Bismillah #PrabowoIndonesiaMenang #PrabowoSandiMenangDebat","1086047155700158466","","","in","","0","0","0","https://x.com/undefined/status/1086047155700158466","109764926",
"1086047153208799234","Thu Jan 17 23:46:33 +0000 2019","0","I love you bapak @jokowi . smoga Allah permudah langkah bapak memajukan negara ini. Aamiin","1086047153208799234","","","in","","0","0","0","https://x.com/undefined/status/1086047153208799234","1046617987178885121",
"1086047151912828928","Thu Jan 17 23:46:33 +0000 2019","0","#Magetan Twit/Ritwit DPP #PDIPerjuangan: Cegah Korupsi Jokowi Sebut Rekrutmen Jabatan Publik Harus Berbasis Kompetensi https://t.co/y3cz9wJrV0 #PDIPerjuangan #JokowiLagi #01IndonesiaMaju #2019JokowiMarufAmin ----- #17April2019CoblosPDIPerjuangan https://t.co/x5DLBSW5Ex","1086047151912828928","","","in","","0","0","0","https://x.com/undefined/status/1086047151912828928","3270248976",
"1086047135408115712","Thu Jan 17 23:46:29 +0000 2019","0","Visi Jokowi-Amin untuk Bangun Sistem Budaya Antikorupsi Lebih Jelas https://t.co/rR5Qhf12qt https://t.co/fTN1FSg3IK","1086047135408115712","https://pbs.twimg.com/media/DxJqHGuVAAEhqCE.jpg","","in","","0","0","0","https://x.com/undefined/status/1086047135408115712","68930552",
"1086047123819229184","Thu Jan 17 23:46:26 +0000 2019","0","Ayo ikut polling biar jagoanmu menang @marierteman @prabowo @sandiuno @Dahnilanzar @zarazettirazr @fadlizon @Fahrihamzah @Gerindra @nurasiauno @PKSejahtera @Official_PAN @PDemokrat @Ferdinand_Haean @TitiekSoeharto @hputrasoeharto @AkunTofa @AndiArief__","1086047123819229184","","","in","","0","0","0","https://x.com/undefined/status/1086047123819229184","151944323",
"1086047120702881792","Thu Jan 17 23:46:26 +0000 2019","0","Dan setelah debat sy tau bahwa @prabowo jago joget n @sandiuno jago mijit.Pesn jgn grasa grusu utk mlakukan hoax.","1086047120702881792","","","in","","0","0","0","https://x.com/undefined/status/1086047120702881792","888405723557773313",
"1086047119545225216","Thu Jan 17 23:46:25 +0000 2019","0","Gamau dukung Prabowo atau Jokowi Mana nih si Dildo belom regist apa gimana?","1086047119545225216","","","in","","0","0","0","https://x.com/undefined/status/1086047119545225216","232465893",
"1086039372447723520","Thu Jan 17 23:46:24 +0000 2019","0","@aji_karno @agit2530 @Aan_Hantorov @SatyaJogja12 @santrikiai @beny_lombok @PowerEmak @ErickVe @mumu_qyu @kisbet_ Pak Jokowi ngalemin sendiri dia ngomong itu dasarnya ya rekam rejak makanya #01UnggulDebat #JokowiKerjanyaNyata #LenganBajuSingsingkan #RTI9","1086047116131151872","","aji_karno","in","","0","0","0","https://x.com/undefined/status/1086047116131151872","979334330815152128",
"1086047081192550400","Thu Jan 17 23:46:16 +0000 2019","0","Saya suka video @YouTube https://t.co/QREOSSTdDx Live! Debat Perdana Pilpres 2019; Joko Widodo (Jokowi )-Ma'ruf Amin vs Prabowo-Sandi","1086047081192550400","","","in","","0","0","0","https://x.com/undefined/status/1086047081192550400","1004185688797921281",
"1085201387489619968","Thu Jan 17 23:46:15 +0000 2019","0","@faizalassegaf @jokowi @prabowo Tutup akun sekalian tutup mata selamanya jg lu @faizalassegaf .. gimane?... Aamiin","1086047077786738688","","faizalassegaf","in","","0","0","0","https://x.com/undefined/status/1086047077786738688","101732773",
"1086031732510347264","Thu Jan 17 23:46:14 +0000 2019","0","@agung2412 @prabowo @jokowi Beliau memgatakan punya hak pak dan dlm uu eks koruptor bisa menjd caleg. PKPU yg melarang eks koruptor bukannya msh bertentsngan dgn uu pak dan klo PKPU itu berkekuatan hukim otomatis caleg tsb tdk blh kan. Tp smp skr msh bisa lolos sampe pileg.","1086047071818268672","","tweet_bebas07","in","","0","0","0","https://x.com/undefined/status/1086047071818268672","211106650",
"1086047042009354240","Thu Jan 17 23:46:07 +0000 2019","0","Sok! Nonton debat capres. Padahal gak ngerti ngomongin apa? #DebatPilpres2019","1086047042009354240","","","in","","0","0","0","https://x.com/undefined/status/1086047042009354240","1084065011234820096",
"1086047022413635584","Thu Jan 17 23:46:02 +0000 2019","0","Oalah seperti itu? #PrabowoSandiMenangDebat #JokowiAminMenangDebat Fakta Kepala Desa Ditangkap yang Disebut Prabowo Subianto di Debat Pilpres 2019 https://t.co/WPf4DOlW0w","1086047022413635584","","","in","","0","0","0","https://x.com/undefined/status/1086047022413635584","899567486818844672",
"1086047012846559232","Thu Jan 17 23:46:00 +0000 2019","0","Visi Paslon 01 Jokowi-KH Ma ruf Amin adalah Indonesia Maju menawarkan optimisme dan masa depan Indonesia yang berkeadilan. TN #JokowiAminMenangDebat #01IndonesiaMaju","1086047012846559232","","","in","","0","0","0","https://x.com/undefined/status/1086047012846559232","1080434695974772736",
"1086047010019405824","Thu Jan 17 23:45:59 +0000 2019","852","Ulasan Debat Capres: Prabowo Lebih Santai Jokowi Emosional #DebatPilpres2019 #DebatPertamaPilpres2019 https://t.co/HJy1g7friN","1086047010019405824","","","in","","0","0","322","https://x.com/undefined/status/1086047010019405824","17128975",
"1085905215201505282","Thu Jan 17 23:45:59 +0000 2019","0","@NurisfaMaya @zarazettirazr @Amrul93348003 @prabowo Aamiin","1086047007691554816","","NurisfaMaya","fi","","0","0","0","https://x.com/undefined/status/1086047007691554816","1034114307988971520",
"1086046999328186369","Thu Jan 17 23:45:57 +0000 2019","0","Karna jujur gue pengen bgt tau soal janji-janji jokowi yg masih banyak alpanya. Tolonglah @prabowo @sandiuno next debat ini dikulik abis-abisan.. soal sarumpaet yg hoax aja di bahas masa yg gak hoax dan ngerugiin dibiarin lewat gtu aja. #DebatPertamaCapresCawapres","1086046999328186369","","","in","","0","0","0","https://x.com/undefined/status/1086046999328186369","1038053939524988928",
"1086046998669787136","Thu Jan 17 23:45:56 +0000 2019","0","Bapak Nuduh Saya Lagi Jokowi Marah Kepada Sandiaga: https://t.co/NgDXhwSE3B via @YouTube","1086046998669787136","","","in","","0","0","0","https://x.com/undefined/status/1086046998669787136","884656816910614528",
"1086046997008662528","Thu Jan 17 23:45:56 +0000 2019","0","Jokowi. One man standing. Seneng2 aja sih. Tapi kalo Menkesnya itu lagi.............................hhhhhhh Sesama TS aja menutup mata akan kenyataan","1086046997008662528","","","in","","0","0","0","https://x.com/undefined/status/1086046997008662528","94041554",
"1086046983649820672","Thu Jan 17 23:45:53 +0000 2019","0","naikin gaji dr naikin pajak 16%. makan uang rakyat tuh pak. mending duitnya buat nurunin biaya kuliah pak. UKT KITA TINGGI SEKALI BOS !! @prabowo #SambatPilpres2019","1086046983649820672","","","in","","0","0","0","https://x.com/undefined/status/1086046983649820672","948138635097804800",
"1086046974577586176","Thu Jan 17 23:45:51 +0000 2019","0","Momen Debat Capres-Cawapres yang Paling Bikin Geleng Kepala https://t.co/83iJgXtzpG","1086046974577586176","","","in","","0","0","0","https://x.com/undefined/status/1086046974577586176","77727013",
"1086046787012415488","Thu Jan 17 23:45:06 +0000 2019","0","Prabowo made more truthful statements but both are very prone of getting twisted by the talk first","1086046787012415488","","","en","","0","0","0","https://x.com/undefined/status/1086046787012415488","157936808",
"1085935475334901762","Thu Jan 17 23:45:05 +0000 2019","0","@panjul41304763 @tv2nkri @sandiuno @prabowo Hhhhh Alhamdulillah Jenderal @prabowo dan Bang @sandiuno pintar enjoy santai d hebat","1086046782646214656","","Jagapati_","in","","0","0","0","https://x.com/undefined/status/1086046782646214656","706500903147143168",
"1086034219258634241","Thu Jan 17 23:45:04 +0000 2019","0","@nurasiauno @prabowo @sandiuno Oh ibu sendiri toh yang make up in pak sandi.... Hahahaha pantesan pancaran aura wajah pak sandi di layar TV menyinari gelapnya malam... :D","1086046780561575937","","pakarkampanye","in","","0","0","0","https://x.com/undefined/status/1086046780561575937","1051010849349890048",
"1085943977805664256","Thu Jan 17 23:45:01 +0000 2019","0","@Bakulobat1 @iftaul @KhodaArief @kompascom Gini aja...Prabowo kasih meteran suruh ngukur Jawa tengah lagi....sama kasih buah untuk jenguk Ratna Sarumpaet yg masih meringkuk d penjara. Oya...buat Prabowo korupsi gak seberapa itu boleh.","1086046765046890496","","","in","","0","0","0","https://x.com/undefined/status/1086046765046890496","1028873395100733440",
"1086046762035425280","Thu Jan 17 23:45:00 +0000 2019","0","Coba googling sendiri aja dulu bos selama 4tahun jokowi ngapain aja? Biar ga kebanyakan nanya #01IndonesiaMaju","1086046762035425280","","","in","","0","0","0","https://x.com/undefined/status/1086046762035425280","117372769",
"1086046761897078784","Thu Jan 17 23:45:00 +0000 2019","0","Visi Paslon 01 Jokowi-KH Ma ruf Amin adalah Indonesia Maju menawarkan optimisme dan masa depan Indonesia yang berkeadilan. #JokowiAminMenangDebat #01IndonesiaMaju","1086046761897078784","","","in","","0","0","0","https://x.com/undefined/status/1086046761897078784","1077077817995681793",
"1086044905275715584","Thu Jan 17 23:44:56 +0000 2019","0","@Ferdinand_Haean Otak mesum mcm @Ferdinand_Haean ini mana ngerti soal org tua pk @jokowi kerjamya cuma nyinyir lupa dgn keburuknnya sendiri","1086046747145555970","","Ferdinand_Haean","in","","0","0","0","https://x.com/undefined/status/1086046747145555970","2940073392",
"1086046734386585601","Thu Jan 17 23:44:53 +0000 2019","0","Jokowi Menang Telak! https://t.co/Ycij9Ld3BG","1086046734386585601","","","in","","0","0","0","https://x.com/undefined/status/1086046734386585601","379217034",
"1086046715856048128","Thu Jan 17 23:44:49 +0000 2019","0","Pengamat Nilai Debat Pertama Capres Membosankan https://t.co/gzQxme8EBh","1086046715856048128","","","in","","0","0","0","https://x.com/undefined/status/1086046715856048128","22126902",
"1086046709719826432","Thu Jan 17 23:44:48 +0000 2019","0","Reformasi lembaga peradilan dan menumbuhkan Budaya taat Hukum untuk #01IndonesiaMaju Harris segera dilakukan @MahesaTiwi @diahbelia @PDI_Perjuangan @yusuf_dumdum @riekediahp @puti_soekarno @Mas_Giants @jokowi @MasCEPUK #Debat01Jokowi #DebatKemenanganJokowi https://t.co/5RuZdIMuzs","1086046709719826432","https://pbs.twimg.com/media/DxJpuD_U8AAmoFI.jpg","","in","","0","0","0","https://x.com/undefined/status/1086046709719826432","421908762",
"1085913385261195264","Thu Jan 17 23:44:47 +0000 2019","0","@Dennysiregar7 @jokowi @prabowo Apakah dia melambai ?","1086046706196611072","","","in","","0","0","0","https://x.com/undefined/status/1086046706196611072","107778437",
"1086046703570976768","Thu Jan 17 23:44:46 +0000 2019","0","#JokowiMembangunDesa #LanjutkanPembangunanDesa #Kemendes2019 #TPPIJawaTimur #TPPIKabPasuruan @Jokowi @EkoSandjojo @anwsanusi @taufikmadjid71 @fachrilabalado @DewantoAndry @kpw4jatim @mufliqh https://t.co/uIMFRCRoK3","1086046703570976768","https://pbs.twimg.com/media/DxJpgcZU8AA_w2c.jpg","","qme","","0","0","0","https://x.com/undefined/status/1086046703570976768","974980227943165952",
"1086046697287905280","Thu Jan 17 23:44:45 +0000 2019","0","Biasa diluar prabowo ","1086046697287905280","","","in","","0","0","0","https://x.com/undefined/status/1086046697287905280","3096859142",
"1085948527040024577","Thu Jan 17 23:44:44 +0000 2019","0","@prabowo @sandiuno Pakkkkkkkkkkk ya Allah pak ... jangan terlalu santun ama ngaciroooo pak.... Hajar pak hajar pak... rakyat udah muak pak....","1086046694779699200","","prabowo","in","","0","0","0","https://x.com/undefined/status/1086046694779699200","1012516335807447040",
