"conversation_id_str","created_at","favorite_count","full_text","id_str","image_url","in_reply_to_screen_name","lang","location","quote_count","reply_count","retweet_count","tweet_url","user_id_str","username"
"1124963565125816320","Sun May 05 23:59:56 +0000 2019","0","@PowerOfReceh @prabowo @sandiuno Allahuakbar ! Siap tempur","1125188410518327298","","PoweredByReceh","in","","0","0","0","https://x.com/undefined/status/1125188410518327298","1001330713310904320",
"1125188398136692736","Sun May 05 23:59:53 +0000 2019","1","Gebrakan Sertifikasi Halal Gratis ala Jokowi https://t.co/2sSsOkWREs","1125188398136692736","","","in","","0","0","0","https://x.com/undefined/status/1125188398136692736","991916065109098497",
"1125185697512660992","Sun May 05 23:59:49 +0000 2019","44","@detikcom Selisih 13 Juta suara itu setara dengan posisi Jokowi 300 vs Prabowo Nol di 43300 TPS.","1125188379539173376","","detikcom","in","","0","5","12","https://x.com/undefined/status/1125188379539173376","19759844",
"1125188378415312901","Sun May 05 23:59:49 +0000 2019","0","Maknai Puasa Ramadhan Jokowi Ajak Umat Berlomba-lomba Cari Pahala https://t.co/pqIofJ8xLx https://t.co/B0h6y7iPwH","1125188378415312901","https://pbs.twimg.com/media/D5143hIWwAQWZYn.jpg","","in","","0","0","0","https://x.com/undefined/status/1125188378415312901","3029835496",
"1124139213203460096","Sun May 05 23:59:45 +0000 2019","0","@msaid_didu @jokowi jiahahhahahhaaa...berasa baca twitt pembodohan","1125188363638587392","","msaid_didu","in","","0","0","0","https://x.com/undefined/status/1125188363638587392","1115867516641972227",
"1125027323634257920","Sun May 05 23:59:44 +0000 2019","0","@jokowi Sukses Teruss Pak Demi Indonesia Maju","1125188359393951744","","jokowi","in","","0","0","0","https://x.com/undefined/status/1125188359393951744","1123570837578080258",
"1124932110786019328","Sun May 05 23:59:41 +0000 2019","1","@jokowi Akhirnya impian istri sy poto bareng pak jokowi kesampaian deh.. Weekeend unforgetable.. Gk sia2..smpe pindah rumah ke bogor.. https://t.co/vbGUFWdOQI","1125188348786593792","https://pbs.twimg.com/media/D5141NXUUAAHMoq.jpg","jokowi","in","","0","0","1","https://x.com/undefined/status/1125188348786593792","149702813",
"1125016645800529920","Sun May 05 23:59:38 +0000 2019","0","@azkaMuzakar @IreneViena @Hidayat12317 @prabowo @SBYudhoyono Mobilnya liat di YouTube B 2024 AHY","1125188334530097152","","azkaMuzakar","in","","0","0","0","https://x.com/undefined/status/1125188334530097152","2928155648",
"1125188249687715840","Sun May 05 23:59:18 +0000 2019","0","Innalillahi wa'innaillaihirojoun Moga pak @jokowi @prabowo @sandiuno pers jangan diam suarakan kebenaran @kumparan @CNNIndonesia @aagym @antaranews @VIVAcoid @kompascom @rmolco","1125188249687715840","","","in","","0","0","1","https://x.com/undefined/status/1125188249687715840","54549619",
"1125188215047168001","Sun May 05 23:59:10 +0000 2019","1","Said Didu: Pemilu 2019 Dirancang untuk Kecurangan https://t.co/kaAir7AVtc","1125188215047168001","","","in","","0","0","0","https://x.com/undefined/status/1125188215047168001","1006772142199930880",
"1125188212425723904","Sun May 05 23:59:09 +0000 2019","1","Solusi Cak Nun Terkait Dugaan Kecurangan Pemilu: Hitung Ulang Oleh Tim Independen https://t.co/TFXJrTgyM7","1125188212425723904","","","in","","0","0","1","https://x.com/undefined/status/1125188212425723904","1006772142199930880",
"1125188190480912385","Sun May 05 23:59:04 +0000 2019","0","Situng KPU: Data 67 76 Persen Jokowi-Amin 56 31 Persen vs Prabowo-Sandi 43 69 Persen https://t.co/wygqF4aCcb","1125188190480912385","","","in","","0","0","0","https://x.com/undefined/status/1125188190480912385","118646322",
"1125027323634257920","Sun May 05 23:58:59 +0000 2019","0","@jokowi Yg bikin nafsu yg ga dapat pkh","1125188171803742208","","jokowi","in","","0","0","0","https://x.com/undefined/status/1125188171803742208","1124863147544678401",
"1125188164472061953","Sun May 05 23:58:58 +0000 2019","0","Prabowo Menang Telak di Lhokseumawe Kalah di Kampung Sandiaga Uno https://t.co/osc21sL72D","1125188164472061953","","","in","","0","0","0","https://x.com/undefined/status/1125188164472061953","803335130148286464",
"1124715096796794880","Sun May 05 23:58:48 +0000 2019","0","@PetrukBabu @AdvokatBS @SBYudhoyono @prabowo Cara paling mudah menghancurkan musuhmu adalah dengan mengkhianatinya. Masuk ke barisannya bersikap seolah kau sejalan dengannya lalu tikam dia dr belakang seolah tak nampak siapa pelakunya. Pasti dia hancur lebur","1125188125951528962","","Irenvien","in","","0","0","0","https://x.com/undefined/status/1125188125951528962","1738450340",
"1125188121966944256","Sun May 05 23:58:47 +0000 2019","0","Ayo kita desak ntk dibentuknya TPF Pemilu","1125188121966944256","","","in","","0","0","0","https://x.com/undefined/status/1125188121966944256","733269527480274944",
"1125083895202889731","Sun May 05 23:58:46 +0000 2019","0","@CakKhum @JonruGintingNew Inilah bukti rata pendukung jokowi yg paling vokal membela jokowi justru tidak lolos jadi bagaimana mungkin mr. jo menang??","1125188115851763713","","suaragagap","in","","0","0","0","https://x.com/undefined/status/1125188115851763713","945994557837099008",
"1125188115100868608","Sun May 05 23:58:46 +0000 2019","0","https://t.co/GZPej53FPL MEDAN - Rekor baru terukir di Pilpres 2019. Kabupaten Samosir tercatat menjadi daerah kemenangan pasangan Joko Widodo - Ma'ruf Amin dengan persentase tertinggi tingkat https://t.co/E6qvU6KAJd","1125188115100868608","","","in","","0","0","0","https://x.com/undefined/status/1125188115100868608","576287136",
"1125188098394996737","Sun May 05 23:58:42 +0000 2019","0","06:00 06/05/2019 WIB Jokowi : 56.31% [58.372.709] Prabowo : 43.69% [45.282.587] TPS : 67 658% [550.296] Catatan: hasil akhir dari rapat berjenjang bukan hasil Real Count KPU. #menjelangH16","1125188098394996737","","","in","","0","0","0","https://x.com/undefined/status/1125188098394996737","1101970266756767744",
"1125188087452176384","Sun May 05 23:58:39 +0000 2019","2","Di Wilayah Menteng Jakarta Pusat Prabowo-Sandiaga Menang https://t.co/HvtcS4TL45","1125188087452176384","","","in","","0","0","0","https://x.com/undefined/status/1125188087452176384","2913405960",
"1124904798585626624","Sun May 05 23:58:27 +0000 2019","0","@tribunnews Takut kalah ya pak amin.. Nanti bikin pemilu sendiri yg bikin jagoan bapak Menang ya... ","1125188037820858368","","tribunnews","in","","0","0","0","https://x.com/undefined/status/1125188037820858368","770663260127318016",
"1125188022264311808","Sun May 05 23:58:24 +0000 2019","0","https://t.co/P40vEI7l9e RT Ramdani19087227: Semoga kecurangan akan terbuka wlwpun skr hampir semua media di boikot ubtuk tidak menayangkan kecurangan saya sedih mnjadi warga Indonesia karena demokrasi saat ini #IndonesiaCallsHarimanSiregar","1125188022264311808","","","in","","0","0","0","https://x.com/undefined/status/1125188022264311808","2919772580",
"1125188018887954432","Sun May 05 23:58:23 +0000 2019","0","https://t.co/P40vEI7l9e Semoga kecurangan akan terbuka wlwpun skr hampir semua media di boikot ubtuk tidak menayangkan kecurangan saya sedih mnjadi warga Indonesia karena demokrasi saat ini #IndonesiaCallsHarimanSiregar","1125188018887954432","","","in","","0","0","0","https://x.com/undefined/status/1125188018887954432","2919772580",
"1124963565125816320","Sun May 05 23:58:22 +0000 2019","1","@PowerOfReceh @prabowo @sandiuno Rakyat Hanya butuh Keadilan... #TNIBersamaRakyatDukungTNI","1125188016375455744","","PoweredByReceh","in","","0","0","0","https://x.com/undefined/status/1125188016375455744","861448675649765376",
"1125186859217244160","Sun May 05 23:58:20 +0000 2019","0","@PurworOjek Modal pakean ala timur tengah berani teriak walau mungkin gak gak ngerti dengan ucapannya jadilah dia pendukung yg setia sm rivalnya Jokowi.","1125188005843558400","","PurworOjek","in","","0","1","0","https://x.com/undefined/status/1125188005843558400","835343746753413120",
"1125187997270302721","Sun May 05 23:58:18 +0000 2019","0","Semalam Presiden @jokowi melaksanakan salat tarawih pertamanya di Masjid Jenderal Besar Soedirman di komplek Museum Peta Dinas Sejarah Angkatan Darat (Disjarahad) Kota Bogor. https://t.co/w1VKlqRAfx","1125187997270302721","https://pbs.twimg.com/media/D514f8aU8AAbOm5.jpg","","in","","0","0","0","https://x.com/undefined/status/1125187997270302721","1295380140",
"1125183076491882496","Sun May 05 23:58:17 +0000 2019","2","@MayaIrma02 Alhamdulillah in syaa Allah @prabowo Presiden 2019 jadi Ganti Presiden. Aamiiin #TNIBersamaRakyatDukungTNI","1125187996150423552","","MayaIrma02","in","","0","0","0","https://x.com/undefined/status/1125187996150423552","3022074680",
"1124894222761377792","Sun May 05 23:58:14 +0000 2019","1","@Arfhan1927 @tukang_pakang @SutanRiska Urang bengak apo2 turun nan salah jokowi beko kok sarawa e nan turun jokowi juo nan salah ..kok naiak apo2 e mah heboh pulo...damam","1125187982040788992","","2024Baru","in","","0","0","0","https://x.com/undefined/status/1125187982040788992","2837574872",
"1125153753135341568","Sun May 05 23:58:13 +0000 2019","0","@prabowo Aamiin ya Robbal Alamiin","1125187979662639104","","prabowo","in","","0","0","0","https://x.com/undefined/status/1125187979662639104","1038673429623230466",
"1125153753135341568","Sun May 05 23:58:12 +0000 2019","1","@prabowo Selamat menjalankan ibadah puasa ramadhan semoga sukses Aamiin Allahuma Aamiin","1125187972607893504","","prabowo","in","","0","0","0","https://x.com/undefined/status/1125187972607893504","1110185161256132608",
"1125053977182101504","Sun May 05 23:58:11 +0000 2019","1","@KPU_ID Y allah d bln yg suci ini km brpuasa mnengadahkn tangan mmohon kpadMu; adzablah d dunia orang2 yg berbuat kcurangn dg pemilu saat ini / yg tahu kcurangan tp diam sj pdhl dia memiliki kuasa dn tanggungjwb atsnya. Km hnya ingin keadilan.Ssngghny Engkau Mha Adil lg keras adzbny","1125187970804224001","","KPU_ID","in","","1","0","0","https://x.com/undefined/status/1125187970804224001","972123539384905728",
"1125153753135341568","Sun May 05 23:58:08 +0000 2019","1","@prabowo Aamiin yra semoga di bulan suci ini membawa keberkahan dan rahmat untuk menjadi pribadi yg bertakwa","1125187956132667392","","prabowo","in","","0","0","0","https://x.com/undefined/status/1125187956132667392","132570949",
"1125187954358439936","Sun May 05 23:58:07 +0000 2019","0","#PrabowoPresiden Rakyat Makin Tak Terbendung Deklarasi Kemenangan Prabowo Sandi Dimana Mana https://t.co/aDv827r5tR via @YouTube","1125187954358439936","","","in","","0","0","0","https://x.com/undefined/status/1125187954358439936","400848571",
"1123046479604490240","Sun May 05 23:58:04 +0000 2019","0","@Wawanda @GWenur @yswandi @satriapramudya @thisisandri @jokowi @Wawanda Maaf ya Pak kalo urusan banjir bukannya diberikan tanggung jawab kepada Gubernur ya? Kenapa Jokowi harus yang ditanyakan. Jangan menyalahkan Jokowi pak di pemerintahan itu ada bagiannya masing-masing bukan semuanya harus dikerjakan oleh Presiden.","1125187940345188352","","Wawanda","in","","0","0","0","https://x.com/undefined/status/1125187940345188352","817324563797188608",
"1125187915187986433","Sun May 05 23:57:58 +0000 2019","7","Betul.Di bln puasa di ramadhan ini kita sdh gak berbohong dan berpura2 lagi bhw Prabowo adl presiden. Krn di bln yg penuh berkah ini rakyat akan menjadikan Prabowo sbg Presiden RI ke 8. Semoga Prabowo dan Sandiaga amanah dlm bekerja sbg Presiden dan Wapres","1125187915187986433","","","in","","0","0","1","https://x.com/undefined/status/1125187915187986433","1032479975373295616",
"1125187908883795968","Sun May 05 23:57:57 +0000 2019","0","Perdana Menteri Inggris Ucapkan Selamat untuk Jokowi atas Suksesnya Pemilu 2019 https://t.co/dplifMh0uL","1125187908883795968","","","in","","0","0","0","https://x.com/undefined/status/1125187908883795968","803335130148286464",
"1124828864751067136","Sun May 05 23:57:52 +0000 2019","0","@detikcom Lawakan andri sekarang g lucu tapi lawakan prabowo lebihlucu","1125187889518637056","","detikcom","in","","0","0","0","https://x.com/undefined/status/1125187889518637056","961498538629713922",
"1125153753135341568","Sun May 05 23:57:52 +0000 2019","0","@prabowo Aamiin Ya Robbal'alamin","1125187889413775362","","prabowo","in","","0","0","0","https://x.com/undefined/status/1125187889413775362","3047364049",
"1125153753135341568","Sun May 05 23:57:51 +0000 2019","1","@prabowo Selamat menunaikan ibadah puasa pak Prabowo","1125187885097861120","","prabowo","in","","0","0","0","https://x.com/undefined/status/1125187885097861120","943658305",
"1125187881939562497","Sun May 05 23:57:50 +0000 2019","0","Pak @jokowi @aniesbaswedan @ridwankamil mau dong kota2 kita jg ramah utk cyclist makasih","1125187881939562497","","","in","","0","0","0","https://x.com/undefined/status/1125187881939562497","106617630",
"1125153753135341568","Sun May 05 23:57:50 +0000 2019","2","@prabowo Dan semoga perjuangan kita semua di Ridloi Allah SWT. Mr @prabowo presiden Indonesia Aamiin Yaa Rabb #IndonesiaCallsHarimanSiregar #IndonesiaCallsHarimanSiregar","1125187879875952640","","prabowo","in","","0","0","0","https://x.com/undefined/status/1125187879875952640","767136148154036226",
"1125187879565533184","Sun May 05 23:57:50 +0000 2019","0","Keunggulan @jokowi - Ma'ruf harus dimaknai sebagai kemenangan demokrasi di Indonesia","1125187879565533184","","","in","","0","0","0","https://x.com/undefined/status/1125187879565533184","102934053",
"1125074440864186368","Sun May 05 23:57:46 +0000 2019","3","@putrabanten80 Semua kabupaten kota seluruh Indonesia sebaiknya dibikin spanduk seperti ini bapak @prabowo @sandiuno Bapak @haikal_hassan bapak @fadlizon bapak @Fahrihamzah saksi2 semua hadir di pleno kpu pusat","1125187863702753286","","Oku__records","in","","0","0","2","https://x.com/undefined/status/1125187863702753286","1118765773378342913",
"1125153753135341568","Sun May 05 23:57:42 +0000 2019","0","@prabowo Amiin. Semoga ibadah puasa menjadikan kita tawakal dan sabar menerima segala cobaan hidup.","1125187846619271168","","prabowo","in","","0","0","0","https://x.com/undefined/status/1125187846619271168","1092353879113576448",
"1125187770161303552","Sun May 05 23:57:24 +0000 2019","0","jangan lupa c1 di jateng n jatim. kawal terus jgn dianggap remeh @prabowo @sandiuno @fadlizon @berteman_mari","1125187770161303552","","","in","","0","0","0","https://x.com/undefined/status/1125187770161303552","1122908388617097217",
"1125187759046422528","Sun May 05 23:57:21 +0000 2019","0","Puluhan Warga Bubuhkan Tandatangan Aksi Damai Pasca Pemilu 2019 @cianjurekspres https://t.co/wVbXiH3SkG","1125187759046422528","","","in","","0","0","0","https://x.com/undefined/status/1125187759046422528","393493493",
"1125153753135341568","Sun May 05 23:57:14 +0000 2019","0","@prabowo selamat berpuasa semoga dibulan puasa ini meningkatkan taqwa kita dengan ikhlas apapun karuniaNYA. amin . !","1125187728499326976","","prabowo","in","","0","0","0","https://x.com/undefined/status/1125187728499326976","1121350966714834944",
"1125153753135341568","Sun May 05 23:57:13 +0000 2019","0","@prabowo Alloh pa","1125187726704144384","","prabowo","in","","0","0","0","https://x.com/undefined/status/1125187726704144384","1118645826413158400",
"1125061003274670080","Sun May 05 23:57:08 +0000 2019","0","@KingPurwa @erickthohir @jokowi Saya ngakaaakkkkk om ","1125187703463526400","","KingPurwa","in","","0","0","0","https://x.com/undefined/status/1125187703463526400","1111885922",
"1124932110786019328","Sun May 05 23:57:06 +0000 2019","0","@jokowi LP ada ada.","1125187697285275649","","jokowi","in","","0","0","0","https://x.com/undefined/status/1125187697285275649","1050614601660825601",
"1125187679354626048","Sun May 05 23:57:02 +0000 2019","0","amiiin pk presiden ku yg tercinta","1125187679354626048","","","in","","0","0","0","https://x.com/undefined/status/1125187679354626048","3648032533",
"1125024548619821067","Sun May 05 23:56:59 +0000 2019","0","@putrabanten80 @Ronnie_Rusli Lha itu web kawal pemilu yg menggagas siapa? tinggal awasin aja lewat sana muter muter gajelas.","1125187666251698176","","Oku__records","in","","0","0","0","https://x.com/undefined/status/1125187666251698176","1674641702",
"1125187655640047616","Sun May 05 23:56:56 +0000 2019","0","Ada Ahok AHY Hingga Sandi Dapam Susunan kabinet Jokowi-Maruf #1Indonesia https://t.co/w7YI0UQIkR #ForumKaskus via @KASKUS","1125187655640047616","","","in","","0","0","0","https://x.com/undefined/status/1125187655640047616","1120026025264439296",
"1125072221683105793","Sun May 05 23:56:46 +0000 2019","0","@Janabachri @PriyoBudiS @AndiArief__ @PDemokrat @prabowo Itu hanya klaim Anda saja.","1125187614548488192","","Elmirakid","in","","0","1","0","https://x.com/undefined/status/1125187614548488192","996349740907347968",
"1125061003274670080","Sun May 05 23:56:44 +0000 2019","0","@Beras_Pera @KingPurwa @erickthohir @jokowi kirik e sapa sing edan ji bandem watu wae #DendaSatuMiliarPemalsuC1","1125187604058521600","","KoweGebyangeten","in","","0","1","0","https://x.com/undefined/status/1125187604058521600","508639729",
"1125071085144141825","Sun May 05 23:56:41 +0000 2019","0","@AndiArief__ Oke oke.....gak perlu 62%... Kami cukup 47 % pada 2014 + 5 - 10% pada 2019 ini....kami percaya kami menang.. 2024 suruh AHY? Ah tidak....krena Demokrat akan mati sebelum pemilu 2024..","1125187593363058688","","Andiarief__","in","","0","0","0","https://x.com/undefined/status/1125187593363058688","814050324948234240",
"1125187561603735552","Sun May 05 23:56:34 +0000 2019","0","Marhaban ya Ramadhan saya hy ingin lebaran ini Bapak jadi Presiden..semoga Sang Pemberi Kuasa memberikan tugas itu kepada Bapak utk memimpin negeri ini Amien ","1125187561603735552","","","in","","0","0","0","https://x.com/undefined/status/1125187561603735552","2573056410",
"1125187561192706048","Sun May 05 23:56:34 +0000 2019","0","Pak @prabowo nyindir bpk ni orang ","1125187561192706048","","","in","","0","0","0","https://x.com/undefined/status/1125187561192706048","4858763148",
"1125187551277359104","Sun May 05 23:56:31 +0000 2019","0","Effendi Ghazali Akui Disalahkan Banyak Pihak karena Usulkan Pemilu Serentak Dibilang Cari Uang https://t.co/xp3mdGgwce","1125187551277359104","","","in","","0","0","0","https://x.com/undefined/status/1125187551277359104","803335130148286464",
"1125083895202889731","Sun May 05 23:56:27 +0000 2019","0","@CakKhum @JonruGintingNew Prabowo gagal maning broo... PECUNDANGGG..!!!","1125187534051368960","","suaragagap","in","","0","0","0","https://x.com/undefined/status/1125187534051368960","462170742",
"1124963565125816320","Sun May 05 23:56:26 +0000 2019","0","@PowerOfReceh @CakKhum @prabowo @sandiuno Banjarmasin siap juga berjihad","1125187528376459264","","PoweredByReceh","in","","0","0","0","https://x.com/undefined/status/1125187528376459264","1077630188282818560",
"1124531393625595904","Sun May 05 23:56:26 +0000 2019","0","@muhtaque @GagahWicaksana @jokowi @prabowo @berteman_mari @Fahrihamzah @fadlizon @CintaNKRI12 @suwardihagani @Restcayah Disini mang yono https://t.co/yE94dFC0lT","1125187527118213121","https://pbs.twimg.com/media/D514FfkVUAAWnyS.jpg","muhtaque","in","","0","0","0","https://x.com/undefined/status/1125187527118213121","1081891838435291138",
"1125187513889386496","Sun May 05 23:56:22 +0000 2019","0","ditengah puasa dan keberkahan Ramadhan al fatihah untuk 554 korban pemilu brutal 2019. In Shaa Allah husnul khatimah....","1125187513889386496","","","in","","0","0","0","https://x.com/undefined/status/1125187513889386496","58642062",
"1125187504276004864","Sun May 05 23:56:20 +0000 2019","0","Jokowi-Ma'ruf Menang di Semua Kecamatan di Kota Solo Lihat Selisih Suaranya dengan Prabowo-Sandi https://t.co/UqmIbT7Xo9","1125187504276004864","","","in","","0","0","0","https://x.com/undefined/status/1125187504276004864","803335130148286464",
"1124978377788542976","Sun May 05 23:56:16 +0000 2019","0","@KingPurwa @GunRomli Prabowo Menang... kita jeblosin ke penjara.. Save Bukti2 jejak Digital para Cebong yg kebal hukum selama ini","1125187486861238272","","KingPurwa","in","","0","0","0","https://x.com/undefined/status/1125187486861238272","990985475295883264",
"1125027323634257920","Sun May 05 23:56:14 +0000 2019","0","@diwprast25 @jokowi @bisikan_mama Yg mana bro gw gak aja gk berasa dibohongin","1125187477327638528","","diwprast25","in","","0","0","0","https://x.com/undefined/status/1125187477327638528","1123570837578080258",
"1125187474022588416","Sun May 05 23:56:13 +0000 2019","0","Berwibawa kharismatik tegas lugas berwawasan serta cakap dalam berbicara. Tak heran jika Prabowo-Sandi menjadi idola/pujaan rakyat saat ini bahkan mereka sdh dianggap sebagai Capres/Cawapres RI Periode 2019-2024. Marhaban Ya Ramadhan Selamat menunaikan ibadah puasa. ","1125187474022588416","","","in","","0","0","0","https://x.com/undefined/status/1125187474022588416","1119482777928232961",
"1124913790271852545","Sun May 05 23:56:05 +0000 2019","0","@SEdy5ma @Abahozan1 @arwidodo Sebar photo sebelum QC buat apa. Gak ada yg laen apa? People power? Logistik Polri dan TNI gak cukup? Halu ha ha ha.... Makanya doa yg kenceng supaya Bowo sehat ikut pilpres lagi yak...","1125187439260102656","","SEdy5ma","in","","1","1","0","https://x.com/undefined/status/1125187439260102656","997661505611943936",
"1125027323634257920","Sun May 05 23:56:03 +0000 2019","0","@said_fadly_sm @mnfalak07 @jokowi Betul banget","1125187432159178752","","sf__sm","in","","0","0","0","https://x.com/undefined/status/1125187432159178752","1119586401635332096",
"1125061003274670080","Sun May 05 23:56:01 +0000 2019","0","@KingPurwa @erickthohir @jokowi Wkwkwk... ngeles gaya bajay koruptor bilang saya mendapat Proyek Tanpa Fee... [pinjam tangan orang/rekening org nampung fee] Bongkar Kecurangan = Bongkar Koruptor #DendaSatuMiliarPemalsuC1 @KPK_RI @bpkri @pro_KPK @PBAK_DD","1125187423049109504","","KingPurwa","in","","0","0","0","https://x.com/undefined/status/1125187423049109504","802202963733188608",
"1124948591221460998","Sun May 05 23:55:46 +0000 2019","0","@RamliRizal @jokowi @yunartowijaya Klo melihat hasil pemilu kali ini...banyak yg ABS bahkan yg menusuk dr belakang pak @jokowi","1125187359685767168","","RamliRizal","in","","0","0","0","https://x.com/undefined/status/1125187359685767168","2929312118",
"1125061003274670080","Sun May 05 23:55:38 +0000 2019","0","@KingPurwa @erickthohir @jokowi Rugi Kalau kayak ngakak Bhahahaha..","1125187328442372098","","KingPurwa","in","","0","0","0","https://x.com/undefined/status/1125187328442372098","883416463",
"1125153753135341568","Sun May 05 23:55:35 +0000 2019","0","@prabowo Terimakasih my presiden","1125187313024159744","","prabowo","in","","0","0","0","https://x.com/undefined/status/1125187313024159744","4610021845",
"1119383010900471808","Sun May 05 23:55:30 +0000 2019","0","Makin jauh di selisih 13.087.391 suara masih untuk keunggulan Jokowi-Amin sementara. https://t.co/WpFINGGEub","1125187293700976640","","aryadi_robby","in","","0","1","0","https://x.com/undefined/status/1125187293700976640","986460068",
"1124851691226943488","Sun May 05 23:55:24 +0000 2019","0","@deryQyu @AndiArief__ @PDemokrat @prabowo Hahaha Marah Pada yg slh itu tdk .. Allah maha tau apa yg ada di hati manusia. #RamadhanBulanPerjuangan","1125187267448852480","","deryQyu","in","","0","0","0","https://x.com/undefined/status/1125187267448852480","1086077152523563010",
"1125153753135341568","Sun May 05 23:55:15 +0000 2019","0","@prabowo Amin ya Allah..","1125187230652219392","","prabowo","in","","0","0","0","https://x.com/undefined/status/1125187230652219392","1112375643679780865",
"1125072221683105793","Sun May 05 23:55:13 +0000 2019","1","@TAhayuningtyas @PriyoBudiS @AndiArief__ tapi @pdemokrat yg pertama memberi statement Prabowo capres kita Pak SBY presconf bersama Pak @prabowo setelah PS datang meminta dukungan SBY utk mengusung pencapresannya. sementara partai yg lain msh berwacana dg menyebut capres lain. setelah SBY endorse PS baru buru2 ikutan","1125187224348192768","","TAhayuningtyas","in","","0","1","0","https://x.com/undefined/status/1125187224348192768","1466691751",
"1125149720098197504","Sun May 05 23:55:03 +0000 2019","1","@tangassa @KPU_ID @bawaslu_RI @PramonoUtan @ilhams21 @kabarafif @FritzSiregar @titianggraini @prabowo @sandiuno @mohmahfudmd @msaid_didu @vasco_ruseimy @BPNrelawan02 @Fahrihamzah Kegilaan ini sdh menyundul langit. KPU sdh melangkahi kewenangannya yg cuma mencatat bukan merekayasa kemenangan.","1125187178781265920","","tangassa","in","","0","0","1","https://x.com/undefined/status/1125187178781265920","141001653",
"1125153753135341568","Sun May 05 23:54:58 +0000 2019","0","@prabowo selamat menjalankan ibadah puasa....semoga bapak sehat2 selalu. Saya selalu ada di barisan bapak ..","1125187159550332929","","prabowo","in","","0","0","0","https://x.com/undefined/status/1125187159550332929","1119229038453592064",
"1125059323334316032","Sun May 05 23:54:50 +0000 2019","1","@RRabrusun @DivHumas_Polri Bgmn polisi tau klu dong nyoblos Prabowo?","1125187124771180544","","RRabrusun","in","","0","1","0","https://x.com/undefined/status/1125187124771180544","810486859688087552",
"1125187108484730880","Sun May 05 23:54:46 +0000 2019","2","tapi basis kemenangan jokowi dah habis.. tersisa daerah2 yg memenangkan prabowo.. ayo KPU berani habisin jabar sumbar jkt dll ga?","1125187108484730880","","","in","","0","0","2","https://x.com/undefined/status/1125187108484730880","124413987",
"1125153753135341568","Sun May 05 23:54:42 +0000 2019","0","@prabowo Sehat selalu pak selamat ibadah puasa..","1125187092500307968","","prabowo","in","","0","0","0","https://x.com/undefined/status/1125187092500307968","4683083358",
"1125187074259398656","Sun May 05 23:54:38 +0000 2019","0","Katanya kalau menunggu tak ada kecurangan Pemilu tak akan pernah selesai/terselenggara. Inilah yg namanya #PutusAsa n #GakMikir ","1125187074259398656","","","in","","0","0","0","https://x.com/undefined/status/1125187074259398656","1090101750785134592",
"1125067816523059200","Sun May 05 23:54:29 +0000 2019","0","@sandiuno Aamiinnn Dan semoga pak sandi &amp;. Keluarga.pak prabowo &amp; keluarga jg para pejuang demokrasi serta kita s3mua Allah mudahkan utk mengisi ramadhan tahun ini dg kegiatan ibadah.. Kami mencintaimu krn Allah","1125187039333240832","","sandiuno","in","","0","0","0","https://x.com/undefined/status/1125187039333240832","1122470226178633729",
"1125153753135341568","Sun May 05 23:54:23 +0000 2019","0","@prabowo Selamat menjalan kan ibadah shaum ramadhan pak presiden.","1125187014083481600","","prabowo","in","","0","0","0","https://x.com/undefined/status/1125187014083481600","371286694",
"1125187002054234112","Sun May 05 23:54:20 +0000 2019","0","Selisihnya 13jt suara https://t.co/KQyQEhQIga","1125187002054234112","","","in","","0","0","0","https://x.com/undefined/status/1125187002054234112","117781449",
"1125153753135341568","Sun May 05 23:54:20 +0000 2019","0","@prabowo Emang bpk sendiri puasa gitu","1125186999458000896","","prabowo","in","","1","2","0","https://x.com/undefined/status/1125186999458000896","1098069684824432640",
"1125186987537756160","Sun May 05 23:54:17 +0000 2019","0","Jokowi Menang di Semua Kecamatan di Solo Bagaimana di Kampung Halaman Ma'ruf Amin? https://t.co/PfkME6wmJ1","1125186987537756160","","","in","","0","0","0","https://x.com/undefined/status/1125186987537756160","803335130148286464",
"1125027323634257920","Sun May 05 23:54:11 +0000 2019","3","@jokowi Saya selaku umat Nasrani mengucapkan Selamat Menunaikan Ibadah Puasa Ramadhan bagi saudara saudaraku umat Muslim di seluruh Tanah Air. Semoga diberikan kelancaran &amp; kesehatan serta mendapatkan hidayah &amp; berkah dari Allah SWT. Amin","1125186963152064512","","jokowi","in","","0","0","0","https://x.com/undefined/status/1125186963152064512","1071669683525365760",
"1125153753135341568","Sun May 05 23:54:09 +0000 2019","1","@prabowo Selamat menunaikan ibadah puasa jg kpd bapak... semoga bapak sehat selalu dan Istiqomah. Aamiin.","1125186955258388482","","prabowo","in","","0","0","0","https://x.com/undefined/status/1125186955258388482","1112698170306232322",
"1124932110786019328","Sun May 05 23:54:03 +0000 2019","0","@jokowi Saya lagi merenung pak.. Saya takut jadi presiden karena curang Takut hancur bangsa ini","1125186930751049728","","jokowi","in","","0","0","0","https://x.com/undefined/status/1125186930751049728","1122062970886819840",
"1125027323634257920","Sun May 05 23:54:01 +0000 2019","0","@jokowi MantuL","1125186918927351808","","jokowi","in","","0","0","0","https://x.com/undefined/status/1125186918927351808","1125183764307439617",
"1124932110786019328","Sun May 05 23:53:50 +0000 2019","0","@Sofie50098378 @MRSL22496738 @jokowi Siap presiden kertanegar Ijin ketawa HAHAHAHAHAHA 3 kali nyungsep HAHAHAHA","1125186876090896385","","","in","","0","0","0","https://x.com/undefined/status/1125186876090896385","831295925293195264",
"1125153753135341568","Sun May 05 23:53:48 +0000 2019","0","@prabowo Alhamdulillah semoga di bulan suci ini negara kita diberi kedamaian dan kemakmuran dengan PRESIDEN baru selamat menunaikan ibadah puasa buat bapak Presiden dan wakil presiden yg baru.","1125186868083953665","","prabowo","in","","0","0","0","https://x.com/undefined/status/1125186868083953665","1062341637777457155",
"1124979555771473920","Sun May 05 23:53:37 +0000 2019","0","@rmolco @alvinyudistira Emangnya babinsa tukang hitung ???? Mereka adalah penjaga keamanan dan org netral kalau ada babinsa yg melapor keprabowo hasil hitung pemilu berarti sdh tdk netral.... tolong Panglima ABRI Babinsa ini sudah menyalahi komitmen abri tuh segera tangkap.... dan proses..","1125186818880622593","","rmol_id","in","","0","0","0","https://x.com/undefined/status/1125186818880622593","1090788087456706560",
"1125186806104903680","Sun May 05 23:53:34 +0000 2019","0","#BeritaIslam: Pak Jokowi Perlu Berapa Lagi yang Meninggal Agar Hati Anda Terketuk? https://t.co/oPteQ6gdcl","1125186806104903680","","","in","","0","0","0","https://x.com/undefined/status/1125186806104903680","997968620",
"1125153753135341568","Sun May 05 23:53:29 +0000 2019","0","@prabowo Dengan ucapan yang sama pak Salam 2 jari","1125186786047578112","","prabowo","in","","0","0","0","https://x.com/undefined/status/1125186786047578112","1174211124",
"1124423928128999424","Sun May 05 23:53:18 +0000 2019","0","@ariejulianto7 @okezonenews oh iya Ri jaman penjajahan Negara Indonesia scr konstitusional blm ada Skrg kita punya aturan yg jelas misalnya yg mengumunkan hasil pemilu itu KPU klo ga puas ajukan ke MK lagian ini seruan PBNU apakah menurut lu Ulama di PBNu kurang ulama drpd Ulama2 di BPN?","1125186741378224130","","corona19191919","in","","0","2","0","https://x.com/undefined/status/1125186741378224130","549812369",
"1124892839974817792","Sun May 05 23:53:15 +0000 2019","0","@fariz1234 @ASapardan @RamliRizal @CCICPolri @DivHumas_Polri @jokowi @RizmaWidiono @Ari3Pras @TheArieAir @temponewsroom @BBC @guardian @NewYorkTimes11 @KompasTV Aparat Penegak Hukum aa","1125186727352590340","","fariz1234","in","","0","1","0","https://x.com/undefined/status/1125186727352590340","304276312",
"1124851691226943488","Sun May 05 23:53:12 +0000 2019","1","@HasrulHasrul4 @AndiArief__ @PDemokrat @prabowo Puasa ga lo bro ? ..sabar..sabar..rugi marah2..toh tetep cuitan lo ga kan akan dia baca juga ..yg ada pahala bs berkurang #RamadanMubarak","1125186716715773952","","peri_angsa_puti","in","","0","1","0","https://x.com/undefined/status/1125186716715773952","364533393",
"1124580872567394305","Sun May 05 23:52:46 +0000 2019","0","@msaid_didu @ILCtv1 @karniilyas Bagaimana pak @jokowi rezim bapak kok seperti ini.","1125186604316758017","","msaid_didu","in","","0","0","0","https://x.com/undefined/status/1125186604316758017","4543009098",
"1125153753135341568","Sun May 05 23:52:38 +0000 2019","0","@prabowo اللهم امين، Semoga doa rakyat indonesia bisa merubah wajah indonesia yang semakin cerah adil dan makmur. PRABOWO 02 SANDI PRESIDEN INDONESIA","1125186570867204097","","prabowo","in","","0","0","0","https://x.com/undefined/status/1125186570867204097","1118327504467402752",
"1125186565225889792","Sun May 05 23:52:36 +0000 2019","0","Marhaban yaa Ramadhan. Selamat menjalankan ibadah puasa ya pak @prabowo. Bang @sandiuno. Dan semua pejuang Fii sabilillah. Semoga Allah senantiasa menolong langkah Bapak dan team BPN 02!","1125186565225889792","","","in","","0","0","0","https://x.com/undefined/status/1125186565225889792","197274301",
"1125153753135341568","Sun May 05 23:52:33 +0000 2019","2","@prabowo AaMiin Ya Robbal Alamin Terucap yang sama dari kami Selamat menjalankan Ibadah Puasa Pak @prabowo dan semua Pendukung 02 Insya Allah Indonesia Menang Indonesia Adil dan Makmur","1125186550289985536","","prabowo","in","","0","0","0","https://x.com/undefined/status/1125186550289985536","829159922701004802",
"1125186526659268608","Sun May 05 23:52:27 +0000 2019","0","Update Hasil Pilpres 2019 (06 May 2019 06:45:04) (01) JOKOWI/AMIN: 58.387.585 (+4.449) - 56.31% (0%) (02) PRABOWO/UNO: 45.300.470 (+4.725) - 43.69% (0%) Proses 550.437 (+42 / +0.0052%) TPS dari total 813.350 TPS dengan persentase 67.6753%.","1125186526659268608","","","in","","0","0","1","https://x.com/undefined/status/1125186526659268608","1118732326769283072",
"1125153753135341568","Sun May 05 23:52:26 +0000 2019","0","@prabowo Selamat menjalankan ibadah puasa bapak semoga dibulan suci ini allah menunjukan kuasanya dan membuka hati orang orang yang mendzolimi bapak sehat selalu bapak ","1125186523018645504","","prabowo","in","","0","0","0","https://x.com/undefined/status/1125186523018645504","1114034044264538113",
"1125046402222919681","Sun May 05 23:52:20 +0000 2019","0","@Amirullahpmk ini yg bikin c1 palsu jelas manusia kan ya? gak mungkin saya bilang ini dilakukan oleh monyet atau asu kan. Ah dasar manusia sampe segitunya supaya si joko menang. Percuma joko menang kalo hasil dari curang. @Fahrihamzah @KPU_ID @Gerindra @prabowo @sandiuno","1125186495197745152","","BujangDanoor","in","","0","0","0","https://x.com/undefined/status/1125186495197745152","1050266155988860929",
"1125051886820683776","Sun May 05 23:52:03 +0000 2019","0","@faizalassegaf @jokowi Subhanalloh..","1125186426851610624","","faizalassegaf","in","","0","0","0","https://x.com/undefined/status/1125186426851610624","387415857",
"1125164037728231424","Sun May 05 23:51:51 +0000 2019","3","@AgusYudhoyono Anak bangsa yg membanggakan...capres terbaik 2024","1125186373500133376","","AgusYudhoyono","in","","0","6","0","https://x.com/undefined/status/1125186373500133376","1125160841421017088",
"1125153753135341568","Sun May 05 23:51:45 +0000 2019","0","@prabowo Aamiin selamat menjalankannya ibadah puasa jga pak semoga bapaklah presiden kami selanjutnya","1125186348363550720","","prabowo","in","","0","0","0","https://x.com/undefined/status/1125186348363550720","798814176965578752",
"1124826357010128897","Sun May 05 23:51:32 +0000 2019","3","@sisi03700469 @Cattleyacatt @AnreZarli @oeetttt @pandusatria_32 @Geniotra @Fahrihamzah Saya nonmuslim tapi saya menghargai agama islam krn sama2 mengajarkan kebaikan..saya juga pilih prabowo...krn za tau didunia ini masih ada org2 baik...tidak semua nonmuslim punya pikiran sempit utk kemajuan negara ini","1125186294861012993","","sisi03700469","in","","0","1","0","https://x.com/undefined/status/1125186294861012993","1113275289990193152",
"1124696718350487552","Sun May 05 23:51:26 +0000 2019","0","@CakKhum Tlong Cocotnya dikondisikan penggagas pemilu serentak siapa kpu curang bagi yg kalah","1125186272262217728","","suaragagap","in","","0","0","0","https://x.com/undefined/status/1125186272262217728","1042780474047787014",
"1124963565125816320","Sun May 05 23:51:24 +0000 2019","0","@PowerOfReceh @prabowo @sandiuno bani goblog memang tidak surut msekipun bulan ramadhan","1125186264112586752","","PoweredByReceh","in","","0","0","0","https://x.com/undefined/status/1125186264112586752","1106377862511095808",
"1125081712763871232","Sun May 05 23:51:20 +0000 2019","7","@prettynadiaFO Pengumuman hasil pilpres tgl 22 Mei bertepatan dgn 17 ramadhan. Insha Allah akan menjadi kemenangan umat Islam di Indonesia..!! #TNIBersamaRakyatDukungTNI","1125186244328038400","","dektampu_","in","","0","1","2","https://x.com/undefined/status/1125186244328038400","806043015349346304",
"1125186241060716544","Sun May 05 23:51:19 +0000 2019","0","MEDIA BALANCE; Pak Jokowi Perlu Berapa Lagi yang Meninggal Agar Hati Anda Terketuk? Eramuslim. #eramuslim https://t.co/PUf9P0ht7r","1125186241060716544","","","in","","0","0","0","https://x.com/undefined/status/1125186241060716544","98987070",
"1125153753135341568","Sun May 05 23:51:13 +0000 2019","0","@prabowo Selamat berpuasa juga Pak Presidenku.. Semoga sehat selalu","1125186217912389632","","prabowo","in","","0","0","0","https://x.com/undefined/status/1125186217912389632","1119446870206533633",
"1125153753135341568","Sun May 05 23:51:01 +0000 2019","0","@prabowo Selamat berpuasa bapak smga Allah swt meridhoi perjuangan bpk brserta bang sandi untk indonesia menang adil dan makmur ","1125186163789127680","","prabowo","in","","0","0","0","https://x.com/undefined/status/1125186163789127680","1118823097400868864",
"1124878111802134528","Sun May 05 23:50:58 +0000 2019","0","@Cattleyacatt @jokowi @Chilli_Pari @kaesangp @kahiyang @jan_ethes Tenang akan dikirim bawang putih impor dari Tiongkok (china) pokok nya dari china lah wkwkwk https://t.co/czXqTlkLA9","1125186153705947136","","buleknyaUpi","in","","0","1","0","https://x.com/undefined/status/1125186153705947136","92678373",
"1125071633201319937","Sun May 05 23:50:53 +0000 2019","0","@bohong_anti @fadlizon kok tambah goblok ya pendukung prabowo","1125186131354537984","","bohong_anti","in","","0","0","0","https://x.com/undefined/status/1125186131354537984","1045873166810140673",
"1125027323634257920","Sun May 05 23:50:42 +0000 2019","0","@jokowi Mohon maaf lahir dan batin Semoga di bulan Ramadhan ini kita semua diberi kesempatan oleh Allah untuk beribadah dgn sebaik-baiknya Dan amal kita diterima oleh Allah Aamiin Ya Rabbal Allaamiin #jujurituperintahAllah #muhasabahku","1125186087939297280","","jokowi","in","","0","0","0","https://x.com/undefined/status/1125186087939297280","995041811792998400",
"1125186077172457472","Sun May 05 23:50:40 +0000 2019","4","Pak Presiden @jokowi jng lupa bhw ada jg 8300 pekerja PT.Freeport yg di PHK scr ILEGAL o/ management yg 2 bln lalu bpk berjanji menyelesaikan mslh ini dng memanggil Management https://t.co/Q4eYImF3bY. Kami para #Korbaphksepihakfreeport msh menunggu JANJI bpk...kpn diselesaikan","1125186077172457472","","","in","","0","0","7","https://x.com/undefined/status/1125186077172457472","2526107364",
"1124706573002080258","Sun May 05 23:50:30 +0000 2019","0","@SiIvy_Riau02 @jokowi Akun robot editan...","1125186034013052928","","PeoplePower_id","in","","0","0","0","https://x.com/undefined/status/1125186034013052928","910879614704037890",
"1124993242448031744","Sun May 05 23:50:28 +0000 2019","1","@Dennysiregar7 @FerdinandHaean2 @PartaiDemokrat @jokowi Ya manusia rendah....cara cari makannya menjijikan","1125186025670696961","","Dennysiregar7","in","","0","0","0","https://x.com/undefined/status/1125186025670696961","1199425292",
"1125061003274670080","Sun May 05 23:50:24 +0000 2019","0","@KingPurwa @erickthohir @jokowi Dasar kutu cebong kau Hirr... Picikk loe..","1125186009413500928","","KingPurwa","in","","0","0","0","https://x.com/undefined/status/1125186009413500928","1043878614532481024",
"1125153753135341568","Sun May 05 23:50:22 +0000 2019","0","@prabowo Pak prabowo klo nanti akhirnya pak jkowi maaruf yg mmnangkn dan plhan rkyt mmang no 01 pak pranowo hrus lgowo jo mutung lgi ingt iyu adalh plihan rkyt","1125186003306549249","","prabowo","in","","0","0","0","https://x.com/undefined/status/1125186003306549249","1114328453682040832",
"1125185971811565572","Sun May 05 23:50:15 +0000 2019","7","Kader-Relawan-Simpatisan semuanya telah terkonsentrasi dan terkonsolidasi dalam satu agenda pemenangan: Totalitas menangkan capres-cawapres PRABOWO-SANDI dan menangkan Caleg PKS untuk anggota LEGISLATIF. #17AprilPilihPKS https://t.co/Uu7wks0I7m","1125185971811565572","","","in","","0","0","5","https://x.com/undefined/status/1125185971811565572","135728969",
"1125185956414251008","Sun May 05 23:50:11 +0000 2019","0","@null Situng KPU 67%: Jokowi-Amin Unggul 13 Juta Suara dari Prabowo-Sandi Berdasarkan https://t.co/cMYuNv4505","1125185956414251008","","null","in","","0","0","0","https://x.com/undefined/status/1125185956414251008","205533274",
"1125185930837381120","Sun May 05 23:50:05 +0000 2019","0","Presidenku humble sekali!!","1125185930837381120","","","in","","0","0","0","https://x.com/undefined/status/1125185930837381120","29150176",
"1125185924290060289","Sun May 05 23:50:03 +0000 2019","11","Bawaslu Gelar Sidang Pelanggaran Administrasi Pemilu Hari Ini https://t.co/dwvTX76Rh6","1125185924290060289","","","in","","2","2","4","https://x.com/undefined/status/1125185924290060289","17128975",
"1125185883072688134","Sun May 05 23:49:54 +0000 2019","1","Bulan Ramadhan menjadi bulan suci penuh keberkahan.Allah SWT akan melipatgandakan pahala umat Islam yang senantiasa berbuat kebaikan. Selamat menjalankan Ibadah Puasa.@nengherba @Fanioetiani @isari68 @meutya_hafid @fentyef @ratnairs @imanrosidi @KhofifahIP @SBYudhoyono @jokowi","1125185883072688134","","","in","","1","0","0","https://x.com/undefined/status/1125185883072688134","102934053",
"1124988793352855552","Sun May 05 23:49:50 +0000 2019","2","@ustadtengkuzul Perangkap bermuka dua nih jokowi bertindak dibilangin pencitraan giliran diam saja ehhhh dikatain gk berbuat apa2.Lagian org meninggal jgn di ungkap2 lagi om kan situ yg paling tahu klw masalah akhirat.","1125185866777780225","","ustadtengkuzul","in","","0","0","0","https://x.com/undefined/status/1125185866777780225","1105397217500651520",
"1125185837363224576","Sun May 05 23:49:43 +0000 2019","0","Pembisiknya pasti dari ring 1 nya prabowo... memberi data palsu sama dengan menusuk dari belakang","1125185837363224576","","","in","","0","0","0","https://x.com/undefined/status/1125185837363224576","130819343",
"1125153753135341568","Sun May 05 23:49:23 +0000 2019","0","@prabowo Amiin","1125185752705277952","","prabowo","in","","0","0","0","https://x.com/undefined/status/1125185752705277952","1108312195807367168",
"1125071085144141825","Sun May 05 23:49:22 +0000 2019","4","@AndiArief__ jadi Pak Andi bilang..02 bisa jadi kalah..62 % adalah penipuan hoax. Pak Andi juga bilang statmnt nya menandakan bahwa dia gak yakin 02 menang Pemilu. lebih baik Demokrat keluar dari koalisi..kalian salah kita sudah bersatu..apalagi ada dukungan Ulama2 kita yakin 02 Pemenangnnya","1125185749144313856","","Andiarief__","in","","0","1","0","https://x.com/undefined/status/1125185749144313856","1113744792578478080",
"1125185697512660992","Sun May 05 23:49:09 +0000 2019","690","Berdasarkan hasil Situng KPU yang sudah masuk sebanyak 67 67% Jokowi unggul 13.087.391 dari Prabowo. https://t.co/XCh1b6f5Tz","1125185697512660992","","","in","","24","68","153","https://x.com/undefined/status/1125185697512660992","69183155",
"1125153753135341568","Sun May 05 23:49:04 +0000 2019","0","@Innayaputri72 @prabowo Doa lagi deee... Kayax salah tuuu.. #kaumHalu","1125185675874017281","","Innayaputri72","in","","0","1","0","https://x.com/undefined/status/1125185675874017281","1088233922046001153",
"1125185638750273536","Sun May 05 23:48:55 +0000 2019","0","Elit partai yg terhormat tahukah anda pileg lalu kami membagi rata suara kami kepada semua partai pendukung @prabowo? Krn kami yakin anda mau teguh mengawal keinginan kami mengganti presiden. Jadi abu-abu 2024 suara kami bukan utk Anda. @PKSejahtera @PDemokrat @Official_PAN","1125185638750273536","","","in","","0","0","0","https://x.com/undefined/status/1125185638750273536","47039024",
"1125027323634257920","Sun May 05 23:48:55 +0000 2019","0","@jokowi Selamat menjalankan ibadah puasa bagi bapak sekeluarga.","1125185635956903936","","jokowi","in","","0","0","0","https://x.com/undefined/status/1125185635956903936","1118714511916060672",
"1125153753135341568","Sun May 05 23:48:52 +0000 2019","0","@prabowo Siap pak presiden ku","1125185626305728512","","prabowo","in","","0","0","0","https://x.com/undefined/status/1125185626305728512","1109847331900317696",
"1125153753135341568","Sun May 05 23:48:51 +0000 2019","1","@prabowo Siapp Komandan !! Amin ya ROBBAL alamin","1125185620580524032","","prabowo","in","","0","0","0","https://x.com/undefined/status/1125185620580524032","1069878823267688448",
"1125178477735497728","Sun May 05 23:48:46 +0000 2019","0","@mas_piyuuu @jokowi @Malw1ka @DMedianacinta @Yantiriaahmad @radenbimo9 @hputrasoeharto @ZUL_Hasan @fadlizon @Fahrihamzah @tifsembiring @ustadtengkuzul @zarazettirazr @etekewer2 @wartapoLitik @maspiyuuu @jokopujakesuma @karniilyas @susantisutisna2 @AijarRoman @purikeytara685 @Fariz_semewew @MenikSetyowati Cc. Bang @aniesbaswedan Bro @sandiuno @Yusrilihza_Mhd @anebukanteroris @noldimardin @prabowo @rockygerung @idn_hokage @tawajkt @detikcom @kompascom @merdekadotcom @CNNIndonesia @tvOneNews .","1125185598849814529","","ifalcrew","in","","0","1","0","https://x.com/undefined/status/1125185598849814529","232511930",
"1125185459229995008","Sun May 05 23:48:13 +0000 2019","1","Pak Jokowi Perlu Berapa Lagi yang Meninggal Agar Hati Anda Terketuk? https://t.co/SWtoihf7Li","1125185459229995008","","","in","","0","1","0","https://x.com/undefined/status/1125185459229995008","2913405960",
"1125185457401233409","Sun May 05 23:48:12 +0000 2019","1","Korsa akan Bawa Kecurangan Pilpres ke PBB dan HAM Internasional https://t.co/ol4htrMEPC","1125185457401233409","","","in","","0","0","0","https://x.com/undefined/status/1125185457401233409","2913405960",
"1125153753135341568","Sun May 05 23:48:03 +0000 2019","0","@prabowo Aamiin Kami mencintaimu...ya qoyitna","1125185418587017217","","prabowo","in","","0","0","0","https://x.com/undefined/status/1125185418587017217","1122470226178633729",
"1125185416930291712","Sun May 05 23:48:02 +0000 2019","0","Mana ada jalan buntu om... kalah pilpres itu ga buntu kok.. yg penting bisa move on","1125185416930291712","","","in","","0","0","0","https://x.com/undefined/status/1125185416930291712","130819343",
"1124748411721228289","Sun May 05 23:47:41 +0000 2019","2","@RachlanNashidik Prabowo tdk akan mengail ikan di air keruh Prabowo tdk akan melipir ke daerah abu abu Prabowo tdk akan menyembunyikan tangan ke belakang setelah mendulang suara kr Ulama. Prabowo tdk akan berkhianat pada rakyat dan ulama yg telah memilihnya.","1125185325410672640","","rachlannashidik","in","","0","0","0","https://x.com/undefined/status/1125185325410672640","1604101435",
"1124970327803482112","Sun May 05 23:47:34 +0000 2019","1","@Ari3Pras @jokowi Kampret sll bilng pakdhe ku planga plongo .tapi beliau tegas dalam hukum Sementara junjungan kamprett kuat dan keras .tapi g tau aturan hukum .makanya hidup nya amburadul .","1125185297992470529","","Ari3Pras","in","","0","0","0","https://x.com/undefined/status/1125185297992470529","960427367331127297",
"1125106203762102272","Sun May 05 23:47:23 +0000 2019","2","@arlex_wu @KavindraOemar mudah²an dibulan suci ini pak @prabowo dinyatakan sebagai pemenang pilpres","1125185250483556353","","NdonB4ck","in","","0","0","1","https://x.com/undefined/status/1125185250483556353","1084569967394095104",
"1125153753135341568","Sun May 05 23:47:21 +0000 2019","0","@prabowo Allhamdulillah pak memasuki bln suci satu ancaman itu otomatis skrg lagi terkunci...sehat selalu ya pak..","1125185244108210177","","prabowo","in","","0","0","0","https://x.com/undefined/status/1125185244108210177","432046500",
"1125185179121676288","Sun May 05 23:47:06 +0000 2019","3","Jadi pak JK sekarang sdh kecebong juga? Selamat ya pak. Tambah 1 nama utk sejarah hitam pemilu di Indonesia. Rakyat akan melawan kecurangan kedzoliman. Kami akan mengingat nama2 pengkhianat negri ini","1125185179121676288","","","in","","0","0","0","https://x.com/undefined/status/1125185179121676288","1032479975373295616",
"1125185166089961472","Sun May 05 23:47:03 +0000 2019","10","Hingga kini suara Jokowi-Ma'ruf masih unggul ketimbang Prabowo-Sandi. https://t.co/QKNwmhxXPN","1125185166089961472","","","in","","2","5","0","https://x.com/undefined/status/1125185166089961472","759692754985242625",
"1124932110786019328","Sun May 05 23:47:01 +0000 2019","0","@jokowi Lagi liatin postingan bapak yg ajaib . . .","1125185159626543104","","jokowi","in","","0","0","0","https://x.com/undefined/status/1125185159626543104","1090927209173282816",
"1123967633760632836","Sun May 05 23:47:01 +0000 2019","0","@5Y5_one_70 @jokowi @KhofifahIP @Tri_Rismaharini @Burisma1 Alhmdulillah","1125185159081283585","","5Y5_one_70","in","","0","0","0","https://x.com/undefined/status/1125185159081283585","1079651667732135937",
"1125185154178117633","Sun May 05 23:47:00 +0000 2019","0","Jokowi wajib di dukung #TeJo #TetapJokowi #Jokowi2Periode","1125185154178117633","","","in","","0","0","0","https://x.com/undefined/status/1125185154178117633","1027062099577458688",
"1125153753135341568","Sun May 05 23:46:58 +0000 2019","0","@Iyoet17 @prabowo Rakyat ??? Lu ajaaa rakyat kaum Halu...","1125185148306067456","","Iyoet17","in","","0","3","0","https://x.com/undefined/status/1125185148306067456","1088233922046001153",
"1124139213203460096","Sun May 05 23:46:58 +0000 2019","0","@jokowi Alhamdulillah...kita menanam insya Allah akan menikmati hasilnya","1125185145592356864","","jokowi","in","","0","0","0","https://x.com/undefined/status/1125185145592356864","1123475332516990976",
"1125153753135341568","Sun May 05 23:46:53 +0000 2019","0","@prabowo Insya Allah... Semoga bapak Presiden RI Sehat2 saja ya pak. Pasti mantaaap PAS 02.","1125185123731640320","","prabowo","in","","0","0","0","https://x.com/undefined/status/1125185123731640320","807834024043421696",
"1125153753135341568","Sun May 05 23:46:46 +0000 2019","0","@prabowo Amin pak samangat pak","1125185094526701568","","prabowo","in","","0","0","0","https://x.com/undefined/status/1125185094526701568","1125052268623978497",
"1125185057792987136","Sun May 05 23:46:37 +0000 2019","0","Ini hasil Pilpres di Bandung . Bagaimana hasil pilpres di kota anda teman? Insyaa Allah di DKI Prabowo-Sandi juga menang #02wintheelection https://t.co/3m9kTYolQC","1125185057792987136","","","in","","0","0","0","https://x.com/undefined/status/1125185057792987136","188679752",
"1125178477735497728","Sun May 05 23:46:37 +0000 2019","1","@mas_piyuuu @jokowi Ini videonya. Cc. @Malw1ka @DMedianacinta @Yantiriaahmad @radenbimo9 . https://t.co/Vm9xYcYRPk","1125185057528864768","","mas__piyuuu","in","","0","1","0","https://x.com/undefined/status/1125185057528864768","232511930",
"1124993242448031744","Sun May 05 23:46:24 +0000 2019","0","@Dennysiregar7 @fajarabaskris @FerdinandHaean2 @PartaiDemokrat @jokowi Korek telingamu dan jilat ludahmu bodat","1125185004672184320","","Dennysiregar7","in","","0","0","0","https://x.com/undefined/status/1125185004672184320","4171497093",
"1125153753135341568","Sun May 05 23:46:20 +0000 2019","2","@prabowo Aamiin Yaa Mujibassa'iliin. Tetap semangat jaga kemenangan pak... Dan kami akan senantiasa bersama bapak &amp; bang @sandiuno dlm mengawal kemenangan ini. Insya Allah. Kami juga berpesan JANGAN pergi ke Luar Negeri sampai pak @prabowo dilantik. #TNIBersamaRakyatDukungTNI https://t.co/GrSCjJxFxu","1125184988733792256","https://pbs.twimg.com/media/D511x7HUwAEqpJp.jpg","prabowo","in","","0","0","1","https://x.com/undefined/status/1125184988733792256","3958359858",
"1125184961135267841","Sun May 05 23:46:14 +0000 2019","0","17 Ramadhan jatuh di tanggal 22 Mei saat @KPU_ID akan mengumumkan hasil real count pemilu. 17 Ramadhan juga pernah terjadi perang badar. Apakah hanya kebetulan belaka/akan ada peristiwa di 17 Ramadhan th ini. Kita tunggu saja #RamadhanBulanPerjuangan #RamadhanBulanPerjuangan","1125184961135267841","","","in","","0","0","0","https://x.com/undefined/status/1125184961135267841","1075664303351623684",
"1125146920215662593","Sun May 05 23:46:12 +0000 2019","8","@firmanfloydrush @larasaja99 Dia orang Prabowo sama dg Amien Rais sdh sejak 98","1125184954164436992","","firmanfloydrush","in","","0","1","5","https://x.com/undefined/status/1125184954164436992","164604281",
"1107886665303912449","Sun May 05 23:46:11 +0000 2019","0","@jokowi Pak JOKOWI saya mau tanya kenapa di daerah saya yang mau nikah saja di persulit yang tidak memiliki ijazah tidak boleh menikah gimana yg lain yang tidak bersekolah? Apa yang seperti ini di bilang mendukung perzinahan? Apakah ini peraturan dari pak Jokowi? https://t.co/pBCKRziRYm","1125184948955111424","https://pbs.twimg.com/media/D511vKCV4AA6xsx.jpg","jokowi","in","","0","0","0","https://x.com/undefined/status/1125184948955111424","1092849897429098496",
"1125072221683105793","Sun May 05 23:46:09 +0000 2019","2","@Nakei_zahwa @AndiArief__ @prabowo @sandiuno @Gerindra Ulama?? Yg mana pret?? Rizieq cabul lu bilang ulama..??? Astaghfirullah...","1125184939001933824","","Nakei_zahwa","in","","0","1","0","https://x.com/undefined/status/1125184939001933824","1104445336913772544",
"1125184906714157057","Sun May 05 23:46:01 +0000 2019","0","Berdasarkan hasil Situng KPU yang sudah masuk sebanyak 67 67% Jokowi unggul 13.087.391 dari Prabowo. https://t.co/Tx23yUJHgu","1125184906714157057","","","in","","0","0","0","https://x.com/undefined/status/1125184906714157057","1124662586539032576",
"1122044917444820992","Sun May 05 23:45:59 +0000 2019","0","@BattarHermawan @haririyadi13 @IdrisAndestaa @mohmahfudmd mau bukti kecurangan jangan liat di pilpres yang datanya kebuka untuk umum dan bisa dikoreksi. di pileg coba. itu caleg kemarin-kemarin udah telponin adek temen saya malah minta mark-up suara","1125184899395117056","","BattarHermawan","in","","0","0","0","https://x.com/undefined/status/1125184899395117056","831492502733533184",
"1125058150451671045","Sun May 05 23:45:56 +0000 2019","0","@harychandra091 @ArulKha55306941 @prabowo Setuju cak apa 01 berani ???? Kalau gak berani mikir ?????","1125184888397656064","","harychandra091","in","","0","0","0","https://x.com/undefined/status/1125184888397656064","1009450991316422656",
"1125184840721059840","Sun May 05 23:45:45 +0000 2019","0","https://t.co/T0jCYmQwdB rumus tambahanna sak karepe dewe dan pinter ngarang angka pula .. moralna eror","1125184840721059840","","","in","","0","0","1","https://x.com/undefined/status/1125184840721059840","508639729",
"1125184812875014145","Sun May 05 23:45:38 +0000 2019","10","6) Pak @jokowi musim libur Lebaran libur Natal/Thn Baru libur anak sekolah adl kesempatan rakyat sedikit menikmati kesenangan. Jgn biarkan penerbangan BUMN jadikan rakyat anda sasaran AJI MUMPUNG.Jgn biarkan BUMN bekerja hanya atas nama mekanisme pasar @kemenhub151 @KemenBUMN","1125184812875014145","","","in","","0","1","10","https://x.com/undefined/status/1125184812875014145","845078592",
"1125153753135341568","Sun May 05 23:45:33 +0000 2019","0","@prabowo Dan semogaaaaaaaa bersamaaa pengikutnyaaa tidak Halu Yaaa Halu.","1125184789244403712","","prabowo","in","","0","0","0","https://x.com/undefined/status/1125184789244403712","1088233922046001153",
"1125184743383785473","Sun May 05 23:45:22 +0000 2019","0","Wong fadli iku ngomong seenak e menghina @jokowi trs lopo dia hrs marah kl dihina orang jg?iyo g broh ","1125184743383785473","","","in","","0","1","0","https://x.com/undefined/status/1125184743383785473","708892264223735808",
"1125184738732400640","Sun May 05 23:45:21 +0000 2019","0","cerita dalam video ini diangkat dari kisah nyata dimana kemenangan didapat dari survei internal kubu sendiri dan klaim kemenangannya 62% membuat capres abadi mencetak rekor 3x kekalahan. film sudah dialih bahasakan supaya mudah dipahami.","1125184738732400640","","","in","","0","0","0","https://x.com/undefined/status/1125184738732400640","1056019337285316609",
"1118942895933755392","Sun May 05 23:45:21 +0000 2019","0","Jokowi-Amin: 53.305.316 (55 195%) Prabowo-Sandi: 43.271.703 (44 805%) Total TPS: 518.482 dari 817.412 (63 43%) @KawalPemilu2019 #PantauFotoUpload","1125184738359173120","","BotKawalPemilu","in","","0","1","0","https://x.com/undefined/status/1125184738359173120","1118911347322843137",
"1125027323634257920","Sun May 05 23:45:20 +0000 2019","5","@jokowi Makna puasa menurut pakde https://t.co/OcTNTtxbJX","1125184734001131520","https://pbs.twimg.com/ext_tw_video_thumb/1125184621287694336/pu/img/OYBO4fscK5Xs-jmP.jpg","jokowi","in","","0","0","1","https://x.com/undefined/status/1125184734001131520","1036131015847079936",
"1125153753135341568","Sun May 05 23:45:18 +0000 2019","0","@prabowo Selamat menunaikan puasa pak","1125184726287785984","","prabowo","in","","0","0","0","https://x.com/undefined/status/1125184726287785984","1122659357202587648",
"1125174612306718721","Sun May 05 23:45:17 +0000 2019","6","@BertemanM Bawaslu Persilakan Masyarakat Bentuk TPF Kecurangan Pemilu https://t.co/U12gTyXcQe","1125184721250443264","","BertemanM","in","","0","0","1","https://x.com/undefined/status/1125184721250443264","579089730",
"1124748411721228289","Sun May 05 23:45:15 +0000 2019","0","@RachlanNashidik Hahahha pak @prabowo ditanyain nih sama calon ( semoga ) koalisi petahana...","1125184715156180992","","rachlannashidik","in","","0","0","0","https://x.com/undefined/status/1125184715156180992","168094778",
"1117687800445329408","Sun May 05 23:45:09 +0000 2019","1","@jokowi Terima kasih presidenku.","1125184688996270080","","jokowi","in","","0","0","0","https://x.com/undefined/status/1125184688996270080","1120293947278942208",
"1125184680742010880","Sun May 05 23:45:07 +0000 2019","0","Membaca Langkah Politik Jokowi Usai Pemilu 2019 https://t.co/xfBcAKRLa5 https://t.co/paNqv5stxG","1125184680742010880","https://pbs.twimg.com/media/D511gPjX4AAWGSN.jpg","","in","","0","0","0","https://x.com/undefined/status/1125184680742010880","1110181801333391361",
"1125184657916551168","Sun May 05 23:45:02 +0000 2019","7","Pasangan Jokowi-Ma'ruf meraih 56 31 persen suara. https://t.co/ibmAwE6qrf","1125184657916551168","","","in","","2","12","0","https://x.com/undefined/status/1125184657916551168","22126902",
"1125153753135341568","Sun May 05 23:44:50 +0000 2019","0","@prabowo Aamiin yaa Robbal alamiin","1125184609556111360","","prabowo","in","","0","0","0","https://x.com/undefined/status/1125184609556111360","1062390181896933376",
"1044558997615927301","Sun May 05 23:44:49 +0000 2019","1","@AntonHardi3 @Daunkiss @Remix85052742 @SukmarasaHarri @swarnadiva6 @massyihaab @OVercely @PetualangRio @JokSusi2019 @ayuwarrdani @Winsontrotz1 @MohammadKhafi11 @alfian_nanis @barakumbara @Anak_Perantau_ @AdiahmadAdi5 @_imamprasetyo @joy_rantau @sabiyakono @muhasbi45 @SetiaAdy_p @cahn9apak @Rezaboy5406 @Bams20538606 @teekuz @MirzaNabilHaq @veraagustian_ @Midjan_La @djokotri28 @LebahBorneo @sandy_permana78 @kafawafa @himawan1978 @bobolidos @arifiadharma @hendriabidin2 @Ayundahilman @alpinsi_pandi @mazbaguzjogja @aguspratono @KingTukijan @juventini_3rwin @x1_charlie @Ahlanjegol @polaris_red @ThanthowiRosi @TigerRoarrrr @RizieqAsu @HalloMaman @KPU_RI Prabowo kah? https://t.co/MZMM7paKfl","1125184603650609152","https://pbs.twimg.com/ext_tw_video_thumb/1125184499308843008/pu/img/FGJFYou5jWqSLvYa.jpg","AntonHardi3","in","","0","1","0","https://x.com/undefined/status/1125184603650609152","133702534",
"1125158617001279489","Sun May 05 23:44:33 +0000 2019","0","@GreenBlack1947 @prabowo Zionist terkutuk!!!! #SaveGaza #SaveGaza","1125184540366950400","","GreenBlackCyber","in","","0","0","0","https://x.com/undefined/status/1125184540366950400","86262403",
"1124859669829144576","Sun May 05 23:44:32 +0000 2019","0","@kangdede78 @prabowo @Nurmantyo_Gatot hahaha politik pnuh intrik... kilik $ana kilik $ini itu udah lumrah katanya? $prti org adu jangkrik kalau gk kilik gk a$yik...? kata om I fal$ ","1125184533169467392","","kangdede78","in","","0","0","0","https://x.com/undefined/status/1125184533169467392","1049987801310085120",
"1125153753135341568","Sun May 05 23:44:31 +0000 2019","0","@prabowo Aamiin Selamat menjalankan ibadah puasa Pa @prabowo","1125184531068145664","","prabowo","in","","0","0","0","https://x.com/undefined/status/1125184531068145664","2944003356",
"1124748411721228289","Sun May 05 23:44:30 +0000 2019","1","@RachlanNashidik Pak.Ini bukan tentang Prabowo Lgi ini tntang rakyat yg dg terang benderang melihat ketdk adilan kecurangan yg mrka lihat &amp; alami kmi percaya jiwa raga nya tak akan mengkhianati rakyat&amp; pd titik darah penghabisan pun sy ykn nyawanya akan dia pertaruhkan u rakyat.","1125184523673587712","","rachlannashidik","in","","0","0","0","https://x.com/undefined/status/1125184523673587712","1604101435",
"1124851691226943488","Sun May 05 23:44:25 +0000 2019","3","@AndiArief__ Woooo bangke jng kau buat gaduh dlm koalisi ADIL MAKMUR klian @PDemokrat mau kluar koalisi itu jauh lebih baik krna bpk @prabowo insya Allah sdh dimenangkan Allah.. #DendaSatuMiliarPemalsuC1","1125184505780662272","","Andiarief__","in","","0","1","0","https://x.com/undefined/status/1125184505780662272","1086077152523563010",
"1125039955997184001","Sun May 05 23:44:20 +0000 2019","0","@Suwiryou818 @rmolco He he he ada yg mau menyelamatkan prabowo nih dari perangkap sesat bawa2 nama rakyat ngga taunya pendukung utama balik badan semua asyem! https://t.co/wD7yPKIyS5","1125184482389028864","https://pbs.twimg.com/media/D511UOcVUAEn4u6.jpg","Suwiryou818","in","","0","0","0","https://x.com/undefined/status/1125184482389028864","2413612495",
"1125184476835864577","Sun May 05 23:44:18 +0000 2019","0","Obrolan nggeladrah dinihari dari bahas acara Kayumas Bersastra di Situbondo malah lari ke suara pemilu. Nda usah mensen para tersangkanya malah berisik nanti. https://t.co/RS21kAwlp8","1125184476835864577","https://pbs.twimg.com/media/D511TwNU0AAeAVg.jpg","","in","","0","0","0","https://x.com/undefined/status/1125184476835864577","1382390220",
"1125184469164421127","Sun May 05 23:44:17 +0000 2019","0","Kecurangan pemilu adalah pengkhianat bangsa #DendaSatuMiliarPemalsuC1","1125184469164421127","","","in","","0","0","0","https://x.com/undefined/status/1125184469164421127","1112889749075718144",
"1124999037554290690","Sun May 05 23:44:12 +0000 2019","0","@KompasTV Ditolak aja PAN gabung ga menunjukkan etika politik yg baik @PDI_Perjuangan @jokowi @PartaiGolkar @psi_id","1125184450461982720","","KompasTV","in","","0","0","0","https://x.com/undefined/status/1125184450461982720","1118808106438316032",
"1125072221683105793","Sun May 05 23:44:07 +0000 2019","0","@Janabachri @PriyoBudiS @AndiArief__ Jangan lupa sejarah Demokrat paling terakhir gabung koalisi Prabowo. Bahkan media saat itu beritakan Demokrat setengah hati dukung Prabowo Sandi. https://t.co/qD5zSQjPpx","1125184429146628096","","Elmirakid","in","","0","1","0","https://x.com/undefined/status/1125184429146628096","996349740907347968",
"1125184393356763136","Sun May 05 23:43:58 +0000 2019","0","#BeritaIslam: Korsa akan Bawa Kecurangan Pilpres ke PBB dan HAM Internasional https://t.co/SlNP79X4Gp","1125184393356763136","","","in","","0","0","0","https://x.com/undefined/status/1125184393356763136","997968620",
"1124932438545666049","Sun May 05 23:43:56 +0000 2019","0","@Ayaniulva @alvinyudistira Kayaknya baru pemilu ini heboh yg meninggal pemilu sebelumnya juga banyak yg meninggal kok diam saja... heraaaan!!!!!","1125184381167947778","","Ayaniulva","in","","0","2","0","https://x.com/undefined/status/1125184381167947778","1090788087456706560",
"1125037522038312962","Sun May 05 23:43:48 +0000 2019","0","@rhoma_official hidup jokowi !!","1125184347911348224","","rhoma_official","in","","0","0","0","https://x.com/undefined/status/1125184347911348224","44055925",
"1125141049033117702","Sun May 05 23:43:40 +0000 2019","0","@P3nj3l4j4h Sekian kali kalah tidak membuat Prabowo menjadi sportif. Tercermin dari pendukungnya.","1125184317582241798","","P3nj3l4j4h","in","","0","0","0","https://x.com/undefined/status/1125184317582241798","997661505611943936",
"1124813211117580288","Sun May 05 23:43:33 +0000 2019","0","@republikaonline Bocor bocor bocor eh lupa itu kan jargonnya pak Prabowo. Tp knp pak jokowi yg kebocoran","1125184288125739008","","republikaonline","in","","0","0","0","https://x.com/undefined/status/1125184288125739008","1646020814",
"1124643972087869441","Sun May 05 23:43:26 +0000 2019","0","@ardi_riau @RamliRizal @prabowo @sandiuno @jokowi @fadlizon Hoax....!! Bsanya ...!!! Data dari hongkong....dan kalimantan adl basis PDI perjuangan...dan kalimantan menolak islam garis keras yg di usung prabowo...","1125184257511477249","","ardi_riau","in","","0","0","0","https://x.com/undefined/status/1125184257511477249","1116286397789290497",
"1125030413204746241","Sun May 05 23:43:25 +0000 2019","0","@Hanumsetia1 @ardhanAmin @fadlizon @AdianNapitupul1 Kasihan lihat Pak Prabowo.","1125184253682044930","","Hanumsetia1","in","","0","0","0","https://x.com/undefined/status/1125184253682044930","4659401605",
"1125153753135341568","Sun May 05 23:43:22 +0000 2019","0","@prabowo Amin semog Bapk Presiden sehat walafiat","1125184239446646784","","prabowo","in","","0","0","0","https://x.com/undefined/status/1125184239446646784","2604311473",
"1125068566984892428","Sun May 05 23:43:20 +0000 2019","0","@yurnanioki Owalag mba...susah klo sama org macam sampeyan. Sudah jelas yg bersangkutan katakan ga disangkutkan ke politik sampeyan msh ngotot. Baca ulang itu. Ko mau bantu yg tulus kalo ga tulus ga usah bantu. Lagipula mba...pilpres sdh lewat hari ini INDONESIA bkn lg 01/02","1125184232211398656","","yurnanioki","in","","0","1","0","https://x.com/undefined/status/1125184232211398656","3399887298",
"1125153753135341568","Sun May 05 23:43:12 +0000 2019","1","@prabowo Amiinnn......","1125184197428039681","","prabowo","in","","0","0","0","https://x.com/undefined/status/1125184197428039681","4339203674",
"1125071085144141825","Sun May 05 23:43:06 +0000 2019","0","@JoemadieH @AndiArief__ @AgusYudhoyono capres ideal ... pasti diminati cebong dan perlu di ingat ... 60% rakyat di indonesia itu cebong... yg 40% nya manusia dungu yg otaknya kebalik","1125184173327564801","","U9LYkidsjoe","in","","0","0","0","https://x.com/undefined/status/1125184173327564801","130819343",
"1125153753135341568","Sun May 05 23:43:04 +0000 2019","0","@prabowo @MacanPadiMP02 Aamiin.saya Muslim dari cikarang kota sejuta industri.kota tempat mengadu nasib para imigran local maupun international untuk mendapatkan kehidupan lebih baik","1125184164016164864","","prabowo","in","","0","0","0","https://x.com/undefined/status/1125184164016164864","551882273",
"1124961980404551682","Sun May 05 23:43:01 +0000 2019","0","@Sarsan_Pri0 @aniesbaswedan tahu aja jokowi presiden nol besar","1125184152490217472","","Sarsan_Pri0","in","","0","0","0","https://x.com/undefined/status/1125184152490217472","1095389735323762688",
"1125139618762899456","Sun May 05 23:42:34 +0000 2019","1","@RMBoedhi @TjahjadiJudono @jokowi Partenya p dan partenya s mimin pengais yaaakk Jgn d kaseh masok k Kabinet !!","1125184038338121728","","RMBoedhi","in","","0","0","0","https://x.com/undefined/status/1125184038338121728","830431447227850752",
"1124893777611542528","Sun May 05 23:42:32 +0000 2019","0","@AsikinHidup @jokowi #SelamatRamadanPakJokowi panggilan aku banyak(( elji (SMP SMA) hani (keluarga TK) ghina (SD) Laila (nama depan jd kalo orang baru manggilnya Laila). Serang!-Banten","1125184029794242560","","AsikinHidup","in","","0","0","0","https://x.com/undefined/status/1125184029794242560","1025893506030530560",
"1125072221683105793","Sun May 05 23:42:23 +0000 2019","2","@AndiArief__ Menyelamatkan Pak Prabowo...? Sementara kalian semakin liar menggiring opini opini sesat untuk menjatuhkan mental para relawan 02. Kalian pasti ingat bahwa hasil RC internal partai demokrat pasangan pak Prabowo Sandi menang dengan presentase 63%. Mohon kalian jgn berdusta.","1125183993630998533","","Andiarief__","in","","0","0","0","https://x.com/undefined/status/1125183993630998533","2750740674",
"1124847335052173318","Sun May 05 23:42:18 +0000 2019","0","@Ringo15Pansa @GagakNew @prabowo di kertanegara berikut @kemhanKTN","1125183971497615360","","Ringo15Pansa","in","","0","0","0","https://x.com/undefined/status/1125183971497615360","41544451",
"1125183969849294848","Sun May 05 23:42:17 +0000 2019","0","Hahaha...detik.com memang media berudu belegug bagaimana selisih lebih dari 15% dibilang tipis....obyektif dikit knp sih? https://t.co/0sJ4YUAvit","1125183969849294848","","","in","","0","0","0","https://x.com/undefined/status/1125183969849294848","1143131544",
"1125153753135341568","Sun May 05 23:42:14 +0000 2019","0","@prabowo Semoga bapak selalu sehat...","1125183957169926145","","prabowo","in","","0","0","0","https://x.com/undefined/status/1125183957169926145","554073001",
"1124932110786019328","Sun May 05 23:42:13 +0000 2019","0","@almnsyhh @jokowi Anggota kpps 400 jiwa melayang 3000 orang sakit kecurangan dmana mana eh situ malah ngangkat topik pindah ibu kota.. Situ sehat?","1125183950651920384","","almnsyhh","in","","0","0","0","https://x.com/undefined/status/1125183950651920384","97396504",
"1125183911326183424","Sun May 05 23:42:04 +0000 2019","1","Situng KPU: Data 67 76 Persen Jokowi-Amin56 31 Persen vs Prabowo-Sandi 43 69 Persen https://t.co/0dt71tP0SM","1125183911326183424","","","in","","1","0","0","https://x.com/undefined/status/1125183911326183424","118646322",
"1125153753135341568","Sun May 05 23:42:02 +0000 2019","0","@prabowo Semoga berkah untuk bapak pada bulan ramadhan ini pak. Aamiin:))","1125183903713521664","","prabowo","in","","0","0","0","https://x.com/undefined/status/1125183903713521664","1084381433907433472",
"1125153753135341568","Sun May 05 23:41:49 +0000 2019","0","@prabowo Amiinn..dn smoga kami mdpatkn presiden kami yg penuh dgn keiklasan dn ridho lahir bhtin untk bgsa dn negara..🇲🇨🇲🇨🇲🇨","1125183850643054592","","prabowo","in","","0","0","0","https://x.com/undefined/status/1125183850643054592","1097220044189097984",
"1125183833970659328","Sun May 05 23:41:45 +0000 2019","0","dan jokowi tidak melakukan apapun atas hal ini wtf jokowi","1125183833970659328","","","in","","0","0","0","https://x.com/undefined/status/1125183833970659328","159435537",
"1125183784851099649","Sun May 05 23:41:33 +0000 2019","102","Jokowi-Ma'ruf mendapat suara 58.372.709 atau 56 31 persen sedangkan Prabowo-Sandi 45.282.587 atau 43 69 persen. https://t.co/UVXWKeEiBo","1125183784851099649","","","in","","3","20","25","https://x.com/undefined/status/1125183784851099649","23343960",
"1125183779306258432","Sun May 05 23:41:32 +0000 2019","0","Ini namanya bencana kemanusiaan... Buka lagi pemilu...","1125183779306258432","","","in","","0","0","0","https://x.com/undefined/status/1125183779306258432","91485993",
"1125183779197243397","Sun May 05 23:41:32 +0000 2019","0","Kelelahan karena Hitung Suara Pemilu Ketua PPS Waufnor Biak Meninggal Dunia - covesia https://t.co/X2MWPb2pHJ","1125183779197243397","","","in","","0","0","0","https://x.com/undefined/status/1125183779197243397","754922630",
"1125061003274670080","Sun May 05 23:41:30 +0000 2019","0","@KingPurwa @erickthohir @jokowi Ijin muntah komandan","1125183771710353408","","KingPurwa","in","","0","0","0","https://x.com/undefined/status/1125183771710353408","969501042239942657",
"1124748411721228289","Sun May 05 23:41:26 +0000 2019","0","@ade_19315 @EvanRafiq @RachlanNashidik Ini BANGSATNYA dari kubu 02 semua karena memang mereka ditakdirkan untuk menjadi #BANGSAT Coblos Sisa Surat Suara Capres 02 Tiga Orang Petugas KPPS Satu Saksi Jadi Tersangka https://t.co/N6kdyotvW9","1125183753767215104","","ade_19315","in","","0","1","0","https://x.com/undefined/status/1125183753767215104","1018721899768000512",
"1124531393625595904","Sun May 05 23:41:21 +0000 2019","0","@GagahWicaksana @msaid_didu @jokowi @prabowo @berteman_mari @Fahrihamzah @fadlizon @CintaNKRI12 @suwardihagani @Restcayah Durian citra","1125183734657892357","","GagahWicaksana","in","","0","0","0","https://x.com/undefined/status/1125183734657892357","806048711704866816",
"1125153753135341568","Sun May 05 23:41:08 +0000 2019","1","@prabowo Amin ya robbalaalamin","1125183680039669760","","prabowo","in","","0","0","0","https://x.com/undefined/status/1125183680039669760","1062893054665707521",
"1125183674297638914","Sun May 05 23:41:07 +0000 2019","0","Mau terus di cap terpilih jadi presiden hasil kecurangan dan hasil dari 500+ korban meninggal atas chaos nya pemilu 2019. Perpecahan memang sudah terjadi dengan kecurangan dan kebrutalan pilpres ini. Musibah telah dipilih","1125183674297638914","","","in","","0","0","0","https://x.com/undefined/status/1125183674297638914","1100445057788702720",
"1125183641154285568","Sun May 05 23:40:59 +0000 2019","0","2 partai di BPN 02 Mulai pelan2 pindah koalisi ke pak @jokowi jd inget lagu Manado Kapal so lapas tali nahkoda putar kamudi. Selamat tinggal kekasih ","1125183641154285568","","","in","","0","0","0","https://x.com/undefined/status/1125183641154285568","3367645213",
"1125153753135341568","Sun May 05 23:40:53 +0000 2019","0","@prabowo Aammiinn ya allah ya rabbal'allaminnn","1125183614495350785","","prabowo","in","","0","0","0","https://x.com/undefined/status/1125183614495350785","1118852969368178690",
"1124706573002080258","Sun May 05 23:40:49 +0000 2019","0","@SiIvy_Riau02 @jokowi Mojokerto sis kita gulung habis komunisme di Indonesia..","1125183598716309505","","PeoplePower_id","in","","0","0","0","https://x.com/undefined/status/1125183598716309505","1888554710",
"1125171544219639810","Sun May 05 23:40:46 +0000 2019","5","@nieke_aereta @prabowo aamiin saya doakan mba juga ya dari sini .insyaallah air mata mba dan airmata kami yang ingin perubahan dapat membuka pintu langit. selamat berpuasa mba .","1125183584942223360","","nieke_aereta","in","","0","0","0","https://x.com/undefined/status/1125183584942223360","1030381208935444480",
"1124930369633972224","Sun May 05 23:40:44 +0000 2019","0","@tukang_pakang @jokowi Itu duren dari KPU kayaknya...","1125183579024007175","","","in","","0","0","0","https://x.com/undefined/status/1125183579024007175","721669712128655361",
"1124958108936065025","Sun May 05 23:40:36 +0000 2019","1","@New_Zepret @b_fjakarta @prabowo @sandiuno @LaNyallaMM1 Alhamdulillah... Allahu akbar... Jawa Timur kuncinya di MADURA kalau mereka sudah BANGKIT KELAR #TNIBersamaRakyatDukungTNI #TNIBersamaRakyatDukungTNI","1125183544207130629","","Santri_Yatim","in","","0","0","0","https://x.com/undefined/status/1125183544207130629","968113962767204352",
"1125183539501326337","Sun May 05 23:40:35 +0000 2019","49","Partai Solidaritas Indonesia (PSI) meloloskan 3 kadernya ke DPRD Kota Bandung. PSI memperoleh 72.884 suara dalam pemilu 2019 di Kota Bandung. https://t.co/kps3K8B0KR","1125183539501326337","","","in","","6","5","9","https://x.com/undefined/status/1125183539501326337","69183155",
"1125153753135341568","Sun May 05 23:40:24 +0000 2019","0","@prabowo Ibadah.Takwa. https://t.co/tk30XcMLce","1125183493221183489","https://pbs.twimg.com/media/D510azKUwAAaOMi.jpg","prabowo","in","","0","0","0","https://x.com/undefined/status/1125183493221183489","4493339832",
"1124859669829144576","Sun May 05 23:40:06 +0000 2019","1","@kangdede78 @prabowo @Nurmantyo_Gatot serius ni pak... nggak takut di lempar hengpon apa?","1125183420257095680","","kangdede78","in","","0","0","0","https://x.com/undefined/status/1125183420257095680","41544451",
"1124957596815724544","Sun May 05 23:40:01 +0000 2019","0","@lyanJibroil @helmifelis Kl orang benar seperti itu kk. dia mah beda. sprt yg qt lht Kata2 dia mncerminkan kualitas diri dia. Dia sendiri Ga lebih baik dr orang yg dia tolol2in. Maklum hbs pemilu ini byk orang2 suci dadakan orang2 yg penuh kebencian menunjukan eksistensi mereka n anehnya mereka bangga","1125183395540099072","","lyanJibroil","in","","0","0","0","https://x.com/undefined/status/1125183395540099072","1329602982",
"1125153753135341568","Sun May 05 23:40:00 +0000 2019","0","@prabowo Amiin ya rabbal alamiin","1125183393614819328","","prabowo","in","","0","0","0","https://x.com/undefined/status/1125183393614819328","1119552360999604224",
"1125183392016814081","Sun May 05 23:40:00 +0000 2019","2","Said Didu: Pemilu 2019 Dirancang untuk Kecurangan https://t.co/xy2AVgtxpj #news #teropongsenayan #sahabaTS #connectsindonesia","1125183392016814081","","","in","","0","0","2","https://x.com/undefined/status/1125183392016814081","376187750",
"1124280128475844608","Sun May 05 23:39:52 +0000 2019","0","@IsmanTengku Seandaiinya benar kami yakin rakyat pendukungnya ttp solid menjadi pendukung Kubu Prabowo Sandi","1125183358240059393","","IsmanTengku","in","","0","0","0","https://x.com/undefined/status/1125183358240059393","452737461",
"1125005776177827843","Sun May 05 23:39:51 +0000 2019","1","@IreneViena @Gus_Pul07 Mungkin pak SBY balas jasa karna telah mengundurkan diri dari menteri era Bu mega lalu memdirikan partai dan pesaing pada pilpres kala itu waallahualam hanya SBY dan Bu mega yg tau","1125183357409644544","","IreneViena","in","","0","0","0","https://x.com/undefined/status/1125183357409644544","1062893054665707521",
"1125153753135341568","Sun May 05 23:39:46 +0000 2019","0","@prabowo Amin allahuma amiinn","1125183334999515136","","prabowo","in","","0","0","0","https://x.com/undefined/status/1125183334999515136","3112423224",
"1089337453712818176","Sun May 05 23:39:44 +0000 2019","1","@AnzaraYuli @frozen145146 @Nani3711 @Qonstantiniyye @billykoesnadi @amiraswandary @KasanBaret @Marmut_keren @CTe2303 @lizzy02_lizzy @saepullohtoto @dintya066927 @abiamr1 @DK_2_INDONESIA @endang_nz @Innayaputri72 @bryanvandersoon @zachary_ahmad @Bellysetiawan92 @hadid501 @Lutfimuhamad08 @Joko_Ganesha @doc_tetty88 @MBtjw @rukamhamerrii @ngizroil13 @PadiOyan @diah_soewarno @tts52517 @batubara02 @HasanBa81886194 @Herkholis2 @Umbuisback @Suparno08052468 @rizqi_property @GEMACAN70______ @Riva1410 @farid_sdin @yudi29301079 @Afood11 @awaluddin_sadik @Aswin_fadillah @rereronggolawe @rudi2906rs @JackKellinBert @Zsoer90 @prabowo @sandiuno @syafrinkar @777_Stealth Ngacir atuh jadi na...","1125183324765376512","","4UdibA","in","","0","0","0","https://x.com/undefined/status/1125183324765376512","1083935527584186368",
"1125153753135341568","Sun May 05 23:39:35 +0000 2019","1","@prabowo Aamiin Ya Allah YRA...","1125183289935814656","","prabowo","in","","0","0","0","https://x.com/undefined/status/1125183289935814656","945045762093727744",
"1125183283472429056","Sun May 05 23:39:34 +0000 2019","1","Prabowo Ungguli Jokowi Di PALI Dengan Angka Telak https://t.co/1XcUEAvuZK https://t.co/rOgG3dGVLe","1125183283472429056","https://pbs.twimg.com/media/D510O8FUUAAh0hh.jpg","","in","","0","0","0","https://x.com/undefined/status/1125183283472429056","832412370819375104",
"1124932110786019328","Sun May 05 23:39:26 +0000 2019","0","@jokowi Saya dirumah mendoakan indonesia jujur adil damai","1125183248940711936","","jokowi","in","","0","0","0","https://x.com/undefined/status/1125183248940711936","983779477971873792",
"1125061003274670080","Sun May 05 23:39:23 +0000 2019","1","@KingPurwa @erickthohir @jokowi Persetan protes dan nyawa orang lain ya Rick? #DendaSatuMiliarPemalsuC1 #DendaSatuMiliarPemalsuC1","1125183236861075461","","KingPurwa","in","","0","0","0","https://x.com/undefined/status/1125183236861075461","920573294708789248",
"1125183207270313985","Sun May 05 23:39:16 +0000 2019","0","Cerita seorang bapak: Susilo Bambang Yudhoyono memilih bungkam dan tidak ikut dalam deklarasi kemenangan Prabowo. Surabaya Indonesia 2019 . . #street #streetphotography https://t.co/TUqADIqiqj","1125183207270313985","","","in","","0","0","0","https://x.com/undefined/status/1125183207270313985","101103065",
"1125183198281887745","Sun May 05 23:39:14 +0000 2019","0","Aamiin yaa rabbal'alamin.","1125183198281887745","","","in","","0","0","0","https://x.com/undefined/status/1125183198281887745","2893375339",
"1125183198009237504","Sun May 05 23:39:13 +0000 2019","0","Coblos Sisa Surat Suara Capres 02 Tiga Orang Petugas KPPS Satu Saksi Jadi Tersangka https://t.co/N6kdyotvW9","1125183198009237504","","","in","","0","0","1","https://x.com/undefined/status/1125183198009237504","1018721899768000512",
"1125153753135341568","Sun May 05 23:39:11 +0000 2019","0","@prabowo Aamiin3x Ya Rabbal'alamin. Smg menunaikn ibadah puasa juga Pk. Prabowo my Presiden RI 2019-2024. BarrakAllah smg kita semua selalu dlm lindungan Allah SWT. Bismillah Allah mudahkn &amp; lancarkan &amp; berkahi NKRI utk memiliki Presiden baru .","1125183185682223104","","prabowo","in","","0","0","0","https://x.com/undefined/status/1125183185682223104","1227003810",
"1124878935643181056","Sun May 05 23:39:04 +0000 2019","1","@prabowo5310 @Dennysiregar7 @prabowo ..kreatif....","1125183158683455488","","omyang_jimbe","in","","0","0","0","https://x.com/undefined/status/1125183158683455488","1119226865871253504",
"1125183116786593792","Sun May 05 23:38:54 +0000 2019","0","Gmn tuch pak jokowi sebagai seorg presiden ??? @jokowi @rockygerung @Fahrihamzah","1125183116786593792","","","in","","0","0","0","https://x.com/undefined/status/1125183116786593792","1113333377816453120",
"1125183081147535361","Sun May 05 23:38:46 +0000 2019","1","1 Milyar Untuk Palestina #prabowosubianto #prabowo #sandiaga #prabowosandi #2019gantipresiden #indonesiaadilmakmur https://t.co/dulg2lUeLP","1125183081147535361","https://pbs.twimg.com/ext_tw_video_thumb/1125182819582373888/pu/img/QY92YuUrdR8kbSHa.jpg","","in","","0","0","0","https://x.com/undefined/status/1125183081147535361","1120821317727469570",
"1124855765875871744","Sun May 05 23:38:37 +0000 2019","1","@isari68 @Koces871 @prabowo @sandiuno @KPU_ID KPU Abal Abal pelaksanan aslinya ada di tempat lain dan pengurusnya berbeda. KPU cuma nama lembaga saja. Sebagai bendera","1125183044002783232","","isari68","in","","0","0","0","https://x.com/undefined/status/1125183044002783232","988058441909334017",
"1125182985844617216","Sun May 05 23:38:23 +0000 2019","3","Selamat Menunaikan Ibadah Puasa Pak @prabowo . Smoga Ramadhan ini menjadi tonggak penguat perjalanan Bathin Bapak ke depan dlm hal membela kebenaran dan membela Rakyat. Smoga Alloh mengijinkan Saya u/ jadi Saksi dr kepemimpinan Bapak yg amanah penuh manfaat &amp; diberkahi. Amiin","1125182985844617216","","","in","","0","0","0","https://x.com/undefined/status/1125182985844617216","147122196",
"1125027323634257920","Sun May 05 23:38:21 +0000 2019","0","@jokowi Tetap semangat membangun negri ... PLD siap mengabdi pada bangsa demi sebuah perubahan lebih baik ... meski honor sedikit allah swt memberikan keberkahan dan keridhoan ... Salam dari desa","1125182977875398656","","jokowi","in","","0","0","0","https://x.com/undefined/status/1125182977875398656","253357816",
"1125182929087283200","Sun May 05 23:38:09 +0000 2019","0","Situng KPU: Jokowi-Maruf Peroleh 58.376.561 Suara https://t.co/6JWOOzxaVT","1125182929087283200","","","in","","0","0","0","https://x.com/undefined/status/1125182929087283200","1099512765314564096",
"1124932110786019328","Sun May 05 23:38:08 +0000 2019","0","@Cheva_2 @jokowi Betul betul betul jdi percuma ya neng","1125182922535784448","","Qaireen_aja","in","","0","0","0","https://x.com/undefined/status/1125182922535784448","926894062661017600",
"1125182900020793345","Sun May 05 23:38:02 +0000 2019","1","Membaca Langkah Politik Jokowi Usai Pemilu 2019 https://t.co/u6rYSfS7es","1125182900020793345","","","in","","1","0","3","https://x.com/undefined/status/1125182900020793345","456426648",
"1125153753135341568","Sun May 05 23:37:58 +0000 2019","0","@prabowo Aamiin ya rabb.","1125182881096056832","","prabowo","in","","0","0","0","https://x.com/undefined/status/1125182881096056832","1108854683638984705",
"1125024548619821067","Sun May 05 23:37:57 +0000 2019","0","@putrabanten80 Ini status tidak smart... Mekanisme Pilpres sudah jelas kan.? Teriak curang itu adalah si pemalas namun tunjukan barang bukti curang itu adalah si smart. Nah silakan tunjukan bukti tsb di pengadilan. Btw kok lucu ya sdh deklarasi kemenangan 3x tapi teriak curang.?","1125182878973710336","","Oku__records","in","","0","0","0","https://x.com/undefined/status/1125182878973710336","954644996",
"1124826550568767489","Sun May 05 23:37:57 +0000 2019","0","@kompasiana @kompascom Penyempurnaan sistem Pemilu perlu dibahas komprehensif. Libatkan pakar. Apa pemilu langsung tepat? Fahami kendala geografis? Demografi? Pendidkn blm merata rkyt masih mudah termakan hoax isu SARA.Jgn pakai kaca mata org kota. Jgn korbankan persatuan bgs atas nama demokrasi.","1125182876159397888","","kompasiana","in","","0","0","0","https://x.com/undefined/status/1125182876159397888","835143624769691649",
"1125153753135341568","Sun May 05 23:37:50 +0000 2019","1","@prabowo Aamiin ya Allah ...","1125182847680110593","","prabowo","in","","0","0","0","https://x.com/undefined/status/1125182847680110593","817284056333185026",
"1124531393625595904","Sun May 05 23:37:49 +0000 2019","0","@GagahWicaksana @msaid_didu @jokowi @prabowo @berteman_mari @Fahrihamzah @fadlizon @CintaNKRI12 @suwardihagani @Restcayah Berbohong demi pencitraan sudah biasa.....dipiara terus...miris","1125182845423480832","","GagahWicaksana","in","","0","0","0","https://x.com/undefined/status/1125182845423480832","947014595310379008",
"1125182758677032961","Sun May 05 23:37:29 +0000 2019","2","https://t.co/sfuLhJcg25 Alhamdulillah Hari Ini Ulama Indonesia BERSATU @jokowi @KHMarufAmin_ #Ramadhan #UlamaBangsaBersatu #HaramGantiPresiden #JokowiAminMenang #IndonesiaMaju @EropaJokowi @arimanik @subkhiridho @Arse00571581 @peppychristian1 @rianantony4","1125182758677032961","","","in","","1","0","1","https://x.com/undefined/status/1125182758677032961","1114190812303253506",
"1125182221470461952","Sun May 05 23:37:22 +0000 2019","0","@bangwinissimo Agar tagarnya tidak lagi 2019 Ganti Presiden tapi langsung menyebut nama yaitu 2019 Presiden Baru Prabowo kata Hidayat saat dihubungi https://t.co/ve0GLA98e9 Minggu (5/5).","1125182729404837888","","bangwinissimo","in","","0","1","0","https://x.com/undefined/status/1125182729404837888","57610186",
"1125182691840708608","Sun May 05 23:37:13 +0000 2019","1","https://t.co/ja4hSqzOgK - Real Count KPU 6 Mei 67 % Suara Bengkulu Berubah Tebak Suara Siapa Kurang? @jokowi @prabowo https://t.co/u5zwxRpisn","1125182691840708608","","","in","","0","0","0","https://x.com/undefined/status/1125182691840708608","80885324",
"1125182671141781504","Sun May 05 23:37:08 +0000 2019","1","Pilpres 2019 Ajang Kebaikan #prabowo #sandiaga #prabowosandi #2019gantipresiden #indonesiaadilmakmur https://t.co/Z0yi7zqSc0","1125182671141781504","https://pbs.twimg.com/ext_tw_video_thumb/1125182417835216896/pu/img/Z2IVAlvDNBB5yjfM.jpg","","in","","0","0","0","https://x.com/undefined/status/1125182671141781504","1120821317727469570",
"1125173378808025090","Sun May 05 23:36:56 +0000 2019","1","@republikaonline Khususnya Warga Kota Tasik umumnya Priangan Timur sdh maksimal memperjuangkan Prabowo-Sandi. Ini deklarasi kemenangan Prabowo-Sandi u/ Wil. Priangan Timur. Siapapun yg menjadi Presiden RI sesuai dgn Konstitusi. Kami menghormatinya. Jadikan Undang-Undang sbg Pedoman Bernegara. https://t.co/nl3ctrXsR1","1125182621833555969","https://pbs.twimg.com/media/D51znrrUEAECV25.jpg","republikaonline","in","","0","0","1","https://x.com/undefined/status/1125182621833555969","1091338706827407361",
"1125153753135341568","Sun May 05 23:36:52 +0000 2019","0","@TanYoana @prabowo Makasih Cici... salam waras","1125182605794562049","","TanYoana","in","","0","0","0","https://x.com/undefined/status/1125182605794562049","837663966981562369",
"1124766912104157185","Sun May 05 23:36:52 +0000 2019","0","@RachlanNashidik @syafii_hasan Maksudnya Prabowo kasi komando. Kalo mmg turun ke jalan Demokrat bakal ikut juga. Gitu kan pak @RachlanNashidik","1125182602816540673","","rachlannashidik","in","","0","0","0","https://x.com/undefined/status/1125182602816540673","751515852604776449",
"1125182572017807361","Sun May 05 23:36:44 +0000 2019","0","Selamat menunaikan juga pak @prabowo sehat selalu aamiin yra","1125182572017807361","","","in","","0","0","0","https://x.com/undefined/status/1125182572017807361","970864113315332097",
"1125182540711514112","Sun May 05 23:36:37 +0000 2019","0","Update Hasil Pilpres 2019 (06 May 2019 06:30:04) (01) JOKOWI/AMIN: 58.383.136 (+2.655) - 56.31% (0%) (02) PRABOWO/UNO: 45.295.745 (+3.146) - 43.69% (0%) Proses 550.395 (+26 / +0.0032%) TPS dari total 813.350 TPS dengan persentase 67.6701%.","1125182540711514112","","","in","","0","0","1","https://x.com/undefined/status/1125182540711514112","1118732326769283072",
"1125182487129251840","Sun May 05 23:36:24 +0000 2019","12","#TNIBersamaRakyatDukungTNI Rakyat memilih Prabowo Sandi Deklarasi masy Kab. Garut atas kemenangan real count Prabowo Presiden https://t.co/Z7tUqkUjcC","1125182487129251840","https://pbs.twimg.com/ext_tw_video_thumb/1125182137014018049/pu/img/RBSdP_F71I3HirIY.jpg","","in","","0","0","1","https://x.com/undefined/status/1125182487129251840","3069139752",
"1125182482465169408","Sun May 05 23:36:23 +0000 2019","0","Hi kak juniordanyw","1125182482465169408","","","in","","0","0","0","https://x.com/undefined/status/1125182482465169408","1249515607",
"1124531393625595904","Sun May 05 23:36:21 +0000 2019","0","@GagahWicaksana @msaid_didu @jokowi @prabowo @berteman_mari @Fahrihamzah @fadlizon @CintaNKRI12 @suwardihagani @Restcayah Klo misal makan durian itu th2019 . N panenny pantasnya 6± th an. Brrti kmngkinan itu durian jaman p sby.","1125182476563804160","","GagahWicaksana","in","","0","0","0","https://x.com/undefined/status/1125182476563804160","4859049580",
"1125061003274670080","Sun May 05 23:36:12 +0000 2019","0","@KingPurwa @erickthohir @jokowi lu sehat kan tohir","1125182438194311169","","KingPurwa","in","","0","0","0","https://x.com/undefined/status/1125182438194311169","1012314580171681792",
"1124893091062673408","Sun May 05 23:36:07 +0000 2019","0","@AsikinHidup @jokowi #SelamatRamadanPakJokowi Ros Kebumen","1125182417440874497","","AsikinHidup","in","","0","0","0","https://x.com/undefined/status/1125182417440874497","1060801779154149376",
"1125038369161957377","Sun May 05 23:36:02 +0000 2019","0","@rajatapura @marlina_idha @jokowi @prabowo @sandiuno Anda terlalu jujur hati2 jd tersangka skrg org jujur diburu yg tdk jujur dilindungi. Lihat sj pemilu ketidakjujuran kasat mata apa sdh ada yg ditangkap?","1125182395919978496","","rajatapura","in","","0","0","0","https://x.com/undefined/status/1125182395919978496","1448290621",
"1125153753135341568","Sun May 05 23:35:56 +0000 2019","0","@prabowo Bulan puasa ga boleh bohong lagi ya pak..apalagi ngaku2 pleciden.","1125182369592332288","","prabowo","in","","0","0","0","https://x.com/undefined/status/1125182369592332288","249651749",
"1125153753135341568","Sun May 05 23:35:38 +0000 2019","1","@prabowo Aamiin Yaa Robbal'alamiin doa yang sama juga untuk pak Prabowo","1125182292719063040","","prabowo","in","","0","0","0","https://x.com/undefined/status/1125182292719063040","1050010876802097155",
"1125180457979506689","Sun May 05 23:35:37 +0000 2019","0","2K14 juga sih suasana nya hampir sama Sama2 pilpres.","1125182291808886784","","ipel_767","in","","0","0","0","https://x.com/undefined/status/1125182291808886784","99057748",
"1125153753135341568","Sun May 05 23:35:32 +0000 2019","0","@prabowo Aamiin. Jazaa kallohu khoyro Mr. President","1125182270917070848","","prabowo","in","","0","0","0","https://x.com/undefined/status/1125182270917070848","1111248477206396928",
"1124945556827021312","Sun May 05 23:35:31 +0000 2019","0","@RamliRizal Aamiin2 ya rabb. Salah satu kabahagiaan tertinggi dalam hidup saya bisa menyaksikan Pak Prabowo jadi Presiden.","1125182264533405696","","RamliRizal","in","","0","0","0","https://x.com/undefined/status/1125182264533405696","1108854683638984705",
"1125182256631271425","Sun May 05 23:35:29 +0000 2019","0","Aamiinn... Kita pasti menang","1125182256631271425","","","in","","0","0","0","https://x.com/undefined/status/1125182256631271425","1098596415616499712",
"1125182147759824896","Sun May 05 23:35:03 +0000 2019","5","5) Menteri BUMN @KemenBUMN &amp; Menhub @kemenhub151 dengan berbagai alasan mungkin tidak mampu/tidak mau mengintervensi harga tiket @IndonesiaGaruda . Tapi Pak Presiden @jokowi bisa kalau mau demi rakyat anda yg jadi konsumen dan yg menggantungkan kehidupan mereka dari pariwisata.","1125182147759824896","","","in","","0","0","6","https://x.com/undefined/status/1125182147759824896","845078592",
"1124531393625595904","Sun May 05 23:35:02 +0000 2019","0","@sulkhannoor @GagahWicaksana @jokowi @prabowo @berteman_mari @Fahrihamzah @fadlizon @CintaNKRI12 @suwardihagani @Restcayah Setuju","1125182143783530497","","sulkhannoor","in","","0","0","0","https://x.com/undefined/status/1125182143783530497","4859049580",
"1125004635989729280","Sun May 05 23:35:01 +0000 2019","0","@makLambeTurah @KPU_ID @PramonoUtan Tapi mesti ditambah kok masih tetep yg menang jokowi persentasenya ada yg aneh itu settingan atau emang dsetting begitu..","1125182138863669249","","makLambeTurah","in","","0","0","0","https://x.com/undefined/status/1125182138863669249","930792867030736896",
"1124999520201236481","Sun May 05 23:34:55 +0000 2019","0","@amrullah_sk @prabowo Menang....gung rugi dan maluuu","1125182115014774784","","Klanceng_World","in","","0","0","0","https://x.com/undefined/status/1125182115014774784","1016477289192742912",
"1125182084472029185","Sun May 05 23:34:48 +0000 2019","0","Apa Kabar Para Menteri Jokowi yang Nyaleg di Pemilu 2019 Lolos ke DPR? https://t.co/5ukjQY0gwl https://t.co/y8XjUt9ZFw","1125182084472029185","https://pbs.twimg.com/media/D51zJKGX4AAqvVQ.jpg","","in","","0","0","0","https://x.com/undefined/status/1125182084472029185","1110181801333391361",
"1125182070085435393","Sun May 05 23:34:45 +0000 2019","0","ah.. bahas pemilu lagi... (bobok lagi)","1125182070085435393","","","in","","0","0","0","https://x.com/undefined/status/1125182070085435393","2527483430",
"1125182052448526336","Sun May 05 23:34:40 +0000 2019","0","SPECIAL BUAT YG MERASA . . Solo Apapun hasil Pemilu 2019 harus disikapi secara bijaksana oleh berbagai pihak. Mengingat penyelenggara Pemilu dalam hal ini Komisi Penyelenggara https://t.co/VMdDoVLE6G","1125182052448526336","","","in","","0","0","0","https://x.com/undefined/status/1125182052448526336","576287136",
"1125030753119555590","Sun May 05 23:34:39 +0000 2019","0","@febryanalam @JennyJusuf @BudiKaryaS Iki Lho pak @jokowi ","1125182047981412352","","fbrrynnn","in","","0","0","0","https://x.com/undefined/status/1125182047981412352","2857568274",
"1124932110786019328","Sun May 05 23:34:39 +0000 2019","0","@AlfiandiMarjian @jokowi Ngeri amat ada maling ya ?","1125182045854945280","","AlfiandiMarjian","in","","0","0","0","https://x.com/undefined/status/1125182045854945280","926894062661017600",
"1125153753135341568","Sun May 05 23:34:34 +0000 2019","0","@prabowo Aamiin ya Rabb","1125182024782737408","","prabowo","in","","0","0","0","https://x.com/undefined/status/1125182024782737408","262213508",
"1125061003274670080","Sun May 05 23:34:22 +0000 2019","0","@KingPurwa @roninpribumi @erickthohir @jokowi Cuma bisa ketawa aja ","1125181974597910529","","KingPurwa","in","","0","0","0","https://x.com/undefined/status/1125181974597910529","578198160",
"1125087589386543104","Sun May 05 23:34:21 +0000 2019","1","@JKFC23456789 @triwul82 @P3nj3l4j4h @TheArieAir @RizmaWidiono @RamliRizal @Fahrihamzah @dr_tompi @ASapardan @4Y4NKZ @woelannnn Ada baiknya kalau memuji seseorang atau suatu kelompok jangan sambil menjelekkan yang lain. Anda bilang sulawesi pintar tapi bisa dirayu? Tolong yg JAWA jgn menggeneralisir Sulawesi. Sulawesi itu besar bung. Dan suara Jokowi di Sulut SANGAT BESAR.","1125181971036901377","","JKFC23456789","in","","0","0","0","https://x.com/undefined/status/1125181971036901377","86753742",
"1125075522600427521","Sun May 05 23:34:12 +0000 2019","1","@joked2019 Pemilu itu harusnya memberi kebahagian pada rakyat. Rakyat berharap perubahan kebaikan terjadi","1125181934164795392","","","in","","0","0","0","https://x.com/undefined/status/1125181934164795392","261160991",
"1124748411721228289","Sun May 05 23:33:52 +0000 2019","0","@RachlanNashidik Keadaan memang ga akan berubah 22 Mei tetap Jokowi menang. Berdadarkan RC KPU makin terang benderang Jokowi menang","1125181851436339200","","rachlannashidik","in","","0","0","0","https://x.com/undefined/status/1125181851436339200","1028451854575759360",
"1125181849402142720","Sun May 05 23:33:52 +0000 2019","1","Keren.. kalau semua kabupaten/kota bisa buat spanduk seperti ini akan lebih meluas rakyat tahu siapa Pemenang Pilpres sesungguhnya.. #DoaKamiUntukPrabowoSandi","1125181849402142720","","","in","","0","0","0","https://x.com/undefined/status/1125181849402142720","106742774",
"1125181821958983683","Sun May 05 23:33:45 +0000 2019","0","RAPAT PLENO KAB.CIANJUR RICUH SUARA PRABOWO HILANG 10 000 https://t.co/f2BiLwziBn","1125181821958983683","","","in","","0","0","0","https://x.com/undefined/status/1125181821958983683","129785753",
"1124632266620141568","Sun May 05 23:33:44 +0000 2019","0","@detikcom Udh dpt kursi di DPR udh menang ntar kalo pemilu di ulang lagi gara gara maksa 2019 ganti presiden ya kalo menang kalo kaga ... sapa yg rugi ..","1125181816447488000","","detikcom","in","","0","0","0","https://x.com/undefined/status/1125181816447488000","3093130284",
"1125153753135341568","Sun May 05 23:33:43 +0000 2019","0","@prabowo Aamiin ya rabbal alamiin ","1125181811615682560","","prabowo","in","","0","0","0","https://x.com/undefined/status/1125181811615682560","956891091722059776",
"1125181774944800768","Sun May 05 23:33:34 +0000 2019","0","@null 'Pisahkan Pemilu Nasional dan Daerah' Bagi pakar hukum tata negara ini Pemilu S https://t.co/pKI0oOK42b","1125181774944800768","","null","in","","0","0","0","https://x.com/undefined/status/1125181774944800768","474668024",
"1125181772558290945","Sun May 05 23:33:34 +0000 2019","0","@null 'Pisahkan Pemilu Nasional dan Daerah' Bagi pakar hukum tata negara ini Pemilu S https://t.co/eFcKxVqTKT","1125181772558290945","","null","in","","0","0","0","https://x.com/undefined/status/1125181772558290945","486386712",
"1125181768020254720","Sun May 05 23:33:33 +0000 2019","0","Jokowi: Marhaban Ya Ramadan Selamat Menunaikan Ibadah Puasa https://t.co/C27FXi7W49 https://t.co/lRrgqrBcFQ","1125181768020254720","https://pbs.twimg.com/media/D51y2ufXsAAfT_H.jpg","","in","","0","0","0","https://x.com/undefined/status/1125181768020254720","1110181801333391361",
"1125181757739790336","Sun May 05 23:33:30 +0000 2019","0","@null 'Pisahkan Pemilu Nasional dan Daerah' Bagi pakar hukum tata negara ini Pemilu S https://t.co/qYHIkAvzJR","1125181757739790336","","null","in","","0","0","0","https://x.com/undefined/status/1125181757739790336","253570473",
"1125072221683105793","Sun May 05 23:33:29 +0000 2019","0","@AndiArief__ @sulaimanadmiral Demokrasi atau pilpres tentu ada yg kalah dan ada yg menang... walau nangis sambil gulung2.. Kalau kalah yo kalah.. Sportive saja lebih baik.. Jaga kewarasan berdemokrasi","1125181754380185600","","Andiarief__","in","","0","0","0","https://x.com/undefined/status/1125181754380185600","1119077440939102210",
"1125181707097821184","Sun May 05 23:33:18 +0000 2019","0","maaf berpikir positif di pagi ini evaluasi pemilu 2019 sangat mungkin terjadi utk perbaikan di tahun mendatang tapi bila pisah daerah dan nasional kelihatan tdk perlu krn beban kerja ttp sama sebaiknya siap e vooting saja itu lbh baik tnp dipisahkan tsb","1125181707097821184","","","in","","0","0","0","https://x.com/undefined/status/1125181707097821184","1120968355945467904",
"1125181642081832960","Sun May 05 23:33:02 +0000 2019","0","Tarawih Pertama di Bogor Presiden Jokowi Bahas LRT dengan Dedie https://t.co/bXuCODuAvJ https://t.co/T8yyroI0Ij","1125181642081832960","https://pbs.twimg.com/media/D51yvaSV4AAN9aW.jpg","","in","","0","0","0","https://x.com/undefined/status/1125181642081832960","803539781019799552",
"1125181641297678337","Sun May 05 23:33:02 +0000 2019","0","Selamat utk jokowi ma'ruf amin menjadi presiden quickcount dan selamat utk prabowo sandi yg menjadi presiden rakyat indonesia","1125181641297678337","","","in","","0","0","0","https://x.com/undefined/status/1125181641297678337","3242605255",
"1124531393625595904","Sun May 05 23:32:55 +0000 2019","0","@GagahWicaksana @jokowi @prabowo @berteman_mari @Fahrihamzah @fadlizon @CintaNKRI12 @suwardihagani @Restcayah Pak @jokowi ... Minta bibit duriannya dong....!!? Atau Mungkin mas @Amal_Alghozali punya bibit durian yg sama dgn yg ditanam pak Presiden ???","1125181611425685504","","GagahWicaksana","in","","0","0","0","https://x.com/undefined/status/1125181611425685504","2944099831",
"1124932110786019328","Sun May 05 23:32:39 +0000 2019","0","@sari0709yulita @jokowi Coba di tlpon atuh neng","1125181543897489408","","yulitasaarii___","in","","0","0","0","https://x.com/undefined/status/1125181543897489408","926894062661017600",
"1125153753135341568","Sun May 05 23:32:36 +0000 2019","0","@prabowo Alhamdulillah ketemu dgn Ramadhan lagi ya pak. Insya Allah di Ramadhan kali ini kemenangan untuk rakyat Indonesia melalui kepemimpinan bapak yg amanah. Follback please ya pak.. ","1125181532149149697","","prabowo","in","","0","0","0","https://x.com/undefined/status/1125181532149149697","103775743",
"1125001634176614408","Sun May 05 23:32:34 +0000 2019","0","@vasco_ruseimy @alvinyudistira Kecurangan sejak pemilu 1 semuanya curang baik sipenantang maupun lawan.....kok baru sekarang dibilang bencana nadional emangnya baru tahu nih....kemana saja kamu selama ini ???. Politik = banyak taktik...","1125181521957011456","","vasco_ruseimy","in","","0","0","0","https://x.com/undefined/status/1125181521957011456","1090788087456706560",
"1125061003274670080","Sun May 05 23:32:30 +0000 2019","0","@KingPurwa @erickthohir @jokowi Ngomong ma tembok rik.. #DendaSatuMiliarPemalsuC1 #TniBersamaRakyatDukungTNI #","1125181506022862848","","KingPurwa","in","","0","0","0","https://x.com/undefined/status/1125181506022862848","3357807253",
"1124963187000889344","Sun May 05 23:32:23 +0000 2019","0","@PEJOEANG17845 @NcangBeni @Addarul1 @prabowo @Fahrihamzah @sandiuno @AgusYudhoyono sy lebih suka KL pak gatot tegas dan berani","1125181477870686208","","LaskarDhipayuda","in","","0","0","0","https://x.com/undefined/status/1125181477870686208","1118840189235806210",
"1125153753135341568","Sun May 05 23:32:21 +0000 2019","0","@prabowo Aamiin ..semoga sehat wal apiat.. bapak selalu di lindungi allah swt..semangaat..","1125181468638994433","","prabowo","in","","0","0","0","https://x.com/undefined/status/1125181468638994433","1119124213145554946",
"1125083851343089664","Sun May 05 23:32:21 +0000 2019","0","@OppositeLinks @jokowi @wapres_ri @KPU_ID @bawaslu_RI @DKPP_RI Akun @jokowi dipegang admin so maaf pak jok ga baca berita beginian️","1125181467846270976","","demoSoCRAZY","in","","0","0","0","https://x.com/undefined/status/1125181467846270976","1118185539075575808",
"1125181440239366144","Sun May 05 23:32:14 +0000 2019","1","@sandiuno anda lahir 1969 mulai kuliah paling muda sekitar umur 18 yaitu 1987 padahal excel ditemukan 1993. Mungkin lotus kali pak. Jgn sandiwara trus ah udah slsai pemilu dan kalah kan menurut QC","1125181440239366144","","sandiuno","in","","0","0","2","https://x.com/undefined/status/1125181440239366144","1096253729982955520",
"1125153753135341568","Sun May 05 23:32:04 +0000 2019","0","@prabowo semoga puasa dapat mendidik kita menjadi pribadi yg jujur...","1125181396459216896","","prabowo","in","","0","0","0","https://x.com/undefined/status/1125181396459216896","1087329584406659072",
"1125072221683105793","Sun May 05 23:32:00 +0000 2019","0","@TAhayuningtyas @PriyoBudiS @AndiArief__ Huaaha hahahaha survei sblm pemilu.. Huaaha hahahaha","1125181377878450176","","TAhayuningtyas","in","","0","0","0","https://x.com/undefined/status/1125181377878450176","1118334355",
"1125153753135341568","Sun May 05 23:31:52 +0000 2019","2","@prabowo Aamiin yra...semoga bapak selalu di beri kesehatan dan keselamatan ...","1125181344445648896","","prabowo","in","","0","0","0","https://x.com/undefined/status/1125181344445648896","1048447842363170816",
"1125027323634257920","Sun May 05 23:31:38 +0000 2019","0","@jokowi Sama jg suka PHP lupa diri dan sadar diri pak...","1125181289470906369","","jokowi","in","","0","0","0","https://x.com/undefined/status/1125181289470906369","1085787679122280448",
"1125072221683105793","Sun May 05 23:31:38 +0000 2019","4","@AndiArief__ Mas @AndiArief__ tolong baca ini baik-baik: Melawan kecurangan pemilu itu maunya rakyat yang tidak rela suaranya dirampok bukan maunya Prabowo tok. Kalian tidak bakal selamat jika coba-coba melawan kemauan rakyat.","1125181287893835776","","Andiarief__","in","","0","0","1","https://x.com/undefined/status/1125181287893835776","810439176483020801",
"1125181275009056768","Sun May 05 23:31:35 +0000 2019","0","TRIBUNBATAM.id- Simak hasil real count atau penghitungan perolehan suara Jokowi vs Prabowo di Pilpres 2019 oleh KPU suara masuk 67 65 persen per Senin (5/5/2019) pukul 03.00 WIB https://t.co/7mwPd7p2v8","1125181275009056768","","","in","","0","0","0","https://x.com/undefined/status/1125181275009056768","576287136",
"1125181255962644480","Sun May 05 23:31:30 +0000 2019","6","KPU Kota Bandung Gelar Rapat Pleno Rekapitulasi Suara Pemilu 2019 Ini Hasilnya https://t.co/0D6h2HlNco https://t.co/ku065mIc0v","1125181255962644480","https://pbs.twimg.com/media/D51yYX5U8AAFcsz.jpg","","in","","0","0","2","https://x.com/undefined/status/1125181255962644480","150589950",
"1125153753135341568","Sun May 05 23:31:30 +0000 2019","0","@prabowo Tks sama2 pak Presiden (in syaa Allah...Aamiin) ","1125181254758854656","","prabowo","in","","0","0","0","https://x.com/undefined/status/1125181254758854656","1028384973747712000",
"1124963187000889344","Sun May 05 23:31:19 +0000 2019","0","@NcangBeni @dulatips @prabowo @Fahrihamzah @sandiuno @AgusYudhoyono @aniesbaswedan juga dong","1125181207551995904","","NcangBeni","in","","0","0","0","https://x.com/undefined/status/1125181207551995904","1280062676",
"1125181201705082880","Sun May 05 23:31:17 +0000 2019","0","ERICK THOHIR SMG KEMENANGAN PRABOWO MENGANTARMU KE PENJARA","1125181201705082880","","","in","","0","0","0","https://x.com/undefined/status/1125181201705082880","1026261268737347584",
"1125181200606191616","Sun May 05 23:31:17 +0000 2019","13","4) Untuk apa punya BUMN penerbangan @IndonesiaGaruda jika konsumen menjerit jumlah penumpang domestik merosot tajam dan pariwisata domestik anjlog. Sementara kaum menengah atas yang mau libur ke luar negeri dapat harga murah? @KemenBUMN @kemenhub151 @jokowi","1125181200606191616","","","in","","0","0","12","https://x.com/undefined/status/1125181200606191616","845078592",
"1125181174307901440","Sun May 05 23:31:11 +0000 2019","1","Tiwas negoro ngetokno duwik akeh nggo pemilu","1125181174307901440","","","in","","0","0","0","https://x.com/undefined/status/1125181174307901440","1097128227460378625",
"1125181138606018561","Sun May 05 23:31:02 +0000 2019","0","@null 'Pisahkan Pemilu Nasional dan Daerah' Bagi pakar hukum tata negara ini Pemilu S https://t.co/gyPDVV6X21","1125181138606018561","","null","in","","0","0","0","https://x.com/undefined/status/1125181138606018561","1424488200",
"1125153753135341568","Sun May 05 23:31:01 +0000 2019","0","@prabowo Aamiin Yaa Rabb Sami-sami Pak Mohon maaf lahir dan bathin ","1125181130758471681","","prabowo","in","","0","0","0","https://x.com/undefined/status/1125181130758471681","970341889714003968",
"1125181130645200897","Sun May 05 23:31:01 +0000 2019","1","Aamiin y ALLAAH Selamat menjalankan ibadah shaum pak prabowo sehat selalu &amp; menjadi pemimpin yg amanah &amp; istiqomah utk rakyat NKRI tercinta Aamiin y ALLAAH","1125181130645200897","","","in","","0","0","0","https://x.com/undefined/status/1125181130645200897","1115755646668824577",
"1124930369633972224","Sun May 05 23:31:00 +0000 2019","0","@tukang_pakang @jokowi Aduh jangan kebanyakan tanam bang..Duren harga lagi bagus ntar harga bs merosot kalo kebanyakan duren beredar Tapiii..Kl pake teori ibu irma suryani dari nasdem yang gagal lolos senayan ituuu banyak permintaan harga turun..Minim permintaan harga naik..hrg Duren bisa stabil","1125181128380276736","","","in","","0","0","1","https://x.com/undefined/status/1125181128380276736","185167250",
"1125181125658177537","Sun May 05 23:30:59 +0000 2019","0","2Tanpa rasa takut menghalu rintangan HP_Don_ Hadi Prabowo #HPDonMenang #PKS3Besar","1125181125658177537","","","in","","0","0","0","https://x.com/undefined/status/1125181125658177537","1415635578",
"1125027323634257920","Sun May 05 23:30:59 +0000 2019","0","@jokowi Selamat menunaikan ibadah Puasa Pak Presiden beserta Keluarganya.......Tuhan Memberkati #jokowiamin2019","1125181125138083840","","jokowi","in","","0","0","0","https://x.com/undefined/status/1125181125138083840","93042310",
"1125181096369348609","Sun May 05 23:30:52 +0000 2019","0","TRIBUNBATAM.id- Simak hasil real count atau penghitungan perolehan suara Jokowi vs Prabowo di Pilpres 2019 oleh KPU suara masuk 67 65 persen per Senin (5/5/2019) pukul 03.00 WIB https://t.co/v3TncZCLuQ","1125181096369348609","","","in","","0","0","0","https://x.com/undefined/status/1125181096369348609","576287136",
"1124948591221460998","Sun May 05 23:30:51 +0000 2019","0","@RamliRizal @msaid_didu @jokowi @yunartowijaya Kl dg pilpres in gmn?","1125181089121619970","","RamliRizal","in","","0","0","0","https://x.com/undefined/status/1125181089121619970","1090619219203379201",
"1124878935643181056","Sun May 05 23:30:43 +0000 2019","0","@Dennysiregar7 @humaira979 @prabowo Setuju bung ...jangan ada dusta lagi diantara kita apalagi presiden itu hanya satu kecuali PKS yg punya presiden sendiri.","1125181055999156225","","Dennysiregar7","in","","0","0","0","https://x.com/undefined/status/1125181055999156225","835343746753413120",
"1124932110786019328","Sun May 05 23:30:40 +0000 2019","0","@CintaNKRI12 @jokowi @prabowo Inilah ciri Orang gila","1125181046419443712","","CintaNKRI12","in","","0","0","0","https://x.com/undefined/status/1125181046419443712","931197578909065217",
"1125181037821087744","Sun May 05 23:30:38 +0000 2019","1","Dear @jokowi Kalau Bersih Kenapa Risih? Kalau Jujur Kenapa Takut Hitung Ulang?","1125181037821087744","","","in","","0","0","0","https://x.com/undefined/status/1125181037821087744","813045380732448768",
"1125153753135341568","Sun May 05 23:30:37 +0000 2019","0","@prabowo InsyaAllah Aamiiin #RamdhanBulanPerjuangan #RamadhanBerkahBagiNegeri","1125181033513492480","","prabowo","in","","0","0","0","https://x.com/undefined/status/1125181033513492480","1117012179255881730",
"1125061003274670080","Sun May 05 23:30:35 +0000 2019","0","@KingPurwa @erickthohir @jokowi @erickthohir dia ngomong tetapi bathinnya berkelahi dengan dirinya sendiri. Jangan tutupi kebenaran dengan nafsu berkuasa ingat Allah tidak Tidur. Dan Ingat Azab jika kamu bohingin rakyat @prabowo @sandiuno #KPUCurangRakyatMelawan #JanganCurangiSuaraRakyat #JanganCurangiNKRI https://t.co/TDrYc3H2hy","1125181022268583937","https://pbs.twimg.com/ext_tw_video_thumb/1125180734358999040/pu/img/JOuM07ox73fNXZ1z.jpg","KingPurwa","in","","0","0","0","https://x.com/undefined/status/1125181022268583937","54549619",
"1125181005281861632","Sun May 05 23:30:31 +0000 2019","0","Kata Letkol AD Kepada RR: Laporan Babinsa Prabowo Sudah Menang https://t.co/vdlxx9ztu1","1125181005281861632","","","in","","0","0","0","https://x.com/undefined/status/1125181005281861632","592848900",
"1125180987128700929","Sun May 05 23:30:26 +0000 2019","0","@null 'Pisahkan Pemilu Nasional dan Daerah' Bagi pakar hukum tata negara ini Pemilu S https://t.co/X3Vv6xmBEp","1125180987128700929","","null","in","","0","0","0","https://x.com/undefined/status/1125180987128700929","1914057648",
"1125180975179153408","Sun May 05 23:30:23 +0000 2019","0","@null 'Pisahkan Pemilu Nasional dan Daerah' Bagi pakar hukum tata negara ini Pemilu S https://t.co/UzHa5XA0ud","1125180975179153408","","null","in","","0","0","0","https://x.com/undefined/status/1125180975179153408","2962738556",
"1125180973014863873","Sun May 05 23:30:23 +0000 2019","0","@null 'Pisahkan Pemilu Nasional dan Daerah' Bagi pakar hukum tata negara ini Pemilu S https://t.co/qKXHKLl7l5","1125180973014863873","","null","in","","0","0","0","https://x.com/undefined/status/1125180973014863873","232490390",
"1118942895933755392","Sun May 05 23:30:21 +0000 2019","0","Jokowi-Amin: 53.254.862 (55 175%) Prabowo-Sandi: 43.265.465 (44 825%) Total TPS: 518.253 dari 817.412 (63 402%) @KawalPemilu2019 #PantauFotoUpload","1125180963754008582","","BotKawalPemilu","in","","0","1","0","https://x.com/undefined/status/1125180963754008582","1118911347322843137",
"1124332580097200128","Sun May 05 23:30:21 +0000 2019","1","@SiIvy_Riau02 @jokowi 80 % penuh ketololan.. 20 % penuh kegobLokan..","1125180963539931136","","PeoplePower_id","in","","0","0","0","https://x.com/undefined/status/1125180963539931136","1109655866829987840",
"1125153753135341568","Sun May 05 23:30:21 +0000 2019","0","@prabowo Kalau ada juga yg curang di bulan ramadhan ini itu tandanya sipat dajal sudah memasuki tubuhnya","1125180962755698688","","prabowo","in","","0","0","0","https://x.com/undefined/status/1125180962755698688","1122147362095243266",
"1125153753135341568","Sun May 05 23:30:19 +0000 2019","0","@prabowo Sama-sama Pak Tetap Semangat 02","1125180955809861632","","prabowo","in","","0","0","0","https://x.com/undefined/status/1125180955809861632","1081961458953478144",
"1125180928832053248","Sun May 05 23:30:12 +0000 2019","0","Hasil Sementara Rekapitulasi KPU: Pilpres 2019 01 = 56.31% (58 380 481 suara) 02 = 43.69% (45 292 599 suara) Total suara: 103 673 080 suara TPS diproses: 67.67% (550 369 dari 813 350 TPS) Waktu update KPU: 06/05/2019 06:15 WIB (Sumber data: KPU) #KawalSuara2019","1125180928832053248","","","in","","0","0","0","https://x.com/undefined/status/1125180928832053248","1119851854249127936",
"1124531393625595904","Sun May 05 23:30:11 +0000 2019","0","@Twn01201778 @nisma_mokhtar @GagahWicaksana @tan_antonio_tan @jokowi @prabowo @berteman_mari @Fahrihamzah @fadlizon @CintaNKRI12 @suwardihagani @Restcayah Waduuh..... #TNIBersamaRakyatDukungTNI","1125180920732868608","","Twn01201778","in","","0","0","0","https://x.com/undefined/status/1125180920732868608","989170081878892550",
"1125180892765286400","Sun May 05 23:30:04 +0000 2019","0","UPDATE real count pilpres KPU (6 Mei 06.15 WIB): Jokowi 56 31%-Prabowo 43 69% https://t.co/1Q7cJux8qT #HasilPemilu2019-KPU","1125180892765286400","","","in","","0","0","0","https://x.com/undefined/status/1125180892765286400","43799886",
"1125180889988644864","Sun May 05 23:30:03 +0000 2019","0","Silahkan kpu tdk tunduk kepada siapapun.. Tapi harus jujur menjadi pelaksana pemilu...","1125180889988644864","","","in","","0","0","0","https://x.com/undefined/status/1125180889988644864","764317215881437184",
"1125180888705261568","Sun May 05 23:30:03 +0000 2019","0","Data Kawal Pemilu 2019 519 128 TPS dari 817 412 TPS Total (63.51%) Jokowi-Amin | Prabowo-Sandi 55.17% 44.83% Jokowi-Amin: 53 254 862 Prabowo-Sandi: 43 265 465 Suara Sah: 96 360 317 Tidak Sah: 2 410 260 @KawalPemilu2019 #PantauFotoUpload diakses: 2019-05-06 06:30:03","1125180888705261568","","","in","","0","0","0","https://x.com/undefined/status/1125180888705261568","1100921429090983936",
"1125180883772805120","Sun May 05 23:30:02 +0000 2019","261","Amien Rais membantah kabar partainya bakal bergabung dengan koalisi Jokowi - Ma'ruf Amin. Amien menegaskan PAN tetap berada di koalisi Prabowo Subianto- Sandiaga Uno. https://t.co/0FYw6wClMO","1125180883772805120","","","in","","12","32","66","https://x.com/undefined/status/1125180883772805120","456426648",
"1125180875749187584","Sun May 05 23:30:00 +0000 2019","22","Apa komentar Pangeran Muhammad bin Salman terhadap Amien Rais Prabowo dan Rizieq Shihab? ini satire bg jan serius amat : (( https://t.co/B32LmxkIEk","1125180875749187584","","","in","","2","3","12","https://x.com/undefined/status/1125180875749187584","2366754955",
"1125061003274670080","Sun May 05 23:29:57 +0000 2019","1","@KingPurwa @erickthohir @jokowi Ohyaaa #DendaSatuMiliarPemalsuC1 https://t.co/B7KWQyW916","1125180863916822528","https://pbs.twimg.com/tweet_video_thumb/D51yBQJUEAAQwIy.jpg","KingPurwa","in","","0","0","0","https://x.com/undefined/status/1125180863916822528","1032167373233483776",
"1125180749311700992","Sun May 05 23:29:30 +0000 2019","0","Sedih Jumlah Petugas Pemilu Yang Meninggal Menjadi 554 Orang https://t.co/EV3SfkLAes","1125180749311700992","","","in","","0","0","0","https://x.com/undefined/status/1125180749311700992","502360359",
"1125061003274670080","Sun May 05 23:29:21 +0000 2019","1","@KingPurwa @erickthohir @jokowi Hahahahaha asu tenan kau erick korupsi dana asean games 2018.","1125180714897379328","","KingPurwa","in","","0","0","0","https://x.com/undefined/status/1125180714897379328","1024105407311015936",
"1124932110786019328","Sun May 05 23:29:19 +0000 2019","0","@RiboetKenArok @almnsyhh @jokowi Emang kenal sama Hitler bang ?","1125180705657352192","","RiboetKenArok","in","","0","0","0","https://x.com/undefined/status/1125180705657352192","926894062661017600",
"1125180694622298112","Sun May 05 23:29:17 +0000 2019","0","Jokowi Melaksanakan Salat Tarawih Pertama Ramadhan 2019 di Bogor https://t.co/WPFDvYwZ8W","1125180694622298112","","","in","","0","0","0","https://x.com/undefined/status/1125180694622298112","2438141006",
"1124932110786019328","Sun May 05 23:29:16 +0000 2019","0","@CintaNKRI12 @jokowi @prabowo Nambah lagi manusia halu","1125180692852137985","","CintaNKRI12","in","","0","0","0","https://x.com/undefined/status/1125180692852137985","1123978665061179399",
"1125180689933053957","Sun May 05 23:29:15 +0000 2019","0","Solusi Cak Nun Terkait Dugaan Kecurangan Pemilu: HITUNG ULANG Oleh TIM INDEPENDEN #AuditForensikKPU #KPUJanganKurangiSuara02 https://t.co/JdUjwVERpH","1125180689933053957","","","in","","0","0","0","https://x.com/undefined/status/1125180689933053957","62170147",
"1125180649319518208","Sun May 05 23:29:06 +0000 2019","5","Ini gmna ya pak @wiranto1947 Udah kliam menang sendiri lho Tanpa data &amp; dasar serta sumber yg jelas lg.. Ketua TKN: Kemenangan Jokowi Didapat Tanpa Kecurangan https://t.co/5OT7mJ7IN4","1125180649319518208","","","in","","1","4","1","https://x.com/undefined/status/1125180649319518208","1100597201506430977",
"1125002263724941312","Sun May 05 23:28:57 +0000 2019","0","@hudattamini @mohmahfudmd Jelas Prabowo lebih dari kamu . Jelas kau tidak punya mesjid megah seperti yg dimiliki Prabowo. Mengerti...??","1125180611080085504","","hudattamini","in","","0","0","0","https://x.com/undefined/status/1125180611080085504","976810714508681216",
"1125180501952581632","Sun May 05 23:28:31 +0000 2019","1","Tiada kawan abadi dipolitik pak @prabowo kecuali ada yg mau menunggangi anda dg maksud2 tertentu... bijaklah #JokowiAminSudahMenang","1125180501952581632","","","in","","0","0","0","https://x.com/undefined/status/1125180501952581632","2979042342",
"1125167090355150849","Sun May 05 23:28:30 +0000 2019","0","@LisaAmartaTara @prabowo @sandiuno Krennnnnn ......menanti daerah lain ","1125180497980559360","","LisaAmartaTara","in","","0","0","0","https://x.com/undefined/status/1125180497980559360","240560030",
"1125180474467336192","Sun May 05 23:28:24 +0000 2019","18","3) Jika @IndonesiaGaruda tidak menyumbang apa2 bagi konsumen &amp; pariwisata Indonesia swastakan saja 100%. Siapa tahu lebih efisien dgn rasionalisasi krn yg urus benar2 pemilik modal. Perdana Menteri Inggeris Margaret Thatcher pernah lakukan itu. @kemenBUMN @kemenhub151 @jokowi","1125180474467336192","","","in","","0","2","6","https://x.com/undefined/status/1125180474467336192","845078592",
"1124932110786019328","Sun May 05 23:28:20 +0000 2019","0","@Prof_Tamburin @jokowi Kasian amat seorang profesor planga plongo tp salut bisa jdi profesor ya","1125180456809295872","","demoCRAZY_id","in","","0","0","0","https://x.com/undefined/status/1125180456809295872","926894062661017600",
"1125101441914372096","Sun May 05 23:28:03 +0000 2019","0","@CintaNKRI12 @PeoplePower_212 @prabowo @sandiuno @KPU_ID @bawaslu_RI Klo masih bersikeras curangnya maka jgn salahkan rakyat akan melawan dgn cerdas #KPUCurangRakyatMelawan #TNIBersamaRakyatDukungTNI","1125180385090912256","","CintaNKRI12","in","","0","0","0","https://x.com/undefined/status/1125180385090912256","1069251832831045632",
"1125180379046895617","Sun May 05 23:28:01 +0000 2019","0","Selmat pk. Skrg sudh menyambut buln puasa dhri yang berokah. Semoga amal kita dterima.. Buln suci yang pling besar pahalanya. Semoga bapak sehat sellu. @prabowopresidenku #madurahadirpak","1125180379046895617","","","in","","0","0","0","https://x.com/undefined/status/1125180379046895617","1095218916618465280",
"1125153753135341568","Sun May 05 23:27:54 +0000 2019","0","@prabowo Selamat menunaikan ibadah puasa bapak @prabowo dan abang @sandiuno tetap semangat karena kami dari aceh selalu mendoakan.","1125180349502218240","","prabowo","in","","0","0","0","https://x.com/undefined/status/1125180349502218240","1120613750329896961",
"1124139213203460096","Sun May 05 23:27:51 +0000 2019","0","@msaid_didu @jokowi Durian sebelah rumah bang","1125180335862439936","","msaid_didu","in","","0","0","0","https://x.com/undefined/status/1125180335862439936","498113938",
"1124139213203460096","Sun May 05 23:27:45 +0000 2019","0","@jokowi Lebih banyak lagi bangun kebun buah rakyat yg dirawat dan dikomersilkan macam Thailand pak jangan kita 5kali lebih kaya banding thailand tuk buah dan sayur","1125180311338274816","","jokowi","in","","0","0","0","https://x.com/undefined/status/1125180311338274816","1110921161758507009",
"1125180279566376960","Sun May 05 23:27:38 +0000 2019","0","https://t.co/GZGB5gqMJe - Calon Presiden nomor urut 02 Prabowo Subianto sudah tiga kali mendeklarasikan kemenangannya di Pilpres 2019. Klaim kemenangan pertama dan kedua dilakukan Prabowo https://t.co/lfzelAjcNQ","1125180279566376960","","","in","","0","0","0","https://x.com/undefined/status/1125180279566376960","576287136",
"1125061666339557377","Sun May 05 23:27:24 +0000 2019","0","@MurtadhaOne PRABOWO BANGUN MASJID SENDIRI....MEMANG LO M8SKIN G PUNYA MASJID...KM BANGUN MASJID BIAR KAYA","1125180223404642304","","MurtadhaOne","in","","0","0","0","https://x.com/undefined/status/1125180223404642304","1122390187592388608",
"1124878935643181056","Sun May 05 23:27:17 +0000 2019","0","@Dennysiregar7 @prabowo Karung gini_ .","1125180192282931201","","Dennysiregar7","in","","0","0","0","https://x.com/undefined/status/1125180192282931201","988289036270751749",
"1125180132929331200","Sun May 05 23:27:03 +0000 2019","22","'Pisahkan Pemilu Nasional dan Daerah' https://t.co/SupWpOg2Qo","1125180132929331200","","","in","","1","2","4","https://x.com/undefined/status/1125180132929331200","41730943",
"1125180124071022592","Sun May 05 23:27:01 +0000 2019","0","Bagaimana jika macet hingga berganti tanggal??? @jokowi @Fahrihamzah @fadlizon @karniilyas https://t.co/Lm8x1IwiCk Menhub menjelaskan konsep tersebut disiapkan tidak lain tujuannya adalah agar mudik yang dijalani oleh masyarakat bisa nyaman dan lancar.","1125180124071022592","","","in","","0","0","0","https://x.com/undefined/status/1125180124071022592","334471112",
"1125153753135341568","Sun May 05 23:26:57 +0000 2019","0","@prabowo Aamiin sehat selalu ya pa...","1125180111135756288","","prabowo","in","","0","0","0","https://x.com/undefined/status/1125180111135756288","2285373955",
"1123913746227912704","Sun May 05 23:26:55 +0000 2019","0","@jokowi Menerima karna telah mengundang pak biar tidak menimbulkan salah tafsir. Seperti dulu saat ada pembakaran masjid di tolikara yang diundang bapak ke istana.","1125180100624805889","","jokowi","in","","0","0","0","https://x.com/undefined/status/1125180100624805889","560888037",
"1124932110786019328","Sun May 05 23:26:51 +0000 2019","0","@jokowi Buat bpk presiden Joko Widodo Hormati lah ulama ya bapa karena kalo bukan karena ulama mka kita takkan bisa tau cara niat ber'taklid puasa ramadhan 1 bulan penuh KATA SAYA PUNYA GURU. Yg datang kerumahnya ulama itu pejabat bukan ulama datang ke rumah pejabat. https://t.co/aVRg0A3jQY","1125180082996240384","https://pbs.twimg.com/media/D51xUSOUUAA5g-O.jpg","jokowi","in","","0","0","0","https://x.com/undefined/status/1125180082996240384","1105912921048047616",
"1125153753135341568","Sun May 05 23:26:36 +0000 2019","0","@prabowo Aamiin yra. Semoga doa seluruh rakyat Indonesia di Ramadhan ini mbawa keberkahan keyakinan agar indonesia mempunyai pemimpin baru Prabowo sandi. Aamiin yra","1125180021297954816","","prabowo","in","","0","0","0","https://x.com/undefined/status/1125180021297954816","988058441909334017",
"1124932110786019328","Sun May 05 23:26:15 +0000 2019","0","@CintaNKRI12 @jokowi @prabowo Masa sih ada nasbung segala","1125179931128766464","","CintaNKRI12","in","","0","0","0","https://x.com/undefined/status/1125179931128766464","926894062661017600",
"1125153753135341568","Sun May 05 23:25:56 +0000 2019","0","@prabowo Aamiin ya Robb!","1125179852913401856","","prabowo","in","","0","0","0","https://x.com/undefined/status/1125179852913401856","1103462049546305536",
"1124139213203460096","Sun May 05 23:25:52 +0000 2019","0","@jokowi Ngerjain yang tidak penting.pikirin tu kasus novel.jgn urusan yang rumit dibilang bukan urusan saya.giliran makan durian ini baru urusan saya","1125179837260320769","","jokowi","in","","0","0","0","https://x.com/undefined/status/1125179837260320769","1119873748234948609",
"1125153753135341568","Sun May 05 23:25:48 +0000 2019","0","@prabowo @vionayoanda Assalamualaikum pak gajawab jokowi menang","1125179819509989376","","prabowo","in","","0","0","0","https://x.com/undefined/status/1125179819509989376","632127763",
"1125179790011404290","Sun May 05 23:25:41 +0000 2019","0","Salam NKRI harga mati Jokowi terbaik untuk negeri ini","1125179790011404290","","","in","","0","0","0","https://x.com/undefined/status/1125179790011404290","1101086028188643329",
"1124470962680807424","Sun May 05 23:25:39 +0000 2019","0","@DavaSudrajat @budimandjatmiko @jokowi @prabowo @sandiuno Munafik ","1125179781257936896","","DavaSudrajat","eu","","0","0","0","https://x.com/undefined/status/1125179781257936896","1002521797969842176",
"1090197550022352896","Sun May 05 23:25:37 +0000 2019","0","@syanto21 @KemenkeuRI @DitjenPajakRI @beacukaiRI @DitjenAnggaran @jokowi @setkabgoid Gara2 nila setitik rusak santan sebelanga.","1125179773318074370","","syanto21","in","","0","0","0","https://x.com/undefined/status/1125179773318074370","1122115282196058112",
"1125179767819362304","Sun May 05 23:25:36 +0000 2019","61","#LautMasaDepanBangsa. Sudah sepatutnya diurus dg percaya diri dan tanpa keraguan. Dan itu sudah dilakukan oleh bu @susipudjiastuti dan jajarannya. Keren! Gbu Mam.. https://t.co/Y7nPqfebOc","1125179767819362304","","","in","","0","0","14","https://x.com/undefined/status/1125179767819362304","710858340",
"1125179745681805312","Sun May 05 23:25:30 +0000 2019","1","Sungguh Luar Biasa Do'a Para Pendukung Jokowi..Mari Aamiin'Kan Bersama Saudaraku..Kita Ambil Sisi Positifnya..Dan Jadikan Nyiyiran Mereka Sebagai Ladang Do'a Bagi Kita.. *Tetap Semangat Dan Selamat Menjalankan Ibadah Puasa.. https://t.co/grD9MIA13C","1125179745681805312","https://pbs.twimg.com/media/D51xA7BU0AEzfD6.jpg","","in","","0","0","0","https://x.com/undefined/status/1125179745681805312","813045380732448768",
"1125072221683105793","Sun May 05 23:25:30 +0000 2019","5","@AndiArief__ Yg abu abu minggir aja deh . Kampanye terakhir di GBK yg suksespun di kritik . Si abu abu mau pisahkan Prabowo dg Ulama","1125179743265935360","","Andiarief__","in","","0","1","0","https://x.com/undefined/status/1125179743265935360","1026261268737347584",
"1124982352789172224","Sun May 05 23:25:29 +0000 2019","0","@Maulana_Tigor @putrabanten80 Astaghfirullah..ini Pemilu atau bencana. Perlu dan sangat perlu penyelidikan termasuk diotopsi para jenazah yg sudah dikubur. Kebenaran harus ditegakkan.","1125179741974085633","","Maulana_Tigor","in","","0","0","0","https://x.com/undefined/status/1125179741974085633","976810714508681216",
"1125179704917409797","Sun May 05 23:25:21 +0000 2019","0","@mas_abudiman @bagja98 @kabarafif sdh lebih dr 550 org tewas utk menjalankan pemilu ini supaya jurdil tapi kalian malah membiarkan kecurangan penginput data KPUD pengupload &amp; pemegang C1 aspal masif dlm situng ini yg kalian sebut memberi informasi ini mah menyebarkan hoax","1125179704917409797","","mas_abudiman","in","","0","0","0","https://x.com/undefined/status/1125179704917409797","81340285",
"1125179680158412800","Sun May 05 23:25:15 +0000 2019","2","Usulan yg masuk akal dari Cak Nun meski itu pasti membutuhkan biaya yg tidak sedikit... Tak apalah demi pemilu yg jujur dan adil daripada udah mah pake biaya besar tp hasilnya banyak kecurangan dlm pemilu.. #IndonesiaFraudElection","1125179680158412800","","","in","","0","0","2","https://x.com/undefined/status/1125179680158412800","1050895401916583936",
"1125179658247462918","Sun May 05 23:25:10 +0000 2019","2","Bagaikan menginkari adanya matahari di siang terik... https://t.co/Bw2HlnyhdE","1125179658247462918","","","in","","0","0","0","https://x.com/undefined/status/1125179658247462918","1499990204",
"1124936676407517185","Sun May 05 23:25:07 +0000 2019","0","@andre_rosiade @jend_p Pak prabowo itu model baru politukus yg gak mau bermuka 2. Kalo politikus sperti sby itu model yg rata2 dimana2 ada. Banteng beringin kabah sama. Gak punya rasa malu. Mementingkan kelompok ato keluarga. Gak mikir negara. Buktinya jokowi jd presiden. Kan badut","1125179647845588992","","andre_rosiade","in","","0","0","0","https://x.com/undefined/status/1125179647845588992","1118480977146204160",
"1125080542620164096","Sun May 05 23:25:07 +0000 2019","1","@FandhuW89 @LisaAmartaTara @prabowo @sandiuno Siap berjuang!","1125179646939521025","","FandhuW89","in","","0","0","0","https://x.com/undefined/status/1125179646939521025","480031779",
"1125062976258465792","Sun May 05 23:25:07 +0000 2019","0","@refrigerhater Katanya kampanye dan pemilu sudah selesai makanya setelah itu haram","1125179645731540992","","refrigerhater","in","","0","1","0","https://x.com/undefined/status/1125179645731540992","97822797",
"1124932110786019328","Sun May 05 23:25:02 +0000 2019","0","@jokowi Bawang putih melangit pak tindak semua yg bermain main","1125179628618825728","","jokowi","in","","0","0","0","https://x.com/undefined/status/1125179628618825728","1110921161758507009",
"1125179623216541696","Sun May 05 23:25:01 +0000 2019","879","Prabowo dan Sandi memperoleh raihan suara sebanyak 1.246.921 dari 31 kecamatan. https://t.co/VQXDDtDEWO","1125179623216541696","","","in","","12","12","309","https://x.com/undefined/status/1125179623216541696","22126902",
"1125039955997184001","Sun May 05 23:24:54 +0000 2019","0","@AHSANFURQANIBR3 @rmolco He he he itu Relawan PaDI ITB bukan pakar analisanya absurd bandingkan dengan hasil perhitungan kawal pemilu yg independent mikir! https://t.co/hzfk1AJcKg","1125179594158395392","","AHSANFURQANIBR3","in","","0","0","0","https://x.com/undefined/status/1125179594158395392","2413612495",
"1125179593353117696","Sun May 05 23:24:54 +0000 2019","0","#KEBOHONGAN apa lagi untuk #INDONESIA pada periode Kedua ? (jika terpilih ??) @Diplomat_APAC @prabowo @sandiuno @Nurmantyo_Gatot https://t.co/5rrO7rjXTO","1125179593353117696","","","in","","0","0","0","https://x.com/undefined/status/1125179593353117696","878421273423994880",
"1125153753135341568","Sun May 05 23:24:51 +0000 2019","0","@prabowo Emang kau puasa??","1125179580971491329","","prabowo","in","","0","0","0","https://x.com/undefined/status/1125179580971491329","1102244344436678656",
"1124531393625595904","Sun May 05 23:24:45 +0000 2019","0","@GagahWicaksana @jokowi @prabowo @berteman_mari @Fahrihamzah @fadlizon @CintaNKRI12 @suwardihagani @Restcayah Nama duriannya adalah Jokowi...","1125179554908102656","","GagahWicaksana","in","","0","0","0","https://x.com/undefined/status/1125179554908102656","2608447170",
"1125179554706939905","Sun May 05 23:24:45 +0000 2019","0","GELI AKU LIHAT KUNYUK 1 INI MUKANYA HATINYA SINGKRON BNGT . . Ditantang Balik BPN Soal Duit Sayembara Rp100 M Ini Jawaban Relawan Jokowi! Original 06 May. 2019 00:51 Sawali https://t.co/8AIhQ2XxEj","1125179554706939905","","","in","","0","0","0","https://x.com/undefined/status/1125179554706939905","576287136",
"1124915640303624198","Sun May 05 23:24:42 +0000 2019","0","@Migi_syte @kumparan @msaid_didu Prabokers otak tolol... Pecatan tni prabowo cuman menang di dua kabupaten dan kota bandar lampung sisanya makan tanah di Lampung... Jokowi menang di 12 Kabupaten dan satu kota yaitu kota metro","1125179544829288448","","Migi_syte","in","","0","0","0","https://x.com/undefined/status/1125179544829288448","995920899596468225",
"1125032027995066368","Sun May 05 23:24:40 +0000 2019","1","@fadlizon Seorang anggota DPR seharusnya lebih tau aturan dan uu perihal pemilu.","1125179534972637184","","B4ngDm","in","","0","1","0","https://x.com/undefined/status/1125179534972637184","131270855",
"1125179459068284928","Sun May 05 23:24:22 +0000 2019","0","Selamat menjalankan puasa bapak idolaku","1125179459068284928","","","in","","0","0","0","https://x.com/undefined/status/1125179459068284928","1587994321",
"1125153753135341568","Sun May 05 23:24:18 +0000 2019","0","@LisaAmartaTara @prabowo presiden apa mak","1125179440265228289","","LisaAmartaTara","in","","0","2","0","https://x.com/undefined/status/1125179440265228289","376785166",
"1125061666339557377","Sun May 05 23:24:15 +0000 2019","0","@ulinyusron @MurtadhaOne PRABOWO PUNYA MASJID https://t.co/cmbAFB0MYu DATANG SAJA KE HAMBALANG...KM ORANG MISKIN SIRIK HATI PULA....#KM GOBLOK BANGET","1125179428697284609","","ulinyusron","in","","0","0","0","https://x.com/undefined/status/1125179428697284609","1122390187592388608",
"1125179419675348992","Sun May 05 23:24:13 +0000 2019","0","Pak @MardaniAliSera sudah waras kalian kapan ? BPN Prabowo Kritik Mardani Haramkan Seruan #2019GantiPresiden https://t.co/S4LG3Rd6qL","1125179419675348992","","","in","","0","0","0","https://x.com/undefined/status/1125179419675348992","3367645213",
"1124715870301777920","Sun May 05 23:24:12 +0000 2019","0","@_doncorleone78_ @prabowo @sandiuno Ketok ndas e la nyala....","1125179417066500096","","_doncorleone78_","tl","","0","0","0","https://x.com/undefined/status/1125179417066500096","1050071342765096964",
"1124986579573923843","Sun May 05 23:24:12 +0000 2019","0","@rockygerung Secara teknis @rockygerung sudah wira wiri kampanyekan PS tapi sayang hasilnya tdk bermanfaat hasilnya tdk mampu medongkrak suara PS krn mmg RG dungu RG tdk cakap mendulang suara. Secara etis seharusnya RG menghadap utk menyampaikan tetap setia mendukung di Pilpres 2024.","1125179415795720192","","rockygerung","in","","0","0","0","https://x.com/undefined/status/1125179415795720192","954644996",
"1125153753135341568","Sun May 05 23:24:10 +0000 2019","0","@prabowo Aamiin.. Semoga Bapak presiden sehat selalu..","1125179408971472896","","prabowo","in","","0","0","0","https://x.com/undefined/status/1125179408971472896","259582145",
"1125179383545618434","Sun May 05 23:24:04 +0000 2019","3","Usai Salat Tarawih Jokowi Tanya Rencana Pembangunan Stasiun LRT di Bogor https://t.co/QiHeqEDglv","1125179383545618434","","","in","","0","0","0","https://x.com/undefined/status/1125179383545618434","456426648",
"1125179381406547968","Sun May 05 23:24:04 +0000 2019","0","Apa Kabar Para Menteri Jokowi yang Nyaleg di Pemilu 2019 Lolos ke DPR? https://t.co/ZraK44kzE9","1125179381406547968","","","in","","0","0","0","https://x.com/undefined/status/1125179381406547968","456426648",
"1125153753135341568","Sun May 05 23:23:56 +0000 2019","0","@prabowo barakalLohu Lakum InsyaAlloh di Romadhon ini Alloh taqdirkan anda untuk memimpin negri dan rakyat indonesia","1125179351379505152","","prabowo","in","","0","0","0","https://x.com/undefined/status/1125179351379505152","1038963308622012416",
"1125027323634257920","Sun May 05 23:23:53 +0000 2019","0","@jokowi Harga bawang putih tolong dikendalikan pak 56 importir ditangkap dgn uu subversif pengkhianat bangsa ganti mendag","1125179336510676992","","jokowi","in","","0","0","0","https://x.com/undefined/status/1125179336510676992","1110921161758507009",
"1125012332982276103","Sun May 05 23:23:49 +0000 2019","0","@Manaftualang @IreneViena Sang Resi sudah bermain dari 2014 bahkan mungkin jauh sebelum itu.. di 2019 ini banyak yang menunggu sampai akhirnya mereka membuka topengnya setelah pemilu..","1125179320475906048","","Manaftualang","in","","0","0","0","https://x.com/undefined/status/1125179320475906048","67583058",
"1125009943180922881","Sun May 05 23:23:49 +0000 2019","1","@do_ra_dong Pemilu 2019 itu pemilu yg tak terprediksi semua politisi krn ternyata di pemilu ini Rakyat yg memegang arah dukungan bg yg menguntungkan rakyat akan didukung abis'an tp bg yg menghianati rakyat akan dihancurkan sehancur'nya","1125179319439855616","","do_ra_dong","in","","0","0","0","https://x.com/undefined/status/1125179319439855616","968344873366507520",
"1125179318458445826","Sun May 05 23:23:48 +0000 2019","1","Aq dirumah saja pak @jokowi ","1125179318458445826","","","in","","0","0","0","https://x.com/undefined/status/1125179318458445826","1121563973495574530",
"1124717025480208385","Sun May 05 23:23:44 +0000 2019","0","@GundiDr Ada yg ngaitin daerah yg jd basis kemenangan Prabowo dulunya basis garis keras dalam keagamaan. Setelah didesak asumsi keras yg dicapkannya adalah teguh dan tidak mau didikte sama orang lain. Kalau sprti itu artinya rakyat d daerah trsbt adalah rakyat cerdas","1125179300422881281","","GundiDr","in","","0","0","0","https://x.com/undefined/status/1125179300422881281","452737461",
"1125179300267810816","Sun May 05 23:23:44 +0000 2019","0","Andi menyebut pemasok data angka kemenangan Prabowo-Sandi 62 persen adalah sesat. Partai Demokrat ingin menyelamatkan Pak Prabowo dari perangkap sesat yang memasok angka kemenangan 62 persen ... https://t.co/3QhYgkotQz","1125179300267810816","","","in","","0","0","0","https://x.com/undefined/status/1125179300267810816","349504699",
"1125179272434339840","Sun May 05 23:23:38 +0000 2019","0","Pleno KIP Jokowi Kalah Telak di Lhokseumawe - https://t.co/zCYnhaPaf1 https://t.co/TthOD9Efsc","1125179272434339840","https://pbs.twimg.com/media/D51wldlUUAEqamx.jpg","","in","","0","0","0","https://x.com/undefined/status/1125179272434339840","792993324",
"1124993242448031744","Sun May 05 23:23:23 +0000 2019","0","@Dennysiregar7 @FerdinandHaean2 @PartaiDemokrat @jokowi Kasihan si ferdi mungkin lebih baik loncat ke gerindra atau berkarya saja.","1125179210941657088","","Dennysiregar7","in","","0","0","0","https://x.com/undefined/status/1125179210941657088","965352606653562880",
"1125149071847579648","Sun May 05 23:23:16 +0000 2019","0","@Airin_NZ @prabowo @Airin_NZ lo dibangunin Tetangga lo https://t.co/aHucf1fWIJ","1125179184026808320","https://pbs.twimg.com/ext_tw_video_thumb/1125179146244517889/pu/img/AHl-wEk4xuzi4vXw.jpg","Airin_NZ","in","","0","0","0","https://x.com/undefined/status/1125179184026808320","982636516886298625",
"1124988793352855552","Sun May 05 23:23:11 +0000 2019","1","@hidayatferi19 @YudhaAd14349168 @ustadtengkuzul Beda kasus bang. Ratna boongnya ke keluarga gak ke publik. Yg lain boongnya ke publik conference pers sampai sudah siapkan massa buat bergerak teriak Salah Jokowi. Memalukan. ","1125179161826344960","","hidayatferi19","in","","0","1","0","https://x.com/undefined/status/1125179161826344960","1002521797969842176",
"1124965657416613889","Sun May 05 23:23:06 +0000 2019","0","@aewin86 @jokowi @KHMarufAmin_ Reformasi MUI yg terlalu permisif terhadap radikalis. Tugas utama KMA","1125179142251503616","","aewin86","in","","0","0","0","https://x.com/undefined/status/1125179142251503616","49359761",
"1125101441914372096","Sun May 05 23:23:04 +0000 2019","1","@CintaNKRI12 @02Presiden @prabowo @sandiuno @KPU_ID @bawaslu_RI Saya yakin.. 111.000.000 tepatnya 110.010.000 suara rakyat pemilih @prabowo tidak akan tinggal diam ketika kecurangan terus dilakukan.. Dan saya yakin TNI bersama di barisan rakyat yg menang..","1125179133577707522","","CintaNKRI12","in","","0","0","0","https://x.com/undefined/status/1125179133577707522","1074745925837324288",
"1125153753135341568","Sun May 05 23:23:01 +0000 2019","0","@prabowo Aamiin yaAllah","1125179120562794497","","prabowo","in","","0","0","0","https://x.com/undefined/status/1125179120562794497","1080080390037983234",
"1125061003274670080","Sun May 05 23:23:00 +0000 2019","0","@KingPurwa @erickthohir @jokowi Mau Aku Maki INI bocah ..inget puasa...Yo wes lah sak karepmu","1125179115407982593","","KingPurwa","in","","0","0","0","https://x.com/undefined/status/1125179115407982593","797779426117185536",
"1125150539707064320","Sun May 05 23:22:55 +0000 2019","0","@powerxbr88 @jokowi @tni_ad @RamliRizal @Puspen_TNI @_TNIAU @_TNIAL_ @CCICPolri @DivHumas_Polri Kalau ke Pembina Bravo5 Luhut binsar Panjaitan?","1125179093622779904","","powerxbr88","in","","0","0","0","https://x.com/undefined/status/1125179093622779904","1350787273",
"1125017444999766017","Sun May 05 23:22:49 +0000 2019","1","@MoazzamTMalik @jokowi @Kemlu_RI @Menlu_RI @UKinIndonesia @KBRILondon @KemensetnegRI @setkabgoid @husainabdullah1 @BBCIndonesia @desianwar @karniilyas Selamat menjalankan ibadah puasa Ramadhan pak @MoazzamTMalik Berkah Allah swt utk kita semua. Amin.","1125179070252077056","","MoazzamTMalik","in","","0","0","0","https://x.com/undefined/status/1125179070252077056","1233207104",
"1125179006775701504","Sun May 05 23:22:34 +0000 2019","0","Jokowi Menang Banyak di Banjarnegara Kedua Kubu Deklarasi Damai https://t.co/2KeRBbAzNl https://t.co/UwwTLxYNn6","1125179006775701504","https://pbs.twimg.com/media/D51wWBCWwAAPouZ.jpg","","in","","0","0","0","https://x.com/undefined/status/1125179006775701504","1066779906086850563",
"1125178972793217025","Sun May 05 23:22:26 +0000 2019","0","Ini bukan provokasi Ini bukan ttg Pemilu (saja) tidak melulu masalah c1 dan salah hitung Ini tentang sikap amar ma'ruf nahi munkar","1125178972793217025","","","in","","0","0","0","https://x.com/undefined/status/1125178972793217025","73879684",
"1124499110633938947","Sun May 05 23:22:17 +0000 2019","13","@Dennysiregar7 Hargai nyawa para pahlawan pemilu mrk para KPPS itu juga punya keluarga sama seperti kalian ! Gak sepatutnya nyawa orang dijadikan bahan candaan!! Dmn moralitas kalian yg mengaku paling pancasilais paling berbhinneka tunggal Ika&amp;paling toleran !Bahkan empati pun kalian gk punya","1125178935472345088","","Dennysiregar7","in","","0","1","6","https://x.com/undefined/status/1125178935472345088","447896859",
"1124139213203460096","Sun May 05 23:22:12 +0000 2019","0","@jokowi Bibit dari mana 2 taun dah bisa panen mau jga dong pak ..","1125178915633242113","","jokowi","in","","0","0","0","https://x.com/undefined/status/1125178915633242113","1035248193443753984",
"1124465475339972608","Sun May 05 23:22:06 +0000 2019","1","@AngkelSem @RomitsuT @AndiArief__ @prabowo Kok awas mendua? Kan emang sdh mendua.","1125178887829278720","","AngkelSem","in","","0","0","0","https://x.com/undefined/status/1125178887829278720","2775502417",
"1124827380151771138","Sun May 05 23:21:45 +0000 2019","0","@PriyoBudiS Skrg partai yg abang dukung gk lolos kn..prabowo juga gk menang kn..apa yg kau cari bang...?","1125178800315088896","","YudaAquarius","in","","0","0","0","https://x.com/undefined/status/1125178800315088896","1070497660220530688",
"1125153753135341568","Sun May 05 23:21:45 +0000 2019","0","@prabowo Semoga di Bulan Suci Ramadhan ini Alloh Swt Mensucika jiwa Bpk dan Kita semua... Membuka tabir kecurangan yg dilakukan lawan2 politik Bk PS","1125178799388160000","","prabowo","in","","0","0","0","https://x.com/undefined/status/1125178799388160000","620682526",
"1125178735940886529","Sun May 05 23:21:30 +0000 2019","0","KEMENANGAN PRABOWO AKAN BERDAMPAK PADA KEBIJAKAN POLITIK LUAR NEGERI YANG AKAN MENGUBAH PETA POLITIK DUNIA","1125178735940886529","","","in","","0","0","0","https://x.com/undefined/status/1125178735940886529","385191738",
"1125153753135341568","Sun May 05 23:21:27 +0000 2019","0","@prabowo Sama sama pak ... Berjuang terus ya pak jangan lelah seperti kami rakyat Indonesia","1125178725975244800","","prabowo","in","","0","0","0","https://x.com/undefined/status/1125178725975244800","1031894787706642432",
"1124915640303624198","Sun May 05 23:21:24 +0000 2019","0","@kumparan @bohong_anti Makan tanah pecatan prabowo di Lampung cuman menang di dua kabupaten dan satu kota sisanya Jokowi Maaruf menang","1125178712792559616","","kumparan","in","","0","0","0","https://x.com/undefined/status/1125178712792559616","995920899596468225",
"1125061003274670080","Sun May 05 23:21:20 +0000 2019","0","@KingPurwa @erickthohir @jokowi ngimpi... #DendaSatuMiliarPemalsuC1 #DendaSatuMiliarPemalsuC1","1125178696522797058","","KingPurwa","in","","0","0","0","https://x.com/undefined/status/1125178696522797058","1109368595803340800",
"1125153753135341568","Sun May 05 23:21:20 +0000 2019","0","@prabowo Puasa tapi tetap meyakini hoax bgm yah?","1125178693796548609","","prabowo","in","","0","0","0","https://x.com/undefined/status/1125178693796548609","3128809746",
"1125061003274670080","Sun May 05 23:21:14 +0000 2019","0","@KingPurwa @erickthohir @jokowi Hahaha klo gak curang gak makan","1125178670476214272","","KingPurwa","in","","0","0","0","https://x.com/undefined/status/1125178670476214272","1108679007359242241",
"1125178668756520961","Sun May 05 23:21:14 +0000 2019","1","syeikh ali jaber gak afa di hafizh indonesia lagi dan di tafsir qur'an 30 juz di net tv apa krn dukung prabowo ya?","1125178668756520961","","","in","","0","0","0","https://x.com/undefined/status/1125178668756520961","1430448583",
"1125178667364012032","Sun May 05 23:21:13 +0000 2019","0","Usai Salat Tarawih Jokowi Tanya Rencana Pembangunan Stasiun LRT di Bogor https://t.co/yNd35v5BCs https://t.co/u2Kt8NsSbs","1125178667364012032","https://pbs.twimg.com/media/D51wCPFUIAAxaww.jpg","","in","","0","0","0","https://x.com/undefined/status/1125178667364012032","1110181801333391361",
"1125178647374024704","Sun May 05 23:21:08 +0000 2019","0","Ketidak-jelasan kini Semakin jelas DEMOKRASI BUKANLAH SIRKUS Merangkap hewan liar di belantara - untuk menyelamatkan katanya - dirantai dikandangin utk pertunjukan. Itu Sirkus bukan demokrasi https://t.co/OjSG0fIRG4","1125178647374024704","","","in","","0","0","0","https://x.com/undefined/status/1125178647374024704","985523954403000320",
"1125153753135341568","Sun May 05 23:21:06 +0000 2019","0","@prabowo Amiiin ya Allah trimaksih pak just realised we missed you mr. President","1125178634891714562","","prabowo","in","","0","0","0","https://x.com/undefined/status/1125178634891714562","2551306632",
"1125153753135341568","Sun May 05 23:20:59 +0000 2019","0","@innamei @prabowo Presiden abal2 kok gk mau akui kekalahan gitu loh......","1125178605560975360","","innamei","in","","0","0","0","https://x.com/undefined/status/1125178605560975360","1075057002324287489",
"1125153753135341568","Sun May 05 23:20:54 +0000 2019","0","@prabowo Semua yg menyambut twitan ini selalu mengatas namakan Rakyat.! Biar secara Pribadi aku ucapkan: Insya Allah amin. Semoga mas Prabowo pun Khatam Puasanya. serta menerima Keputusan dari KPU 23 Mei Nanti. Agar Puasa kita Barokah &amp; Negara Aman. Amin ya Allah ya Robbal Alamin.","1125178586166521856","","prabowo","in","","0","0","0","https://x.com/undefined/status/1125178586166521856","4595779933",
"1125153753135341568","Sun May 05 23:20:46 +0000 2019","0","@prabowo Selamat menjalanka ibadah puasa kita sudahi cebong kampret untuk bulan ramadhan ini dan untuk selamanya . ","1125178554164043777","","prabowo","in","","0","0","0","https://x.com/undefined/status/1125178554164043777","1119060723089362944",
"1125153753135341568","Sun May 05 23:20:45 +0000 2019","0","@prabowo Tks Pak Prabowo atas ucapan nya..kami juga mengucapkan selamat menjalan kan ibadah puasa bulan ramadhan ini dan semoga menjadi berkah dan amanah Aamiin YRA","1125178547742490625","","prabowo","in","","0","0","0","https://x.com/undefined/status/1125178547742490625","768073423264227328",
"1124947569950388227","Sun May 05 23:20:42 +0000 2019","0","@RachlanNashidik @Koces871 @jokowi Halah kura2 dalam perahu pura2 tidak tau rakyat dah sadar dan tak akan terkecoh lagi ama si abu2 ULO SOWO gerakannya alus glendem tapi mematikan tapi kelemahannya gampang gepuk pring mati tu olo sowo.","1125178535537045504","","rachlannashidik","in","","0","0","0","https://x.com/undefined/status/1125178535537045504","912292045313548288",
"1124661363693854721","Sun May 05 23:20:36 +0000 2019","2","@aiek_esthreem @andez832 @KPU_ID @prabowo @sandiuno Demokrat ngk ngaruh buat 02 maupun rakyat.rakyat tetap solid dukung 02&amp;ulama krn kryat pertahankan haknya! Dr dulu demokr mang abu2. 2014 yg gelapkan kemenangan 08 siapa? Tau kan. Prabowo sdh biasa dihianati meskipun semua ditrima kmbali tapi rkyat sdh tau pemain2nya.#PPLPower","1125178509297471494","","aiek_esthreem","in","","0","0","1","https://x.com/undefined/status/1125178509297471494","844451295784321024",
"1123094791544172545","Sun May 05 23:20:34 +0000 2019","391","️JAWA BARAT⬅️ ↪9. Kota Bandung Mantulllll!! Hasil Rapat Pleno KPU Kota Bandung Jabar ️Suara Sah 1.489.914 ️01: 621.96941.75% ️02: 867.94558.25% https://t.co/3i1ea6cP4E #TNIBersamaRakyatDukungTNI #DendaSatuMiliarPemalsuC1","1125178503270260736","","RelawanProSandi","in","","12","37","190","https://x.com/undefined/status/1125178503270260736","2326479788",
"1125153753135341568","Sun May 05 23:20:30 +0000 2019","0","@prabowo Aamin ya roballalamin","1125178484223963137","","prabowo","in","","0","0","0","https://x.com/undefined/status/1125178484223963137","1110570783493910528",
"1125178468008751104","Sun May 05 23:20:26 +0000 2019","0","[HEADLINE] Situng mengajak peserta pemilu yang berkepentingan untuk dapat membandingkan data yang mereka miliki dengan data hasil Situng. https://t.co/exsHSABMhn","1125178468008751104","","","in","","1","0","2","https://x.com/undefined/status/1125178468008751104","23786106",
"1125153753135341568","Sun May 05 23:20:19 +0000 2019","0","@prabowo terimakasih pa Prabowo semoga puasa bapak lancar juga.. sukses selalu","1125178440385064960","","prabowo","in","","0","0","0","https://x.com/undefined/status/1125178440385064960","782356931604127745",
"1125153753135341568","Sun May 05 23:20:14 +0000 2019","0","@prabowo Sehat terus pak presiden.. Doaku menyertaimu","1125178419807789056","","prabowo","in","","0","0","0","https://x.com/undefined/status/1125178419807789056","1077701618622070790",
"1125178415085047808","Sun May 05 23:20:13 +0000 2019","3","Lebih baik tak ada pemilu. . Kelelahan macam apaan ini.. Ini bukan takdir lagi pak @jokowi Bencana ini.","1125178415085047808","","","in","","0","0","1","https://x.com/undefined/status/1125178415085047808","3403554183",
"1125178385016115200","Sun May 05 23:20:06 +0000 2019","0","Update Hasil Pilpres 2019 (06 May 2019 06:15:04) (01) JOKOWI/AMIN: 58.380.481 (+3.920) - 56.31% (0%) (02) PRABOWO/UNO: 45.292.599 (+5.228) - 43.69% (0%) Proses 550.369 (+37 / +0.0045%) TPS dari total 813.350 TPS dengan persentase 67.6669%.","1125178385016115200","","","in","","0","0","0","https://x.com/undefined/status/1125178385016115200","1118732326769283072",
"1125061003274670080","Sun May 05 23:20:03 +0000 2019","0","@KingPurwa @erickthohir @jokowi Prabowo menang di 30 provinsi dan pakde menang di 4 provinsi ketika di akumulasi yang menang justru pakde cara ngitung nya gimana? Ajarin dong","1125178372147933184","","KingPurwa","in","","0","0","0","https://x.com/undefined/status/1125178372147933184","1172164423",
"1125178363344080896","Sun May 05 23:20:01 +0000 2019","5","Jokowi Terima Ucapan Selamat dari PM Inggris atas Suksesnya Penyelenggaraan Pemilu https://t.co/X7X1dJavcW lewat @tribunnews","1125178363344080896","","","in","","0","0","2","https://x.com/undefined/status/1125178363344080896","2695463725",
"1125072221683105793","Sun May 05 23:19:59 +0000 2019","2","@fa_fave @AndiArief__ @prabowo Jgn kasi ampun.. ","1125178357304283136","","fa_fave","in","","0","1","0","https://x.com/undefined/status/1125178357304283136","1114779862030372865",
"1125178355731423233","Sun May 05 23:19:59 +0000 2019","0","kalo memang @jokowi dan pemerintahannya berpihak kepada kebenaran sebagai presiden tolong kembalikan ILC dan tidak mendikte @karniilyas","1125178355731423233","","","in","","0","0","0","https://x.com/undefined/status/1125178355731423233","372731674",
"1125061003274670080","Sun May 05 23:19:58 +0000 2019","3","@KingPurwa @erickthohir @jokowi Puasa kang...ketawa bikin gigi kering #DendaSatuMiliarPemalsuC1 #DendaSatuMiliarPemalsuC1","1125178353231646720","","KingPurwa","in","","0","0","0","https://x.com/undefined/status/1125178353231646720","232446291",
"1124932110786019328","Sun May 05 23:19:50 +0000 2019","0","@jokowi Saya belanja sedikit kebutuhan pak untuk sahur di Coles Supermarket. Kapan Bapak dan Ibu berkunjung lagi ke Canberra????","1125178316988616705","","jokowi","in","","0","0","0","https://x.com/undefined/status/1125178316988616705","977085992346660865",
"1125178299129294848","Sun May 05 23:19:45 +0000 2019","24","Letkol Angkatan Darat ke Rizal Ramli: Laporan Babinsa Prabowo Sudah Menang Kami lebih percaya dengan TNI daripada KPU dan institusi lainnya itu. https://t.co/hCaifmukUR","1125178299129294848","","","in","","0","0","10","https://x.com/undefined/status/1125178299129294848","461839687",
"1125178282909941760","Sun May 05 23:19:42 +0000 2019","0"," 12. Kecurangan di PEMILU 2014 tidak bisa diulang untuk PEMILU 2019 betul ? 2019 jaman sudah berubah &amp; Dunia Internasional bisa memantau semuanya tentang PEMILU 2019 di INDONESIA. ","1125178282909941760","","","in","","0","0","0","https://x.com/undefined/status/1125178282909941760","940435114688888834",
"1124712611298271232","Sun May 05 23:19:15 +0000 2019","0","@msaid_didu Ko jd ketularan jokowi ya suka heran tar lama2 kagetan juga..judulnya Ada Apa dengan SBY??","1125178169563025408","","msaid_didu","in","","0","0","0","https://x.com/undefined/status/1125178169563025408","2573056410",
"1125153753135341568","Sun May 05 23:19:12 +0000 2019","0","@prabowo Amin .. Di bulan yg penuh berkah ini semoga Allah SWT mensegerakan kuasaNya menunjukkan kemenangan kepada Bapak.. Amin.","1125178158716571648","","prabowo","in","","0","0","0","https://x.com/undefined/status/1125178158716571648","1161631538",
"1125147662079016960","Sun May 05 23:19:11 +0000 2019","0","@Mencreeeeeed @prabowo Maaf bang Bapak biasa bangun kesiangan.... Hari ini coba puasa bedug dulu..","1125178156111892480","","Mencreeeeeed","in","","0","1","0","https://x.com/undefined/status/1125178156111892480","2225094739",
"1124465475339972608","Sun May 05 23:19:07 +0000 2019","0","@AndiArief__ Klo omong yg baik lah @prabowo milik rakyat dan saya yakin beliau sudah matang jadi jangan ngrusuhi..tidur sono.","1125178138831360002","","Andiarief__","in","","0","0","0","https://x.com/undefined/status/1125178138831360002","1888554710",
"1125178114244431873","Sun May 05 23:19:01 +0000 2019","1","Aamiin Ya Robbalallamin #WeDontTrustKPU https://t.co/uqBACMc2NG","1125178114244431873","","","in","","0","0","0","https://x.com/undefined/status/1125178114244431873","1084569967394095104",
"1125178080081862656","Sun May 05 23:18:53 +0000 2019","0","Bawaslu RI: Audit Forensik Komputer (server) KPU sebelum dan sesudah Pemilu. - Tandatangani Petisi! https://t.co/Q0p8LaQ4oU lewat @ChangeOrg_ID","1125178080081862656","","","in","","0","0","0","https://x.com/undefined/status/1125178080081862656","983646410657546240",
"1125178069012996096","Sun May 05 23:18:51 +0000 2019","0","Presiden Joko Widodo (Jokowi) menggelar rapat terbatas (ratas) membahas rencana kebijakan Dana Kelurahan. #2019JokowiKyaiMaruf #JokowiKHMaruf4Indonesia #TCMS6 #Jokowi2Periode https://t.co/Jv2sWF0311","1125178069012996096","","","in","","0","0","0","https://x.com/undefined/status/1125178069012996096","1036458406846943232",
"1124827380151771138","Sun May 05 23:18:33 +0000 2019","0","@PriyoBudiS Aduuh bang...rasanya sm sx kok udh gk respon sm sepak trjng anda ..dulu ktk brsebrgn sm aburizal anda dukung jokowi..skrg stlh anda gk teepilih ktua golkar.anda mlh kluar dr golkar dn ikut kluarga cendana..dn dukung prabowo..trs maunya cari apa sih bang priyo....","1125177995189051392","","PriyoBudiS","in","","0","1","0","https://x.com/undefined/status/1125177995189051392","1070497660220530688",
"1124531393625595904","Sun May 05 23:18:27 +0000 2019","0","@nisma_mokhtar @GagahWicaksana @tan_antonio_tan @jokowi @prabowo @berteman_mari @Fahrihamzah @fadlizon @CintaNKRI12 @suwardihagani @Restcayah jawaban yg tepat ","1125177970383998978","","nisma_mokhtar","in","","0","0","0","https://x.com/undefined/status/1125177970383998978","919460407701467136",
"1125153753135341568","Sun May 05 23:18:25 +0000 2019","0","@prabowo Aamiin Yaa Rabbal alamiin. Presiden NKRI kuuu 🇮🇩Allaah snantiasa melindungi dan merahmatimu pak.. Pak @prabowo Polbek dooonk plisss 🇮🇩🇮🇩","1125177962200846336","","prabowo","in","","0","0","0","https://x.com/undefined/status/1125177962200846336","3981799453",
"1125177941241942016","Sun May 05 23:18:20 +0000 2019","31","PM Australia Ucapkan Selamat pada Jokowi Terkait Pemilu 2019 https://t.co/lokIPKOxrk","1125177941241942016","","","in","","1","1","7","https://x.com/undefined/status/1125177941241942016","68930552",
"1125153753135341568","Sun May 05 23:18:12 +0000 2019","0","@TanYoana @prabowo Otak si hakim .emang kebalik..","1125177905279979520","","TanYoana","in","","0","0","0","https://x.com/undefined/status/1125177905279979520","1096955483317882880",
"1125153753135341568","Sun May 05 23:18:06 +0000 2019","0","@prabowo Sama sama presiden","1125177882630770689","","prabowo","in","","0","0","0","https://x.com/undefined/status/1125177882630770689","2834051768",
"1125153753135341568","Sun May 05 23:17:55 +0000 2019","1","@wempy791 @prabowo Teduuuh.... sejuuuuuk..... berkah bulan Ramadhan gitu dong pak ","1125177837374152706","","Aris5topnkombi","in","","0","0","0","https://x.com/undefined/status/1125177837374152706","1459435602",
"1125153753135341568","Sun May 05 23:17:52 +0000 2019","0","@prabowo Selamat puasa bapakku ","1125177824942313472","","prabowo","in","","0","0","0","https://x.com/undefined/status/1125177824942313472","778194818",
"1125177818805989376","Sun May 05 23:17:51 +0000 2019","0","Amin smoga bapak selalu di beri kesehantan dan keberkahan dalam hidup amin amin yaRobballalamin #SitungKPUBikinSinting #JanganCurangiSuaraRakyat","1125177818805989376","","","in","","0","0","0","https://x.com/undefined/status/1125177818805989376","1081403401194201088",
"1124651205718765569","Sun May 05 23:17:41 +0000 2019","0","@P3nj3l4j4h emg gila pilpres kali ini","1125177778033254400","","P3nj3l4j4h","in","","0","0","0","https://x.com/undefined/status/1125177778033254400","1060489900225511425",
"1125177737650458624","Sun May 05 23:17:32 +0000 2019","1","pak @prabowo T€rP€rangkap ha$utan $€$AT yg updat€ DATA k€M€NANGAN PAL$U dr TKN ONTA. $krg baru nyadar $i kondom dur€x @AndiArief__ ma$ @AgusYudhoyono pndirian anda $udah brada di jalan yg trbaik. @jokowi i$ th€ b€$t","1125177737650458624","","","in","","0","0","0","https://x.com/undefined/status/1125177737650458624","1049987801310085120",
"1125173538451705856","Sun May 05 23:17:18 +0000 2019","1","@iswan214 @prabowo @sandiuno inii di petir mana yee ?? kota serang bukan??","1125177682486910976","","MINI21O4","in","","0","0","0","https://x.com/undefined/status/1125177682486910976","954938249956306944",
"1125177674987708416","Sun May 05 23:17:17 +0000 2019","0","Namanya lawan politik pastilah mencari kesalahan2 lawanya tapi Tuhan itu tidak tidur Ia yang mengangkat Ia juga yg menurunkan. Sekuat apapun kalian berusaha menjatuhkan jokowi tidak akan bisa kalau Allah tdk berkehendak. #tetapjokowi #JokowiMaruf2019 #Jokowi2Periode","1125177674987708416","","","in","","0","0","0","https://x.com/undefined/status/1125177674987708416","1027415321290756096",
"1124331356907917312","Sun May 05 23:17:16 +0000 2019","0","@karniilyas Jangan takut menyuarakan Kebenaran. Masa ILC kalah sama PEMILU CURANG.","1125177673683091456","","karniilyas","in","","0","0","0","https://x.com/undefined/status/1125177673683091456","1011304419634266114",
"1125032027995066368","Sun May 05 23:17:16 +0000 2019","0","@DendraDiana @Lubis30359585 @Bambang45076464 @fadlizon Gw juga muak lihat kelakuan DAIA. Tapi gw sering lihat profil twiternya utk nyeimbangin hidup. Terlalu enak hidup gw. Kalian kampret udah hidup enak belum? Jangan lupa bahagia jgn tegang2 ngomentari pilpres yg ujung2nya dpt duit kagak tapi malah kena stroke doang. Wkwkwkkk ","1125177673548845056","","DendraDiana","in","","0","0","0","https://x.com/undefined/status/1125177673548845056","898333239391145987",
"1125177670034022400","Sun May 05 23:17:15 +0000 2019","0","Namanya lawan politik pastilah mencari kesalahan2 lawanya tapi Tuhan itu tidak tidur Ia yang mengangkat Ia juga yg menurunkan. Sekuat apapun kalian berusaha menjatuhkan jokowi tidak akan bisa kalau Allah tdk berkehendak. #tetapjokowi #JokowiMaruf2019 #Jokowi2Periode","1125177670034022400","","","in","","0","0","0","https://x.com/undefined/status/1125177670034022400","1027073112313982977",
"1125177669169995777","Sun May 05 23:17:15 +0000 2019","0"," Ayo bergerak dibidang masing2 bergerak dengan kemampuan masing2 bergerak dengan cara masing2 bergerak dengan komunitas masing2.. Untuk memenangkan Jokowi. Kita bertekad utk menggenapkan kepemimpinan Jokowi hingga 2 periode..!! #Jokowi2Periode #2019TetapJokowi","1125177669169995777","","","in","","0","0","0","https://x.com/undefined/status/1125177669169995777","1027424202041655296",
"1125177668318613504","Sun May 05 23:17:15 +0000 2019","0","Ayo bergerak dibidang masing2 bergerak dengan kemampuan masing2 bergerak dengan cara masing2 bergerak dengan komunitas masing2.. Untuk memenangkan Jokowi. Kita bertekad utk menggenapkan kepemimpinan Jokowi hingga 2 periode..!! #Jokowi2Periode #2019TetapJokowi","1125177668318613504","","","in","","0","0","0","https://x.com/undefined/status/1125177668318613504","1027062099577458688",
"1125016645800529920","Sun May 05 23:17:09 +0000 2019","0","@IreneViena @radentakur @prabowo @SBYudhoyono Sepandai2 topeng dipakai akhirnya harus ditanggalkan juga. Dan ternyata di balik topeng ada ....","1125177643274362880","","IreneViena","in","","0","0","0","https://x.com/undefined/status/1125177643274362880","99080876",
"1125177640321609728","Sun May 05 23:17:08 +0000 2019","0","Masih saja negriku tidak evaluasi.. https://t.co/pVSIUssOP5","1125177640321609728","","","in","","0","0","0","https://x.com/undefined/status/1125177640321609728","714094481125978112",
"1125177610978320384","Sun May 05 23:17:01 +0000 2019","0","Tweeps siapa Capres _ Cawapres yang akan Anda dukung pada pilpres nanti ?","1125177610978320384","","","in","","0","0","0","https://x.com/undefined/status/1125177610978320384","2168352140",
"1124748411721228289","Sun May 05 23:16:56 +0000 2019","0","@MohammadDayatS @RachlanNashidik @IreneViena Betul nih... kader2 @PartaiDemokrat juga jangan cuma asal jeplak aja... lha pak @SBYudhoyono kan juga udah percaya pada @prabowo dan @sandiuno... jangan mentang2 pak @SBYudhoyono sedang di Singapura terus anak buahnya pada jumpalitan sendiri... Gak bener nih!","1125177589872545792","","MohammadDayatS","in","","0","0","0","https://x.com/undefined/status/1125177589872545792","26028392",
"1125153753135341568","Sun May 05 23:16:36 +0000 2019","0","@prabowo Aamiin. Terimakasih doanya pak. Semoga bapak sehat selalu aamiin.","1125177502677135360","","prabowo","in","","0","0","0","https://x.com/undefined/status/1125177502677135360","1073843287423778816",
"1125027323634257920","Sun May 05 23:16:32 +0000 2019","0","@jokowi Hilangkan juga ambisi kekuasaan dari diri Anda dengan menghalalkan segala cara!!!!!! Dan segera peritah kan kpu untuk hentikan situng yg bergelimang kecurangan","1125177488026419200","","jokowi","in","","0","0","0","https://x.com/undefined/status/1125177488026419200","2834051768",
"1125015848677249025","Sun May 05 23:16:24 +0000 2019","0","@IreneViena @SBYudhoyono @prabowo Dr dulu tdk ada kamus pilih beyek...","1125177455520522240","","IreneViena","in","","0","0","1","https://x.com/undefined/status/1125177455520522240","2375351402",
"1124855765875871744","Sun May 05 23:16:16 +0000 2019","0","@isari68 @prabowo @sandiuno @KPU_ID Pasti pendukung 02 merasa tersiksa batin kalau melihat tayangan qc dan rc kpu. Yaa mau gimana lagi jagoannya kalah","1125177421248942080","","isari68","in","","0","0","0","https://x.com/undefined/status/1125177421248942080","965352606653562880",
"1125061003274670080","Sun May 05 23:16:04 +0000 2019","0","@KingPurwa @erickthohir @jokowi Kamu gk punya malu dan asli tebal muka @erickthohir ...matamu tidak melihat sdikitpun kcurngn yg membabi buta","1125177372271992832","","KingPurwa","in","","0","0","0","https://x.com/undefined/status/1125177372271992832","1061419909375115264",
"1125037410809565184","Sun May 05 23:15:48 +0000 2019","0","@Lutfimuhamad08 @naga_ulung @prabowo @sandiuno Katanya mau ke singapore aja","1125177302592004101","","Lutfimuhamad08","in","","0","0","0","https://x.com/undefined/status/1125177302592004101","945957627309125632",
"1125177295797231616","Sun May 05 23:15:46 +0000 2019","1","Amankan demokrat pak @prabowo @AndiArief__ @RachlanNashidik @AgusYudhoyono https://t.co/G4kPYvqiIX","1125177295797231616","","","in","","0","0","0","https://x.com/undefined/status/1125177295797231616","195630384",
"1125177254080704512","Sun May 05 23:15:36 +0000 2019","0","Tetap semangat dan sehat selalu pak Jokowi","1125177254080704512","","","in","","0","0","0","https://x.com/undefined/status/1125177254080704512","1048381008662257665",
"1125153753135341568","Sun May 05 23:15:33 +0000 2019","0","@prabowo Siaap","1125177240516349952","","prabowo","in","","0","0","0","https://x.com/undefined/status/1125177240516349952","989170081878892550",
"1125177236703911936","Sun May 05 23:15:32 +0000 2019","0","Wah....ini saja gak mampu bayar tuan @jokowi mau pindahin ibu kota...? Hai tuan @jokowi mana yg katamu uang banyaaaak itu...","1125177236703911936","","","in","","0","0","0","https://x.com/undefined/status/1125177236703911936","1692792962",
"1125027323634257920","Sun May 05 23:15:25 +0000 2019","0","@said_fadly_sm @mnfalak07 @jokowi Yg input orang 02 yg salah input orang 02 kenapa yg di tuduh curang 01 pecundang udah tau mau kalah di situng yg bikin masalah kami waras ...","1125177205468745729","","sf__sm","in","","0","0","0","https://x.com/undefined/status/1125177205468745729","1062190822253154304",
"1125153753135341568","Sun May 05 23:15:24 +0000 2019","0","@prabowo Aamiin Ya Rabbal'Alamiin","1125177202738208769","","prabowo","in","","0","0","0","https://x.com/undefined/status/1125177202738208769","1118835376326463489",
"1118942895933755392","Sun May 05 23:15:21 +0000 2019","0","Jokowi-Amin: 53.219.415 (55 164%) Prabowo-Sandi: 43.255.535 (44 836%) Total TPS: 518.179 dari 817.412 (63 393%) @KawalPemilu2019 #PantauFotoUpload","1125177188821630977","","BotKawalPemilu","in","","0","1","0","https://x.com/undefined/status/1125177188821630977","1118911347322843137",
"1124965657416613889","Sun May 05 23:15:18 +0000 2019","0","@aewin86 @jokowi @KHMarufAmin_ 1. Melanjutkan infrastruktur yg sebagian belum terlaksana diperiode sebelumnya 2. Bidang Perekenomian terutama utk kesejahteraan para petani yg kemaren banyak sebagian mengalami rugi 3. Bidang PKH biar bantuannya ga salah alamat ke orang yg sudah mampu #ProgramPrioritasJKW","1125177178381901824","","aewin86","in","","0","0","0","https://x.com/undefined/status/1125177178381901824","2240000311",
"1125153753135341568","Sun May 05 23:15:13 +0000 2019","0","@prabowo selamat berpuasa juga ya buat bapak @prabowo","1125177156995149825","","prabowo","in","","0","0","0","https://x.com/undefined/status/1125177156995149825","1121066518723252224",
"1125177059301646339","Sun May 05 23:14:50 +0000 2019","0","Jokowi Tarawih di Masjid Jenderal Besar Soedirman Bogor https://t.co/7FAuwX7GNj https://t.co/L5pQlBu84F","1125177059301646339","https://pbs.twimg.com/media/D51ukoXXsAAUA6I.jpg","","in","","0","0","0","https://x.com/undefined/status/1125177059301646339","1066779906086850563",
"1125177024245407744","Sun May 05 23:14:42 +0000 2019","2","Sebaiknya ga perlu penjelasan seperti ini Apalagi sampe bertanya Pak Prabowo sahur sampe jam berapa ga perlu itu karena sudah menang (katanya 62%).","1125177024245407744","","","in","","0","0","0","https://x.com/undefined/status/1125177024245407744","4760940624",
"1089337453712818176","Sun May 05 23:14:25 +0000 2019","0","@amiraswandary @Nani3711 @DdMulyadi2 @KasanBaret @Marmut_keren @CTe2303 @lizzy02_lizzy @saepullohtoto @dintya066927 @abiamr1 @DK_2_INDONESIA @endang_nz @Innayaputri72 @bryanvandersoon @zachary_ahmad @Qonstantiniyye @Bellysetiawan92 @hadid501 @Lutfimuhamad08 @Joko_Ganesha @AnzaraYuli @doc_tetty88 @MBtjw @rukamhamerrii @ngizroil13 @PadiOyan @diah_soewarno @tts52517 @batubara02 @HasanBa81886194 @Herkholis2 @billykoesnadi @Umbuisback @Suparno08052468 @rizqi_property @GEMACAN70______ @Riva1410 @farid_sdin @yudi29301079 @Afood11 @awaluddin_sadik @frozen145146 @Aswin_fadillah @rereronggolawe @rudi2906rs @JackKellinBert @Zsoer90 @prabowo @sandiuno @syafrinkar Ach nggak lama nyusul rommy itu","1125176955639197696","","amiraswandary","in","","0","0","0","https://x.com/undefined/status/1125176955639197696","1080080390037983234",
"1125153753135341568","Sun May 05 23:14:17 +0000 2019","0","@prabowo Aamiin Ya Rabbal Alamiin","1125176922575532032","","prabowo","in","","0","0","0","https://x.com/undefined/status/1125176922575532032","945110440241012736",
"1125176869261676544","Sun May 05 23:14:05 +0000 2019","0","Makanya mbak coba Tanya @Fahrihamzah @fadlizon siapa penggagas pemilu serentak yg bikin petugas pps wafat krn kecapean pasti yg disalahkan jokowi lg... Mikiiiirrr ???!!!","1125176869261676544","","","in","","0","0","0","https://x.com/undefined/status/1125176869261676544","22601297",
"1124964330984726533","Sun May 05 23:13:51 +0000 2019","0","@EndangPRS @jokowi durian apa 2 tahun berbuah matang?","1125176812336664576","","EndangPRS","in","","0","0","0","https://x.com/undefined/status/1125176812336664576","1116569372359712769",
"1125176766702718977","Sun May 05 23:13:40 +0000 2019","0","Rekapitulasi KPU Purworejo Rampung Jokowi Ungguli Prabowo https://t.co/gjWK5MN6HJ https://t.co/sTtp3dBgfg","1125176766702718977","https://pbs.twimg.com/media/D51uTmvWwAAe-Jk.jpg","","in","","0","0","0","https://x.com/undefined/status/1125176766702718977","1066779906086850563",
"1125153753135341568","Sun May 05 23:13:33 +0000 2019","4","@prabowo Amin.Selamat menjalankan ibadah puasa&amp;mohon maaf lahir&amp;https://t.co/SI5Pu7LESJ lupa sll kami doakan yg terbaik utk bapak prabowo","1125176738252611584","","prabowo","in","","0","0","0","https://x.com/undefined/status/1125176738252611584","1062924771371835392",
"1125036578672300034","Sun May 05 23:13:26 +0000 2019","0","@mohmahfudmd Stlh BPIP 100jt prnytan Jokowi menang ga bisa dibalikkan lg (pdhl real count manual blm selese) dan mslh garis keras dlm agama masihkh anda layak memposting hal ini. Dg memposting hal ini sj anda tdk bhati2 trkena Surat As-Shaaf : 2","1125176707009241090","","mohmahfudmd","in","","0","0","0","https://x.com/undefined/status/1125176707009241090","586580269",
"1125176647617957888","Sun May 05 23:13:21 +0000 2019","2","Perjuangan di Pemilu 2019 saya rasakan berbeda dengan pemilu 2009 2014. Di 2 pemilu Sebelumnya seolah-olah terasa hampa perjuangan itu tidak jelas membela siapa. Namun di 2019 Allah seakan-akan membuka tabir mana yang pembela Haq dan Pembela Bathil. Narasi memecah belah...","1125176685085618176","","arifulamar_","in","","0","1","1","https://x.com/undefined/status/1125176685085618176","84220261",
"1125176647617957888","Sun May 05 23:13:20 +0000 2019","1","Saya berusaha mencari tau siapa sosok sebenarnya @prabowo ini dari berbagai sumber valid hanya 1 yang membuat saya yakin yaitu video Gus Dur bahwa Prabowo orang yang jujur. Kita tau Gus Dur ini orang paling obyektif yang saya tau tapi sayang sekali hari ini para penerusnya..","1125176681323421696","","arifulamar_","in","","0","1","0","https://x.com/undefined/status/1125176681323421696","84220261",
"1125176647617957888","Sun May 05 23:13:19 +0000 2019","1","Saya bukan partisan saya bukan pendukung fanatik pribadi manapun. Bahkan saya pernah menjadi orang yang percaya fitnah terhadap Prabowo pada akhir Orde Baru yang usia saya saat itu masih 10 tahun. Saat itu saya sudah disodori narasi kebencian terhadap tokoh hingga suatu saat..","1125176679603695616","","arifulamar_","in","","0","1","0","https://x.com/undefined/status/1125176679603695616","84220261",
"1125176647617957888","Sun May 05 23:13:18 +0000 2019","1","Ini adalah tiket kereta Prameks yang mengantarkan saya bersama istri kampanye untuk @prabowo @sandiuno di Std. Sriwedari Solo. Ada getaran frekuensi yang kuat mendorong saya berangkat ke Solo saat itu 10 April 2019 (sepekan menjelang pencoblosan). https://t.co/tLVsGetsid","1125176675547803648","https://pbs.twimg.com/media/D51uNprUYAAtYdv.jpg","arifulamar_","in","","0","1","0","https://x.com/undefined/status/1125176675547803648","84220261",
"1124961980404551682","Sun May 05 23:13:13 +0000 2019","5","@JuliWidiharto @aniesbaswedan @dey265 @prabowo Maksudnya seluruh rakyat Palestina datang ke Indonesia? Ente minta dijajah Palestina? Berbagi Indonesia sama Palestina? Atau mau ganti bendera merah putih gt?","1125176652890120192","","JuliWidiharto","in","","0","0","0","https://x.com/undefined/status/1125176652890120192","1109412552",
"1125176579875688448","Sun May 05 23:12:56 +0000 2019","0","IBU SUSI PUDJIASTUTI HARUS TETAP MENTERI KKP JANGAN LEPAS SRIKANDI INDONESIA YG ADA DI JAJARAN PRESIDENT JOKOWI","1125176579875688448","","","in","","0","0","0","https://x.com/undefined/status/1125176579875688448","982111314481823744",
"1125176564956536832","Sun May 05 23:12:52 +0000 2019","0","Apa benar ini akun bapak pak @jokowi Kenapa kebohongan terus kau ucapkan pak @jokowi apa demi pencitraan mu sungguh terlalu pak.","1125176564956536832","","","in","","0","0","0","https://x.com/undefined/status/1125176564956536832","2156777941",
"1125027323634257920","Sun May 05 23:12:37 +0000 2019","0","@jokowi Kalo bapa jadi presiden karena curang dan bapa mengetahuinya Alloh akan membalas pa. Suatu bangsa tidak mungkin bertahan tanpa kepercayaan","1125176501979115520","","jokowi","in","","0","0","0","https://x.com/undefined/status/1125176501979115520","1122062970886819840",
"1125176487106101250","Sun May 05 23:12:33 +0000 2019","9","Pencurangan yg terstruktur sistematis &amp; masif (TSM) oleh KPU dlm proses penghitungan nyata (real count) pilpres 2019 ini gagal total Semua trick (muslihat) yg diterapkan oleh lembaga pelaksana pemilu ini tertangkap basah oleh para relawan IT. https://t.co/YxQaQXrTJi","1125176487106101250","","","in","","1","0","2","https://x.com/undefined/status/1125176487106101250","1037569013654548480",
"1125153753135341568","Sun May 05 23:12:33 +0000 2019","0","@prabowo Amin.. Pak presiden","1125176485113786368","","prabowo","in","","0","0","0","https://x.com/undefined/status/1125176485113786368","2150156874",
"1125153753135341568","Sun May 05 23:12:28 +0000 2019","2","@TanYoana @prabowo Hayooo moment puasa ... Yang puasa menghormati yang lagi curang ya","1125176465849344000","","TanYoana","in","","0","0","0","https://x.com/undefined/status/1125176465849344000","1106047029040439297",
"1125153753135341568","Sun May 05 23:12:24 +0000 2019","0","@prabowo Aamiin... Kekuatan itu ada di pagi hari...Semoga selalu sehat dan dalam kebaikan","1125176446983360512","","prabowo","in","","0","0","0","https://x.com/undefined/status/1125176446983360512","783925602",
"1125176388087009280","Sun May 05 23:12:10 +0000 2019","0","Semoga semakin terbuka kedoknya pak. Pak @prabowo harus hati2 dan harus penuh perhitungan dalam menghadapi orang ini","1125176388087009280","","","in","","0","0","0","https://x.com/undefined/status/1125176388087009280","1065302291115315201",
"1124139213203460096","Sun May 05 23:11:54 +0000 2019","0","@msaid_didu @jokowi Durintuu...","1125176323154927618","","msaid_didu","in","","0","0","0","https://x.com/undefined/status/1125176323154927618","752369352851107841",
"1125176308500127744","Sun May 05 23:11:51 +0000 2019","1","Bawaslu Persilakan Masyarakat Bentuk TPF Kecurangan Pemilu Cc @Fahrihamzah @fadlizon @hnurwahid @Ronnie_Rusli @AkunTofa https://t.co/U12gTyXcQe","1125176308500127744","","","in","","0","0","1","https://x.com/undefined/status/1125176308500127744","579089730",
"1125046388956360704","Sun May 05 23:11:42 +0000 2019","0","@KingPurwa @prabowo Jauh kelasnya diatas jae...jae mah kelas RT #DendaSatuMiliarPemalsuC1","1125176270977884160","","KingPurwa","in","","0","0","0","https://x.com/undefined/status/1125176270977884160","838933222423588865",
"1125142781037432833","Sun May 05 23:11:39 +0000 2019","4","@Kunto_Drummer @prabowo @sandiuno Seleksi Alam dan Seleksi dari Bapak Prabowo yg akan menentukan nasib mereka.. Saya berjuang tanpa pamrih Semoga Bapak Prabowo dan Bang sandi Memimpin Negeri ini.","1125176258537476096","","Kunto_Drummer","in","","0","1","1","https://x.com/undefined/status/1125176258537476096","801728429003444226",
"1125061003274670080","Sun May 05 23:11:38 +0000 2019","0","@KingPurwa @erickthohir @jokowi Wk wk wk =&gt;&gt;&gt; klo ga ketauan ? Yg ga ketauan ? Paslon 01 Bertambah 2000 Suara KPU Lamtim Akui Salah Input #KlikRMOL https://t.co/KFu33ombDa","1125176252627705856","","KingPurwa","in","","0","0","0","https://x.com/undefined/status/1125176252627705856","1898642563",
"1125176238329352192","Sun May 05 23:11:34 +0000 2019","12","2) Misi BUMN bukan hanya cari laba juga misi sosial untuk kesejahteraan rakyat kontrol mekanisme pasar. Untuk apa laba sedikit atau rugi hanya penampungan birokrat tinggi/politisi gaji &amp; bonus direksi/komisaris besar tidak efisien? @kemenhub151 @KemenBUMN @jokowi","1125176238329352192","","","in","","0","0","7","https://x.com/undefined/status/1125176238329352192","845078592",
"1125153753135341568","Sun May 05 23:11:33 +0000 2019","3","@prabowo @PandoePertiwi Aamiin... selamat menjalankan ibadah puasa juga buat pak presiden #TNIBersamaRakyatDukungTNI","1125176233656893441","","prabowo","in","","0","0","0","https://x.com/undefined/status/1125176233656893441","1030355665615642624",
"1125176214778535938","Sun May 05 23:11:29 +0000 2019","0","Honorer K2: Semoga Allah Angkat Derajat Prabowo Sandi https://t.co/1WoVFojRlk https://t.co/wiFTTCC95u","1125176214778535938","https://pbs.twimg.com/media/D51tzdpX4AILzDS.jpg","","in","","0","0","0","https://x.com/undefined/status/1125176214778535938","1624960592",
"1125176204594573312","Sun May 05 23:11:26 +0000 2019","6","Ayo dong pak @RamliRizal anda bergerak paak. Rakyat menunggu. Pak @prabowo bang @sandiuno bergerak dong.. gemes banget inih .. Rakyat menungguh titah PRESIDEN/WaPres pilihan rakyat bkn Presiden rekayasa situng kpu. #StopSitungKPU","1125176204594573312","","","in","","0","0","3","https://x.com/undefined/status/1125176204594573312","109600509",
"1124932110786019328","Sun May 05 23:11:26 +0000 2019","0","@CintaNKRI12 @jokowi @prabowo Kasian","1125176202539356161","","CintaNKRI12","in","","0","0","0","https://x.com/undefined/status/1125176202539356161","1171151683",
"1124963565125816320","Sun May 05 23:11:25 +0000 2019","1","@PowerOfReceh @prabowo @sandiuno @basuki_btp yg didemo berjilid2 difitnah dan pemilihnya diintimidasi kemudian dipenjara TDK ada kata curang keluar dari mulutnya dan tdk sekalipun beliau memprovokasi pendukungnya dia terima kekalahan dengan tulus dan ikhlas saat QC keluar. Kenegarawanan tiada banding.","1125176200081448960","","PoweredByReceh","in","","0","1","0","https://x.com/undefined/status/1125176200081448960","88876470",
"1125153753135341568","Sun May 05 23:11:20 +0000 2019","0","@prabowo @JamanSulit Amiin y ALLAH .. Pak @prabowo Tetap Semangat jgn terulang 2014 Selagi benar jgn Menyerah maju terus ","1125176179470655488","","prabowo","in","","0","0","0","https://x.com/undefined/status/1125176179470655488","1123311623546949632",
"1124963187000889344","Sun May 05 23:11:18 +0000 2019","0","@NcangBeni @Daeng11421693 @prabowo @Fahrihamzah @sandiuno @AgusYudhoyono Aye dua2nya Ncang gimana donk","1125176172487168000","","NcangBeni","in","","0","0","0","https://x.com/undefined/status/1125176172487168000","832858703699152896",
"1125176117927694336","Sun May 05 23:11:05 +0000 2019","1","Pileg &amp; Pilpres diselenggarakan satu hari ini Pak. Pileg aja udah capek. Pilpres aja juga capek. Gitu sih Pak sepemahaman saya kalau untuk case yg diduga meninggal kelelahan. Semoga jadi ladang pahala buat bapak karna telah menguji kesabaran saya dalam membalas tweet ini :)","1125176117927694336","","","in","","0","0","0","https://x.com/undefined/status/1125176117927694336","103189041",
"1125176104816218112","Sun May 05 23:11:02 +0000 2019","1","#putajinoe @SWStheband - Pilpres due ribe kureng blah (War) @amysorayaa @MuhammadAroll @luthfi_alatas @irfansaifff @dindamaryna @cprwsh @yanzhr @puansharrah @ayazamzami @alvizurnis @RizkaaaMaulida","1125176104816218112","","","in","","1","0","1","https://x.com/undefined/status/1125176104816218112","294452710",
"1124332580097200128","Sun May 05 23:11:02 +0000 2019","1","@ajientrepreneur @TMancunian507 @oribuckhori @orthodoxiv @SiIvy_Riau02 @zeehya @jokowi Tuhan akan mengacau rancangan orang jahat. Dah itu aja sih ","1125176101498572800","","ajientrepreneur","in","","0","3","0","https://x.com/undefined/status/1125176101498572800","1056019337285316609",
"1125153753135341568","Sun May 05 23:10:54 +0000 2019","0","@prabowo Selamat menunaikan ibadah puasa jga pak Presiden idaman rakyat 🇮🇩 Barakallah Pak jendral. Indonesia ADIL MAKMUR🇮🇩🇮🇩🇮🇩🇮🇩🇮🇩🇮🇩🇮🇩🇮🇩🇮🇩🇮🇩","1125176069957414912","","prabowo","in","","0","0","0","https://x.com/undefined/status/1125176069957414912","1105006174053707776",
"1125027323634257920","Sun May 05 23:10:47 +0000 2019","0","@jokowi Selamat menjalan ibadah puasa mbah sudah jangan mendengarkan orang yang menistamu teruskan tugas dan perjuanganmu sampai oktober 2019 nanti. Hasil 22 mei nanti yang akan menentukan.","1125176038797889537","","jokowi","in","","0","0","0","https://x.com/undefined/status/1125176038797889537","1123804763273998336",
"1125061003274670080","Sun May 05 23:10:46 +0000 2019","0","@handoko_bp82 @KingPurwa @erickthohir @jokowi Yaaakh Paraaah ","1125176036683993089","","","hi","","0","0","0","https://x.com/undefined/status/1125176036683993089","829122325157064704",
"1125016645800529920","Sun May 05 23:10:29 +0000 2019","0","@IreneViena @PetrukBabu @prabowo @SBYudhoyono Demokrat sudah demokarat akibat sering khianat....","1125175965863137280","","IreneViena","in","","0","0","0","https://x.com/undefined/status/1125175965863137280","1926380976",
"1125175930790400000","Sun May 05 23:10:21 +0000 2019","0","2tahun dah berbuah..... Mau ngakak baca nya. Nanem di bendungan metik nya di pasar Dan dimakan di kebon. Sa ae.... Lucu dikebon pake helm","1125175930790400000","","","in","","0","0","0","https://x.com/undefined/status/1125175930790400000","1883835122",
"1125175918471696385","Sun May 05 23:10:18 +0000 2019","0","DULU KAMI TAK PEDULI DENGAN PROSES PEMILU.. SEKARANG KAMI KAWAL SAMPAI TUNTAS..","1125175918471696385","","","in","","0","0","0","https://x.com/undefined/status/1125175918471696385","385191738",
"1125061003274670080","Sun May 05 23:10:16 +0000 2019","0","@KingPurwa @erickthohir @jokowi Set dah. Mata mu msh normal kah bro?","1125175910594895872","","KingPurwa","in","","0","0","0","https://x.com/undefined/status/1125175910594895872","98320223",
"1125153753135341568","Sun May 05 23:10:16 +0000 2019","0","@prabowo anda hanyalah pion. Anda bukan siapa siapa. Anda hanya alat. Kami menginginkan perubahan &amp; keadilan. Anda ditunjuk agar berdiri paling depan dibarisan kami. Kami akan melakukannya &amp; siap membayar harganya. Semoga anda diberikan kekuatan &amp; keberanian memimpin oleh ALLAH SWT.","1125175909881864197","","prabowo","in","","0","0","0","https://x.com/undefined/status/1125175909881864197","1069774665457926144",
"1125174515477037056","Sun May 05 23:10:11 +0000 2019","467","️PROPINSI JAMBI⬅️ ↪2. Kabupaten BUNGO Alhamdulillah! Berdasarkan hasil pleno KPU Kabupaten Bungo Jambi ️Suara Sah 204.157 ️01 : 67.99833.31% ️02 : 136.15966.69% #DendaSatuMiliarPemalsuC1 https://t.co/4JKhifFsdP #TNIBersamaRakyatDukungTNI","1125175887916175360","","RelawanProSandi","in","","4","11","218","https://x.com/undefined/status/1125175887916175360","2326479788",
"1124706573002080258","Sun May 05 23:10:03 +0000 2019","0","@SiIvy_Riau02 @jokowi Pokumbuah","1125175856442138624","","PeoplePower_id","in","","0","0","0","https://x.com/undefined/status/1125175856442138624","1006609630946967552",
"1124964330984726533","Sun May 05 23:09:58 +0000 2019","0","@msaid_didu @EndangPRS @jokowi Ini duren 02 yang disortir oleh @KPU_ID sebelum tanam daeng dan hanya boleh di konsumsi kaum cebong kalo soal rasanya jangan ditanya maka dusta mana lagi yang belum dibuat","1125175836221435904","","msaid_didu","in","","0","0","0","https://x.com/undefined/status/1125175836221435904","123787833",
"1124930369633972224","Sun May 05 23:09:58 +0000 2019","0","@tukang_pakang @jokowi Buat beliau apa sich yg gak mungkin dan para pendukungnya asik bertepuk tangan. Auto ugnud","1125175834984079360","","","in","","0","0","0","https://x.com/undefined/status/1125175834984079360","832858703699152896",
"1125175816906612736","Sun May 05 23:09:54 +0000 2019","0","Update Hasil Pilpres 2019 (06 May 2019 06:00:04) (01) JOKOWI/AMIN: 58.376.561 (+3.852) - 56.31% (0%) (02) PRABOWO/UNO: 45.287.371 (+4.784) - 43.69% (0%) Proses 550.332 (+36 / +0.0044%) TPS dari total 813.350 TPS dengan persentase 67.6624%.","1125175816906612736","","","in","","0","0","0","https://x.com/undefined/status/1125175816906612736","1118732326769283072",
"1125153753135341568","Sun May 05 23:09:46 +0000 2019","0","@prabowo Aamiiin Aamiiin Aamiiin Yaa Rabbal Alamiiin Selamat menjalankan ibadah puasa jg pak","1125175786736996352","","prabowo","in","","0","0","0","https://x.com/undefined/status/1125175786736996352","955459141899726849",
"1125153753135341568","Sun May 05 23:09:46 +0000 2019","0","@prabowo Iya pak @prabowo","1125175786732834816","","prabowo","in","","0","0","0","https://x.com/undefined/status/1125175786732834816","1117963801381355521",
"1124993242448031744","Sun May 05 23:09:43 +0000 2019","0","@Dennysiregar7 @FerdinandHaean2 @PartaiDemokrat @jokowi Lain kali pakai cd warna pink ya","1125175772946124800","","Dennysiregar7","in","","0","0","0","https://x.com/undefined/status/1125175772946124800","227121567",
"1125153753135341568","Sun May 05 23:09:40 +0000 2019","0","@prabowo aaamiiin yra. sehat sll pak. smg bapa sll dlm lindungan allah swt memimpin Indonesia dengan adil makmur dan jangan lupa naikan gaji guru honorer..... ","1125175761055305730","","prabowo","in","","0","0","0","https://x.com/undefined/status/1125175761055305730","1121404594209165313",
"1124332580097200128","Sun May 05 23:09:34 +0000 2019","2","@orthodoxiv @rudygun49405802 @SiIvy_Riau02 @zeehya @jokowi @DivHumas_Polri Kampret maksa jadi manusia ya begini akhirnya teruskan memprovokasi tong jgn kasih kendor klw ketangkep jangan nangis yoo ","1125175735163834369","","orthodoxiv","in","","0","1","0","https://x.com/undefined/status/1125175735163834369","1056019337285316609",
"1125175727974825984","Sun May 05 23:09:32 +0000 2019","0","Wujudkan Sila Ke-3 Pancasila Pasca Pemilu 2019 https://t.co/tqYEbQzskR https://t.co/OpXaIDPTyV","1125175727974825984","https://pbs.twimg.com/media/D51tXKBV4AAekqF.jpg","","in","","0","0","0","https://x.com/undefined/status/1125175727974825984","1076275093",
"1123913746227912704","Sun May 05 23:09:26 +0000 2019","0","@AyahUdin6 @jokowi Kira2 gini aja ktika seorg wanita memlih pria lain bukan drimu apa kmu akan mndklarasikan sbgai suami dia... ","1125175702452498432","","AyahUdin6","in","","0","0","0","https://x.com/undefined/status/1125175702452498432","833462159224868864",
"1124928874360471552","Sun May 05 23:09:24 +0000 2019","0","@Catatansiboim @detikcom @PDemokrat @andre_rosiade Selalu diluar konteks bahasan Pantesan juragan lo Prabowo kalah terus di pemilu Lha wong pendukungnya model sprti lo","1125175692268687362","","Catatansiboim","in","","0","3","0","https://x.com/undefined/status/1125175692268687362","4760940624",
"1123588403226976256","Sun May 05 23:09:19 +0000 2019","0","@na_dirs @sahaL_AS @RomitsuT Bela capres gagal kok jihad bahlul ente ya","1125175671414591488","","na_dirs","in","","0","0","0","https://x.com/undefined/status/1125175671414591488","862351344463564800",
"1125061003274670080","Sun May 05 23:09:16 +0000 2019","1","@KingPurwa @erickthohir @jokowi Salut aja gw buat para Cebong yg berintegritas tinggi terhadap Elite nya tanpa harus MELIHAT and MENDENGAR ..apa yg terjadi","1125175660098404352","","KingPurwa","in","","0","0","1","https://x.com/undefined/status/1125175660098404352","1078511035491860480",
"1125175642952278017","Sun May 05 23:09:12 +0000 2019","0","#JokowiCakImin #JoinKepri2019 #NasionalisReligius FOLLOW | RETWEET | LIKE | KOMEN Jokowi-CakImin https://t.co/EHtv2NE4nt","1125175642952278017","","","in","","0","0","0","https://x.com/undefined/status/1125175642952278017","951299907083681792",
"1125175641488404480","Sun May 05 23:09:12 +0000 2019","1","#JokowiCakImin #JoinKepri2019 #NasionalisReligius FOLLOW | RETWEET | LIKE | KOMEN Jokowi-CakImin https://t.co/NkY98YpWOd","1125175641488404480","","","in","","0","0","0","https://x.com/undefined/status/1125175641488404480","951299907083681792",
"1125175639903035393","Sun May 05 23:09:11 +0000 2019","0","#JokowiCakImin #JoinKepri2019 #NasionalisReligius FOLLOW | RETWEET | LIKE | KOMEN Jokowi-CakImin https://t.co/QZV4g6iKXy","1125175639903035393","","","in","","0","0","0","https://x.com/undefined/status/1125175639903035393","951299907083681792",
"1125027323634257920","Sun May 05 23:09:08 +0000 2019","0","@jokowi Selamat menunaikan ibadah puasa pak Jokowi dan kluarga","1125175623758925824","","jokowi","in","","0","0","0","https://x.com/undefined/status/1125175623758925824","1003764393803304961",
"1125072221683105793","Sun May 05 23:08:56 +0000 2019","0","@AndiArief__ Lagipula siapa yg begitu nekat membohongi pak Prabowo dgn angka 62%?","1125175576619147264","","Andiarief__","in","","0","0","0","https://x.com/undefined/status/1125175576619147264","807975479961497600",
"1125153753135341568","Sun May 05 23:08:48 +0000 2019","0","@prabowo Aamiin ya Rabb ... Sama sama pak ","1125175543152820224","","prabowo","in","","0","0","0","https://x.com/undefined/status/1125175543152820224","981691094",
"1125175537255763970","Sun May 05 23:08:47 +0000 2019","0","Erick Thohir: Kemenangan Jokowi-Ma ruf Amin Tanpa Kecurangan https://t.co/HvQOcZl6CE https://t.co/RFe8ntxcE9","1125175537255763970","https://pbs.twimg.com/media/D51tMCPX4AIp8qf.jpg","","in","","0","0","0","https://x.com/undefined/status/1125175537255763970","78596326",
"1125153753135341568","Sun May 05 23:08:26 +0000 2019","0","@prabowo Selamat menunaikan ibadah puasa juga Pak @prabowo","1125175448428634112","","prabowo","in","","0","0","0","https://x.com/undefined/status/1125175448428634112","1116897131229368320",
"1124560593355182081","Sun May 05 23:08:23 +0000 2019","0","@SutanPauah @lreneViena @irene Sebenarnya @irene orang dalam di ring 1 Prabowo cuma Prabowo kadang2 lugu tidak percaya ada yg sejahat SBY LBP dan HP.","1125175437003448320","","","in","","0","0","0","https://x.com/undefined/status/1125175437003448320","146738820",
"1125175390576660480","Sun May 05 23:08:12 +0000 2019","4","Pleno PPK Menteng Selesai Prabowo-Sandi Menang Tipis - https://t.co/ycpSCqfyaZ #faktaberitafakta https://t.co/P1XQH0a2l0","1125175390576660480","https://pbs.twimg.com/media/D51tDddU8AABtNY.jpg","","in","","1","0","3","https://x.com/undefined/status/1125175390576660480","243163214",
"1125175372910194688","Sun May 05 23:08:08 +0000 2019","0","Bang @AndiArief apa hasil temuan anda yg membuat anda menyebut angka 62% suara Prabowo sebagai perangkap..? Anda harusnya kritisi kecurangan2 yg sedang berlangsung massif kenapa anda baru sekarang membahas angka 62% setelah ada pertemuan AHY dengan @Jokowi","1125175372910194688","","","in","","0","0","0","https://x.com/undefined/status/1125175372910194688","1109765840524570624",
"1124531393625595904","Sun May 05 23:08:08 +0000 2019","0","@GagahWicaksana @matta_dinata @jokowi @prabowo @berteman_mari @Fahrihamzah @fadlizon @CintaNKRI12 @suwardihagani @Restcayah Iya..aku juga mau ikut nanem","1125175372847280129","","GagahWicaksana","in","","0","0","0","https://x.com/undefined/status/1125175372847280129","1101459240357511168",
"1125175338898608128","Sun May 05 23:08:00 +0000 2019","4","PAN &amp; Demokrat Dekati Jokowi Adian: Kemenangan Telah Dekat https://t.co/nULziBWUav #pdiperjuangan","1125175338898608128","","","in","","0","0","2","https://x.com/undefined/status/1125175338898608128","584835300",
"1125061003274670080","Sun May 05 23:07:48 +0000 2019","0","@KingPurwa @erickthohir @jokowi mudahan @erickthohir benar2 manjadi 200.","1125175290102030336","","KingPurwa","in","","0","0","0","https://x.com/undefined/status/1125175290102030336","3238684483",
"1125175255008329729","Sun May 05 23:07:40 +0000 2019","0","@KPU_ID @KPK_RI ingat kalau kalian tak bisa adil dalam pemilu","1125175255008329729","","KPU_ID","in","","0","0","0","https://x.com/undefined/status/1125175255008329729","998205369171099650",
"1124965657416613889","Sun May 05 23:07:39 +0000 2019","0","@aewin86 @jokowi @KHMarufAmin_ 1. PENDIDIKAN 2. PEREKONOMIAN 3. KESEHATAN #ProgramPrioritasJKW","1125175250159693824","","aewin86","in","","0","0","0","https://x.com/undefined/status/1125175250159693824","3281027354",
"1125175233525178368","Sun May 05 23:07:35 +0000 2019","1","Yâ Allâh Kami mohon di RAMADHAN yg penuh Rahmat .. BERIKAN kami PEMIMPIN yg ; JUJUR ADIL &amp; BERANI utk #INDONESIA yg #ADIL &amp; #MAKMUR .. PEMIMPIN yg mampu MEMBEDAKAN ; #KEBENARAN dan #KEBATILAN #KEJUJURAN dan #KECURANGAN &amp; #KEBOHONGAN .. Amin @prabowo @Nurmantyo_Gatot","1125175233525178368","","","in","","0","0","1","https://x.com/undefined/status/1125175233525178368","878421273423994880",
"1124906889840451585","Sun May 05 23:07:25 +0000 2019","0","@askos88 Ajakan yg bagus bro untuk mereka yg selama pemilu gk jadi manusia normal. Yg slalu sibuk ke sana kemari nuduh sana sini gk ad habisnya. Kayak kartun TOM and JERYY.","1125175192148332544","","","in","","0","0","0","https://x.com/undefined/status/1125175192148332544","1077293000701620224",
"1124332580097200128","Sun May 05 23:07:16 +0000 2019","0","@miftah_elhady @reno_2 @SiIvy_Riau02 @jokowi Kampret mah bebas input data mereka klaim menang tp org2 atas mereka tidak mengakui hasil situng KPU teriak KPU curang.. Lah klw menang kenapa teriak curang? Pret2 ngehe banget dah ","1125175154479263744","","miftah_elhady","in","","0","0","0","https://x.com/undefined/status/1125175154479263744","1056019337285316609",
"1125153753135341568","Sun May 05 23:07:15 +0000 2019","0","@prabowo sehat juga pk","1125175150570115072","","prabowo","in","","0","0","0","https://x.com/undefined/status/1125175150570115072","1124711645551267840",
"1125153753135341568","Sun May 05 23:07:13 +0000 2019","0","@prabowo Selamat menjalankan ibadah puasa pak haji@Prabowo Subianto","1125175141200158721","","prabowo","in","","0","0","0","https://x.com/undefined/status/1125175141200158721","900631752560918528",
"1125061003274670080","Sun May 05 23:07:11 +0000 2019","5","@KingPurwa @erickthohir @jokowi Mata loo gak buta......sehat Kuping loo gak tuli.....sehat YANG SAKIT TUU JIWA loo Aseliiiii curiga niih...jangan2 ada something dgn mu","1125175136406032385","","KingPurwa","in","","0","0","1","https://x.com/undefined/status/1125175136406032385","1063761347194712065",
"1124531393625595904","Sun May 05 23:07:10 +0000 2019","0","@GagahWicaksana @msaid_didu @jokowi @prabowo @berteman_mari @Fahrihamzah @fadlizon @CintaNKRI12 @suwardihagani @Restcayah Durian pencitraan","1125175128860479493","","GagahWicaksana","in","","0","0","0","https://x.com/undefined/status/1125175128860479493","940124037237239808",
"1125175118009749504","Sun May 05 23:07:07 +0000 2019","1","mengapa bom bali yg korbannya cuma 200-an geger sedunia.. mengapa pemilu 2019 yg korbannya sdh 554 bangsa ini msh diam.... puasa dan taqwa menguji bangsa ini","1125175118009749504","","","in","","0","1","0","https://x.com/undefined/status/1125175118009749504","58642062",
"1124730407990247424","Sun May 05 23:07:05 +0000 2019","2","@Mas_Brewoks @prabowo Semakin semangat berjuang di bulan Ramadhan #RamadhanBersamaPADI","1125175110187376640","","0m_Brewoks","in","","0","0","1","https://x.com/undefined/status/1125175110187376640","178504313",
"1125153753135341568","Sun May 05 23:07:04 +0000 2019","0","@prabowo Aamiin Ya Robbal'alamiin..met puasa Pak..semoga kita semua semakin mendekat pada Allah swt..","1125175103539503104","","prabowo","in","","0","0","0","https://x.com/undefined/status/1125175103539503104","1109338342456360960",
"1125165954780975104","Sun May 05 23:06:57 +0000 2019","0","@Fahrihamzah Alhamdulillah... Lisan dan kebencian bisa menggugurkan puasa ramadhan ... iman kpd kuasa Allah ketentuan Allah yang terbaik Allah Maha Mengetahui siapa yg layak &amp; pantas menjadi pemimpin bangsa ini @jokowi @prabowo @MarufAminNU @sandiuno @GNPF_MUI @GNPF_Ulama @yusuf_thereds","1125175076326797312","","Fahrihamzah","in","","0","0","0","https://x.com/undefined/status/1125175076326797312","151270096",
"1125153753135341568","Sun May 05 23:06:47 +0000 2019","0","@prabowo barakahallahu","1125175035759480832","","prabowo","in","","0","0","0","https://x.com/undefined/status/1125175035759480832","822801828177813505",
"1125072221683105793","Sun May 05 23:06:44 +0000 2019","0","@AndiArief__ Memihak 02 menjelang PILPRES cm untuk selamatkan partai dari batas minimal perolehan suara. Setelah hasilnya aman mulai sifat aslinya keluar...ckckckck..","1125175021704339457","","Andiarief__","in","","0","1","0","https://x.com/undefined/status/1125175021704339457","104737035",
"1125175009498898432","Sun May 05 23:06:41 +0000 2019","1","@pilpres2019 Banyak nyawa meningal (nyawa tidak bisa di beli) akibat pilpres ini jadi mohon hargai. suara rakyat bukan point untuk mencari kekalahan atau kemenangan tapi mencari siapa yang pantas jadi nakoda di negeri ini tolong diperhatikan @KPU_RI #salammillenial","1125175009498898432","","PILPRES2019","in","","0","0","1","https://x.com/undefined/status/1125175009498898432","1121563973495574530",
"1125153753135341568","Sun May 05 23:06:37 +0000 2019","0","@prabowo Aamiin pak.... Ucapan yanga sama buat bapak sekeluarga...","1125174990519685125","","prabowo","in","","0","0","0","https://x.com/undefined/status/1125174990519685125","1075631552988676096",
"1125171344331513856","Sun May 05 23:06:36 +0000 2019","0","@RanupsProSandi sABar aja dulu yg penting kawal terus rangkaian PEMILU minimal sp 22 mei n max 28 ok setelah itu kl yg curang brkuasa kita tunggu kekuatan rakyat lanjut apa ???????????????","1125174988749729792","","RanupsProSandi","in","","0","0","0","https://x.com/undefined/status/1125174988749729792","4637020212",
"1124878935643181056","Sun May 05 23:06:24 +0000 2019","1","@prabowo5310 @Dennysiregar7 @prabowo jangan ngaku presiden lagi berarti ganti presiden dong cukup sekali saja @jokowi #MainCurangItuHina #AdaApaDenganSitungKPU #AdaApaDenganSitungKPU","1125174939567321088","","omyang_jimbe","in","","0","0","0","https://x.com/undefined/status/1125174939567321088","77744206",
"1089337453712818176","Sun May 05 23:06:04 +0000 2019","0","@batubara02 @DdMulyadi2 @frozen145146 @Nani3711 @Qonstantiniyye @billykoesnadi @amiraswandary @KasanBaret @Marmut_keren @CTe2303 @lizzy02_lizzy @saepullohtoto @dintya066927 @abiamr1 @DK_2_INDONESIA @endang_nz @Innayaputri72 @bryanvandersoon @zachary_ahmad @Bellysetiawan92 @hadid501 @Lutfimuhamad08 @Joko_Ganesha @doc_tetty88 @MBtjw @rukamhamerrii @ngizroil13 @PadiOyan @diah_soewarno @tts52517 @HasanBa81886194 @Herkholis2 @Umbuisback @Suparno08052468 @rizqi_property @GEMACAN70______ @Riva1410 @farid_sdin @yudi29301079 @Afood11 @awaluddin_sadik @Aswin_fadillah @rereronggolawe @rudi2906rs @JackKellinBert @Zsoer90 @prabowo @sandiuno @syafrinkar @777_Stealth Tah eta","1125174853693100032","","","et","","0","0","0","https://x.com/undefined/status/1125174853693100032","1085537286530330625",
"1125174848626446337","Sun May 05 23:06:03 +0000 2019","0","Habis Ratusan Miliar Inilah Pengeluaran Terbesar Jokowi dan Prabowo di Pilpres 2019 https://t.co/TiibscPP7g","1125174848626446337","","","in","","0","0","0","https://x.com/undefined/status/1125174848626446337","456426648",
"1125174846831226880","Sun May 05 23:06:02 +0000 2019","1","Jokowi Salat Tarawih di Masjid Jenderal Besar Soedirman Bogor https://t.co/pgqkSuGxWj","1125174846831226880","","","in","","0","1","1","https://x.com/undefined/status/1125174846831226880","456426648",
"1124997283467091974","Sun May 05 23:05:52 +0000 2019","1","@PenjagaJokowi @prabowo mah dapat ucapan selamat dari perdana mentri Negri di Awan.","1125174803306934272","","PenjagaJokowi","in","","0","0","0","https://x.com/undefined/status/1125174803306934272","227509445",
"1124815236521840640","Sun May 05 23:05:50 +0000 2019","0","@rina__marliana @setiawardana21 @ongen4444 @AmirFaesal2 @ApriliaLin @jokowi @aniesbaswedan @KPK_RI Memangnya apbd 70T semua buat bayar hutang selama 10th? Tanya wan abud mau gk dia gk digaji sm gk ada uang operasional?","1125174793525964802","","rina__marliana","in","","0","1","0","https://x.com/undefined/status/1125174793525964802","1144981309",
"1124932110786019328","Sun May 05 23:05:45 +0000 2019","0","@jokowi Di rumah aja pak","1125174773711904770","","jokowi","in","","0","0","0","https://x.com/undefined/status/1125174773711904770","876672171111661568",
"1125153753135341568","Sun May 05 23:05:43 +0000 2019","0","@prabowo Ramadhan bulan kemenangan insya Allah kemenangan dan kebenaran bagi rakyat Indonesia Aamiin","1125174763628843008","","prabowo","in","","0","0","0","https://x.com/undefined/status/1125174763628843008","2540375924",
"1125013497631342598","Sun May 05 23:05:36 +0000 2019","0","@srikandicyber @prabowo Bulan ramadhan org curang akan dilipatgandakan dosanya..","1125174736957239296","","KaraKenangan","in","","0","0","0","https://x.com/undefined/status/1125174736957239296","125206467",
"1124928368778956800","Sun May 05 23:05:35 +0000 2019","0","@francmohede @prabowo Kalo punya ide selangkah dua lankah lebih maju dri kite2 seharusnya sudah dituangkan dlm debat pilpress kemaren tapi kenyataanya mana????? yg cerdas dikit mas artis","1125174731777273856","","francmohede","in","","0","0","0","https://x.com/undefined/status/1125174731777273856","1033637592271486976",
"1124932110786019328","Sun May 05 23:05:31 +0000 2019","0","@yeni_arisa @jokowi Hahaa sudaah. Sungkan sama institusi","1125174714354155520","","smgtyakamu","in","","0","0","0","https://x.com/undefined/status/1125174714354155520","2231006023",
"1125027323634257920","Sun May 05 23:05:30 +0000 2019","0","@jokowi dan yang terpenting suruh KPU untuk tidak berbuat curang dengan menggelembungkan suara 01 dan mengurangi suara 02 ... seperti yg biasa dia lakukan. apa nggak malu kalo jadi presiden hasil dari curang ... https://t.co/SUywoTlQ6f","1125174710948352000","https://pbs.twimg.com/media/D51sNIkU0AIQRZW.jpg","jokowi","in","","0","0","0","https://x.com/undefined/status/1125174710948352000","2953223047",
"1124932110786019328","Sun May 05 23:05:19 +0000 2019","0","@CintaNKRI12 @jokowi @prabowo Kasihan yah.. pada halu","1125174664504823808","","CintaNKRI12","in","","0","0","0","https://x.com/undefined/status/1125174664504823808","376648624",
"1125153753135341568","Sun May 05 23:05:03 +0000 2019","0","@prabowo Aamiin; Semoga tetap sehat dan semangat; Mohon diingatkan pendukung2 bapak spt @Fahrihamzah @fadlizon @Ferdinand_Hutah @FerdinandHaean2 @rockygerung @ymartak dll untuk berhenti memprovokasi masyarakat utk menolak hasil KPU;","1125174599480528896","","prabowo","in","","0","0","0","https://x.com/undefined/status/1125174599480528896","57546241",
"1125015848677249025","Sun May 05 23:05:03 +0000 2019","0","@IreneViena @SBYudhoyono @prabowo Saya pastikan jika itu benar sy dan keluarga besar tdknakan memiliknya","1125174599400824832","","IreneViena","in","","0","0","1","https://x.com/undefined/status/1125174599400824832","563392702",
"1125174529964142592","Sun May 05 23:04:47 +0000 2019","0","TERBARU https://t.co/gln3Mgwiyp Real Count KPU Pilpres Senin 6 Mei 2019 Pukul 05.15 WIB https://t.co/bELmgIToja lewat @Tribun_Manado","1125174529964142592","","","in","","0","0","0","https://x.com/undefined/status/1125174529964142592","151700683",
"1125174515477037056","Sun May 05 23:04:43 +0000 2019","1137","️PROPINSI JAMBI⬅️ ↪1. Kota Sungai Penuh Alhamdulillah! Berdasarkan hasil pleno KPU Kota Sungai Penuh Jambi ️01 = 9.179 16 50% ️02 = 46.438 83 50% #C1PlanoBabinsaAdalahKunci #TNIBersamaRakyatDukungTNI https://t.co/oOi8nWvgkA","1125174515477037056","","","in","","27","23","625","https://x.com/undefined/status/1125174515477037056","2326479788",
"1125153753135341568","Sun May 05 23:04:38 +0000 2019","0","@prabowo Selamat berpuasa pak","1125174493146599424","","prabowo","in","","0","0","0","https://x.com/undefined/status/1125174493146599424","1122251192715763712",
"1125141049033117702","Sun May 05 23:04:32 +0000 2019","3","@P3nj3l4j4h @Dwiyana_DKM Dah pengen masuk.sorga? Yakin bs masuk bela capres?","1125174469301919745","","P3nj3l4j4h","in","","0","0","0","https://x.com/undefined/status/1125174469301919745","902746668965220352",
"1125174425727320064","Sun May 05 23:04:22 +0000 2019","0","@prabowo mesjipun kita beribadah puasa kita siap people power @haikal_hassan @BahtiarNasir","1125174425727320064","","prabowo","in","","0","0","0","https://x.com/undefined/status/1125174425727320064","195630384",
"1125053503733243905","Sun May 05 23:04:20 +0000 2019","7","@KingPurwa @msaid_didu @prabowo 100 ... betul .... Jk ingin menghancurkan suatu bangsa hancurkan mll Bahan Pangan &amp; Air Bersih. Bahan Pangan kita sulit diekspor krn terkontaminasi Pestisida Herbisida dan kita pun mengimpor bahan pangan yg sama. Bahan pangan Organik lah yang bisa kita Ekspor. be an organic","1125174417540243456","","KingPurwa","in","","0","0","1","https://x.com/undefined/status/1125174417540243456","224482827",
"1124932110786019328","Sun May 05 23:04:03 +0000 2019","0","@Nareshwarakp @jokowi Sabar akutuuu : ","1125174346182320128","","nareshwarakiran","in","","0","0","0","https://x.com/undefined/status/1125174346182320128","2231006023",
"1125174345746173952","Sun May 05 23:04:03 +0000 2019","0","Bersenjata Bambu Runcing Puluhan Santri Banten Siap Mati Kawal Prabowo https://t.co/4asoHRWblh https://t.co/JoKLxQfGzu","1125174345746173952","https://pbs.twimg.com/media/D51sGs9UIAARs99.jpg","","in","","0","0","3","https://x.com/undefined/status/1125174345746173952","591332946",
"1125016645800529920","Sun May 05 23:04:01 +0000 2019","0","@IreneViena @prabowo @SBYudhoyono Setuju","1125174338259279872","","IreneViena","in","","0","0","0","https://x.com/undefined/status/1125174338259279872","563392702",
"1125174300359573504","Sun May 05 23:03:52 +0000 2019","0","Aamiin ya Rabb.","1125174300359573504","","","in","","0","0","0","https://x.com/undefined/status/1125174300359573504","226864029",
"1125153753135341568","Sun May 05 23:03:52 +0000 2019","0","@prabowo Do'a kami untuk kebaikan bangsa ini bersama PADI","1125174298098917376","","prabowo","in","","0","0","0","https://x.com/undefined/status/1125174298098917376","1112724923779186688",
"1125174278322700288","Sun May 05 23:03:47 +0000 2019","0"," 9. PRABOWO PEMENANG PEMILU hitungan C1. Banyak Curang. PEMILU Paling buruk di Era Reformasi. Amunisi untuk apa ? S.O.S","1125174278322700288","","","in","","0","0","0","https://x.com/undefined/status/1125174278322700288","940435114688888834",
"1125153753135341568","Sun May 05 23:03:46 +0000 2019","9","@prabowo Aamiin... Sama2 ya pak... Semoga kita semua diberikan iman dan kesehatan selama bulan suci ini sehingga dapat melaksanakan berbagai ibadah.","1125174274824605696","","prabowo","in","","0","0","0","https://x.com/undefined/status/1125174274824605696","178504313",
"1125153753135341568","Sun May 05 23:03:44 +0000 2019","1","@prabowo Selamat menjalankan ibadah Ramadhan ya pak. Smoga do'a Ramadhan kami yaitu Pak Prabowo &amp; Bang Sandi dpt dilantik menjadi pemimpin negara kami dg damai aman dan lancar tahun ini dapat terwujud. Aamiin Yaa Mujibassailin ","1125174268122189825","","prabowo","in","","0","1","0","https://x.com/undefined/status/1125174268122189825","179418570",
"1124772654588801025","Sun May 05 23:03:36 +0000 2019","0","@haikal_hassan @susantoajcar Nah saya setuju kalau dapur umum yg dibikin waktu pilpres itu di selidiki siapa tau ada masakan yg gak beres setuju banget dah dan urus kecurangan kubu anda lbh dulu baru bahas kecurangan yg lain agar gerombolan anda gk selalu merasa benar seperti sifat fir'aun sadarlah","1125174232961302528","","","in","","0","0","0","https://x.com/undefined/status/1125174232961302528","1215221712",
"1125046403535781888","Sun May 05 23:03:33 +0000 2019","0","@TeddyGusnaidi prabowo dikelilingi orang-orang kelas medioker wajar kalah lagi","1125174219174580225","","TeddyGusnaidi","in","","0","0","0","https://x.com/undefined/status/1125174219174580225","192840626",
"1125072221683105793","Sun May 05 23:03:29 +0000 2019","0","@AndiArief__ @permadiaktivis Dari semua twit anda selama pra pilpres dan pasca pilpres ini adalah twit anda yg paling waras pernah saya baca","1125174203974479873","","Andiarief__","in","","0","0","0","https://x.com/undefined/status/1125174203974479873","995539019839651840",
"1124892839974817792","Sun May 05 23:03:26 +0000 2019","0","@fariz1234 @DjanChoek @RamliRizal @CCICPolri @DivHumas_Polri @jokowi @RizmaWidiono @Ari3Pras @TheArieAir @ASapardan @temponewsroom @BBC @guardian @NewYorkTimes11 @KompasTV Iya. Sepertinya semkin ngawur itu krna tertutupi rasa benci kepada orang lain. Model Rizal Ramli itu sprti menyimpan sakit hati . Wallahu 'alam.","1125174189827051521","","fariz1234","in","","0","0","0","https://x.com/undefined/status/1125174189827051521","984874304499138560",
"1124465475339972608","Sun May 05 23:03:25 +0000 2019","0","@AndiArief__ Pak @prabowo lebih mencintai dan mendengar suara rakyat mas dibanding suara koalisinya Apalagi partai² yg numpang suara.","1125174188585578496","","Andiarief__","in","","0","0","0","https://x.com/undefined/status/1125174188585578496","2857058994",
"1125002263724941312","Sun May 05 23:03:22 +0000 2019","0","@mohmahfudmd Semoga Sadar Prof dan Bisa Melek Mata Atas Kecurangan pemilu yg Terjadi di Mana mana","1125174175688060928","","mohmahfudmd","in","","0","0","0","https://x.com/undefined/status/1125174175688060928","1041457576402010112",
"1125174168276758528","Sun May 05 23:03:21 +0000 2019","0","Bulan baik penuh berkah bulan ampunan bulan dimana kalo kita berdoa In Shaa Allah dikabulkan dan bulan kalo kita beramal dilipat gandakan pahala kita. ayo kita pantengin terus memohon sama Allah yang berlaku curang dapat hidayah dan pak Prabowo menang.","1125174168276758528","","","in","","0","0","0","https://x.com/undefined/status/1125174168276758528","295448831",
"1125153753135341568","Sun May 05 23:03:21 +0000 2019","1","@prabowo Aamiin pak..","1125174168054423552","","prabowo","in","","0","0","0","https://x.com/undefined/status/1125174168054423552","1061281149207535617",
"1125174145908527104","Sun May 05 23:03:16 +0000 2019","1","Tidak ada alasan kalian lelah. Biaya pemilu 26T. Blm lagi kalian minta tambahan. Kami memantau krja klian 24 jam setiyap hari. Jgn curang. Kl klian paksakan jg curang pasti kami akan LAWAN. Bkrjalah klian sesuai UU. Kami sdh ingatkan.!! #KPUCurangRakyatMelawan","1125174150648086528","","IndraPachee","in","","0","0","0","https://x.com/undefined/status/1125174150648086528","97384087",
"1125153753135341568","Sun May 05 23:03:10 +0000 2019","0","@prabowo Semoga kita semua dpt melaksanakan Ibadah yg benar dan nyaman.","1125174124492410880","","prabowo","in","","0","0","0","https://x.com/undefined/status/1125174124492410880","745142159741837312",
"1124139213203460096","Sun May 05 23:03:08 +0000 2019","0","@jokowi Durian varietas apa pak dua thn sdh berbuah maulah pak bibitnya...","1125174114753208320","","jokowi","in","","0","0","0","https://x.com/undefined/status/1125174114753208320","1123126275919437824",
"1125153753135341568","Sun May 05 23:02:51 +0000 2019","0","@prabowo Aamiin ya Rabbal'alamiin...","1125174042573414402","","prabowo","in","","0","0","0","https://x.com/undefined/status/1125174042573414402","1043878614532481024",
"1125061003274670080","Sun May 05 23:02:38 +0000 2019","0","@KingPurwa @erickthohir @jokowi Mules gw bacanya langsung pingin BERAK","1125173988399783936","","KingPurwa","in","","0","0","0","https://x.com/undefined/status/1125173988399783936","986519840935440390",
"1125009627286867969","Sun May 05 23:02:37 +0000 2019","0","@FerdinandHaean2 Allah alasan aja Lo @FerdinandHaean2 Sebenarnya dari awal Demokrat pengen ke Jokowi. Cuma di tolak sama Megawati Harus nya malu lah partai ka punya prinsip. Gila jabatan Nyesel milih Demokrat. Partai bingung.","1125173985585405953","","FerdinandHaean2","in","","0","0","0","https://x.com/undefined/status/1125173985585405953","1122062970886819840",
"1125077837176688641","Sun May 05 23:02:35 +0000 2019","0","@Quvvatt @VIVAcoid pdhl mrk korban plg parah dr kebijakan jokowi srg ane lihat org make kaos 01 dgn bangganya pdhl ane yakin buat makan aja susah...","1125173977284931585","","Quvvatt","in","","0","1","0","https://x.com/undefined/status/1125173977284931585","473417028",
"1125173965775785984","Sun May 05 23:02:32 +0000 2019","0","Amiin pak :) semoga kita semua di terima amal ibadahnya","1125173965775785984","","","in","","0","0","0","https://x.com/undefined/status/1125173965775785984","1125173268321685505",
"1124932110786019328","Sun May 05 23:02:29 +0000 2019","0","@Ardhiona91 @jokowi Pesantren apa nmanya pak","1125173953222152192","","Ardhiona91","in","","0","0","0","https://x.com/undefined/status/1125173953222152192","4837509853",
"1125091717051506688","Sun May 05 23:02:27 +0000 2019","1","@rianantony4 @L0v3d0lph1n @jokowi @christi01232264 @Nitha34967463 @EropaJokowi @MutungJkt @AwangSancaka @dhanyslaats @kopipolitik1 @OptimusWar @peppychristian1 @arimanik @subkhiridho Hahaha tengkyu utk tipnya ","1125173941734137856","","akunriaan","in","","0","0","0","https://x.com/undefined/status/1125173941734137856","250055168",
"1125173870535761920","Sun May 05 23:02:10 +0000 2019","1","Tuh @Gerindra @prabowo . Saran yg baik dan bijaksana","1125173870535761920","","","in","","0","0","0","https://x.com/undefined/status/1125173870535761920","3656051293",
"1125016645800529920","Sun May 05 23:02:05 +0000 2019","1","@IreneViena @wahidulqohhar @prabowo @SBYudhoyono *Pihak2 yg 2013-2014 TST naikkan jae (sdh pro china) telah membuat Kesalahan Strategis Fatal bukan cuma blunder-sukur2 bs diakali. *Idiom kesalahan strategis pd militer/pol/biz: A BRIDGE TOO FAR. *ABTF HARUS Distop/Mission Aborted! *Jae naik ASAP china+antek2 take most control","1125173849270546432","","IreneViena","in","","0","0","2","https://x.com/undefined/status/1125173849270546432","794214805775056896",
"1124928368778956800","Sun May 05 23:01:57 +0000 2019","0","@francmohede @prabowo Partai satu ini mainnya kasar. Apa karena skenarionya gak jalan karena ketahuan? Suruh orang beretika tapi dia sendiri gak beretika.","1125173817821712384","","francmohede","in","","0","0","0","https://x.com/undefined/status/1125173817821712384","187456123",
"1125173796673998848","Sun May 05 23:01:52 +0000 2019","1","Ramadhan tahun ini ...tetep fokus #2019GantiPresiden . Marhaban Ya Ramadhan Marhaban ya Presiden Baru RI Prabowo Sandi","1125173796673998848","","","in","","0","0","1","https://x.com/undefined/status/1125173796673998848","1109720831620374529",
"1125173713668718592","Sun May 05 23:01:32 +0000 2019","0","5 Tokoh Berpeluang jadi MenPAN RB di Kabinet Jokowi Ma ruf https://t.co/ey3w4jzBvz https://t.co/HmMCe6KPcM","1125173713668718592","https://pbs.twimg.com/media/D51rh7DUYAAPKr0.jpg","","in","","0","0","0","https://x.com/undefined/status/1125173713668718592","1624960592",
"1125061003274670080","Sun May 05 23:01:27 +0000 2019","0","@ANDYBAC63403418 @KingPurwa @erickthohir @jokowi @doa @NajwaShihab @CNNIndonesia @tempodotco @BeritagarID @adilmakmur02 @Gerindra @PKSejahtera @thejakartaglobe @liputan6dotcom Terjadilah atas kehendak Allah. Sudah muak atas kecurangan2 yg dilakukan... Terlalu banyak u diabaikan","1125173691837440000","","ANDYBAC63403418","in","","0","0","0","https://x.com/undefined/status/1125173691837440000","1110027025350193152",
"1125061003274670080","Sun May 05 23:01:23 +0000 2019","0","@KingPurwa @erickthohir @jokowi Ngomongnya di korannya dia sendiri","1125173676842700800","","KingPurwa","in","","0","0","0","https://x.com/undefined/status/1125173676842700800","82537301",
"1125173650674442240","Sun May 05 23:01:17 +0000 2019","0","MEDIA BALANCE; Rizal Ramli: Prabowo Sudah Menang KPU Jangan Lanjutkan Kecurangan! https://t.co/ek74ftkUO4 #eramuslim https://t.co/c2RblvHgdl","1125173650674442240","","","in","","0","0","1","https://x.com/undefined/status/1125173650674442240","98987070",
"1125171544219639810","Sun May 05 23:01:12 +0000 2019","287","Nasionalis memuncak ktika sy jauh dr INA Merah Putih berkibar di Roma mendegupkan dada mendengar Indonesia Pusaka berkumandang mengaduk emosi air mata. Bhkn sy marah ketika diblg Jkt byk nyamuk. Tp blm pernah sy menangisi tokoh. Baru kali ini air mata jatuh u/Pak @prabowo ️","1125173628461621250","","nieke_aereta","in","","2","7","49","https://x.com/undefined/status/1125173628461621250","604079053",
"1125027323634257920","Sun May 05 23:01:09 +0000 2019","0","@jokowi Wi...tahu dah berapa banyak yg meninggal korban Pemilu??","1125173614674755585","","jokowi","in","","0","0","0","https://x.com/undefined/status/1125173614674755585","152579884",
"1124745851002208256","Sun May 05 23:01:05 +0000 2019","0","@joked2019 @susantoajcar Saya setuju yg bikin dapur umum di cek siapa tau masakannya ada yg gak beres kubu mana yg bikin dapur umum waktu pilpres ya","1125173599281672192","","","in","","0","0","0","https://x.com/undefined/status/1125173599281672192","1215221712",
"1125173583733354496","Sun May 05 23:01:01 +0000 2019","2","Tensi politik yang lagi tinggi karena pemilu semoga menurun di bulan suci Ramadan ini. #Kartun https://t.co/9IYnMWPMBR https://t.co/J0KpK8BsZW","1125173583733354496","https://pbs.twimg.com/media/D51raTRWkAA5FKY.jpg","","in","","0","0","1","https://x.com/undefined/status/1125173583733354496","17588443",
"1125173579094679552","Sun May 05 23:01:00 +0000 2019","6","Dia diberhentikan dari pekerjaannya di kantor perusahaan ekspedisi lantaran jatuh sakit usai merampungkan perhitungan suara di TPS 22 lebih dari 24 jam. Ini kisahnya: https://t.co/1BddK66Lsd","1125173579094679552","","","in","","1","1","1","https://x.com/undefined/status/1125173579094679552","456426648",
"1124932110786019328","Sun May 05 23:00:56 +0000 2019","0","@jokowi anak emoll ","1125173559821660160","","jokowi","in","","0","0","0","https://x.com/undefined/status/1125173559821660160","1118594350412288000",
"1125173547775586309","Sun May 05 23:00:53 +0000 2019","0","Ketua Majelis Nasional KSPI Didi Suprijadi menyerukan kepada kaum buruh untuk mempersiapkan pelantikan anggota DPRD dan DPR RI dari kader buruh. Termasuk mempersiapkan... https://t.co/7sSSCVPS17","1125173547775586309","","","in","","0","0","1","https://x.com/undefined/status/1125173547775586309","1242650287",
"1125153753135341568","Sun May 05 23:00:52 +0000 2019","1","@TanYoana @prabowo Thank you hidup berdampingan dan saling menghargai adalah Indonesia","1125173543191371776","","TanYoana","in","","0","0","1","https://x.com/undefined/status/1125173543191371776","65324371",
"1125173475356766209","Sun May 05 23:00:35 +0000 2019","16","#PopulerB1 4: Berikan Ucapan Selamat PM Inggris Telepon Jokowi https://t.co/Rc9Qs7TeXr","1125173475356766209","","","in","","0","2","1","https://x.com/undefined/status/1125173475356766209","154102750",
"1125038369161957377","Sun May 05 23:00:26 +0000 2019","0","@rajatapura @marlina_idha @jokowi @prabowo @sandiuno Hemmmm masak sih......","1125173434852315137","","rajatapura","in","","0","0","0","https://x.com/undefined/status/1125173434852315137","212065120",
"1124837672910876672","Sun May 05 23:00:21 +0000 2019","0","@biansPOS_ @IreneViena @SBYudhoyono @prabowo Nah berkumpul","1125173415671926785","","bpoSharons_","in","","0","0","0","https://x.com/undefined/status/1125173415671926785","3328641529",
"1118942895933755392","Sun May 05 23:00:21 +0000 2019","0","Jokowi-Amin: 53.200.486 (55 168%) Prabowo-Sandi: 43.233.922 (44 832%) Total TPS: 517.982 dari 817.412 (63 369%) @KawalPemilu2019 #PantauFotoUpload","1125173413901930497","","BotKawalPemilu","in","","0","1","0","https://x.com/undefined/status/1125173413901930497","1118911347322843137",
"1124928368778956800","Sun May 05 23:00:15 +0000 2019","0","@francmohede @prabowo Bertanya pada opsi kedua artinya opsi pertama tidak bisa dipakai lagi..","1125173390363348994","","francmohede","in","","0","0","0","https://x.com/undefined/status/1125173390363348994","1092438540372209664",
"1125173378808025090","Sun May 05 23:00:12 +0000 2019","68","Pasangan Prabowo-Sandi meraih 314.258 suara di Tasikmalaya. https://t.co/jSYvgPO7wP","1125173378808025090","","","in","","4","1","19","https://x.com/undefined/status/1125173378808025090","22126902",
"1125173378392838144","Sun May 05 23:00:12 +0000 2019","0","Hasil Sementara Rekapitulasi KPU: Pilpres 2019 01 = 56.31% (58 372 709 suara) 02 = 43.69% (45 282 587 suara) Total suara: 103 655 296 suara TPS diproses: 67.66% (550 296 dari 813 350 TPS) Waktu update KPU: 06/05/2019 05:45 WIB (Sumber data: KPU) #KawalSuara2019","1125173378392838144","","","in","","0","0","0","https://x.com/undefined/status/1125173378392838144","1119851854249127936",
"1125173338911809537","Sun May 05 23:00:03 +0000 2019","0","Data Kawal Pemilu 2019 518 594 TPS dari 817 412 TPS Total (63.44%) Jokowi-Amin | Prabowo-Sandi 55.17% 44.83% Jokowi-Amin: 53 200 486 Prabowo-Sandi: 43 233 922 Suara Sah: 96 274 693 Tidak Sah: 2 408 448 @KawalPemilu2019 #PantauFotoUpload diakses: 2019-05-06 06:00:02","1125173338911809537","","","in","","0","0","0","https://x.com/undefined/status/1125173338911809537","1100921429090983936",
"1125173336189935616","Sun May 05 23:00:02 +0000 2019","1","Ini Alasan KSPI Minta Kaum Buruh Persiapkan Pelantikan Prabowo Sandi https://t.co/o2k8Arq4Uf","1125173336189935616","","","in","","0","0","1","https://x.com/undefined/status/1125173336189935616","1242650287",
"1124139213203460096","Sun May 05 23:00:02 +0000 2019","1","@msaid_didu @jokowi Durian hasil silang dengan Situng Ka pe U..","1125173335820722176","","msaid_didu","in","","0","0","0","https://x.com/undefined/status/1125173335820722176","2364863990",
"1125173334868541440","Sun May 05 23:00:02 +0000 2019","2","#PopulerB1 10: Prabowo-Sandi Menang di Bandar Lampung https://t.co/3rdvFCy4Aq","1125173334868541440","","","in","","0","0","0","https://x.com/undefined/status/1125173334868541440","154102750",
"1125173326610141184","Sun May 05 23:00:00 +0000 2019","0","Pleno KPU Pendukung Jokowi dan Pendukung Prabowo Bersalaman https://t.co/RMQZFN71nq","1125173326610141184","","","in","","0","0","0","https://x.com/undefined/status/1125173326610141184","61377303",
"1125173326287183877","Sun May 05 23:00:00 +0000 2019","12","Erick Thohir: Kemenangan Jokowi Tanpa Kecurangan https://t.co/rX1fzqJfio","1125173326287183877","","","in","","3","3","0","https://x.com/undefined/status/1125173326287183877","132078023",
"1125173326110961664","Sun May 05 23:00:00 +0000 2019","11","Ini Alasan KSPI Minta Kaum Buruh Persiapkan Pelantikan Prabowo Sandi https://t.co/EURj4Uj5p8","1125173326110961664","","","in","","0","0","4","https://x.com/undefined/status/1125173326110961664","2337692172",
"1125153753135341568","Sun May 05 22:59:59 +0000 2019","1","@prabowo Terimakasih Komandan! Aamiin yra. In syaa Allah dengan puasa dan doa di bulan yg suci dan penuh rahmat dan berkah ini kebenaran akan lebih mudah terungkap.","1125173324638588928","","prabowo","in","","0","0","0","https://x.com/undefined/status/1125173324638588928","47234489",
"1124963187000889344","Sun May 05 22:59:59 +0000 2019","0","@NcangBeni @Meidiku @prabowo @Fahrihamzah @sandiuno @AgusYudhoyono Saya berharap pak @aniesbaswedan maju sbg capres th 2024","1125173321253842944","","NcangBeni","in","","0","0","0","https://x.com/undefined/status/1125173321253842944","1015045728844910592",
"1124837672910876672","Sun May 05 22:59:36 +0000 2019","1","@AngkelSem @NSotyadi @IreneViena @SBYudhoyono @prabowo Mantab","1125173224793415680","","AngkelSem","da","","0","0","0","https://x.com/undefined/status/1125173224793415680","3328641529",
"1125038369161957377","Sun May 05 22:59:33 +0000 2019","0","@marlina_idha @fahmiadam_9 Alhamdulillah 02 serang menang.....alhamdulillah 01 Indonesia Menang.....Jokowi preaidennya","1125173214852730880","","marlina_idha","in","","0","0","0","https://x.com/undefined/status/1125173214852730880","212065120",
"1125153753135341568","Sun May 05 22:59:26 +0000 2019","38","@prabowo Aamiin ya rabbal alaamiiin... Met menunaikan ibadah puasa ya pak presiden Sehat selalu ya pak #Ramadhan ini sangat spesial karena Indonesia punya presiden baru pilihan rakyat ","1125173186226675712","","prabowo","in","","0","1","4","https://x.com/undefined/status/1125173186226675712","447896859",
"1124957667615580160","Sun May 05 22:59:17 +0000 2019","1","@susipudjiastuti Saya sudah telepon pak @jokowi Agar bu @susipudjiastuti Dipertahankan pada kabinetnya sampai tahun 2024...dan nampaknya pak @jokowi menyetujui usulan saya bu ..... Selamat bekerja Tetap jaga kesehatan juga tetap bahagia .... salam hormat","1125173145000747009","","susipudjiastuti","in","","0","1","0","https://x.com/undefined/status/1125173145000747009","935459199340838912",
"1125173140039045120","Sun May 05 22:59:15 +0000 2019","9","Caleg DPR RI dari kalangan artis mendominasi raihan suara tertinggi dalam pemilu 2019 di Kota Bandung. Ada wajah baru dari kalangan artis melenggang ke Senayan. https://t.co/zudO62zLVE","1125173140039045120","","","in","","1","0","0","https://x.com/undefined/status/1125173140039045120","69183155",
"1125173050037555200","Sun May 05 22:58:54 +0000 2019","0","PAN Pertanyakan Perpanjangan Penghitungan di Kecamatan https://t.co/OF18ZlXKo7 @BeritaPAN @DPR_RI @salehdaulay @Official_PAN @Fraksi_PAN @ZUL_Hasan @eddy_soeparno @hanafirais @MulfachriH @yandri_ys @Komunitas_PAN @prabowo @SBYudhoyono @sandiuno @KPU_ID @bawaslu_RI","1125173050037555200","","","in","","0","0","0","https://x.com/undefined/status/1125173050037555200","3193204573",
"1125061003274670080","Sun May 05 22:58:52 +0000 2019","0","@KingPurwa @erickthohir @jokowi Ngakak ku pagi ini setelah sahur","1125173042722656256","","KingPurwa","in","","0","0","0","https://x.com/undefined/status/1125173042722656256","99057748",
"1124964330984726533","Sun May 05 22:58:40 +0000 2019","0","@EndangPRS @jokowi Klw kitanya bertanya nanti tktnya di bilang Hoax jga ga ya?","1125172990620995584","","EndangPRS","in","","0","0","0","https://x.com/undefined/status/1125172990620995584","557659110",
"1124902697671348224","Sun May 05 22:58:39 +0000 2019","0","@ronavioleta @jokowi @KPU_ID Ini sih namanya kemenangan yg g bisa dibuktikan","1125172989001994240","","ronavioleta","in","","0","0","0","https://x.com/undefined/status/1125172989001994240","155542256",
"1125172915987714048","Sun May 05 22:58:22 +0000 2019","0","Jokowi dan Prabowo Kompak Sambut Puasa Ramadhan https://t.co/Y50dyZMx43 https://t.co/fXydNwApKk","1125172915987714048","https://pbs.twimg.com/media/D51qzedW0AEDa0t.jpg","","in","","0","0","0","https://x.com/undefined/status/1125172915987714048","1066779906086850563",
"1125172882018119680","Sun May 05 22:58:14 +0000 2019","0","https://t.co/P40vEI7l9e putrabanten80 Jelas2 penghitungan suara di saksikan saksi2 dari kedua paslon Klo di hitung ulang .... kalian tidak menghargai kerja keras KPU ... pembentukan KPU juga sudah terwakili dari masing2 partai pendukung... .... petugas yg gugur dalam melaksan ","1125172882018119680","","","in","","0","0","0","https://x.com/undefined/status/1125172882018119680","2919772580",
"1125082789848678401","Sun May 05 22:58:12 +0000 2019","0","@EropaJokowi @christi01232264 @jokowi @KHMarufAmin_ @arimanik @AwangSancaka @OptimusWar @kangdede78 @WawaSiti @Arse00571581 @peppychristian1 @Nitha34967463 @L0v3d0lph1n @rianantony4 Sedap ya mantengin twitter sambil ngobrolin makanan Keep warm everyone! ","1125172875231662081","","LisaYusuf","in","","0","0","0","https://x.com/undefined/status/1125172875231662081","250055168",
"1125046388956360704","Sun May 05 22:58:01 +0000 2019","0","@KingPurwa @prabowo Thx pak dah kasih pelajaran lagi bukan mendengdangkan nina bobok disaat ular piton siap menerkam ","1125172828964188160","","KingPurwa","in","","0","0","0","https://x.com/undefined/status/1125172828964188160","841600354609389569",
"1125153753135341568","Sun May 05 22:57:55 +0000 2019","0","@prabowo bqpak puasa gak?","1125172801344663552","","prabowo","in","","0","0","0","https://x.com/undefined/status/1125172801344663552","1046890899425251328",
"1125072221683105793","Sun May 05 22:57:52 +0000 2019","0","@AndiArief__ Ingin memuluskan ahy jadi capres 2024 segala cara dilakukan. Terus apa bedanya Sby sama Jkw ?","1125172791840366592","","Andiarief__","in","","0","0","0","https://x.com/undefined/status/1125172791840366592","854918150609002496",
"1125153753135341568","Sun May 05 22:57:38 +0000 2019","1","@prabowo Bapak presiden kami relawan terus berjuang demi keselamatan NKRI. Sesuai pesan HRS mohon sementara Bpk jangan ke luar negeri mengingat di lapangan kami terus berjuang selamatkan suara!!","1125172732222627840","","prabowo","in","","0","0","0","https://x.com/undefined/status/1125172732222627840","340171207",
"1125164473075896320","Sun May 05 22:57:28 +0000 2019","0","@Fahrihamzah Jaga lisan dan jaga adab jauhi sifat kebencian... @jokowi @DPR_RI @PartaiPKS Ketentuan Allah yang Terbaik","1125172689826603008","","Fahrihamzah","in","","0","0","0","https://x.com/undefined/status/1125172689826603008","151270096",
"1125172677260398592","Sun May 05 22:57:25 +0000 2019","2","Aamiin... salam Hormat Pak President!!! #TNIBersamaRakyatDukungTNI","1125172677260398592","","","in","","0","0","0","https://x.com/undefined/status/1125172677260398592","1119085889244655618",
"1125153753135341568","Sun May 05 22:57:24 +0000 2019","0","@prabowo Selamat menunaikan ibadah puasa jg PRESIDENKU","1125172671107350528","","prabowo","in","","0","0","0","https://x.com/undefined/status/1125172671107350528","100769899",
"1124531393625595904","Sun May 05 22:57:22 +0000 2019","0","@HendryBrosn4n @BoykheKurniawan @cecep66 @GagahWicaksana @jokowi @prabowo @berteman_mari @Fahrihamzah @fadlizon @CintaNKRI12 @suwardihagani @Restcayah dah ngopi bro?","1125172664291577856","","HendryBrosn4n","in","","0","1","0","https://x.com/undefined/status/1125172664291577856","1713097634",
"1125064820615569408","Sun May 05 22:57:20 +0000 2019","0","@BangPino_ @RanupsProSandi @jokowi @prabowo C1 asli harus sama2 disepakati dulu.. how?","1125172655907266560","","BangPino_","in","","0","0","0","https://x.com/undefined/status/1125172655907266560","47234489",
"1125153753135341568","Sun May 05 22:57:16 +0000 2019","0","@prabowo Semoga puasa kita lancar","1125172639734030337","","prabowo","in","","0","0","0","https://x.com/undefined/status/1125172639734030337","1118424902648745986",
"1124772114043670529","Sun May 05 22:57:13 +0000 2019","0","@KaffahNet @ismail_yusanto @_doncorleone78_ @prabowo @sandiuno Alhamdulillah. Trims cak rolis dan seluruh pejuang pendukung 02.","1125172627503345665","","KaffahNet","in","","0","0","0","https://x.com/undefined/status/1125172627503345665","1015269028070223872",
"1124855765875871744","Sun May 05 22:57:00 +0000 2019","1","@isari68 @prabowo @sandiuno @KPU_ID ketua KPU.. anda jangan banyak alibi terus... kayak bajaj zig zag di jalan macet... tolong jalankan tugas dan fungsi anda dengan baik... saya selalu memantau ... sekarang Rakyat Indonesia yang mengawasi pemilu yang gak jujur ini ... kalau anda keberatan... bisa kita ngopi bareng.","1125172572486656000","","isari68","in","","0","0","0","https://x.com/undefined/status/1125172572486656000","541657739",
"1124139213203460096","Sun May 05 22:56:48 +0000 2019","0","@jokowi 2 tahun langsung berbuah??? Apakah ini hoax","1125172523107139584","","jokowi","in","","0","0","0","https://x.com/undefined/status/1125172523107139584","1060378761596612608",
"1125153753135341568","Sun May 05 22:56:44 +0000 2019","0","@prabowo Selamat puasa juga pak !!","1125172503238696960","","prabowo","in","","0","0","0","https://x.com/undefined/status/1125172503238696960","198407927",
"1125153753135341568","Sun May 05 22:56:43 +0000 2019","0","@prabowo Aamiin ya allah","1125172502617944064","","prabowo","in","","0","0","0","https://x.com/undefined/status/1125172502617944064","1119185029077196800",
"1124961980404551682","Sun May 05 22:56:33 +0000 2019","2","@JuliWidiharto @aniesbaswedan @dey265 @prabowo Aamiin ya Allah","1125172460016422912","","JuliWidiharto","in","","0","0","0","https://x.com/undefined/status/1125172460016422912","1098435675399938048",
"1125153753135341568","Sun May 05 22:56:30 +0000 2019","1","@prabowo Siap... Jendral.. President 2019-2024 https://t.co/BFUYNOZKpu","1125172445403443200","https://pbs.twimg.com/media/D51qXudVUAAPRN0.jpg","prabowo","in","","0","0","1","https://x.com/undefined/status/1125172445403443200","757373172475842560",
"1125172438516453376","Sun May 05 22:56:28 +0000 2019","0","Udah tau kok... Pemilu Demokrasi emang alat kapitalis aja... Rakyat cuma slogan...udah pada sadar kan sekarang? Ayo BUANG DEMOKRASI..!","1125172438516453376","","","in","","0","0","0","https://x.com/undefined/status/1125172438516453376","1056889553703714817",
"1125172427275681792","Sun May 05 22:56:26 +0000 2019","2","Ini ada seruan utk diindahkan. Perhatian kt kpd kotak suara dan pengawalan perhitungan suara. Yg lain gak usah diambil pusing dulu..mau ahy pindahin ibu kota dll kek nanti kt urus setelah menang. #KawalKotakSuara","1125172427275681792","","","in","","0","0","2","https://x.com/undefined/status/1125172427275681792","375693091",
"1125153753135341568","Sun May 05 22:56:19 +0000 2019","0","@prabowo Amin ya rabb","1125172399010222080","","prabowo","in","","0","0","0","https://x.com/undefined/status/1125172399010222080","1122230548284395521",
"1124930369633972224","Sun May 05 22:56:15 +0000 2019","2","@tukang_pakang @muslimpribumi @jokowi Itu ditanam dr sejak jd walikota solo. Ngakunya proyek penghijauan di solo mintalah dana dr bank....marah lah bank dikiranya penghijauan di solo gak tahunya penghijauan dikebunnya sendiri di karang anyar pula...he he","1125172384460238848","","","in","","0","0","0","https://x.com/undefined/status/1125172384460238848","722056459",
"1125153753135341568","Sun May 05 22:56:12 +0000 2019","0","@prabowo Selamat berpuasa jg buat bpk 17 Ramadhan 1440H brtptan 22 May thn ini semoga Allah mengabulkan doa2 bpk mnjadi Presiden terpilih dgn Ridho Allah membawa bangsa ini ke pintu gerbang Adil Makmur brsm Rakyat yg sangat mencintai bpk walau bpk tdk mengenal km tp km mengenal bpk.","1125172370421891073","","prabowo","in","","0","0","0","https://x.com/undefined/status/1125172370421891073","89872552",
"1125172349857218560","Sun May 05 22:56:07 +0000 2019","0","Menantu pak Jokowi pemain game ML? Cek ID ML nya disini https://t.co/h1zZnPou3n","1125172349857218560","","","in","","0","0","1","https://x.com/undefined/status/1125172349857218560","538854927",
"1124531393625595904","Sun May 05 22:56:01 +0000 2019","0","@EmmySumangkut @GagahWicaksana @jokowi @prabowo @berteman_mari @Fahrihamzah @fadlizon @CintaNKRI12 @suwardihagani @Restcayah Kangi... #TNIBersamaRakyatDukungTNI","1125172325018562560","","EmmySumangkut","in","","0","0","0","https://x.com/undefined/status/1125172325018562560","1021329195329179648",
"1124932110786019328","Sun May 05 22:56:01 +0000 2019","1","@jokowi Kuma dewek we bebas da teu menta duit ka maneh ((Nanya nu teu penting))","1125172323936391168","","jokowi","in","","0","0","0","https://x.com/undefined/status/1125172323936391168","1109317619583062016",
"1124445999018139648","Sun May 05 22:55:51 +0000 2019","0","@MSApunya bodo amat seandainya yg di lantik 01 tapi ttp presiden kita mah Prabowo main kluar negri main kemanapun ada yg nanya presiden indonesia siapa Prabowo soalny dri 2014 juga kalo ada yg nanya presiden gw jawab prabowo presiden RI mah...","1125172283675299840","","MSApunya","in","","0","0","0","https://x.com/undefined/status/1125172283675299840","328414005",
"1124531393625595904","Sun May 05 22:55:37 +0000 2019","0","@GagahWicaksana @albertpanjaitn @jokowi @prabowo @berteman_mari @Fahrihamzah @fadlizon @CintaNKRI12 @suwardihagani @Restcayah jelas tdk pernah kuliah di kehutanan ugm...","1125172225378623488","","GagahWicaksana","in","","0","0","0","https://x.com/undefined/status/1125172225378623488","999123625709002753",
"1124932110786019328","Sun May 05 22:55:37 +0000 2019","0","@jokowi Mbok yao gae kudung to buuk...","1125172223336075265","","jokowi","in","","0","0","0","https://x.com/undefined/status/1125172223336075265","105087293",
"1125153753135341568","Sun May 05 22:55:30 +0000 2019","0","@prabowo Aamiin Yaa Robbal'alamiin semoga Bapak diberikan Kesehatan &amp; Perlindungan oleh Alloh SWT.","1125172194881839104","","prabowo","in","","0","0","0","https://x.com/undefined/status/1125172194881839104","1101138463963770880",
"1125153753135341568","Sun May 05 22:55:30 +0000 2019","13","@prabowo Aamiin Allahuma Aamiin Selamat Berpuasa juga Bpk Presidenku @prabowo Semoga membawa keberkahan utk kita semua. Aamiin #2019PrabowoPresidenRi https://t.co/FKG2uZuVGq","1125172194546315264","","prabowo","in","","0","0","1","https://x.com/undefined/status/1125172194546315264","989445142280003584",
"1125153753135341568","Sun May 05 22:55:28 +0000 2019","0","@prabowo aamiin bpk","1125172185583083520","","prabowo","in","","0","0","0","https://x.com/undefined/status/1125172185583083520","1123971489928294400",
"1125027323634257920","Sun May 05 22:55:12 +0000 2019","0","@jokowi Selamat menunaikan ibadah puasa 1440H semoga amal ibadah qita di terima Allah SWT pastinya kalo qita jujur &amp; meninggalkan semua larangan Allah SWT","1125172117710917632","","jokowi","in","","0","0","0","https://x.com/undefined/status/1125172117710917632","500704984",
"1125172106327498752","Sun May 05 22:55:09 +0000 2019","0","Jokowi menang di Solo 82% padahal 02 kampanye agamisnya sangat heboh di Solo.","1125172106327498752","","","in","","0","0","0","https://x.com/undefined/status/1125172106327498752","478630505",
"1125172086132047872","Sun May 05 22:55:04 +0000 2019","0","Yeay yeay....masih di 56% utk @jokowi","1125172086132047872","","","in","","0","0","0","https://x.com/undefined/status/1125172086132047872","250055168",
"1124893777611542528","Sun May 05 22:55:04 +0000 2019","0","@AsikinHidup @jokowi #SelamatRamadanPakJokowi Cece banjarmasin","1125172085846765568","","AsikinHidup","in","","0","0","0","https://x.com/undefined/status/1125172085846765568","950587930686373888",
"1124531393625595904","Sun May 05 22:55:02 +0000 2019","0","@President_kopi @GagahWicaksana @jokowi @prabowo @berteman_mari @Fahrihamzah @fadlizon @CintaNKRI12 @suwardihagani @Restcayah setdah..kangboong parah.","1125172077978214400","","PresidenKopi","in","","0","1","0","https://x.com/undefined/status/1125172077978214400","109600509",
"1125072221683105793","Sun May 05 22:54:57 +0000 2019","0","@sarmawan @AndiArief__ Ada kelompok 2 yg TDK bisa berkuasa bila demokrasi dihormati tahtanya kelompok ini menggusung teologi transnasional cara paling efektif ialah menciptakan chaos ....tergantung pak Prabowo cuma dimanfaatkan akan dibuang bila TDK dibutuhkan lagi.","1125172057849745409","","sarmawan","in","","0","0","1","https://x.com/undefined/status/1125172057849745409","88876470",
"1125071085144141825","Sun May 05 22:54:47 +0000 2019","31","@AndiArief__ @drdithadiana Gue tadinya mendukung demokrat bahkan berencana 2024 menjadikan AHY sebagai Capres tapi melihat orang2nya mudah goyah gak punya pendirian mohon maaf partai loe 2024 terjungkal. I am sorry yaa... ! ","1125172013646188544","","Andiarief__","in","","1","6","0","https://x.com/undefined/status/1125172013646188544","951343187691323392",
"1125171997393149952","Sun May 05 22:54:43 +0000 2019","0","Update Hasil Pilpres 2019 (06 May 2019 05:45:03) (01) JOKOWI/AMIN: 58.372.709 (+909) - 56.31% (0%) (02) PRABOWO/UNO: 45.282.587 (+1.304) - 43.69% (0%) Proses 550.296 (+9 / +0.0011%) TPS dari total 813.350 TPS dengan persentase 67.658%.","1125171997393149952","","","in","","0","0","0","https://x.com/undefined/status/1125171997393149952","1118732326769283072",
"1125024548619821067","Sun May 05 22:54:31 +0000 2019","0","@putrabanten80 Jelas2 penghitungan suara di saksikan saksi2 dari kedua paslon Klo di hitung ulang .... kalian tidak menghargai kerja keras KPU ... pembentukan KPU juga sudah terwakili dari masing2 partai pendukung... .... petugas yg gugur dalam melaksanakan pemilu ini adalah pahlawan demokrasi","1125171947879321600","","Oku__records","in","","0","0","0","https://x.com/undefined/status/1125171947879321600","1056166135010222080",
"1125153753135341568","Sun May 05 22:54:30 +0000 2019","0","@prabowo Amin. Terima kasih Pak Presiden","1125171944251318272","","prabowo","in","","0","0","0","https://x.com/undefined/status/1125171944251318272","1028205945778659328",
"1124868103597199360","Sun May 05 22:54:27 +0000 2019","0","@setkabgoid @jokowi Arahan Presiden jelas dan tegas. Aparatur negara hrs dpt laksanakan tugasnya sesuai aturan hukum dng penuh tggjwb. Tertibkan. Itu yg adil.","1125171930577817602","","setkabgoid","in","","0","0","0","https://x.com/undefined/status/1125171930577817602","835143624769691649",
"1124928874360471552","Sun May 05 22:54:25 +0000 2019","0","@Catatansiboim @dedopratama @detikcom Orang ber-etika ga bakalan ikutan jadi sinting. Bukti lu yg beribu ribu juga buatan lu sendiri. Sama seperti deklarasi kemenangan Dan sujud syukur. Ngaku menang dgn angka lucu tapi nuduh curang. Jadi menang dari mana? Eh jadi minta pemilu ulang ","1125171919764979713","","Catatansiboim","in","","0","1","0","https://x.com/undefined/status/1125171919764979713","974138870",
"1125171856498089985","Sun May 05 22:54:09 +0000 2019","0","Baguslah keNAPA harus tunggu nanti JOKOWI MA'RUF 2019 -2024","1125171856498089985","","","in","","0","0","0","https://x.com/undefined/status/1125171856498089985","982111314481823744",
"1125053503733243905","Sun May 05 22:54:06 +0000 2019","4","@KingPurwa @RH4nd0k0 @prabowo Padahal pak harto dulu sudah jalan tiap desa ada KUD skaligus sebagai gudang pertanian fisiknyapun ada yg masih ada yg udah hilang klo sekarang gudang bulog udh mencep2 stoknya tapi masih aja impor opo gak gemblung terlalu banyak pejabat cari keuntungan dg jadi maklar impor.","1125171842514219010","","KingPurwa","in","","0","0","3","https://x.com/undefined/status/1125171842514219010","912292045313548288",
"1125153753135341568","Sun May 05 22:54:06 +0000 2019","0","@prabowo Aamiin Ya Rabb","1125171840471539713","","prabowo","in","","0","0","0","https://x.com/undefined/status/1125171840471539713","961505799812993024",
"1124962449159901184","Sun May 05 22:54:00 +0000 2019","0","@VIVAcoid Setahu saya sampai sekarang belum ada komentar apapun dari Pak Jokowi. Mungkinkah ditetapkan sebagai bencana?.","1125171816492716032","","VIVAcoid","in","","0","0","0","https://x.com/undefined/status/1125171816492716032","1022966897367638016",
"1125171111887495168","Sun May 05 22:53:55 +0000 2019","1","@BinSukamdo @prabowo Jadikan aku satu diantaranya...berjuang krn fatwa ulama..bkn fanatisme semata #TNIBersamaRakyatDukungTNI","1125171794942423040","","ndoel_____","in","","0","0","0","https://x.com/undefined/status/1125171794942423040","963337775020822530",
"1125153753135341568","Sun May 05 22:53:54 +0000 2019","0","@prabowo Sabar ya Pak atas kekalahannya","1125171793537294336","","prabowo","in","","0","0","0","https://x.com/undefined/status/1125171793537294336","2782277203",
"1124964330984726533","Sun May 05 22:53:48 +0000 2019","0","@EndangPRS @jokowi kelewatt cerdass","1125171764776931328","","EndangPRS","in","","0","0","0","https://x.com/undefined/status/1125171764776931328","3314183935",
"1124981723345969152","Sun May 05 22:53:40 +0000 2019","1","@AdvokatBS @Junior_alfis @SBYudhoyono Semoga pak Prabowo tidak masuk jebakan batman lagi. Rakyat sudah cerdas!","1125171731629395968","","AdvokatBS","in","","0","0","0","https://x.com/undefined/status/1125171731629395968","187456123",
"1125171730996051968","Sun May 05 22:53:40 +0000 2019","1562","Kabar Baru-Tim IT BPN Prabowo Sandi Bongkar Pengaturan ENTRY Data WEB KPU dan Hasil Quick Count https://t.co/k3yzkSfvCx Ada tangan2 perkasa yg bs entri data dan kpu sengaja diam @KPU_ID ayo buktikan bahwa info ini ga bener dengan merujuk data yg di berikan ini #StopSitungKPU","1125171730996051968","","","in","","35","42","855","https://x.com/undefined/status/1125171730996051968","109600509",
