"conversation_id_str","created_at","favorite_count","full_text","id_str","image_url","in_reply_to_screen_name","lang","location","quote_count","reply_count","retweet_count","tweet_url","user_id_str","username"
"2026896342262620615","Thu Feb 26 06:43:08 +0000 2026","0","@anakserapung @ch_chotimah2 ga Jokowi ga makan dia bang","2026910889702731790","","anakserapung","in","","0","0","0","https://x.com/undefined/status/2026910889702731790","1935295401118285826",
"2022094561313796250","Thu Feb 26 06:43:06 +0000 2026","0","@Gieehad Bayar Pajak lalu dikorupsi pejabat klo negara butuh duit harusnya minta sama pejabat yg korup jangan sama masyarakat yang sudah raji bayar pajak @prabowo @kompascom dukung program miskinkan koruptor!","2026910880403960264","","Gieehad","in","","0","0","0","https://x.com/undefined/status/2026910880403960264","1884271507234512901",
"2026910851782029408","Thu Feb 26 06:42:59 +0000 2026","1","Suasana Ramadan terasa hangat di depan Mabes Polri Jakarta Selatan saat Kapolri Jenderal Polisi Drs. Listyo Sigit Prabowo https://t.co/7foJGmxRX8. turun langsung membagikan takjil kepada para pengendara yang melintas.#BerlombaBerbagiKebaikan https://t.co/GStfS2SUxK","2026910851782029408","https://pbs.twimg.com/amplify_video_thumb/2026910387984302080/img/k6MLafutx1AGkc3n.jpg","","in","","0","0","0","https://x.com/undefined/status/2026910851782029408","1589306233743642624",
"2026527032197411024","Thu Feb 26 06:42:58 +0000 2026","0","@FayaAtika @afif_lmg @prabowo Viralkeunnnn ‼️ viralkeunnnn ‼️ viralkeunnnn ‼️","2026910844538523870","","FayaAtika","fi","","0","0","0","https://x.com/undefined/status/2026910844538523870","911762513473048577",
"2026796599717118206","Thu Feb 26 06:42:51 +0000 2026","0","@dragonbad290 @geloraco Ya pernyataan Ichsanuddin Noorsy itu benar dia ucapkan kemarin (25/2/2026). Dia kritik Agreement on Reciprocal Trade (ART) yang ditandatangani Prabowo-Trump 19 Feb karena mewajibkan Indonesia impor barang AS tarif 0% (contoh: daging babi 3.000 ton/tahun pakaian bekas dll).","2026910816931320023","","dragonbad290","in","","0","0","0","https://x.com/undefined/status/2026910816931320023","1720665183188922368",
"2026910816713454088","Thu Feb 26 06:42:51 +0000 2026","0","Dalam upaya mempercepat pertumbuhan ekonomi nasional Presiden Prabowo melakukan kunjungan kerja ke Uni Emirat Arab. Pertemuan ini dijadwalkan untuk membahas penguatan kerja sama strategis (sinergi) di berbagai bidang ekonomi. #PresidenKhatulistiwa https://t.co/IeeC1N3IRx","2026910816713454088","https://pbs.twimg.com/media/HCEIoeLaMAA-18L.jpg","","in","","0","0","0","https://x.com/undefined/status/2026910816713454088","1751074612178493440",
"2026910816176685249","Thu Feb 26 06:42:51 +0000 2026","0","Sore yang hangat Kapolri Jenderal Polisi Drs. Listyo Sigit Prabowo https://t.co/Jl2HEr1wYq. menyapa langsung para pejuang rupiah dan berbagi sedikit rezeki untuk membatalkan puasa. https://t.co/xdh2ZCM154","2026910816176685249","https://pbs.twimg.com/media/HCEIpWCaMAIbOh0.jpg","","in","","0","0","0","https://x.com/undefined/status/2026910816176685249","1197013912593395713",
"2026910797583290825","Thu Feb 26 06:42:46 +0000 2026","0","Prabowo Bertemu Raja Yordania Bahas Komitmen Indonesia untuk Perdamaian Palestina https://t.co/I4JJs3u6AK","2026910797583290825","","","in","","0","0","0","https://x.com/undefined/status/2026910797583290825","1947698074547326977",
"2026595365513048212","Thu Feb 26 06:42:40 +0000 2026","0","@somexthread Ini pas lagi mode prabowo..","2026910770664190037","","somexthread","in","","0","0","0","https://x.com/undefined/status/2026910770664190037","1966489735452557312",
"2023624989132681612","Thu Feb 26 06:42:40 +0000 2026","0","@prabowo 🇮🇩️","2026910769678598505","","prabowo","qme","","0","0","0","https://x.com/undefined/status/2026910769678598505","382522068",
"2026910753308213308","Thu Feb 26 06:42:36 +0000 2026","0","@menuembegejelek MBG yang diterima SMPN 1 TRENGGALEK pada 26/2/2026 @prabowo @Gerindra https://t.co/mUbzXdhnuX","2026910753308213308","https://pbs.twimg.com/media/HCEIlo9agAAzQGp.jpg","menuembegejelek","in","","0","0","0","https://x.com/undefined/status/2026910753308213308","842759988",
"2026771267991351572","Thu Feb 26 06:42:36 +0000 2026","0","@toe_giman Ini program kebanggaan kalian @prabowo @bang_dasco @fadlizon @habiburokhman","2026910752410579150","","toe_giman","in","","0","0","0","https://x.com/undefined/status/2026910752410579150","1606259742388629505",
"2026910750489588231","Thu Feb 26 06:42:35 +0000 2026","0","Pernyataan tersebut disampaikan oleh Kapolri Listyo Sigit Prabowo saat kegiatan buka puasa bersama awak media pada Rabu (25/2). momen ini bukan sekadar ajang silaturahmi tetapi juga menjadi ruang memperkuat sinergi antara Polri dan insan pers. #BerlombaBerbagiKebaikan","2026910750489588231","","","in","","0","0","0","https://x.com/undefined/status/2026910750489588231","1460426424699932673",
"2026910728666616209","Thu Feb 26 06:42:30 +0000 2026","0","Kapolri Jenderal Polisi Drs. Listyo Sigit Prabowo https://t.co/LZ2EkcfI4I. menyapa langsung para pejuang rupiah dan berbagi sedikit rezeki untuk membatalkan puasa. Bukan tentang seberapa mewah bingkisan yang diserahkan melainkan seberapa ikhlas niat yang ditanamkan. https://t.co/RiUwSrcq62","2026910728666616209","https://pbs.twimg.com/media/HCEIj14a8AA9-zg.jpg","","in","","0","0","0","https://x.com/undefined/status/2026910728666616209","1396676064789762049",
"2026749601672233139","Thu Feb 26 06:42:29 +0000 2026","0","@TasnimIdriss @omarsuleiman @prabowo @Menlu_RI @PKSejahtera @liamcunningham1","2026910726288486522","","TasnimIdriss","qam","","0","0","0","https://x.com/undefined/status/2026910726288486522","72501663",
"2026891388827349140","Thu Feb 26 06:42:29 +0000 2026","0","@detikfinance @prabowo suka sama teman yg duka main pukul ","2026910723327336819","","detikfinance","in","","0","0","0","https://x.com/undefined/status/2026910723327336819","1134851203924316161",
"2026910669791179249","Thu Feb 26 06:42:21 +0000 2026","0","Dalam suasana hangat dan penuh keakraban Presiden Prabowo menyampaikan apresiasi atas sambutan yang diberikan serta menyebut Yordania Hasyimiah sebagai rumah keduanya.","2026910690804642040","","golbachgoals","in","","0","1","0","https://x.com/undefined/status/2026910690804642040","909824927695589376",
"2026910689257038244","Thu Feb 26 06:42:21 +0000 2026","0","Jelang berbuka puasa Kapolri Jenderal Polisi Drs. Listyo Sigit Prabowo https://t.co/Bcsk5VvPrn. beserta Pejabat Utama Mabes Polri membagikan 500 paket takjil kepada masyarakat para pengendara yang melintas di jalan utama Mabes Polri Jakarta Selatan. #BerlombaBerbagiKebaikan https://t.co/N3dF81bIwh","2026910689257038244","https://pbs.twimg.com/ext_tw_video_thumb/2026910616020201472/pu/img/8b0DefRZU7xZTplh.jpg","","in","","0","0","0","https://x.com/undefined/status/2026910689257038244","1174442132196622338",
"2026910669791179249","Thu Feb 26 06:42:19 +0000 2026","0","Lebih lanjut Presiden Prabowo menjelaskan bahwa keterlibatan Indonesia dalam Board of Peace serta dukungan terhadap rencana 20 poin yang diinisiasi","2026910683447939261","","golbachgoals","in","","0","1","0","https://x.com/undefined/status/2026910683447939261","909824927695589376",
"2026910669791179249","Thu Feb 26 06:42:19 +0000 2026","0"," Ya Indonesia berkomitmen untuk melakukan apa pun yang dapat kami lakukan demi tercapainya solusi yang langgeng dan menurut pandangan kami satu-satunya solusi yang benar-benar berkelanjutan adalah solusi dua negara dengan Palestina yang merdeka ujar Presiden Prabowo.","2026910681149354297","","golbachgoals","in","","0","1","0","https://x.com/undefined/status/2026910681149354297","909824927695589376",
"2026910669791179249","Thu Feb 26 06:42:18 +0000 2026","0","Presiden Prabowo menegaskan bahwa Indonesia siap melakukan berbagai upaya konkret untuk mendorong tercapainya solusi damai yang langgeng.","2026910676669849838","","golbachgoals","in","","0","1","0","https://x.com/undefined/status/2026910676669849838","909824927695589376",
"2026910669791179249","Thu Feb 26 06:42:17 +0000 2026","0","Hal tersebut disampaikan Presiden Prabowo dalam pengantar pertemuan bilateral dengan Raja Kerajaan Yordania Hasyimiah Raja Abdullah II ibn Al Hussein di Istana Basman Amman pada Rabu 25 Februari 2026","2026910674329416194","","golbachgoals","in","","0","1","0","https://x.com/undefined/status/2026910674329416194","909824927695589376",
"2026910669791179249","Thu Feb 26 06:42:17 +0000 2026","0","Presiden Republik Indonesia Prabowo Subianto menegaskan komitmen kuat Indonesia untuk terus berkontribusi dalam mewujudkan perdamaian yang berkelanjutan di kawasan Timur Tengah khususnya terkait konflik Palestina.","2026910672098046017","","golbachgoals","in","","0","1","0","https://x.com/undefined/status/2026910672098046017","909824927695589376",
"2026910669791179249","Thu Feb 26 06:42:16 +0000 2026","0","Presiden Prabowo Tegaskan Komitmen Indonesia Perjuangkan Solusi Dua Negara dalam Pertemuan Bilateral dengan Raja Abdullah II #prabowosubianto #KabinetMerahPutih https://t.co/Tj1AplZjWA","2026910669791179249","","","in","","0","1","0","https://x.com/undefined/status/2026910669791179249","909824927695589376",
"2026910647846592779","Thu Feb 26 06:42:11 +0000 2026","0","Sore yang hangat Kapolri Jenderal Polisi Drs. Listyo Sigit Prabowo https://t.co/rPeP6KFYUi. menyapa langsung para pejuang rupiah dan berbagi sedikit rezeki untuk membatalkan puasa. Bukan tentang seberapa mewah bingkisan yang diserahkan melainkan seberapa ikhlas niat yang https://t.co/GT0Jruu1D1","2026910647846592779","https://pbs.twimg.com/media/HCEIfgebcAAmvNE.jpg","","in","","0","0","0","https://x.com/undefined/status/2026910647846592779","1456491931945496576",
"2026909775414571216","Thu Feb 26 06:42:08 +0000 2026","0","@ch_chotimah2 @prabowo @mohmahfudmd Lagi Lagi ganti KAPOLRI ga ada solusi lain mas Andi? lagian kenapa sih harus tag pak @prabowo ? beliau aja menilai kinerja KAPOLRI bagus dan bakal dikasih bintang tanda jasa kok https://t.co/7W34WfG6ZZ","2026910636320698742","https://pbs.twimg.com/media/HCEIe3saMAMOkwE.png","ch_chotimah2","in","","0","0","0","https://x.com/undefined/status/2026910636320698742","1935295401118285826",
"2026910622135501310","Thu Feb 26 06:42:05 +0000 2026","0","(((YAYASAN PRABOWO SUBIANTO DJOJOHADIKUSUMO)))","2026910622135501310","","","in","","0","0","0","https://x.com/undefined/status/2026910622135501310","2975533087",
"2026910613369401507","Thu Feb 26 06:42:03 +0000 2026","0","Presiden Prabowo hadir membangun tradisi dan infrastruktur Aceh bangga #AcehMerahPutih selalu setia bersama rakyatnya https://t.co/1MuZkVwA1H","2026910613369401507","https://pbs.twimg.com/ext_tw_video_thumb/2026910547263016960/pu/img/hIj-x54RUGdqi15F.jpg","","in","","0","0","0","https://x.com/undefined/status/2026910613369401507","2026142603641806848",
"2026910594637722062","Thu Feb 26 06:41:58 +0000 2026","0","Hantu Hambalang menjelma menjadi kebo","2026910594637722062","","","in","","0","0","0","https://x.com/undefined/status/2026910594637722062","1589069016488116224",
"2026910587427651777","Thu Feb 26 06:41:56 +0000 2026","0","kpan lagi yekan ke luar negri gratis","2026910587427651777","","","in","","0","0","0","https://x.com/undefined/status/2026910587427651777","1120127998529654785",
"2026899598753882495","Thu Feb 26 06:41:53 +0000 2026","0","@phainonf @refleyction HIDUP JOKOWI","2026910574471455165","","phainonf","in","","0","0","0","https://x.com/undefined/status/2026910574471455165","1424685876131422212",
"2026910571871035507","Thu Feb 26 06:41:53 +0000 2026","0","Kapolri Jenderal Polisi Drs. Listyo Sigit Prabowo https://t.co/3roa5v6qzh. menggelar buka puasa bersama insan pers di Gedung Rupattama Mabes Polri Jakarta Selatan Rabu (25/2). Polri Terus Berkomitmen Wujudkan Kebaikan Ramadhan dan #BerlombaBerbagiKebaikan untuk Masyarakat https://t.co/QMmDBrCNBG","2026910571871035507","https://pbs.twimg.com/ext_tw_video_thumb/2026910496046329862/pu/img/WUHlBwjwhhTaL11p.jpg","","in","","0","0","0","https://x.com/undefined/status/2026910571871035507","1516952425755660288",
"2026910569484496991","Thu Feb 26 06:41:52 +0000 2026","0","Dia benci rakyatnya ke?","2026910569484496991","","","in","","0","0","0","https://x.com/undefined/status/2026910569484496991","1485948679614005250",
"2026535189577637934","Thu Feb 26 06:41:51 +0000 2026","0","@regar_op0sisi @prabowo @gibran_tweet Bukan tergantung yg milih... tpi trgantung yg memproses suara","2026910564287656257","","regar_op0sisi","in","","0","0","0","https://x.com/undefined/status/2026910564287656257","943411668620419073",
"2026905472520077663","Thu Feb 26 06:41:43 +0000 2026","0","@eggfyolk Kaget ga lu pas musim pemilu kmren mukanya dimana2","2026910530536128949","","eggfyolk","in","","0","0","0","https://x.com/undefined/status/2026910530536128949","1568223079",
"2026403172168986910","Thu Feb 26 06:41:38 +0000 2026","0","@EviDrajat @RickyKardjono @DudeRafay60339 @PrabawantaSri @DoankWarto @prabowo @feroferraferri @Hermoyliana @VerenaSusilowa1 @groobaag @jokowi @DedynurPalakka @DianSandiU @Dyananjani89 @Anak__Ogi @Franken_blues @OmpungGuru @SmileyNDeLight @B4r4_Akb4r Mahasuhuku @RickyKardjono bukan panas²in tp mndingin²kan loh","2026910511082991677","","EviDrajat","in","","0","0","0","https://x.com/undefined/status/2026910511082991677","1741650995313295360",
"2026802711891726744","Thu Feb 26 06:41:38 +0000 2026","1","@menuembegejelek Presiden @prabowo Wakil Presiden @gibran_tweet @setkabgoid @DPR_RI @Gerindra @KemenkesRI @BPOM_RI #LanjutkanMBG Laporkan Hotline MBG SAGI 127 buka 24 jam","2026910508817981650","","menuembegejelek","in","","0","0","0","https://x.com/undefined/status/2026910508817981650","2004433006661193728",
"2026910491239658001","Thu Feb 26 06:41:33 +0000 2026","0","Pakkk baca pak ","2026910491239658001","","","in","","0","0","0","https://x.com/undefined/status/2026910491239658001","486481015",
"2026403172168986910","Thu Feb 26 06:41:26 +0000 2026","0","@DoankWarto Kalau aku mau bilang jangan. Trus apa aku bisa hentikan?... Dari pada darah naik gue biarin aja.... Intinya gue pakek kuasa aku saat pemilu kedepan....","2026910458146598934","","DoankWarto","in","","0","0","0","https://x.com/undefined/status/2026910458146598934","539590733",
"2026910455030239594","Thu Feb 26 06:41:25 +0000 2026","0","Akun X Prabowo Subianto Belum Beri Ucapan Selamat Ramadan Warganet: Puasa Sudah Hari ke-6! https://t.co/PotKLCmSTH","2026910455030239594","","","in","","0","0","0","https://x.com/undefined/status/2026910455030239594","351610300",
"2026910443378454690","Thu Feb 26 06:41:22 +0000 2026","1","Jam segini liat bapao kaya liat prabowo..","2026910443378454690","","","in","","0","0","0","https://x.com/undefined/status/2026910443378454690","536414283",
"2026910414303617477","Thu Feb 26 06:41:15 +0000 2026","0","Ngucapin selamat ramadhan aja kagak tapi pengen ngembat zakat. Zakat itu kan buat yg mustahak sedangkan tu duit embege aja lebih banyak ngalir ke orang kaya (yg punya dapur) https://t.co/soQhAHrbdq","2026910414303617477","https://pbs.twimg.com/media/HCEIR7kaQAAS3om.jpg","","in","","0","0","0","https://x.com/undefined/status/2026910414303617477","2593701722",
"2026802711891726744","Thu Feb 26 06:41:13 +0000 2026","1","@menuembegejelek Presiden @prabowo Wakil Presiden @gibran_tweet @setkabgoid @DPR_RI @Gerindra @KemenkesRI @BPOM_RI #LanjutkanMBG Laporkan Hotline MBG SAGI 127 buka 24 jam","2026910404027494443","","menuembegejelek","in","","0","0","1","https://x.com/undefined/status/2026910404027494443","2004433006661193728",
"2026910381478916390","Thu Feb 26 06:41:07 +0000 2026","0","Jelang berbuka puasa Kapolri Jenderal Polisi Drs. Listyo Sigit Prabowo https://t.co/DQH06HsNSQ. beserta Pejabat Utama Mabes Polri membagikan 500 paket takjil kepada masyarakat dan para pengendara yang melintas di jalan utama Mabes Polri Jakarta Selatan. https://t.co/Q5HMeGIweb","2026910381478916390","https://pbs.twimg.com/amplify_video_thumb/2026910342543183872/img/j3QtlHFB-M4w1sD-.jpg","","in","","0","0","0","https://x.com/undefined/status/2026910381478916390","918683660248793088",
"2026910370934436039","Thu Feb 26 06:41:05 +0000 2026","0","Kapolri Jenderal Polisi Drs. Listyo Sigit Prabowo https://t.co/Bcsk5VvPrn. menggelar buka puasa bersama insan pers di Gedung Rupattama Mabes Polri Jakarta Selatan Rabu (25/2). #BerlombaBerbagiKebaikan untuk Masyarakat https://t.co/zZGT6dIxBQ","2026910370934436039","https://pbs.twimg.com/ext_tw_video_thumb/2026910304869969921/pu/img/vEYRRbtmfBsm-ZFj.jpg","","in","","0","0","0","https://x.com/undefined/status/2026910370934436039","1174442132196622338",
"2026910364949266630","Thu Feb 26 06:41:03 +0000 2026","0","Profil Karen Brooks: Eks Diplomat AS yang Disebut Dekat dengan Prabowo dan Sorotan Proyek Way Kambas https://t.co/hF4prJ8SHa","2026910364949266630","","","in","","0","0","0","https://x.com/undefined/status/2026910364949266630","1446709445581361159",
"2026877123609428449","Thu Feb 26 06:41:01 +0000 2026","0","@zoelfick Dijajah amerika kok mau aja mbah @prabowo Hai semut ambil semut ambil abu bernyanyi","2026910353863618752","","zoelfick","in","","0","0","0","https://x.com/undefined/status/2026910353863618752","1912031446191226880",
"2026910345030431059","Thu Feb 26 06:40:59 +0000 2026","0","mentang-mentang ngurus negara sendiri gagal dia malah mau ngurusin (ngancurin) negara orang","2026910345030431059","","","in","","0","0","0","https://x.com/undefined/status/2026910345030431059","1682382701268017158",
"2026893157909278989","Thu Feb 26 06:40:33 +0000 2026","0","@bengkeldodo @jokowi @xquitavee @Minietweets_ ","2026910238075748487","","bengkeldodo","qme","","0","0","0","https://x.com/undefined/status/2026910238075748487","1299521463150542849",
"2026888244349301191","Thu Feb 26 06:40:31 +0000 2026","0","@TeddGus @prabowo @gibran_tweet Kesetnya soekarno-hatta","2026910227732611483","","TeddGus","in","","0","0","0","https://x.com/undefined/status/2026910227732611483","1446641146181025793",
"2026910224238665984","Thu Feb 26 06:40:30 +0000 2026","0","COOKKKK WKWKWKWKWKWWKK","2026910224238665984","","","in","","0","0","0","https://x.com/undefined/status/2026910224238665984","973506132030373888",
"2026910207373455684","Thu Feb 26 06:40:26 +0000 2026","0","woojin j nya jokowi️","2026910207373455684","","","in","","0","0","0","https://x.com/undefined/status/2026910207373455684","2005134885854609414",
"2026641193694801973","Thu Feb 26 06:40:24 +0000 2026","0","@tham878 TIRORIS itu kek nya sdh akut banget sama pak @jokowi Kek nya sehari gk bahas bisa mati tuh org keder ","2026910198271795204","","tham878","in","","0","0","0","https://x.com/undefined/status/2026910198271795204","1435248224634241030",
"2026910191137206478","Thu Feb 26 06:40:22 +0000 2026","0","Besok genap 14 hari hasil sidang @KIPusat menangkan gugatan Bonjowi Akan banding? Atau ngasih yg diminta? Yuk kita tunggu ","2026910191137206478","","","in","","0","0","0","https://x.com/undefined/status/2026910191137206478","2908675710",
"2026910171843407887","Thu Feb 26 06:40:17 +0000 2026","0","Jelang berbuka puasa Kapolri Jenderal Polisi Drs. Listyo Sigit Prabowo https://t.co/tbk4umb1q4. beserta Pejabat Utama Mabes Polri membagikan 500 paket takjil kepada masyarakat dan para pengendara yang melintas #BerlombaBerbagiKebaikan untuk Masyarakat https://t.co/CfbdvTgEWc","2026910171843407887","https://pbs.twimg.com/amplify_video_thumb/2026910082315988994/img/n2TDub4yslU2w0gL.jpg","","in","","0","0","0","https://x.com/undefined/status/2026910171843407887","1600412288669822976",
"2026565772492103833","Thu Feb 26 06:40:00 +0000 2026","0","@Mdy_Asmara1701 @prabowo @Gerindra Di banding WNI penerima LPDP yg viral itu lebih merugikan mana min dg yg ini?","2026910098275377652","","Mdy_Asmara1701","in","","0","0","0","https://x.com/undefined/status/2026910098275377652","1741052518736785408",
"2026910087688892464","Thu Feb 26 06:39:57 +0000 2026","0","Sore yang hangat Kapolri Jenderal Polisi Drs. Listyo Sigit Prabowo https://t.co/MphqPhIOL0. menyapa langsung para pejuang rupiah dan berbagi sedikit rezeki utk membatalkan puasa. Bkn tentang seberapa mewah bingkisan yg diserahkan melainkan seberapa ikhlas niat yang ditanamkan https://t.co/1c6u88Wy1n","2026910087688892464","https://pbs.twimg.com/media/HCEH-2ob0AAzHCx.jpg","","in","","0","0","0","https://x.com/undefined/status/2026910087688892464","1933502480014585862",
"2026910086270959863","Thu Feb 26 06:39:57 +0000 2026","0","LA illaaha illallaaah uhuhuhh https://t.co/OMsifsRv6d","2026910086270959863","https://pbs.twimg.com/amplify_video_thumb/2026910030025367553/img/H5s1r58SpYwy2HMs.jpg","","et","","0","0","0","https://x.com/undefined/status/2026910086270959863","135054698",
"2026910080499855475","Thu Feb 26 06:39:56 +0000 2026","0","","2026910080499855475","","","art","","0","0","0","https://x.com/undefined/status/2026910080499855475","1073709617929015296",
"2026910075089203429","Thu Feb 26 06:39:54 +0000 2026","0","Suasana Ramadan terasa hangat di depan Mabes Polri Jakarta Selatan saat Kapolri Jenderal Polisi Drs. Listyo Sigit Prabowo https://t.co/ANZLLVAEuc. turun langsung membagikan takjil kepada para pengendara yang melintas. Kapolri menyapa warga sekaligus menyerahkan bingkisan https://t.co/FwDwURFxIr","2026910075089203429","https://pbs.twimg.com/media/HCEHu4HawAACZzh.jpg","","in","","0","0","0","https://x.com/undefined/status/2026910075089203429","1387264474353061889",
"2026652645294039140","Thu Feb 26 06:39:52 +0000 2026","0","@Jateng_Twit @erry_hugo Ini program kebanggaan kalian @prabowo @bang_dasco @fadlizon @habiburokhman","2026910065295503386","","Jateng_Twit","in","","0","0","0","https://x.com/undefined/status/2026910065295503386","1606259742388629505",
"2026910058144215223","Thu Feb 26 06:39:50 +0000 2026","0","Presiden Prabowo-Raja Yordania soroti situasi Gaza dorong solusi dua negara. #PresidenKhatulistiwa https://t.co/UKSn7YhXdC","2026910058144215223","https://pbs.twimg.com/amplify_video_thumb/2026909925696491520/img/XGKmLrtYyNqPHWDx.jpg","","in","","0","0","0","https://x.com/undefined/status/2026910058144215223","1750773062352748544",
"2026909997167423602","Thu Feb 26 06:39:36 +0000 2026","0","Potret Prabowo Tiba di Abu Dhabi Bersiap untuk Temui MBZ https://t.co/ujcO9ABh2y #PrabowoSubianto #KabinetMerahPutih","2026909997167423602","","","in","","0","1","0","https://x.com/undefined/status/2026909997167423602","2026835503610474496",
"2026909976216981900","Thu Feb 26 06:39:31 +0000 2026","0","Kapolri Jenderal Polisi Drs. Listyo Sigit Prabowo https://t.co/Jl2HEr1wYq. menggelar kegiatan buka puasa bersama insan pers sebagai bentuk mempererat silaturahmi sekaligus memperkuat sinergi antara Polri dan media https://t.co/wAPdU4A7WW","2026909976216981900","https://pbs.twimg.com/media/HCEH4S9agAAcrjm.jpg","","in","","0","0","0","https://x.com/undefined/status/2026909976216981900","1197013912593395713",
"2026909955622842838","Thu Feb 26 06:39:26 +0000 2026","0","Kapolri Jenderal Polisi Drs. Listyo Sigit Prabowo https://t.co/DQH06HsNSQ. menggelar buka puasa bersama insan pers di Gedung Rupattama Mabes Polri Jakarta Selatan Rabu (25/2). Kegiatan ini menjadi momen silaturahmi sekaligus penguatan sinergi antara Polri dan media https://t.co/KPU7qlEoAY","2026909955622842838","https://pbs.twimg.com/amplify_video_thumb/2026909884495904768/img/M7zyzmRB0APfjWup.jpg","","in","","0","0","0","https://x.com/undefined/status/2026909955622842838","918683660248793088",
"2026909950681952664","Thu Feb 26 06:39:25 +0000 2026","0","Sore yang hangat Kapolri Jenderal Polisi Drs. Listyo Sigit Prabowo https://t.co/7oTY2SlGM9. menyapa langsung para pejuang rupiah dan berbagi sedikit rezeki untuk membatalkan puasa. #BerlombaBerbagiKebaikan https://t.co/rfUqwY0901","2026909950681952664","https://pbs.twimg.com/media/HCEHx-WaMAAqLEL.jpg","","in","","0","0","0","https://x.com/undefined/status/2026909950681952664","1582775347266740229",
"2026909928137568431","Thu Feb 26 06:39:19 +0000 2026","0","DIH???","2026909928137568431","","","qst","","0","0","0","https://x.com/undefined/status/2026909928137568431","1513199533546631169",
"2026909922424975493","Thu Feb 26 06:39:18 +0000 2026","0","Pernyataan tersebut disampaikan oleh Kapolri Listyo Sigit Prabowo saat kegiatan buka puasa bersama awak media pada Rabu (25/2). Dalam suasana Ramadan yang penuh kebersamaan momen ini bukan sekadar ajang silaturahmi tetapi juga menjadi ruang memperkuat sinergi antara Polri https://t.co/DPKr7GulLJ","2026909922424975493","https://pbs.twimg.com/media/HCEH1O_aMAIJmrx.jpg","","in","","0","0","0","https://x.com/undefined/status/2026909922424975493","1456491931945496576",
"2026909920487157818","Thu Feb 26 06:39:17 +0000 2026","0","Cinta asing rakyat sendiri adalah musuh","2026909920487157818","","","in","","0","0","0","https://x.com/undefined/status/2026909920487157818","445302092",
"2026909911830114688","Thu Feb 26 06:39:15 +0000 2026","0","Presiden Prabowo Subianto melakukan pertemuan strategis dengan Raja Yordania untuk memperkuat komitmen bilateral dalam mencari solusi perdamaian bagi Palestina. #PresidenKhatulistiwa https://t.co/Vc0eWiSv8D","2026909911830114688","https://pbs.twimg.com/media/HCEHzzOaUAAFb_f.jpg","","in","","0","0","0","https://x.com/undefined/status/2026909911830114688","1750773062352748544",
"2026909896017641756","Thu Feb 26 06:39:12 +0000 2026","1","Sekretaris Jenderal Partai Nasdem Hermawi Taslim menilai aturan Undang-Undang Pemilihan Umum (UU Pemilu) saat ini tidak melanggengkan tindakan nepotisme. Baca di sini: https://t.co/xn12hKLda4 ~AA #UU #Pemilu #Nepotisme https://t.co/Cdr9UblC8e","2026909896017641756","https://pbs.twimg.com/media/HCEHzRjb0AA_9BJ.jpg","","in","","0","0","1","https://x.com/undefined/status/2026909896017641756","23343960",
"2026909842812842264","Thu Feb 26 06:38:59 +0000 2026","0","Dg ttd bop berarti sudah bukan sekedar potensi","2026909842812842264","","","in","","0","0","0","https://x.com/undefined/status/2026909842812842264","286414340",
"2026462165176397834","Thu Feb 26 06:38:59 +0000 2026","0","@DS_yantie Ini tidak lebih dari sekedar mencari keuntungan buat koorporasi sama persisi sepeti impor pesawat murah yg akhirnya di beli oleh prabowo waktu masih jadi menhan nggak lebih itu kita rakyat dikadalinsama.penguasa","2026909841865015712","","DS_yantie","in","","0","0","0","https://x.com/undefined/status/2026909841865015712","1668942691256901632",
"2026909826434121891","Thu Feb 26 06:38:55 +0000 2026","0","Jelang berbuka puasa Kapolri Jenderal Polisi Drs. Listyo Sigit Prabowo https://t.co/qH3tyQgHtL. beserta Pejabat Utama Mabes Polri membagikan 500 paket takjil kepada masyarakat dan para pengendara yang melintas di jalan utama Mabes Polri Jakarta Selatan. https://t.co/H24Zc8vsC2","2026909826434121891","https://pbs.twimg.com/ext_tw_video_thumb/2026909769878142976/pu/img/WL9DfFDyRB0C11ZF.jpg","","in","","0","0","0","https://x.com/undefined/status/2026909826434121891","1303144388",
"2026909805563285548","Thu Feb 26 06:38:52 +0000 2026","0","Setelah menyelesaikan agenda di Amerika Serikat Prabowo bertolak ke London. Pada Senin (23/2/2026) Kepala Negara menyaksikan penandatanganan perjanjian kerangka kerja antara Badan Pengelola Investasi Danantara Indonesia (BPI Danantara) dan Arm Limited.","2026909812676768221","","golbachgoals","in","","0","1","0","https://x.com/undefined/status/2026909812676768221","909824927695589376",
"2026909805563285548","Thu Feb 26 06:38:51 +0000 2026","0","Selain itu Prabowo bersama Presiden Amerika Serikat Donald Trump menandatangani perjanjian dagang timbal balik atau Agreement on Reciprocal Trade antara Indonesia dan Amerika Serikat di Washington DC pada hari yang sama.","2026909810336403859","","golbachgoals","in","","0","1","0","https://x.com/undefined/status/2026909810336403859","909824927695589376",
"2026909805563285548","Thu Feb 26 06:38:51 +0000 2026","0","Presiden Prabowo Subianto melanjutkan kunjungan kerjanya ke London Inggris usai sebelumnya melakukan agenda penting di Washington DC Amerika Serikat (AS). Diketahui di AS Prabowo menghadiri pertemuan perdana Board of Peace (BoP).","2026909808016920814","","golbachgoals","in","","0","1","0","https://x.com/undefined/status/2026909808016920814","909824927695589376",
"2026909805563285548","Thu Feb 26 06:38:50 +0000 2026","0","Usai AS Prabowo Lanjutkan Kunjungan Karja ke London #prabowosubianto #KabinetMerahPutih https://t.co/sikHCZfOeM","2026909805563285548","","","in","","0","1","0","https://x.com/undefined/status/2026909805563285548","909824927695589376",
"2026909797451444404","Thu Feb 26 06:38:48 +0000 2026","0","Sore yang hangat Kapolri Jenderal Polisi Drs. Listyo Sigit Prabowo https://t.co/aRWFHWcS5Q. menyapa langsung para pejuang rupiah dan berbagi sedikit rezeki untuk membatalkan puasa. semoga lelah hari ini menjadi lillah serta #BerlombaBerbagiKebaikan https://t.co/DwX51pTqd0","2026909797451444404","https://pbs.twimg.com/media/HCEHt9CagAAUtq-.jpg","","in","","0","0","0","https://x.com/undefined/status/2026909797451444404","1436163962312146945",
"2026909796050546814","Thu Feb 26 06:38:48 +0000 2026","0","Presiden Prabowo disambut hangat putra mahkota di Amman dikawal F-16 AU Yordania. #PresidenKhatulistiwa https://t.co/7nvc434eDy","2026909796050546814","https://pbs.twimg.com/amplify_video_thumb/2026909649715482624/img/SsIW9Up60W9V5RFj.jpg","","in","","0","0","0","https://x.com/undefined/status/2026909796050546814","1757566717553696769",
"2026909787947200721","Thu Feb 26 06:38:46 +0000 2026","0","Kapolri Jenderal Polisi Drs. Listyo Sigit Prabowo https://t.co/tbk4umb1q4. menggelar buka puasa bersama insan pers di Gedung Rupattama Mabes Polri Jakarta Selatan Rabu (25/2). . Polri Terus Berkomitmen Wujudkan Kebaikan Ramadhan dan #BerlombaBerbagiKebaikan untuk Masyarakat https://t.co/VsrOkQiex5","2026909787947200721","https://pbs.twimg.com/amplify_video_thumb/2026909532354654213/img/Sftq-W7XJz7iWEgI.jpg","","in","","0","0","0","https://x.com/undefined/status/2026909787947200721","1600412288669822976",
"2026909782758797689","Thu Feb 26 06:38:45 +0000 2026","0","Kapolri &amp; PJU Mabes Polri Turun ke Jalan Sapa Masyarakat Bersama Insan Pers Kapolri Jenderal Polisi Drs. Listyo Sigit Prabowo https://t.co/ANZLLVAEuc. bersama Pejabat Utama Mabes Polri turun langsung ke jalan menyapa masyarakat sembari berbagi takjil Ramadan bersama insan https://t.co/E9dEC8PT97","2026909782758797689","https://pbs.twimg.com/media/HCEHXYga4AA67Yw.jpg","","in","","0","0","0","https://x.com/undefined/status/2026909782758797689","1387264474353061889",
"2026909775414571216","Thu Feb 26 06:38:43 +0000 2026","3","Mengobati sakit itu pasti ada rasa sakit yg harus dilewati tapi yg pasti penyakit itu diobati bkn dilindungi apalagi dipelihara. Ganti Kapolri reformasi Polri. @prabowo @mohmahfudmd https://t.co/FZVcuFY20F","2026909775414571216","https://pbs.twimg.com/ext_tw_video_thumb/2026909639397486592/pu/img/OnU87VM4wkBs4KGJ.jpg","","in","","0","1","0","https://x.com/undefined/status/2026909775414571216","154435354",
"2024374321670709720","Thu Feb 19 06:43:43 +0000 2026","0","RT @isknnu: มันโดนเส้นจัดเลยดิ นานิรีโพสต์คลิปนี้ในไอจี รางวัลชนะเลิศแกงส้มแห่งปีได้แก่แม่ของดิฉัน 1 ปีมี 365 วันแกงไปแล้ว 1 000 หม้อ เสี ","2024374321670709720","","","th","","0","0","8914","https://x.com/undefined/status/2024374321670709720","196178089",
"2024374321670660501","Thu Feb 19 06:43:43 +0000 2026","0","RT @Ctwyey: น้องแมวเทากับยูกิ 3 วิวนไป #Hongshihoshi https://t.co/l0NIG7VRjk","2024374321670660501","https://pbs.twimg.com/amplify_video_thumb/2024095003107307520/img/2aSMth0OLfY2n-4s.jpg","","th","","0","0","113","https://x.com/undefined/status/2024374321670660501","868409924790788096",
"2024374321666543868","Thu Feb 19 06:43:43 +0000 2026","3","nw: Ilo Ilo 爸妈不在家 (2013) https://t.co/weeUXt2kVy","2024374321666543868","https://pbs.twimg.com/media/HBgFtyebAAATZsC.jpg","","zh","","1","0","0","https://x.com/undefined/status/2024374321666543868","936505839145201664",
"2024374321662349600","Thu Feb 19 06:43:43 +0000 2026","0","RT @adachi_hiro: 道原かつみ先生が「銀河英雄伝説」のコミック化をはじめるにあたり、田中さんに「ヤンのイメージ」を問うたところ、田中さんが「（登場人物がすべて擬人化された犬の）名探偵ホームズのホームズかな」と言い、道原かつみさんが思わず「え？あんなに格好いいんです ","2024374321662349600","","","ja","","0","0","1653","https://x.com/undefined/status/2024374321662349600","1462062317063921664",
"2024374321658155214","Thu Feb 19 06:43:43 +0000 2026","0","RT @Ppsanta: @yoryoriiee ก้นึกว่าเกี่ยวแรง แค่โดดก้หลุดละหรอ https://t.co/u4BCWO1K71","2024374321658155214","https://pbs.twimg.com/tweet_video_thumb/HBfqBeaa0AACSxh.jpg","","th","","0","0","3673","https://x.com/undefined/status/2024374321658155214","1176195725983510529",
"2024374321658155213","Thu Feb 19 06:43:43 +0000 2026","0","#contentmoderation #India","2024374321658155213","","","qht","","0","0","0","https://x.com/undefined/status/2024374321658155213","329355355",
"2024374321653960950","Thu Feb 19 06:43:43 +0000 2026","0","RT @yg_treasure_jp: ジョンファン、僕たちのジョンファン~~~~ 誕生日おめでとう ‍↕️‍↕️ ジョンファンのカバー曲しっかり聞いたよ、たくましく成長してて嬉しいよ 兄さんはキャンディーくらい、君がかわいいよ、僕だけのキャンディーㅎㅎㅎㅎ 今度兄さんと ","2024374321653960950","","","ja","","0","0","347","https://x.com/undefined/status/2024374321653960950","1695817331317043200",
"2024374321649778848","Thu Feb 19 06:43:43 +0000 2026","0","RT @love_channnn: メルカリでパソコン買ったらなんか付いててアツいｗ https://t.co/cmg83fcfYD","2024374321649778848","https://pbs.twimg.com/amplify_video_thumb/2000225342024568832/img/6wF0fwTGuD7VgBAx.jpg","","ja","","0","0","477","https://x.com/undefined/status/2024374321649778848","1993747148484313089",
"2024374321649766870","Thu Feb 19 06:43:43 +0000 2026","0","RT @bitxt: ah mungkin cuma perasaanku saja","2024374321649766870","","","in","","0","0","998","https://x.com/undefined/status/2024374321649766870","612980431",
"2024374321649700881","Thu Feb 19 06:43:43 +0000 2026","0","RT @stejayxxx: My heart is so full seeing my tapestry design be noticed by Steven and JL from Rob Galleria Ortigas to Cebu it s a memory ","2024374321649700881","","","en","","0","0","3","https://x.com/undefined/status/2024374321649700881","1234664424",
"2024351992110624842","Thu Feb 19 06:43:43 +0000 2026","1","@Amara_Grace2 Sometime it s fun ","2024374321649443096","","Amara_Grace2","en","","0","1","0","https://x.com/undefined/status/2024374321649443096","1047525115100106752",
"2024374321649443095","Thu Feb 19 06:43:43 +0000 2026","0","Unfreaking believable","2024374321649443095","","","en","","0","0","0","https://x.com/undefined/status/2024374321649443095","1519785776535506944",
"2024374321649418746","Thu Feb 19 06:43:43 +0000 2026","60","jetzt bin ich überzeugt https://t.co/PwW8ISkRah","2024374321649418746","https://pbs.twimg.com/media/HBgFt1mXYAAYYf-.jpg","","de","","0","7","0","https://x.com/undefined/status/2024374321649418746","1371568029281161216",
"2024374321645338857","Thu Feb 19 06:43:43 +0000 2026","0","RT @Emanuelfxxx: Chudai https://t.co/w0WNGmI7ny","2024374321645338857","https://pbs.twimg.com/amplify_video_thumb/2022775945468289024/img/rIaeE_FPjOgxKEq-.jpg","","hi","","0","0","1029","https://x.com/undefined/status/2024374321645338857","1803748613408907264",
"2024374321641381950","Thu Feb 19 06:43:43 +0000 2026","2","ごめん、ゲーセンには行けません。 いま、シンガポールにいます。","2024374321641381950","","","ja","","0","0","0","https://x.com/undefined/status/2024374321641381950","1977026289732304896",
"2024374321637212430","Thu Feb 19 06:43:43 +0000 2026","0","RT @erosbrousson: TODAY IS FAT TUESDAY MARDI GRAS https://t.co/i8TBAH51kz","2024374321637212430","https://pbs.twimg.com/amplify_video_thumb/2023872457661116416/img/hBacZV5DdiUzYN05.jpg","","en","","0","0","125","https://x.com/undefined/status/2024374321637212430","721054043452223488",
"2024374321637183762","Thu Feb 19 06:43:43 +0000 2026","0","RT @azul_tn11: むむ 宜野湾市マンホールから泡発生 ↓ 市民団体が独自に専門機関に依頼 ↓ 1リットルあたり268ナノグラム検出（指針地のおよそ5倍） ↓ 沖縄メディア、沖パヨ、市民団体 「5倍のPFASガー！、米軍基地ガー！」 ↓ 私「沖縄県 ","2024374321637183762","","","ja","","0","0","1503","https://x.com/undefined/status/2024374321637183762","96923022",
"2024374363613757951","Thu Feb 19 06:43:53 +0000 2026","0","RT @captain852__: บ้านเดียวกันกับน้าสนมั้ย https://t.co/ciGzb9hD7Q","2024374363613757951","https://pbs.twimg.com/amplify_video_thumb/2022691035110084614/img/tTnnE5kL20NKs2YO.jpg","","th","","0","0","1593","https://x.com/undefined/status/2024374363613757951","1995765290752454656",
"2024257185392259167","Thu Feb 19 06:43:53 +0000 2026","0","@Aduketide O ni agbara","2024374363613495429","","Aduketide","tl","","0","1","0","https://x.com/undefined/status/2024374363613495429","51117887",
"2024374363613470787","Thu Feb 19 06:43:53 +0000 2026","0","م&amp;#x633;&amp;#x627;ج في جدة الرياض منزلي فندقي gebrCmuBBy","2024374363613470787","","","ar","","0","0","0","https://x.com/undefined/status/2024374363613470787","1984576918151446534",
"2024374363609584127","Thu Feb 19 06:43:53 +0000 2026","0","RT @MihirkJha: I Repeat throw these street-Kutta into Leopard infested Jungles and those who feed or defend these beasts send them to t ","2024374363609584127","","","en","","0","0","631","https://x.com/undefined/status/2024374363609584127","388740541",
"2024374363609584120","Thu Feb 19 06:43:53 +0000 2026","0","RT @corenoiz: めっちゃいい https://t.co/KPVQSnf5Ui","2024374363609584120","https://pbs.twimg.com/media/HBbwr4easAAUmaL.jpg","","ja","","0","0","42","https://x.com/undefined/status/2024374363609584120","1736767036309786624",
"2024374363609526538","Thu Feb 19 06:43:53 +0000 2026","0","RT @youu_me00: Wataa.. https://t.co/09A5xe1xPn","2024374363609526538","https://pbs.twimg.com/amplify_video_thumb/1963517893599244288/img/syA8MLhyl80Vv3mY.jpg","","hi","","0","0","551","https://x.com/undefined/status/2024374363609526538","1588905423297384449",
"2024077984034885855","Thu Feb 19 06:43:53 +0000 2026","0","@alex_nerwen Шани очень хороша но Золтан вне конкуренции","2024374363609301427","","alex_nerwen","ru","","0","0","0","https://x.com/undefined/status/2024374363609301427","1186925258135220224",
"2024374363609297221","Thu Feb 19 06:43:53 +0000 2026","0","RT @ComplexMusic: This Mac Miller Tiny Desk jam sesh https://t.co/liro8snhAt","2024374363609297221","https://pbs.twimg.com/ext_tw_video_thumb/1461575264454856705/pu/img/z6MzsP8myFY95O9F.jpg","","en","","0","0","411","https://x.com/undefined/status/2024374363609297221","4706306052",
"2024374363605389781","Thu Feb 19 06:43:53 +0000 2026","0","芋峠・壷阪峠 https://t.co/GzW1vpCc1Y @YouTubeより","2024374363605389781","","","ja","","0","0","0","https://x.com/undefined/status/2024374363605389781","810033219479293952",
"2024055986135142594","Thu Feb 19 06:43:53 +0000 2026","1","@QYf8JEj3Sc33014 おめピンピンです㊗️","2024374363605389776","","QYf8JEj3Sc33014","ja","","0","1","0","https://x.com/undefined/status/2024374363605389776","1940611233717035008",
"2024374363605332273","Thu Feb 19 06:43:53 +0000 2026","0","RT @cts_reflection: #リフレクション栄 SNSを頑張って更新している図 普段見る専の陰キャにはインスタのハイライト機能の勉強が限界だった まだまだお店営業しています！ ご来店お待ちしております‼️ https://t.co/d48wAr5it7","2024374363605332273","https://pbs.twimg.com/media/HBcHBnZbsAIn3PW.jpg","","ja","","0","0","2","https://x.com/undefined/status/2024374363605332273","1572553038447120384",
"2024213631156568426","Thu Feb 19 06:43:53 +0000 2026","0","@RandonTizi @FilippoFacci1 Fallito","2024374363600900293","","RandonTizi","es","","0","1","0","https://x.com/undefined/status/2024374363600900293","882927314039963648",
"2024374363600846893","Thu Feb 19 06:43:53 +0000 2026","0","RT @GuntherEagleman: Rep. Buddy Carter DROPPING TRUTH on the tragic death of a teacher in a car wreck: She'd STILL be alive if Democrats ","2024374363600846893","","","en","","0","0","960","https://x.com/undefined/status/2024374363600846893","1682758722303455233",
"2024374363596751047","Thu Feb 19 06:43:53 +0000 2026","1","she is still here charming and as pretty as ever .","2024374363596751047","","","en","","1","0","0","https://x.com/undefined/status/2024374363596751047","1995332531160580096",
"2024374363596734515","Thu Feb 19 06:43:53 +0000 2026","0","RT @Ai9lS: أجواء وبداية وسرد رائع وممهد لما هو قادم بشكل مشوق وكعادة أعمال سامر البرقاوي الصورة البصرية ملفتة ️ #مولانا https://t.co/SYMZR ","2024374363596734515","","","ar","","0","0","2","https://x.com/undefined/status/2024374363596734515","1385382896375156738",
"2024374363592806601","Thu Feb 19 06:43:53 +0000 2026","0","RT @ADHDForReal: https://t.co/2rcJnT5tM0","2024374363592806601","https://pbs.twimg.com/media/HBa_5LxW0AAG6cS.jpg","","zxx","","0","0","1937","https://x.com/undefined/status/2024374363592806601","1963417242726797313",
"2024374363592540430","Thu Feb 19 06:43:53 +0000 2026","0","RT @SABCNews: WATCH | uMkhonto weSizwe Party MP Dr Litchfield-Tshabalala says President Cyril Ramaphosa's tenure has produced 3.6 million f ","2024374363592540430","","","en","","0","0","740","https://x.com/undefined/status/2024374363592540430","1111559818072993792",
"2024374363588616304","Thu Feb 19 06:43:53 +0000 2026","0","RT @skongki2000: ▪️ทางน้องได้ขอยืมสายชาร์จ Type-C เพื่อขอชาร์จแบตเผื่อไว้ตอนสแกนจ่ายเงิน ทางคนขับ Bolt ไม่พอใจ บอกว่าน้องทำพฤติกรรมไม่เหมาะ ","2024374363588616304","","","th","","0","0","615","https://x.com/undefined/status/2024374363588616304","276962243",
"2024374363588612525","Thu Feb 19 06:43:53 +0000 2026","0","RT @SimplyAsutosh: शीर्षक: खेल समझो फिर खेलो -------------------------------- दुनिया का मिज़ाज बड़ा अजीब है बैंक मुस्कुराते हैं जब जेब भा ","2024374363588612525","","","hi","","0","0","16","https://x.com/undefined/status/2024374363588612525","2013667733385420800",
"2024374443305554245","Thu Feb 19 06:44:12 +0000 2026","0","RT @nongplaaaaa: โหวววววววว แกเอ้ยยยย พิออมลู๊กกกก คนสวยขาของคุณแม่มากค่ะ นี่น้องนีน ภีรชา ป้ะคะ สวยมาก #ออมกรณ์นภัส #Ormkornnaphat https: ","2024374443305554245","","","th","","0","0","1717","https://x.com/undefined/status/2024374443305554245","1387660006896529412",
"2024374443305546041","Thu Feb 19 06:44:12 +0000 2026","0","RT @EARL_med_tw: 論文探しする人達はよくわかってると思うけど、最新情報調べるならGeminiは選択肢に入りづらい","2024374443305546041","","","ja","","0","0","63","https://x.com/undefined/status/2024374443305546041","1320089233",
"2024374443301360110","Thu Feb 19 06:44:12 +0000 2026","0","RT @Locura62083766: Animator: 100licorice https://t.co/HBjljmJqet","2024374443301360110","https://pbs.twimg.com/ext_tw_video_thumb/2024357578814173185/pu/img/l5IzqoowixPzwiFT.jpg","","es","","0","0","547","https://x.com/undefined/status/2024374443301360110","1414830127100301323",
"2024366644772970910","Thu Feb 19 06:44:12 +0000 2026","0","@cerydraesmia no m qisiste dar los links bete","2024374443301032290","","cerydraesmia","en","","0","0","0","https://x.com/undefined/status/2024374443301032290","1988085196303048704",
"2024364509356495145","Thu Feb 19 06:44:12 +0000 2026","2","쪽지 닫혀있는걸 지금 확인해서 다시 열었습니다!","2024374443297165341","","nyung_furry","ko","","0","0","0","https://x.com/undefined/status/2024374443297165341","2017642587977555968",
"2024374443296887178","Thu Feb 19 06:44:12 +0000 2026","0","RT @itsKARY_: Hey so this looks good AF https://t.co/gzAzbvbBan","2024374443296887178","https://pbs.twimg.com/amplify_video_thumb/2024123334787502080/img/qbvlpT4QbkzRo4Ab.jpg","","en","","0","0","4202","https://x.com/undefined/status/2024374443296887178","1662943168646578179",
"2024374443292741682","Thu Feb 19 06:44:12 +0000 2026","0","RT @ilovepantsuECH: https://t.co/8THAIN0BPS","2024374443292741682","https://pbs.twimg.com/media/HBY_uDNWAAACi5Y.jpg","","zxx","","0","0","29","https://x.com/undefined/status/2024374443292741682","2012340618324828160",
"2024374443292664222","Thu Feb 19 06:44:12 +0000 2026","0","RT @esegbona_luis: Breaking News ️️ Peller rejects millions to endorse a candidate . Shimadun approached PELLER to help push defin ","2024374443292664222","","","en","","0","0","332","https://x.com/undefined/status/2024374443292664222","3768660375",
"2024374443288736100","Thu Feb 19 06:44:12 +0000 2026","0","RT @Campai_: ฝากในไอจี Paseo หน่อยค่า #PaseoThailandXCharlotte #CharlotteAustin #ชาล็อตออสติน https://t.co/WpVxwX2qRi","2024374443288736100","https://pbs.twimg.com/media/HBf-btQaIAAJeQM.jpg","","th","","0","0","267","https://x.com/undefined/status/2024374443288736100","1781415812957696000",
"2024374443288478169","Thu Feb 19 06:44:12 +0000 2026","0","RT @PiyMateo2023: Pardow haciéndose el wn esperaba que nosotros le pagásemos el abogado y Contraloría dijo NO. Consultan al abogado Cox y d ","2024374443288478169","","","es","","0","0","149","https://x.com/undefined/status/2024374443288478169","1236771552",
"2024374443284582449","Thu Feb 19 06:44:12 +0000 2026","0","RT @she_officials: ╋━━━━━━ #シーメイト のみなさんへ 在宅ワークが叶うIT職、知っていますか？ ━━━━━━╋ 未経験からキャリアチェンジを叶えた先輩が登壇 リアルな働き方や年収を大公開！ トークセッションをお見逃しなく！ https: ","2024374443284582449","","","ja","","0","0","18","https://x.com/undefined/status/2024374443284582449","1014105662219943936",
"2024374443284574367","Thu Feb 19 06:44:12 +0000 2026","0","RT @GenshinImpact: Character Teaser Varka: Where the Knight's Heart Leads | Genshin Impact #GenshinImpact #VarkaTheLegend #Varka http ","2024374443284574367","","","en","","0","0","1833","https://x.com/undefined/status/2024374443284574367","966462422",
"2024374443284500629","Thu Feb 19 06:44:12 +0000 2026","0","ちょっとしたことで爆裂に評価下がってるの草","2024374443284500629","","","ja","","0","0","0","https://x.com/undefined/status/2024374443284500629","166566500",
"2024306206849011987","Thu Feb 19 06:44:12 +0000 2026","1","@kitiwut1 DM ตงไหน","2024374443280314458","","kitiwut1","th","","0","0","0","https://x.com/undefined/status/2024374443280314458","1552999754774167552",
"2024366953414979912","Thu Feb 19 06:44:12 +0000 2026","0","@stfukhaleeed ","2024374443280154639","","stfukhaleeed","qme","","0","0","0","https://x.com/undefined/status/2024374443280154639","1715814624325406720",
"2024374443276194074","Thu Feb 19 06:44:12 +0000 2026","0","RT @OLY_potato: 쇼트트랙 여자계주 금메달!!!!!!!!!! 푸쉬받고 하나하나 올라가는 거 보실분 https://t.co/QWGbVb8zo1","2024374443276194074","https://pbs.twimg.com/amplify_video_thumb/2024215471269289984/img/ecwpUkOmpICvI0lL.jpg","","ko","","0","0","15315","https://x.com/undefined/status/2024374443276194074","1994408580301377536",
"2024374443276194071","Thu Feb 19 06:44:12 +0000 2026","1","あ...プロメイアヤバい。 絶対に絶対に限定Sで実装しちゃダメだからね!? で、ここぞとばかりにマイブームの降参おじさんを https://t.co/YvnQT4pAPS","2024374443276194071","https://pbs.twimg.com/media/HBgF1CgbQAAYVNH.jpg","","ja","","0","0","0","https://x.com/undefined/status/2024374443276194071","2741536314",
"2024374443276194070","Thu Feb 19 06:44:12 +0000 2026","0","RT @pearlytrivia: i m not racist i have black friends LMAOOO ok","2024374443276194070","","","en","","0","0","8228","https://x.com/undefined/status/2024374443276194070","1309123704736055298",
"2024374443276157367","Thu Feb 19 06:44:12 +0000 2026","0","RT @kaptenAmercia: Tetep shalat walopun jarang. Tetep shalat walopun malu. Tetep shalat walopun banyak dosa. Tetep shalat walopun udah lama ","2024374443276157367","","","in","","0","0","11631","https://x.com/undefined/status/2024374443276157367","1161293586874404866",
"2024188572077601242","Thu Feb 19 06:44:12 +0000 2026","13","@hellgrenmarie När blev Uppehållstillstånd och medborgarskap handelsvaror i Sverige. Redan i slutet av förra seklet och med sossarnas goda minne.","2024374443276111999","","hellgrenmarie","sv","","0","0","2","https://x.com/undefined/status/2024374443276111999","1008587873220792320",
"2024373730068369863","Thu Feb 19 06:44:17 +0000 2026","1","@Owaowater おめでとうございます REALITYではなくTikTokのほうでよくお歌聞かせてもらってます️","2024374464277074311","","Owaowater","ja","","0","1","0","https://x.com/undefined/status/2024374464277074311","1850758333105672193",
"2024374464277004430","Thu Feb 19 06:44:17 +0000 2026","0","RT @hNj4l7yjzn32435: @logoslabo #文科省の証拠捏造は犯罪です #大問題です","2024374464277004430","","","qme","","0","0","42","https://x.com/undefined/status/2024374464277004430","1861935826952994816",
"2024374464272879997","Thu Feb 19 06:44:17 +0000 2026","0","RT @batzrule_030: #bunsae tell me I m wrong https://t.co/mgxG6YAaYm","2024374464272879997","https://pbs.twimg.com/media/HBeECsmbUAIZt9E.jpg","","en","","0","0","43","https://x.com/undefined/status/2024374464272879997","1501165990134284290",
"2024374464272634002","Thu Feb 19 06:44:17 +0000 2026","0"," hnyk م&amp;#x633;&amp;#x627;ج في جدة الرياض منزلي فندقي","2024374464272634002","","","ar","","0","0","0","https://x.com/undefined/status/2024374464272634002","2008099423528824832",
"2024374464260297210","Thu Feb 19 06:44:17 +0000 2026","0","RT @0xAlansari: China 🇨🇳 ini minoritas Muslim (2%) mayoritas atheist &gt;60%. Tapi kalau ke mesjid full dengan Muslim lokal china bukan dii ","2024374464260297210","","","in","","0","0","718","https://x.com/undefined/status/2024374464260297210","446196785",
"2024374464256102425","Thu Feb 19 06:44:17 +0000 2026","0","RT @hollyberrysbutt: this is so funny imagine him liking your cooking so much he s willing to attack people over it https://t.co/Kh7zYw5Nkz","2024374464256102425","https://pbs.twimg.com/media/HBfUkyJbUAEzOwL.jpg","","en","","0","0","2183","https://x.com/undefined/status/2024374464256102425","1444615893405683713",
"2024374464255799604","Thu Feb 19 06:44:17 +0000 2026","0"," qgbg م&amp;#x633;&amp;#x627;ج في جدة الرياض منزلي فندقي","2024374464255799604","","","ar","","0","0","0","https://x.com/undefined/status/2024374464255799604","2008077835676925953",
"2024364579904733669","Thu Feb 19 06:44:17 +0000 2026","0","@AnikAsahar Gm legend","2024374464251916537","","AnikAsahar","en","","0","0","0","https://x.com/undefined/status/2024374464251916537","1870397534646198272",
"2024374464247714109","Thu Feb 19 06:44:17 +0000 2026","0","RT @JTyxdSPq3XvFSoZ: おはよう️ございます大阪のキン肉マンマンホールです アメリカ村にテリーマン 新世界にロビンマスク 住吉神社にキン肉マンソルジャーがいます https://t.co/sUnYSK2m7i","2024374464247714109","https://pbs.twimg.com/media/HBPSYHlaIAA1I_C.jpg","","ja","","0","0","6","https://x.com/undefined/status/2024374464247714109","1186255569591529473",
"2024374464247374238","Thu Feb 19 06:44:17 +0000 2026","0","RT @Delahuntagram: https://t.co/j5inPrfZBM","2024374464247374238","https://pbs.twimg.com/media/HBcPT0yXAAApc2r.jpg","","zxx","","0","0","4570","https://x.com/undefined/status/2024374464247374238","1194894984371159040",
"2024355515329855990","Thu Feb 19 06:44:17 +0000 2026","0","@tweetbylagat Let's connect and engagefollow for a quick FB","2024374464243265996","","tweetbylagat","en","","0","0","0","https://x.com/undefined/status/2024374464243265996","1661053926223888405",
"2024374464243200303","Thu Feb 19 06:44:17 +0000 2026","0","RT @ScotNational: NEW: Scotland's top law officer has warned Anas Sarwar not to act 'in a way which undermines the rule of law' It comes ","2024374464243200303","","","en","","0","0","178","https://x.com/undefined/status/2024374464243200303","778910095493259264",
"2024374464239067561","Thu Feb 19 06:44:17 +0000 2026","0","RT @tedlieu: Dear @KristiNoem: Resign And don t forget your blanket on the way out.","2024374464239067561","","","en","","0","0","4663","https://x.com/undefined/status/2024374464239067561","1254663243076898822",
"2024374464230924792","Thu Feb 19 06:44:17 +0000 2026","0","RT @RukhsarH2O: ہر عیب غربت سے جڑا ہوتا ہے پیسہ بغرتوں کو بھی حاجی بنا دیتا ہے پیسہ کماؤ پیسے پر سب بکتے ہیں رشتے دار، وفاداری، عزت، محبت","2024374464230924792","","","ur","","0","0","14","https://x.com/undefined/status/2024374464230924792","1273188627602964488",
"2024157292363473229","Thu Feb 19 06:44:17 +0000 2026","0","@_Makhanya_ Ave ungasifuni siwo stufuza","2024374464230650312","","_Makhanya_","ro","","0","0","0","https://x.com/undefined/status/2024374464230650312","943416162808889344",
"2024374464226742369","Thu Feb 19 06:44:17 +0000 2026","0","RT @artsymeeshee: #GravityFalls #gravityfallsfanart https://t.co/bIPqaCFMCc","2024374464226742369","https://pbs.twimg.com/media/HBfSAMbWUAAWSr4.jpg","","qme","","0","0","85","https://x.com/undefined/status/2024374464226742369","1191897276261683200",
"2024374464226742364","Thu Feb 19 06:44:17 +0000 2026","3","// thor following me after I angst post is crazy.. ignore me sir.","2024374464226742364","","","en","","0","1","0","https://x.com/undefined/status/2024374464226742364","2007202441268506624",
"2024374464222532003","Thu Feb 19 06:44:17 +0000 2026","0","RT @xxa_619: เล่นเสียวกับน้องเมียสุดที่รัก วันนี้ไม่มีใครอยู่บ้านแล้ว ขี้เล่นนักใช่ไหม เดี่ยวจะซอยให้กระอักเลย https://t.co/5sbl8IMhZw","2024374464222532003","https://pbs.twimg.com/amplify_video_thumb/2024319771446280192/img/2x0OluJKnTvFm3KE.jpg","","th","","0","0","1042","https://x.com/undefined/status/2024374464222532003","1975628273951690752",
"2024333044157702590","Thu Feb 19 06:44:23 +0000 2026","0","@Ibrahimrealx Good morning! Make today count ","2024374489438703751","","Ibrahimrealx","en","","0","0","0","https://x.com/undefined/status/2024374489438703751","1780495277226352640",
"2024374489434509458","Thu Feb 19 06:44:23 +0000 2026","0","RT @fungloryhole: Chudai #nsfw #sex #porn #naked #nudes #hentai #squirt #pussy #viral #tending #VideoViral #Video #gloryhole https://t.co ","2024374489434509458","","","hi","","0","0","341","https://x.com/undefined/status/2024374489434509458","1653324323418181633",
"2024374489434276351","Thu Feb 19 06:44:23 +0000 2026","0","RT @eduardomenoni: | ÚLTIMA HORA: El Gobernador de Jalisco México Pablo Lemus RECHAZÓ las iniciativas de los progres del partido de Mor ","2024374489434276351","","","es","","0","0","1230","https://x.com/undefined/status/2024374489434276351","298796925",
"2024235628842402198","Thu Feb 19 06:44:23 +0000 2026","0","@Evander611 ","2024374489434231235","","Evander611","qme","","0","0","0","https://x.com/undefined/status/2024374489434231235","1796475070929326081",
"2024374489430323423","Thu Feb 19 06:44:23 +0000 2026","0","RT @whoreaddictt: Wataa https://t.co/rEmzi6h2ku","2024374489430323423","https://pbs.twimg.com/amplify_video_thumb/1934637916489498624/img/2Z-Fmfyt1eRQchrP.jpg","","hi","","0","0","983","https://x.com/undefined/status/2024374489430323423","1874094634001158144",
"2024374489425850430","Thu Feb 19 06:44:23 +0000 2026","0","RT @pastraspec: THIS MF HAS MY NEW FAVORITE DESIGN I HAVE EVER SEEN FROM A MASCOT HORROR OH MY GOD I AM IN LOVE https://t.co/00izUqsmXn","2024374489425850430","https://pbs.twimg.com/media/HBf6M8VWoAAed_T.jpg","","en","","0","0","1388","https://x.com/undefined/status/2024374489425850430","1333277836342300672",
"2024374489421926576","Thu Feb 19 06:44:23 +0000 2026","0","RT @Tpopularfront: Unless there are full repercussions for every sick bastard that took part in this then; Paedophilia will be normalised ","2024374489421926576","","","en","","0","0","3598","https://x.com/undefined/status/2024374489421926576","1517297349562798081",
"2024374489421853035","Thu Feb 19 06:44:23 +0000 2026","0","うおおおおおおおおおお","2024374489421853035","","","ja","","0","0","0","https://x.com/undefined/status/2024374489421853035","1107825342973042688",
"2024374489421672698","Thu Feb 19 06:44:23 +0000 2026","9","ten random favorite bands/artists to get to know me pierce the veil polaris the plot in you 156/silence bad omens los redondos Bad Bunny Shakira a day to remember thornhill (this can change at any given time lol)","2024374489421672698","","","en","","0","0","0","https://x.com/undefined/status/2024374489421672698","1971439289322876928",
"2024374489417732346","Thu Feb 19 06:44:23 +0000 2026","0","RT @SUGIofficial_JP: ／ 抽選でQUOカードPayが当たる！ 18日目 ＼ #スギ薬局50周年 と リプライをくれた方に 後日10万円分を1名に さらにフォロー＆リポストで 専用QUOカードPay100円分が 1万名にその場で当たる 応募方法 ① ","2024374489417732346","","","ja","","0","0","19573","https://x.com/undefined/status/2024374489417732346","981368981222141953",
"2024374489417715785","Thu Feb 19 06:44:23 +0000 2026","4","一時期だとしても自分が満足した瞬間があるわけだから無駄じゃないよ。がちで","2024374489417715785","","","ja","","0","0","0","https://x.com/undefined/status/2024374489417715785","1981166774952611847",
"2024374489417691200","Thu Feb 19 06:44:23 +0000 2026","0","RT @CifutBR: obrigado netflix mas já assisti no tiktok dividido em 40 partes","2024374489417691200","","","pt","","0","0","10026","https://x.com/undefined/status/2024374489417691200","1305690654434037760",
"2024374489417679047","Thu Feb 19 06:44:23 +0000 2026","0","RT @forhoneyjar: 아 존니 웃겨 퇴마하냐고 https://t.co/8TAy4vgqHZ","2024374489417679047","https://pbs.twimg.com/amplify_video_thumb/2024018796324024320/img/EzEv-t1SrJAmxJPw.jpg","","ko","","0","0","374","https://x.com/undefined/status/2024374489417679047","1986263941425864707",
"2024374489409343927","Thu Feb 19 06:44:23 +0000 2026","0","RT @Kakkoiyatsu2343: @another_tokyo ドラえもんを殺した https://t.co/AWsA0nryhO","2024374489409343927","https://pbs.twimg.com/media/HBfg-IqbUAEa9Ee.png","","ja","","0","0","476","https://x.com/undefined/status/2024374489409343927","1505511631849107460",
"2024374489404817548","Thu Feb 19 06:44:23 +0000 2026","0","RT @elonmusk: https://t.co/t3s5ZIjk3g","2024374489404817548","https://pbs.twimg.com/amplify_video_thumb/1873980626585489408/img/jj_qRJrjKAZ1GTd4.jpg","","zxx","","0","0","9458","https://x.com/undefined/status/2024374489404817548","1875631195465379842",
"2024374489400955174","Thu Feb 19 06:44:23 +0000 2026","0","RT @pomepomePicardy: 本当に似てて草 https://t.co/1u1009Xw92","2024374489400955174","https://pbs.twimg.com/media/HBcpnV2acAAsZD7.jpg","","ja","","0","0","2017","https://x.com/undefined/status/2024374489400955174","1202603281198923777",
"2024374489400955173","Thu Feb 19 06:44:23 +0000 2026","0","RT @JAPANEZEXXX: @satoshi_hamada これはまた素晴らしい声明です。 「一部は返すから一旦根こそぎ取る」 という今の政府のやり方は異常。 歯止め機関が必要なのは増税推進側。 国民は理論武装し徹底して抵抗すべき。","2024374489400955173","","","ja","","0","0","4","https://x.com/undefined/status/2024374489400955173","1497160525092130819",
"2024374531385967103","Thu Feb 19 06:44:33 +0000 2026","0","RT @pxxkabxx: ขอโทษนะ ขอถามแบบเหี้ย ๆ เลย ทำไมเราต้องมานั่งเถียงกันเรื่องไอดอลนมใหญ่ ปกติ หรือเล็ก...........................ป้างง","2024374531385967103","","","th","","0","0","21080","https://x.com/undefined/status/2024374531385967103","1079677262499205121",
"2024374531385938010","Thu Feb 19 06:44:33 +0000 2026","0","RT @LASHYBILLS: They tried to steal the air compressor but the workers up top started launching wood and firing their nail guns at them ","2024374531385938010","","","en","","0","0","2865","https://x.com/undefined/status/2024374531385938010","997793258754355200",
"2024374531377291340","Thu Feb 19 06:44:33 +0000 2026","0","RT @UTDTrey: Nothing better than going to this clown s page after an Arsenal bottling https://t.co/zaTsLNDheE","2024374531377291340","https://pbs.twimg.com/media/HBeTsgpXIAAqBMr.jpg","","en","","0","0","1710","https://x.com/undefined/status/2024374531377291340","3029848606",
"2024374531373355275","Thu Feb 19 06:44:33 +0000 2026","0","RT @rjraunac: Galgotias roxx https://t.co/TDoJ12lINb","2024374531373355275","https://pbs.twimg.com/amplify_video_thumb/2024341149822177290/img/2yA3A9-YBELWI2h-.jpg","","es","","0","0","978","https://x.com/undefined/status/2024374531373355275","1691332130817851392",
"2024374531373060280","Thu Feb 19 06:44:33 +0000 2026","0","RT @Stellamari65691: How Flock Makes AI Ownership Real @flock_io empowers creators by giving them full control over their AI models while ","2024374531373060280","","","en","","0","0","30","https://x.com/undefined/status/2024374531373060280","1655539375193686017",
"2024374531369173192","Thu Feb 19 06:44:33 +0000 2026","0","RT @suisei_hosimati: @inui_toko おめでとう！！️ https://t.co/2zSoXAWde8","2024374531369173192","https://pbs.twimg.com/media/HBfq3PtbUAUSm1m.jpg","","ja","","0","0","1374","https://x.com/undefined/status/2024374531369173192","1103276629504081922",
"2024374531369075027","Thu Feb 19 06:44:33 +0000 2026","0","RT @Arisenymph: Wataa https://t.co/1J6nNCfK9x","2024374531369075027","https://pbs.twimg.com/amplify_video_thumb/2015193882489696256/img/5vJz2XfO6_zR-ScD.jpg","","hi","","0","0","3809","https://x.com/undefined/status/2024374531369075027","1575830166",
"2024374531368849895","Thu Feb 19 06:44:33 +0000 2026","0","RT @Ramseyizzy1: Waking up is the biggest Win of the day. Everything else is bonus rounds. Play hard love harder complain less. ","2024374531368849895","","","en","","0","0","38","https://x.com/undefined/status/2024374531368849895","1746978523762348032",
"2024374531364979026","Thu Feb 19 06:44:33 +0000 2026","6","【アロヨコ 会場マップ️】 いよいよ、明日17時から ALOHA YOKOHAMAスタートです️ クワイアンウクレレブースはM-44です。 ワークショップがあるため端っこですが、張り切って少し大きめなブースとなってます 今回は宮城社長と助っ人さんが在店予定です（中の人はお留守番） @AlohaYokohama_ https://t.co/ja8q9aM08B","2024374531364979026","https://pbs.twimg.com/media/HBgF56IbIAAyKYT.jpg","","ja","","0","0","1","https://x.com/undefined/status/2024374531364979026","1197393074051145728",
"2024374531364966753","Thu Feb 19 06:44:33 +0000 2026","0","RT @wpinnacotta: ทุกคนได้โปรด️️️️ อย่าชงจิ้นในแท็กกีฬาสี!!!! เซฟน้อง เซฟด้อมด้วย อยากฟิน ฟินได้ไม่ต้องติดแท็กกีฬาสี ติด ","2024374531364966753","","","th","","0","0","1659","https://x.com/undefined/status/2024374531364966753","1910418695320698880",
"2024374531364732981","Thu Feb 19 06:44:33 +0000 2026","0","RT @mayspinnerette: odeio quando to comendo e cai farelo entre os peitos https://t.co/CsiKGUKORV","2024374531364732981","https://pbs.twimg.com/media/HBe5VYpXEAA4KXa.jpg","","pt","","0","0","17826","https://x.com/undefined/status/2024374531364732981","1250258924349140996",
"2024131535239106589","Thu Feb 19 06:44:33 +0000 2026","0","@afcmuktar https://t.co/ZZqX4zvFfo","2024374531360457039","https://pbs.twimg.com/media/HBgF6HXXwAAa2-y.jpg","afcmuktar","qme","","0","0","0","https://x.com/undefined/status/2024374531360457039","1698458859621220352",
"2024368607442928001","Thu Feb 19 06:44:33 +0000 2026","0","@Joyoky1 @Aduradara61049 Exactly","2024374531360452985","","Joyoky1","en","","0","0","0","https://x.com/undefined/status/2024374531360452985","1746978523762348032",
"2024374531356557797","Thu Feb 19 06:44:33 +0000 2026","0","RT @KuskiOffl: DMDK Joins DMK alliance. அரசியல் ஒரு சாக்கடை https://t.co/518p5xKOdB","2024374531356557797","https://pbs.twimg.com/ext_tw_video_thumb/2024359708707213315/pu/img/D2o4CBf3nnzMdTYV.jpg","","und","","0","0","335","https://x.com/undefined/status/2024374531356557797","1584053315481919488",
"2024374531356496352","Thu Feb 19 06:44:33 +0000 2026","0","RT @Hdshowxvx: Chudai ","2024374531356496352","","","hi","","0","0","330","https://x.com/undefined/status/2024374531356496352","1834814434390556676",
"2024362737338642898","Thu Feb 19 06:44:33 +0000 2026","0","@Ciize155cm ","2024374531348123947","","Ciize155cm","qme","","0","0","0","https://x.com/undefined/status/2024374531348123947","61994564",
"2024238803888599305","Thu Feb 19 06:44:33 +0000 2026","0","@BartonBella1 @NoVA_Campaigns @dsd8100 @SpanbergerForVA @Boeing All the defense contractors are here in VA. Gonna be a nightmare.","2024374531347914770","","BartonBella1","en","","0","0","0","https://x.com/undefined/status/2024374531347914770","1519817974659665933",
"2024318725084569731","Thu Feb 19 06:44:33 +0000 2026","1","@Truthtellerftm Beware Debby the Derailer. Her MO is to jump from Space to Space &amp; ask remedial questions to distract the hosts cohosts &amp; Speaker Panel.","2024374531347853578","","Truthtellerftm","en","","0","0","0","https://x.com/undefined/status/2024374531347853578","4893441543",
"2024336124702065119","Thu Feb 19 06:44:33 +0000 2026","0","@ade_laitan15788 Hello","2024374531343942053","","ade_laitan15788","en","","0","0","0","https://x.com/undefined/status/2024374531343942053","1889286954841448449",
"2024374531339735371","Thu Feb 19 06:44:33 +0000 2026","0","RT @SteveLovesAmmo: I love this country so much. 🇺🇸 https://t.co/MqsNcjNyZd","2024374531339735371","https://pbs.twimg.com/amplify_video_thumb/2024238830774013955/img/8J28ANNN3esWcFi_.jpg","","en","","0","0","565","https://x.com/undefined/status/2024374531339735371","31531329",
"2024120701632872492","Thu Feb 19 06:44:39 +0000 2026","1","@ClarksonsFarm1 It has been for over a decade it s just reached critical levels now","2024374556551762192","","ClarksonsFarm1","en","","0","0","0","https://x.com/undefined/status/2024374556551762192","1862592513753882624",
"2024374556551762186","Thu Feb 19 06:44:39 +0000 2026","0","RT @PP_smartwealth: ลองเป็นคน น่าเบื่อ ดูไหมคะ - ไปออกกำลังกาย - กินวิตามินสม่ำเสมอ - เตรียมอาหารเองทุกวันอาทิตย์ - กินข้าวที่ทำเอง - เดิ ","2024374556551762186","","","th","","0","0","16506","https://x.com/undefined/status/2024374556551762186","1612823373759008768",
"2024374556551708947","Thu Feb 19 06:44:39 +0000 2026","0","RT @fennecLIU: 江崎道朗の生配信【第42回】高市政権で拉致問題はどうなる？ https://t.co/XnOZXq257u #江崎道朗塾 昨年10月、家族会に向けてトランプ大統領の語った言葉に涙が出ました。 今年こそ拉致問題が動くかも。かなり突っ込んだ解説をし ","2024374556551708947","","","ja","","0","0","11","https://x.com/undefined/status/2024374556551708947","1761777843682566144",
"2024286162316116286","Thu Feb 19 06:44:39 +0000 2026","1","@AltcoinSherpa BlackRock might dump the market again.","2024374556547567806","","AltcoinSherpa","en","","0","1","0","https://x.com/undefined/status/2024374556547567806","1793981516051251201",
"2024374556543373558","Thu Feb 19 06:44:39 +0000 2026","0","RT @RoA_kyabetu: https://t.co/CCTMMdMEwu","2024374556543373558","https://pbs.twimg.com/media/HBcyydsawAARofo.jpg","","qme","","0","0","114","https://x.com/undefined/status/2024374556543373558","1657651892129001473",
"2024374556543336670","Thu Feb 19 06:44:39 +0000 2026","1","とんでもない絵師見つけてはっぴ〜","2024374556543336670","","","ja","","0","0","0","https://x.com/undefined/status/2024374556543336670","1911701172617912320",
"2024374556543144320","Thu Feb 19 06:44:39 +0000 2026","0","おはよう‼ https://t.co/gj5KulHMNJ","2024374556543144320","https://pbs.twimg.com/media/HBgF3pXXgAAW3eX.jpg","","ja","","0","0","0","https://x.com/undefined/status/2024374556543144320","1870962072558649344",
"2024147001584021553","Thu Feb 19 06:44:39 +0000 2026","0","@gutiherhandez Ya siktirin gidin tiner çekin siz aw","2024374556543111311","","gutiherhandez","tr","","0","0","0","https://x.com/undefined/status/2024374556543111311","1876664501807816707",
"2024374556543037873","Thu Feb 19 06:44:39 +0000 2026","0","RT @XtexasgirlX: RESPECT Terrence Howard is not holding back in this eye-opening interview with NextBuzzTV. Spilling the truth on Diddy s i ","2024374556543037873","","","en","","0","0","1026","https://x.com/undefined/status/2024374556543037873","1891589255220297729",
"2024374556539207962","Thu Feb 19 06:44:39 +0000 2026","0","RT @tengusugoi: 【おしらせ】 お忍びをテーマにした日常系コーデ、 「CampusFrame」を本日20時から販売予定！ さらに、発売を記念して抽選で5名様にギフト！ @tengusugoi をフォロー、このポストをリポストで、 抽選5名様にギフトしま ","2024374556539207962","","","ja","","0","0","769","https://x.com/undefined/status/2024374556539207962","1885497095987355654",
"2024374556538880364","Thu Feb 19 06:44:39 +0000 2026","0","Terrible how ك&amp;#x624;د خ&amp;#x635;م ▬المطار▬ ⊵M2⊴","2024374556538880364","","","und","","0","0","0","https://x.com/undefined/status/2024374556538880364","4697900839",
"2024374556538859777","Thu Feb 19 06:44:39 +0000 2026","0","RT @EstRvp: เข้าร้านอาหารญี่ปุ่นอย่าลืมสั่งกุ้งเธมโป้นะครับบ #ThamePoSeries","2024374556538859777","","","th","","0","0","3026","https://x.com/undefined/status/2024374556538859777","1183385192452558849",
"2024374556534669817","Thu Feb 19 06:44:39 +0000 2026","0","Alguna intercambio? Manden dm","2024374556534669817","","","es","","0","0","0","https://x.com/undefined/status/2024374556534669817","1556448122133413888",
"2024374556530790875","Thu Feb 19 06:44:39 +0000 2026","0","RT @onethousandsan2: IRA PARKER IS A MAN?????","2024374556530790875","","","hu","","0","0","67","https://x.com/undefined/status/2024374556530790875","787189789758001152",
"2024374556526616841","Thu Feb 19 06:44:39 +0000 2026","0","RT @firstone_wnk: ติดฝนค้าบบ ตรุษจีนนี้มาหาพี่เติ้ลกับเฟิร์สวันกันเถอะ~ เจอกันที่งาน Unilever Chinese New Year x TleFirstone Makro บางบ ","2024374556526616841","","","th","","0","0","3946","https://x.com/undefined/status/2024374556526616841","761554645",
"2024374556522402129","Thu Feb 19 06:44:39 +0000 2026","0","RT @oniapp_: อะสาววายโมเม้นแบบเค้าพูดต่อๆกันมาว่าอฟขำหันไปทางน้องชา 555555555555555 https://t.co/xa9UheLTtm","2024374556522402129","https://pbs.twimg.com/amplify_video_thumb/2024370845486108672/img/JeW3KxNE6RwfNCJ5.jpg","","th","","0","0","642","https://x.com/undefined/status/2024374556522402129","1563539290453188609",
"2024374556522402128","Thu Feb 19 06:44:39 +0000 2026","0","「CANインベーダー」使いランドクルーザーを窃盗か、ブラジル人3人を逮捕 #ldnews https://t.co/viGoN57pc6 50台800万で日本人4億も被害くらってんの？ 冗談じゃないだろ。 外国人犯罪での日本人の被害額一体いくらよ？ 今は戦時中だっけ？ 侵略されてんの？","2024374556522402128","","","ja","","0","0","0","https://x.com/undefined/status/2024374556522402128","1059458927908114432",
"2024374556518207964","Thu Feb 19 06:44:39 +0000 2026","0","RT @IjazTheTrini: Donations needed! As-salāmu ʿalaykum wa raḥmatullāhi wa barakātuhu I'm diagnosed with a neurological disorder that cau ","2024374556518207964","","","ro","","0","0","97","https://x.com/undefined/status/2024374556518207964","1551060621617115136",
"2024374556518166582","Thu Feb 19 06:44:39 +0000 2026","1","カップルで自習してるやつまじで片方だけ落ちろ","2024374556518166582","","","ja","","0","0","0","https://x.com/undefined/status/2024374556518166582","1448297011527049217",
"2024374590106194101","Thu Feb 19 06:44:47 +0000 2026","0","ぽぷすとのキャラも可愛かったけども～ちょい似てる感じでバッグチャーム今後作ってくれたら嬉しいな～","2024374590106194101","","","ja","","0","0","0","https://x.com/undefined/status/2024374590106194101","1355462884285943810",
"2024374590106185729","Thu Feb 19 06:44:47 +0000 2026","1","dove deodorant smells so good. recently purchased one.","2024374590106185729","","","en","","0","0","0","https://x.com/undefined/status/2024374590106185729","1809996795273236480",
"2024374590102016094","Thu Feb 19 06:44:47 +0000 2026","0","RT @sriramsubbaraju: தேமுதிகலாம் ஒரு கட்சியா..? - அமைச்சர் ராஜகண்ணப்பன் யாருக்கும் வெட்கமில்ல.... வியாபாரப் பொருளான விஜயகாந்த்..!","2024374590102016094","","","ta","","0","0","211","https://x.com/undefined/status/2024374590102016094","1459452212665409540",
"2024374590101942767","Thu Feb 19 06:44:47 +0000 2026","4"," #NiziUシェアリレー #にゅーえも https://t.co/zyfu8Y7DMJ","2024374590101942767","","","qme","","0","0","0","https://x.com/undefined/status/2024374590101942767","1503233316266610691",
"2024243323821560042","Thu Feb 19 06:44:47 +0000 2026","43","@Lenc1_ Pero como te vas a crear la cuenta ahora la mufarda que va hacer esto 8 goles se comen ahora en Italia espero me equivoque","2024374590101733446","","Lenc1_","es","","0","0","0","https://x.com/undefined/status/2024374590101733446","1857551425984741376",
"2024374590097805453","Thu Feb 19 06:44:47 +0000 2026","0","RT @AcervoCharts: Adesivo de lave as mãos em banheiros nos EUA viraliza devido a seu design confuso. https://t.co/LEaotv7KDu","2024374590097805453","https://pbs.twimg.com/media/HBdnPjNWAAAuNQf.png","","pt","","0","0","7360","https://x.com/undefined/status/2024374590097805453","2695591716",
"2024065652680438029","Thu Feb 19 06:44:47 +0000 2026","0","@UfiaIso @AethirCloud Aethircloud is really pushing decentralized coud infrastructure","2024374590097567796","","UfiaIso","en","","0","0","0","https://x.com/undefined/status/2024374590097567796","2013218288348667905",
"2024355424749961512","Thu Feb 19 06:44:47 +0000 2026","0","@ocjain4 सही बात है हुटिया को मसला मिलना चाहिए ","2024374590093603226","","ocjain4","hi","","0","0","0","https://x.com/undefined/status/2024374590093603226","1101176633090666497",
"2024374590093316467","Thu Feb 19 06:44:47 +0000 2026","0","RT @butterflynitah: Besties don t even care bout the camera A thread https://t.co/WxfeTk08lm","2024374590093316467","https://pbs.twimg.com/media/HBgBIThW0AApbWV.jpg","","en","","0","0","134","https://x.com/undefined/status/2024374590093316467","1482082417703858183",
"2024374590089417018","Thu Feb 19 06:44:47 +0000 2026","0","RT @turningpointjpn: 今の欧州を完璧に表していると話題に https://t.co/4CWbHahdWU","2024374590089417018","https://pbs.twimg.com/amplify_video_thumb/2023796771743559687/img/oR65kAfLuoVMKChV.jpg","","ja","","0","0","4054","https://x.com/undefined/status/2024374590089417018","1383024819499782149",
"2024374590089105823","Thu Feb 19 06:44:47 +0000 2026","0","RT @RicardoBSalinas: Woooow ese @adan_augusto y Andy López no se andan por la ramas no dejan cabo suelto. ¿Les creemos lo de los accident ","2024374590089105823","","","es","","0","0","4160","https://x.com/undefined/status/2024374590089105823","1761901949304426496",
"2024374582908436850","Thu Feb 19 06:44:47 +0000 2026","0"," МеgаЕТН #Rеwаrds are live! BIGGЕST drор jоin nоw! https://t.co/Z0Jr6NVIau @pinkos666 @asher5602 @3ko_wpdgb","2024374590085169515","","Papspaps45","cs","","0","0","0","https://x.com/undefined/status/2024374590085169515","1492932040286777351",
"2024374590081028342","Thu Feb 19 06:44:47 +0000 2026","0","RT @riize_archives: SUNGCHAN for ALLURE KOREA https://t.co/jQot7v3x5Z","2024374590081028342","https://pbs.twimg.com/media/HBf-5OTaMAA3t3F.jpg","","en","","0","0","2350","https://x.com/undefined/status/2024374590081028342","3177581432",
"2024372928868209157","Thu Feb 19 06:44:47 +0000 2026","0","@chryssosheir ikuttt tag ak","2024374590076834080","","chryssosheir","tl","","0","1","0","https://x.com/undefined/status/2024374590076834080","2013497263755272193",
"2024374590076518676","Thu Feb 19 06:44:47 +0000 2026","0","RT @asvctf: https://t.co/wauO7vSmyQ","2024374590076518676","https://pbs.twimg.com/amplify_video_thumb/2024163655089311744/img/coE5gzXC55INtCCd.jpg","","zxx","","0","0","1644","https://x.com/undefined/status/2024374590076518676","2004356420578512896",
"2024374590072639561","Thu Feb 19 06:44:47 +0000 2026","0","RT @hii29227409: 🇯🇵外国人の生活保護終了‼️ 当たり前 🇯🇵🇯🇵🇯🇵 【1200億円の利権】 片山さつき大臣、岸田の宝を粉砕し日本を守ってしまう https://t.co/Nd0AI8yqAc https://t.co/9Puh3oizJZ","2024374590072639561","https://pbs.twimg.com/media/HBfGZM2bUAENWGf.jpg","","ja","","0","0","1759","https://x.com/undefined/status/2024374590072639561","1254750161030516742",
"2024374590072397914","Thu Feb 19 06:44:47 +0000 2026","0","RT @cocoarini: The Filipino humor is unmatched even in business names I'm afraid https://t.co/30v8NpoLQO","2024374590072397914","https://pbs.twimg.com/media/HBfEY6OagAAH_Od.jpg","","en","","0","0","4836","https://x.com/undefined/status/2024374590072397914","1020401334850408450",
"2024374648826405300","Thu Feb 19 06:45:01 +0000 2026","0","RT @hokkori_nekko: だから日本を支配できるのか。 やっと初めて腑に落ちた。 https://t.co/fngebAEhaB","2024374648826405300","https://pbs.twimg.com/media/HBcULiFaAAAZ4z1.jpg","","ja","","0","0","7537","https://x.com/undefined/status/2024374648826405300","4475945010",
"2024374648822255995","Thu Feb 19 06:45:01 +0000 2026","0","RT @zzzshii_: / tamon's b-side episode 8 spoilers hes so everythingburger when he blushes https://t.co/NeOYdoXvgd","2024374648822255995","https://pbs.twimg.com/media/HBdRcXvawAAQqj_.jpg","","en","","0","0","42","https://x.com/undefined/status/2024374648822255995","1434751034467885059",
"2024359981395390714","Thu Feb 19 06:45:01 +0000 2026","3","@thenihiin Hi guys Fb ASAP ️.","2024374648821993922","","thenihiin","en","","0","1","0","https://x.com/undefined/status/2024374648821993922","1627283362074304513",
"2024374648821928201","Thu Feb 19 06:45:01 +0000 2026","10","Soy la nalgonsota fotitos asi podrás ver en mi canal de Telegram eh... es gratis solo queda disfrutar ⬇️⬇️⬇️⬇️ https://t.co/t6y4qJvbyU https://t.co/f2VbTLKpm9","2024374648821928201","https://pbs.twimg.com/media/HBgGA4GXsAAvPs_.jpg","","es","","0","0","0","https://x.com/undefined/status/2024374648821928201","1439765353417084930",
"2024374648821915946","Thu Feb 19 06:45:01 +0000 2026","0","RT @textuits: tengo en el cielo a una persona por la que daría todo por volverla a abrazar","2024374648821915946","","","es","","0","0","2284","https://x.com/undefined/status/2024374648821915946","1207352609276866561",
"2021970522716905517","Thu Feb 19 06:45:01 +0000 2026","2","@hauntinghumans2 @realkenwillis @VapinGamers @FusedAegis @thisistheray @RumbleRumBot We playtested Who Are You!? and it was great! Love the story so far! The environment and environmental storytelling is really compelling. https://t.co/BfSV8NkjT4","2024374648813891834","","hauntinghumans2","en","","0","1","0","https://x.com/undefined/status/2024374648813891834","1434136269756387328",
"2024374648813842812","Thu Feb 19 06:45:01 +0000 2026","0","连云港海州区 - - ","2024374648813842812","","","zh","","0","0","0","https://x.com/undefined/status/2024374648813842812","2010033818938535936",
"2024374648809673187","Thu Feb 19 06:45:01 +0000 2026","0","Di tempat saya baru sebatas pembentukan-pengesahan badan hukum Koperasi Kelurahan Merah Putih di notaris setahun yg lalu. Selebihnya hanya tiarap saja...","2024374648809673187","","","in","","0","0","0","https://x.com/undefined/status/2024374648809673187","4200694752",
"2024113923985698883","Thu Feb 19 06:45:01 +0000 2026","1","@u_take23 つまりたけさんはシェイカーで美味しいココアが作れる！笑 プロテイン初めて飲んでるんですけど、これめちゃくちゃ美味しいですね！！！！ 最近の朝の楽しみ笑","2024374648809673186","","u_take23","ja","","0","0","0","https://x.com/undefined/status/2024374648809673186","2304755408",
"2024331012738863291","Thu Feb 19 06:45:01 +0000 2026","2","@HELLO_SP500 押す","2024374648809652457","","HELLO_SP500","ja","","0","1","0","https://x.com/undefined/status/2024374648809652457","1687314617071177728",
"2024365469721874812","Thu Feb 19 06:45:01 +0000 2026","1","@_Lone_wolf_85 Они знают где лежат ключи но им лень. Я их не осуждаю. Завтра поеду ","2024374648809411015","","_Lone_wolf_85","ru","","0","1","0","https://x.com/undefined/status/2024374648809411015","468171195",
"2024374648805478589","Thu Feb 19 06:45:01 +0000 2026","0","RT @NirmalaSuku: எல்லா வரியும் வாங்குறீங்க.. ரூ.5000 பணத்தை எல்லா மகளிருக்கும் குடுங்க #தீயசக்தி_திமுக https://t.co/ZOsuNhWxKu","2024374648805478589","https://pbs.twimg.com/media/HBbOlScbcAIQDjl.jpg","","ta","","0","0","42","https://x.com/undefined/status/2024374648805478589","1387239926576521221",
"2024374648805183656","Thu Feb 19 06:45:01 +0000 2026","0","RT @propfirmsplaza: 50 × $10 000 Challenges Giveaway In partnership with OPF Capital 1️⃣ Follow @opfcapital @propfirmsplaza 2️⃣ Like ","2024374648805183656","","","en","","0","0","345","https://x.com/undefined/status/2024374648805183656","1632465803290324992",
"2024374648805155325","Thu Feb 19 06:45:01 +0000 2026","1","Soy la nalgonsota ¿que si tengo Telegram? ¡claro! y es vip donde me podrás ver en todas mis facetas mandame privadito Directo https://t.co/45WcPqUHrb https://t.co/rDQgRQbUI9","2024374648805155325","https://pbs.twimg.com/media/HBgGA4eWgAAInHW.jpg","","es","","0","0","0","https://x.com/undefined/status/2024374648805155325","1398821127850532869",
"2024374648797020350","Thu Feb 19 06:45:01 +0000 2026","0","RT @BenPennings: Police have raided and shut down Dissent Cafe and Bar in Canberra because posters in the front window depict Donald Trump ","2024374648797020350","","","en","","0","0","664","https://x.com/undefined/status/2024374648797020350","750357775423836161",
"2024133065136607524","Thu Feb 19 06:45:01 +0000 2026","0","@CZen001 @Peoples_Pundit OK yeah and ?","2024374648796790843","","CZen001","en","","0","0","0","https://x.com/undefined/status/2024374648796790843","2296659496",
"2024324623559774685","Thu Feb 19 06:45:06 +0000 2026","0","@hankisinvesting distribution first beats pitch decks","2024374669797683483","","hankisinvesting","en","","0","0","0","https://x.com/undefined/status/2024374669797683483","952081636174237696",
"2024374669793796435","Thu Feb 19 06:45:06 +0000 2026","0","RT @HeulwenSunset: I wish they will have their own Fancon angkatan mereka cm mereka berempat yg belum https://t.co/BOCEk91wbh","2024374669793796435","https://pbs.twimg.com/media/HBeiDeLa4AAArVd.jpg","","in","","0","0","123","https://x.com/undefined/status/2024374669793796435","1566296541458878465",
"2024070780238336223","Thu Feb 19 06:45:06 +0000 2026","1","@Sava_Misoni1104 鯖缶さん、こんにちは 秘密の場所でこれ2/15にポストしたどれかを着けておりました️","2024374669793775722","","Sava_Misoni1104","ja","","0","0","0","https://x.com/undefined/status/2024374669793775722","1930886894902292480",
"2024374669793718497","Thu Feb 19 06:45:06 +0000 2026","0","RT @viewleta: Ino and Cara ️ #bts #DonBelle #TayosaWakas https://t.co/fBpo25rjOn","2024374669793718497","https://pbs.twimg.com/media/HBf3gU3aIAAQmkB.jpg","","es","","0","0","116","https://x.com/undefined/status/2024374669793718497","1435523424281976836",
"2024374669785043000","Thu Feb 19 06:45:06 +0000 2026","0","RT @VipersSC: All the best Waiswa. We can confirm Moses Waiswa has left the club following the expiration of his contract. Thank you f ","2024374669785043000","","","en","","0","0","54","https://x.com/undefined/status/2024374669785043000","1586091956",
"2024374669785042998","Thu Feb 19 06:45:06 +0000 2026","0","RT @siimi_himah: #妖縁夜行図 https://t.co/juS6vk0hQ7","2024374669785042998","https://pbs.twimg.com/media/HBXQxNqa0AEVq6e.png","","qme","","0","0","61","https://x.com/undefined/status/2024374669785042998","3306996832",
"2024374669781188969","Thu Feb 19 06:45:06 +0000 2026","1","ほっぺちゃん(⁠*⁠´⁠ω⁠｀⁠*⁠) https://t.co/MlIQsklGfV","2024374669781188969","https://pbs.twimg.com/media/HBgGBtwbUAQpGbB.jpg","","ja","","0","0","0","https://x.com/undefined/status/2024374669781188969","1671148718916251651",
"2024348661145358483","Thu Feb 19 06:45:06 +0000 2026","1","@theganfam GM Gan ","2024374669780889956","","theganfam","in","","0","1","0","https://x.com/undefined/status/2024374669780889956","1350361598360170499",
"2024006322899837002","Thu Feb 19 06:45:06 +0000 2026","1","@SpotYenfu @FufuChen1 ","2024374669776961582","","SpotYenfu","qme","","0","0","0","https://x.com/undefined/status/2024374669776961582","994975107381522433",
"2024374669776720339","Thu Feb 19 06:45:06 +0000 2026","0","RT @edascofield: how the next episode looks at me at 3am https://t.co/eorzCqh2yt","2024374669776720339","https://pbs.twimg.com/amplify_video_thumb/2011517608684896256/img/tTEQKyC74z_xZXvU.jpg","","en","","0","0","827","https://x.com/undefined/status/2024374669776720339","4693502958",
"2024152755405729898","Thu Feb 19 06:45:06 +0000 2026","0","@DandaroOnline Yes","2024374669776691413","","DandaroOnline","und","","0","0","0","https://x.com/undefined/status/2024374669776691413","900801948164669442",
"2024019727148855300","Thu Feb 19 06:45:06 +0000 2026","1","@gema_dreamstyle Como la planteaste pero sin preocuoacions adicionales ni el tiempo corriendo. Claro que sentido tendria la vida sino? Buenos dias!!!","2024374669772513749","","gema_dreamstyle","es","","0","1","0","https://x.com/undefined/status/2024374669772513749","1800099346123284480",
"2024022166224740439","Thu Feb 19 06:45:06 +0000 2026","0","@yoldakihikayem Lan zavallı git ahırda yaşa","2024374669772488709","","yoldakihikayem","tr","","0","0","0","https://x.com/undefined/status/2024374669772488709","1393630322659627014",
"2024374669772476480","Thu Feb 19 06:45:06 +0000 2026","4","6 years on X https://t.co/WbmFMrzBA7","2024374669772476480","https://pbs.twimg.com/media/HBgGCMHXoAABZNr.jpg","","en","","0","0","0","https://x.com/undefined/status/2024374669772476480","1230113976777891840",
"2024374669768290538","Thu Feb 19 06:45:06 +0000 2026","0","RT @shyboicole: Wataa https://t.co/XXkTzInyj8 https://t.co/EI5dq5mfS8","2024374669768290538","https://pbs.twimg.com/amplify_video_thumb/2021065135297589248/img/MfFsU9C-8KIb7lnP.jpg","","hi","","0","0","668","https://x.com/undefined/status/2024374669768290538","1997177432819040256",
"2024374669764415562","Thu Feb 19 06:45:06 +0000 2026","0","RT @masiastam: من نمی‌دونم چرا این فیلم اونقدر که باید دیده نشد، جمعیت روستای #چنار کلا ۳ ۴ هزار نفره و این‌همه آدم برای مراسم چهلم #مهدی_ش ","2024374669764415562","","","fa","","0","0","6838","https://x.com/undefined/status/2024374669764415562","2012036514814033920",
"2024374686575186253","Thu Feb 19 06:45:10 +0000 2026","0","RT @IntheLonely: ความผิดของอีส้มที่ควรโดนยุบ สาเหตุเพราะมันแฉกกต.เหรอ? เห้ยประเทศเหี้ยหรือคนมันเหี้ยอ่ะ อารมณ์เดียวกับไม่จับคนซื้อเสียงแต่ ","2024374686575186253","","","th","","0","0","12954","https://x.com/undefined/status/2024374686575186253","1004730805120204802",
"2024374686574920165","Thu Feb 19 06:45:10 +0000 2026","0","RT @bluelivesmtr: BUSTED: Shenna Bellows just accidentally exposed the scam in a shocking admission... and the internet is forever. All ov ","2024374686574920165","","","en","","0","0","10183","https://x.com/undefined/status/2024374686574920165","1418628772186796035",
"2024374686570991865","Thu Feb 19 06:45:10 +0000 2026","0","RT @le63714472: https://t.co/U4R4ngqyHV","2024374686570991865","https://pbs.twimg.com/ext_tw_video_thumb/1528185534493106179/pu/img/g5-LoqVQv7PSRfEA.jpg","","zxx","","0","0","127","https://x.com/undefined/status/2024374686570991865","1982681721142403073",
"2024374686570680491","Thu Feb 19 06:45:10 +0000 2026","0","おはようございます https://t.co/amF9msNWWg","2024374686570680491","https://pbs.twimg.com/media/HBgF9veXcAAjBJV.jpg","","ja","","0","0","0","https://x.com/undefined/status/2024374686570680491","2003559870356946944",
"2024374686562607280","Thu Feb 19 06:45:10 +0000 2026","0","RT @mansaki_ddb: #プロレスの日 https://t.co/H1PrxoyJwM","2024374686562607280","https://pbs.twimg.com/media/HBfgLLpbUAAAevJ.jpg","","qme","","0","0","81","https://x.com/undefined/status/2024374686562607280","1098533302951075840",
"2024374686562603432","Thu Feb 19 06:45:10 +0000 2026","0","RT @Scare_Crow: @WallStreetApes https://t.co/k4XbQNv4pK","2024374686562603432","https://pbs.twimg.com/amplify_video_thumb/2024283859479662592/img/6Z2ql5CTEfpLXWgD.jpg","","qme","","0","0","2","https://x.com/undefined/status/2024374686562603432","1887367026253176833",
"2024238546882527528","Thu Feb 19 06:45:10 +0000 2026","0","@OlaLipe_ Meu dedo cai mas eles sai","2024374686562345452","","OlaLipe_","pt","","0","0","0","https://x.com/undefined/status/2024374686562345452","1112578804868894721",
"2024374686562292085","Thu Feb 19 06:45:10 +0000 2026","0","RT @Aleja_HD: Yo reiniciando mis pensamientos porque ya volví a pensar en lo que no debo. https://t.co/itsy7ES7Ie","2024374686562292085","https://pbs.twimg.com/media/HBdFW4UXMAAKQeH.jpg","","es","","0","0","8873","https://x.com/undefined/status/2024374686562292085","1426413042942808065",
"2024366635528925413","Thu Feb 19 06:45:10 +0000 2026","1","@LucenePLG https://t.co/JLK1pL36PH","2024374686558408834","https://pbs.twimg.com/tweet_video_thumb/HBgGCxCagAAxabo.jpg","LucenePLG","qme","","0","0","0","https://x.com/undefined/status/2024374686558408834","296672363",
"2024374686558408828","Thu Feb 19 06:45:10 +0000 2026","0","Silicon grows smarter Spirit grows stronger Balance wins #AngelicVsArtificial https://t.co/G6PhOQ017b","2024374686558408828","https://pbs.twimg.com/ext_tw_video_thumb/2024369405539532800/pu/img/zKJkRZsqq74aiN9E.jpg","","en","","0","0","0","https://x.com/undefined/status/2024374686558408828","1999174077282697216",
"2024151479699861603","Thu Feb 19 06:45:10 +0000 2026","0","@irishpatriot91 Yes this struck me as a message the first time I saw this video many years ago. The meat grinder is what's left of their minds after the indoctrination. Also the ones who went off to fight the endless wars. Back in the Covid days an anon made a video of this tailored around","2024374686558400716","","irishpatriot91","en","","0","0","0","https://x.com/undefined/status/2024374686558400716","1621258295368630272",
"2024374686558114100","Thu Feb 19 06:45:10 +0000 2026","0","RT @bestleaksswd: https://t.co/OHvfGyFits","2024374686558114100","https://pbs.twimg.com/amplify_video_thumb/2007939171873103872/img/I65LEViCMz2uWgnl.jpg","","zxx","","0","0","38","https://x.com/undefined/status/2024374686558114100","1813849724057010176",
"2024374686558060839","Thu Feb 19 06:45:10 +0000 2026","0","RT @Kaan_H_Okten: . Hegel'in kendi el yazısıyla: Kendini bil Erkenne dich selbst . [GW 13: 250] https://t.co/nA8FRVHS0l","2024374686558060839","https://pbs.twimg.com/media/Gij2mFcW4AAbRST.png","","tr","","0","0","92","https://x.com/undefined/status/2024374686558060839","1757147964785430529",
"2024374686553899428","Thu Feb 19 06:45:10 +0000 2026","0","RT @thinkpiecetribe: Then years later he threatens to cut Obama's nuts off like we lowkey might've lost the funniest black man on this plan ","2024374686553899428","","","en","","0","0","16","https://x.com/undefined/status/2024374686553899428","1545646654610710531",
"2024145687223402601","Thu Feb 19 06:45:10 +0000 2026","1","@elonmuskTRENDS We are writing the year: 45283 and from the loudspeakers of our spaceship E. M.2026 it sounds: Please buckle up and we will pass the black hole shortly.","2024374686553882755","","elonmuskTRENDS","en","","0","1","2","https://x.com/undefined/status/2024374686553882755","1878553728594169857",
"2024374686549717427","Thu Feb 19 06:45:10 +0000 2026","0","RT @simiafc: 6 years into the project and this is what you surround your franchise player with Go enjoy Madrid or Barca bro you don t ","2024374686549717427","","","en","","0","0","161","https://x.com/undefined/status/2024374686549717427","1448615496870506500",
"2024374686545531327","Thu Feb 19 06:45:10 +0000 2026","0","RT @Za_Kimotho: Good morning X creators ","2024374686545531327","","","en","","0","0","2","https://x.com/undefined/status/2024374686545531327","1945738844571365376",
"2024374686541631722","Thu Feb 19 06:45:10 +0000 2026","0","LAMYのキメラ増えすぎでは？？？","2024374686541631722","","","ja","","0","0","0","https://x.com/undefined/status/2024374686541631722","160189741",
"2024374736906858826","Thu Feb 19 06:45:22 +0000 2026","0","RT @fromwonton: https://t.co/hPPhH1Dy5Q","2024374736906858826","https://pbs.twimg.com/amplify_video_thumb/2024083798498103296/img/JJ9SWdT9c3XncI9T.jpg","","qme","","0","0","71","https://x.com/undefined/status/2024374736906858826","1749019029979975680",
"2024374736906834152","Thu Feb 19 06:45:22 +0000 2026","0","RT @narendramodi: The cultural programme at Bharat Mandapam showcased India s rich heritage and traditions! https://t.co/Pih33mon9F","2024374736906834152","https://pbs.twimg.com/media/HBc_PoibUAADhRX.jpg","","en","","0","0","8063","https://x.com/undefined/status/2024374736906834152","1627488761994166273",
"2024374736906834151","Thu Feb 19 06:45:22 +0000 2026","0","RT @ALTiWantTFC: the shade of this IKEA lampshade is shading https://t.co/BTb88siXZQ","2024374736906834151","https://pbs.twimg.com/media/HBcQpFPaoAAUmWJ.jpg","","en","","0","0","503","https://x.com/undefined/status/2024374736906834151","847365236",
"2024374731562987719","Thu Feb 19 06:45:22 +0000 2026","0"," МеgаЕТН #Rеwаrds are live! BIGGЕST drор jоin nоw! https://t.co/suFaS5xz36 @YourIdiotBroth1 @TomasHerreraRog @julian_goubet","2024374736906588404","","mimi_moods","cs","","0","0","0","https://x.com/undefined/status/2024374736906588404","1548254909048377345",
"2024374731562987719","Thu Feb 19 06:45:22 +0000 2026","0"," МеgаЕТН #Rеwаrds are live! BIGGЕST drор jоin nоw! https://t.co/suFaS5xz36 @shisuigwapo @thesangkuter @CampsorCapital","2024374736906580120","","mimi_moods","cs","","0","0","0","https://x.com/undefined/status/2024374736906580120","1548254909048377345",
"2024374731562987719","Thu Feb 19 06:45:22 +0000 2026","0"," МеgаЕТН #Rеwаrds are live! BIGGЕST drор jоin nоw! https://t.co/suFaS5xz36 @gimhong17370274 @cafestyle5 @Tetragaze","2024374736906575929","","mimi_moods","cs","","0","0","0","https://x.com/undefined/status/2024374736906575929","1548254909048377345",
"2024374731562987719","Thu Feb 19 06:45:22 +0000 2026","0"," МеgаЕТН #Rеwаrds are live! BIGGЕST drор jоin nоw! https://t.co/suFaS5xz36 @ContrarianEXTRA @BSheleh @KhulekaniBrian3","2024374736906543458","","mimi_moods","cs","","0","0","0","https://x.com/undefined/status/2024374736906543458","1548254909048377345",
"2024374731562987719","Thu Feb 19 06:45:22 +0000 2026","0"," МеgаЕТН #Rеwаrds are live! BIGGЕST drор jоin nоw! https://t.co/suFaS5xz36 @cutesienna12 @_I_U_O_ @2mzenei","2024374736906539154","","mimi_moods","cs","","0","0","0","https://x.com/undefined/status/2024374736906539154","1548254909048377345",
"2024368557711048935","Thu Feb 19 06:45:22 +0000 2026","1","@TrueLolzor ️ ️ ️","2024374736906522666","","TrueLolzor","qme","","0","0","0","https://x.com/undefined/status/2024374736906522666","1610692172570923028",
"2024374731562987719","Thu Feb 19 06:45:22 +0000 2026","0"," МеgаЕТН #Rеwаrds are live! BIGGЕST drор jоin nоw! https://t.co/suFaS5xz36 @sermon99938567 @BinaryAssets @shhxhabsbdhbs","2024374736906518560","","mimi_moods","cs","","0","0","0","https://x.com/undefined/status/2024374736906518560","1548254909048377345",
"2024374731562987719","Thu Feb 19 06:45:22 +0000 2026","0"," МеgаЕТН #Rеwаrds are live! BIGGЕST drор jоin nоw! https://t.co/suFaS5xz36 @kawkawkafka @Lisa08790740755 @Patrick93214468","2024374736906518559","","mimi_moods","cs","","0","0","0","https://x.com/undefined/status/2024374736906518559","1548254909048377345",
"2024374731562987719","Thu Feb 19 06:45:22 +0000 2026","0"," МеgаЕТН #Rеwаrds are live! BIGGЕST drор jоin nоw! https://t.co/suFaS5xz36 @adhi_beginning @Himel68963203 @Gregoris999","2024374736906485780","","mimi_moods","cs","","0","0","0","https://x.com/undefined/status/2024374736906485780","1548254909048377345",
"2024374736902656391","Thu Feb 19 06:45:22 +0000 2026","0","RT @Artisdead_not: Good morning https://t.co/L2FdYKrKdl","2024374736902656391","https://pbs.twimg.com/media/HBeNm44WMAAmbHd.jpg","","en","","0","0","24","https://x.com/undefined/status/2024374736902656391","2007337176007319552",
"2024374736902640002","Thu Feb 19 06:45:22 +0000 2026","0","RT @0ldmovies: I bet You This game will make Your Cum in 45 Seconds. Just Simply click on the link &amp; Create Your Dream Character https: ","2024374736902640002","","","en","","0","0","728","https://x.com/undefined/status/2024374736902640002","1480554583613009922",
"2024273213396758698","Thu Feb 19 06:45:22 +0000 2026","0","@kakarPathan_ 12 person if the wife is inclusive","2024374736902394053","","kakarPathan_","en","","0","0","0","https://x.com/undefined/status/2024374736902394053","2433252993",
"2024374731562987719","Thu Feb 19 06:45:22 +0000 2026","0"," МеgаЕТН #Rеwаrds are live! BIGGЕST drор jоin nоw! https://t.co/suFaS5xz36 @NguyenHau221292 @LumosRP @EvanNguyen_","2024374736902377611","","mimi_moods","cs","","0","0","0","https://x.com/undefined/status/2024374736902377611","1548254909048377345",
"2024374736902369438","Thu Feb 19 06:45:22 +0000 2026","0","RT @enfuisback: Ibai llanos dando altavoz a un tío que vive de soltar bulos y ser un puto fascista","2024374736902369438","","","es","","0","0","935","https://x.com/undefined/status/2024374736902369438","3340964135",
"2024374736902365256","Thu Feb 19 06:45:22 +0000 2026","0","RT @ThickShape: wataa https://t.co/VZzr0jhIZH","2024374736902365256","https://pbs.twimg.com/amplify_video_thumb/1981069562100494336/img/apbtS8RdmPOJGBiL.jpg","","hi","","0","0","1169","https://x.com/undefined/status/2024374736902365256","1153437154665750528",
"2024374731562987719","Thu Feb 19 06:45:22 +0000 2026","0"," МеgаЕТН #Rеwаrds are live! BIGGЕST drор jоin nоw! https://t.co/suFaS5xz36 @CyberCitizen3 @FletchCaldwell @wupaccess","2024374736902365255","","mimi_moods","cs","","0","0","0","https://x.com/undefined/status/2024374736902365255","1548254909048377345",
"2024374731562987719","Thu Feb 19 06:45:22 +0000 2026","0"," МеgаЕТН #Rеwаrds are live! BIGGЕST drор jоin nоw! https://t.co/suFaS5xz36 @m_pushy @0xTrumpeed @NinjasAlpacino","2024374736902357379","","mimi_moods","cs","","0","0","0","https://x.com/undefined/status/2024374736902357379","1548254909048377345",
"2024374331707675065","Thu Feb 19 06:45:29 +0000 2026","0","@bartniggerson Early awareness feels different.","2024374766266691717","","bartniggerson","en","","0","0","0","https://x.com/undefined/status/2024374766266691717","1917814440923398144",
"2024374766262767816","Thu Feb 19 06:45:29 +0000 2026","0","ていうか村雨先生もう自分の本当に欲しかったものも見つけただろうし思いやりも覚えたのにまだ違法手術してるんだ でも小説の描写から開業医やってる可能性もあるから買ったやつじゃなくて普通に患者か？だとしたらそれはそれで意識ない患者の横でスマホ弄ってるの衛生的に大丈夫か？","2024374766262767816","","","ja","","0","0","0","https://x.com/undefined/status/2024374766262767816","2344430580",
"2024374766262419768","Thu Feb 19 06:45:29 +0000 2026","0","RT @nobleisawinner: Would you call for Chelsea Clinton and everyone who embezzled Millions of USAID money be arrested? https://t.co/qGYL1Bx ","2024374766262419768","","","en","","0","0","103","https://x.com/undefined/status/2024374766262419768","731682369661485059",
"2024374766258495770","Thu Feb 19 06:45:29 +0000 2026","0","RT @_px_ju: 歌仙「少し主を見ておいてくれるかい？」 幼女審神者「かい？」 肥前「だりぃ」 幼女審神者「よぅ、歌仙。飯はまだか」 歌仙「肥前！肥前っ！どういうことだ、たったの二時間でどうしてこんな」 肥前「おれにもわかんねぇ」 幼女審神者「そう騒がず落ち着けよ」 加 ","2024374766258495770","","","ja","","0","0","85","https://x.com/undefined/status/2024374766258495770","963956682211512320",
"2024151927903379585","Thu Feb 19 06:45:29 +0000 2026","0","@Byoussef https://t.co/VXbuArnAQx","2024374766258319667","https://pbs.twimg.com/tweet_video_thumb/HBgGHUAbUAEa2cz.jpg","Byoussef","qme","","0","0","0","https://x.com/undefined/status/2024374766258319667","1882024859443863552",
"2024374766258233604","Thu Feb 19 06:45:29 +0000 2026","0","RT @itz_maryann02: FCT Youth! The 2026 Area Council Elections are approaching. Let s all behave well Vote buying is illegal. It s a trap th ","2024374766258233604","","","en","","0","0","19","https://x.com/undefined/status/2024374766258233604","1560936928052117504",
"2024374766254379323","Thu Feb 19 06:45:29 +0000 2026","0","RT @itsleesn: ภาพนี้ดิฉัน : https://t.co/5NW09p7gPP","2024374766254379323","https://pbs.twimg.com/media/HBfUOzKbUAAgCw0.jpg","","th","","0","0","7276","https://x.com/undefined/status/2024374766254379323","263600703",
"2024374766254120976","Thu Feb 19 06:45:29 +0000 2026","0","RT @callmeziziiiii: اونجایی بود که گفتی «به درک واصل شدن» دقیقا همونجا من برای بار نمیدونم چندم گفتم «کس ننت»","2024374766254120976","","","fa","","0","0","45","https://x.com/undefined/status/2024374766254120976","1816131472891207680",
"2024374766250197184","Thu Feb 19 06:45:29 +0000 2026","3","ตามหางานนี้ใครรู้บอกที https://t.co/hFiGqKd9aR","2024374766250197184","https://pbs.twimg.com/media/HBgGHwraYAAtpli.jpg","","th","","0","0","0","https://x.com/undefined/status/2024374766250197184","1358982601919270915",
"2024374766250127823","Thu Feb 19 06:45:29 +0000 2026","0","RT @319clip: 송은석 원빈이 다리 위에 앉았다가 삐끗함 (ㅠㅠ) 바보 https://t.co/LNq5DKsNPA","2024374766250127823","https://pbs.twimg.com/ext_tw_video_thumb/2024365172517982208/pu/img/dTZU_j6yZpyL9W1t.jpg","","ko","","0","0","767","https://x.com/undefined/status/2024374766250127823","1498150190313656322",
"2024374766245990864","Thu Feb 19 06:45:29 +0000 2026","0","RT @Lumiskin_JP: ＼フォロー＆いいねで応募できる／ リファ シャンプートリートメントセットお一人様にプレゼント ▼応募方法 1⃣本アカウントをフォロー 2⃣この投稿にコメント&amp;いいね 締切 3/1 23:59迄‼️ 当選者にはこちらからDMにて当選報 ","2024374766245990864","","","ja","","0","0","890","https://x.com/undefined/status/2024374766245990864","1988964775171354624",
"2024374766245990860","Thu Feb 19 06:45:29 +0000 2026","0","RT @Kanade035: Q?? Kaede se levantó temprano a publicar?? Yo los vi muy felices así q acá tienen Estaba hablando con la editora deq en e ","2024374766245990860","","","es","","0","0","11","https://x.com/undefined/status/2024374766245990860","1635460228916342785",
"2024374766245691637","Thu Feb 19 06:45:29 +0000 2026","0","RT @hy_wemmy: The illusion of options is making y all misbehave and fumble genuine people.","2024374766245691637","","","en","","0","0","2506","https://x.com/undefined/status/2024374766245691637","431572261",
"2024373244279521617","Thu Feb 19 06:45:29 +0000 2026","403","@TheTamers12345 Yeah and they also start making out cause they gay and stuff","2024374766241743065","","TheTamers12345","en","","1","7","17","https://x.com/undefined/status/2024374766241743065","1931608827490889728",
"2024374766241464753","Thu Feb 19 06:45:29 +0000 2026","23","[] Behind photo SBS Inkigayo tramite HIGHER #ATEEZ #에이티즈 https://t.co/Ci8My7WclZ","2024374766241464753","https://pbs.twimg.com/media/HBgGHq2XUAAkxz4.jpg","","tl","","0","0","2","https://x.com/undefined/status/2024374766241464753","1303758642265632768",
"2024302489655554523","Thu Feb 19 06:45:29 +0000 2026","0","@luv_lpskun ミルク / ミルク、ミル、ミルミル 高校生 5月28日 大阪 一般常識がない方 ずっと絡みたいなって思ってたけど全然絡めてないから絡み行くねこれからもよろしく！！","2024374766233329835","","luv_lpskun","ja","","0","1","0","https://x.com/undefined/status/2024374766233329835","1666085349607743492",
"2024374766228934734","Thu Feb 19 06:45:29 +0000 2026","0","こんばんは～","2024374766228934734","","","ja","","0","0","0","https://x.com/undefined/status/2024374766228934734","1863454427224449025",
"2024374787238482389","Thu Feb 19 06:45:34 +0000 2026","0"," 克拉玛依克拉玛依区 3","2024374787238482389","","","zh","","0","0","0","https://x.com/undefined/status/2024374787238482389","1972170426051645440",
"2024374787238240321","Thu Feb 19 06:45:34 +0000 2026","0","RT @MrReyKing: Ya le andaba palpitando el chimuelo JAJAJAJAJAJAA https://t.co/kFUCc2XOBz","2024374787238240321","https://pbs.twimg.com/amplify_video_thumb/2024195048313946112/img/FPzRpL-d7ogCR-K6.jpg","","es","","0","0","285","https://x.com/undefined/status/2024374787238240321","1745991935595065344",
"2024374787234287996","Thu Feb 19 06:45:34 +0000 2026","0","RT @t_ransborder: 구체적 죄책 여부(3) : 윤석열은 내란 우두머리죄. 김용현은 내란중요임무종사죄.","2024374787234287996","","","ko","","0","0","1761","https://x.com/undefined/status/2024374787234287996","1435956819822735365",
"2024374787234287985","Thu Feb 19 06:45:34 +0000 2026","0","RT @ploygoodluck: ขนลุกเลยจริงๆอะ การบวชไม่ใช่แค่การโกนผมแล้วห่มผ้าเหลือง แต่มันคือการตัดสินใจวางทุกอย่างที่เคยยึดถือไว้ข้างหลัง ทั้งความสบ ","2024374787234287985","","","th","","0","0","8778","https://x.com/undefined/status/2024374787234287985","1810017078172372992",
"2024374787234029712","Thu Feb 19 06:45:34 +0000 2026","0","RT @internetvin: I'm still processing but I think I would die for the Obsidian CLI using this with Claude Code or any agent is fucking in ","2024374787234029712","","","en","","0","0","91","https://x.com/undefined/status/2024374787234029712","938458719708499973",
"2024104725113704926","Thu Feb 19 06:45:34 +0000 2026","0","@Afc_Nels2 stay humble brother humble","2024374787233951752","","Afc_Nels2","en","","0","0","0","https://x.com/undefined/status/2024374787233951752","1487696644334395392",
"2024374787233939473","Thu Feb 19 06:45:34 +0000 2026","0","RT @PROFESORM0RB0S0: https://t.co/EOzaNqHB7x","2024374787233939473","https://pbs.twimg.com/amplify_video_thumb/1997799675034775552/img/xtz6ODLyYAKUvaeH.jpg","","zxx","","0","0","322","https://x.com/undefined/status/2024374787233939473","758499443708530688",
"2024374787230101669","Thu Feb 19 06:45:34 +0000 2026","0","RT @BUS_SONRAY: #ร้านประจำ ของพี่ย้งมาแล้ววว ต้องขอขอบคุณพี่ ๆ เสือร้องไห้ ที่ชวนพวกเรามาร่วมแจม ร่วมป่วน สนุกเป็นกันเองสุด ๆ ไปดูพร้อม ","2024374787230101669","","","th","","0","0","2731","https://x.com/undefined/status/2024374787230101669","1455820903661522944",
"2024374787230093534","Thu Feb 19 06:45:34 +0000 2026","0","RT @SpekterCity: The doors to Spekter City Closed Beta open on February 18. If you re Silver-tier or higher in Spek Hub you re in the s ","2024374787230093534","","","en","","0","0","1763","https://x.com/undefined/status/2024374787230093534","195930699",
"2024374787229823222","Thu Feb 19 06:45:34 +0000 2026","0","RT @globalbngtnmix: the fact that think about us or sweet melody couldve featured zara and we got nothing im sick https://t.co/yEjabIAaBk","2024374787229823222","https://pbs.twimg.com/ext_tw_video_thumb/1763388924158722048/pu/img/kRd8Nd6ybWcakya8.jpg","","en","","0","0","86","https://x.com/undefined/status/2024374787229823222","1299955506367389696",
"2024374787225612792","Thu Feb 19 06:45:34 +0000 2026","0","RT @Merryweatherey: Everyone Hates Nuclear-Chan https://t.co/dSx0IBBMiv","2024374787225612792","https://pbs.twimg.com/media/HBXA_1CbcAAVuf_.jpg","","en","","0","0","1191","https://x.com/undefined/status/2024374787225612792","3905748497",
"2024374787213316452","Thu Feb 19 06:45:34 +0000 2026","0","RT @TeluguScribe: 20 నెలల్లో సగానికి పైగా పడిపోయిన హెరిటేజ్ షేర్లు రెండేళ్ల 2024లో కూటమి ప్రభుత్వం వచ్చిన జూన్ నాటికి ఆల్ టైం హయ్యెస్ట్ రూ ","2024374787213316452","","","te","","0","0","280","https://x.com/undefined/status/2024374787213316452","1447196888806006787",
"2024374787213316451","Thu Feb 19 06:45:34 +0000 2026","0","RT @appch__: สีกานั่งใกล้พระมาก เช่าชุดตีกระบังกันตั้งแต่ตี2รึเปล่าคะ https://t.co/RNjKwETTtY","2024374787213316451","https://pbs.twimg.com/media/HBf1GrfbUAMSznZ.jpg","","th","","0","0","15015","https://x.com/undefined/status/2024374787213316451","346553425",
"2024374787209093445","Thu Feb 19 06:45:34 +0000 2026","0","RT @rajini198080: ஒரு எளிய சைகை ஒரு மாபெரும் தாக்கம் https://t.co/Au9lpnc1i3","2024374787209093445","https://pbs.twimg.com/ext_tw_video_thumb/2024330550463647745/pu/img/GLyRNiDgiKmnlAec.jpg","","ta","","0","0","11","https://x.com/undefined/status/2024374787209093445","799535132914937856",
"2024374787209072707","Thu Feb 19 06:45:34 +0000 2026","0","RT @mydearguard: 양준석이 ㄴㅁㄴㅁ보고싶습미다 ‍️‍️ 그리고 어제 준석이 연대 체교선배미 낭낭하더라 .. #양준석 https://t.co/YHxig8uB2a","2024374787209072707","https://pbs.twimg.com/media/G9TyeBrbIAAuhxB.jpg","","ko","","0","0","58","https://x.com/undefined/status/2024374787209072707","2013207849657393152",
"2024374787204927738","Thu Feb 19 06:45:34 +0000 2026","0","RT @Nadoyoungz__: 시간이 지나도 변하지 않는게있대.. https://t.co/jAXsUediO7","2024374787204927738","https://pbs.twimg.com/amplify_video_thumb/2023695901571866624/img/EAcdxKlzVHU_3bfK.jpg","","ko","","0","0","358","https://x.com/undefined/status/2024374787204927738","1938265753297231872",
"2024374787204927731","Thu Feb 19 06:45:34 +0000 2026","0","RT @Speculator_io: The easy money is over. VIX rising Gold blowing off Crypto getting killing Leadership narrowing Market breadt ","2024374787204927731","","","en","","0","0","183","https://x.com/undefined/status/2024374787204927731","1300163637642846209",
"2024374787204640842","Thu Feb 19 06:45:34 +0000 2026","0","RT @solelynostalgia: this vibe. https://t.co/7Id5J85Nz4","2024374787204640842","https://pbs.twimg.com/media/HBfJ7pIXMAA4GvX.jpg","","en","","0","0","196","https://x.com/undefined/status/2024374787204640842","3140365650",
"2024374854338629753","Thu Feb 19 06:45:50 +0000 2026","0","RT @amandalorian_: baseball szn is so back https://t.co/wZmBAKBamW","2024374854338629753","https://pbs.twimg.com/media/HBe3M7la4AAXiUy.jpg","","en","","0","0","86","https://x.com/undefined/status/2024374854338629753","505210342",
"2024374854338609449","Thu Feb 19 06:45:50 +0000 2026","0","RT @777mld777: @sayerjigmi @RWMaloneMD Who in the right mind would ever say that the active ingredient in round up should be at all in our ","2024374854338609449","","","en","","0","0","1","https://x.com/undefined/status/2024374854338609449","1785739991567458304",
"2024374854330298714","Thu Feb 19 06:45:50 +0000 2026","0","RT @NinoBrown_X: Arsenal?? Them gyimi pass Sarah the girl the Russian man chopped","2024374854330298714","","","en","","0","0","31","https://x.com/undefined/status/2024374854330298714","1936908668215140352",
"2024374854330233249","Thu Feb 19 06:45:50 +0000 2026","0","RT @Perrroloco7: Robar robar y robar. No tienen ningún otro interés https://t.co/UGz84JkDny","2024374854330233249","https://pbs.twimg.com/media/HBbnsW4WIAAUh_p.jpg","","es","","0","0","275","https://x.com/undefined/status/2024374854330233249","406442996",
"2024374854326374487","Thu Feb 19 06:45:50 +0000 2026","0","RT @040321Ton: 가나디 이름은 나즈굴이고 2살이래 들개 아니고 주인있는 가나디라고 https://t.co/BO8GGswkP4","2024374854326374487","https://pbs.twimg.com/amplify_video_thumb/2024292321056215042/img/7mLqbl71DGmxQxth.jpg","","ko","","0","0","4378","https://x.com/undefined/status/2024374854326374487","1634360796250787840",
"2024374854326296586","Thu Feb 19 06:45:50 +0000 2026","0","RT @_deepthroaters_: Wataa","2024374854326296586","","","hi","","0","0","24","https://x.com/undefined/status/2024374854326296586","1693784867056820224",
"2024374854326137129","Thu Feb 19 06:45:50 +0000 2026","0","RT @Men_Of_Purpose: Stop moving like it's you vs the world. Start moving like the world's already on your side. https://t.co/SBQgsG964g","2024374854326137129","https://pbs.twimg.com/amplify_video_thumb/2024017738239557632/img/HBDjWbANetTMeCwl.jpg","","en","","0","0","392","https://x.com/undefined/status/2024374854326137129","1525475270169346048",
"2024374854326034790","Thu Feb 19 06:45:50 +0000 2026","0","RT @YaneKariuki: Naam wacha sasa tutizame highlights za hapo Estadio de Molineux tuone yaliyojiri kati ya mwana bunduki na mwana Wolves. K ","2024374854326034790","","","tl","","0","0","600","https://x.com/undefined/status/2024374854326034790","1348572741318959104",
"2024374854322163782","Thu Feb 19 06:45:50 +0000 2026","0","RT @LoveMyGrands8: @RepLuna Get it done. Force it. How about force the unredactions as well. The DOJ was to only redact victims not every ","2024374854322163782","","","en","","0","0","7","https://x.com/undefined/status/2024374854322163782","1933103791156707329",
"2024374854317986184","Thu Feb 19 06:45:50 +0000 2026","0","RT @AnderYul: https://t.co/Yzm6l3uIvz https://t.co/wcCYo2v2J5 https://t.co/GeKSHsbdpG","2024374854317986184","https://pbs.twimg.com/media/HBc71D-aYAAlZOb.png","","zxx","","0","0","269","https://x.com/undefined/status/2024374854317986184","1831619893210574850",
"2024345436119847130","Thu Feb 19 06:45:50 +0000 2026","0","hii slot rn 3/6 yaa. butuh 2-3 lagii","2024374854309597413","","catfishyaki","in","","0","0","0","https://x.com/undefined/status/2024374854309597413","974772011930177538",
"2024374854309306590","Thu Feb 19 06:45:50 +0000 2026","0","RT @lawvno: tiny doodle while I draw some angst #enadreambbq #fanart https://t.co/WO7ecJr7cW","2024374854309306590","https://pbs.twimg.com/media/HBeEt-FWsAAlopK.png","","en","","0","0","125","https://x.com/undefined/status/2024374854309306590","1478021824516702213",
"2024374854305140746","Thu Feb 19 06:45:50 +0000 2026","0","RT @paladeltrabajo: https://t.co/eELuwJk8Vm","2024374854305140746","https://pbs.twimg.com/ext_tw_video_thumb/2024136455635755009/pu/img/8a9ByMvh1sFtDvA0.jpg","","zxx","","0","0","301","https://x.com/undefined/status/2024374854305140746","1874618593213915136",
"2023286757392064861","Thu Feb 19 06:45:50 +0000 2026","3","@amyblissxx Stunning ️ ","2024374854305124452","","amyblissxx","en","","0","0","0","https://x.com/undefined/status/2024374854305124452","1969039673054887936",
"2024374854301208657","Thu Feb 19 06:45:50 +0000 2026","0","RT @mishra_4G: भंते जी (जय भीम वाले) आउट ऑफ कंट्रोल! कर दिया कांड https://t.co/i38nnIRDBg","2024374854301208657","https://pbs.twimg.com/ext_tw_video_thumb/2024043821504557056/pu/img/hXbPTky4R3RGShmq.jpg","","hi","","0","0","447","https://x.com/undefined/status/2024374854301208657","1519966649847205888",
"2024371468977516899","Thu Feb 19 06:45:56 +0000 2026","2","@SvenskBrud I don't think they won't get a chance to go on a date together.Everyone is going on dates with their interests.The production just hid it from us.","2024374879513137460","","SvenskBrud","en","","0","1","0","https://x.com/undefined/status/2024374879513137460","1927821475798720512",
"2024374879508976103","Thu Feb 19 06:45:56 +0000 2026","0","RT @everymomentten: เด็กที่รักพี่เตนล์ที่สุด น้องเนยของเฮียเตนล์ https://t.co/bilIhUbBUW","2024374879508976103","https://pbs.twimg.com/media/HBgEXEfbUAMCkld.jpg","","th","","0","0","143","https://x.com/undefined/status/2024374879508976103","2454616670",
"2024374879508976097","Thu Feb 19 06:45:56 +0000 2026","0","RT @TOYOTA_GR: 新型RAV4(PHEV)を発売 洗練されたデザインのZと、優れた操縦性能のGR SPORTを設定 TOYOTAは、新型RAV4(PHEV)を、3月9日に発売します。 新型RAV4は、｢Life is an https://t.co/LklS2G ","2024374879508976097","","","ja","","0","0","334","https://x.com/undefined/status/2024374879508976097","1044923414341767170",
"2024374879504548195","Thu Feb 19 06:45:56 +0000 2026","0","RT @lahoragt: #LHNacionales | Periodista Jose Rubén Zamora solicita cancelar la Fundación contra el Terrorismo por criminalizar a defensore ","2024374879504548195","","","es","","0","0","16","https://x.com/undefined/status/2024374879504548195","14305753",
"2024374879504457788","Thu Feb 19 06:45:56 +0000 2026","0","Who up ","2024374879504457788","","","en","","0","0","0","https://x.com/undefined/status/2024374879504457788","1754698518785069057",
"2024374879500587518","Thu Feb 19 06:45:56 +0000 2026","69","진짜 너무 좋아서 어뜨카지 https://t.co/tav0pDoLgx","2024374879500587518","https://pbs.twimg.com/media/HBgGOPabUAYnJ1Z.jpg","","ko","","0","0","5","https://x.com/undefined/status/2024374879500587518","1725861508171894784",
"2024374879500321191","Thu Feb 19 06:45:56 +0000 2026","0","RT @Jhonffonseca: ¡HÉROE DE VERDAD! Un padre de Florida abandonó su trabajo y corrió a sacar a su hijo de la escuela al enterarse de que l ","2024374879500321191","","","es","","0","0","2043","https://x.com/undefined/status/2024374879500321191","389558632",
"2024202001509191750","Thu Feb 19 06:45:56 +0000 2026","0","@nkhoshkish Raise your voice to save innocent lives. #AliSafari #SalehMohammadi #ShervinBagherian","2024374879500304435","","nkhoshkish","en","","0","0","0","https://x.com/undefined/status/2024374879500304435","2009685326823075843",
"2024374879496098006","Thu Feb 19 06:45:56 +0000 2026","0","RT @Juliedonuts: We were never meant to pay for our own existence. This is FIRE!🇺🇸 https://t.co/m7mDCf4iVq","2024374879496098006","https://pbs.twimg.com/amplify_video_thumb/2023936899509796864/img/fO17rFkBqmDjGIDT.jpg","","en","","0","0","5193","https://x.com/undefined/status/2024374879496098006","3350753499",
"2024374879496061142","Thu Feb 19 06:45:56 +0000 2026","0","RT @mliloom: Pilne! Warszawa i okolice! Mamy tydzień na znalezienie domu (chociaż tymczasowego na minimum 2-3 miesiące) dla Wasyla! ","2024374879496061142","","","pl","","0","0","197","https://x.com/undefined/status/2024374879496061142","1508002108213276676",
"2024374879492198878","Thu Feb 19 06:45:56 +0000 2026","0","RT @82_u41: やっぱり困り顔が可愛すぎる男 https://t.co/R7P66B2hqq","2024374879492198878","https://pbs.twimg.com/media/HBfkPxSbUAEMkH5.jpg","","ja","","0","0","1188","https://x.com/undefined/status/2024374879492198878","1923016058413481984",
"2024292987300397064","Thu Feb 19 06:45:56 +0000 2026","0","@yuzuponzu_livly え！嬉しい(՞っ ̫ _՞) 呼んでー！！うちもゆずちゃん呼びする〜","2024374879492198874","","yuzuponzu_livly","ja","","0","1","0","https://x.com/undefined/status/2024374879492198874","1961665296969994243",
"2024374879488004572","Thu Feb 19 06:45:56 +0000 2026","0","RT @woncattos: You've grown up a lot Jungwon crying like that on a stage with a crowd. Him crying made other staff members cry as well. ","2024374879488004572","","","en","","0","0","615","https://x.com/undefined/status/2024374879488004572","2001986477375586306",
"2024374879488004571","Thu Feb 19 06:45:56 +0000 2026","0","RT @yusu_211: マイクラ開いたらこれでドカ鬱 https://t.co/Lqwvd1Pi9n","2024374879488004571","https://pbs.twimg.com/media/HBbnXMtasAE4IXi.jpg","","ja","","0","0","1518","https://x.com/undefined/status/2024374879488004571","2010257709933965317",
"2024374879487660379","Thu Feb 19 06:45:56 +0000 2026","29","https://t.co/2cUU7tcHiU Miksi EQR ei vie kiviä Nasdaq:n käytäville? Mitä luulette onko Almonty vai Nasdaq ehdottanut tätä? Mitä luulette maksaako Almonty vai Nasdaq tästä kiviesittelystä? Nauran sisäänpäin. #Tungsten","2024374879487660379","","","fi","","0","4","0","https://x.com/undefined/status/2024374879487660379","967684525781381120",
"2024374879479615532","Thu Feb 19 06:45:56 +0000 2026","0","RT @0FUCKMYLOVE: 𝓒𝓱𝓾𝓭𝓪𝓲... https://t.co/MEfhvYscfB","2024374879479615532","https://pbs.twimg.com/media/HBIatByakAELilk.jpg","","hi","","0","0","646","https://x.com/undefined/status/2024374879479615532","1647623885888847872",
"2024374879479586817","Thu Feb 19 06:45:56 +0000 2026","0","Yesterday #LunarNewYear and today is #AshWednesday day before #Lent and also the start of #Ramadan. Amazing convergence happening this week. Let's bring people together. https://t.co/HiF9An75PW","2024374879479586817","https://pbs.twimg.com/media/HBgGOWTbUAE0_E7.jpg","","en","","0","0","0","https://x.com/undefined/status/2024374879479586817","15214135",
"2024374917261918246","Thu Feb 19 06:46:05 +0000 2026","0","RT @Peppermint_2525: 庶民がして欲しかった事：消費税減税、手取り増加、物価対策、社会保障費削減。 さなえが取り組む事：憲法改正、皇室典範改正、議員定数削減。","2024374917261918246","","","ja","","0","0","1664","https://x.com/undefined/status/2024374917261918246","976098810706325506",
"2024374917261660545","Thu Feb 19 06:46:05 +0000 2026","0","RT @Khankamoo: فری عمران خان۔۔۔ https://t.co/7E7SDsmKjA","2024374917261660545","https://pbs.twimg.com/media/HBdKPqBbUAIUpNV.jpg","","fa","","0","0","271","https://x.com/undefined/status/2024374917261660545","1385997932562948107",
"2024131216568373528","Thu Feb 19 06:46:05 +0000 2026","0","@MataraKan @furraridriver https://t.co/nuyvvI91Ag","2024374917261594995","https://pbs.twimg.com/tweet_video_thumb/HBgGQIkXMAAyeEy.jpg","MataraKan","qme","","0","0","0","https://x.com/undefined/status/2024374917261594995","251256952",
"2024374917261590768","Thu Feb 19 06:46:05 +0000 2026","0","RT @Missblx: Essentials at the right price. Silky Prestige 10s now UGX 15 900. Geisha Soap 200g UGX 2 900. Vaseline Lotion 240ml UGX 8 900. ","2024374917261590768","","","en","","0","0","16","https://x.com/undefined/status/2024374917261590768","1443089832444563459",
"2024370004305773054","Thu Feb 19 06:46:05 +0000 2026","8","@funny_kante If na you will you give https://t.co/HeoXVfGY9K","2024374917261558091","https://pbs.twimg.com/media/HBgGQPYW0AAvEXs.jpg","funny_kante","en","","0","0","0","https://x.com/undefined/status/2024374917261558091","1728287579747827712",
"2024374917257437247","Thu Feb 19 06:46:05 +0000 2026","7","how it feels walking around with my paody and ramil plushies dangling from my small ass purse https://t.co/lU3k4itvn3","2024374917257437247","https://pbs.twimg.com/amplify_video_thumb/2019782922299994112/img/KIovZfYOm_NXcXsj.jpg","","en","","0","0","1","https://x.com/undefined/status/2024374917257437247","1657614522465525762",
"2024374917249298834","Thu Feb 19 06:46:05 +0000 2026","115","Kind of unbelievable that both pictures are from the same set https://t.co/QjCRwmgE0Z","2024374917249298834","https://pbs.twimg.com/media/HBgGPrHbUAAXjdT.jpg","","en","","1","0","6","https://x.com/undefined/status/2024374917249298834","1591473872192573440",
"2024374917248999875","Thu Feb 19 06:46:05 +0000 2026","0","RT @Dodgers: Edwin and Shohei talking shop. https://t.co/wdyGpGGWUJ","2024374917248999875","https://pbs.twimg.com/media/HBeO6FobUAMeFo0.jpg","","en","","0","0","648","https://x.com/undefined/status/2024374917248999875","1311481142214889472",
"2024374917245157403","Thu Feb 19 06:46:05 +0000 2026","0","RT @AllyBeeBlahblah: Another animation WIP of these silly goobers!! #radiostatic #HazbinHotelVox #Alastor https://t.co/UgklJygNlj","2024374917245157403","https://pbs.twimg.com/ext_tw_video_thumb/1778479940838830081/pu/img/i-qAJUMykePGgvA0.jpg","","en","","0","0","703","https://x.com/undefined/status/2024374917245157403","1104378091416125440",
"2024374917240938880","Thu Feb 19 06:46:05 +0000 2026","0","RT @binbou415: アメリカ小麦日本向けは枯葉剤散布、EU向けは枯葉剤なし、ここを改めないと。日本では給食のパンはじめ市販のアメリカ小麦パンほとんど枯葉剤パンだから集団訴訟も考えるべき。","2024374917240938880","","","ja","","0","0","921","https://x.com/undefined/status/2024374917240938880","1893284815090393089",
"2024374917240934717","Thu Feb 19 06:46:05 +0000 2026","0","RT @phuwijn: https://t.co/YMzyVdJNeC","2024374917240934717","https://pbs.twimg.com/media/HBfPUJCXYAABM9B.jpg","","qme","","0","0","4848","https://x.com/undefined/status/2024374917240934717","1468896811993624576",
"2024369128778453093","Thu Feb 19 06:46:05 +0000 2026","1","@hide33111 帝王です。 シルバーミノー(ウィードレススプーン)で、ボコボコに釣ったり ラパラのF13に、# 2のフック装着してたり 目がテンになりました‼️","2024374917240934710","","hide33111","ja","","0","1","0","https://x.com/undefined/status/2024374917240934710","1297531552784510977",
"2024374917236740388","Thu Feb 19 06:46:05 +0000 2026","0","RT @TPST__official: [TEMPEST] I be going out with a bang https://t.co/XEFWUZMzQo https://t.co/9vel0DFqMs https://t.co/CxHfKPW4wO ","2024374917236740388","","","en","","0","0","287","https://x.com/undefined/status/2024374917236740388","1978036415238991872",
"2024374917236511164","Thu Feb 19 06:46:05 +0000 2026","0","RT @anders_aslund: How can anybody claim that the US has any freedom of speech after this? Open your minds or shut up!","2024374917236511164","","","en","","0","0","3064","https://x.com/undefined/status/2024374917236511164","3409452688",
"2024374917236469805","Thu Feb 19 06:46:05 +0000 2026","0","RT @juanfhoms: La felicidad de cobrar el sueldo. La tristeza de pagar las cuentas. Dos caras de la misma moneda.","2024374917236469805","","","es","","0","0","305","https://x.com/undefined/status/2024374917236469805","1776859642812891137",
"2024374917232545915","Thu Feb 19 06:46:05 +0000 2026","0","RT @StyleListings: Attendance Please! Padhayi karlo ache se nai toh admission nai hoga Galgotias mein!! ","2024374917232545915","","","fr","","0","0","75","https://x.com/undefined/status/2024374917232545915","4773269183",
"2024224875775434989","Thu Feb 19 06:46:05 +0000 2026","2","@FeelsGuy2003 especially with the ai slop..ffs","2024374917228270048","","FeelsGuy2003","en","","0","0","0","https://x.com/undefined/status/2024374917228270048","1340536737441857536",
"2024374917228024100","Thu Feb 19 06:46:05 +0000 2026","0","RT @adnnoticiasmx: Una pasajera fue bajada de un taxi tras un desacuerdo por la política de no aceptar mascotas. En el video que circula ","2024374917228024100","","","es","","0","0","1374","https://x.com/undefined/status/2024374917228024100","412331675",
"2024374917224079588","Thu Feb 19 06:46:05 +0000 2026","0","RT @Pavanasoonu: Lagna lord Nakshatra placement indicates your power fame and health.","2024374917224079588","","","en","","0","0","20","https://x.com/undefined/status/2024374917224079588","102633171",
"2024374955010671035","Thu Feb 19 06:46:14 +0000 2026","2","radjamが終わっても営業している、30人くらいで行ける居酒屋を探しています","2024374955010671035","","","ja","","0","0","0","https://x.com/undefined/status/2024374955010671035","1598465211320926209",
"2024374955006447824","Thu Feb 19 06:46:14 +0000 2026","0","RT @NEERF0808: น้องฟรีนน่ารักจัง เอามือบังหัวให้ทุกคนเลย #srchafreen https://t.co/JFms728gdz","2024374955006447824","https://pbs.twimg.com/amplify_video_thumb/2024063669081104384/img/jjJF928lzj_clcD2.jpg","","th","","0","0","1840","https://x.com/undefined/status/2024374955006447824","2361325909",
"2024333508085153826","Thu Feb 19 06:46:14 +0000 2026","1","@thomfarofeiro BRUNO É O CARALHO EU SOU O LOBO *MAL*","2024374955006197812","","thomfarofeiro","pt","","0","0","0","https://x.com/undefined/status/2024374955006197812","1623518020554354688",
"2024374955002253379","Thu Feb 19 06:46:14 +0000 2026","1","市長の声どっかで聞いたなと思ったらトランセンドと同じ声だった","2024374955002253379","","","ja","","0","0","0","https://x.com/undefined/status/2024374955002253379","1132704632503844864",
"2024374955002253376","Thu Feb 19 06:46:14 +0000 2026","0","エリックミヤシロ氏参加されててやはりな、という。音で分かるぞ","2024374955002253376","","","ja","","0","0","0","https://x.com/undefined/status/2024374955002253376","978938871885938688",
"2024374955002003846","Thu Feb 19 06:46:14 +0000 2026","0","RT @HadrielReis: #FEDERALIZAÇÃODOCASOORELHA não vamos esquecer que os demônios de Santa Catarina fizeram contra o pobre do cachorro proíba ","2024374955002003846","","","pt","","0","0","5","https://x.com/undefined/status/2024374955002003846","1748950205339160576",
"2024374955001950345","Thu Feb 19 06:46:14 +0000 2026","0","RT @TreasonousBabe: Kama unaishi Nakuru anza kuchukua picha mbele ya nyumba yenyu. Itakua soon under Israeli occupation ","2024374955001950345","","","in","","0","0","727","https://x.com/undefined/status/2024374955001950345","1254161774947041280",
"2024374954998059047","Thu Feb 19 06:46:14 +0000 2026","0","RT @KaoriArimoto_CP: 大移民時代の新たな利権策への方針決定。 ■ 日本語指導の充実に向け、支援員らを学校職員に　国が法令改正の方針（朝日新聞） https://t.co/F36INshkcl","2024374954998059047","","","ja","","0","0","3845","https://x.com/undefined/status/2024374954998059047","891765875136618496",
"2024374954997792843","Thu Feb 19 06:46:14 +0000 2026","3","Literalmente en nuestra comunidad está normalizado decir lihudi/a como insulto. No debería ser así y nosotros mejor que nadie sabemos lo que es que te pongan el estigma solo por tus creencias.","2024374954997792843","","","es","","0","1","0","https://x.com/undefined/status/2024374954997792843","1380167978830946313",
"2024374954997772614","Thu Feb 19 06:46:14 +0000 2026","0","RT @Lush_Beauty1: Thank you Jesus for opening our eyes to see another day.","2024374954997772614","","","en","","0","0","65","https://x.com/undefined/status/2024374954997772614","2007145425846013952",
"2024374954993782887","Thu Feb 19 06:46:14 +0000 2026","0","RT @DIM_7976: #jjba #jjbafanart #HigashikataJosuke https://t.co/sGKniBWHgC","2024374954993782887","https://pbs.twimg.com/media/HBcxGckawAAeXsJ.jpg","","qme","","0","0","1266","https://x.com/undefined/status/2024374954993782887","1308773089627353088",
"2023361375238828279","Thu Feb 19 06:46:14 +0000 2026","1","@_tur_quoise はっ？","2024374954989670682","","_tur_quoise","ja","","0","0","0","https://x.com/undefined/status/2024374954989670682","1968471434482827264",
"2024374954989670681","Thu Feb 19 06:46:14 +0000 2026","0","RT @trytostayforw: ️: ตอนประมูลคิดว่าชื่อเสียงมีผลมั้ย : ไม่มี ไม่มีเลย ไม่มีใครปรานีเราเลย ยิ่งมีชื่อเสียง ของผมก็ต้องยิ่งทำออกมาดีมากๆ ","2024374954989670681","","","th","","0","0","1757","https://x.com/undefined/status/2024374954989670681","1366282918859919362",
"2024374954989650138","Thu Feb 19 06:46:14 +0000 2026","0","RT @AyTanzania: PUNCH delivers endless wins! Strategic link with Marginfi for lending innovation. The token celebration is live grab $25 ","2024374954989650138","","","en","","0","0","134","https://x.com/undefined/status/2024374954989650138","14967925",
"2024374954989621329","Thu Feb 19 06:46:14 +0000 2026","0","RT @Wookinho: THIS IS INSANE https://t.co/hIyLQ7pEK5","2024374954989621329","https://pbs.twimg.com/media/HBeTogMWoAEGid7.jpg","","en","","0","0","11","https://x.com/undefined/status/2024374954989621329","313080814",
"2024374954989609308","Thu Feb 19 06:46:14 +0000 2026","0","RT @sillewt: https://t.co/NYklHwgQ4g","2024374954989609308","https://pbs.twimg.com/media/HBcKx_LagAAJfO8.jpg","","zxx","","0","0","103","https://x.com/undefined/status/2024374954989609308","1872978913951137795",
"2024374954985476147","Thu Feb 19 06:46:14 +0000 2026","0","RT @musuhphp: Woi istri gue keterima kerja tapi ngisi kontraknya bukan pake NIK tapi nomor passport. ALIAS KERJA REMOTE HAHAHAHAHA LOVE ","2024374954985476147","","","in","","0","0","2702","https://x.com/undefined/status/2024374954985476147","191738365",
"2024374954985443336","Thu Feb 19 06:46:14 +0000 2026","6","Tinney's the man. Getting extended minutes Waubonsie Valley alum Josh Tinney answers the call for Aurora University. Whatever is asked. @RickArmstrong28 with the story for #TribSuburbanSports. @JoshuaTinney10 @AU_Spartans @AUCoachSteve @Coach_Schweitz https://t.co/f2fvgsH3A0","2024374954985443336","","","en","","0","0","5","https://x.com/undefined/status/2024374954985443336","3165538012",
"2024374954985226699","Thu Feb 19 06:46:14 +0000 2026","0","RT @cem_uk_: Imagine watching Schindler's List and your takeaway is that you should participate in the next genocide you see https://t.co/T ","2024374954985226699","","","en","","0","0","2491","https://x.com/undefined/status/2024374954985226699","109207083",
"2024327855161954753","Thu Feb 19 06:46:18 +0000 2026","6","@chobi1375 何時から開始しても ｢都合が悪い｣って人はいるから そこは仕方ないと思うんだけど 発売して秒でSOLD OUTになるのは勘弁してほしいよね せめて数日はあるようになればいいのに と思う","2024374971787874796","","chobi1375","ja","","0","2","0","https://x.com/undefined/status/2024374971787874796","1725685437921165312",
"2024374971783696889","Thu Feb 19 06:46:18 +0000 2026","0","RT @TheInsiderPaper: BREAKING Bill Gates has cancelled his speech that was scheduled for Thursday at a major AI summit in India the Gate ","2024374971783696889","","","en","","0","0","641","https://x.com/undefined/status/2024374971783696889","1963720639",
"2024374971779469737","Thu Feb 19 06:46:18 +0000 2026","0","RT @Khurpenchinfra: Trinity Metro Station Bengaluru Public transport: Ambulances stuck: Students late for exams: Daily wagers los ","2024374971779469737","","","en","","0","0","130","https://x.com/undefined/status/2024374971779469737","1223761999",
"2024374971779469729","Thu Feb 19 06:46:18 +0000 2026","0","RT @Thick_EYElash: https://t.co/3gwyFBoblI","2024374971779469729","https://pbs.twimg.com/ext_tw_video_thumb/2024151824861663232/pu/img/T0D9bQiUJPXPcbsF.jpg","","zxx","","0","0","780","https://x.com/undefined/status/2024374971779469729","1482938524735504384",
"2024374971771080787","Thu Feb 19 06:46:18 +0000 2026","3","時速285km/hで移動する点R","2024374971771080787","","","ja","","0","0","0","https://x.com/undefined/status/2024374971771080787","1700525168547037184",
"2024374971770843516","Thu Feb 19 06:46:18 +0000 2026","0","Or concept ▬ك&amp;#x648;د▬خ&amp;#x635;م▬فو&amp;#x63a;ا▬كلو&amp;#x633;يت▬ ⎐قوغا⎐كلوسـيٺ⎐ ⊵s5v⊴ ⎐فلأى▬ان⎐ ⊵m49⊴ ⎐مغربى▬للبصرىات⎐ ⊵mb36⊴ ^^^^ JLN","2024374971770843516","","","ar","","0","0","0","https://x.com/undefined/status/2024374971770843516","1221988744426737665",
"2024374971766886570","Thu Feb 19 06:46:18 +0000 2026","0","RT @pompomcoffee: ตัวอย่างของ ช้างตายทั้งตัวเอาใบบัวมาปิดก็ไม่มิด ที่แท้ทรู พี่พับไม่ตายฟรีแน่ แล้วคิดดูนะว่าช่วงที่ผ่านมาพากันแอบนำที่ดิ ","2024374971766886570","","","th","","0","0","5691","https://x.com/undefined/status/2024374971766886570","350337025",
"2024373093259522074","Thu Feb 19 06:46:18 +0000 2026","1","@enkanokraii IM DOING ABSOLUTELY FANTASTIC MY MOM BOUGHT ME SUSHI AND A SWITCH 2","2024374971766657408","","enkanokraii","en","","0","1","0","https://x.com/undefined/status/2024374971766657408","1328569281827762176",
"2024374971766567382","Thu Feb 19 06:46:18 +0000 2026","0","RT @Ramiro_Espino: @_anapastor_ @KMbappe Inmenso sí. Cuando simula dejándose caer en cada partido también le mirán los niños...cuando lla ","2024374971766567382","","","es","","0","0","1","https://x.com/undefined/status/2024374971766567382","959361878085521408",
"2024374971762692326","Thu Feb 19 06:46:18 +0000 2026","0","RT @awstbbas: ช่องไฟแบบใด อ่อ แบบแฟนนนน ‍↕️ #แม็กกี้บาส https://t.co/7HX4GKqQ2o","2024374971762692326","https://pbs.twimg.com/media/HBf7tPibUAIfp0z.jpg","","th","","0","0","158","https://x.com/undefined/status/2024374971762692326","872122969",
"2024374971762676202","Thu Feb 19 06:46:18 +0000 2026","0","RT @Koreantv__: Chudai https://t.co/MoTmtQGgr5","2024374971762676202","https://pbs.twimg.com/amplify_video_thumb/2023225252726398976/img/wKpbnMhEZvwducHH.jpg","","hi","","0","0","305","https://x.com/undefined/status/2024374971762676202","1706166223627755520",
"2024374969468100750","Thu Feb 19 06:46:18 +0000 2026","0","و قال بعضهم: ذلك كان منه، ويكون بأن الله جل ذكره أعطى بعض الحجارة المعرفة والفهم، فعقل طاعة الله فأطاعه كالذي رُوي عن الجذع الذي كان يستند إليه رسول الله صلى الله عليه وسلم إذا خطب فلما تحوّل عنه حنّ. وكالذي رُوي عن النبيّ صلى الله عليه وسلم أنه قال:","2024374971758268755","","elrmidae","ar","","0","1","0","https://x.com/undefined/status/2024374971758268755","1092174917435568128",
"2024374971758211253","Thu Feb 19 06:46:18 +0000 2026","0","RT @kentin_au: this is NOT me. do NOT FOLLOW THIS ACCOUNT. pls report &gt; impersonation and type my X id @KentinPeac76126 https://t.co/XUyV7 ","2024374971758211253","","","en","","0","0","60","https://x.com/undefined/status/2024374971758211253","3171910682",
"2024374678207480272","Thu Feb 19 06:46:18 +0000 2026","0","@Maira_JKT48 Semangat puasanya dede","2024374971750109673","","Maira_JKT48","in","","0","0","0","https://x.com/undefined/status/2024374971750109673","1712986164280668160",
"2024374971745685895","Thu Feb 19 06:46:18 +0000 2026","0","Can I come lick on her?????","2024374971745685895","","","en","","0","0","0","https://x.com/undefined/status/2024374971745685895","1647282317310803970",
"2024374971745665218","Thu Feb 19 06:46:18 +0000 2026","0","RT @catshealdeprsn: A cat that keeps enduring sleepiness I could watch it forever. https://t.co/aTF1nCFFIF","2024374971745665218","https://pbs.twimg.com/amplify_video_thumb/2011379825924255745/img/ZtfeT8L5usyk_s73.jpg","","en","","0","0","1369","https://x.com/undefined/status/2024374971745665218","1171517854413250563",
"2024374971741720706","Thu Feb 19 06:46:18 +0000 2026","0","RT @snuyday: https://t.co/CE5K7QEFp8","2024374971741720706","https://pbs.twimg.com/media/G1bRpD6aMAATH4w.jpg","","qme","","0","0","25","https://x.com/undefined/status/2024374971741720706","1965449266845065216",
"2023647108507856995","Thu Feb 19 06:46:18 +0000 2026","9","@Oq0iQ 今回の裁判は、ChatGPTによると、裁判長が、憲法第20条をどれだけ重んじるか次第のようだ。証拠を捏造してでも解散すべき宗教なのか、2人の証人尋問の内容や、全国で行われた街頭演説の叫び声をぜひ踏まえて、三木素子裁判長殿には、ご判断いただきたい！ #家庭連合解散命令撤回を求めます","2024374971741720704","","Oq0iQ","ja","","0","0","6","https://x.com/undefined/status/2024374971741720704","1462598558780174345",
"2024374971737526615","Thu Feb 19 06:46:18 +0000 2026","0","RT @whwehla2: 대학 합격하고싶댓지 누가 대학다니고싶댓냐 이미친새끼들아","2024374971737526615","","","ko","","0","0","4257","https://x.com/undefined/status/2024374971737526615","1673590227984867328",
"2024374996953378872","Thu Feb 19 06:46:24 +0000 2026","0","RT @AaronRegunberg: Identity politics was forced on us by the left they say as the avatar of soulless centrism praises an ICE concentrat ","2024374996953378872","","","en","","0","0","213","https://x.com/undefined/status/2024374996953378872","291601611",
"2024374996949487792","Thu Feb 19 06:46:24 +0000 2026","0"," 西安","2024374996949487792","","","ja","","0","0","0","https://x.com/undefined/status/2024374996949487792","2008697775027089408",
"2024374996949487788","Thu Feb 19 06:46:24 +0000 2026","0","RT @sunflower746131: ในภาพมีคู่รักกี่คู่คะ ตอบถูกแสดงว่าเป็นสาววาย #อิงล็อต #ฟรีนเบค https://t.co/M1qujCoA2N","2024374996949487788","https://pbs.twimg.com/media/HBbsqobbQAA7v_M.jpg","","th","","0","0","576","https://x.com/undefined/status/2024374996949487788","1300837128398467073",
"2024374996949168424","Thu Feb 19 06:46:24 +0000 2026","0","RT @B0oTaOfficial: علی امین ہمارے لیے یہ کر دے، سہیل آفریدی ہمارے لئے یہ کردے، فلانا ایسا کیوں نہی کر رہا۔ جنے توانوں ساری زندگی دے دتی تس ","2024374996949168424","","","ur","","0","0","209","https://x.com/undefined/status/2024374996949168424","1527502627843580103",
"2024374996945293508","Thu Feb 19 06:46:24 +0000 2026","0","RT @Jungyippy: หายเศร้ากันยังงง","2024374996945293508","","","th","","0","0","2596","https://x.com/undefined/status/2024374996945293508","2845642682",
"2024374996945281383","Thu Feb 19 06:46:24 +0000 2026","0","わたしさ、気付いたの。ナオコの女がさ、ナオコのこと「ナオコちゃん」って言ってるとこ、大好き。","2024374996945281383","","","ja","","0","0","0","https://x.com/undefined/status/2024374996945281383","1932804212108509184",
"2024374660612444469","Thu Feb 19 06:46:24 +0000 2026","1","@ruka_HNS おはあああ","2024374996945224078","","ruka_HNS","ja","","0","0","0","https://x.com/undefined/status/2024374996945224078","961958506290077696",
"2024374996945010996","Thu Feb 19 06:46:24 +0000 2026","0","RT @losblancoswrld: Vinicius Jr - the good guy who always got treated badly. https://t.co/I2GeMjaugF","2024374996945010996","https://pbs.twimg.com/ext_tw_video_thumb/1852626602850402304/pu/img/2Hnrr2tQnMQD9S6m.jpg","","en","","0","0","2232","https://x.com/undefined/status/2024374996945010996","1250952831064031232",
"2024374996944969942","Thu Feb 19 06:46:24 +0000 2026","0","RT @harryjsisson: BREAKING: The FBI interviewed an Epstein victim who accused Trump of assaulting her when she was 13-15 years old 4 times ","2024374996944969942","","","en","","0","0","9020","https://x.com/undefined/status/2024374996944969942","26123629",
"2024357504025596252","Thu Feb 19 06:46:24 +0000 2026","1","@olaskey1805 claimed dawg","2024374996944957722","","olaskey1805","en","","0","0","0","https://x.com/undefined/status/2024374996944957722","1858485693535948800",
"2024374996940869725","Thu Feb 19 06:46:24 +0000 2026","0","RT @lilbabythegreat: @Gunnadaily4ever the nigga that released young thug private phone jails calls btw https://t.co/3qnb7PNsYE","2024374996940869725","https://pbs.twimg.com/tweet_video_thumb/HBdkbXcW8AAww9R.jpg","","en","","0","0","2","https://x.com/undefined/status/2024374996940869725","1792273058901770240",
"2024374996936904788","Thu Feb 19 06:46:24 +0000 2026","0","RT @AlessandraRdlv: Alcaldesa en tu Casa en Tepito. https://t.co/6QjPYfcJLb","2024374996936904788","https://pbs.twimg.com/amplify_video_thumb/2024327198509846528/img/UqxITU2r-QCBupXt.jpg","","es","","0","0","805","https://x.com/undefined/status/2024374996936904788","750232711",
"2024374996936831373","Thu Feb 19 06:46:24 +0000 2026","0","浜名湖10R 16:00 | 競艇４点予想 □狙うなら、今この瞬間 □精密な読みが光る4点の構成️ □理論と実績で組んだ4点構成 https://t.co/217O7OP6Mk","2024374996936831373","","","ja","","0","0","0","https://x.com/undefined/status/2024374996936831373","1569646854",
"2024374996936671279","Thu Feb 19 06:46:24 +0000 2026","0","RT @jeremycorbyn: Get Palantir out of our NHS now. https://t.co/dEkbvXKvcP","2024374996936671279","https://pbs.twimg.com/amplify_video_thumb/2023811470077915137/img/WbY6dXL5Hl2djAkc.jpg","","en","","0","0","4608","https://x.com/undefined/status/2024374996936671279","1595027184296525824",
"2024145246716572143","Thu Feb 19 06:46:24 +0000 2026","1","@dao_oxo 这是展现出尼禄最完美的一幅画。","2024374996932710554","","dao_oxo","zh","","0","1","0","https://x.com/undefined/status/2024374996932710554","1769321963754082304",
"2024374996932710553","Thu Feb 19 06:46:24 +0000 2026","0"," 厦门","2024374996932710553","","","zh","","0","0","0","https://x.com/undefined/status/2024374996932710553","2008697774397890560",
"2024374996932649242","Thu Feb 19 06:46:24 +0000 2026","0","RT @rosco_graves: i'll just be walking around my house and randomly emote-spam this https://t.co/DvFWFE2fGq","2024374996932649242","https://pbs.twimg.com/media/HBbT9QxbIAAFMHm.jpg","","en","","0","0","22","https://x.com/undefined/status/2024374996932649242","1922603560971444224",
"2024374996932452491","Thu Feb 19 06:46:24 +0000 2026","0","RT @Boti273322: Let s continue subscribing on YouTube . 70k views unlocked RESILIENT SWEET GULUVA WE CHOOSE SWEET GULUVA #SweetGulu ","2024374996932452491","","","en","","0","0","70","https://x.com/undefined/status/2024374996932452491","4286640406",
"2024374996932427922","Thu Feb 19 06:46:24 +0000 2026","1","He just like me for real","2024374996932427922","","","en","","0","0","0","https://x.com/undefined/status/2024374996932427922","3182149794",
