"conversation_id_str","created_at","favorite_count","full_text","id_str","image_url","in_reply_to_screen_name","lang","location","quote_count","reply_count","retweet_count","tweet_url","user_id_str","username"
"1080614708762226688","Wed Jan 02 23:59:58 +0000 2019","0","Insallah lampung akan mengantarkan @Jokowi menjadikan presiden kembali. #LampungBangkitBersamaJokowi","1080614708762226688","","","in","","0","0","0","https://x.com/undefined/status/1080614708762226688","1071106362258538496",
"1080314809306861569","Wed Jan 02 23:59:53 +0000 2019","0","@RachlanNashidik Lha yang membuka lembaran masa lalu Prabowo anda sendiri koq. Lupa ya??? https://t.co/16w2PtpvD5","1080614688646356993","https://pbs.twimg.com/media/Dv8dUulVAAA7CRZ.jpg","rachlannashidik","in","","0","0","0","https://x.com/undefined/status/1080614688646356993","959681370732679169",
"1080298243882246144","Wed Jan 02 23:59:50 +0000 2019","0","@fadlizon Setiap kinerja dan progam pemerintahan harus minta persetujuan dr @DPR_RI smua kinerja dan progam pemerintah saat ini secara terbuka dan transparan gk ada yg di sebunyikan oleh @jokowi rakyat merasakan hidup semakin sulit berati kurang kerja keras ","1080614676554121217","","fadlizon","in","","0","0","0","https://x.com/undefined/status/1080614676554121217","1032470508145528832",
"1080614675283292160","Wed Jan 02 23:59:50 +0000 2019","1","Pemimpin bisa memberi teladan ya jokowi beliau menjadi contoh bukan memberi contoh","1080614675283292160","","","in","","0","0","0","https://x.com/undefined/status/1080614675283292160","4766432562",
"1080614667154669569","Wed Jan 02 23:59:48 +0000 2019","0","Mana yg punya pengetahuan tentang agama dan mana yg tidak.. @jokowi #Jokowi2Periode","1080614667154669569","","","in","","0","0","0","https://x.com/undefined/status/1080614667154669569","4529169956",
"1080614644178243584","Wed Jan 02 23:59:42 +0000 2019","0","@Jokowi fokus pada masyarakat lampung dan memberikan harapan doa besar Semangat untuk lampung #LampungBangkitBersamaJokowi","1080614644178243584","","jokowi","in","","0","0","0","https://x.com/undefined/status/1080614644178243584","1071106362258538496",
"1080614642483785729","Wed Jan 02 23:59:42 +0000 2019","0","Apakah harus kita berdebat soal capres? Soalnya siapapun presidennya ngana sekalian harus tetap kerja kalo masih butuh duit","1080614642483785729","","","in","","0","0","0","https://x.com/undefined/status/1080614642483785729","3010779620",
"1080614612221992960","Wed Jan 02 23:59:35 +0000 2019","0","Timses Jokowi: Penyampaian Visi-Misi Juga Ada di Debat Pilpres https://t.co/LZG5IZq5ke https://t.co/XjE9IAQRoJ","1080614612221992960","https://pbs.twimg.com/media/Dv8dQ0AVYAAaO-V.jpg","","in","","0","0","0","https://x.com/undefined/status/1080614612221992960","846715204637376513",
"1080614611408154624","Wed Jan 02 23:59:34 +0000 2019","0","Dengan agenda lengkap @Jokowi akan melaksanakan tugasnya selama 2 hari.. #LampungBangkitBersamaJokowi","1080614611408154624","","","in","","0","0","0","https://x.com/undefined/status/1080614611408154624","1071106362258538496",
"1080445666508210176","Wed Jan 02 23:59:34 +0000 2019","0","@Saya2019P @jokowi Emang punya duit katanya buat menyumbang prabowo sandi 5jt masuk surga.","1080614611244568576","","Saya2019P","in","","0","1","0","https://x.com/undefined/status/1080614611244568576","716267933043793920",
"1080474882595409920","Wed Jan 02 23:59:33 +0000 2019","2","@OPsengkleh @officialvpc @kangsemproel @putrabanten80 Saya ge bobotoh...moal pisan milih no.1 tetep lah yakin ka pasangan prabowo sandi.","1080614604366012417","","Paman_doblan9","in","","0","0","0","https://x.com/undefined/status/1080614604366012417","955707591744606209",
"1080528298411667457","Wed Jan 02 23:59:31 +0000 2019","0","@Bluelion_ind Prabowo nggak pntas jdi imam sholat??suruh jdi imam kuda aja... Pilihan ulama kok nggak pntas jdi imam sholat...","1080614598812680192","","Bluelion_ind","in","","0","0","0","https://x.com/undefined/status/1080614598812680192","941537542943338496",
"1080614587106390016","Wed Jan 02 23:59:29 +0000 2019","0","Yuu ikuti Agenda Presiden Pa @Jokowi ke lampung !!!! #LampungBangkitBersamaJokowi","1080614587106390016","","","in","","0","0","0","https://x.com/undefined/status/1080614587106390016","1071106362258538496",
"1080534647048732672","Wed Jan 02 23:59:29 +0000 2019","0","@CintaNKRI12 @prabowo aamiin ya allah ya robal'alamin","1080614586909224960","","CintaNKRI12","in","","0","0","0","https://x.com/undefined/status/1080614586909224960","838618209867591682",
"1079769922375364611","Wed Jan 02 23:59:20 +0000 2019","0","@ShofiulFuadi28 @Ferdinand_Haean @jokowi @KPU_ID @bawaslu_RI Dia belum uji coba sudah gagal pak","1080614551748435969","","ShofiulFuadi28","in","","0","0","0","https://x.com/undefined/status/1080614551748435969","800277825349566464",
"1080604984591314945","Wed Jan 02 23:59:15 +0000 2019","0","@Fahrihamzah Terlalu berlebihan...kalau membandingkan Prabowo dengan Pak Karno. Pak Karno selalu jeli dan teliti kalau Prabowo sangat ceroboh","1080614528772071426","","Fahrihamzah","in","","0","0","1","https://x.com/undefined/status/1080614528772071426","1077940581110755330",
"1080398110449225728","Wed Jan 02 23:59:03 +0000 2019","0","@jvdas_iskariot @jokowi Orang tua yang mana?","1080614479883169793","","Yang_MuliaPAP","in","","0","0","0","https://x.com/undefined/status/1080614479883169793","72847323",
"1080614451257040896","Wed Jan 02 23:58:56 +0000 2019","0","Mengawali tahun 2019 Pak Jokowi mengisi kegiatannya dengan mengunjungi para korban Tsunami Di Lampung Selatan. #LampungBangkitBersamaJokowi","1080614451257040896","","","in","","0","0","0","https://x.com/undefined/status/1080614451257040896","1071106362258538496",
"1079769922375364611","Wed Jan 02 23:58:47 +0000 2019","0","@diah_soewarno @PakKarno3 @Erwin55254645 @Ferdinand_Haean @jokowi @KPU_ID @bawaslu_RI Iya ga mw 2 periode. Biar apa ? Biar mafia politik bisa meraja lela. #salam2periode.","1080614410727522304","","diah_soewarno","in","","0","1","0","https://x.com/undefined/status/1080614410727522304","2382291864",
"1080614401940500480","Wed Jan 02 23:58:44 +0000 2019","2","Capres yg menebar ketakutan dan kecemasan pada rakyat ini gimana dok @Gamal_Albinsaid ???","1080614401940500480","","","in","","0","0","3","https://x.com/undefined/status/1080614401940500480","99495638",
"1070505361260535808","Wed Jan 02 23:58:44 +0000 2019","1","@PRAMANA77987984 @Helooowww @BHD_58 @fariz1234 @noperhan @engkongniy @Nunung35Aza @Genesis7173 @FrennyPahibe @nostradm @Ken2steve @DenyCaprion @Meshal91459745 @Karolina_bee11 @TheArieAir @banaspati65 @yan_tanuwidjaya @SiharMHSitorus @SalmaBrecht @EliasAdi79 @MuhSujarw4 @wijaya_karenina @EmakMisqueen @zonk_brain @DjanChoek @avatarcs99 @Ferdinand_Haean @AndiArief__ @Winardhi2617 @faizalassegaf @hnurwahid @ProfRoySembel @chicohakim @Airin_NZ @adevj1969 @AlvinoLulu @tyanika9 @grace_nat @TsamaraDKI @aniesbaswedan @yusuf_dumdum @na_dirs @CH_chotimah @addiems @iwanfals @ariel_heryanto @Gustika @sedyautamaandin @Vivittts @prabowo Nyinyir mulu sampai lupa nikah https://t.co/UTeJd3hT54","1080614399193243648","https://pbs.twimg.com/media/Dv8dDQcVYAA9AQE.jpg","PRAMANA77987984","in","","1","1","0","https://x.com/undefined/status/1080614399193243648","869284500",
"1078183933634695169","Wed Jan 02 23:58:40 +0000 2019","0","@dewkemalahayati @BangPino_ @PEPESOfficial @prabowo @sandiuno @rsoekarnoputri @TitiekSoeharto @swulll @marlina_idha @LisaAmartaTara @umibasyar @evvylamora Madura bergerak Jangan Kasih kendor orang yg ASBUN yg gak Jadi potong Lehrer Karena Sudah tahu 02 MENANG. #jagatps ","1080614383263264768","","","in","","0","0","0","https://x.com/undefined/status/1080614383263264768","1524585356",
"1080314809306861569","Wed Jan 02 23:58:38 +0000 2019","0","@patria_aza_ @cakbulla @babahliong @RachlanNashidik banyak yg sudah dikerjakan jokuwi lho selama ini dalam membangun bangsa tapi lebih banyak lagi gagalnya.....makanya sudahlah kita pastikan #2019GantiPresiden saja. Yg sekarang masih dukung jokuwi gak usah ragu pilih prabowo aja ya...","1080614374253838336","","mamami_mamiku","in","","0","0","0","https://x.com/undefined/status/1080614374253838336","1050266155988860929",
"1080614358231638016","Wed Jan 02 23:58:34 +0000 2019","0","Dalam Kunjungannya ke Lampung Jokowi juga didampingi oleh Menteri Kesehatan Nila F. Moeleok Kepala Staf Kepresidenan Moeldoko Menteri Sosial Agus Gumiwang Kartasasmita dan Menteri PUPR Basuki Hadimuljono. https://t.co/yyPXdL53lb. #LampungBangkitBersamaJokowi","1080614358231638016","","","in","","0","0","0","https://x.com/undefined/status/1080614358231638016","1071106362258538496",
"1080614346340749313","Wed Jan 02 23:58:31 +0000 2019","0","Keadilan sdh mati di tangan @jokowi #2019PrabowoSandi #TahunBaruPresidenBaru https://t.co/MZB5Ym5whB","1080614346340749313","","","in","","0","0","0","https://x.com/undefined/status/1080614346340749313","3321423907",
"1080475907138048000","Wed Jan 02 23:58:29 +0000 2019","0","@AndiArief__ Proses dng hukum yg berlaku..krn sdh mbangun opini publik bahwa pihak pemerintah curang dalam pemilu..#TANGKAP","1080614336962252801","","Andiarief__","in","","0","0","0","https://x.com/undefined/status/1080614336962252801","1056411199288438785",
"1080614307593744385","Wed Jan 02 23:58:22 +0000 2019","0","Berita hoax untuk dijadikan tuntutan apabila prabowo kalah dlm pilpres. Karena pendukungnya sudah merasa yakin prabowo akan kalah maka dipersiapkanlah hoax2 seperti ini. https://t.co/RFqZSvrqxf","1080614307593744385","https://pbs.twimg.com/media/Dv8c-pQVsAAGPiY.jpg","","in","","0","0","0","https://x.com/undefined/status/1080614307593744385","1065575584967708673",
"1080058458752204800","Wed Jan 02 23:58:10 +0000 2019","0","@LisaAmartaTara @fadlizon @prabowo @sandiuno @Ferdinand_Haean @MbahUyok Kasian kesetiaan itu hanya pada Allah Rasulullah dan Ulil amri...kesesatan hizbi atau sudah kena racun hizbi","1080614258834993152","","LisaAmartaTara","in","","0","0","0","https://x.com/undefined/status/1080614258834993152","3657587894",
"1080521449536860160","Wed Jan 02 23:58:09 +0000 2019","0","@Mmahalik2 @addiems Muga kepleset shg warga malah takut sm prabowo.","1080614252656742400","","Mmahalik2","in","","0","0","0","https://x.com/undefined/status/1080614252656742400","1049904801138569217",
"1080457993257283584","Wed Jan 02 23:58:07 +0000 2019","0","@AkunTofa Prabowo uno","1080614246130405378","","AkunTofa","pl","","0","0","0","https://x.com/undefined/status/1080614246130405378","848174746847985666",
"1080614242468786176","Wed Jan 02 23:58:06 +0000 2019","0","Dalam kunjunganya Ke Lampung jokowi juga akan mengunjungi tempat pengusngsian para korban selamat bencana tsunami dilapangan tenis Kalianda Lampung Selatan. https://t.co/UeoJ6vMnPd #LampungBangkitBersamaJokowi","1080614242468786176","","","in","","0","0","0","https://x.com/undefined/status/1080614242468786176","1071106362258538496",
"1080445666508210176","Wed Jan 02 23:57:59 +0000 2019","0","@jokowi Mereka para korban butuh rumah.","1080614211221217281","","jokowi","in","","0","0","0","https://x.com/undefined/status/1080614211221217281","979300849091407872",
"1080614204669800448","Wed Jan 02 23:57:57 +0000 2019","0","Ada dua Lokasi yang akan dikunjungi Presiden Jokowi hari ini yaitu Kecamatan Rajabasa dan Kecamatan Kalianda Kabupaten Lampung Selatan. #LampungBangkitBersamaJokowi","1080614204669800448","","","in","","0","0","0","https://x.com/undefined/status/1080614204669800448","1071106362258538496",
"1080614203923128320","Wed Jan 02 23:57:57 +0000 2019","0","Colek y sok milenial @jokowi","1080614203923128320","","","in","","0","0","0","https://x.com/undefined/status/1080614203923128320","432494636",
"1080314620596838400","Wed Jan 02 23:57:55 +0000 2019","1","@SutanRiska @jokowi Tetap semangat membangun NKRI.. ..Salam.","1080614196084002816","","SutanRiska","in","","0","0","0","https://x.com/undefined/status/1080614196084002816","967981316720357377",
"1080298869978673152","Wed Jan 02 23:57:43 +0000 2019","0","@jokowi Semanggat Pakkk ","1080614143227392001","","jokowi","in","","0","0","0","https://x.com/undefined/status/1080614143227392001","1043131219217543168",
"1080500716475764737","Wed Jan 02 23:57:37 +0000 2019","0","@detikcom Hidup prabowo","1080614117872873472","","detikcom","in","","0","0","0","https://x.com/undefined/status/1080614117872873472","1067593381780451328",
"1080614100890087424","Wed Jan 02 23:57:33 +0000 2019","1","Soekarno mirip Prabowo..? Bukan sebaliknya Prabowo yg ingin meniru Soekarno? Nampak sekali kedangkalan/ gagal faham seorang @Fahrihamzah Patas saja tdk laku/ tdk satupun partai yg sudi menampungnya.","1080614100890087424","","","in","","1","0","0","https://x.com/undefined/status/1080614100890087424","974256049539620864",
"1080614051166674944","Wed Jan 02 23:57:21 +0000 2019","0","Anggota timses Prabowo-Sandiaga Fuad Bawazier menjelaskan hitung-hitungan setiap anak di Indonesia menanggung beban utang negara. Ini hutang dr jaman mertua wowo? Dimana wowo bagian dr jaman itu... jujur woooo https://t.co/cPEduOMrLC","1080614051166674944","","","in","","0","0","0","https://x.com/undefined/status/1080614051166674944","188257422",
"1080614031738646528","Wed Jan 02 23:57:16 +0000 2019","0","Insya allah prabowo &amp; sandi menang 2019..... amin.... https://t.co/y3azxS14Ls","1080614031738646528","","","in","","0","0","0","https://x.com/undefined/status/1080614031738646528","2757850633",
"1080604984591314945","Wed Jan 02 23:57:15 +0000 2019","1","@Fahrihamzah Mana ada prabowo krtitis kpd asing.. Dia juga dari asing.. Akal yg sehat mas... Dia lebih pro.. Adik nya aja CS sama mamarika","1080614027363930112","","Fahrihamzah","in","","0","0","1","https://x.com/undefined/status/1080614027363930112","1045855837112041472",
"1080604984591314945","Wed Jan 02 23:57:13 +0000 2019","19","@RinjaniJB @Fahrihamzah Kenapa harus meniru orang lain Kalo bisa jadi diri sendiri. Seperti tidak punya kebanggaan diri saja sampai harus meniru atau disama2kan dengan orang lain. Apa memang Prabowo ga punya kebanggaan diri itu makanya disama2kan dimirip2kan dg tokoh lain? Kasian banget.","1080614019411505152","","RinjaniJB","in","","0","3","0","https://x.com/undefined/status/1080614019411505152","960773334",
"1080594932140834818","Wed Jan 02 23:57:13 +0000 2019","0","@detikcom @Prabowo terima laporan dari orang trus disebarkan. Jadi yg bikin gaduh siapa sih?","1080614017909968896","","detikcom","in","","0","0","0","https://x.com/undefined/status/1080614017909968896","529339785",
"1080613956979351552","Wed Jan 02 23:56:58 +0000 2019","0","diperkirakan Presiden Jokowi akan tiba di Bandara Radin Intern II Lampung pukul 10.00 WIB. https://t.co/pL5Md6PqRf #LampungBangkitBersamaJokowi","1080613956979351552","","","in","","0","0","0","https://x.com/undefined/status/1080613956979351552","1071106362258538496",
"1080613931176071168","Wed Jan 02 23:56:52 +0000 2019","0","mau balik ke orba? #boikot #boikotmetrotv #metrotv #jokowi #prabowo #prabowosandi https://t.co/4S5DA8DWcL","1080613931176071168","","","in","","0","0","0","https://x.com/undefined/status/1080613931176071168","1069401364067868673",
"1079966810143768576","Wed Jan 02 23:56:51 +0000 2019","0","@ronavioleta @prabowo Allahu Akbar","1080613927371689984","","ronavioleta","in","","0","0","0","https://x.com/undefined/status/1080613927371689984","2154637869",
"1080331509184131072","Wed Jan 02 23:56:50 +0000 2019","0","@RanupsProSandi @RajaPurwa Nyempil Sendirian kayak #Upil biar viral ditengah banyak orang yg gembira photo bareng Jokowi. #Demokrasi itu #Suara_Terbanyak. Ini pertanda jelas : #17April2019 Wowo bakalan kalah telak dan #Wowo_Gagal_Lagi_Jadi_Presiden. Mimpimu bakalan #Kandas_Lagi Wo... https://t.co/QMAV5TUW6T","1080613921352953856","https://pbs.twimg.com/media/Dv8cm3YUUAAilIn.jpg","RanupsProSandi","in","","0","0","0","https://x.com/undefined/status/1080613921352953856","77377697",
"1080613900180045824","Wed Jan 02 23:56:45 +0000 2019","0","Presiden Jokowi diagendakan menjenguk korban yang masih dirawat di RSUD Bob Bazar. https://t.co/fNGhdfuF9G. #LampungBangkitBersamaJokowi","1080613900180045824","","","in","","0","0","0","https://x.com/undefined/status/1080613900180045824","1071106362258538496",
"1080374717171658752","Wed Jan 02 23:56:43 +0000 2019","0","@jokowi Dulu pernah ngomong gini di Palu. Kenyataannya?","1080613893242728448","","jokowi","in","","0","0","0","https://x.com/undefined/status/1080613893242728448","1239956774",
"1080613869360300032","Wed Jan 02 23:56:37 +0000 2019","0","Dalam kunjunganya ke Lampung hari ini rencananya Presiden Jokowi akan mengunjungi dua Desa yang terkena dampak paling parah saat Tsunami Selat Sunda kemarin. https://t.co/fNGhdfuF9G. #LampungBangkitBersamaJokowi","1080613869360300032","","","in","","0","0","0","https://x.com/undefined/status/1080613869360300032","1071106362258538496",
"1080480122333884416","Wed Jan 02 23:56:35 +0000 2019","0","@suwardihagani @fadlizon @jokowi Minum apa ya ada saran??","1080613860996870144","","","in","","0","0","0","https://x.com/undefined/status/1080613860996870144","1027802786157580288",
"1080613848468533248","Wed Jan 02 23:56:32 +0000 2019","0","rame nih #boikot #boikotmetrotv #metrotv #jokowi #prabowo #prabowosandi https://t.co/1q2uG6rLtT","1080613848468533248","","","und","","0","0","0","https://x.com/undefined/status/1080613848468533248","1069401364067868673",
"1080570991187615746","Wed Jan 02 23:56:30 +0000 2019","1","@kucingeksotic @TanpaWaj4h_ @roninkhalid @Pribumi_AntiPKI @Umnia77 @GHOSTHUNTER1745 @Ghoz4ly @PSD_313 @87_Jul4y @ices_tea @PejuangFPI @yu_n4n4 @Leaveouts @eliya_mkom @CintaNKRI12 @EVALockheart @HotPepperminTea @cyberjenaka @netizenmimin @malaaanaim @Surgabidadari3 Kita semua akan mati pada waktunya. Apa akan dikenang sbg pejuang atau pengkhianat agama &amp; negara. Pertanggungjawaban pd Allah itu masing2 ga akan dibantu jokowi ato penguasa. Jd benar kata Beliau. Kita jangan berhenti berjuang. Dan semoga Allah melindungi dan menolong kt smua","1080613838578307072","","kucingexotik","in","","0","2","0","https://x.com/undefined/status/1080613838578307072","1030025737577803776",
"1080149967199555587","Wed Jan 02 23:56:27 +0000 2019","0","@IsekaiHero @Irul55Irul @prabowo @sandiuno Aamiin YRA","1080613825580216320","","","fi","","0","0","0","https://x.com/undefined/status/1080613825580216320","1143131544",
"1080613822602240001","Wed Jan 02 23:56:26 +0000 2019","48","Saat Prabowo bersanding dengan Megawati nyapres ndak pernah adah isdu HAM Penculikan intoleran dll. Kok sejak 2014 ~ 2019 issi ituh muncul bagai iklan sarung di bulan puasa?? https://t.co/d8QeFfJsFm","1080613822602240001","https://pbs.twimg.com/media/Dv8chrzUcAEeuGa.jpg","","in","","2","1","22","https://x.com/undefined/status/1080613822602240001","813371491064479751",
"1080613819527892992","Wed Jan 02 23:56:26 +0000 2019","0","Berita terbaru (Bobotoh dan Komunitas Motor Bandung Dukung Jokowi-Ma'ruf) telah ada di https://t.co/wFvQVXk8dR - https://t.co/u0XTH2stL4 https://t.co/rAGB4RkErG","1080613819527892992","https://pbs.twimg.com/media/Dv8cio0UUAEpz0M.jpg","","in","","0","0","0","https://x.com/undefined/status/1080613819527892992","1046920717307076608",
"1080613803857854469","Wed Jan 02 23:56:22 +0000 2019","0","Berkat Kamu Memilih Jokowi Di 2014 Sejuta Keluarga Bisa Memiliki Rumah Sendiri Dengan Harga Murah! https://t.co/RI7hiVF3TI","1080613803857854469","","","in","","0","0","0","https://x.com/undefined/status/1080613803857854469","33815934",
"1080613803790761984","Wed Jan 02 23:56:22 +0000 2019","0","selamat pagi. silakan dibaca agar tidak langsung percaya kepada ucapan capres nomor urut 2.","1080613803790761984","","","in","","0","1","1","https://x.com/undefined/status/1080613803790761984","53648864",
"1080613792881434624","Wed Jan 02 23:56:19 +0000 2019","0","Tidak hanya berkunjung Jokowi juga ingin memastikan langsung keadaan penanganan dan perkembangan pasca Tsunami di Lampung. #LampungBangkitBersamaJokowi","1080613792881434624","","","in","","0","0","0","https://x.com/undefined/status/1080613792881434624","1071106362258538496",
"1080613788716457984","Wed Jan 02 23:56:18 +0000 2019","0","RULES OF SURVIVAL MAU DITUTUP ?? https://t.co/25K393FUxI #jumatberkah #JokowiSekaliLagi #2019gantipresiden #jakarta #pemilu2019 #capres #gamer","1080613788716457984","","","in","","0","0","0","https://x.com/undefined/status/1080613788716457984","972771850190077953",
"1080265602676121602","Wed Jan 02 23:56:18 +0000 2019","0","@AyHumaira @MichelaniaAdam @swulll @prabowo @sandiuno @RoemahSandi ","1080613786128510976","","AyHumaira","qme","","0","0","0","https://x.com/undefined/status/1080613786128510976","3074999192",
"1080613772790657024","Wed Jan 02 23:56:14 +0000 2019","0","yang penting boikot dulu #boikot #boikotmetrotv #metrotv #jokowi #prabowo #prabowosandi https://t.co/RE9YE6ZosP","1080613772790657024","","","in","","0","0","0","https://x.com/undefined/status/1080613772790657024","1069401364067868673",
"1080613762061619200","Wed Jan 02 23:56:12 +0000 2019","0","Walaupun sudah banyak dari timnya yang menangani korban bencana Tsunami namun bukan Jokowi namanya kalo tidak turun langsung ke lapangan. #LampungBangkitBersamaJokowi","1080613762061619200","","","in","","0","0","0","https://x.com/undefined/status/1080613762061619200","1071106362258538496",
"1080613726066102272","Wed Jan 02 23:56:03 +0000 2019","0","Bentuk perhatian Pemerintah kemarin Jokowi sudah mengunjungi korban bencana Tsunami di Banten dan hari ini akan mengunjungi Lampung untuk bertemu para korban bencana Tsunami. #LampungBangkitBersamaJokowi","1080613726066102272","","","in","","0","0","0","https://x.com/undefined/status/1080613726066102272","1071106362258538496",
"1080334697597530112","Wed Jan 02 23:56:00 +0000 2019","3","@Atie_2977 @PEPESOfficial @swulll @Jimeholow @LisaAmartaTara @dewkemalahayati @fahiraidris @Dahnilanzar @sandiuno الحمدلله رب العالمين Ayolah umat islam bersatu menangkan Prabowo sandi","1080613711423754240","","Athie__05","und","","1","0","2","https://x.com/undefined/status/1080613711423754240","1079391333733740544",
"1080613698660634624","Wed Jan 02 23:55:57 +0000 2019","0","demokrasinya mana? #boikot #boikotmetrotv #metrotv #jokowi #prabowo #prabowosandi https://t.co/IKjkz3a5L9","1080613698660634624","","","in","","0","0","0","https://x.com/undefined/status/1080613698660634624","1069401364067868673",
"1080298243882246144","Wed Jan 02 23:55:55 +0000 2019","0","@fadlizon Males bro....pikirinmu penuh dengan dengki Iri sama pembangunannya oak jokowi","1080613691437965312","","fadlizon","in","","0","0","0","https://x.com/undefined/status/1080613691437965312","943748382329147392",
"1079956453195079680","Wed Jan 02 23:55:40 +0000 2019","1","@Yanti10697832 @yusuf_dumdum Otak dan akal sehat kalian yg dipakai lihat junjungan kalian gembira betul merayakan Natal katanya pilihan Ulama.. Gimana seandainya itu Jokowi..?? Pasti sdh Habis2an sdh bully..","1080613628657623041","","Yantiriaahmad","in","","0","2","0","https://x.com/undefined/status/1080613628657623041","502372362",
"1080426040118325248","Wed Jan 02 23:55:37 +0000 2019","1","@Noor73946456 @ucok_62 @Dahnilanzar @sandiuno @jokowi Ini yg lebih lucu https://t.co/o4tL2fQK7H","1080613613876830210","https://pbs.twimg.com/ext_tw_video_thumb/1080613504149729280/pu/img/oT_rxQszDySsFWD6.jpg","Noor_IngatALLAH","in","","0","0","0","https://x.com/undefined/status/1080613613876830210","192169886",
"1080417527421779968","Wed Jan 02 23:55:34 +0000 2019","0","@honorer2009 @ronavioleta @SYARIFAHALQADR5 @prabowo orang madura bsnya d kobulin bosan ya...hehehehe","1080613604536156160","","honorer2009","in","","0","0","0","https://x.com/undefined/status/1080613604536156160","757765392085331968",
"1080613595031818241","Wed Jan 02 23:55:32 +0000 2019","0","Saya ingat sekali dengan perkataan seseorang entah siapa namanya.. bahwa kesalahan terbesar Presiden kita yaitu memberhentikan salah satu menteri terbaiknya yaitu pak Anies Baswedan kenapa?? Karena Pak Anies lah yg membuat Pak Prabowo tak berkutik ketika debat pilpres 2014","1080613595031818241","","","in","","0","0","0","https://x.com/undefined/status/1080613595031818241","845526764",
"1080613569983524864","Wed Jan 02 23:55:26 +0000 2019","1","Memberi semangat kepada para rakyat yang sedang terpuruk memberi ketenangan kepada para korban bencana tsunami di lampung. Itu sudah pasti kerjaan jokowi. https://t.co/XeZ4hNieau #LampungBangkitBersamaJokowi","1080613569983524864","","","in","","1","0","0","https://x.com/undefined/status/1080613569983524864","1071106362258538496",
"1080613565743022080","Wed Jan 02 23:55:25 +0000 2019","0","Menolak Lupa @jokowi @Pak_JK Agar tdk terjadi penumpukan janji alangkah baiknya direalisasikan janji2 yang pernah di ucapkan dlu baru buat janji yg lain. @budimandjatmiko @AntoniRaja @KHMarufAmin_ @fadlizon @habiburokhman @Fahrihamzah dll https://t.co/IKMhZMnhVq","1080613565743022080","https://pbs.twimg.com/media/Dv8cTeIVAAINEfr.jpg","","in","","0","0","0","https://x.com/undefined/status/1080613565743022080","967764639353204736",
"1080613557455151104","Wed Jan 02 23:55:23 +0000 2019","0","Hari ini jokowi di jadwalkan untuk berkunjung dan memberi semangat kepada para korban yang terkena tsunami di lampung. https://t.co/tQQ4szvHwn #LampungBangkitBersamaJokowi","1080613557455151104","","","in","","0","0","0","https://x.com/undefined/status/1080613557455151104","1071106362258538496",
"1080613556414889984","Wed Jan 02 23:55:23 +0000 2019","0","@saididu @jokowi","1080613556414889984","","saididu","qam","","0","0","0","https://x.com/undefined/status/1080613556414889984","932057437401636864",
"1080613180697530368","Wed Jan 02 23:55:21 +0000 2019","1","@mizwarmature @jokowi @Dr_Moeldoko #yessssJokowiLagi #jokowi1kalilagi #IndonesiaBersatuKuat #IndonesiaMaju","1080613550190518272","","mizwarmature","qme","","0","0","0","https://x.com/undefined/status/1080613550190518272","309095282",
"1080613524097789952","Wed Jan 02 23:55:15 +0000 2019","0","Keharmonisan Jokowi bersama Ibu Negara Iriana Jokow Widodo akan mengunjungi lokasi pengungsian dan desa terparah yang kena terjangan tsunami di Lampung Selatan. https://t.co/tQQ4szvHwn #LampungBangkitBersamaJokowi","1080613524097789952","","","in","","0","0","0","https://x.com/undefined/status/1080613524097789952","1071106362258538496",
"1080498282369957888","Wed Jan 02 23:55:11 +0000 2019","0","@UstadzJakarta Berarti pak @prabowo hutangnya ke rakyat kalau capres loe... Hutangnya ke... https://t.co/8gPSVUqsHr","1080613507224064000","https://pbs.twimg.com/media/Dv8cPWcVsAEv263.jpg","PakdeSodik","in","","0","0","0","https://x.com/undefined/status/1080613507224064000","968113962767204352",
"1080613484004466694","Wed Jan 02 23:55:06 +0000 2019","0","Presiden Jokowi Sisir Desa Terdampak Tsunami di Lampung 1.000 Personel Siaga di Lokasi Bencana. https://t.co/rFfabJ0203 #LampungBangkitBersamaJokowi","1080613484004466694","","","in","","0","0","0","https://x.com/undefined/status/1080613484004466694","1071106362258538496",
"1080613484004429831","Wed Jan 02 23:55:06 +0000 2019","0","Prabowo mirip Trump lempar statement entah salah atau benar trus dijadikan bahan Media dibesar2kan tanpa di cross check sama pembaca. Di bible dikatakan mereka yg tahu banyak hal namun malah menyesatkan layak di taruh di neraka paling dalam.. Tekke!","1080613484004429831","","","in","","0","0","0","https://x.com/undefined/status/1080613484004429831","198751955",
"1080613421026955264","Wed Jan 02 23:54:51 +0000 2019","0","Jokowi tiba di lampung memberikan motivasi dan semangat baru pada korban bencana tsunami. Terimakasih Jokowi. #LampungBangkitBersamaJokowi","1080613421026955264","","","in","","0","0","0","https://x.com/undefined/status/1080613421026955264","1071106362258538496",
"1080490993059717120","Wed Jan 02 23:54:49 +0000 2019","0","@yohaanrg @habibthink @prabowo @sandiuno @CCICPolri Aduh knp bodoh bodoh sekali ya orang membuat hoax padahal ........... (Silakan isi sendiri) Capek melihat kebodohan","1080613416245420032","","AL_INA_1","in","","0","0","0","https://x.com/undefined/status/1080613416245420032","3227339383",
"1076072173448552448","Wed Jan 02 23:54:42 +0000 2019","1","@Reyza1991 @NorthStarGaze82 @jokowi @agama_nusantara @RizmaWidiono @P3nj3l4j4h @fariz1234 @IdhamNizar @Airin_NZ @Mey_MeynieJ @yosproperty @musuh_Onta Tentu ada prosesnya tp kita bicara prinsipnya. Bahwa penyebab hukuman mati adl karena meninggalkan Islam bukan karena dia melakukan kejahatan besar spt misalnya membunuh orang lain.","1080613386004484096","","Reyza1991","in","","0","1","1","https://x.com/undefined/status/1080613386004484096","1027893959970893824",
"1080490086007861248","Wed Jan 02 23:54:35 +0000 2019","3","@MbahUyok @YJamluddin Dia lg ngomongin jokowi bang.. biarin aja hahahaaaa","1080613355734294529","","MbahUyok","in","","0","0","0","https://x.com/undefined/status/1080613355734294529","1017344686858485760",
"1080613336130060288","Wed Jan 02 23:54:30 +0000 2019","0","Presiden Jokowi tiba di lampung dengan didampingi istri tercinta Ibu Iriana Joko Widodo. Ini sudah membuktikan bahwa di belakang pemimpin yang baik ada istri yang tangguh dan hebat. #LampungBangkitBersamaJokowi","1080613336130060288","","","in","","0","0","0","https://x.com/undefined/status/1080613336130060288","1071106362258538496",
"1080410888325099522","Wed Jan 02 23:54:29 +0000 2019","0","@BacotxPilpres @CakKhum @jokowi @SBYudhoyono Obama mendengarkan pak SBY dgn serius sambil menganggukkan kepala itu menandakan dia respect &amp; setuju dgn apa yg disampaikan oleh pak SBY. Sedangkan si Mulyono diajak interaksi sama Trump cuma cengar cengir gak jelas sambil berlindung dibalik badan istrinya ","1080613330501328897","","UdahGakBacotx","in","","0","0","0","https://x.com/undefined/status/1080613330501328897","3958359858",
"1080610423202664448","Wed Jan 02 23:54:23 +0000 2019","0","@pilihno02 @maspiyuuu Mantap pak Prabowo https://t.co/GwxUc6dZyC","1080613304395952128","https://pbs.twimg.com/media/Dv8cEPgV4AARrTn.jpg","pilihno02","in","","0","0","0","https://x.com/undefined/status/1080613304395952128","3238606735",
"1080613285462867968","Wed Jan 02 23:54:18 +0000 2019","0","@jokowi @mohmahfudmd @SBYudhoyono","1080613285462867968","","jokowi","qam","","0","0","0","https://x.com/undefined/status/1080613285462867968","932057437401636864",
"1080483159500681216","Wed Jan 02 23:54:14 +0000 2019","0","@Lucky_HS @enylove2 @jokowi @sandiuno Aamiin","1080613266097721345","","Lucky_HS","fi","","0","0","0","https://x.com/undefined/status/1080613266097721345","974476400211079168",
"1080613251333816320","Wed Jan 02 23:54:10 +0000 2019","0","Mohon perhatian @infoBMKG &amp; Pak @jokowi utk minimalisir korban bencana keluhan Ifan @SeventeenBand https://t.co/c0BhZN5unp","1080613251333816320","","","in","","0","0","0","https://x.com/undefined/status/1080613251333816320","1425292800",
"1080613239245889536","Wed Jan 02 23:54:07 +0000 2019","0","Manajemen RSCM mementahkan pernyataan Prabowo Subianto yang mengaku mendapat laporan bahwa satu selang alat cuci darah pasien di RSCM dipakai oleh 40 orang. Maaf beginikah CALON PEMIMPIN ??? Tanpa cek n recek??? https://t.co/4cVLDmVkGo","1080613239245889536","","","in","","0","0","0","https://x.com/undefined/status/1080613239245889536","188257422",
"1080421709356748800","Wed Jan 02 23:54:07 +0000 2019","5","@jonathan_erwan @rscm_official @KemenkesRI @itjenkemenkes @BPJSKesehatanRI @prabowo Bener juga ya harusnya berani somasi @prabowo","1080613239082217472","","TaliUdeng","in","","0","1","0","https://x.com/undefined/status/1080613239082217472","792384716179578880",
"1080431417383825408","Wed Jan 02 23:54:04 +0000 2019","0","@parodi_negeri @prabowo Mereka sudah kehabisan cara untuk menjatuhkan wibawa Pak Prabowo.. Isu ini kembali di hadirkan sebagai mana pemilu 2014 masihkan kita percaya lagi hal2 seperti ini.fokus aja... #17AprilPrabowoPresiden #2019GantiPresiden #2019PrabowoSandi","1080613227527004160","","Neger1_Parodi","in","","0","0","0","https://x.com/undefined/status/1080613227527004160","895581032853913600",
"1080613222133071873","Wed Jan 02 23:54:03 +0000 2019","0","Gerindra soal Perobekan Buku Tamu Relawan Prabowo: Mustahil Polisi Terang-terangan Tak Netral.. https://t.co/6uZHHZfVlO","1080613222133071873","","","in","","0","0","0","https://x.com/undefined/status/1080613222133071873","3309397544",
"1080613210682679297","Wed Jan 02 23:54:00 +0000 2019","0","Jokowi menjenguk korban bencana.... https://t.co/VDkdcL7R8J","1080613210682679297","https://pbs.twimg.com/media/Dv8b-_EVYAAzcsB.jpg","","in","","0","0","0","https://x.com/undefined/status/1080613210682679297","101163089",
"1079667728531636225","Wed Jan 02 23:53:57 +0000 2019","0","@GNS_17_DMI @haikal_hassan @ustadtengkuzul @ardi_riau @sandiuno @marierteman @Hilmi28 @fadlizon @MardaniAliSera @FingerMca @prabowo @alpinkori @Regazzyx @woelannnn @fik_1976 @vita_diahErv Minyak zaitun di atas bumbung Di ambil satu bersama sama Gimana pantun nak nyambung Berita baru di bidang berita lama Berita sweeping buku buku PKI oleh TNI baru baru ini... yang di protes oleh PDIP dan Jokowi juga melarang","1080613195163693056","","GNS_17_DMI","in","","0","1","0","https://x.com/undefined/status/1080613195163693056","1038259583389655041",
"1080334697597530112","Wed Jan 02 23:53:54 +0000 2019","2","@Atie_2977 @PEPESOfficial @swulll @Jimeholow @LisaAmartaTara @dewkemalahayati @fahiraidris @Dahnilanzar @sandiuno Semangat pendukung Prabowo sandi الحمد لله","1080613182891188224","","Athie__05","und","","0","0","1","https://x.com/undefined/status/1080613182891188224","1079391333733740544",
"1080613180697530368","Wed Jan 02 23:53:53 +0000 2019","0","******** Retweeted by Tweets Seribu Minang *********************** #01JokowiLagi #01IndonesiaMaju #JokowiSaiyoSakato @jokowi @Dr_Moeldoko","1080613180697530368","","","en","","0","1","1","https://x.com/undefined/status/1080613180697530368","1280788819",
"1080374717171658752","Wed Jan 02 23:53:51 +0000 2019","0","@Roesmawans @rizkymulya0403 @yarandiva @uyaq85 @jokowi @bawaslu_RI Apaan tuuuh?","1080613170115371008","","Roesmawans","in","","0","0","0","https://x.com/undefined/status/1080613170115371008","1076530998702010368",
"1080613161089155073","Wed Jan 02 23:53:49 +0000 2019","0","Biar pak jokowi bs menang sesui aturan yg sah bro...","1080613161089155073","","","in","","0","0","0","https://x.com/undefined/status/1080613161089155073","71383783",
"1080613085377785857","Wed Jan 02 23:53:31 +0000 2019","10","Wuiiihh wuiih ada yg emosi. Postingan di Instagram nya di hapus.. Udah lah ga usah emosi Kan itu product kafir Product Asing Bikin lah sendiri Ayoooo dukung capres hulaihii. Haiti haiti nanti di ajak joget joget sudah bisa belom https://t.co/HQ48f6JhRp","1080613085377785857","https://pbs.twimg.com/ext_tw_video_thumb/1080612891412189185/pu/img/JSN80BDkvj-6Uq-3.jpg","","in","","0","7","6","https://x.com/undefined/status/1080613085377785857","309095282",
"1080107168345419776","Wed Jan 02 23:53:30 +0000 2019","0","@putrabanten80 Jokowi 2 Periode","1080613084236922880","","Oku__records","in","","0","0","0","https://x.com/undefined/status/1080613084236922880","943748382329147392",
"1079681171649290241","Wed Jan 02 23:53:29 +0000 2019","0","@putrabanten80 @prabowo Keren presiden kita","1080613079115689986","","Oku__records","in","","0","0","0","https://x.com/undefined/status/1080613079115689986","2154637869",
"1080149967199555587","Wed Jan 02 23:53:27 +0000 2019","0","@IsekaiHero @athrun_cloud @prabowo @sandiuno Aamiin","1080613071700152320","","","fi","","0","0","0","https://x.com/undefined/status/1080613071700152320","959236239143550976",
"1080613059297652737","Wed Jan 02 23:53:24 +0000 2019","0","Contoh pemimpin yang baik di tahun baru ini tidak ada kata leha-leha dalam bekerja tahun yang baru semangat yang baru untuk Jokowi. https://t.co/fNGhdfuF9G #LampungBangkitBersamaJokowi","1080613059297652737","","","in","","0","0","0","https://x.com/undefined/status/1080613059297652737","1071106362258538496",
"1080367102064652288","Wed Jan 02 23:53:21 +0000 2019","0","@fadlizon @tribunmedan Kegagalan prabowo jdi presiden yg lalu telah mencerdaskan masyarakat. (Cermin)","1080613046655963137","","fadlizon","in","","0","0","0","https://x.com/undefined/status/1080613046655963137","2354822366",
"1080613035582971905","Wed Jan 02 23:53:19 +0000 2019","0","#17AprilPrabowoSandi tetap capres/cawapres #2019JOKOWIPRESIDEN","1080613035582971905","","","in","","0","0","0","https://x.com/undefined/status/1080613035582971905","804580891754233856",
"1080609619137843201","Wed Jan 02 23:53:19 +0000 2019","23","@Fahrihamzah @prabowo @jokowi Kalau sy lebih suka lomba sumpal cocot busuk pakai lumpur comberan jurinya Ibu Ratna Sarumpaet. *Buat yang merasa saja.","1080613035071307776","","Fahrihamzah","in","","0","7","0","https://x.com/undefined/status/1080613035071307776","949649917659660288",
"1080278069980454913","Wed Jan 02 23:53:16 +0000 2019","0","@haikal_hassan @jokowi Maju terus beh....","1080613025252499456","","","in","","0","0","0","https://x.com/undefined/status/1080613025252499456","2154837199",
"1080613009859391489","Wed Jan 02 23:53:13 +0000 2019","0","Gubernur Jabar Ajak Warga Hindari Pertengkaran Jelang Pemilu 2019 https://t.co/Gpz1Ve9DaC","1080613009859391489","","","in","","0","0","0","https://x.com/undefined/status/1080613009859391489","954902469548548097",
"1080612987583422464","Wed Jan 02 23:53:07 +0000 2019","0","Janji @jokowi 2014 @prabowo @sandiuno @KHMarufAmin_ @BappenasRI @PerekonomianRI @jonan_ignasius @KementerianESDM @djebtke @Amran_Sulaiman1 @kementan @SitiNurbayaLHK @irakoesno #2019GantiPemimpin #AdilMakmur #2019GantiPresiden #PrabowoSandi #Capres2019 https://t.co/awVrAeGJvQ","1080612987583422464","","","und","","0","0","0","https://x.com/undefined/status/1080612987583422464","3275066294",
"1080612981933654016","Wed Jan 02 23:53:06 +0000 2019","0","Jokowi Unggah Foto Saat di Lampung Warganet Tagih Janji Jokowi Soal ini https://t.co/JUj8NJrRmv https://t.co/NAE1BOEvb8","1080612981933654016","https://pbs.twimg.com/media/Dv8bx7RUcAA7B-z.jpg","","in","","0","0","0","https://x.com/undefined/status/1080612981933654016","788744100",
"1080609619137843201","Wed Jan 02 23:53:06 +0000 2019","0","@opuzia @MeoYustinus @Fahrihamzah @prabowo @jokowi Makjleb om! Lanjutkan.","1080612981199712256","","","in","","0","0","0","https://x.com/undefined/status/1080612981199712256","1030292417507876864",
"1080415988611338241","Wed Jan 02 23:53:01 +0000 2019","2","@CNNIndonesia ... @AndiArief__ koalisi partai Allah saling gontok2kan gara2 Dana kampanye ... Bikin malu ... @prabowo @sandiuno tersandra akibat sahwatnya yg tak tertahankan ingin berkuasa ... Ingat : KEGAGALAN yg akan Kalian tuai dr apa yg Kalian tanam .. Camkan itu ...","1080612963470303232","","CNNIndonesia","in","","0","0","0","https://x.com/undefined/status/1080612963470303232","978197728122478592",
"1080307244439228416","Wed Jan 02 23:53:00 +0000 2019","0","@JagaJokowi @jokowi @ridlwandjogja @kangdede78 @ADSastrawidjaja @RizmaWidiono @MurtadhaOne @P3nj3l4j4h Bangkit Masyarakat Lampung!!! #LampungBangkitBersamaJokowi","1080612958902743041","","JagaJokowi","in","","0","0","0","https://x.com/undefined/status/1080612958902743041","1071071389119959040",
"1080609619137843201","Wed Jan 02 23:52:57 +0000 2019","0","@Fahrihamzah @prabowo @jokowi Dilanjut meniru Suharto juri mbak Titiek. Meniru Gusdur juri Yeny Dan juga meniru SBY jurinya????","1080612945963343872","","Fahrihamzah","in","","0","0","0","https://x.com/undefined/status/1080612945963343872","548355644",
"1080508936283811840","Wed Jan 02 23:52:57 +0000 2019","0","@faizalassegaf @AndiArief__ @SBYudhoyono Janji @jokowi 2014 @prabowo @sandiuno @KHMarufAmin_ @BappenasRI @PerekonomianRI @jonan_ignasius @KementerianESDM @djebtke @Amran_Sulaiman1 @kementan @SitiNurbayaLHK @irakoesno #2019GantiPemimpin #AdilMakmur #2019GantiPresiden #PrabowoSandi #Capres2019 https://t.co/awVrAeGJvQ","1080612943283146752","","faizalassegaf","und","","0","0","0","https://x.com/undefined/status/1080612943283146752","3275066294",
"1076678765755871232","Wed Jan 02 23:52:54 +0000 2019","0","@yusuf_dumdum @habibthink @prabowo kalo sujud di liput tv_wan dapat brapa tad @yusuf_dumdum ?","1080612933871095808","","yusuf_dumdum","in","","0","0","0","https://x.com/undefined/status/1080612933871095808","2903126919",
"1080496890796363776","Wed Jan 02 23:52:52 +0000 2019","4","@SiBonekaAyu @lyapedia @chiechilie80 @KPU_ID @DivHumas_Polri @CCICPolri @BareskrimPolri @kuyawirya @habibthink Strategi menciptakan keresahan dan ketidakpuasan. Bibit² chaos sedang mrk semai. Tuntutannya mengarah ke pemilu ulang. Kalo pun masih kalah mrk sudah punya modal utk bikin image buruk pmrth sepanjang 5 thn ke depan. Dgn dmkn 2024 bisa lbh mrk kuasai.","1080612925159616512","","SiBonekaAyu","in","","0","1","2","https://x.com/undefined/status/1080612925159616512","453931027",
"1080157951392763904","Wed Jan 02 23:52:50 +0000 2019","0","@HariSut00667225 @hayabus87500399 @CutNurhayati8 @ustadtengkuzul Jokowi baca alfatihah aja gabisa pake baju ihram aja kebalik...dah pasti belepotan kalo sholat Baca tuh TKN Jokowi menganggap baca Qur'an tidak perlu Krn sadar Jokowi ga bs apa2","1080612914082398208","","HariSut00667225","in","","0","2","1","https://x.com/undefined/status/1080612914082398208","948534721020964864",
"1080612902896164864","Wed Jan 02 23:52:47 +0000 2019","0","Jokowi akan mengunjungi dua desa yang terdampak parah tsunami yakni Desa Kunjir dan Way Muli. https://t.co/BF528GX1lx #LampungBangkitBersamaJokowi","1080612902896164864","","","in","","0","0","0","https://x.com/undefined/status/1080612902896164864","1071106362258538496",
"1080612872105779200","Wed Jan 02 23:52:40 +0000 2019","0","Ngga sabar nunggu pemilu (ngga sabar nunggu libur nya)","1080612872105779200","","","in","","0","0","0","https://x.com/undefined/status/1080612872105779200","95883590",
"1080293570509074432","Wed Jan 02 23:52:39 +0000 2019","0","@fadlizon Jokowi banyak yg dibanggakan kalo anda?","1080612870029623298","","fadlizon","in","","0","0","0","https://x.com/undefined/status/1080612870029623298","989149596466139136",
"1080612854288576512","Wed Jan 02 23:52:35 +0000 2019","0","Masih tentang L Harus saya tegaskan dulu: Saya tak tahu persis apalagi mendetail siapa saja Tim Sukses Prabowo-Sandy. Ketua tim-nya pun saya tak hapal namanya setidaknya https://t.co/XB8rYTodl3","1080612854288576512","","","in","","0","0","0","https://x.com/undefined/status/1080612854288576512","47502240",
"1080612842141757441","Wed Jan 02 23:52:33 +0000 2019","0","Presiden Joko Widodo dijadwalkan mengunjungi Provinsi Lampung sebagai lokasi kunjungan kerjanya di awal 2019. Di tempat itu Jokowi diagendakan mengunjungi wilayah terdampak tsunami Selat Sunda. #LampungBangkitBersamaJokowi","1080612842141757441","","","in","","0","0","0","https://x.com/undefined/status/1080612842141757441","1071106362258538496",
"1080602553019117569","Wed Jan 02 23:52:32 +0000 2019","0","@misterkapucino @jokowi Lebih mudharat mana... kereta cepat atau TOL JKT-SBY...???","1080612840115920896","","misterkapucino","in","","0","0","0","https://x.com/undefined/status/1080612840115920896","1030783065004462080",
"1080374717171658752","Wed Jan 02 23:52:31 +0000 2019","0","@rizkymulya0403 @yarandiva @uyaq85 @jokowi @bawaslu_RI Begitulah orang yg ga tau diri ga mau lihat realita yg ada kemiskinan berkurang nyatanya dg berobat orang ga takut sakit beda dg dulu mau berobat harus ngurus surat tak mampu dulu baru berani berobat sekarang otomatis ada BPJS","1080612837498580992","","sun_noona","in","","0","0","0","https://x.com/undefined/status/1080612837498580992","1076530998702010368",
"1080609619137843201","Wed Jan 02 23:52:24 +0000 2019","1","@Matsakli3 @Fahrihamzah @prabowo @jokowi test baca al qur'an itu wajar bang lagian yg punya ide seperti itu bukan pemerintah akan tetapi personal yg mana komunitas dai aceh mngaggasnya. lha terus lari lpngan bola untuk keduanya agar kliatan apa tong. saya ykin anda pun gk akan dnggup kliling lpngan GBK. Miris gobloknya.","1080612805533884416","","Matsakli3","in","","0","0","0","https://x.com/undefined/status/1080612805533884416","1048567033162432512",
"1080382130717306880","Wed Jan 02 23:52:19 +0000 2019","0","@ustadtengkuzul Aceh khan memang bukan basis PDIP. Tapi kita pemilu bukan hanya di Aceh. Suka tidak suka secara nasional PDIP paling besar suaranya","1080612783434002432","","ustadtengkuzul","in","","0","0","0","https://x.com/undefined/status/1080612783434002432","512708448",
"1080612778023346176","Wed Jan 02 23:52:17 +0000 2019","1","Bukti Nyata Hasil Kerja @jokowi Selama 4 tahun.( HANYA JADI TUKANG SELFI LUNTANG LANTUNG GAK JELAS) Harga TBS anjlok diperparah lagi dgn kondisi jalan yang HANCUR semakin melengkapi penderitaan Kami. TBS ANJLOK DAN KENDARAAN PUN CEPAT RUSAK https://t.co/gXeQD0tiOj","1080612778023346176","https://pbs.twimg.com/media/Dv8a87jVsAA-2U6.jpg","","in","","0","0","0","https://x.com/undefined/status/1080612778023346176","778545499641044992",
"1080265602676121602","Wed Jan 02 23:52:17 +0000 2019","1","@brandalsantri45 @MichelaniaAdam @swulll @prabowo @sandiuno @RoemahSandi Mantul ","1080612775133495296","","brandalsantri45","in","","0","1","0","https://x.com/undefined/status/1080612775133495296","1075576973076779009",
"1080612762613469184","Wed Jan 02 23:52:14 +0000 2019","0","@jokowi @Fahrihamzah","1080612762613469184","","jokowi","qam","","0","0","0","https://x.com/undefined/status/1080612762613469184","932057437401636864",
"1080388073521725440","Wed Jan 02 23:52:09 +0000 2019","0","@AnnaSuezann @Dahnilanzar Apik iki. Capres debat lawan petahana ","1080612744703799296","","AnnaSuezann","in","","0","0","0","https://x.com/undefined/status/1080612744703799296","167691852",
"1080592457224445952","Wed Jan 02 23:52:05 +0000 2019","2","@Paltiwest @V_Stone_Kardol @jokowi @habibthink @RizmaWidiono @ruhutsitompul @astidhaniar @nengherba @JajangRidwan19 @nety_rusi #TangkapPenyebarHoax7Kontainer","1080612727867957249","","PaltiHutabarat","qme","","0","0","1","https://x.com/undefined/status/1080612727867957249","974476400211079168",
"1080163956876951555","Wed Jan 02 23:52:02 +0000 2019","0","@kandargalang @hayat_asrarul @jokowi @CakKhum @panca66 @Ferdinand_Haean @Maulana_Tigor @dulatips @DonAdam08 @Gemacan70 @budimandjatmiko @Silvy_riau @Ndon08Back @MichelaniaAdam @fadlizon @helmifelis lucu... mirip Bambang Gentolet","1080612714710351872","","kandargalang","in","","0","0","0","https://x.com/undefined/status/1080612714710351872","153796911",
"1080612688701444096","Wed Jan 02 23:51:56 +0000 2019","22","Jokowi Presiden kita... Jokowi Membangun Desa... Jokowi Menyatukan Indonesia... Hidup Jokowi Lanjutkan... #JokowiMembangunDesa @jokowi @EkoSandjojo @anwsanusi @taufikmadjid71 @fachrilabalado @tppindonesia @pendampingdesa_ @arwani_p3md @DewantoAndry https://t.co/lES3LC0iu8","1080612688701444096","https://pbs.twimg.com/ext_tw_video_thumb/1080612579720876032/pu/img/uCkOuLGDognvsaeb.jpg","","in","","0","1","16","https://x.com/undefined/status/1080612688701444096","891346355137921024",
"1080612686298316801","Wed Jan 02 23:51:55 +0000 2019","0","RSCM Mentahkan Prabowo Soal Selang Cuci Darah https://t.co/YxOgl0K8YM","1080612686298316801","","","in","","0","0","0","https://x.com/undefined/status/1080612686298316801","33511971",
"1080434818838519808","Wed Jan 02 23:51:51 +0000 2019","0","@ipribadi @pakde2511 @besibajaWF @CahayaLangit165 @jokowi Hahha... Sajikan data tp baca data nya gk bisa... mbuh wesss","1080612667801255937","","ipribadi","in","","0","2","0","https://x.com/undefined/status/1080612667801255937","1028865122209415168",
"1080612648490655745","Wed Jan 02 23:51:46 +0000 2019","0","Surat suara pemilu impor atau tidaknya yang pasti tidak akan menjadi blunder seperti ributnya impor beras terdahulu. @jonysasmito @Pak_JK @SBYudhoyono","1080612648490655745","","","in","","0","0","0","https://x.com/undefined/status/1080612648490655745","3178824294",
"1080407020862287872","Wed Jan 02 23:51:42 +0000 2019","1","@Romli73521479 @francmohede @prabowo Mungkin kebanyakan makan ta*k. Makanya yg keluar dr mulutnya isi septictank. Rakyat uda pinter vrohhh. Lagian yg menjarain sopo? Kan cawapres junjunganmu.","1080612630224490496","","Romli73521479","in","","0","1","0","https://x.com/undefined/status/1080612630224490496","228606817",
"1079665699033776130","Wed Jan 02 23:51:39 +0000 2019","1","@JagaJokowi @Herusundoro @jokowi @projopusat @ADSastrawidjaja @fahraniee @Jokowi_Amin @jokowiapp @kangdede78 Punya rekam jejak kinerja bagus Jokowi ungguli Prabowo di 9 survey... https://t.co/xQWyvxrUj9","1080612618107305985","https://pbs.twimg.com/media/Dv8baouXcAAFx9-.jpg","JagaJokowi","in","","0","0","1","https://x.com/undefined/status/1080612618107305985","195333272",
"1080334262287519746","Wed Jan 02 23:51:36 +0000 2019","0","@TeddyGusnaidi Udahlah mas.... Bakalan kalah koq Pak Jokowi itu","1080612606690287616","","TeddyGusnaidi","in","","0","0","0","https://x.com/undefined/status/1080612606690287616","1076085158858485762",
"1080505414934921217","Wed Jan 02 23:51:23 +0000 2019","0","@PantunJ2P @heniunique @SaaeBunglon @vita_diahErv @samsudin102 @sukangetweet @Y_Radianto @BocoroRoman @HD52766966 @DjanChoek @V_Stone_Kardol @armawaras @Candraasmara85 @PartBurungGalak Laju lah laju perahu laju Laju sampai ke Surabaya Satu ayolah pilih capres satu Untuk indonesia 🇮🇩 maju Jaya Jalan jalan ke Jakarta Jenguk temen di Rumah sakit Jangan lah jangan pilih capres dua Suka politisasi orang sakit #JokowiLagi #2019PilihJokowi","1080612548758581248","","DR_0xjhon","in","","0","0","0","https://x.com/undefined/status/1080612548758581248","724363835742654464",
"1080612538201427970","Wed Jan 02 23:51:20 +0000 2019","0","Pertarungan II Jokowi Vs Prabowo Siapa Menang? https://t.co/PEFCYbEf4d https://t.co/PEFCYbEf4d","1080612538201427970","","","in","","0","0","0","https://x.com/undefined/status/1080612538201427970","1577626843",
"1080486586234490880","Wed Jan 02 23:51:14 +0000 2019","2","@AT_AbdillahToha @HendarwatiH Yg loe maksud dukung lagi yg jelas boongnya..?! kita putus rantai kebohongan2 biar gak bertambah dg ganti presiden pemilu nanti ...","1080612512540680192","","AT_AbdillahToha","in","","0","0","0","https://x.com/undefined/status/1080612512540680192","951343187691323392",
"1080612505444122625","Wed Jan 02 23:51:12 +0000 2019","5","Pembina LPKAN : ''Pembangunan Infrastruktur pemerintahan Jokowi telah gagal mencapai target dan seakan memaksakan diri seperti dongeng 'Sangkuriang untuk bisa terwujud dengan sempurna selama 5 tahun'' https://t.co/J09vRoLhMX","1080612505444122625","","","in","","0","0","5","https://x.com/undefined/status/1080612505444122625","1476693997",
"1080612488004001793","Wed Jan 02 23:51:08 +0000 2019","0","IPW Curiga Pendukung Radikal Prabowo Akan Melawan Jika Kalah https://t.co/6WaC7t99Zt","1080612488004001793","","","in","","1","0","0","https://x.com/undefined/status/1080612488004001793","106035048",
"1080610597694099456","Wed Jan 02 23:51:00 +0000 2019","0","@BagioSastro @prabowo @sandiuno @RoemahSandi pangestunipun kang mas..nuwun","1080612455221321728","","BagioSastro","in","","0","0","0","https://x.com/undefined/status/1080612455221321728","3074999192",
"1066941082565406720","Wed Jan 02 23:50:51 +0000 2019","0","@Gerindra @prabowo @sandiuno @adilmakmur02 ","1080612414268203008","","Gerindra","qam","","0","0","0","https://x.com/undefined/status/1080612414268203008","136864617",
"1080374717171658752","Wed Jan 02 23:50:47 +0000 2019","0","@JajangRidwan19 @jokowi ","1080612397507735552","","jr_kw19","qme","","0","0","0","https://x.com/undefined/status/1080612397507735552","147860902",
"1079906467082203136","Wed Jan 02 23:50:46 +0000 2019","0","@romi_warsito @AndriW02325912 @jokowi Tau ga broo apa persamaan kampret sama cebong..?? Cebong selalu pamer kerja nyata jokowi kalo Kampret selalu berusaha cari kesalahan Jokowi jadi dua x kampanyekan jokowi masyarakat jadi lupa ada capres lain apa karna emang g ada programx ya ?","1080612396534616064","","Sie_Doy","in","","0","0","0","https://x.com/undefined/status/1080612396534616064","1080605780724699136",
"1080612391849680896","Wed Jan 02 23:50:45 +0000 2019","0","Wajah prabowo dan Ratna sp","1080612391849680896","","","in","","0","0","0","https://x.com/undefined/status/1080612391849680896","1364773760",
"1080612367690489856","Wed Jan 02 23:50:39 +0000 2019","0","Ini masalah serius jgn pake logika krn kejadian Ratna S. Juga org berpikir logikanya gak mungkin Prabowo dpt info salah nyatanya? Mending klarifikasi aja dengar dr siapa bawa bukti dan saksinya kita hajar rame2 kalo mmg benar kata prbowo","1080612367690489856","","","in","","0","0","0","https://x.com/undefined/status/1080612367690489856","1099744345",
"1080595049748951040","Wed Jan 02 23:50:38 +0000 2019","0","@rianggawibawa1 Tribun mana iyeu bobotoh jokowi ga uy? Wkewek","1080612362556567552","","rianggawibawa93","in","","1","0","0","https://x.com/undefined/status/1080612362556567552","226070798",
"1080612310928871424","Wed Jan 02 23:50:26 +0000 2019","0","Surat suara pemilu impor atau tidaknya yang pasti tidak akan menjadi blunder seperti ributnya impor beras terdahulu.","1080612310928871424","","","in","","0","0","0","https://x.com/undefined/status/1080612310928871424","3178824294",
"1079983072668377089","Wed Jan 02 23:50:19 +0000 2019","0","@ubaidillahThal1 @umam_chaerul Cc @KPU_ID mungkin punya berkas CV beliau ketika mencalonkan capres. ","1080612281371615234","","","in","","0","0","0","https://x.com/undefined/status/1080612281371615234","283795705",
"1080612263000604673","Wed Jan 02 23:50:14 +0000 2019","1","Sektor Kelautan dan Perikanan Indonesia menjadi program prioritas JOKOWI-JK dalam 4 Tahun Masa Kerja. Ini merupakan bentuk kepedulian dalam melestarikan dan menjaga Sumber Daya alam yg ada di Perairan Indonesia. #01JokowiLagi #01IndonesiaMaju @HideiaFaza @PakBowoSatu https://t.co/jk2JlbYO2D","1080612263000604673","https://pbs.twimg.com/media/Dv8bHZfU0AAzm02.jpg","","in","","0","0","1","https://x.com/undefined/status/1080612263000604673","952833150568120320",
"1080058458752204800","Wed Jan 02 23:50:00 +0000 2019","0","@champbrb @LisaAmartaTara @prabowo @sandiuno @fadlizon @Ferdinand_Haean @MbahUyok Berfikir logis sj yg sdh punya pengalaman di kancah pemerintah sj bg aku bang dari PD coba2 yg sdh terbiasa gagal.","1080612201323360257","","champbrb","in","","0","1","0","https://x.com/undefined/status/1080612201323360257","1053932801395847168",
"1080612194583076864","Wed Jan 02 23:49:58 +0000 2019","2","Assalamualaikum warahmatullahi wabarokatuh bung @karniilyas dan @ILCtv1. Mohon diinvestigasi dan diklarifikasi ke pihak2 yg terkait biar tidak melebar dan menimbulkan keresahan di masyarakat Indonesia. Apalagi ini thn pemilu! UP kan sebagai tema di ILC pekan depan! ","1080612194583076864","","","in","","0","0","2","https://x.com/undefined/status/1080612194583076864","947715627711475712",
"1080531638881153025","Wed Jan 02 23:49:57 +0000 2019","7","@TPK_RI @joesp_2000 Jangan bawa bawa bobotoh dukung salah sahiji capres aing oge bobotoh teu satuju mun maen bal dibawa bawa ka politik. Goblog siah.. Mikiirrr...","1080612188438507525","","TPK_RI","in","","0","0","1","https://x.com/undefined/status/1080612188438507525","911455819882946564",
"1080414154781904896","Wed Jan 02 23:49:49 +0000 2019","0","@parodi_negeri @jansen_jsp Ayo Bong ayo Prett lanjooot @jokowi","1080612156662411264","","Neger1_Parodi","tl","","0","0","0","https://x.com/undefined/status/1080612156662411264","1061078577913819137",
"1080421256514592769","Wed Jan 02 23:49:45 +0000 2019","1","@Fositivbe2 @toptobs @derek_tea Ikut politik Bebaskeun we Tp mamawa nama Bobotoh demi kepentingan politik sendiri teu etis pisan Bobotoh kompak Krn Persib bukan Capres","1080612139218259968","","Fositivbe2","in","","0","0","1","https://x.com/undefined/status/1080612139218259968","802726871141990400",
"1080475013399031808","Wed Jan 02 23:49:36 +0000 2019","0","@WajahMuslim17 @prabowo Insyaallah jadi presiden","1080612102677483520","","WajahMuslim17","in","","0","1","0","https://x.com/undefined/status/1080612102677483520","963714428138065920",
"1080476594538336256","Wed Jan 02 23:49:28 +0000 2019","8","@TeddyGusnaidi Goblok aja pemimpinnya... bukannya di adili malah mingkem.... 17 april pilih prabowo sandi","1080612066388373504","","TeddyGusnaidi","in","","0","0","0","https://x.com/undefined/status/1080612066388373504","998908368",
"1080163956876951555","Wed Jan 02 23:49:16 +0000 2019","0","@kandargalang @jokowi @CakKhum @panca66 @Ferdinand_Haean @Maulana_Tigor @dulatips @DonAdam08 @Gemacan70 @budimandjatmiko @Silvy_riau @Ndon08Back @MichelaniaAdam @fadlizon @helmifelis Pencitraan yg sempurna.........","1080612016639795201","","kandargalang","in","","0","0","0","https://x.com/undefined/status/1080612016639795201","918366832125288448",
"1080316689500102656","Wed Jan 02 23:49:15 +0000 2019","0","@Billboard_INA @jokowi @SeventeenBand Nyimak","1080612015322816512","","bbi_daily","in","","0","0","0","https://x.com/undefined/status/1080612015322816512","3218766038",
"1080474116174430208","Wed Jan 02 23:49:15 +0000 2019","0","@Fahrihamzah Semua kau salahkan Jokowi... Jamannya harto dan sby tidak kau sebut brp.mereka berutang ? Apalg mereka begitu korupnya","1080612014123212800","","Fahrihamzah","in","","0","0","0","https://x.com/undefined/status/1080612014123212800","1048489495601934336",
"1080611983638970368","Wed Jan 02 23:49:08 +0000 2019","1","Jokowi Dengarkan Keluhan Pengungsi Tsunami Selat Sunda https://t.co/X8xBLO73bo https://t.co/QnEbQ2DqG1","1080611983638970368","https://pbs.twimg.com/ext_tw_video_thumb/1080611942253776896/pu/img/2tLddcHc__a66aIR.jpg","","in","","0","0","0","https://x.com/undefined/status/1080611983638970368","902837643024539651",
"1080324408143622144","Wed Jan 02 23:48:54 +0000 2019","0","@RachlanNashidik Kalian msh dungu aja. Yg bikin pilihan cm ada dua itu partai koalisi petahana. Kemarin kalian nyinyir abang @RachlanNashidik dukung prabowo. Dijelasin msh berisik. Dasar buzzer","1080611924469964800","","rachlannashidik","in","","0","0","0","https://x.com/undefined/status/1080611924469964800","416183317",
"1080611923920510977","Wed Jan 02 23:48:54 +0000 2019","1","Best Nine Jokowi 2018 https://t.co/gviylbYdip","1080611923920510977","","","in","","0","0","0","https://x.com/undefined/status/1080611923920510977","517058533",
"1080470151026241543","Wed Jan 02 23:48:36 +0000 2019","0","@RizmaWidiono Ealah.. Paling males kalo urusan bola dibawa bawa politik.. Itu bobotoh jokowi woii! Bukan bobotoh persib! Ngerakeun kieu..","1080611851644239873","","RizmaWidiono","in","","0","0","0","https://x.com/undefined/status/1080611851644239873","1707284137",
"1080609619137843201","Wed Jan 02 23:48:36 +0000 2019","0","@Matsakli3 @Gray_Icy99 @Fahrihamzah @prabowo @jokowi Anda apa? Ijtimah ulama kan @prabowo ??? Terus gimana menurut anda hasil ijtimah ulama-nya katanya gk bisa baca Alquran","1080611848762712064","","Matsakli3","in","","0","0","0","https://x.com/undefined/status/1080611848762712064","983570606225412097",
"1080609619137843201","Wed Jan 02 23:48:30 +0000 2019","0","@Fahrihamzah @prabowo @jokowi Wkwkwk..Fahri mulai panik ","1080611823118737408","","Fahrihamzah","in","","0","0","0","https://x.com/undefined/status/1080611823118737408","185956991",
"1080609035680854016","Wed Jan 02 23:48:28 +0000 2019","0","@Fahrihamzah lagi kejar target agar Prabowo mengaku gak bs sholat bang.. xixixixi..","1080611817259319297","","Fahrihamzah","in","","0","0","0","https://x.com/undefined/status/1080611817259319297","1002982520",
"1080611767686811648","Wed Jan 02 23:48:16 +0000 2019","0","Jejak Prabowo Dalam Pergerakan Islam Oleh Miftah H. Yusufpati *Hubungan Prabowo dengan tokoh-tokoh pergerakan Islam sudah terjalin sejak dirinya aktif di ABRI/TNI. Rivalitas Prabowo dengan Luhut Binsar... https://t.co/n5P6dHWEwu","1080611767686811648","","","in","","0","0","0","https://x.com/undefined/status/1080611767686811648","477529527",
"1080611759784775680","Wed Jan 02 23:48:14 +0000 2019","0","Semoga mjd masukan berharga utk @infoBMKG apakah hrs ada perubahan SOP atau cara kerja utk minimalisir korban bencana mohon perhatian Pak @jokowi kisah Ifan @SeventeenBand https://t.co/7DGs3OefPP","1080611759784775680","","","in","","0","0","0","https://x.com/undefined/status/1080611759784775680","1425292800",
"1080611751345807360","Wed Jan 02 23:48:12 +0000 2019","0","Jokowi Unggah Foto Saat di Lampung Warganet Tagih Janji Dia Soal ini https://t.co/CEg6G4uNsg https://t.co/IIFSVt1747","1080611751345807360","https://pbs.twimg.com/media/Dv8apvXUwAE4Vpv.jpg","","in","","0","0","0","https://x.com/undefined/status/1080611751345807360","1057790199554433026",
"1080609619137843201","Wed Jan 02 23:48:08 +0000 2019","5","@Fahrihamzah @prabowo @jokowi Soekarno pidatonya meledak ledak intonasinya jelas prabowo pidatonya meledak ledak tp intonasinya pelor kaya suara orang pernah kena struk.","1080611733406797824","","Fahrihamzah","in","","0","2","0","https://x.com/undefined/status/1080611733406797824","834509107394596864",
"1080407028659449861","Wed Jan 02 23:48:08 +0000 2019","0","@Fahrihamzah @RajaPurwa @jokowi @KPK_RI Kalo gak ada korupsi gak ada kerjaan KPK nya.","1080611730655404032","","Fahrihamzah","in","","0","0","0","https://x.com/undefined/status/1080611730655404032","141001653",
"1080611711390892032","Wed Jan 02 23:48:03 +0000 2019","0","Relawan Prabowo-Sandi Targetkan 40 Persen Suara di Bali https://t.co/E6t1oq6oGp https://t.co/mznwSjEc6s","1080611711390892032","https://pbs.twimg.com/media/Dv8an97UwAAmlXY.jpg","","in","","0","0","0","https://x.com/undefined/status/1080611711390892032","817315408361336834",
"1080432688522096641","Wed Jan 02 23:48:03 +0000 2019","1","@22_jajang @HarryRidwan_Ay jokowi yg punya negara Kelibngerrrrr ","1080611711160205312","","JHON_b3","in","","0","0","0","https://x.com/undefined/status/1080611711160205312","1035063367474413569",
"1080611689807167489","Wed Jan 02 23:47:58 +0000 2019","0","Agak menyayangkansih urusan suporter jd ditarik ke dukung mendukung capres walaupun sebenernya istilah bobotoh itu mempunyai arti mendukung tapi selama puluhan tahun sudah identik dan melekat menjadi pendukung... https://t.co/B88XvrUoT6","1080611689807167489","","","in","","0","0","0","https://x.com/undefined/status/1080611689807167489","316938533",
"1080611664616054784","Wed Jan 02 23:47:52 +0000 2019","0","Relawan PAS ayo rapatkan barisan... Fokus share about @prabowo dan @sandiuno #17AprilCoblosNomor2 #17AprilCoblosNomor2","1080611664616054784","","","in","","0","0","0","https://x.com/undefined/status/1080611664616054784","2986283575",
"1080374717171658752","Wed Jan 02 23:47:51 +0000 2019","0","@yarandiva @uyaq85 @jokowi @bawaslu_RI Jaman sekarang yg dilihat buktinya punya perusahaan ga punya hutang pajak makmur deh rakyat indonesia","1080611660962746368","","ya_adiva","in","","0","0","0","https://x.com/undefined/status/1080611660962746368","1076530998702010368",
"1080609619137843201","Wed Jan 02 23:47:48 +0000 2019","1","@Fahrihamzah @prabowo @jokowi Pagi2 udah kayak lovebird","1080611646798622721","","Fahrihamzah","in","","0","0","0","https://x.com/undefined/status/1080611646798622721","233587249",
"1080609619137843201","Wed Jan 02 23:47:46 +0000 2019","1","@Fahrihamzah @prabowo @jokowi Yu ah masa soekarno tukang culik kabur k luar negri tukang hoax...","1080611641505374210","","Fahrihamzah","in","","0","0","0","https://x.com/undefined/status/1080611641505374210","2951697168",
"1080611610589159424","Wed Jan 02 23:47:39 +0000 2019","0","Klarifikasi dr RSCM ato dr Prabowo maksudnya?","1080611610589159424","","","in","","0","0","0","https://x.com/undefined/status/1080611610589159424","1099744345",
"1080483664394240006","Wed Jan 02 23:47:35 +0000 2019","0","@rinal_tr @nuna_mastur @fadlizon @jokowi bukan gk pencitraan...dl cm d angan2 aja byk...sm byk dikorupsi","1080611594877292544","","rinal_tr","in","","0","0","0","https://x.com/undefined/status/1080611594877292544","757765392085331968",
"1080287815059988480","Wed Jan 02 23:47:34 +0000 2019","0","@yohandewa @RajaPurwa @TeddyGusnaidi @prabowo Si Ted jagoannya msk kandang trus sakit hati tuh sdh keluar kandang blm Ted? Jgn lupa disanjung lg yaa biar nyungsep lg ","1080611590402060288","","","in","","0","0","0","https://x.com/undefined/status/1080611590402060288","973368781",
"1080509374747955200","Wed Jan 02 23:47:20 +0000 2019","0","@gyra200 @ekarhamdani @Pribumi_AntiPKI @yusuf_dumdum @prabowo @Gerindra Ow..Si Dumb dumb in Syi'i toh? Pantesan ","1080611531891531776","","gyra200","in","","0","1","0","https://x.com/undefined/status/1080611531891531776","503125705",
"1080611522416529409","Wed Jan 02 23:47:18 +0000 2019","0","Bismilah pak jokowi bisa jadi presiden lagi #Jokowi2Periode #Jokowi2Peroide","1080611522416529409","","","in","","0","0","0","https://x.com/undefined/status/1080611522416529409","1036464505943818241",
"1080611517307838464","Wed Jan 02 23:47:17 +0000 2019","1","Kiai Ma'ruf: Jokowi Tak Pernah Lakukan Tindakan Negatif https://t.co/MIHIEyEuA2","1080611517307838464","","","in","","0","0","0","https://x.com/undefined/status/1080611517307838464","517058533",
"1080611504393641985","Wed Jan 02 23:47:14 +0000 2019","0","Kawan2 jangan hiraukan oleh pasukan golput yg cuitanya memojokan pasangan Capres &amp; cawapres jokowi &amp; Hk Ma'ruf Amin. Bila perlu Ras dan blokir akun 2 mereka. Cuitan ujaran kebencian &amp; provokasi blokir! #JokowiMarufAmin2019 #Jokowi2Periode #2019KitaPilihJokowiAja","1080611504393641985","","","in","","0","0","0","https://x.com/undefined/status/1080611504393641985","1027144114624585729",
"1080611488811765760","Wed Jan 02 23:47:10 +0000 2019","0","Musuh Jokowi akan TETAP serang Jokowi siapapun cawapresnya dan akan TETAP dukung siapapun lawan Jokowi. Kalo gak mau diserang mereka jangan calonkan Jokowi. Jika masih ingin jadikan Jokowi Presiden dukung dan pilih dia..!! As simple as that. #Jokowi2Periode #2019TetapJokowi","1080611488811765760","","","in","","0","0","0","https://x.com/undefined/status/1080611488811765760","1027062099577458688",
"1080397716822192130","Wed Jan 02 23:47:05 +0000 2019","1","@AdellaWibawa @prabowo @sandiuno Jadi si PraboSan itu tukang bohong yah","1080611469769621505","","AdellaWibawa","in","","0","0","0","https://x.com/undefined/status/1080611469769621505","799115051302981632",
"1080609619137843201","Wed Jan 02 23:46:52 +0000 2019","0","@Fahrihamzah @prabowo @jokowi Kalo pak Karno Harta Karun Gaib nya Yg Sangat Terdengar &amp; Legendaris di akar rumput #awamPolitik","1080611415520493568","","Fahrihamzah","in","","0","0","0","https://x.com/undefined/status/1080611415520493568","1077114046208339968",
"1080374717171658752","Wed Jan 02 23:46:51 +0000 2019","4","@jokowi Good Job Pk Presiden","1080611411699482626","","jokowi","en","","0","0","0","https://x.com/undefined/status/1080611411699482626","1049609311456903169",
"1080401007119556608","Wed Jan 02 23:46:48 +0000 2019","7","@JollyCCC @fadlizon @jokowi Tdk ad yg merendahkan... dia merendahkan diriny sendiri...","1080611397816336384","","JollyCCC","in","","1","1","0","https://x.com/undefined/status/1080611397816336384","1045344935128391680",
"1080314809306861569","Wed Jan 02 23:46:44 +0000 2019","0","@RachlanNashidik Coba cek tweet anda yg dulu2 ttg prabowo siapa yg bodoh?","1080611378518462465","","rachlannashidik","in","","0","0","0","https://x.com/undefined/status/1080611378518462465","38335839",
"1080611375146135552","Wed Jan 02 23:46:43 +0000 2019","0","Soal 70 Juta Surat Suara Kubu Jokowi: Hoaks Murahan! https://t.co/RjRVSiTyBq","1080611375146135552","https://pbs.twimg.com/media/Dv8aUVqXQAAS6y9.jpg","","in","","0","0","0","https://x.com/undefined/status/1080611375146135552","3288053485",
"1080478044043784192","Wed Jan 02 23:46:38 +0000 2019","0","@pointer_ID @prabowo @MbahUyok @Ndon08Back @RajaPurwa @BangPino_ #nomor02 prabowo sandi","1080611354803748865","","pointer_ID","in","","0","0","0","https://x.com/undefined/status/1080611354803748865","1058350125494362112",
"1080403474905366528","Wed Jan 02 23:46:31 +0000 2019","5","@virgandhi @TeddyGusnaidi Ya Alloh...berikan selalu hidayahMu kpd Prabowo Sandi. Jadikan keduanya sbg pemimpin negeri ini yg berpegang teguh dlm jalanMu...aaamiin","1080611324420182016","","virgandhi","in","","0","2","0","https://x.com/undefined/status/1080611324420182016","830049354434039809",
"1080611313678671872","Wed Jan 02 23:46:28 +0000 2019","0","Jokowi wajib di dukung #TeJo #TetapJokowi #Jokowi2Periode","1080611313678671872","","","in","","0","0","0","https://x.com/undefined/status/1080611313678671872","1025278791730380805",
"1080331755721129984","Wed Jan 02 23:46:20 +0000 2019","0","@ferly_norman @RamliRizal @SBYudhoyono @jokowi @TetapPatriot @dianyounee @bima_____ Gimana nggak turun kalau orang dengan pendapatan 12.500 dianggap kaya Tolool","1080611280174497792","","ferly_norman","in","","0","0","0","https://x.com/undefined/status/1080611280174497792","1033749117812453376",
"1080389755278221312","Wed Jan 02 23:46:20 +0000 2019","0","@AkunTofa Hanya orang KOPLAK yg membandingkan Prabowo dgn Soekarno","1080611277796462592","","AkunTofa","in","","0","0","0","https://x.com/undefined/status/1080611277796462592","896512873211478018",
"1080611252848586753","Wed Jan 02 23:46:14 +0000 2019","0","Pernyataan Andi Arief harus diselidiki. Jika hoax aparat segera bertindak. Ini dapat menyebabkan huru hara jika dipercayai oleh para sumbu pendek sebelum atau setelah Pemilu https://t.co/HhSzaRRvxs","1080611252848586753","","","in","","0","0","0","https://x.com/undefined/status/1080611252848586753","386984668",
"1080331812864385024","Wed Jan 02 23:46:02 +0000 2019","0","@fadlizon Kesempatan tuh zonk.. daripada jadi wakil rakyat gada gunanya mending jadi asisten ajudannya Jokowi. Yah lumayan bisa bantu2 menyinkronkan agenda pak Jokowi. ","1080611204396011520","","fadlizon","in","","0","0","0","https://x.com/undefined/status/1080611204396011520","986184066616647680",
"1080540297313046528","Wed Jan 02 23:46:00 +0000 2019","0","@Aciiiiiooo @jokowi born to lead....actually #LampungBangkitBersamaJokowi #JokowiHarapanPasti","1080611194887524352","","lambemanis_","en","","0","0","0","https://x.com/undefined/status/1080611194887524352","1010907011326697473",
"1080454682953146369","Wed Jan 02 23:45:48 +0000 2019","5","@laskar_minang Pemilu modal triliunan dapetnya presiden kayak gini.... ","1080611147420598273","","demoCRAZY_id","in","","0","0","0","https://x.com/undefined/status/1080611147420598273","999631827668094982",
"1080609035680854016","Wed Jan 02 23:45:48 +0000 2019","0","@opuzia @Fahrihamzah Saya bisa terima kenyataan kalo Capres yg saya dukung d 2014 Jadi Yg susah terima kenyataan tuhh yg 2014 sudah sujud sukur tapi ternyata HOAX #DasarPrabohong","1080611143310344193","","","in","","0","0","0","https://x.com/undefined/status/1080611143310344193","993114371692769280",
"1079964639297863682","Wed Jan 02 23:45:42 +0000 2019","0","@JPTrust21 @don_rahmad @dipoalam49 @AndiArief__ @mohmahfudmd @RamliRizal @RustamIbrahim @saididu @ChatibBasri @asboediono @jokowi @PerekonomianRI @KemenkeuRI @realDonaldTrump @SBYudhoyono Siapa bilang tak butuh? Salah satu solusi kemacetan apa? Transportasi MASSAL. yaitu? Bung kamu sok pandai. Negara2 besar seperti jepang dan jerman aza butuh transportasi massal seperti kereta cepat.","1080611120136798208","","JPTrust21","in","","0","1","0","https://x.com/undefined/status/1080611120136798208","716475946400944128",
"1080392409039552512","Wed Jan 02 23:45:42 +0000 2019","2","@WidiartaWirawan @ruhutsitompul @rscm_official @prabowo Usut sampai tuntas tangkap. Tidak ada yg kebal hukum di Indonesia. Segera tangkap","1080611119952101376","","Widwira","in","","0","0","1","https://x.com/undefined/status/1080611119952101376","1656938293",
"1080461054147055616","Wed Jan 02 23:45:40 +0000 2019","0","@republikaonline Jojowi suka bola prabowo suka kuda","1080611111928381442","","republikaonline","in","","0","0","0","https://x.com/undefined/status/1080611111928381442","3301847742",
"1080545599110500353","Wed Jan 02 23:45:34 +0000 2019","0","@Twitter kayak moto nya pak @jokowi kerja kerja kerja @P3nj3l4j4h @Airin_NZ","1080611087635046400","","X","in","","0","0","0","https://x.com/undefined/status/1080611087635046400","319937058",
"1080534647048732672","Wed Jan 02 23:45:25 +0000 2019","0","@neng_armi @CintaNKRI12 @AsmatDjabbar @prabowo Ayo RAS akun porno @AsmatDjabbar cebong penyusup","1080611049110306817","","neng_armi","in","","0","1","0","https://x.com/undefined/status/1080611049110306817","1032295894115266561",
"1080372449701588993","Wed Jan 02 23:45:23 +0000 2019","0","@TiaraOk89261761 @prabowo @sandiuno Kenyataan mereka turut sebarkan Hoaks dan Hoaks terbesar adalah kasus Ratna Serumpeat...","1080611038851035137","","","in","","0","0","0","https://x.com/undefined/status/1080611038851035137","502372362",
"1080611036493799424","Wed Jan 02 23:45:22 +0000 2019","0","Sepagi ini sudah baca komen2an nyinyir para pendukung capres... Sarapan dulu sarapaan...","1080611036493799424","","","in","","0","0","0","https://x.com/undefined/status/1080611036493799424","159275441",
"1080603630779023360","Wed Jan 02 23:45:15 +0000 2019","0","@VIVAcoid Semoga tdk cuma teori ayoo pak dibuktikan terutama untuk capres dan cawapres yg suka menebar hoax. Kami tunggu ucapan bapak jadi bukti.selamat bekerja.","1080611008836587520","","VIVAcoid","in","","0","0","0","https://x.com/undefined/status/1080611008836587520","4762837758",
"1080374717171658752","Wed Jan 02 23:45:13 +0000 2019","0","@RatuAnissah @jokowi Janji tinggal janji setiap janji kau ingkari Jadi kuatkan hati Presiden harus gantiii.... ","1080610999638536197","","RatuAnissah","in","","0","1","0","https://x.com/undefined/status/1080610999638536197","986195521395044353",
"1080277559789535232","Wed Jan 02 23:45:13 +0000 2019","0","@GaluhP19 @Jojo_Entis @zulfanp1 @LusiHQ @jokowi Saya pikir Prabowo lebih bisa meredam intoleransi gerombolan2 mereka itu bisa ditutup mulutnya dgn uang korupsi. Tapi pembangunan akan berhenti. Kalo Jokowi menang pembangunan jalan terus tapi intoleransi akan semakin menjadi2. Saya tdk punya pilihan sama2 rusak.","1080610997906268160","","GaluhP19","in","","0","0","0","https://x.com/undefined/status/1080610997906268160","1027893959970893824",
"1080238367655092224","Wed Jan 02 23:45:09 +0000 2019","0","@mohmahfudmd Para pendukung Jokowi dan pendukung Prabowo mari kita memperbanyak mendoakan Indonesia sebagai wujud rasa cinta kita kepada Indonesia. Jangan pernah meremehkah doa karena sesungguhnya doa dapat mengubah takdir. https://t.co/FUlgVcuBF6","1080610983075180544","https://pbs.twimg.com/media/Dv8Z9PXV4AAoPeA.jpg","mohmahfudmd","in","","0","1","0","https://x.com/undefined/status/1080610983075180544","3344388914",
"1080318066070716416","Wed Jan 02 23:45:09 +0000 2019","0","@ruangsandi @Dahnilanzar @sandiuno @nurasiauno @prabowo @marierteman Memang ada yang nggak laporan?","1080610982034960389","","ruangsandi","in","","0","0","0","https://x.com/undefined/status/1080610982034960389","723318174377070594",
"1080130500193181696","Wed Jan 02 23:45:06 +0000 2019","0","@Mr_J_Awa @namjaviking @simkuringporsea @Ferdinand_Haean @jokowi @prabowo Tah kitu parasea oan resep ngabandunganana sok mangga teraskeun !!!","1080610969393364992","","TemanTyrex","in","","0","0","0","https://x.com/undefined/status/1080610969393364992","80192966",
"1080379249809285121","Wed Jan 02 23:45:06 +0000 2019","0","@dibyleather @chatita_mia @Ndon08Back @prabowo yg bukti videonya viral sj wereng bilang bukan LGBT miris mmg wereng sibuk ngurus politik penyakit masyarakat mrk abai malah kalau org kuat pelaku bisa lolos. Pak @prabowo mas @sandiuno tlg diperhatikan kasus moral ini. Kembalikan para pemuda/i bangsa ini mengenal agamanya","1080610967170342912","","dibyleather","in","","0","0","1","https://x.com/undefined/status/1080610967170342912","858820359562289153",
"1079906467082203136","Wed Jan 02 23:45:04 +0000 2019","0","@WikeYanto @romi_warsito @AndriW02325912 @jokowi Hahaha di kasi fakta langsung buta dia broo pura ga dengar..","1080610959234715648","","WikeYanto","in","","0","0","0","https://x.com/undefined/status/1080610959234715648","1080605780724699136",
"1080610930549899264","Wed Jan 02 23:44:57 +0000 2019","0","Ternyata...alhamdulillah aku makin cinta sama @prabowo @sandiuno #2019PrabowoSandi #2019PrabowoSandi","1080610930549899264","","","in","","0","0","0","https://x.com/undefined/status/1080610930549899264","2986283575",
"1080287803773046784","Wed Jan 02 23:44:56 +0000 2019","0","@yusuf_dumdum Klo disanggupin junjungan mu Jokowi siap gak bang?","1080610928377323520","","yusuf_dumdum","in","","0","0","0","https://x.com/undefined/status/1080610928377323520","1077557367993073666",
"1080610924526940160","Wed Jan 02 23:44:55 +0000 2019","0","Pencintraan untuk kekuasaan tidak tulus. Mau pemilu jualan kecap no 1.","1080610924526940160","","","in","","0","0","0","https://x.com/undefined/status/1080610924526940160","1079490943810588672",
"1080157951392763904","Wed Jan 02 23:44:55 +0000 2019","0","@HariSut00667225 @ustadtengkuzul Jokowi mmg baik tapi lebih baik Ganti Presiden. https://t.co/1Gyrk5yeAA","1080610924312981504","https://pbs.twimg.com/media/Dv8Z55GUcAAAYdH.jpg","HariSut00667225","in","","0","3","0","https://x.com/undefined/status/1080610924312981504","745049401219907584",
"1080057792218742785","Wed Jan 02 23:44:55 +0000 2019","0","@MuaraSa Ribut copras capres di medsos udh nggilani dan mboseni.","1080610923461705728","","MuaraSa","in","","0","0","0","https://x.com/undefined/status/1080610923461705728","604079053",
"1080606520805486592","Wed Jan 02 23:44:54 +0000 2019","1","@RekanSaber @Chacha_098 @4Y4NKZ @B1G_kaySae @Oreo_Dz @HendarNew @NatasyaRudy Dukung terus pak Jokowi Haiti haiti oposisi prabohong","1080610917711134721","","SahabatSaber","in","","0","1","1","https://x.com/undefined/status/1080610917711134721","309095282",
"1080610916771651584","Wed Jan 02 23:44:53 +0000 2019","3","#LampungBangkitBersamaJokowi makasih pak jokowi atas supportnya kepada seluruh masyarakat indonesia https://t.co/H88IHd2CDC","1080610916771651584","https://pbs.twimg.com/media/Dv8Z4ZhUYAAt8No.jpg","","in","","0","0","1","https://x.com/undefined/status/1080610916771651584","1080530566938685446",
"1079452796112449537","Wed Jan 02 23:44:49 +0000 2019","0","@Haryomuin @Retnosari2011 @budimandjatmiko @jokowi Jawaban nya utang bukan untuk bangun tol. Tapi buta bikin infrastruktur yg lain. Pelabuhan. Jembatan. Rel kereta bendungan bandara dan masih banyak lagi mas.","1080610899851849728","","","in","","0","0","0","https://x.com/undefined/status/1080610899851849728","106287179",
"1080609619137843201","Wed Jan 02 23:44:49 +0000 2019","0","@Matsakli3 @Fahrihamzah @prabowo @jokowi Bilang aja gak bisa baca Qur'an sok an paling islami lagi katanya hasil itjima ulama tapi kok keder mungkin ulamanya ulama kampret yang otaknya udah kebalik","1080610897922424832","","Matsakli3","in","","0","2","0","https://x.com/undefined/status/1080610897922424832","895268011015143430",
"1080071748794470402","Wed Jan 02 23:44:42 +0000 2019","0","@fadlizon @Jokowi Bukan Ahok. Pak Jokowi pernah kalah di survei dari Foke Pilkada DKI 2012 Tapi Menang pas pencoblosan","1080610868558102528","","fadlizon","in","","0","0","0","https://x.com/undefined/status/1080610868558102528","92311199",
"1080418852234682374","Wed Jan 02 23:44:37 +0000 2019","1","@akusopohayooooo @Fsilolongan @prabowo @sandiuno @MahesaTiwi @MbahUyok @CakKhum @Ferdinand_Haean Terakhir kata mereka survey di RSJ menang mutlak","1080610848135999488","","PenjagaJokowi","in","","0","1","0","https://x.com/undefined/status/1080610848135999488","1046930643177811969",
"1080610841727328256","Wed Jan 02 23:44:36 +0000 2019","0","Bobotoh dan Komunitas Motor Bandung Dukung Jokowi-Ma ruf https://t.co/2PvjVpdDFz","1080610841727328256","","","in","","0","0","0","https://x.com/undefined/status/1080610841727328256","846715204637376513",
"1080149967199555587","Wed Jan 02 23:44:34 +0000 2019","0","@IsekaiHero @anton3lie @prabowo @sandiuno Aamiin","1080610836740157441","","","fi","","0","0","0","https://x.com/undefined/status/1080610836740157441","2263915398",
"1080518994791084032","Wed Jan 02 23:44:28 +0000 2019","0","@enny_endah @marinahendr @faizalassegaf @SBYudhoyono @jokowi Siappppp","1080610808348856320","","enny_endah","in","","0","0","0","https://x.com/undefined/status/1080610808348856320","917580831811543040",
"1080374717171658752","Wed Jan 02 23:44:24 +0000 2019","0","@uyaq85 @jokowi @bawaslu_RI Biar kucing mengeong p Jokowi tetap berlalu satu jari buat Indonesia negara kita mereka ini iri dg satu jari kita satu tujuan mendirikan masyarakat adil dan makmur lihat prioritas kita perutnya orang banyak","1080610794000211968","","uyaq85","in","","0","0","0","https://x.com/undefined/status/1080610794000211968","1076530998702010368",
"1080610782302203909","Wed Jan 02 23:44:21 +0000 2019","0","Modal Jokowi yang Paling mendasar adalah OPTIMIS... Catat itu!. Bukan pesimis apalagi menakut2nakuti. #LampungBangkitBersamaJokowi #JokowiHarapanPasti","1080610782302203909","","","in","","0","0","0","https://x.com/undefined/status/1080610782302203909","1010907011326697473",
"1080546248040435712","Wed Jan 02 23:44:17 +0000 2019","2","@FaGtng @jokowi Beda kwalitas nya beda sikapnya . Antara emas dan besi karatan ...satu berkarakter satunya karaten.#Jokowimuslimsejati #JokowiOrangBaik #01JokowiLagi","1080610762962268160","","FaGtng","in","","0","1","0","https://x.com/undefined/status/1080610762962268160","2882684917",
"1080388336433258497","Wed Jan 02 23:44:16 +0000 2019","0","@HadiAmril @jansen_jsp @LaNyallaMM1 Ya potong lahhh Manuke prabowo","1080610759435014144","","HadiAmril","in","","0","1","0","https://x.com/undefined/status/1080610759435014144","993114371692769280",
"1080609619137843201","Wed Jan 02 23:44:10 +0000 2019","0","@Fahrihamzah @prabowo @jokowi GENDENG we ri ","1080610732738105346","","Fahrihamzah","in","","0","0","0","https://x.com/undefined/status/1080610732738105346","961590704811077640",
"1080509161459208193","Wed Jan 02 23:44:06 +0000 2019","0","@nagrasae @masifaturohmi @kemuning_raya Ya bodoh kl membandingkan itu.. kualitasmu yg ga ada.. semua rakyt tau jokowi sipil .. tp lbh berkontribusi thd bangsa ini.. itu bs di buktikn nanti..","1080610717374459904","","kasir_kalam","in","","1","1","0","https://x.com/undefined/status/1080610717374459904","828964465810903041",
"1080332017500282880","Wed Jan 02 23:44:06 +0000 2019","0","@RamliRizal Monggo Mas @prabowo dan Bang @sandiuno","1080610715960893440","","RamliRizal","in","","0","0","0","https://x.com/undefined/status/1080610715960893440","3029081332",
"1080489507944681472","Wed Jan 02 23:44:05 +0000 2019","0","@RizmaWidiono @AjiBromokusumo Kenapa Jokowi presiden baik hrs dibenci cawapres KH ma'ruf Amin dibenci pula tapi untuk Jusuf Kalla tak kecipratan","1080610711670185984","","RizmaWidiono","in","","0","1","0","https://x.com/undefined/status/1080610711670185984","878449848046858240",
"1080314809306861569","Wed Jan 02 23:44:01 +0000 2019","3","@Aliffitrindewor @arman_111213 @RachlanNashidik Ada yg merasa dituduh berarti jeung. Kalau bkn ngadu ke pemerintah ke siapa? Tugas pemerintah itu memastikan pemilu aman dan demokratis. #dungu","1080610695454945280","","liffitrindewor","in","","0","0","0","https://x.com/undefined/status/1080610695454945280","416183317",
"1080610688916107264","Wed Jan 02 23:43:59 +0000 2019","1","Kelembutan Jokowi begitu jelas terlihat ketika bersama rakyat. Beliau memberikan semangat dan menghibur mereka yg menjadi korban bencana. Karena bagi Jokowi hidup itu adalah optimis. #LampungBangkitBersamaJokowi #JokowiHarapanPasti","1080610688916107264","","","in","","1","0","1","https://x.com/undefined/status/1080610688916107264","1010907011326697473",
"1080610639012233216","Wed Jan 02 23:43:47 +0000 2019","0","Dengan kerendahan hati pak Jokowi mendengarkan harapan warga dan dari komunikasi seperti inilah mereka paham arti pemimpin di tengah2 mereka. Semoga segera dibangun tempat mereka. https://t.co/tlyz5QmV1a #LampungBangkitBersamaJokowi #JokowiHarapanPasti","1080610639012233216","","","in","","0","0","0","https://x.com/undefined/status/1080610639012233216","1010907011326697473",
"1080610610897801216","Wed Jan 02 23:43:41 +0000 2019","5","Mikul nduwur Mendhem jero Indonesia makmur Bersama Prabowo #insyaAllah","1080610610897801216","","","in","","1","0","1","https://x.com/undefined/status/1080610610897801216","2396925522",
"1080610604732231682","Wed Jan 02 23:43:39 +0000 2019","0","Antusiasme rakyat begitu tinggi saat Presiden Joko widodo hadir di tengah2 mereka ini bisa kita maknai bahwa Jokowi dari rakyat dan untuk rakyat. #LampungBangkitBersamaJokowi #JokowiHarapanPasti https://t.co/bqk5cxqMrg","1080610604732231682","https://pbs.twimg.com/media/Dv8ZlENU8AAFhpx.jpg","","in","","0","0","0","https://x.com/undefined/status/1080610604732231682","1010907011326697473",
"1080610600672096256","Wed Jan 02 23:43:38 +0000 2019","0","Resolusi 2019 Ganti Jokowi","1080610600672096256","","","in","","0","0","0","https://x.com/undefined/status/1080610600672096256","868044084400726017",
"1080609619137843201","Wed Jan 02 23:43:37 +0000 2019","8","@Fahrihamzah @prabowo @jokowi Hahaha.....Sukarno belum pernah kabur ke luar negeri penuh optimisme bukan pencipta hoax bukan grasa grusu...","1080610597207560193","","Fahrihamzah","in","","0","0","0","https://x.com/undefined/status/1080610597207560193","3089669830",
"1080534647048732672","Wed Jan 02 23:43:30 +0000 2019","0","@CintaNKRI12 @prabowo Allahumma Aamiin","1080610568409477120","","CintaNKRI12","fi","","0","0","0","https://x.com/undefined/status/1080610568409477120","1030065481103728641",
"1080604984591314945","Wed Jan 02 23:43:30 +0000 2019","0","@Fahrihamzah Eeee bung.... harusnya Prabowo mirip bung Sukarno...tolol luuh","1080610568204050432","","Fahrihamzah","in","","0","0","0","https://x.com/undefined/status/1080610568204050432","1079319473109123072",
"1079968886399787008","Wed Jan 02 23:43:23 +0000 2019","0","@pas_rn @AkunTofa @BPNrelawan02 @prabowo @Eggi_Sudjana @sandiuno @LembagaF @haikal_hassan @al_viraal @Anggraini_4yu PKI gaya baru itu yg selalu teriak2 atas nama agama tapi tak sedikitpun mencerminkan kereligiusannya Cernalah dgn baik kata2 dan sumbernya agar kalian tdk mudah menerka hingga kalian sendiri bisa menjadi bagian dari Komunis gaya baru tersebut..","1080610537761734656","","rajaboneka_x","in","","0","0","0","https://x.com/undefined/status/1080610537761734656","1063070723172839424",
"1080443436895850496","Wed Jan 02 23:43:21 +0000 2019","0","@detikcom Saya Yakin 2019 Warga Muslim NKRI memilih Prabowo - Sandi Biar Aman Adil Makmur bisa mempersatukan Anak Bangsa NKRI ","1080610529104748544","","detikcom","in","","0","1","0","https://x.com/undefined/status/1080610529104748544","850371259833516032",
"1080462747073011713","Wed Jan 02 23:43:01 +0000 2019","0","@moan1974 Ya sdh ketua democl jd capres ke 3 kita dukung ","1080610443528261632","","moan1974","in","","0","1","0","https://x.com/undefined/status/1080610443528261632","2343574832",
"1080609619137843201","Wed Jan 02 23:42:58 +0000 2019","2","@Fahrihamzah @prabowo @jokowi Jangan biru Soekarno bang nanti @prabowo kalah mending niru Soeharto aja kan mantan mertuanya mungkin nanti bisa menang ","1080610430802776064","","Fahrihamzah","in","","0","0","0","https://x.com/undefined/status/1080610430802776064","895268011015143430",
"1080353558472548353","Wed Jan 02 23:42:57 +0000 2019","0","@fantonsena @prabowo @P3nj3l4j4h @RizmaWidiono @chicohakim @datuakrajoangek @kangdede78 @IraSKaminsky @Jokowi_inside @narkosun #SOMASIPENYEBARHOAX","1080610427589935109","","fantonsena","qme","","0","0","1","https://x.com/undefined/status/1080610427589935109","945663709732519942",
"1080464233668755457","Wed Jan 02 23:42:56 +0000 2019","0","@samsi167 @detikcom @prabowo Cc @rscm_official @DivHumas_Polri @CCICPolri @mohmahfudmd","1080610425387896833","","samsi167","und","","0","0","0","https://x.com/undefined/status/1080610425387896833","124822781",
"1079970470848454656","Wed Jan 02 23:42:46 +0000 2019","0","@opposite6890 Ini nih... yang buat jelek citra prabowo dan pak harto di kalangan mahasiswa.","1080610381557420032","","opposite6890","in","","0","0","0","https://x.com/undefined/status/1080610381557420032","517302554",
"1080465777700925440","Wed Jan 02 23:42:37 +0000 2019","0","@Fahrihamzah @SBYudhoyono Tiba jokowi dipuji kedubes amerika dibilang ada maunya tiba obama salut sama sby dibangga2in kan kebaca otak kampret gmna klo mikir.. Ehhh ga mikir ding.. Hehehhe","1080610343292829696","","Fahrihamzah","in","","0","0","0","https://x.com/undefined/status/1080610343292829696","1059808877900836869",
"1080389755278221312","Wed Jan 02 23:42:34 +0000 2019","1","@AkunTofa Itu bapaknya Megawati. Bapaknya prabowo pernah gabung prri","1080610333612523520","","AkunTofa","in","","0","2","0","https://x.com/undefined/status/1080610333612523520","38335839",
"1080610311479029760","Wed Jan 02 23:42:29 +0000 2019","0","Al Imam Al Mukarom Jokowi @MSApunya @fadlizon @pradewo68 @AnnaSuezann","1080610311479029760","","","in","","0","0","0","https://x.com/undefined/status/1080610311479029760","1362444793",
"1080314809306861569","Wed Jan 02 23:42:29 +0000 2019","0","@simkuringporsea @RachlanNashidik @fchwpo14 @jokowi Atas dasar apa anda bilang pondasi ekonomi yg dibangun SBY rapuh? Ada datanya?","1080610308761112576","","simkuringporsea","in","","0","0","0","https://x.com/undefined/status/1080610308761112576","416183317",
"1077837239072124928","Wed Jan 02 23:42:22 +0000 2019","0","@HadiHalimS @pendekarmalu @RamliRizal @jokowi Kata itu sangat ambigu bagi pemangku jabatan pemerintahan didalam memutuskan tindakan selanjutnya gak gampang. Siapa yg berani bertanggung jawab dgn pemahaman kata unreasonably itu? Siapa yg bisa menjamin alasan lingkungan tersebut bisa menangkan kita di pengadilan arbitrase?","1080610283293306885","","HadiHalimS","in","","0","1","0","https://x.com/undefined/status/1080610283293306885","884724468542603264",
"1080610282009817089","Wed Jan 02 23:42:22 +0000 2019","1","Sepakat @prabowo @sandiuno https://t.co/FPLp3yOkGz","1080610282009817089","https://pbs.twimg.com/media/Dv8ZT1cVsAEI6EZ.jpg","","in","","0","0","0","https://x.com/undefined/status/1080610282009817089","50283366",
"1079452796112449537","Wed Jan 02 23:42:18 +0000 2019","0","@FredyWansyah @budimandjatmiko @jokowi Terlalu betah di kota sih pdhl di kmpung lebih nyaman.","1080610265316478976","","FredyWansyah","in","","0","0","0","https://x.com/undefined/status/1080610265316478976","106287179",
"1080610257162792961","Wed Jan 02 23:42:16 +0000 2019","1","Strategi Kampanye Tabrak Logika Nalar Sehat. sdg dimainkan Prabowo..","1080610257162792961","","","in","","0","1","0","https://x.com/undefined/status/1080610257162792961","1077476499639328768",
"1080609619137843201","Wed Jan 02 23:42:15 +0000 2019","0","@Fahrihamzah @prabowo @jokowi Ni orang pagi-pagi dah gacor bat","1080610251655733248","","Fahrihamzah","in","","0","0","0","https://x.com/undefined/status/1080610251655733248","561046011",
"1080480122333884416","Wed Jan 02 23:42:13 +0000 2019","0","@JJefrika @fadlizon @jokowi beliau lebih cocok di jajaran penasehat presiden Insya Allah indonesia akan lebihbmakmur dan kuat karena jiwa beliau adalah islam sejati...","1080610244324089856","","JJefrika","in","","0","0","0","https://x.com/undefined/status/1080610244324089856","855800899645562882",
"1080554321895276545","Wed Jan 02 23:42:11 +0000 2019","0","@TirtoID Yg dari anis ma jadi rumah Rusun.... Bukan Rumah biasa seperti komplek yg sudak di jadikan pak jokowi...... Semogah tar bisa ikut program pak jokowi lagi Program rumah begini","1080610235692199936","","TirtoID","in","","0","0","0","https://x.com/undefined/status/1080610235692199936","977127176922255362",
"1080610232068386816","Wed Jan 02 23:42:10 +0000 2019","0","Turut Berduka Cita Paman Presiden Jokowi Tutup Usia https://t.co/6lHOPUCkrl https://t.co/YKgvgbfpv9","1080610232068386816","https://pbs.twimg.com/media/Dv8ZR3jU0AEpwFe.jpg","","in","","0","0","0","https://x.com/undefined/status/1080610232068386816","1051312985157689345",
"1080431417383825408","Wed Jan 02 23:42:06 +0000 2019","0","@parodi_negeri @Ronnie_Rusli @prabowo Tribunnews... Diceritakan teuku muzakir panglima gam 2002-2005. Prabowo tahun 96-97 di kopassus. Kapan prabowo ikut operasi GAM ?","1080610214963929088","","Neger1_Parodi","in","","0","0","0","https://x.com/undefined/status/1080610214963929088","460249796",
"1080464233668755457","Wed Jan 02 23:42:06 +0000 2019","0","@detikcom @prabowo Hoax dong!?!? Kok senang banget sama hoax?? Politikus hoax kok bisa bangga???","1080610212359241729","","detikcom","in","","0","0","0","https://x.com/undefined/status/1080610212359241729","2607565296",
"1080374717171658752","Wed Jan 02 23:41:56 +0000 2019","1","@Jojo42168970 @Teguh__007 @jokowi Pinomania... #17AprilPrabowoPresiden 🇮🇩","1080610172806950912","","Jojo42168970","und","","0","0","1","https://x.com/undefined/status/1080610172806950912","986195521395044353",
"1079669486142144512","Wed Jan 02 23:41:51 +0000 2019","0","@SalmaBrecht @04Nakula @RizmaWidiono @prabowo @wiranto1947 @SBYudhoyono @P3nj3l4j4h @ASapardan @Airin_NZ @CH_chotimah @liaaa_mg @BadjaNuswantara @RiuRizkiUtomo @shinichikudo991 @Karolina_bee11 Baaa babaaaaa https://t.co/sxZFsl5W0E","1080610149679550464","https://pbs.twimg.com/media/Dv8ZMc4UwAAQwU9.jpg","SalmaBrecht","tl","","0","0","0","https://x.com/undefined/status/1080610149679550464","1058599868594176002",
"1080610095413653504","Wed Jan 02 23:41:38 +0000 2019","0","Wujud kemanusiaan dlm Pancasila diterapkan duka saudara2 kita adalah duka kita jg karena itulah Jokowi instruksikan segera membangun Rumah Warga korban tsunami selat Sunda utk meringankan beban mrk. https://t.co/KeCEprbueh #LampungBangkitBersamaJokowi #JokowiHarapanPasti","1080610095413653504","","","in","","0","0","0","https://x.com/undefined/status/1080610095413653504","1010907011326697473",
"1080610080259620864","Wed Jan 02 23:41:34 +0000 2019","6","Kalau sudah ada PRESIDEN yang Soleh Pak Jokowi NGAPAIN pilih lain yang ga Soleh. dan Kalau sudah ada Wapres ULAMA yang Soleh Pak Maruf Amin NGAPAIN pilih lain yang ga Soleh PILIH YANG SOLEH ORIGINAL AJA DEEEHHH No. 1","1080610080259620864","","","in","","0","1","1","https://x.com/undefined/status/1080610080259620864","716136875178663936",
"1079740521797410817","Wed Jan 02 23:41:26 +0000 2019","0","@RajaPurwa @chyonaw Mantaap maju trs emak emak agara jeruji besi ketidak adilan buat umat islam tercabik cabik oleh kekuatan emak emak hai Patriotku Pak Prabowo sandi jdikan indonesia adil makmur di tanganmu jdilah pemimpin amanah bagi rakyatmu","1080610045023334400","","RajaPurwa","in","","0","0","0","https://x.com/undefined/status/1080610045023334400","1078257994041745409",
"1080318066070716416","Wed Jan 02 23:41:25 +0000 2019","1","@ruangsandi @sandiuno @nurasiauno @prabowo @marierteman Mana ada yg mau licik transparant? Jgn dibalik logikanya ya bong...jd selow aja ga usah nge gas apalagi kelojotan","1080610043765055488","","ruangsandi","in","","0","0","0","https://x.com/undefined/status/1080610043765055488","1037121641745014786",
"1080606520805486592","Wed Jan 02 23:41:25 +0000 2019","4","@enylove2 @Chacha_098 @4Y4NKZ @B1G_kaySae @Oreo_Dz @HendarNew @NatasyaRudy Kagumi semangat pantang menyerahnya... Jadikan presiden di bulan April nanti.. Hulaihiiii.... Presiden RI ? Ya Jokowi lagi... #SalamSatuJempol https://t.co/pqKObdKux9","1080610040791224320","https://pbs.twimg.com/media/Dv8ZGp0V4AAnA_F.jpg","EnyLove_1","in","","1","1","2","https://x.com/undefined/status/1080610040791224320","919616833002512385",
"1080534647048732672","Wed Jan 02 23:41:20 +0000 2019","0","@AsmatDjabbar @CintaNKRI12 @prabowo Aamiin","1080610019383566336","","AsmatDjabbar","fi","","0","0","0","https://x.com/undefined/status/1080610019383566336","1030065481103728641",
"1080610016003014661","Wed Jan 02 23:41:19 +0000 2019","0","Lagi Viral Guys Pernyataan Prabowo Dibantah oleh RSCM #eportalnews #news #berita #prabowo #pemilu #capres02 #pemilu2019 #indonesia #RSCM #rumahsakit #cucidarah #pemerintah #info https://t.co/qB41qMycpy","1080610016003014661","","","in","","0","0","0","https://x.com/undefined/status/1080610016003014661","1062617264631889920",
"1080609619137843201","Wed Jan 02 23:41:17 +0000 2019","0","@Fahrihamzah @prabowo @jokowi Juri ny ad 3 donng ","1080610007995969536","","Fahrihamzah","in","","0","0","0","https://x.com/undefined/status/1080610007995969536","412148363",
"1080407028659449861","Wed Jan 02 23:41:14 +0000 2019","0","@Fahrihamzah @jokowi @KPK_RI Harusnya tp saya ingat dongeng ada anggota hewan yg tdk terhormat mencoba menghalangi orang2 KPK ketika ingin menyelidiki rimba mereka. Dongeng Sebelum tweet mksud saya","1080609996549742597","","Fahrihamzah","in","","0","0","0","https://x.com/undefined/status/1080609996549742597","1042743602433019906",
"1080609993622093824","Wed Jan 02 23:41:13 +0000 2019","0","#SmartMorningPost - Komisi Pemilihan Umum dan Badan Pengawas Pemilu melakukan pengecekan langsung ke kantor Bea dan Cukai Pelabuhan Tanjung Priok Jakarta Utara terkait isu adanya tujuh... https://t.co/aeTixVPfib","1080609993622093824","","","in","","0","0","0","https://x.com/undefined/status/1080609993622093824","352149181",
"1080609972289851393","Wed Jan 02 23:41:08 +0000 2019","4","Kubu Jokowi Desak Penyebar Hoaks 7 Kontainer Surat Suara Tercoblos Ditangkap https://t.co/rTFNvy9J71","1080609972289851393","","","in","","0","0","3","https://x.com/undefined/status/1080609972289851393","456426648",
"1080609968888283136","Wed Jan 02 23:41:08 +0000 2019","0","Potret Jokowi Saat Blusukan Seperti 'Tak Dikawal' Paspampres https://t.co/y5NPxQdeEC","1080609968888283136","","","in","","0","0","1","https://x.com/undefined/status/1080609968888283136","456426648",
"1080278511892422657","Wed Jan 02 23:41:00 +0000 2019","0","@PriyoBudiS Ngapain malu emangnya yg lancar inggrisnya mimpin negaranya baik buktinya presiden terdahulu banyak yg mangkrak pembangunannya belum lagi nepotismenya semua keluarganya memanfaatkan jabatan Bapanya sekarang Jokowi.. Presiden yg mantab dan Luar Biasa...","1080609936680280064","","PriyoBudiS","in","","0","0","0","https://x.com/undefined/status/1080609936680280064","502372362",
"1080609933362511872","Wed Jan 02 23:40:59 +0000 2019","0","Seperti juga Esemka oposisi paling sering menyerang incumbent soal isue China/Tiongkok. Sbgn pendukung prabowo bahkan dengan kasar menyebut JKW sbg jongos-nya Tiongkok. Sedihnya cuitan itu disebarkan oleh seorang doktor summa cum laude yang baru dignai sbg komisaris BUMN","1080609933362511872","","","in","","0","0","0","https://x.com/undefined/status/1080609933362511872","1078870424581156864",
"1080472767487664128","Wed Jan 02 23:40:54 +0000 2019","0","@sandiuno @prabowo Bisa di catat ga anggota ok mencretmu udh berapa sama rumah dp nol permikir udh berapa masyarakt miskin yg dpt ? Klo bisa bisa ku panggil semua sodraku milih kmu.","1080609911900237824","","sandiuno","in","","0","0","0","https://x.com/undefined/status/1080609911900237824","1080605780724699136",
"1080609896909815809","Wed Jan 02 23:40:50 +0000 2019","0","Cabut Dukungan ke Prabowo Bobotoh Persib Deklarasikan Dukung Jokowi https://t.co/JhdHqPWw2m","1080609896909815809","","","in","","0","0","0","https://x.com/undefined/status/1080609896909815809","71232432",
"1080609619137843201","Wed Jan 02 23:40:49 +0000 2019","0","@Fahrihamzah @prabowo @jokowi Ngomong apaan sih bang ngopi dulu napa ","1080609889737535490","","Fahrihamzah","in","","0","0","0","https://x.com/undefined/status/1080609889737535490","895268011015143430",
"1080609872658362368","Wed Jan 02 23:40:45 +0000 2019","0","ini jaminan dari pak @Jokowi https://t.co/te1H11HlXs #LampungBangkitBersamaJokowi","1080609872658362368","","","in","","0","0","0","https://x.com/undefined/status/1080609872658362368","1010907011326697473",
"1080149967199555587","Wed Jan 02 23:40:37 +0000 2019","0","@IsekaiHero @iswandiadon81 @prabowo @sandiuno Amiiiiiiiin","1080609841826095104","","","en","","0","0","0","https://x.com/undefined/status/1080609841826095104","818242906376941568",
"1080609815339196417","Wed Jan 02 23:40:31 +0000 2019","0","Jokowi Paling Banyak Diperbincangkan Warganet https://t.co/k1w2Onyt95","1080609815339196417","","","in","","0","0","0","https://x.com/undefined/status/1080609815339196417","1438550670",
"1079452796112449537","Wed Jan 02 23:40:23 +0000 2019","0","@nemencinta @budimandjatmiko @jokowi Masa depan bangsa kok coba2","1080609781847515136","","","in","","0","0","0","https://x.com/undefined/status/1080609781847515136","106287179",
"1077432329881059329","Wed Jan 02 23:40:16 +0000 2019","0","@hmurni89 @ustadtengkuzul Prabowo presiden Haiti pindah ke Indonesia. Hiiii....ngeriiii...!!! (Belum kengerian yanglainnya?)","1080609754853068801","","hmurni89","in","","0","1","0","https://x.com/undefined/status/1080609754853068801","1080606778088349696",
"1080609751170457600","Wed Jan 02 23:40:16 +0000 2019","0","Ikatan Santri NU Doakan Prabowo-Sandi Menang Pilpres 2019 https://t.co/JAZDDI1fd1 #2019PrabowoSandi","1080609751170457600","","","in","","0","0","1","https://x.com/undefined/status/1080609751170457600","1034442679235489792",
"1080130627016355841","Wed Jan 02 23:40:15 +0000 2019","0","@SugiKawuloAlit @syukur040617 @Ferdinand_Haean Lagian ga mungkin kaum milenial pilih prabowo yg sudah tua dan jadul mending jokowi yg masih muda bu titik aja ga milih prabowo apa lagi kita","1080609746820853760","","SugiKawuloAlit","in","","1","1","0","https://x.com/undefined/status/1080609746820853760","1031273503842959360",
"1080609734204551170","Wed Jan 02 23:40:12 +0000 2019","0","Potret Jokowi Saat Blusukan Seperti Tak Dikawal Paspampres https://t.co/tLiHZDmdjt","1080609734204551170","","","in","","0","0","0","https://x.com/undefined/status/1080609734204551170","846715204637376513",
"1080092384287907845","Wed Jan 02 23:40:09 +0000 2019","0","@Ferdinand_Haean @aiek_esthreem Rakyat sudah pintar... mana pemimpin yg harus dipilih kita bandingkan antusias rakyat saat kandidat capres cawapres bertemu mereka.... itulah fakta sebenarnya bukan survey bayaran....","1080609723097931776","","Ferdinand_Haean","in","","0","0","0","https://x.com/undefined/status/1080609723097931776","855800899645562882",
"1080445666508210176","Wed Jan 02 23:40:05 +0000 2019","0","@jokowi Aamiin semoga bapak menjadi obat buat kita biar cepat sembuh aamiin","1080609706513551360","","jokowi","in","","0","0","0","https://x.com/undefined/status/1080609706513551360","944025661206814725",
"1080609704571592705","Wed Jan 02 23:40:04 +0000 2019","1","Yaaa yg dilakukan prabowo pastinya mengucapkan sumpah serapah","1080609704571592705","","","in","","0","0","0","https://x.com/undefined/status/1080609704571592705","716136875178663936",
"1080278511892422657","Wed Jan 02 23:39:57 +0000 2019","0","@PriyoBudiS Hasil akhirnya tetap Pak jokowi terbaik","1080609674624491525","","PriyoBudiS","in","","0","0","0","https://x.com/undefined/status/1080609674624491525","896512873211478018",
"1080332047934119936","Wed Jan 02 23:39:57 +0000 2019","2","@IkhsanAbas @mohmahfudmd @ASapardan @b3joku @habibthink @ulinyusron @4Y4NKZ @P3nj3l4j4h @AT_AbdillahToha @BadjaNuswantara @RizmaWidiono @Ndon08Back @MbahUyok @maspiyuuu @CakKhum @RajaPurwa @Fahrihamzah adalah salah 1 hulubalang tim @prabowo Dan sudah menjadi SOP mereka harus jadi Goblog segoblog2 nya. Bayangkan saja dari Mulai Capresnya sampe Kampret2nya harus Lihai bersilat lidah meskipun Goblog Jadi klo statemen cerdas malah saya curiga dia sdh Insaf jd Kampret","1080609671201898496","","","in","","0","0","1","https://x.com/undefined/status/1080609671201898496","993114371692769280",
"1080609635185426434","Wed Jan 02 23:39:48 +0000 2019","0","Kubu Jokowi Desak Penyebar Hoaks 7 Kontainer Surat Suara Tercoblos Ditangkap https://t.co/mz4D9NQp48","1080609635185426434","","","in","","0","0","0","https://x.com/undefined/status/1080609635185426434","846715204637376513",
"1080407028659449861","Wed Jan 02 23:39:46 +0000 2019","0","@Fahrihamzah @jokowi @KPK_RI Yaelah Ri..Enteng sekali Mulut Negur @jokowi dan @KPK_RI itu Si Benjol Bakpaw gmna kabar?. tersangka Korupsi tapi anda Bela loh.","1080609627870351360","","Fahrihamzah","in","","0","0","0","https://x.com/undefined/status/1080609627870351360","909731081573744641",
"1080609619137843201","Wed Jan 02 23:39:44 +0000 2019","923","Bagus juga kalau ada lomba meniru Sukarno antara @prabowo dan @jokowi ...dengan juri ibu Megawati ...","1080609619137843201","","","in","","30","233","157","https://x.com/undefined/status/1080609619137843201","120968478",
"1080445666508210176","Wed Jan 02 23:39:42 +0000 2019","0","@jokowi EDISI TERBARU LAPORAN UTAMA Periode pertama fokus infrastruktur fisik Periode kedua presiden Jokowi fokus membangun man power atau man power development. Kata pak Karno Nawa Cita yang kuat adalah berbasis development kemandirian. Fondasi kuat mandiri.Dr Wahyu. W S2 UMM. https://t.co/x4B9f8xgOe","1080609612074647554","https://pbs.twimg.com/media/Dv8YqCSVAAEhU8U.jpg","jokowi","in","","0","0","0","https://x.com/undefined/status/1080609612074647554","735316361686179841",
"1080130500193181696","Wed Jan 02 23:39:40 +0000 2019","0","@namjaviking @ElaHelasni @simkuringporsea @Ferdinand_Haean @jokowi Ujang mah matana tertutup ... jadi we gelap mata. Kadang sok karunya ka kampret teh. Munafik.","1080609603631509504","","namjaviking","in","","0","1","0","https://x.com/undefined/status/1080609603631509504","830250440390385664",
"1080609598837387264","Wed Jan 02 23:39:39 +0000 2019","0","Kayaknye mereka ke makan logo jari nye prabowo-sandi deh jadi mikirnye the jak dukung prabowo makanye mereka dukung pihak bersebrangan ","1080609598837387264","","","in","","0","0","0","https://x.com/undefined/status/1080609598837387264","725984550203977729",
"1080609563999649792","Wed Jan 02 23:39:31 +0000 2019","0","Dana Kampanye Jokowi-Ma ruf Rp44 M Prabowo-Sandi Rp54 M https://t.co/47JEbdECxB","1080609563999649792","","","in","","0","0","0","https://x.com/undefined/status/1080609563999649792","846715204637376513",
"1080609543854292992","Wed Jan 02 23:39:26 +0000 2019","0","Kuduna BOBOTOH ulah di bawa ka politik!!. Ulah nepi kitu atuh.. Goblog aya2 wae nu aya BOBOTOH PRABOWO KEJANG2!!.","1080609543854292992","","","in","","0","0","0","https://x.com/undefined/status/1080609543854292992","356988703",
"1080609542365462528","Wed Jan 02 23:39:26 +0000 2019","0","Jokowi Dengarkan Keluhan Pengungsi Tsunami Selat Sunda https://t.co/7GiVxwzCt9","1080609542365462528","","","in","","0","0","0","https://x.com/undefined/status/1080609542365462528","846715204637376513",
"1080609541727891465","Wed Jan 02 23:39:26 +0000 2019","0","Poin Penting Pidato Prabowo Subianto Sindir RSCM Hingga Ekonomi https://t.co/9NR4ejs5Hn","1080609541727891465","","","in","","0","0","0","https://x.com/undefined/status/1080609541727891465","846715204637376513",
"1080278511892422657","Wed Jan 02 23:39:16 +0000 2019","1","@PriyoBudiS Hasil akhirnya tetap lebih baik pak Jokowi","1080609501831749632","","PriyoBudiS","in","","0","0","0","https://x.com/undefined/status/1080609501831749632","896512873211478018",
"1080609498656583680","Wed Jan 02 23:39:15 +0000 2019","0","Ikatan Santri NU Doakan Prabowo-Sandi Menang Pilpres 2019 https://t.co/jqoZXUUIgj #2019GantiPresiden","1080609498656583680","","","in","","0","0","0","https://x.com/undefined/status/1080609498656583680","1034442679235489792",
"1080609496030986246","Wed Jan 02 23:39:15 +0000 2019","0","Jokowi JANJIKAN Rumah Bagi Korban Tsunami Lampung Netizen: JANJI ke https://t.co/LonYBj7GWM #2019GantiPresiden","1080609496030986246","","","in","","0","0","0","https://x.com/undefined/status/1080609496030986246","1034442679235489792",
"1080149967199555587","Wed Jan 02 23:39:15 +0000 2019","0","@IsekaiHero @prabowo @sandiuno Aamiin ya Robbal alamin.","1080609495699488768","","","in","","0","0","0","https://x.com/undefined/status/1080609495699488768","1291642381",
"1080609494772695041","Wed Jan 02 23:39:14 +0000 2019","0","Pimpin RI 2019 Prabowo-Sandi Komitmen Membangun Tanpa Utang https://t.co/3pkUQ9oZIF #2019GantiPresiden","1080609494772695041","","","in","","0","0","0","https://x.com/undefined/status/1080609494772695041","1034442679235489792",
"1080314931738603520","Wed Jan 02 23:39:09 +0000 2019","0","@eliya_mkom @prabowo @sandiuno Kalau pak @jokowi menang ?","1080609472563691520","","eliya_mkom","in","","0","0","0","https://x.com/undefined/status/1080609472563691520","92311199",
"1080515780381310976","Wed Jan 02 23:39:02 +0000 2019","0","@KPU_ID @TMCPoldaMetro @mas_abudiman @viryanazis @novida_evi @masws1533 @PramonoUtan @hsym_asyari @arifhakim66 @robie2u @K_Setyawan Kalau hanya didiamkan jangan salahkan kalau akan semakin gencar fitnah2 dan hoax2 menjelang pemilu laporkan dan tangkap pelakunya khususnya aktor intelektualnya...","1080609443207757824","","KPU_ID","in","","0","0","0","https://x.com/undefined/status/1080609443207757824","436361707",
"1080534647048732672","Wed Jan 02 23:38:56 +0000 2019","0","@Maya_Bifi @CintaNKRI12 @prabowo Allahumma aamiin","1080609415730847745","","Maya_Bifi","fi","","0","0","0","https://x.com/undefined/status/1080609415730847745","1030065481103728641",
"1080278511892422657","Wed Jan 02 23:38:52 +0000 2019","0","@PriyoBudiS Mau nyinyirin juga? Sudah ajar wudhu dan sholat capres dan cawapresmu?","1080609401810141185","","PriyoBudiS","in","","0","0","0","https://x.com/undefined/status/1080609401810141185","896512873211478018",
"1080314931738603520","Wed Jan 02 23:38:51 +0000 2019","0","@eliya_mkom @prabowo @sandiuno Aamiin ya rabbal alamiin...","1080609395183017984","","eliya_mkom","in","","0","0","0","https://x.com/undefined/status/1080609395183017984","72875796",
"1080609382545518593","Wed Jan 02 23:38:48 +0000 2019","0","Harusnya sih RSCM ngasih langkah hukum ya terhadap statement @prabowo. Kalo statement begini doang mah cuma lucu2an aja nya itu.","1080609382545518593","","","in","","0","0","0","https://x.com/undefined/status/1080609382545518593","15853114",
"1080448024562696193","Wed Jan 02 23:38:45 +0000 2019","22","@kumparan Aing Bobotoh aing ngadukung parobowo sandi rek naon maneh ??? Ketua viking rek dukung Jokowi aing teu paduli ieu mah pilpres euy lain persib","1080609370474348545","","kumparan","in","","0","0","4","https://x.com/undefined/status/1080609370474348545","830921172",
"1080457993257283584","Wed Jan 02 23:38:42 +0000 2019","1","@AkunTofa Prabowo..!!️️","1080609360319901696","","AkunTofa","pl","","0","0","0","https://x.com/undefined/status/1080609360319901696","741016949484724224",
"1080374717171658752","Wed Jan 02 23:38:40 +0000 2019","0","@jokowi Kita masih banyak konglomerat yg numpang hidup di negara kita dari rakyat untuk rakyat","1080609348429131777","","jokowi","in","","0","0","0","https://x.com/undefined/status/1080609348429131777","1076530998702010368",
"1080493199293116417","Wed Jan 02 23:38:19 +0000 2019","1","@_DIM45_ARYA_ @fik_1976 @alpinkori @Y_Radianto @vita_diahErv @sarahupss @Ningnon11392644 @idaf7306 @Neng_Geulis_ @elvihutagaol @SBYudhoyono @prabowo SBY..sdg dlm Sikap Politik Kegamangan..bukan Kematangan..antara berjuang buat Prabowo ..Atau Elektabilitas Demokrat ..","1080609261049110528","","13_54TR14_","in","","0","1","0","https://x.com/undefined/status/1080609261049110528","1077476499639328768",
"1080472767487664128","Wed Jan 02 23:38:15 +0000 2019","1","@SeptiaNurjanah1 @sandiuno @prabowo ","1080609243420475392","","SeptiaNurjanah1","qme","","0","0","0","https://x.com/undefined/status/1080609243420475392","1080605780724699136",
"1080609232691421184","Wed Jan 02 23:38:12 +0000 2019","1","Jangan Lupa 17 April 2019 Kita Coblos no. 01 agar Pak @jokowi Kembali Memimpin Negara Indonesia menjadi Negara yang Maju #SalamSatuJempol #01IndonesiaMaju #01JokowiLagi","1080609232691421184","","","in","","0","0","1","https://x.com/undefined/status/1080609232691421184","1040952553737875456",
"1080354460398800897","Wed Jan 02 23:38:08 +0000 2019","0","@VeritasArdentur @prabowo @jokowi Masuk Bon ","1080609217575149568","","VeritasArdentur","in","","1","0","0","https://x.com/undefined/status/1080609217575149568","21372138",
"1080498097325633536","Wed Jan 02 23:38:08 +0000 2019","1","@NoPenjilat @Garuda501 @jokowi @prabowo @sandiuno Ya terang aja dia ke Blitar.. bbrp hr lalu sy mengunjungi kerabat di Blitar n Kediri daerah ini bnyk pendukungnya Pak De... smoga TKN Prabowo-Sandi paham peta ini...","1080609216128200705","","awas_bajingan","in","","0","0","0","https://x.com/undefined/status/1080609216128200705","995524610689941504",
"1079762992323997697","Wed Jan 02 23:38:06 +0000 2019","1","@Abu_Uwais99 @chyonaw @jokowi Pilihlah Pak Prabowo sandi beri kesempatan utk menuju indonesia Adil makmur lepas dri musibah marabahaya baik alam dan tangan jahil manusia insya Allah 70% rakyat mendukungmu hai Patriot bangsa","1080609207181664257","","Aba_Mecca","in","","0","0","0","https://x.com/undefined/status/1080609207181664257","1078257994041745409",
"1080276373221007360","Wed Jan 02 23:37:49 +0000 2019","0","@meow_leader @Airin_NZ NTB PALU BANTEN SULABUMI. DAERAH DAERAH TERSEBUT YG KENA BENCANA LUMBUNG SUARA @prabowo DI 2014 ARTINYA DAERAH TERSEBUT LUMBUNG LGBT DONG. BISA DIBANTAH TWEET SAYA INI....","1080609136713191424","","meow_leader","in","","0","0","0","https://x.com/undefined/status/1080609136713191424","864212965",
"1080609125929672704","Wed Jan 02 23:37:47 +0000 2019","0","Dia ngarepin kubu prabowo nyerang KMA?","1080609125929672704","","","in","","0","0","0","https://x.com/undefined/status/1080609125929672704","1011012727433674752",
"1080464012901412864","Wed Jan 02 23:37:29 +0000 2019","0","@ekowBoy Debbat serang prabowo baca al quran","1080609051753345025","","ekowBoy","in","","0","0","0","https://x.com/undefined/status/1080609051753345025","948819411174965248",
"1080457993257283584","Wed Jan 02 23:37:27 +0000 2019","0","@AkunTofa Orang-orang ini yang terlintas di benak gw jika @AkunTofa teriak Si TUKANG BOHONG! @RatnaSpaet @prabowo @fadlizon @Fahrihamzah @hanumrais Prof. Amien Rais @allah","1080609044216213505","","AkunTofa","in","","0","0","0","https://x.com/undefined/status/1080609044216213505","391809036",
"1080544625092251648","Wed Jan 02 23:37:22 +0000 2019","0","Kalau 7(tujuh) kontainer #suratsuara... Itu jumlah surat suara sebanyak apa ya? Betul-betul upaya jahat &amp; sistematis u/ menjatuhkan #kredibilitas #KPU &amp; penyelenggaraan Pemilu 2019. ","1080609022074449920","","at_Frederich18","in","","0","1","0","https://x.com/undefined/status/1080609022074449920","3035641057",
"1080374717171658752","Wed Jan 02 23:37:20 +0000 2019","0","@AbiSuper2506 @jokowi Giblok","1080609014914867200","","AbiSuper2506","de","","0","0","0","https://x.com/undefined/status/1080609014914867200","937449164136374272",
"1080392409039552512","Wed Jan 02 23:37:14 +0000 2019","1","@sangpejuang2000 @ruhutsitompul Ngomong opo tooo pikirkan dulu yg matang di Era Pak Jokowi semua bekerja dengan hati demi NKRI yg jaya dan hebat.","1080608987806986240","","sangpejuang2000","in","","0","1","0","https://x.com/undefined/status/1080608987806986240","2357258868",
"1080608952218398720","Wed Jan 02 23:37:05 +0000 2019","0","Harus tegas ini upaya mencederai pemilu.","1080608952218398720","","","in","","0","0","0","https://x.com/undefined/status/1080608952218398720","2275973118",
"1080608938901463041","Wed Jan 02 23:37:02 +0000 2019","1","https://t.co/LllAzSGXuD @soraBOBOTOH ngadukung @jokowi jeung @KHMarufAmin_ #jabarcageur #jabarkerja #jabarsiapkerjalagi #rekanjokowi #jokowiamin #indonesiakuat #indonesiamaju #ayoteruskerja #2019tetapjokowi","1080608938901463041","","","in","","0","0","0","https://x.com/undefined/status/1080608938901463041","343296554",
"1080149967199555587","Wed Jan 02 23:37:02 +0000 2019","0","@carina_niken @IsekaiHero @MohArifWidarto @prabowo @sandiuno Yaa Allah..selamatkan NKRI dari pendukung2 bodoh dan dungu yg mudah termakan propaganda dan fitnah seperti ini dan jadikan pak Prabowo Presiden yg akan menyelamatkan NKRI dari boneka plonga plongo yg dibesarkan media dan TIM PENGARAH GAYA ahli pencitraan yg membodohi org2 dungu","1080608937597054976","","carina_niken","in","","0","0","0","https://x.com/undefined/status/1080608937597054976","950957535120441344",
"1080608855695024128","Wed Jan 02 23:36:42 +0000 2019","0","ADA KIVLAN DAN PRABOWO HORMAT SENIOR AH Nasution merupakan seorang Jenderal Besar sebuah gelar kehormatan yang terhormat dalam dunia militer yang di Indonesia hanya di sandang oleh tiga nama. Gelar Jenderal Bintang... https://t.co/XyCnCh31fp","1080608855695024128","","","in","","0","0","0","https://x.com/undefined/status/1080608855695024128","717048857180246016",
"1080422065407062016","Wed Jan 02 23:36:36 +0000 2019","1","@suyasa_dewi @RajaPurwa @TitiekSoeharto @prabowo @sandiuno Salam Indonesia Raya Gek Dewi!! ","1080608828465414144","","suyasa_dewi","in","","0","0","0","https://x.com/undefined/status/1080608828465414144","67652842",
"1080608799801585664","Wed Jan 02 23:36:29 +0000 2019","0","saat di Lampung Presiden @Jokowi kembali mempertegas bahwa pemerintah Pusat akan membantu pembangunan rumah-rumah masyarakat yang hancur #LampungBangkitBersamaJokowi","1080608799801585664","","","in","","0","0","0","https://x.com/undefined/status/1080608799801585664","1010907011326697473",
"1080608790334951424","Wed Jan 02 23:36:27 +0000 2019","0","TKN Bantah Sudirman Said Soal Tata Kelola Pemerintahan Jokowi Buruk https://t.co/wBXK8oI3YZ","1080608790334951424","https://pbs.twimg.com/media/Dv8X96BXcAErJmi.jpg","","in","","0","0","0","https://x.com/undefined/status/1080608790334951424","3288053485",
"1080608768382054400","Wed Jan 02 23:36:21 +0000 2019","0","Awal Tahun ketemu yang begone.... Pertannyaannya 1.Yang Lapor ke Prabowo Pembohong ? !? 2.Prabowo Pembohong 3.Dan Atau 1 dan 2 Pembohong ? https://t.co/cFkqN2p1ml","1080608768382054400","","","in","","0","0","0","https://x.com/undefined/status/1080608768382054400","124706501",
"1080353393674055680","Wed Jan 02 23:36:17 +0000 2019","0","@RizmaWidiono Mantapppp Jokowi sllu di hati Met pgi mbk Rizma","1080608748610023425","","RizmaWidiono","in","","0","0","0","https://x.com/undefined/status/1080608748610023425","1071434635458924544",
"1080608691122929664","Wed Jan 02 23:36:03 +0000 2019","1","Yukkk... tavayyun dengan impoh2 liar. Lebih baek periksa kebenaran sebelon di posting Hoaks Pidato Jokowi Menyatakan PKI Tidak Bersalah https://t.co/lxyLP6R7gb","1080608691122929664","","","in","","0","0","0","https://x.com/undefined/status/1080608691122929664","813371491064479751",
"1080298869978673152","Wed Jan 02 23:35:58 +0000 2019","0","@jokowi mantap presiden kita pak jkw selalu terseyum walaupun banyak org yg memfinah dan mencaci maki. salut dgn karakternya yg sabar menghadapi segala rintangan yg menghadangnya. tetap yg terbaik untuk indo. 2019 tetap jkw presiden indo ","1080608668855365632","","jokowi","in","","0","0","0","https://x.com/undefined/status/1080608668855365632","4481256679",
"1079688579893288961","Wed Jan 02 23:35:55 +0000 2019","0","@saididu @aiek_esthreem Indonesia butuh orang seperti anda pak... butuh orang yg punya jiwa pratriotisme bukan jiwa kacung.... semoga setelah pemilu anda bisa berjuang bersama membangun negeri ini...","1080608656163389440","","saididu","in","","0","0","0","https://x.com/undefined/status/1080608656163389440","855800899645562882",
"1080549642444525568","Wed Jan 02 23:35:51 +0000 2019","0","@Ardhan_syahil @sandiuno Apa iya seorang calon capres cawapres 02 kualitas sprti ini. Apalagi pendukungnya....","1080608642078887936","","","in","","0","0","0","https://x.com/undefined/status/1080608642078887936","3270403033",
"1077955002646245377","Wed Jan 02 23:35:48 +0000 2019","0","@BurhanMuhtadi BPN : Pak Jokowi sudah melakukan kerja yang harus diapresiasi TKN : Tumben muji. Awas waspada senjata rahasia. TKN : Saat di Kopasus Pak Prabowo memiliki prestasi luar biasa BPN : Itu harus diakui. Tapi awas waspada tusukan diam2 Begitu kira2.","1080608627436601345","","BurhanMuhtadi","in","","0","0","0","https://x.com/undefined/status/1080608627436601345","723318174377070594",
"1080608613394276352","Wed Jan 02 23:35:44 +0000 2019","0","NGIMAMI SHOLAT AGAR DIPILIH sebagai PRESIDEN adalah SYIRKUL KHAFI (Oleh Ustadz Iip Wijayanto) Pernyataan PRABOWO SUBIANTO...bahwa beliau merasa tidak pantas menjadi imam sholat karena banyak yang lebih fasih...... https://t.co/PXZMpiTvOv","1080608613394276352","","","in","","0","0","0","https://x.com/undefined/status/1080608613394276352","1365988602",
"1079791627512606725","Wed Jan 02 23:35:41 +0000 2019","0","@prabowo Mantaaaappp.. https://t.co/xF27zboVBZ","1080608597480882177","https://pbs.twimg.com/media/Dv8XyV6UcAAgBz2.jpg","prabowo","in","","0","0","0","https://x.com/undefined/status/1080608597480882177","1037277512290586624",
"1080449708831768577","Wed Jan 02 23:35:40 +0000 2019","0","@v_frontline_pc @officialvpc Kumaha eta? Asa teu mungkin yolanda RT @pikiran_rakyat: Viking Persib Club Ungkap Alasan Beri Dukungan kepada Jokowi-Ma ruf Amin https://t.co/1TCCWKaWpN https://t.co/gLIVhovZUQ","1080608596394528768","https://pbs.twimg.com/media/Dv6HSN1WoAAUiCj.jpg","pikiran_rakyat","in","","1","0","0","https://x.com/undefined/status/1080608596394528768","80261309",
"1079698486860247042","Wed Jan 02 23:35:36 +0000 2019","0","@Ferdinand_Haean @SmCahaya @Paltiwest @zarazettirazr @AndiArief__ @PDemokrat Ciyehhh.. si botak mimpi disiang bolong.. Mimpi kalahkan jokowi.. mank u ada daftar jd capres?? Lol","1080608578396803073","","Ferdinand_Haean","in","","0","0","0","https://x.com/undefined/status/1080608578396803073","831508473607131137",
"1080476549004939264","Wed Jan 02 23:35:23 +0000 2019","1","@fadlizon Gimana kalo kang mas @fadlizon DIHARAMKAN LEWAT TOL yang dibangun di jaman pak @jokowi ???jangan protes lu lu kan ga mau hargai hasil kerja beliau?","1080608524361596928","","fadlizon","in","","0","0","0","https://x.com/undefined/status/1080608524361596928","737460548757921792",
"1080608521257766912","Wed Jan 02 23:35:22 +0000 2019","0","Hehehe klop sudah capres prabohong didampingi cawapres sandiwara https://t.co/s5HtCTDbPz Manajemen RSCM mementahkan pernyataan Prabowo Subianto yang mengaku mendapat laporan bahwa satu selang alat cuci darah pasien di RSCM dipakai oleh 40 orang.","1080608521257766912","","","in","","0","0","0","https://x.com/undefined/status/1080608521257766912","119970754",
"1080608519450066944","Wed Jan 02 23:35:22 +0000 2019","1","Ayolah qt sambut pemilu dg riang gembira. seriusin-nya di sosialisasi dan edukasi politik.Jgn menebar isu yg ga benar.itu rukasak kegembiran Fans MU yg mulai semringah nih... Cc: @yusuf_ch @mohmahfudmd @TheOfficialFMB.. yg blm menang santai @Umar_Hasibuan_ https://t.co/QhAc4EGVzs","1080608519450066944","","","in","","0","0","0","https://x.com/undefined/status/1080608519450066944","1692290179",
"1080563980651753472","Wed Jan 02 23:35:18 +0000 2019","0","@LestariMAP Capres twrngacau di indonesia..dan bertenan sama cecunguk2..lengjap sudah pembual dan pemfitnah melekat pada dia","1080608503989858304","","LestariMAP","in","","0","0","0","https://x.com/undefined/status/1080608503989858304","2165925866",
"1080608478081761280","Wed Jan 02 23:35:12 +0000 2019","0","Muncul Dugaan Dana Korupsi Kementerian Untuk Kampanye Jokowi https://t.co/nN8jrVN0Xc","1080608478081761280","","","in","","0","0","0","https://x.com/undefined/status/1080608478081761280","1438550670",
"1080354647280300032","Wed Jan 02 23:35:09 +0000 2019","0","@addiems Semestinya RSCM bisa bawa ucapan prabowo ke ranah hukum dg laporkan ke kepolisian krn sudah mencemarkan nama baik.","1080608463426736131","","addiems","in","","0","0","0","https://x.com/undefined/status/1080608463426736131","2348224044",
"1080130500193181696","Wed Jan 02 23:35:07 +0000 2019","0","@namjaviking @ElaHelasni @simkuringporsea @Ferdinand_Haean @jokowi Eta ge nuju natal meni gumbira joget2 saurna capres pilihan itjima ulama.","1080608457550553089","","namjaviking","in","","0","0","0","https://x.com/undefined/status/1080608457550553089","830250440390385664",
"1080268978654654464","Wed Jan 02 23:35:07 +0000 2019","0","@RelawanProSandi @roninkhalid Kambing aja nurut sama pa pres kuh @prabowo","1080608456854319104","","RelawanProSandi","in","","0","0","0","https://x.com/undefined/status/1080608456854319104","4164373032",
"1080608444854472704","Wed Jan 02 23:35:04 +0000 2019","4","Great Job @mehdirhasan Those Are The Funny Moments When catharsis and frustrating Show Up At The Same Time. Thank You For Pressing The Truth. Too Good To Be True ▶️ Semoga @KPU_ID Bisa Menghadirkan Moderator Setajam Silet Untuk Ajang Debat Capres Cawapres.","1080608444854472704","","","en","","0","0","0","https://x.com/undefined/status/1080608444854472704","1002295620051374080",
"1080238854416752640","Wed Jan 02 23:34:48 +0000 2019","0","@RajaPurwa @prabowo @sandiuno Mirip omongan potong leher hehehe ayohhh wujudkan mimpi","1080608378865381376","","RajaPurwa","in","","0","0","0","https://x.com/undefined/status/1080608378865381376","786074773893906434",
"1080388336433258497","Wed Jan 02 23:34:47 +0000 2019","0","@HadiAmril @jansen_jsp @LaNyallaMM1 Ooooo....jadi bener tooo Capres mu suka bikin nyawa melayang? Serem ya?","1080608373354184704","","HadiAmril","in","","0","1","0","https://x.com/undefined/status/1080608373354184704","993114371692769280",
"1080287815059988480","Wed Jan 02 23:34:42 +0000 2019","0","@RajaPurwa @visiau @TeddyGusnaidi @prabowo ted cara cari makan lu klas penjahat recehan ngga brilian. ocehan lu sdh ngga basi. lu dpt sdkt Rakyat yg menderita apalagi lu ngaku2 ketua Ormas lu makan duit haram lu ksh ke anak lu hny org yg ha pny Iman yg melakukannya.gmn otak lu mai bgs kl lu makan yg haram #Haram2Priode","1080608351698841600","","RajaPurwa","in","","0","0","0","https://x.com/undefined/status/1080608351698841600","1071547796853903360",
"1080608329527844864","Wed Jan 02 23:34:37 +0000 2019","0","Soal merepotkan memang SBY salah seorang kampiunnya. Bukan kah kpd Prabowo Sandi juga merepotkan seperti kerikil dlm sepatu? Kalu buat pak Jokowi tentunya sudah siap direpotkan oleh SBY semenjak PD tdk diterima dlm koalisinya.","1080608329527844864","","","in","","0","1","0","https://x.com/undefined/status/1080608329527844864","974256049539620864",
"1080534647048732672","Wed Jan 02 23:34:36 +0000 2019","2","@CintaNKRI12 @prabowo Dokumennya apa tuh dibuka saja biar jelas","1080608326172307456","","CintaNKRI12","in","","0","0","0","https://x.com/undefined/status/1080608326172307456","930403552048029696",
"1080508874174672902","Wed Jan 02 23:34:36 +0000 2019","0","@StlaErsad @kafkabianca @kipyiksamgong @BadjaNuswantara @SUYONO_NEW @enny_endah @fik_1976 @Winardhi2617 @stla_Ersad @r3nDYwJy Guru Iqra 1 : Ba fatah ....Ba Ba kasrah..Bi ..dibacanya ...? Prabowo : Bagong...bu...!! Guru Iqra:... ???!!!","1080608324985352193","","","in","","0","1","0","https://x.com/undefined/status/1080608324985352193","3050436404",
"1080441098328109062","Wed Jan 02 23:34:35 +0000 2019","0","@tempoekbis @tempodotco Yach... kalau pilot dukung Prabowo ntar buat aja bandara sendiri jangan pakai punya Angkasapura.","1080608320530989056","","tempoekbis","in","","0","0","0","https://x.com/undefined/status/1080608320530989056","1063212540665065472",
"1080149967199555587","Wed Jan 02 23:32:45 +0000 2019","0","@agus_har70 @IsekaiHero @Ayaniulva @prabowo @sandiuno Mungkin karena terlalu kosong otak kamu jadi mudah sekali terhasut dgn propaganda liberal yg dilontarkan penyusup2 yg ada di rejim ini Nak! Tanpa kamu tau misionaris dan gereja2 mencekoki jemaatnya dgn aneka trik politik utk berkuasa meski minoritas dan kamu cuma bisa dungu!!!","1080607863184080896","","agus_har70","in","","0","0","0","https://x.com/undefined/status/1080607863184080896","950957535120441344",
"1080469557246971905","Wed Jan 02 23:32:43 +0000 2019","0","@Munafikunn munafikun kapan loe berhenti provokasi???aku juga gak begitu suka MA tapi udah jd pilihan partai pendukung jokowi... mengapa gak doakn MA insaf klo selama ini dia menzholimi ahok??","1080607852366950401","","Munafikunn","in","","0","0","0","https://x.com/undefined/status/1080607852366950401","932832590435827712",
"1080377595575754752","Wed Jan 02 23:32:36 +0000 2019","0","@nyakilham @Raja_Polling @AriefAyieck1 @prabowo @jokowi Itu cara maen mereka... Apa yg mereka lakukan itulah yg mereka fikirkan. Mereka gak paham klo org bersatu itu seperti apa. Bergerak semua... #2019GantiPresiden #2019PrabowoPresident08","1080607821488476160","","nyakilham","in","","0","0","0","https://x.com/undefined/status/1080607821488476160","1028669946207715329",
"1080601731954659328","Wed Jan 02 23:32:26 +0000 2019","0","@yunzhu_ @bawaslu_RI @Gerindra @PDemokrat @PKSejahtera @Partaiberkarya @prabowo @SBYudhoyono @KPU_ID done mkcieh.","1080607781336408064","","yunzhu_","und","","0","0","0","https://x.com/undefined/status/1080607781336408064","1035525622930395136",
"1080607764840239106","Wed Jan 02 23:32:22 +0000 2019","1","Apakah ini jg penyusup? Harap teliti sebelum membeli ya pk Prabowo.","1080607764840239106","","","in","","0","0","0","https://x.com/undefined/status/1080607764840239106","3328174998",
"1080058458752204800","Wed Jan 02 23:32:07 +0000 2019","0","@LisaAmartaTara @Gemacan70 @prabowo @sandiuno @fadlizon @Ferdinand_Haean @MbahUyok Btw pernah ada yg diketok pintunya trus nolak kah ? Ahahaha","1080607701694967808","","LisaAmartaTara","in","","0","0","0","https://x.com/undefined/status/1080607701694967808","782168254911356928",
"1080607695974162432","Wed Jan 02 23:32:06 +0000 2019","2","Polisi Sobek Buku Tamu Relawan Prabowo-Sandi Ada Apa? https://t.co/jcEI8p7BEh","1080607695974162432","","","in","","0","0","0","https://x.com/undefined/status/1080607695974162432","131751447",
"1080333518406733824","Wed Jan 02 23:31:54 +0000 2019","0","@MSApunya Inilah kualitas....@prabowo dan @sandiuno .. for RI.1","1080607648771239938","","MSApunya","in","","0","0","0","https://x.com/undefined/status/1080607648771239938","1079422263659614208",
"1080607635559182337","Wed Jan 02 23:31:51 +0000 2019","3","Saat mngerjakan soal mtk di papan tulis saya lbih memilih utk mundur sedikit. Agar kelebihan dan kekurangan jwban saya bisa terlihat. Saya pun ingin melihat dua capres dg seperti itu. Berdiri di tengah2. Tp makin ke sini saya ngga bisa.","1080607635559182337","","","in","","0","1","0","https://x.com/undefined/status/1080607635559182337","1068926865589424128",
"1080607629989138432","Wed Jan 02 23:31:50 +0000 2019","0","salut buat Pak @jokowi","1080607629989138432","","","in","","0","0","0","https://x.com/undefined/status/1080607629989138432","1282135291",
"1080374717171658752","Wed Jan 02 23:31:50 +0000 2019","0","@jokowi Selmt beruag pa presiden","1080607628965756928","","jokowi","in","","0","0","0","https://x.com/undefined/status/1080607628965756928","1076071005884375041",
"1080315484669566976","Wed Jan 02 23:31:48 +0000 2019","0","@ghaznavid_ @jokowi Kemampuan berpikir nya praktis dan sederhana emang..","1080607623123103745","","deargod_01","in","","0","0","0","https://x.com/undefined/status/1080607623123103745","1124587543",
"1080346730372128773","Wed Jan 02 23:31:45 +0000 2019","0","@Metro_TV Dasar kebiasaan malas. Apa kurang panjang liburnya sgitu lamanya?!! Aturlah badannya sedemikian rula spy gak lelah. Masa hrs sy ksh saran? Kan udah dewasa! Wkwkwk (hrsnya balasan tweet sy ini dibaca jg ama seluruh PNS sampe ke @jokowi )","1080607609567113216","","Metro_TV","in","","0","0","0","https://x.com/undefined/status/1080607609567113216","2478297846",
"1080454692751065089","Wed Jan 02 23:31:41 +0000 2019","0","@kompascom Pertanyaannya skrg trs prestasimu opo? Trs apa pula prestasi prabowo? Wes ngono ae","1080607592475385857","","kompascom","in","","0","0","0","https://x.com/undefined/status/1080607592475385857","1432080038",
"1080607562075172865","Wed Jan 02 23:31:34 +0000 2019","0","Reaksi pernyataan Prabowo Subianto soal selang cuci darah https://t.co/uTOuv7EQsm","1080607562075172865","","","in","","0","0","0","https://x.com/undefined/status/1080607562075172865","1004917761473052672",
"1079769922375364611","Wed Jan 02 23:31:32 +0000 2019","0","@diah_soewarno @Erwin55254645 @PakKarno3 @Ferdinand_Haean @jokowi @KPU_ID @bawaslu_RI Apaan pa bowo jha tiap di tanya mengelak terus. Cari lah pemimpin klw suda benar shalat nya. In syah Allah bisa jadi pemimpin yang baik. #LANJUTKAN","1080607555569692672","","diah_soewarno","in","","0","1","0","https://x.com/undefined/status/1080607555569692672","2382291864",
"1068109595770466305","Wed Jan 02 23:31:32 +0000 2019","0","@DindukcapilClcp @dukcapil_jateng @ganjarpranowo @jokowi Pengantar untuk mencetak kembali e-ktp yg rusak","1080607553514393601","","DindukcapilClcp","in","","0","1","0","https://x.com/undefined/status/1080607553514393601","317420971",
"1080441673782460416","Wed Jan 02 23:31:27 +0000 2019","0","@wahhabicc_jabar @jokowi Turut Berdukacita.","1080607532677132288","","wahhabicc_jabar","in","","0","0","0","https://x.com/undefined/status/1080607532677132288","4565855774",
"1080607532039585792","Wed Jan 02 23:31:27 +0000 2019","75","Bobotoh jokowi ? Personal aja kelees jangan bawa2 nama viking.. politik itu hak seseorang tp belum tentu semua viking pro jokowi atau prabowo.. Lebih baik menyatukan bobotoh buat kedepan nya.. #bobotohbersatu","1080607532039585792","","","in","","3","10","42","https://x.com/undefined/status/1080607532039585792","1041502550334177281",
"1080130500193181696","Wed Jan 02 23:31:26 +0000 2019","0","@ElaHelasni @namjaviking @simkuringporsea @Ferdinand_Haean @jokowi Euceu ella mah siga na kirang macaan berita macana berita hoax hungkul. Makana ceu mun ngaos berita teh kedah berimbang janteun otakna teu sengklek ... bobona tong tibalik janteun ci kiih nyalira ge di eueut deui. Mun masalah ham mah taroskeun we ka junjungan ceuceu ...","1080607529506226176","","ElaHelasni","in","","0","1","0","https://x.com/undefined/status/1080607529506226176","830250440390385664",
"1080607522644545536","Wed Jan 02 23:31:24 +0000 2019","0","Supaya lebih afdal sekaligus terhindar dari politisasi agama dlm pilpres mgk di masa datang syarat menjadi Capres-Cawapres di Indonesia ditambah sj misalnya Capres atau Cawapres yg beragama Islam hrs mampu: 1.... https://t.co/q3LpIWCuua","1080607522644545536","","","in","","0","0","0","https://x.com/undefined/status/1080607522644545536","399184339",
"1080607519163252741","Wed Jan 02 23:31:23 +0000 2019","0","#BeritaIslam: Ikatan Santri NU Doakan Prabowo-Sandi Menang Pilpres 2019 https://t.co/Nq7tfbV6bz","1080607519163252741","","","in","","0","0","0","https://x.com/undefined/status/1080607519163252741","997968620",
"1080474116174430208","Wed Jan 02 23:31:08 +0000 2019","2","@Fahrihamzah Orang Pinter yg Harus jadi Goblog semuanya ngumpul d Kubu @prabowo Dari mulai Capres nya hulubalang2 nya sampe Kampret2 nya harus berebut jd Goblog","1080607455669903361","","Fahrihamzah","in","","0","0","0","https://x.com/undefined/status/1080607455669903361","993114371692769280",
"1080607447566376960","Wed Jan 02 23:31:06 +0000 2019","0","@null Dana Kampanye Jokowi-Ma'ruf Rp44 M Prabowo-Sandi Rp54 M TKN Jokowi-Ma&amp;#39;ruf m https://t.co/lw0DTHM9Kc","1080607447566376960","","null","in","","0","0","0","https://x.com/undefined/status/1080607447566376960","424211974",
"1080317452406288386","Wed Jan 02 23:31:06 +0000 2019","0","@ChristWamea Kerinduan rakyat itu sdh nyata di rezim pak Jokowi 1.Kehidupan berbangsa &amp; bernegara yg demokratis sdh terbukti 2. HUKUM ditegakan dgn adil hanya saja pihak yg kalah selalu bilang hukum tidak adil 3. Ekonomi kerakyatan kembali bangkit : oikos dan nomos itu tidak pernah mati","1080607446605807617","","ChristWamea","in","","0","0","0","https://x.com/undefined/status/1080607446605807617","282676845",
"1080607446211604480","Wed Jan 02 23:31:06 +0000 2019","0","Jokowi Janjikan Rumah bagi Korban Tsunami Lampung Netizen: Lombok Palu Apa Kabar? https://t.co/UPv6rR4nPE","1080607446211604480","","","in","","0","0","0","https://x.com/undefined/status/1080607446211604480","3309397544",
"1080278069980454913","Wed Jan 02 23:31:05 +0000 2019","0","@haikal_hassan @jokowi Gk masalah yg masalah anda di kritik @na_dirs anda langsung block katenye...malu2 in para ulama aja..","1080607440616357888","","","in","","0","0","0","https://x.com/undefined/status/1080607440616357888","983570606225412097",
"1080607410870317056","Wed Jan 02 23:30:58 +0000 2019","0","Nah ini baru bener lah wong visi-misi pemilihan ketua osis aja disampein sama sindiri ini pemilihan capres-cawapres loh pie toh? Takut planga plongo kalo ditanya? Nanti debat capres-cawapres juga mau diwakilkan timses?","1080607410870317056","","","in","","0","0","0","https://x.com/undefined/status/1080607410870317056","144273673",
"1080470917178810369","Wed Jan 02 23:30:52 +0000 2019","0","@republikaonline Ridwan Kamil dukung Jokowi GA di tangkap @jokowi???","1080607387457703936","","republikaonline","in","","0","0","0","https://x.com/undefined/status/1080607387457703936","252017086",
"1080607373721403392","Wed Jan 02 23:30:49 +0000 2019","0","Dana Kampanye Jokowi-Ma'ruf Rp44 M Prabowo-Sandi Rp54 M TKN Jokowi-Ma&amp;#39;ruf m https://t.co/3bKGnRVPQB","1080607373721403392","","","in","","0","0","0","https://x.com/undefined/status/1080607373721403392","1178478516",
"1080426186403139585","Wed Jan 02 23:30:49 +0000 2019","0","@detikcom Justru @jokowi tuh lagi nyebokin &amp; beresin sisa sisa berak yg dulu dulu....bacot aje kupret","1080607373163515909","","detikcom","in","","0","0","0","https://x.com/undefined/status/1080607373163515909","226386133",
"1080607364770869254","Wed Jan 02 23:30:47 +0000 2019","0","Sandiaga Sumbang Rp 39 5 Miliar Dana Kampanye Prabowo-Sandi https://t.co/GTWv3i9ccJ","1080607364770869254","","","in","","0","0","0","https://x.com/undefined/status/1080607364770869254","195185897",
"1080604984591314945","Wed Jan 02 23:30:43 +0000 2019","23","@Fahrihamzah Meledak-ledaknya Prabowo sepertinya lebih mirip Ferdinand.","1080607349805539328","","Fahrihamzah","in","","0","4","1","https://x.com/undefined/status/1080607349805539328","949649917659660288",
"1080415988611338241","Wed Jan 02 23:30:43 +0000 2019","0","@CNNIndonesia Ooh gtuh toh @sandiuno @prabowo @Gerindra","1080607349402853377","","CNNIndonesia","in","","0","0","0","https://x.com/undefined/status/1080607349402853377","168094778",
"1080474116174430208","Wed Jan 02 23:30:30 +0000 2019","0","@Fahrihamzah Iye keren boss krn hutang ini warisan orba dan ada capres yg mau balik lagi ke jaman orba nah makin numpuk deh tuh hutang.. ","1080607294159605760","","Fahrihamzah","in","","0","0","0","https://x.com/undefined/status/1080607294159605760","359234204",
"1080023264754204673","Wed Jan 02 23:30:29 +0000 2019","0","@RajaPurwa @AHMADSA60256731 @KPU_ID @bawaslu_RI @prabowo @sandiuno @jokowi Setuju","1080607292725157888","","RajaPurwa","in","","0","0","0","https://x.com/undefined/status/1080607292725157888","1078704582039986176",
"1080607274807119872","Wed Jan 02 23:30:25 +0000 2019","0","Sudah jelas jokowi ini turunan PKI....","1080607274807119872","","","in","","0","0","0","https://x.com/undefined/status/1080607274807119872","999938845377351681",
"1080480122333884416","Wed Jan 02 23:30:23 +0000 2019","0","@banyu_aj @fadlizon @jokowi Dan kepala basarnas rijiq sihab ya wkwkwkwk","1080607266636591104","","buruy_cubluk","in","","0","1","0","https://x.com/undefined/status/1080607266636591104","1072692476765364224",
"1080604984591314945","Wed Jan 02 23:30:21 +0000 2019","7","@Fahrihamzah Ngaco bro cuman 2 bahasa inggris indonesia klo sukarno bahasa Arab fasih bahkan baca Alqur'an klo ngehoaxs mbo yg samar2bro biar g ketahuan boongnya atau tuan sengaja agar pak prabowo datang atas undangan Da'i aceh ","1080607256507367424","","Fahrihamzah","in","","0","2","1","https://x.com/undefined/status/1080607256507367424","933294919262789633",
"1080607230905397248","Wed Jan 02 23:30:15 +0000 2019","0","Senyum Lebar Ashanty untuk Jokowi https://t.co/JqVncPNXZ3","1080607230905397248","","","in","","0","0","0","https://x.com/undefined/status/1080607230905397248","517058533",
"1080430319327531009","Wed Jan 02 23:30:13 +0000 2019","0","@pr1841788 @prabowo @sandiuno @hana_4TAA @heniunique @exelflores21 @Y_Radianto @diasfaraa @b3joku @P3nj3l4j4h @JagaJokowi @nusantara_bara @purwo82092883 @Genesis7173 @BadjaNuswantara @RealForJKW Atau ada yang terkencing kencing ","1080607225725345793","","pr1841788","in","","0","0","0","https://x.com/undefined/status/1080607225725345793","1048423479677087744",
"1080602553019117569","Wed Jan 02 23:30:11 +0000 2019","0","@misterkapucino @jokowi Lebih manusiawikah apabila kereta cepat JKT-SBY digulirkan...","1080607217236103168","","misterkapucino","in","","0","1","0","https://x.com/undefined/status/1080607217236103168","1030783065004462080",
"1080592457224445952","Wed Jan 02 23:30:08 +0000 2019","0","@Paltiwest @P3nj3l4j4h @KPU_ID @projopusat @DivHumas_Polri @CCICPolri @AndiArief__ @PDemokrat @SBYudhoyono @prabowo @sandiuno @Vivittts @Ernijasin @Nisa_safiyaa @diahbelia @andreOPA @ApriliaLin @brvehrt_ @NurSyahbana9 Ayo Pak Polisi semoga tidak sulit menangkap biang keroknya.","1080607204003131392","","PaltiHutabarat","in","","0","0","0","https://x.com/undefined/status/1080607204003131392","3012060457",
"1080607178023727104","Wed Jan 02 23:30:02 +0000 2019","0","Warga Korban Tsunami Minta ini ke Pak Jokowi... - Warta Ekonomi https://t.co/LVwH1XFBb2","1080607178023727104","","","in","","0","0","0","https://x.com/undefined/status/1080607178023727104","30617522",
"1080015227519873025","Wed Jan 02 23:29:51 +0000 2019","1","@peduliakalsehat @ida90133252 @budimandjatmiko @prabowo Maksudnya ke lapangan pas mau pileg kali Bro...","1080607130640498688","","peduliakalsehat","in","","0","0","0","https://x.com/undefined/status/1080607130640498688","918851317853855744",
"1080430319327531009","Wed Jan 02 23:29:50 +0000 2019","0","@trisno1404 @prabowo @sandiuno @hana_4TAA @heniunique @exelflores21 @Y_Radianto @diasfaraa @b3joku @P3nj3l4j4h @JagaJokowi @nusantara_bara @purwo82092883 @Genesis7173 @BadjaNuswantara @RealForJKW Amin","1080607127725469696","","","en","","0","0","0","https://x.com/undefined/status/1080607127725469696","1048423479677087744",
"1080607089301639168","Wed Jan 02 23:29:41 +0000 2019","0","RSCM Bantah Pernyataan Prabowo Soal Selang Cuci Darah https://t.co/yz2XWzP6TD","1080607089301639168","","","in","","0","0","0","https://x.com/undefined/status/1080607089301639168","846715204637376513",
"1080430319327531009","Wed Jan 02 23:29:35 +0000 2019","0","@faro55555 @prabowo @sandiuno @hana_4TAA @heniunique @exelflores21 @Y_Radianto @diasfaraa @b3joku @P3nj3l4j4h @JagaJokowi @nusantara_bara @purwo82092883 @Genesis7173 @BadjaNuswantara @RealForJKW Sepakat","1080607064185962496","","","in","","0","0","0","https://x.com/undefined/status/1080607064185962496","1048423479677087744",
"1080607041742401536","Wed Jan 02 23:29:30 +0000 2019","0","Bismillah....NKRI Bangkit Bersatu Dan Bergandengan Tangan Bersama Prabowo Sandi https://t.co/IwZA39MRU1","1080607041742401536","","","in","","0","0","0","https://x.com/undefined/status/1080607041742401536","987852565",
"1080606985240735744","Wed Jan 02 23:29:16 +0000 2019","1","Dana Kampanye Jokowi-Ma'ruf Rp44 M Prabowo-Sandi Rp54 M https://t.co/5LxetJ4KEx https://t.co/rOIUKz4kwH","1080606985240735744","https://pbs.twimg.com/ext_tw_video_thumb/1080606899697942528/pu/img/4Rh60usV_H2ZyXrn.jpg","","in","","0","0","0","https://x.com/undefined/status/1080606985240735744","902837643024539651",
"1080101806011691008","Wed Jan 02 23:29:14 +0000 2019","0","@Anak_Saung @OesmanIpink @jokowi orang PDIP ini bilang seperti itu &amp; bapak sebagai orang Islam apakah setuju dengan pernyataannya ..?","1080606975392546817","","Anak_Saung","in","","0","0","0","https://x.com/undefined/status/1080606975392546817","960024627488542721",
"1080604984591314945","Wed Jan 02 23:29:14 +0000 2019","0","@Fahrihamzah Soekarno tdk suka buat hoax prabowo rajanya buat hoax Indonesia","1080606974847246336","","Fahrihamzah","in","","0","0","0","https://x.com/undefined/status/1080606974847246336","2352230799",
"1080606915715989505","Wed Jan 02 23:29:00 +0000 2019","0","@sandiuno @Dahnilanzar @prabowo Stop ko tipu2 Masyrakat! Muak kali kami!","1080606915715989505","","sandiuno","in","","0","0","0","https://x.com/undefined/status/1080606915715989505","2788055786",
"1080482631710531589","Wed Jan 02 23:28:58 +0000 2019","1","@V_Stone_Kardol @jokowi Yang parahnya pejabat yg korupsi pak Jokowi yg kena ga getahnya oleh para kampret logikanya gimana tuh ?","1080606909630111744","","Kumis_Separoh","in","","0","0","0","https://x.com/undefined/status/1080606909630111744","2742147296",
"1080426040118325248","Wed Jan 02 23:28:57 +0000 2019","0","@ucok_62 @ksatria_kelam @Dahnilanzar @sandiuno @jokowi nih gw kasi lawakan nasional https://t.co/pORrI0qO1K","1080606904705929216","https://pbs.twimg.com/ext_tw_video_thumb/1080606812259241984/pu/img/q7Pwtu90zvVDGmnl.jpg","ucok_62","in","","0","1","0","https://x.com/undefined/status/1080606904705929216","1073730466228842496",
"1080107844727394304","Wed Jan 02 23:28:54 +0000 2019","0","@munadisyarif @ani_bani142 @detikcom Dijawab dong @munadisyarif ko lgsg diem. Akun abal2 ya..bikin pas tahun pemilu aja","1080606893381275650","","","in","","0","0","0","https://x.com/undefined/status/1080606893381275650","343173019",
"1080606824108306434","Wed Jan 02 23:28:38 +0000 2019","0","Jauhilah capres yg timnya suka hoax https://t.co/Eq59Rc8gk6","1080606824108306434","","","in","","0","0","0","https://x.com/undefined/status/1080606824108306434","383991690",
"1080606798523088896","Wed Jan 02 23:28:32 +0000 2019","0","Udah masuk dunia bola tungguin aja paling bentar lagi capres ama cawapres ngikut kocok liga champions https://t.co/lodcugzhV5","1080606798523088896","","","in","","0","0","0","https://x.com/undefined/status/1080606798523088896","3189939733",
"1079574766137163776","Wed Jan 02 23:28:22 +0000 2019","0","@fadlizon @prabowo @sandiuno apa prestasi pak zon selama disenayan? kerjaanmu hanya jenlek2an presiden. hentikan cara2 kotor.","1080606758450606080","","fadlizon","in","","0","0","0","https://x.com/undefined/status/1080606758450606080","989467885696270336",
"1080314809306861569","Wed Jan 02 23:28:16 +0000 2019","0","@RachlanNashidik Dari byk nya hoaxs fitna dan hujatan ke pak jokowi .saya sebagai rakyat semakin mantap dukung pilihan ke no.1 presiden lagi 2019-2024 .Amin","1080606733389582336","","rachlannashidik","in","","0","0","0","https://x.com/undefined/status/1080606733389582336","162551100",
"1080509214081015808","Wed Jan 02 23:28:16 +0000 2019","1","@RizmaWidiono @AndiArief__ @DivHumas_Polri Cara mereka memproduksi hoax adlh bukti takut kalah dlm pilpres nanti. Tenggelamkan saja mereka sekalian. Tetap Pak Jokowi yg sdh terbukti membangun Indonesia.","1080606733297307648","","RizmaWidiono","in","","0","0","0","https://x.com/undefined/status/1080606733297307648","866635661041844224",
"1079574766137163776","Wed Jan 02 23:28:15 +0000 2019","0","@fadlizon @prabowo @sandiuno Buktikan zon..klo meleset km mau apa? Pindah warga negara?????????","1080606730801704960","","fadlizon","in","","0","0","0","https://x.com/undefined/status/1080606730801704960","86360617",
"1080546248040435712","Wed Jan 02 23:28:00 +0000 2019","2","@FaGtng @jokowi Kok gak malu ya jelas2 ke islamannya sangat diragukan kenapa belain Wowo mati2an apa Krn yang ya? Masya Allah kok agama dibuat cari uang?","1080606665290858496","","FaGtng","in","","0","0","0","https://x.com/undefined/status/1080606665290858496","336562542",
"1080278069980454913","Wed Jan 02 23:27:59 +0000 2019","0","@haikal_hassan @jokowi Boleh beh","1080606662753345541","","","in","","0","0","0","https://x.com/undefined/status/1080606662753345541","2417202253",
"1080382032134299648","Wed Jan 02 23:27:48 +0000 2019","0","@klappykoe @Tri33milanisti @BangPino_ @P3nj3l4j4h Prabowo itu bukan dituduh Islam Garus Keras.. Keislamannya saja tdk jelas kok. Yg dimasud itu Prabowo berkomlot dg islam radikal hanya untuk dapatin suara saja.","1080606617274470401","","klappykoe","in","","0","1","0","https://x.com/undefined/status/1080606617274470401","600715068",
"1080606612283256832","Wed Jan 02 23:27:47 +0000 2019","0","Baru bc ini. Pak @jokowi apa yg dikatakan mas @AgusSaptono ini bnr. Mohon utk segera ditindaklanjuti. Suwun.","1080606612283256832","","","in","","0","0","1","https://x.com/undefined/status/1080606612283256832","2852944327",
"1080375560545525760","Wed Jan 02 23:27:32 +0000 2019","2","@Gerindra @prabowo @sandiuno Strategi????coba jelaskan di sini mari kita debat saya hy bs bcr mslh Oil and Gas krn sy Kuli Bor. Strategi apa dari kalian smp bcr Indonesia Krisis BBM ? Mari kita Mulai debat nya ttg BBM apa kbr Rig Offshore nya Klrg Prabowo? Apa sdh pnh ada report DWLTA utk thn 2018?","1080606547875483649","","Gerindra","in","","0","0","0","https://x.com/undefined/status/1080606547875483649","4816302180",
"1080374717171658752","Wed Jan 02 23:27:19 +0000 2019","0","@JajangRidwan19 @jokowi Camera action.....","1080606495014772736","","jr_kw19","en","","0","0","0","https://x.com/undefined/status/1080606495014772736","3821206273",
"1080606493517406208","Wed Jan 02 23:27:19 +0000 2019","15","Karena itu antum musti segera cek ibadah harian Capres antum. Kabar soal Pak P ga bisa hafal al fatihah dan gak bisa baca Al Quran itu musti segera dijelaskan ke umat antum videoin pak Prab melantunkan al Fatihah tanpa teks. Ditunggu akh.","1080606493517406208","","","in","","1","11","12","https://x.com/undefined/status/1080606493517406208","99495638",
"1080374717171658752","Wed Jan 02 23:27:14 +0000 2019","0","@ReyArton @dya_11677 @jokowi Banten berikutnya... Sang Pemberi Harapan. . . . . . Palsu #janjigakingkar #janjilagi #2019GantiPresiden","1080606473628016640","","","in","","0","0","0","https://x.com/undefined/status/1080606473628016640","1028669946207715329",
"1080606457286914048","Wed Jan 02 23:27:10 +0000 2019","0","KPU Sebut Sosialisasi Visi Misi Capres-Cawapres Bisa Batal https://t.co/1tEIB67qLZ","1080606457286914048","","","in","","0","0","0","https://x.com/undefined/status/1080606457286914048","474472965",
"1080472767487664128","Wed Jan 02 23:27:07 +0000 2019","0","@sandiuno @Gerindra Bpk JOKOWI paling Baik","1080606442053222400","","sandiuno","in","","0","0","0","https://x.com/undefined/status/1080606442053222400","965076941186351104",
"1080606417466191873","Wed Jan 02 23:27:01 +0000 2019","0","Pokok nya kalau orang2 KPU curang Allah akan murka dan akan memberi pasca pemilu selesai seperti yg sudah sudah.","1080606417466191873","","","in","","0","0","0","https://x.com/undefined/status/1080606417466191873","1351950649",
"1080392409039552512","Wed Jan 02 23:27:00 +0000 2019","0","@BerniKusen @ruhutsitompul Lagi nyinggung @prabowo @sandiuno yak...??? ","1080606416170188800","","BerniKusen","in","","0","0","0","https://x.com/undefined/status/1080606416170188800","45049631",
"1080385261085704192","Wed Jan 02 23:26:58 +0000 2019","0","@dinde_bdl @AndiArief__ @prabowo @sandiuno lupa ngopi nih....masih pagi lho","1080606404442898432","","dinde_bdl","in","","0","0","0","https://x.com/undefined/status/1080606404442898432","891574249533480960",
"1080606394309476353","Wed Jan 02 23:26:55 +0000 2019","0","@jokowi . Menuju Indonesia CYRBERPUNK","1080606394309476353","","jokowi","in","","0","0","0","https://x.com/undefined/status/1080606394309476353","835341232876343296",
"1080606306979831810","Wed Jan 02 23:26:34 +0000 2019","2","Bawaslu Ajak Warga Perangi Hoaks Terkait Pemilu https://t.co/9DSy0MBUPr https://t.co/bfB2VxAaIV","1080606306979831810","https://pbs.twimg.com/media/Dv8VtMHUYAAZda4.jpg","","in","","0","0","2","https://x.com/undefined/status/1080606306979831810","68930552",
"1079992403518341120","Wed Jan 02 23:26:23 +0000 2019","0","@lukasomanalu @saididu Wah ini tuduhan yg tdk berdasar kepada orang2 yg di berhentikan pak Jokowi dong parah lu @lukasomanalu ada beberapa orang yg diberhentikan diantaranya @RamliRizal @aniesbaswedan @saididu Laporkan pak tuduhan si @lukasomanalu ini ke polisi","1080606258997223424","","lukasomanalu","in","","0","0","0","https://x.com/undefined/status/1080606258997223424","350314230",
"1080480122333884416","Wed Jan 02 23:26:11 +0000 2019","0","@fadlizon @jokowi Zon kamu anggap diri kamu itu sdh paling benar ya","1080606208027897856","","fadlizon","in","","0","0","0","https://x.com/undefined/status/1080606208027897856","1072692476765364224",
"1080130500193181696","Wed Jan 02 23:26:11 +0000 2019","0","@Ferdinand_Haean Oiya Fer Jokowi ungguli Prabowo. Jangan stroke kau yaa. Sudahlah Fer AHY nyapres 2024 aja yg kau pikirkan! Jangan yg laen. https://t.co/JbkzuUVo29","1080606207805542400","https://pbs.twimg.com/media/Dv8VnTlVsAAAuEL.jpg","Ferdinand_Haean","in","","0","0","0","https://x.com/undefined/status/1080606207805542400","159392259",
"1079473788369145857","Wed Jan 02 23:26:07 +0000 2019","0","@selolemkari @CintaNKRI12 @prabowo https://t.co/VYgPqdVULP","1080606192282492928","https://pbs.twimg.com/media/Dv8VmpSV4AIwTNK.jpg","selolemkari","qme","","0","0","0","https://x.com/undefined/status/1080606192282492928","1051496546057908224",
"1080492745008001024","Wed Jan 02 23:26:06 +0000 2019","0","@detikcom @prabowo Harus nya bowo di tangkap nie hoax mulu","1080606186355867648","","detikcom","in","","0","0","0","https://x.com/undefined/status/1080606186355867648","1022831857761628162",
"1080602553019117569","Wed Jan 02 23:26:06 +0000 2019","0","@misterkapucino @jokowi https://t.co/AC94WvWhzm","1080606185907093510","https://pbs.twimg.com/media/Dv8VmNBUcAAXP0z.jpg","misterkapucino","qme","","0","0","0","https://x.com/undefined/status/1080606185907093510","1030783065004462080",
"1080407028659449861","Wed Jan 02 23:26:01 +0000 2019","0","@muslimsidi3 @Fahrihamzah @jokowi @KPK_RI ","1080606167305412608","","muslimsidi3","qme","","0","0","0","https://x.com/undefined/status/1080606167305412608","1023974473651838976",
"1080606111332364288","Wed Jan 02 23:25:48 +0000 2019","0","Jokowi: Tak Ada Hunian Sementara Langsung Bangun Rumah! https://t.co/yUVP7GQjsu","1080606111332364288","","","in","","0","0","0","https://x.com/undefined/status/1080606111332364288","517058533",
"991773703238225922","Wed Jan 02 23:25:43 +0000 2019","0","@CintaNKRI12 @prabowo https://t.co/Fnv2hHQB48","1080606090591498240","","CintaNKRI12","qme","","0","0","0","https://x.com/undefined/status/1080606090591498240","1033510680236777473",
"1080420075662798848","Wed Jan 02 23:25:37 +0000 2019","0","@fadheelugu @hafsahdjahari @KPU_ID @mas_abudiman @novida_evi @hsym_asyari @viryanazis @masws1533 @PramonoUtan @arifhakim66 @robie2u @K_Setyawan Andi arif harusnya hati2 kl buat tweet harusnya di cek dulu kepastiannya baru di share ke publik sekarang malah jd blunder buat tim prabowo-sandi","1080606066021359617","","fadheelugu","in","","0","3","0","https://x.com/undefined/status/1080606066021359617","154194907",
"1080461054147055616","Wed Jan 02 23:25:36 +0000 2019","4","@republikaonline lanjutkan jok! serius deh besok jadiin partai aja itu. pentolannya pada nyaleg. sekarang terang terangan dukung capres WKWKWK mentang mentang goblok gratis eh diborong. gausah jadi suporter lagi. bola cuma hiburan kan.","1080606061239750656","","republikaonline","in","","0","0","1","https://x.com/undefined/status/1080606061239750656","204785937",
"1080606026863390723","Wed Jan 02 23:25:28 +0000 2019","0","Soal 70 Juta Surat Suara Kubu Jokowi: Hoaks Murahan! https://t.co/ffZi6FZAhS https://t.co/d7EZeVJRhO","1080606026863390723","https://pbs.twimg.com/media/Dv8VdGfVYAE9Lpe.jpg","","in","","0","0","0","https://x.com/undefined/status/1080606026863390723","846715204637376513",
"1080606026846527489","Wed Jan 02 23:25:28 +0000 2019","0","Otak kencing onta para pendukung capres no 02. Hoax terus yang dijual tak sadar rakyat sudah pada pintar. Cc: @BareskrimPolri @DivHumas_Polri mohon ditindaklanjuti proses hukum karena tweet ini membuat masyarakat resah. https://t.co/grlEZB2zq8","1080606026846527489","https://pbs.twimg.com/media/Dv8VbqZU0AANzPt.jpg","","in","","0","0","0","https://x.com/undefined/status/1080606026846527489","1065575584967708673",
"1080298869978673152","Wed Jan 02 23:25:14 +0000 2019","0","@jokowi #jokowilagi01.lanjut 2 periode agar NKRI semakin maju kedpnnya dipimpin pak jokowi Aminnnnn","1080605970827337730","","jokowi","in","","0","0","0","https://x.com/undefined/status/1080605970827337730","1077206400525189120",
"1080453828158189568","Wed Jan 02 23:25:12 +0000 2019","0","@Fahrihamzah @prabowo @sandiuno Ha ha ha......bacot doang lo","1080605961000087552","","Fahrihamzah","in","","0","0","0","https://x.com/undefined/status/1080605961000087552","1054928899287576577",
"1080605947116941312","Wed Jan 02 23:25:09 +0000 2019","2","Jokowi Dengarkan Keluhan Pengungsi Tsunami Selat Sunda https://t.co/X8xBLO73bo https://t.co/Xa6m7DnSws","1080605947116941312","https://pbs.twimg.com/ext_tw_video_thumb/1080605759023439872/pu/img/YhgjuMbn2JzTJvoP.jpg","","in","","0","0","0","https://x.com/undefined/status/1080605947116941312","902837643024539651",
"1080492745008001024","Wed Jan 02 23:25:02 +0000 2019","1","@detikcom @prabowo nggk kapok di boongin sama ratna","1080605918306291712","","detikcom","in","","0","0","0","https://x.com/undefined/status/1080605918306291712","2341624404",
"1080605909682978816","Wed Jan 02 23:25:00 +0000 2019","0","I liked a @YouTube video https://t.co/rVwMCql2MM Tak Bisa Baca Al-Qur an Prabowo dan Timnya Tutupi dengan 7 Isu ini","1080605909682978816","","","in","","0","0","0","https://x.com/undefined/status/1080605909682978816","490854220",
"1076073787437633538","Wed Jan 02 23:24:57 +0000 2019","1","@Cinta40120535 @sjmoky @PrinceIpung @kolmitoni @DeddyJacobus__ @Dahnilanzar @Ferdinand_Haean @SBYudhoyono @prabowo mental subsidi nih orang....","1080605898433691648","","","in","","0","1","0","https://x.com/undefined/status/1080605898433691648","891574249533480960",
"1080350243663708160","Wed Jan 02 23:24:52 +0000 2019","0","@mohmahfudmd Rakyat berdaulat / berkuasa...klo kita peduli dng bangsa ini kini saat nya perubahan yg lbh baik di pemilu ini...jangan beri kesempatan parpol buruk yg korup","1080605875281129473","","mohmahfudmd","in","","0","0","0","https://x.com/undefined/status/1080605875281129473","2929312118",
"1080554760887881728","Wed Jan 02 23:24:51 +0000 2019","0","@Garuda501 @jokowi Yang melenia cerdas","1080605872693202944","","Garuda501","in","","0","0","0","https://x.com/undefined/status/1080605872693202944","3481771873",
"1080431349071208448","Wed Jan 02 23:24:49 +0000 2019","1","@BlueSky217 ..... Politikus Genderuwo dan Politikus Sontoloyo yg dikatakan Presiden Jokowi SANGAT BENAR ADANYA ..... !!!","1080605863553859584","","BlueSky217","in","","0","0","0","https://x.com/undefined/status/1080605863553859584","2318203688",
"1080318066070716416","Wed Jan 02 23:24:39 +0000 2019","0","@ruangsandi @Dahnilanzar @sandiuno @nurasiauno @prabowo @marierteman Open management biar anak bangsa pada belajar ngurus bangsa.","1080605823267565569","","ruangsandi","in","","0","0","0","https://x.com/undefined/status/1080605823267565569","942061577297002497",
"1080287815059988480","Wed Jan 02 23:24:34 +0000 2019","0","@RajaPurwa @TeddyGusnaidi @prabowo Hahahaha ......nanya dulu yakut ke bablasan lagi yah ... cie .. cie .. cie .. bruuuuuuuuuuuutt","1080605799842377728","","RajaPurwa","in","","0","0","0","https://x.com/undefined/status/1080605799842377728","925974454307450881",
"1080366524232196096","Wed Jan 02 23:24:20 +0000 2019","0","@kangmeirza @P3nj3l4j4h Ini juga yg bikin kami tetap yakin wajib farah ai'n malah tetap Jokowi ","1080605744230060032","","kangmirdja","in","","0","0","0","https://x.com/undefined/status/1080605744230060032","203946117",
"1080304106986565633","Wed Jan 02 23:24:16 +0000 2019","0","@KudaHitam45 @Senyap17 @jokowi @MahesaTiwi @_ANDRE_OCTA_ @habibthink @kangdede78 @PowerEmak @TheArieAir @TheCebongers #JOKOWILAGI","1080605727243198465","","KudaHitam45","qme","","0","1","0","https://x.com/undefined/status/1080605727243198465","762272580686393344",
"1080569867940462592","Wed Jan 02 23:24:16 +0000 2019","1","@ChikaNindy @jokowi semenjak pak jokowi jadi presiden bertahap rakyat indonesia sejahtera dan indonesia lebih kaya dari Arab saudi terbukti di arab saudi rakyat disubsidi pemerintah tp diindonesia pemerintah disubsidi rakyatnya...","1080605725569794048","","CindyBexter","in","","0","0","0","https://x.com/undefined/status/1080605725569794048","855800899645562882",
"1080105132711268352","Wed Jan 02 23:24:14 +0000 2019","0","@indrawanadiarya @VIVAcoid Republuk ini dr jaman sujarni sanpe jokowi semua ngutang. Yg penting utangnya digunakan utk bangun negara. Tlg mas sebutkan satu sj negara yg masih ada di dunia ini yg tdk ngutang ato tdk punya utang","1080605716342222849","","indrawanadiarya","in","","0","1","0","https://x.com/undefined/status/1080605716342222849","3301847742",
"1080403557466157062","Wed Jan 02 23:24:03 +0000 2019","0","@detikcom Kalau Jokowi dikasih data palsu IHSG peringkat ke 2 dunia. NGGAK KASIHAN BIASA AJAH. Sdh terbiasa di bohongi bawahannya...","1080605672943669248","","detikcom","in","","0","0","0","https://x.com/undefined/status/1080605672943669248","2560523630",
"1080603630779023360","Wed Jan 02 23:23:53 +0000 2019","0","@VIVAcoid SETUJU sebaiknya dimulai dulu dengan menangkap La Nyala karena dia mengakui telah menyebar fitnah terhadap Jokowi.","1080605628995821569","","VIVAcoid","in","","0","1","1","https://x.com/undefined/status/1080605628995821569","2547128168",
"1080605612440879104","Wed Jan 02 23:23:49 +0000 2019","0","Indonesia jg bs kok bangun infrastruktur tanpa utang. Coba tanyain pak Jokowi","1080605612440879104","","","in","","0","0","0","https://x.com/undefined/status/1080605612440879104","177217968",
"1080605600336076800","Wed Jan 02 23:23:46 +0000 2019","0","Kala Jokowi Meng-Endorse Minyeuk Pret https://t.co/gUDfOmZRgK","1080605600336076800","","","in","","0","0","0","https://x.com/undefined/status/1080605600336076800","517058533",
"1080605589695225856","Wed Jan 02 23:23:43 +0000 2019","0","Y disebalik kaca sampai....woww...@jokowi #2019PrabowoSandi #2019GantiPresiden #2019PrabowoSandiMenang #TahunBaruPresidenBaru","1080605589695225856","","","in","","0","0","0","https://x.com/undefined/status/1080605589695225856","432494636",
"1080605589372231680","Wed Jan 02 23:23:43 +0000 2019","0","#RKBPagi edisi Kamis (3/1) mulai 06.30 WIB : 01. KPU Buka Penerimaan Tenaga Pendukung Pemilu 02. Perubahan Nomenklatur Walikota Lantik 48 Pejabat 03. Kejadian Kebakaran Tahun 2018 di Kota Pekalongan Meningkat Selengkapnya : https://t.co/Xf0QKqF20m https://t.co/BChkEyZG2A","1080605589372231680","https://pbs.twimg.com/media/Dv8VDLhVAAAf8s_.jpg","","in","","0","0","1","https://x.com/undefined/status/1080605589372231680","214386161",
"1080464233668755457","Wed Jan 02 23:23:21 +0000 2019","1","@detikcom @prabowo Kerjaan timses cuman klarifikasi mulu dah.....kafan kampanye program paslon???? #koplak","1080605495935655937","","detikcom","in","","0","0","0","https://x.com/undefined/status/1080605495935655937","820299136083771392",
"1080605445755068419","Wed Jan 02 23:23:09 +0000 2019","1","Poin Penting Pidato Prabowo Subianto Sindir RSCM Hingga Ekonomi https://t.co/RKc1yP7Jkj","1080605445755068419","","","in","","0","0","1","https://x.com/undefined/status/1080605445755068419","456426648",
"1080309030243917825","Wed Jan 02 23:23:02 +0000 2019","0","@ustadtengkuzul Otakmu penuh dg kebencian apa yg dilakukan oleh pk jokowi akn salah trus di matamu copot saja sorbanmu karna km gk bisa mnjaga hatimu..","1080605417191788544","","ustadtengkuzul","in","","0","0","0","https://x.com/undefined/status/1080605417191788544","1073179260481724424",
"1080605390079909888","Wed Jan 02 23:22:56 +0000 2019","141","Berita bohong apapun terkait pemilu berpotensi digoreng utk mendelegitimasi proses dan hasil pemilu itu sendiri. Ini bisa menjadi amunisi bagi mereka yg kalah tapi tidak siap kalah. Karena itu kita semua hendaknya waspada dan wajib saring sebelum sharing. https://t.co/khcLy2K7QW","1080605390079909888","","","in","","5","10","85","https://x.com/undefined/status/1080605390079909888","610564340",
"1080374717171658752","Wed Jan 02 23:22:53 +0000 2019","0","@sembara_1980 @AbiSuper2506 @jokowi Nggak usah mikirin kerjaannya presiden. Kamu nggak sanggup","1080605378562252800","","sembara_1980","in","","0","1","0","https://x.com/undefined/status/1080605378562252800","1035904670428880896",
"1080422065407062016","Wed Jan 02 23:22:53 +0000 2019","1","@suyasa_dewi @TitiekSoeharto @prabowo @sandiuno Sista klo ada acara #PrabowoSandi dn team dtng ke bali. Tolong saya di tag ya. Smg bisa hadir . Suksme. #2019GANTIPRESIDEN #2019GANTIREZIM tetap pilih #PrabowoSandi Presiden RI1&amp;2 periode 2019-2024. Bismillah.","1080605377207578624","","suyasa_dewi","in","","0","1","0","https://x.com/undefined/status/1080605377207578624","1227003810",
"1080605376838422528","Wed Jan 02 23:22:53 +0000 2019","0","Pemilu Timses ????????","1080605376838422528","","","in","","0","0","1","https://x.com/undefined/status/1080605376838422528","2838848455",
"1080591502546415616","Wed Jan 02 23:22:51 +0000 2019","1","@MPabottingi Para pendukung Jokowi dan pendukung Prabowo mari kita memperbanyak mendoakan Indonesia sebagai wujud rasa cinta kita kepada Indonesia. Jangan pernah meremehkah doa karena sesungguhnya doa dapat mengubah takdir. https://t.co/Nv93Ueg04q","1080605369557082114","https://pbs.twimg.com/media/Dv8U2i2VAAA68kc.jpg","MPabottingi","in","","0","0","0","https://x.com/undefined/status/1080605369557082114","3344388914",
"1080605366092685313","Wed Jan 02 23:22:50 +0000 2019","0"," Beti LADK Jokowi vs Prabowo https://t.co/EubQKt5lPA lewat @Lintas Lampung","1080605366092685313","","","in","","0","0","0","https://x.com/undefined/status/1080605366092685313","4662070634",
"1080605352112971776","Wed Jan 02 23:22:47 +0000 2019","0","karya ana proyek untuk pakde @jokowi https://t.co/xePbEptYgS","1080605352112971776","","","in","","0","0","0","https://x.com/undefined/status/1080605352112971776","1078846361091551232",
"1080546248040435712","Wed Jan 02 23:22:46 +0000 2019","2","@FaGtng @natadiningrat99 @jokowi Tingal pembuktian aja udangan ulama aceh gitu aja kok repot https://t.co/uh4ColLsUc","1080605349969723392","https://pbs.twimg.com/media/Dv8U03AUwAACTZP.jpg","FaGtng","in","","0","0","0","https://x.com/undefined/status/1080605349969723392","915790934599536640",
"1080605330416041987","Wed Jan 02 23:22:42 +0000 2019","0","Km pendukung Jokowi? silahkn plh no 1 Km pendukung Prabowo? silahkn plh no 2 Tapi jika km plh kutus kutus silahkan Hub saya ","1080605330416041987","","","in","","0","0","0","https://x.com/undefined/status/1080605330416041987","1529335358",
"1080445666508210176","Wed Jan 02 23:22:37 +0000 2019","0","@Rakyatngisoran @Mayerpargedel @bai_msalha @jokowi Gak nyalahin presiden2 sebelumnya blog???","1080605311663128576","","Rakyatngisoran","in","","0","0","0","https://x.com/undefined/status/1080605311663128576","1048559974190739456",
"1080605264686940160","Wed Jan 02 23:22:26 +0000 2019","0","Lantaran mendengar harga beras naik jokowi pun langsung memanggil darmin nasution selaku menteri coordinator perekonomian untuk datang ke istana negara. #JokowiHarapanPasti #01IndonesiaMaju","1080605264686940160","","","in","","0","1","0","https://x.com/undefined/status/1080605264686940160","1071124608927952896",
"1080605224794939392","Wed Jan 02 23:22:16 +0000 2019","0","LIVE NOW! Wakil Ketua Majelis Syuro PKS Hidayat Nur Wahid terkait Pro kontra undangan tes baca Al Qur'an untuk kedua capres. Streaming &gt;&gt; https://t.co/srNuwqc16F #elshintaedisipagi https://t.co/EGfNlgLTke","1080605224794939392","https://pbs.twimg.com/media/Dv8UtRjVYAEp7rR.jpg","","in","","0","0","0","https://x.com/undefined/status/1080605224794939392","121640063",
"1080605218620923904","Wed Jan 02 23:22:15 +0000 2019","0","Salam Pak @jokowi &amp; Pak @prabowo.. Mohon pesan Mbah @sudjiwotedjo Ini disampaikan ke timsesnya. Saya yakin kalau Bapak2 Yg menyampaikan kemungkinan akan lebih didengar.. #OposisiBerakhlak #PetahanaBerakhlak","1080605218620923904","","","in","","0","0","0","https://x.com/undefined/status/1080605218620923904","266441363",
"1080407028659449861","Wed Jan 02 23:22:12 +0000 2019","0","@suaraprogrammer @gatotanty @Fahrihamzah @jokowi @KPK_RI Sistim tdk salah bro..yg salah tu orgnya mentalnya. nafsunya. Mental pesakit dan nafsu harta","1080605204943319040","","ramremzx","in","","0","1","0","https://x.com/undefined/status/1080605204943319040","321440010",
"1080298869978673152","Wed Jan 02 23:22:06 +0000 2019","0","@jokowi Selamat Tahu Baru Pak Jokowi. semoga sehat selalu dan semangat dalam beraktifitas","1080605182793113600","","jokowi","in","","0","0","0","https://x.com/undefined/status/1080605182793113600","25205350",
"1080398110449225728","Wed Jan 02 23:22:03 +0000 2019","0","@jvdas_iskariot @1MenujuDamai @jokowi Mukibul itu sudah kebiasaan bohong ","1080605166838009856","","Yang_MuliaPAP","in","","0","0","0","https://x.com/undefined/status/1080605166838009856","1073730466228842496",
"1080605164870889472","Wed Jan 02 23:22:02 +0000 2019","0","Kunjungan hingga ke plosok negeri membuat Jokowi bisa mengetahui segala persoalan dengan detail. #JokowiHarapanPasti #01IndonesiaMaju","1080605164870889472","","","in","","0","0","0","https://x.com/undefined/status/1080605164870889472","1071124608927952896",
"1080605164246044672","Wed Jan 02 23:22:02 +0000 2019","0","Dikunjungi Jokowi 90 Persen Korban Tsunami Minta Relokasi #TsunamiBantendanLampungSelatan https://t.co/HMd7AsI3a7","1080605164246044672","","","in","","0","0","0","https://x.com/undefined/status/1080605164246044672","79130206",
"1080130500193181696","Wed Jan 02 23:22:02 +0000 2019","0","@Ferdinand_Haean Kayak AHY lbh pantes jadi capres ya Fer? Kalo gitu kau bilang aja 2019 Jokowi lagi dan 2024 baru AHY nyapres. Beres kan Fer jadi kau ndak perlu capek2 mimpi Prabowo lg Fer! Kesian kan loe nanti stoke kau Fer. #udahgituaja","1080605163818168320","","Ferdinand_Haean","in","","0","0","0","https://x.com/undefined/status/1080605163818168320","159392259",
"1080605139382071296","Wed Jan 02 23:21:56 +0000 2019","1","Waspada pada pihak yang mencoba mendiskreditkan Penyelenggara Pemilu. Mereka bukan Ingin Pemilu 2019 Sukses Tapi yang mereka inginkkan adalah Indonesia Hancur. #Siagatingkattinggi #LawanHoax #Integrity4Quality #KPUTransparan #KPUMelayani","1080605139382071296","","","in","","0","0","0","https://x.com/undefined/status/1080605139382071296","217685468",
"1080445666508210176","Wed Jan 02 23:21:55 +0000 2019","0","@jokowi Tuhan pst memberi kekuatan kpd org yg yg berharap kpd Dia. Tetao berdoa dan bersyukur disanalah mujizat Tuhan terjadi. Jagalah hati .","1080605136785788928","","jokowi","in","","0","0","0","https://x.com/undefined/status/1080605136785788928","874856968409808900",
"1080374717171658752","Wed Jan 02 23:21:54 +0000 2019","2","@Nanang18188019 @jokowi Di banten ora mengkonon citra citra citra","1080605131308060672","","Nanang18188019","in","","0","0","0","https://x.com/undefined/status/1080605131308060672","1065245773430812672",
"1080503579121610753","Wed Jan 02 23:21:53 +0000 2019","0","@AnnaSuezann Visi misi kalau tidak dipaparkan oleh paslon capres mendingan gak usah dilakukan!","1080605127570972672","","AnnaSuezann","in","","0","0","0","https://x.com/undefined/status/1080605127570972672","553451866",
"1080605125347921920","Wed Jan 02 23:21:53 +0000 2019","1","Bahkan wakilnya sendiri pak JK sampai mengatakan kebranian Jokowi mendatangi berbagai pelosok negeri itu menjadi hal yang sangat membedakan dgn presiden-presiden lainnya selama dia ada di cabinet. #JokowiHarapanPasti #01IndonesiaMaju","1080605125347921920","","","in","","1","0","0","https://x.com/undefined/status/1080605125347921920","1071124608927952896",
"1080605104233795584","Wed Jan 02 23:21:48 +0000 2019","6","Jokowi: Tak Ada Hunian Sementara Langsung Bangun Rumah! https://t.co/m4tnZBTzPH","1080605104233795584","","","in","","0","0","3","https://x.com/undefined/status/1080605104233795584","379217034",
"1080250992975785984","Wed Jan 02 23:21:43 +0000 2019","0","@P3nj3l4j4h @KemenkeuRI @jokowi Msh terpantau aman komandan....!","1080605086395490304","","P3nj3l4j4h","in","","0","0","0","https://x.com/undefined/status/1080605086395490304","1048111550613970948",
"1080605082083704832","Wed Jan 02 23:21:42 +0000 2019","0","Meskipun bukan seorang yang berlatar belakang militer jokowi pak Jokowi memiliki keberanian dan kekuatan untuk mengunjungi semua pelosok bangsa ini. #JokowiHarapanPasti #01IndonesiaMaju","1080605082083704832","","","in","","0","0","0","https://x.com/undefined/status/1080605082083704832","1071124608927952896",
"1080298869978673152","Wed Jan 02 23:21:39 +0000 2019","0","@jokowi Pakde..saya penasaran dengan episode yg ini... https://t.co/aN8m0pcrfF","1080605068133650437","https://pbs.twimg.com/ext_tw_video_thumb/1080604981504311296/pu/img/x9O4BWCwh3Zgmy0t.jpg","jokowi","in","","0","0","0","https://x.com/undefined/status/1080605068133650437","1000977495133335552",
"1080605038681026560","Wed Jan 02 23:21:32 +0000 2019","0","Bahkan TGB mempertegas bahwa jokowi membangun tidak hanya di NTB beliau sampai bolak-balik ke Papua memonitor pembangunan yang berjalan di sana. #JokowiHarapanPasti #01IndonesiaMaju","1080605038681026560","","","in","","0","0","0","https://x.com/undefined/status/1080605038681026560","1071124608927952896",
"1080534647048732672","Wed Jan 02 23:21:32 +0000 2019","0","@putrimelayu01 @neng_armi @CintaNKRI12 @KaswanMaulana1 @prabowo Ya jelas rame lah. Di twitter itu penyebarannya luar biasa dan netizen pada minta spy KPU Polri langsung periksa. Ini namanya ngerjain KPU. Jam 12 malem ke tj. Priok ternyata nihil. HOAX.","1080605037561208832","","putri_melayu007","in","","0","0","0","https://x.com/undefined/status/1080605037561208832","1033510680236777473",
"1080605033656250368","Wed Jan 02 23:21:31 +0000 2019","0","https://t.co/pKcL7rYo5y Manajemen RSCM mementahkan pernyataan Prabowo Subianto yang mengaku mendapat laporan bahwa satu selang alat cuci darah pasien di RSCM dipakai oleh 40 orang.","1080605033656250368","","","in","","0","0","0","https://x.com/undefined/status/1080605033656250368","995808284362719232",
"1080366455567183872","Wed Jan 02 23:21:29 +0000 2019","0","@Ardhan_syahil @erickthohir @ridwankamil Saya juga berharap kesemua partai pendukung biar segra bergerak dan semua elemen projo secepatnya membuat terobosan /strategi baru demi memenangkan jokowi ","1080605025762562049","","","in","","0","0","0","https://x.com/undefined/status/1080605025762562049","1066254051275231233",
"1080374717171658752","Wed Jan 02 23:21:25 +0000 2019","0","@AbiSuper2506 @jokowi Itu urusannya presiden. Kamu nggak sanggup mikir ke situ","1080605007051841536","","AbiSuper2506","in","","0","0","0","https://x.com/undefined/status/1080605007051841536","1035904670428880896",
"1080605000747765760","Wed Jan 02 23:21:23 +0000 2019","0","Tuan Guru Bajang turut menyoroti kebijakan jokowi. Ia menilai bahwa jokowi konsisten bangun Indonesia timur. Sehingga pembangunan infrastruktur secara merata benar adanya. #JokowiHarapanPasti #01IndonesiaMaju","1080605000747765760","","","in","","0","0","0","https://x.com/undefined/status/1080605000747765760","1071124608927952896",
"1080604984591314945","Wed Jan 02 23:21:19 +0000 2019","2124","Memang karakter Sukarno lebih mirip Prabowo...; percaya diri kritis ke asing pidato berbagai bahasa meledak-ledak...dan banyak lagi....","1080604984591314945","","","in","","75","484","800","https://x.com/undefined/status/1080604984591314945","120968478",
"1080314620596838400","Wed Jan 02 23:21:18 +0000 2019","0","@SutanRiska @jokowi Banyak kepala daerah yang merendahkan diri dan usaha bawahannya hanya untuk mendukung Paslon. Padahal si tuan tak tau apa perihal ini.","1080604980795531265","","SutanRiska","in","","0","0","0","https://x.com/undefined/status/1080604980795531265","953210839846105088",
"1080604953213689856","Wed Jan 02 23:21:12 +0000 2019","0","Jokowi sangat pandai merangkul semua lapisan negeri baik pejabat hingga masyarakat. Jokowi berhasil merangkul semuanya untuk turut berperan dalam memajukan bangsa ini. #JokowiHarapanPasti #01IndonesiaMaju","1080604953213689856","","","in","","1","0","0","https://x.com/undefined/status/1080604953213689856","1071124608927952896",
"1080604911086166016","Wed Jan 02 23:21:02 +0000 2019","0","Direktur Intermedia Research Indonesia (IRI) Mulyadi Nurdin menyebutkan bahwa popularitas pak Jokowi naik signifikan mulai September 2018 dgn jumlah pemberitaan sebanyak 541.000 kali. Awali tahun 2019 dengan rasa optimis. #JokowiHarapanPasti #01IndonesiaMaju","1080604911086166016","","","in","","0","0","0","https://x.com/undefined/status/1080604911086166016","1071124608927952896",
"1080604907621629953","Wed Jan 02 23:21:01 +0000 2019","0","Bukan kampung Jokowi https://t.co/YfIbzKaZIX","1080604907621629953","https://pbs.twimg.com/media/Dv8UbpJUcAAI29L.jpg","","in","","0","0","0","https://x.com/undefined/status/1080604907621629953","2331441397",
"1080398110449225728","Wed Jan 02 23:21:00 +0000 2019","0","@jvdas_iskariot @jokowi Mythomania","1080604903196700673","","Yang_MuliaPAP","en","","0","0","0","https://x.com/undefined/status/1080604903196700673","477437234",
"1080467024449392640","Wed Jan 02 23:20:51 +0000 2019","0","@AndiArief__ Ini sama saja buka rahasia sendiri pengalaman gmn kalau ingin menang pemilu kan pak. Tapi pemerintah beda pak","1080604865766682624","","Andiarief__","in","","0","0","0","https://x.com/undefined/status/1080604865766682624","1022831857761628162",
"1080353818741661703","Wed Jan 02 23:20:49 +0000 2019","1","@SuryoUdoro @sandiuno Bener nih Om @sandiuno ? Dpnnya jalan yg lagi di Cor? Ndak boleh gitu itu ndak syukur nikmat namanya. Coba dikonfirm ke @FaldoMaldini @hnurwahid @msi_sohibuliman @prabowo @marierteman @HUMAS_SULSEL @erickthohir @tribunnews @habibthink #JagaRawatNegeriIni #IndONEseiaNUsantaraKita","1080604857935917056","","SuryoUdoro","in","","0","0","0","https://x.com/undefined/status/1080604857935917056","78742660",
"1080604850193199105","Wed Jan 02 23:20:47 +0000 2019","1","#2019 jangan Coblos yang lain Coblos yang sudah pasti Jokowi-Ma'ruf Amin.🇮🇩","1080604850193199105","","","in","","0","0","0","https://x.com/undefined/status/1080604850193199105","878445471303426052",
"1079782806006378496","Wed Jan 02 23:20:44 +0000 2019","0","@Umnia77 @prabowo @sandiuno Ahli tukang kayu..","1080604836507209728","","Umnia77","in","","0","0","0","https://x.com/undefined/status/1080604836507209728","1044172898057900032",
"1080604831205617664","Wed Jan 02 23:20:43 +0000 2019","0","Melihat prestasi yang dituai jokowi begitu banyak tentunya rakyat akan kembali memilih Jokowi sebagai Presiden periode 2019-2024. #JokowiHarapanPasti #01IndonesiaMaju","1080604831205617664","","","in","","0","0","0","https://x.com/undefined/status/1080604831205617664","1071124608927952896",
"1080604786381053952","Wed Jan 02 23:20:32 +0000 2019","0","Kerja nyata Jokowi dalam pembangunan perlu diteruskan karena hadiah hadiah istimewa yang beliau @jokowi berikan untuk Indonesia tak boleh terhentikan. Lanjutkan 2 periode pakde jokowi #JokowiHarapanPasti #01IndonesiaMaju","1080604786381053952","","","in","","0","0","0","https://x.com/undefined/status/1080604786381053952","1071124608927952896",
"1080503526449500160","Wed Jan 02 23:20:25 +0000 2019","2","@marierteman @KPU_ID @PolhukamRI @Kemendagri_RI @bawaslu_RI @bareskrim2018 Baru kali ini pemilu rame seperti ini... Ada apakah di pemilu sekarang ini??? Rupa rupa wae nya.... Zaman Jaenudin Ngaciro","1080604755729084416","","marierteman","in","","0","0","0","https://x.com/undefined/status/1080604755729084416","1042709638632726529",
"1080601731954659328","Wed Jan 02 23:20:22 +0000 2019","0","@yunzhu_ @bawaslu_RI @Gerindra @PDemokrat @PKSejahtera @Partaiberkarya @prabowo @SBYudhoyono @KPU_ID hoax?? gitu yea?","1080604746094800896","","yunzhu_","in","","0","0","0","https://x.com/undefined/status/1080604746094800896","1035525622930395136",
"1080604703593885696","Wed Jan 02 23:20:12 +0000 2019","14","Jokowi Penuhi Permintaan Warga untuk Relokasi Hunian https://t.co/ruVkNSlabw","1080604703593885696","","","in","","0","0","3","https://x.com/undefined/status/1080604703593885696","379217034",
"1080604701039636480","Wed Jan 02 23:20:12 +0000 2019","0","@null RSCM Mentahkan Prabowo Soal Selang Cuci Darah Manajemen RSCM mementahkan pernyat https://t.co/shhoaZYTjf","1080604701039636480","","null","in","","0","0","0","https://x.com/undefined/status/1080604701039636480","205533274",
"1079906467082203136","Wed Jan 02 23:20:09 +0000 2019","0","@Tettong2 @jokowi https://t.co/DefEzgbRc8","1080604690390237184","https://pbs.twimg.com/media/Dv8UPOLV4AA0-Wh.jpg","Tettong2","qme","","0","1","0","https://x.com/undefined/status/1080604690390237184","1023888511718445056",
"1080280677193379840","Wed Jan 02 23:20:06 +0000 2019","0","@MbahUyok @saididu Kok nyebar hoax gini ga ada malu ya sampe sekarang ni presiden @jokowi ?","1080604679657013248","","MbahUyok","in","","0","0","0","https://x.com/undefined/status/1080604679657013248","195593787",
"1080604673868992518","Wed Jan 02 23:20:05 +0000 2019","0","Jokowi JANJIKAN Rumah Bagi Korban Tsunami Lampung Netizen: JANJI ke Korban di Lombok dan Palu Apa Kabarnya? https://t.co/hPLuGE6cJe #2019PrabowoSandi","1080604673868992518","","","in","","0","0","0","https://x.com/undefined/status/1080604673868992518","1034442679235489792",
"1080518994791084032","Wed Jan 02 23:20:03 +0000 2019","0","@faizalassegaf @SBYudhoyono Koar si Fe A... twitt dungu ..ngaku hebat.. mang SBY itu kacung kyk Jokowi??","1080604666516230144","","faizalassegaf","in","","0","0","0","https://x.com/undefined/status/1080604666516230144","3887074092",
"1080464233668755457","Wed Jan 02 23:20:02 +0000 2019","0","@detikcom @prabowo Pencemaran nama baik dan meresahkan masyarakat","1080604660203806721","","detikcom","in","","0","0","0","https://x.com/undefined/status/1080604660203806721","804598534875979776",
"1080604657834110976","Wed Jan 02 23:20:01 +0000 2019","0","Dikunjungi Jokowi 90 Persen Korban Tsunami Minta Relokasi https://t.co/MtenZsJJwS","1080604657834110976","","","in","","0","0","0","https://x.com/undefined/status/1080604657834110976","351509293",
"1080480122333884416","Wed Jan 02 23:19:57 +0000 2019","0","@fadlizon @jokowi mungkin untuk masalah Bencana kita harus buat pasukan sigap bencana dibawah kementrian sosial dan kita angkat FPI sebagai pasukan sigap penanganan bencana... karena FPI bergerak dgn hati nurani karena Allah bukan karena uang dan jabatan","1080604641488850944","","fadlizon","in","","0","1","0","https://x.com/undefined/status/1080604641488850944","855800899645562882",
"1080604632919855104","Wed Jan 02 23:19:55 +0000 2019","0","Selama empat tahun ini presiden @jokowi tak henti-hentinya berupaya menekan ketimpangan dan kesenjangan. #JokowiHarapanPasti #01IndonesiaMaju","1080604632919855104","","","in","","0","0","0","https://x.com/undefined/status/1080604632919855104","1071124608927952896",
"1080604626431311873","Wed Jan 02 23:19:54 +0000 2019","0","Buku Lawas&gt; Partai Pemilu Dan Demokrasi. Oleh; Arbi Sanit. Tahun 1997. 253 Halaman. Harga 85.000. Minat? Pemesanan: DM or KLIK WA https://t.co/epFZ5ug8Um FREE ONGKIR SELURUH INDONESIA https://t.co/1fY2tAnTJ6","1080604626431311873","https://pbs.twimg.com/media/Dv8UGvFVAAE31e1.jpg","","in","","0","0","0","https://x.com/undefined/status/1080604626431311873","2362274258",
"1080604591866048512","Wed Jan 02 23:19:46 +0000 2019","0","Hebatnya lagi program dana desa dan Produk Unggulan Kawasan Pedesaan (Prukades) pemerintahan pak @jokowi justru menjadi topik pembahasan di Forum IMF-Bank Dunia yang sangat diapresiasikan oleh Joseph Stiglitz peraih Nobel Ekonomi. #JokowiHarapanPasti #01IndonesiaMaju","1080604591866048512","","","in","","0","0","0","https://x.com/undefined/status/1080604591866048512","1071124608927952896",
"1080601527113248768","Wed Jan 02 23:19:41 +0000 2019","0","@inilahdotcom wuiiisss... gagahnya tampang capres sebelah lah... kok prestasinya nggak diunggah sih... ane kan juga pengen tau...xixixi","1080604572534493184","","inilahdotcom","in","","0","0","0","https://x.com/undefined/status/1080604572534493184","863975816081752064",
"1080604571397812224","Wed Jan 02 23:19:41 +0000 2019","0","Panwas Campaka Tertibkan APK Peserta Pemilu @cianjurekspres https://t.co/ROgnn3PLCI","1080604571397812224","","","in","","0","0","0","https://x.com/undefined/status/1080604571397812224","393493493",
"1080382130717306880","Wed Jan 02 23:19:41 +0000 2019","0","@wisnu_aj1 @9_mukim @Bohromrom_ @ustadtengkuzul Ada baiknya loe dan kaum loe tuntut mereka (sby dan prabowo) utk tes dna juga...apakah mereka akan berkelit juga (banyak alesan) buat nolak tes dna kek jokowi?","1080604571343380480","","wisnu_aj1","in","","0","1","0","https://x.com/undefined/status/1080604571343380480","982952584594972673",
"1080392409039552512","Wed Jan 02 23:19:38 +0000 2019","0","@ruhutsitompul #2019 ganti presiden #2019 ganti presiden #2019 ganti presiden #2019 ganti presiden # 2019 ganti presiden # 2019 ganti presiden. Hidup Prabowo sandi hidup Prabowo Sandi.","1080604561532903425","","ruhutsitompul","in","","0","0","0","https://x.com/undefined/status/1080604561532903425","1070918753804636160",
"1080604546584403968","Wed Jan 02 23:19:35 +0000 2019","0","Kebijakan pakde Jokowi dlm pembangunan desa jadi bagian dari pembangunan yang berkelanjutan yaitu dana desa sebagai amanat dari UU Desa. #JokowiHarapanPasti #01IndonesiaMaju","1080604546584403968","","","in","","0","0","0","https://x.com/undefined/status/1080604546584403968","1071124608927952896",
"1080604527231885312","Wed Jan 02 23:19:30 +0000 2019","2","#PDIPerjuangan meyakini perolehan suara terbanyak dlm Pemilu seharusnya berbanding lurus dgn kebaikan yaitu lahirnya engagement rasa keterkaitan yg intim antara konstituen dgn wakilnya. #KeadilanSosial #01JokowiLagi","1080604527231885312","","","in","","0","0","0","https://x.com/undefined/status/1080604527231885312","1001762662508736514",
"1080604508420358144","Wed Jan 02 23:19:26 +0000 2019","0","The Royal Islamic Strategic Studies Centre yang berkedudukan Amman Jordania menempatkan @Jokowi di posisi ke-16 dari deretan 50 tokoh muslim dunia paling berpengaruh tahun 2019. Takjub sekali pakde benar-benar membanggakan. #JokowiHarapanPasti #01IndonesiaMaju","1080604508420358144","","","in","","0","0","0","https://x.com/undefined/status/1080604508420358144","1071124608927952896",
"1080374717171658752","Wed Jan 02 23:19:17 +0000 2019","0","@jokowi P presiden kenapa di banten tidak ada poto bapak sosialisasi dg masyarakat di lampung ada poto sosialisasi dg masyarakat beda gitu pak orang banten sama lampung?","1080604474253574144","","jokowi","in","","0","0","0","https://x.com/undefined/status/1080604474253574144","1065245773430812672",
"1080604465441337344","Wed Jan 02 23:19:15 +0000 2019","0","masuknya Presiden @jokowi sebagai tokoh muslim berpengaruh di dunia merupakan suatu pencapaian yg patut diapresiasi yang sekaligus mampu tingkatkan citra Indonesia di mata dunia. #JokowiHarapanPasti #01IndonesiaMaju","1080604465441337344","","","in","","0","0","0","https://x.com/undefined/status/1080604465441337344","1071124608927952896",
"1080457993257283584","Wed Jan 02 23:19:15 +0000 2019","0","@AkunTofa @NurlelySiregar Jokowi","1080604463780421632","","AkunTofa","in","","0","0","0","https://x.com/undefined/status/1080604463780421632","911213205166333952",
"1080407028659449861","Wed Jan 02 23:19:07 +0000 2019","0","@gatotanty @Fahrihamzah @jokowi @KPK_RI Semua ngakunya beriman taat beragama membelah agama tapi ditangkap jg krn korup. Krn mmg sdh penyakit mengalahkan semuanya.","1080604430351794177","","ardoryza","in","","0","1","0","https://x.com/undefined/status/1080604430351794177","321440010",
"1080134782883786752","Wed Jan 02 23:19:04 +0000 2019","0","Sebaiknya semua tetep fokus dg hanya nge-share kinerja dan prestasi serta agenda @jokowi saja. Abaikan semua hal yg gak penting yg justru sengaja dihembuskan agar energi kita habis.","1080604417961807872","","YuanitaRamadhan","in","","0","1","0","https://x.com/undefined/status/1080604417961807872","130843813",
"1080604408138784768","Wed Jan 02 23:19:02 +0000 2019","17","RSCM Bantah Pernyataan Prabowo Soal Selang Cuci Darah https://t.co/J4YIj1qNk8 https://t.co/lx2eUiA8hx","1080604408138784768","https://pbs.twimg.com/ext_tw_video_thumb/1080604321547350017/pu/img/aDhrtC7-FBSLe2KQ.jpg","","in","","5","1","12","https://x.com/undefined/status/1080604408138784768","57261519",
"1080113214354935809","Wed Jan 02 23:18:51 +0000 2019","0","@HukumDan @MbahUyok video aslinya pingin jadi youtubers ! .Jangan bikin malu pendukung prabowo ","1080604364845137920","","HukumDan","in","","0","0","0","https://x.com/undefined/status/1080604364845137920","1391998248",
"1080604362974457856","Wed Jan 02 23:18:51 +0000 2019","0","Bahkan dosen Ilmu Politik Universitas Padjadjaran Firman Manan turut berkomentar atas capaian prestasi @jokowi. Jokowi dipandang berhasil memimpin Negara Indonesia yg merupakan negara dgn penduduk muslim terbesar di dunia. #JokowiHarapanPasti #01IndonesiaMaju","1080604362974457856","","","in","","0","0","0","https://x.com/undefined/status/1080604362974457856","1071124608927952896",
"1080426363130044416","Wed Jan 02 23:18:47 +0000 2019","0","@SamsulH347 @historyofpersib Bobotoh mah identik jeung Persib meskipun makna na support ge mun daek mah supporter Jokowi kek tong bobotoh. 11 Jokowi di lapangan hijau otak atik bola.","1080604348349120512","","SamsulH347","in","","0","0","0","https://x.com/undefined/status/1080604348349120512","856081570964402180",
"1080351889349259264","Wed Jan 02 23:18:43 +0000 2019","1","@Dahnilanzar Bang Haji Jualan Hulaihi yang gak bisa baca Al-Qur'an. Bang Haji terimakasih dan kami juga dukung @prabowo nyalon. di salon lo ya. Dan pilihan ya tetap Jokowi.","1080604328790974464","","Dahnilanzar","in","","0","0","0","https://x.com/undefined/status/1080604328790974464","1061078577913819137",
"1080604305613180928","Wed Jan 02 23:18:37 +0000 2019","0","Jokowi Penuhi Permintaan Warga untuk Relokasi Hunian https://t.co/fmp3r1McFc","1080604305613180928","","","in","","0","0","0","https://x.com/undefined/status/1080604305613180928","517058533",
"1080604304707207168","Wed Jan 02 23:18:37 +0000 2019","0","kinerja pemerintahan pakde @Jokowi di bidang politik baik hukum maupun keamanan berada pada level yang baik. #JokowiHarapanPasti #01IndonesiaMaju","1080604304707207168","","","in","","0","0","0","https://x.com/undefined/status/1080604304707207168","1071124608927952896",
"1080604301645336578","Wed Jan 02 23:18:36 +0000 2019","0","Makin manteb coblos pak Prabowo. Liat deh debatnya minta data dikasih data .. ditantang untuk mengklarifikasi data malah ad hominem .. ngene kok sik dipilih https://t.co/Kj0tPaKYZf","1080604301645336578","","","in","","0","0","0","https://x.com/undefined/status/1080604301645336578","544228465",
"1080604201166635008","Wed Jan 02 23:18:12 +0000 2019","0","Masuknya jokowi dalam daftar 50 tokoh muslim berpengaruh di dunia merupakan capaian yang luar biasa. #JokowiHarapanPasti #01IndonesiaMaju","1080604201166635008","","","in","","0","0","0","https://x.com/undefined/status/1080604201166635008","1071124608927952896",
"1080327456219791360","Wed Jan 02 23:18:07 +0000 2019","0","@cyntia_sr Kaki lima juga tak luput dari perhatian jokowi.","1080604178852962305","","","in","","0","0","0","https://x.com/undefined/status/1080604178852962305","1059087278973153280",
"1080325780482142208","Wed Jan 02 23:17:56 +0000 2019","2","@Paltiwest @Ferdinand_Haean @fadlizon @Fahrihamzah @FaGtng @Roro_Kinarsih @Y_Radianto @Je_Latah @V_Stone_Kardol @04Nakula @Ernijasin dia cuman piaraan. rakyat masih jokowi.","1080604130790404096","","PaltiHutabarat","in","","0","0","1","https://x.com/undefined/status/1080604130790404096","989467885696270336",
"1080429006787203072","Wed Jan 02 23:17:45 +0000 2019","0","@HisyamMochtar @Irul55Irul Adu gagasan capres model baru Lomba Wudhu Baca Qur'an Lari Renang. Lanjutkan #2019TanosdiGanti @ruhutsitompul Merdeka..!","1080604086376923136","","HisyamMochtar","in","","0","0","0","https://x.com/undefined/status/1080604086376923136","567132989",
"1080392409039552512","Wed Jan 02 23:17:38 +0000 2019","0","@ruhutsitompul Prabowo Cocok jd bp hoak nasional","1080604057545277440","","ruhutsitompul","in","","0","0","0","https://x.com/undefined/status/1080604057545277440","1080602474635964416",
"1080604040344395776","Wed Jan 02 23:17:34 +0000 2019","0","Kerja nyata. Hasil nyata. Biarkan orang berpikir apa. Yang penting optimis saja pak jokowi salam #Jokowi2Periode #Jokowi2Peroide","1080604040344395776","","","in","","0","0","0","https://x.com/undefined/status/1080604040344395776","1036464505943818241",
"1080604019981045760","Wed Jan 02 23:17:29 +0000 2019","0","Hebat Jaman Jokowi semua diperhatikan Tak luput para Veteran pun mendapat perhatian dgn menaikan tunjangan agar mereka dapat menikmati dn merasakan kesejahtraan dimasa tua nya kurang apa lagi dari jokowi .. #Jokowi2Periode #JokowiMarufAmin2019","1080604019981045760","","","in","","0","0","0","https://x.com/undefined/status/1080604019981045760","1027144114624585729",
"1080163956876951555","Wed Jan 02 23:17:23 +0000 2019","1","@Ndon08Back @Lion33432792 @kandargalang @jokowi @CakKhum @panca66 @Ferdinand_Haean @Maulana_Tigor @dulatips @DonAdam08 @Gemacan70 @budimandjatmiko @Silvy_riau @MichelaniaAdam @fadlizon @helmifelis Dungu emang","1080603995272552448","","Ndon08Back","in","","0","0","0","https://x.com/undefined/status/1080603995272552448","2370398700",
"1080603975643160576","Wed Jan 02 23:17:19 +0000 2019","0","Program jokowi yang pro ke rakyat membuat mantan menteri sosial khofifah indar parawangsa tanpa ragu berikan dukungannya kepada @jokowi #JokowiHarapanPasti #01IndonesiaMaju","1080603975643160576","","","in","","0","0","0","https://x.com/undefined/status/1080603975643160576","1071124608927952896",
"1080109819858542592","Wed Jan 02 23:17:19 +0000 2019","0","@panca66 @maha_nugroho Saya k prov yg pdip dominan.. didesa saya tanya kepdes.. 90 an % prabowo.. katanya","1080603975450210305","","panca66","in","","0","0","0","https://x.com/undefined/status/1080603975450210305","42763362",
"1080602893755965440","Wed Jan 02 23:17:15 +0000 2019","4","@enylove2 @PDemokrat @AndiArief__ @P3nj3l4j4h @4Y4NKZ @B1G_kaySae @Y_Radianto @04Nakula @ApriliaLin @Chacha_098 @RizmaWidiono @ASapardan 6. Jahat.. Wajib ditenggelamkan para caleg dan capres mereka.. https://t.co/QSUU6lBZ5E","1080603961353166849","https://pbs.twimg.com/media/Dv8TkEEUcAEN0fi.jpg","EnyLove_1","in","","0","1","3","https://x.com/undefined/status/1080603961353166849","919616833002512385",
"1080374717171658752","Wed Jan 02 23:17:11 +0000 2019","0","@jokowi Selekas mungkin bisa lebih cepat bisa lebih lambat dari seminggu..tentu setelah selesai Lombok dan Palu.. mungkiiiin.","1080603943846043648","","jokowi","in","","0","0","0","https://x.com/undefined/status/1080603943846043648","1009791719250857985",
"1080603928717189120","Wed Jan 02 23:17:07 +0000 2019","1","Guys sebagian pengungsi Korban Tsunami di Lampung Menangis saat Dikunjungi pak de @jokowi .. https://t.co/a5dIHUER1x #LampungBangkitBersamaJokowi","1080603928717189120","","","in","","2","0","1","https://x.com/undefined/status/1080603928717189120","1071071389119959040",
"1080417150051901440","Wed Jan 02 23:17:07 +0000 2019","0","@yusuf_dumdum @jokowi @KemenPU pakai utqngnya bangunnya..malu...anak kecil juga bisa","1080603926146117633","","yusuf_dumdum","in","","0","1","0","https://x.com/undefined/status/1080603926146117633","1003996623255433217",
"1079597704815075329","Wed Jan 02 23:17:03 +0000 2019","0","@Dahnilanzar @prabowo Nil lo ganti pic profile dong. Eneg lihat senyum lo palsu gity","1080603910144909312","","Dahnilanzar","in","","0","0","0","https://x.com/undefined/status/1080603910144909312","70916025",
"1044558997615927301","Wed Jan 02 23:17:01 +0000 2019","0","@Jeonum1203 @AnissaVerawaty @juventini_3rwin @Ninnocyber @MerdekaBrojoe @bobolidos @ebugogo2periode @Nink47018190 @FrennyPahibe @suka_komen @AlaricLuthfy @koecing_pasar @dewantara_adjie @do_chand @himawan1978 @NurmaTgr @SalmaBrecht @Swarnadiva9 @Igedemanuke9 @arekgubeng2 @JokSusi2019 @XihxhouxExchou @LebahBorneo @Nurulis53223263 @BPart02 @cikyber @kenneth_aurelio @AndriawanRandie @fier_79 @gunwbisono @Versakleg @zqnov @IndraNov1972 @muttle9 @jnnewrw @AdrianWaworuntu @cv_wilcor @ayudh41 @Sukardi2017 @SanSuwardhi @Sandro87732049 @feradiana_a @5dhany5 @Nanaa_rosaa @grassrockstones @prabowo @Hilmi28 @idntimes @DivHumas_Polri @AndiArief__ Bikin hoax sendiri kemudian tebar fitnah dan menghujat https://t.co/QACCxzkGdC","1080603902666371072","https://pbs.twimg.com/media/Dv8ThArUUAAZgii.jpg","edelweis2901","in","","1","1","0","https://x.com/undefined/status/1080603902666371072","931835519352291328",
"1080461054147055616","Wed Jan 02 23:16:50 +0000 2019","1","@MerdekaRakyan @hardijoy @republikaonline Asa moal Bobotoh kieu mah....eta sosorangan we...Jawa barat mah tetap Prabowo","1080603853643337728","","MerdekaRakyan","in","","0","0","0","https://x.com/undefined/status/1080603853643337728","1688468742",
"1080603820063780864","Wed Jan 02 23:16:42 +0000 2019","0","Yg paling Cocok Jadi Presiden Itu prabowo Ya? Jokowi Jadi Apa dong? ~ jenderal08 presiden2014com","1080603820063780864","","","in","","0","0","0","https://x.com/undefined/status/1080603820063780864","2720784768",
"1080603775071485952","Wed Jan 02 23:16:31 +0000 2019","0","Ayo bergerak dibidang masing2 bergerak dengan kemampuan masing2 bergerak dengan cara masing2 bergerak dengan komunitas masing2.. Untuk memenangkan Jokowi. Kita bertekad utk menggenapkan kepemimpinan Jokowi hingga 2 periode..!! #Jokowi2Periode #2019TetapJokowi","1080603775071485952","","","in","","0","0","0","https://x.com/undefined/status/1080603775071485952","1025278791730380805",
"1080603771535712256","Wed Jan 02 23:16:30 +0000 2019","0","Disebutkan pula bahwa untuk i kawasan Asia Pasifik IHSG tercatat terbaik kedua. Namun di kawasan ASEAN kinerja bursa saham Indonesia tercatat sebagai yg paling baik. Luar biasa pakde @jokowi #JokowiHarapanPasti #01IndonesiaMaju","1080603771535712256","","","in","","0","0","0","https://x.com/undefined/status/1080603771535712256","1071124608927952896",
"1079393037774716928","Wed Jan 02 23:16:25 +0000 2019","0","@elvihutagaol Owhhh ternyata mantan istrinya @Ferdinand_Haean dia yg bawa uang relawan jokowi yaa","1080603751172300800","","","in","","0","0","0","https://x.com/undefined/status/1080603751172300800","309095282",
"1080355028387254273","Wed Jan 02 23:16:19 +0000 2019","1","@enda_gz @RabbaniProjects @jokowi Kemampuan bahasa inggrisnya rendah...","1080603726497275904","","enda_gz","in","","0","0","0","https://x.com/undefined/status/1080603726497275904","1199344549",
"1080603724316200960","Wed Jan 02 23:16:19 +0000 2019","1","Karna agenda pak de @jokowi sangat padat akhirnya pak de harus merelakan salah satu agendanya... https://t.co/4vHwOA7YIT #LampungBangkitBersamaJokowi","1080603724316200960","","","in","","2","0","1","https://x.com/undefined/status/1080603724316200960","1071071389119959040",
"1060022857957175296","Wed Jan 02 23:16:15 +0000 2019","0","@RiniNizar72 @zarazettirazr @prabowo baru dipolbek teh sayamah udah popolow lama sama uni hehehe #17AprilPrabowoSandi #17AprilPrabowoSandi #17AprilPrabowoSandi","1080603709594230784","","Rhien_Nz","in","","0","1","0","https://x.com/undefined/status/1080603709594230784","426437287",
"1080445666508210176","Wed Jan 02 23:16:12 +0000 2019","0","@jokowi Itulah sosok pemimpin yg memiliki hati yang penuh kasih bg siapa sj sbg anak Negeri pemimpin ingin melihat langsung bukan hny mendengar laporan bukan pemimpin Asal Bapa Senang..... Maju Pa De. Sukses sll pasti 2 periode.","1080603696281481216","","jokowi","in","","0","0","0","https://x.com/undefined/status/1080603696281481216","1035115964835065856",
"1080422065407062016","Wed Jan 02 23:16:03 +0000 2019","0","@FirmanXperia @TitiekSoeharto @prabowo @sandiuno sore hari ","1080603656754327552","","FirmanXperia","in","","0","1","0","https://x.com/undefined/status/1080603656754327552","1950103027",
"1080121327128723456","Wed Jan 02 23:15:44 +0000 2019","0","@IsekaiHero @prabowo @sandiuno Aamiin..","1080603579734315008","","","fi","","0","0","0","https://x.com/undefined/status/1080603579734315008","2916925758",
"1080382032134299648","Wed Jan 02 23:15:43 +0000 2019","0","@Tri33milanisti @BangPino_ @P3nj3l4j4h Dan saya yakin pak prabowo bisa ngaji dgn Lancar. Emg jokowi baca al fatikhah msh aja salah","1080603575162527744","","Tri33milanisti","in","","0","1","0","https://x.com/undefined/status/1080603575162527744","1031952208047161344",
"1080367097387962373","Wed Jan 02 23:15:36 +0000 2019","4","@makmamak @luaneyap31 @jokowi @ASapardan @wahhabicc_jabar @TheCebongers @projopusat @Next_J2P @4Y4NKZ Lanjutkan gan ga papa 2 jari yang cuma sendirian dibnding satu jari yang bejibun. Yang penting situ dan kelompoknya bahagia luar dalam wis","1080603546918170624","","makmamak","in","","0","1","1","https://x.com/undefined/status/1080603546918170624","804694790868602881",
"1080457681071034368","Wed Jan 02 23:15:36 +0000 2019","0","@SitiMua19986396 @P3nj3l4j4h Tanya saja wartawan nya ini capres pilihan ulama hahahahanjrit https://t.co/I8LxwD6aac","1080603543902466048","https://pbs.twimg.com/media/Dv8TL_nUcAEm7J8.jpg","SitiMua19986396","in","","0","1","0","https://x.com/undefined/status/1080603543902466048","1008001706896965632",
"1080603519223136256","Wed Jan 02 23:15:30 +0000 2019","1","RSCM Bantah Pernyataan Prabowo Soal Selang Cuci Darah https://t.co/vs9aqTK6ih https://t.co/mDsxtfi6gi","1080603519223136256","https://pbs.twimg.com/ext_tw_video_thumb/1080603356182208513/pu/img/5WHSM4KjVpkhq_Pj.jpg","","in","","0","0","0","https://x.com/undefined/status/1080603519223136256","902837643024539651",
"1079596930118836225","Wed Jan 02 23:15:29 +0000 2019","0","@Dahnilanzar @prabowo Suruh baca majalah Hidayah aja si wowo. Maksa banged sih biar dibilang intelek. Dungu iya termasuk yang mempromosikannya.","1080603515972608000","","Dahnilanzar","in","","0","0","0","https://x.com/undefined/status/1080603515972608000","70916025",
"1080603513162326016","Wed Jan 02 23:15:28 +0000 2019","0","https://t.co/8gw74KsM1n Manajemen RSCM mementahkan pernyataan Prabowo Subianto yang mengaku mendapat laporan bahwa satu selang alat cuci darah pasien di RSCM dipakai oleh 40 orang.","1080603513162326016","","","in","","0","0","0","https://x.com/undefined/status/1080603513162326016","971142811301982208",
"1080603063528841218","Wed Jan 02 23:15:25 +0000 2019","0","@wartakotalive Bosan dengar nya. Capres tak berkwalitas.","1080603498645987328","","","in","","0","0","0","https://x.com/undefined/status/1080603498645987328","122186558",
"1079972041246162944","Wed Jan 02 23:15:22 +0000 2019","0","@fahmi04938724 @jokowi Hal seperti ini saja anda tak faham. Dia Presiden bukan tukang jual meubel lagi","1080603486096547840","","FahmiMfrezaa","in","","0","0","0","https://x.com/undefined/status/1080603486096547840","219879465",
"1080469535130447872","Wed Jan 02 23:15:20 +0000 2019","0","@tarumpaet Trus apa kabar kalian yg suka bilang jokodok ke jokowi...??? WOWO sering bicara bocor bocor bocor... Makanya panggilan nya Prabocor","1080603477833789440","","tarumpaet","in","","0","1","0","https://x.com/undefined/status/1080603477833789440","1005346546265669632",
"1080489758806093824","Wed Jan 02 23:15:18 +0000 2019","0","@vaiyo @habibthink @AndiArief__ @SBYudhoyono @prabowo Jd strategi pemenangan dr Pak SBY seperti inikah?","1080603469084450816","","vaiyo","in","","0","0","0","https://x.com/undefined/status/1080603469084450816","92187051",
"1080603447135629312","Wed Jan 02 23:15:13 +0000 2019","0","Pak @prabowo @sandiuno dan team sukses perlu klarifikasi utk membuktikan nih atau ini akan jadi bahan gorengan berkelanjutan.","1080603447135629312","","","in","","0","0","0","https://x.com/undefined/status/1080603447135629312","73343274",
"1080603406639788036","Wed Jan 02 23:15:03 +0000 2019","0","https://t.co/P3MhThXSOg bukan lagi sepeda jokowi hadiahkan kado istimewa jelang akhir tahun 2018 kemarin. #JokowiHarapanPasti #01IndonesiaMaju","1080603406639788036","","","in","","1","0","0","https://x.com/undefined/status/1080603406639788036","1071124608927952896",
"1080603406048276480","Wed Jan 02 23:15:03 +0000 2019","1","Bahkan Donald Trump membutuhkan penterjemah karena tidak paham dengan apa yang dikatakan pak dhe Jokowi #17AprilPrabowoSandi https://t.co/4Z79GnumVD","1080603406048276480","https://pbs.twimg.com/ext_tw_video_thumb/1080603179845206016/pu/img/UE1zmcnPlY1BtnmO.jpg","","in","","0","0","0","https://x.com/undefined/status/1080603406048276480","1060450600993714176",
"1080603358895820800","Wed Jan 02 23:14:52 +0000 2019","0","Hebatnya lagi Jelang akhir tahun 2018 sejarah kembali dicatatkan oleh pakde Jokowi dengan mengembalikan tambang Grasberg di Papua ke tangan Indonesia. #JokowiHarapanPasti #01IndonesiaMaju","1080603358895820800","","","in","","1","0","0","https://x.com/undefined/status/1080603358895820800","1071124608927952896",
"1079939688360603654","Wed Jan 02 23:14:47 +0000 2019","0","@Dennysiregar7 @prabowo @jokowi Muda loe pasti unfaedah des","1080603339736342528","","","in","","0","0","0","https://x.com/undefined/status/1080603339736342528","920942563325911041",
"1080603335856553984","Wed Jan 02 23:14:46 +0000 2019","1","Analisis Sosiologis : Prabowo Sandi akan memenangi Pemilu Presiden 2019 https://t.co/fQokjt1LQK","1080603335856553984","","","in","","0","0","0","https://x.com/undefined/status/1080603335856553984","579089730",
"1080603334866755584","Wed Jan 02 23:14:46 +0000 2019","0","Bawaslu: Hoaks Surat Suara Tercoblos Ganggu Pemilu https://t.co/jKzobJ9Jef https://t.co/aFGhxWsa2a","1080603334866755584","https://pbs.twimg.com/media/Dv8TAamVsAA1D0I.jpg","","in","","0","0","0","https://x.com/undefined/status/1080603334866755584","902837643024539651",
"1078505224413696000","Wed Jan 02 23:14:45 +0000 2019","0","@Bernhar11570024 @Arie_Kriting Bro pak jokowi 2 periode di solo 2 tahun gub DKI 1 periode presiden. Hasil kerjanya jelas track recordnya bagus. Prabowo??? Sandi belum 1 tahun wagub aja oke oce gagal DP 0% kaga ada kelanjutannya. Terus gmna mau membuktikan jd Presiden sama Wapres?","1080603330345238528","","Bernhar11570024","in","","0","1","0","https://x.com/undefined/status/1080603330345238528","1047745787801657344",
"1080509077568909312","Wed Jan 02 23:14:44 +0000 2019","4","@Roro_Kinarsih27 @jokowi #JOKOWILAGI #01IndonesiaMaju","1080603326608171008","","","qme","","0","0","2","https://x.com/undefined/status/1080603326608171008","762272580686393344",
"1080457993257283584","Wed Jan 02 23:14:42 +0000 2019","0","@AkunTofa wjh prabowo mirip org cina","1080603319104466944","","AkunTofa","in","","0","0","0","https://x.com/undefined/status/1080603319104466944","1066217307112857600",
"1080603315832901633","Wed Jan 02 23:14:41 +0000 2019","1","Presiden Jokowi akan siapkan permukiman relokasi bagi warga yang berada di pesisir Lampung https://t.co/0hnE17jBNP #LampungBangkitBersamaJokowi","1080603315832901633","","","in","","1","0","1","https://x.com/undefined/status/1080603315832901633","1071071389119959040",
"1080603310489448448","Wed Jan 02 23:14:40 +0000 2019","0","Akhir tahun 2018 jokowi berikan hadiah untuk rakyat Indonesia dimana Pertamina akan mengambil alih blok yang saat ini masih dikelola oleh Chevron ini setelah 2021 hingga 20 tahun mendatang. #JokowiHarapanPasti #01IndonesiaMaju","1080603310489448448","","","in","","0","0","0","https://x.com/undefined/status/1080603310489448448","1071124608927952896",
"1080603273948651520","Wed Jan 02 23:14:31 +0000 2019","0","Pernyataan yang merugikan nggqk boleh hamya minta maaf ....harus di tuntut secara Hukum ..jangan Pidana kalau pidana nanti ada isu kriminalisasi Capres....di tuntut ganti rugi minimal 17 trilyun...mantab","1080603273948651520","","","in","","0","0","0","https://x.com/undefined/status/1080603273948651520","1054179039655546880",
"1080304593118982146","Wed Jan 02 23:14:31 +0000 2019","0","@ruhutsitompul Kayak lagu nya salah alamat ya bang ruhut . Pak sby sampai turun semua utk anak nya AHY .yg menguap kan isu sara dll hanya mrk mrk yg panik krn takut kalah dlm pemilu .","1080603272090546177","","ruhutsitompul","in","","0","0","0","https://x.com/undefined/status/1080603272090546177","162551100",
"1080603251513257984","Wed Jan 02 23:14:26 +0000 2019","0","Salah satu pencapaian besar @jokowi yaitu dengan memberikan blok Rokan dan Mahakam yang kini dikelola oleh PT Pertamian (Persero). #JokowiHarapanPasti #01IndonesiaMaju","1080603251513257984","","","in","","0","0","0","https://x.com/undefined/status/1080603251513257984","1071124608927952896",
"1080392409039552512","Wed Jan 02 23:14:22 +0000 2019","0","@ruhutsitompul @elchanatmadja MERDEKA PAKDHE JOKOWI","1080603233410678785","","ruhutsitompul","in","","0","0","0","https://x.com/undefined/status/1080603233410678785","1047545431150841856",
"1080492745008001024","Wed Jan 02 23:14:15 +0000 2019","0","@detikcom @prabowo Yang ngasih laporan si sarungpet ya mbok mikirnya yg rasional dikit lah.. Mana mungkin satu slang hd dipakai 40 orang..?? kita orang kesehatan tau prosedur kok.. Dan tau yg namanya resiko penularan penyakit. Ngarang kok ya kebangetan..???","1080603204302209024","","detikcom","in","","0","0","0","https://x.com/undefined/status/1080603204302209024","2795696832",
"1080470151026241543","Wed Jan 02 23:14:10 +0000 2019","11","@RizmaWidiono sepak bola indonesia maju bersama pak jokowi","1080603185130008576","","RizmaWidiono","in","","0","0","0","https://x.com/undefined/status/1080603185130008576","876381458062991360",
"1080603180814065664","Wed Jan 02 23:14:09 +0000 2019","1"," Saya pak ikan hiu ikan paus jawab sejumlah anak-anak. Kemudian Pak @jokowi kembali bertanya lagi Ikan paus ikan hiu terus apa lagi? https://t.co/b2heDE605K #LampungBangkitBersamaJokowi","1080603180814065664","","","in","","1","0","1","https://x.com/undefined/status/1080603180814065664","1071071389119959040",
"1080603140704034816","Wed Jan 02 23:14:00 +0000 2019","0","Pak Jokowi merupakan replica harapan masyarakat untuk Indonesia 2019 #JokowiHarapanPasti #01IndonesiaMaju","1080603140704034816","","","in","","0","0","0","https://x.com/undefined/status/1080603140704034816","1071124608927952896",
"1080518994791084032","Wed Jan 02 23:13:59 +0000 2019","0","@humaira979 @marinahendr @faizalassegaf @SBYudhoyono @jokowi Mohon para relawan dan teamses jangan lengah sedikitpun @GeneralMoeldoko @erickthohir @budimandjatmiko @pramonoanung @KhofifahIP","1080603140267753472","","bdkjmb1","in","","0","0","1","https://x.com/undefined/status/1080603140267753472","2872998758",
"1079791627512606725","Wed Jan 02 23:13:52 +0000 2019","0","@prabowo @Gerindra Amiin","1080603110249119745","","prabowo","in","","0","0","0","https://x.com/undefined/status/1080603110249119745","1048493450780233728",
"1044558997615927301","Wed Jan 02 23:13:49 +0000 2019","1","@Jeonum1203 @AnissaVerawaty @Mmahalik2 @tiaspraz @juventini_3rwin @Ninnocyber @MerdekaBrojoe @bobolidos @ebugogo2periode @Nink47018190 @FrennyPahibe @suka_komen @AlaricLuthfy @koecing_pasar @dewantara_adjie @do_chand @himawan1978 @NurmaTgr @SalmaBrecht @Swarnadiva9 @Igedemanuke9 @arekgubeng2 @JokSusi2019 @XihxhouxExchou @LebahBorneo @Nurulis53223263 @BPart02 @cikyber @kenneth_aurelio @AndriawanRandie @fier_79 @gunwbisono @Versakleg @zqnov @IndraNov1972 @muttle9 @jnnewrw @AdrianWaworuntu @cv_wilcor @ayudh41 @Sukardi2017 @SanSuwardhi @Sandro87732049 @feradiana_a @5dhany5 @Nanaa_rosaa @grassrockstones @prabowo @Hilmi28 @idntimes Kita berdoa saja supaya kedepan tdk ada lg penyebar hoax","1080603096508641281","","edelweis2901","in","","0","1","0","https://x.com/undefined/status/1080603096508641281","876086770600771584",
"1080603080926752769","Wed Jan 02 23:13:45 +0000 2019","3","#01IndonesiaMaju semangat optimidnys pak jokowi https://t.co/UPFsM80T34 https://t.co/xuZtg4OmBQ","1080603080926752769","https://pbs.twimg.com/media/Dv8Stn8UcAANcVy.jpg","","in","","0","1","1","https://x.com/undefined/status/1080603080926752769","1080530566938685446",
"1080473806487965696","Wed Jan 02 23:13:43 +0000 2019","0","@hariadhi @budimandjatmiko @FaldoMaldini gw tebak sih debat 2014 sama sekarang beda bgt bisa jadi prabowo diatas angin soalnya petahana kan sudah bekerja jadi oposisi bisa byk kritisi klo 2014 kan sama2 belom kerja jokowi harus hati2","1080603070394859520","","hariadhi","in","","0","0","0","https://x.com/undefined/status/1080603070394859520","4882905264",
"1080591740162068481","Wed Jan 02 23:13:40 +0000 2019","0","@blogdokter Menurut @blogdokter ucapan capres tsbt termasuk kategori PENCEMARAN NAMA BAIK apa tidak?? Langkah apa yg sebaiknya diambil seandainya hal ini menimpa RS anda?? Mohon pencerahan...","1080603057715523586","","blogdokter","in","","0","0","0","https://x.com/undefined/status/1080603057715523586","733314071311704064",
"1080603038690172928","Wed Jan 02 23:13:35 +0000 2019","0","RRI Radio Publik Pertama Penyelenggara Debat Capres-Cawapres Dengar dan Saksikan hanya di RRI Pro 1 Pro 2 Pro 3 Pro 4 RRIPlay RRINet https://t.co/3dx6FU0bEg UseeTv NinMedia 17 Januari 2019 Memilih Itu Juara #RRIDebat1 #MemilihItuJuara #RRI #RRIPlay #RRINet https://t.co/lObcqw4cvu","1080603038690172928","https://pbs.twimg.com/media/Dv8SuqHVYAAai-o.jpg","","in","","0","0","0","https://x.com/undefined/status/1080603038690172928","1520698921",
"1080603036391591936","Wed Jan 02 23:13:35 +0000 2019","2","Bapak @jokowi jalan sendirian seperti ini bukan mau disorot atau sok pahlawan kok tapi ya ini lah pak de... #LampungBangkitBersamaJokowi https://t.co/7DyZKZpRsJ","1080603036391591936","https://pbs.twimg.com/media/Dv8Si91V4AAlayK.jpg","","in","","2","0","1","https://x.com/undefined/status/1080603036391591936","1071071389119959040",
"1080457993257283584","Wed Jan 02 23:13:27 +0000 2019","8","@AkunTofa PRABOWO","1080603003764133888","","AkunTofa","pl","","0","0","1","https://x.com/undefined/status/1080603003764133888","762272580686393344",
"1080409802855989249","Wed Jan 02 23:13:25 +0000 2019","0","@SamHorta1 @hnurwahid @KPU_ID @prabowo Ungud","1080602994020737024","","SamHorta1","et","","0","0","0","https://x.com/undefined/status/1080602994020737024","951952690111594496",
"1080602979785498624","Wed Jan 02 23:13:21 +0000 2019","1","LIVE ! Pengamat Politik Universitas Trunojoyo Bangkalan Madura - Surochiem Abdus Salam - transparansi laporan dana kampanye partai maupun calon presiden dan calon wakil presiden peserta Pemilu 2019. #elshintaedisipagi https://t.co/bzJC9jCcfk","1080602979785498624","https://pbs.twimg.com/media/Dv8Sn8cUcAAG2Nr.jpg","","in","","0","0","1","https://x.com/undefined/status/1080602979785498624","854462541484785665",
"1080422065407062016","Wed Jan 02 23:13:19 +0000 2019","0","@suyasa_dewi @TitiekSoeharto @prabowo @sandiuno Walah... Kapan &amp; siang y itu sista?","1080602972315238400","","suyasa_dewi","in","","0","1","0","https://x.com/undefined/status/1080602972315238400","1227003810",
"1080298243882246144","Wed Jan 02 23:13:18 +0000 2019","0","@endranino @fadlizon Kan sekarang 2019 masih pak Jokowi juga ya gak","1080602966963367936","","endranino","in","","0","0","0","https://x.com/undefined/status/1080602966963367936","1048559974190739456",
"1080602965474332672","Wed Jan 02 23:13:18 +0000 2019","0","Harapan masyarakat untuk pilpres 2019 adalah pemerintah bersih sangat terlihat jelas Pak Jokowi jauh dari isu korupsi #JokowiHarapanPasti #01IndonesiaMaju","1080602965474332672","","","in","","0","0","0","https://x.com/undefined/status/1080602965474332672","1071124608927952896",
"1080602887493804034","Wed Jan 02 23:12:59 +0000 2019","0","Terjadi lagiiiii @BPJSKesehatanRI . Setiap org diwajibkan ikut bpjs. Tp tdk setiap RS terima BPJS malah yg udh melayani ada yg memutuakan berhenti. Saya mau tanya @jokowi resolusi u/ BPJS th ini apa Pak? https://t.co/tYAKJ2BFhJ","1080602887493804034","https://pbs.twimg.com/media/Dv8SlbnU8AAB8CG.jpg","","in","","0","1","0","https://x.com/undefined/status/1080602887493804034","2149245397",
"1080602876710313984","Wed Jan 02 23:12:57 +0000 2019","0","Peneliti LSI Adjie Alfaraby mengungkapkan isu pemerintahan yang kuat untuk menumbuhkan ekonomi diutamakan oleh publik. Hal ini sudah dibuktikan dengan Pak Jokowi empat tahun belakangan ini. #JokowiHarapanPasti #01IndonesiaMaju","1080602876710313984","","","in","","0","0","0","https://x.com/undefined/status/1080602876710313984","1071124608927952896",
"1080602871664529408","Wed Jan 02 23:12:55 +0000 2019","0","Entah kenapa kok kaya mirip capres nomer 10 Nurhadi-Aldo ya wkwkwkwk","1080602871664529408","","","in","","0","0","0","https://x.com/undefined/status/1080602871664529408","171705432",
"1060022857957175296","Wed Jan 02 23:12:53 +0000 2019","0","@zarazettirazr @RiniNizar72 @prabowo Setuju uni. Kita bukan pendukung tanpa otak. Kawal kerja pemerintah agar sesuai dengan yg dijanjikan sebelumnya. #17AprilPilihPrabowoSandi #17AprilPilihPrabowoSandi","1080602863187841024","","","in","","0","0","0","https://x.com/undefined/status/1080602863187841024","988558526128648197",
"1079267590063575040","Wed Jan 02 23:12:50 +0000 2019","0","@Fahrihamzah @prabowo @jokowi @Fahrihamzah bukan nya jokowi yg sll diserang dgn mslh identitas spti pki dan diragu keislaman nya. Ketika hal2 tsb terbongkar dipihak prabowo makanya spt menepuk air di dalam dulang kan jadinya. Trus malah skrg anda menuduh kubu jokowi yg memainkan itu semua. Ckckckckck","1080602850516844545","","Fahrihamzah","in","","0","0","0","https://x.com/undefined/status/1080602850516844545","1072844427675107329",
"1080602842136600576","Wed Jan 02 23:12:48 +0000 2019","0","Harapan publik untuk pilpres 2019 akan diwujudkan oleh Pak Jokowi melihat kinerjanya selama empat tahun belakangan ini beliau mampu melakukannya. #JokowiHarapanPasti #01IndonesiaMaju","1080602842136600576","","","in","","0","0","0","https://x.com/undefined/status/1080602842136600576","1071124608927952896",
"1080407028659449861","Wed Jan 02 23:12:47 +0000 2019","0","@gatotanty @Fahrihamzah @jokowi @KPK_RI Makanya sybsebutkan diatas tadi mental ! Mental yg korupt. Sebagus apapun sistim kl mentalnya sdh pesakitan ya tetap aja.","1080602835966877697","","panembulu","in","","0","1","0","https://x.com/undefined/status/1080602835966877697","321440010",
"1080602800285921280","Wed Jan 02 23:12:38 +0000 2019","0","Pak Jokowi mengatakan pada tahun 2030 ekonomi Indonesia akan bisa mencapai posisi ke-7 dunia pak Jokowi mengatakan ini di depan asosiasi DPRD se-Indonesia. #JokowiHarapanPasti #01IndonesiaMaju","1080602800285921280","","","in","","0","0","0","https://x.com/undefined/status/1080602800285921280","1071124608927952896",
"1080602795282055169","Wed Jan 02 23:12:37 +0000 2019","1","Sebuah kepedulian dan kasih sayang seorang pemimpin terhadap masyarakat ynag dipimpinnya. Presiden Jokowi Temui Pengungsi Tsunami Selat Sunda di Lampung Selatan https://t.co/LYznGDEf8d #LampungBangkitBersamaJokowi","1080602795282055169","","","in","","2","0","1","https://x.com/undefined/status/1080602795282055169","1071071389119959040",
"1075586869482610688","Wed Jan 02 23:12:30 +0000 2019","1","@PDChina Hebat ya pak jokowi dan TKN nya mereka sangat humanis dan demokratis bahwa perbedaan adalah rahmat bagi mereka","1080602766668587008","","PDChina","in","","1","0","0","https://x.com/undefined/status/1080602766668587008","1038083365667143683",
"1080602750734364672","Wed Jan 02 23:12:27 +0000 2019","2","Wajib di rituit nih nampol bngt soalnya Semoga TKN @jokowi gak pingsan massal ","1080602750734364672","","","in","","0","0","1","https://x.com/undefined/status/1080602750734364672","52699586",
"1080602728512901120","Wed Jan 02 23:12:21 +0000 2019","1","Adapun yang mendampingi @jokowi adalah Menkopolhukam Wiranto Menteri Kesehatan Nila F. Moeleok Kepala Staf Kepresidenan Moeldoko Menteri Sosial Agus Gumiwang Kartasasmita dan Menteri PUPR Basuki Hadimuljono #LampungBangkitBersamaJokowi","1080602728512901120","","","in","","1","0","1","https://x.com/undefined/status/1080602728512901120","1071071389119959040",
"1080602688440590336","Wed Jan 02 23:12:12 +0000 2019","1","Presiden @jokowi pun tidak sendiri berkunjung ke Lmapung. Beliau ditemani oleh beberpa menteri di Kabinet Kerja #LampungBangkitBersamaJokowi","1080602688440590336","","","in","","1","0","1","https://x.com/undefined/status/1080602688440590336","1071071389119959040",
"1080602648225542145","Wed Jan 02 23:12:02 +0000 2019","0","Yenny Wahid menilai Jokowi sebagai sosok yang meskipun kurus memiliki mental yang sangat kuat. Benar banget bu pakde yang satu ini mental baja. #JokowiHarapanPasti #01IndonesiaMaju","1080602648225542145","","","in","","0","0","0","https://x.com/undefined/status/1080602648225542145","1071124608927952896",
"1080594932140834818","Wed Jan 02 23:11:55 +0000 2019","0","@detikcom Capres berprestasi nyebar hoak","1080602617615548416","","detikcom","in","","0","0","0","https://x.com/undefined/status/1080602617615548416","1066217307112857600",
"1080602611584139264","Wed Jan 02 23:11:53 +0000 2019","0","Dear pak prabowo bapak itu ganteng . . . . . . . . . . . . Tapi kalo pas lagi diem ","1080602611584139264","","","in","","0","0","0","https://x.com/undefined/status/1080602611584139264","56635145",
"1080492745008001024","Wed Jan 02 23:11:51 +0000 2019","1","@detikcom @prabowo Ngeri jg kl presidennya kyak gini..","1080602601723330560","","detikcom","in","","0","0","0","https://x.com/undefined/status/1080602601723330560","2582502576",
"1080602594890854405","Wed Jan 02 23:11:49 +0000 2019","4"," Waktu ada klaim Pulau Natuna itu masuk Laut China Selatan saya panas saya bawa kapal perang ke Natuna kata Jokowi saat berpidato dalam acara Deklarasi Akbar Ulama Madura Bangkalan #JokowiHarapanPasti #01IndonesiaMaju","1080602594890854405","","","in","","1","2","2","https://x.com/undefined/status/1080602594890854405","1071124608927952896",
"1080602593045340161","Wed Jan 02 23:11:49 +0000 2019","0","Terima kasih bapak presiden @jokowi saya bisa PP surabaya - madiun lewat tol dengan cepat tapi agak mahal ya pak hehe","1080602593045340161","","","in","","0","1","0","https://x.com/undefined/status/1080602593045340161","221667735",
"1080597794509938688","Wed Jan 02 23:11:49 +0000 2019","0","@Fahrihamzah Saking takut kelihatan bohongnya diusulkan ke KPU saja debat Capres/Cawapres bisa digantikan oleh relawan","1080602592005128192","","Fahrihamzah","in","","0","0","0","https://x.com/undefined/status/1080602592005128192","67744309",
"1079769922375364611","Wed Jan 02 23:11:46 +0000 2019","0","@diah_soewarno @Erwin55254645 @PakKarno3 @Ferdinand_Haean @jokowi @KPU_ID @bawaslu_RI Ga perlu pamer orang uda pada tw klw beliau bisa. Nanti kita liat jha undangan baca quran nya terlaksana. Mana yang harus kita plih. 2 periode","1080602579854192640","","diah_soewarno","in","","0","1","0","https://x.com/undefined/status/1080602579854192640","2382291864",
"1080602579241848833","Wed Jan 02 23:11:46 +0000 2019","1","Sekitar 15 menit diskusi berlangsung antara @jokowi dengan para warga Desa Kunjir lantas Presiden pun melanjutkan kunjungannya ke Desa Way Muli yang lokasinya berdekatan dengan Desa Kunjir #LampungBangkitBersamaJokowi","1080602579241848833","","","in","","0","0","1","https://x.com/undefined/status/1080602579241848833","1071071389119959040",
"1080602557934854144","Wed Jan 02 23:11:41 +0000 2019","1","tentu saudara-saudara Kita di Lampung sangat bahagia atas kedatangan Presiden @Jokowi semoga menjadi harapan untuk bangkit dan kembali beraktifitas #LampungBangkitBersamaJokowi","1080602557934854144","","","in","","0","0","1","https://x.com/undefined/status/1080602557934854144","1010907011326697473",
"1080602557096083457","Wed Jan 02 23:11:40 +0000 2019","0","KPU Belum Tetapkan SK Moderator Debat Pertama Capres https://t.co/oup8Muv9F0","1080602557096083457","","","in","","0","0","0","https://x.com/undefined/status/1080602557096083457","846715204637376513",
"1080602549764317184","Wed Jan 02 23:11:39 +0000 2019","1","Saatnya @KPU_ID beralih ke sistem e-Pemilu dengan memanfaatkan teknologi utk meminimalisir celah kecurangan dan celah fitnah seperti ini.","1080602549764317184","","","in","","0","0","0","https://x.com/undefined/status/1080602549764317184","792180219008253953",
"1080602548006866944","Wed Jan 02 23:11:38 +0000 2019","0","Mata dunia selalu memuji pak Jokowi karena kinerja yang bagus untuk membangun Indonesia. Haruskah kita ganti Presiden? #JokowiHarapanPasti #01IndonesiaMaju","1080602548006866944","","","in","","0","0","0","https://x.com/undefined/status/1080602548006866944","1071124608927952896",
"1080602508219707393","Wed Jan 02 23:11:29 +0000 2019","1","nh guys gimana antusiasnya saudara-saudara kita di Lampung saat bertemu Dengan Presiden @Jokowi #LampungBangkitBersamaJokowi https://t.co/vkl5Haig1c","1080602508219707393","https://pbs.twimg.com/media/Dv8SP-0UwAAuSUp.jpg","","in","","0","0","1","https://x.com/undefined/status/1080602508219707393","1010907011326697473",
"1080602490796630018","Wed Jan 02 23:11:25 +0000 2019","1","Yaps guys para warga pun juga menyampaikan bahwasannya ada yang menerima dan juga ada yang belum kepada @jokowi #LampungBangkitBersamaJokowi","1080602490796630018","","","in","","1","0","1","https://x.com/undefined/status/1080602490796630018","1071071389119959040",
"1080489758806093824","Wed Jan 02 23:11:20 +0000 2019","0","@vaiyo @AndiArief__ @SBYudhoyono @prabowo Kalo nggak begitu nggak makan dia!!!!","1080602472958156801","","vaiyo","in","","0","0","0","https://x.com/undefined/status/1080602472958156801","85390931",
"1080602438476939268","Wed Jan 02 23:11:12 +0000 2019","0","Ketua KPK Jadi Panelis Debat Pertama Capres https://t.co/uWBL9QArB3","1080602438476939268","","","in","","0","0","0","https://x.com/undefined/status/1080602438476939268","846715204637376513",
"1080602433489780736","Wed Jan 02 23:11:11 +0000 2019","0","@null Bawaslu: Hoaks Surat Suara Tercoblos Ganggu Pemilu Selain mengganggu isu surat https://t.co/ZAzFK2xLaA","1080602433489780736","","null","in","","0","0","0","https://x.com/undefined/status/1080602433489780736","424211974",
"1080602393224462337","Wed Jan 02 23:11:01 +0000 2019","1","Nih guys... Bapak Presiden @jokowi pun mengajak para warga berdiskusi dengan nongkrong di bawah pohon. Super sekali yah Pakde Jokowi #LampungBangkitBersamaJokowi","1080602393224462337","","","in","","1","0","1","https://x.com/undefined/status/1080602393224462337","1071071389119959040",
"1080602390464815104","Wed Jan 02 23:11:01 +0000 2019","0","Isu Surat Suara Berpotensi Ganggu Tahapan Pemilu https://t.co/I5KDDFH7gp","1080602390464815104","","","in","","0","0","0","https://x.com/undefined/status/1080602390464815104","846715204637376513",
"1080602388388405248","Wed Jan 02 23:11:00 +0000 2019","0","Bahkan harapan mancanegara kepada Indonesia sangat besar pak Jokowi membeberkan sejumlah contoh seperti Indonesia telah menjadi tuan rumah pertemuan Trilateral Ulama Indonesia-Afghanistan-Pakistan. #JokowiHarapanPasti #01IndonesiaMaju","1080602388388405248","","","in","","0","0","0","https://x.com/undefined/status/1080602388388405248","1071124608927952896",
"1080602387121729538","Wed Jan 02 23:11:00 +0000 2019","2","PDIP: Posko Pemenangan Prabowo-Sandiaga di Jateng Sepi https://t.co/c92uwE6ySG","1080602387121729538","","","in","","1","7","2","https://x.com/undefined/status/1080602387121729538","456426648",
"1080602382231252992","Wed Jan 02 23:10:59 +0000 2019","1","presiden @Jokowi juga didampingi beberapa Mentri diantaranya mentri kesehatan Menkopolhukam Mensos dan Kapolri #LampungBangkitBersamaJokowi","1080602382231252992","","","in","","0","0","1","https://x.com/undefined/status/1080602382231252992","1010907011326697473",
"1080602381602025473","Wed Jan 02 23:10:59 +0000 2019","0","Keep wondering if Jokowi imitates some methods that Erdogan have applied in order to gain votes.","1080602381602025473","","","en","","0","1","0","https://x.com/undefined/status/1080602381602025473","59797087",
"1080602338039980033","Wed Jan 02 23:10:48 +0000 2019","0","Bawaslu: Hoaks Surat Suara Tercoblos Ganggu Pemilu Selain mengganggu isu surat https://t.co/yl2Xqzz0n3","1080602338039980033","","","in","","0","0","0","https://x.com/undefined/status/1080602338039980033","1178478516",
"1080602329206874112","Wed Jan 02 23:10:46 +0000 2019","1","Dalam kunjungan Presiden @Jokowi didampingi Gubernur Lampung M Ridho Ficardo dan wakilnya Bachtiar Basri turut hadir dalam kesempatan itu Kapolda Lampung Irjen Purwadi Arianto dan Plt Bupati Lampung Selatan Nanang Ermanto. #LampungBangkitBersamaJokowi","1080602329206874112","","","in","","0","0","1","https://x.com/undefined/status/1080602329206874112","1010907011326697473",
"1080371965116870656","Wed Jan 02 23:10:44 +0000 2019","0","@P3nj3l4j4h Bib mending tulis nama Prabowo sama Titiek di tugu Jabbal Rahmah.","1080602321287966720","","P3nj3l4j4h","in","","0","0","0","https://x.com/undefined/status/1080602321287966720","1053112849696874496",
"1080470589154910209","Wed Jan 02 23:10:39 +0000 2019","1","@Mertosari @salima252 @jokowi Katanya tadi taraf ekonomi udah baik kok masih pake 450 ? Berarti masih susah lah....... ga mampu bayar yg 900 ngomong aja minta sama presiden lo jangan naikin listrik diem2 tau2 naik aja ","1080602299708321792","","Mertosari","in","","0","1","1","https://x.com/undefined/status/1080602299708321792","972709170725011456",
"1080457993257283584","Wed Jan 02 23:10:35 +0000 2019","0","@AkunTofa Jokowi","1080602284210286592","","AkunTofa","in","","0","0","0","https://x.com/undefined/status/1080602284210286592","1032812823682793472",
"1080602273997189120","Wed Jan 02 23:10:33 +0000 2019","0","Testimoni Tokoh Pemuda Siap Sukseskan Pemilu Presiden dan Legislatif 2019 #SatgasNusantara #PemiluAmanDamaiSejuk #SmartNetizenPemiluDamai #PemiluDamaiJabar #2019pemiluceria #humasmabespolri #poldajabar #polisi #polsek_talaga #polres_majalengka https://t.co/AHEnfZAC8R https://t.co/9qJm44uVcT","1080602273997189120","https://pbs.twimg.com/media/Dv8SCoMUUAAaDAL.jpg","","in","","0","0","0","https://x.com/undefined/status/1080602273997189120","875911999909015553",
"1080602271933558784","Wed Jan 02 23:10:32 +0000 2019","0","Ketua Bidang Kerjasama Antar Lembaga BPN Almisbat Iwan Sulaiman Soelasno sangat optimis rakyat akan memilih Jokowi sebagai Presiden tahun 2019-2024 #JokowiHarapanPasti #01IndonesiaMaju","1080602271933558784","","","in","","0","0","0","https://x.com/undefined/status/1080602271933558784","1071124608927952896",
"1080149967199555587","Wed Jan 02 23:10:28 +0000 2019","0","@IsekaiHero @anton3lie @prabowo @sandiuno ... tapi. penilaian mukmin atau tidak adlh hak Alloh. karena apa yg dinilai manusia belum tentu sama dgn nilai yg diberikan Alloh. Hanya milik Alloh lah semua kebenaran. Manusia hanya dituntut IKHLAS.","1080602252740444160","","","in","","0","0","0","https://x.com/undefined/status/1080602252740444160","994301594",
"1080602252186800128","Wed Jan 02 23:10:28 +0000 2019","1","Bapak Presiden @jokowi pun mengajaka para warga berdiskusi dengan nongkrong di bawah pohon. Super sekali yah Pakde Jokowi. #LampungBangkitBersamaJokowi","1080602252186800128","","","in","","1","0","1","https://x.com/undefined/status/1080602252186800128","1071071389119959040",
"1080602235636051969","Wed Jan 02 23:10:24 +0000 2019","0","Kerja nyata Jokowi pada pembangunan berkelanjutan juga nampak pada kebijakannya yang akan fokus pada pembangunan manusia di 2019. #JokowiHarapanPasti #01IndonesiaMaju","1080602235636051969","","","in","","0","0","0","https://x.com/undefined/status/1080602235636051969","1071124608927952896",
"1079956453195079680","Wed Jan 02 23:10:23 +0000 2019","0","@aiman4168 @leoagus13181755 @yusuf_dumdum @DfarDjafar @prabowo @MardaniAliSera @suhudalynudin @PIPINSOPIANUI @fadlizon @AdianNapitupul1 @TsamaraDKI Laaah kurang baca pastinya...gk bakalan dapet kalo cuma nonton metro kompas","1080602234226847745","","aiman4168","in","","0","1","0","https://x.com/undefined/status/1080602234226847745","1027394711932137474",
"1080444855052992512","Wed Jan 02 23:10:10 +0000 2019","2","@naulighan @Gerindra #2019 Ganti Presiden Dari JOKOWI ke JOKOWIDODO 2 Priode","1080602178631286784","","naulGhan","in","","0","1","0","https://x.com/undefined/status/1080602178631286784","1046812334738440202",
"1080320285146898432","Wed Jan 02 23:10:10 +0000 2019","0","@rmolco Janji jokowi JAMBU","1080602177385619456","","rmol_id","in","","0","0","0","https://x.com/undefined/status/1080602177385619456","951952690111594496",
"1080602173627613192","Wed Jan 02 23:10:09 +0000 2019","0","Politikus PDIP Bantah Prabowo Soal Selang Infus RSCM https://t.co/Y7hIFpUs4R","1080602173627613192","","","in","","0","0","0","https://x.com/undefined/status/1080602173627613192","504488671",
"1080602162554494977","Wed Jan 02 23:10:06 +0000 2019","2","Beda dari Jokowi Yang Andalkan BUMN Sandi Akan Serahkan Pembangunan Tol ke Swasta SERUJI https://t.co/wxHx2woT8o","1080602162554494977","","","in","","0","3","0","https://x.com/undefined/status/1080602162554494977","24893875",
"1080602136327512065","Wed Jan 02 23:10:00 +0000 2019","2","YAps guys adapun tampilan atau style Pak @jokowi ketika berkunjung ke Lampung adalah dengan menggunakan kemeja putih lengan panjang dan celana jeans biru. #LampungBangkitBersamaJokowi","1080602136327512065","","","in","","2","0","1","https://x.com/undefined/status/1080602136327512065","1071071389119959040",
"1080602113472815104","Wed Jan 02 23:09:55 +0000 2019","0","Jokowi telah sungguh-sungguh berupaya menekan ketimpangan dan kesenjangan sosial di Indonesia. #JokowiHarapanPasti #01IndonesiaMaju","1080602113472815104","","","in","","0","0","0","https://x.com/undefined/status/1080602113472815104","1071124608927952896",
"1080602078697771008","Wed Jan 02 23:09:46 +0000 2019","2","LIVE! Pengamat Politik dari UIN Jakarta Ahmad Bakir Ihsan: Pro kontra undangan tes baca Al Qur'an untuk kedua capres. https://t.co/srNuwqc16F https://t.co/MYZiCyP9Kr","1080602078697771008","https://pbs.twimg.com/media/Dv8Ry4nVAAAtp-S.jpg","","in","","0","0","2","https://x.com/undefined/status/1080602078697771008","121640063",
"1080361787554320385","Wed Jan 02 23:09:44 +0000 2019","0","@chicohakim @sandiuno Kebohongan jokowi sudah berapa banyak om ","1080602068581150721","","chicohakim","in","","0","1","0","https://x.com/undefined/status/1080602068581150721","774500020607344640",
"1080602065783599106","Wed Jan 02 23:09:43 +0000 2019","1","Nilai Hoaks 7 Kontainer Surat Suara untuk Deligitimasi Pemilu Arief: Kami Akan Lawan! SERUJI https://t.co/KeWpSi8CJh","1080602065783599106","","","in","","0","0","0","https://x.com/undefined/status/1080602065783599106","24893875",
"1080594932140834818","Wed Jan 02 23:09:29 +0000 2019","10","@detikcom Saya julukin capres no : 2 sebagai bapak hoax seindonesia...","1080602006887120896","","detikcom","in","","0","0","0","https://x.com/undefined/status/1080602006887120896","923796228655104000",
"1080602001791021057","Wed Jan 02 23:09:28 +0000 2019","0","Prabowo kalah lagi","1080602001791021057","","","in","","0","0","0","https://x.com/undefined/status/1080602001791021057","1054179039655546880",
"1080601971915075584","Wed Jan 02 23:09:21 +0000 2019","1","Yuhuuu guys Presiden @jokowi mengajak warga Desa Kunjir Kecamatan Rajabasa Lampung Selatan untuk ngobrol di bawah pohon dengan posisi nongkrong loh https://t.co/u07gX6QSSJ #LampungBangkitBersamaJokowi","1080601971915075584","","","in","","1","0","1","https://x.com/undefined/status/1080601971915075584","1071071389119959040",
"1080320285146898432","Wed Jan 02 23:09:21 +0000 2019","0","@rmolco Ada yang tau kenapa tim jokowi-maruf tidak mau menyampaikan visi misinya sendiri?","1080601971164213248","","rmol_id","in","","0","0","0","https://x.com/undefined/status/1080601971164213248","1625653356",
"1080601971017633795","Wed Jan 02 23:09:21 +0000 2019","0","Bawaslu: Hoaks Surat Suara Tercoblos Ganggu Pemilu https://t.co/Iere4WmdLp","1080601971017633795","","","in","","0","0","0","https://x.com/undefined/status/1080601971017633795","846715204637376513",
"1080601947432935424","Wed Jan 02 23:09:15 +0000 2019","0","Y salam Prinsip prabowo Mencari kebenaran bersama Adil dan makmur Adil untuk rakyat Makmur untuk bangsa indonesia Bukan saat ini indonesia yang ada bencana dimana mana memang itu kehendak allah swt apa pantas kita pili","1080601947432935424","","","in","","0","0","0","https://x.com/undefined/status/1080601947432935424","1080482149818462208",
"1080601916021735424","Wed Jan 02 23:09:08 +0000 2019","0","Jubir BPN: Prabowo-Sandiaga Siap Jalani Tes Baca Alquran Asal... https://t.co/bBe1llDAtb","1080601916021735424","","","in","","0","0","0","https://x.com/undefined/status/1080601916021735424","2340155395",
"1079950888368668673","Wed Jan 02 23:08:57 +0000 2019","0","@CakKantap @ajisuryo2000 @emgalib @bangzul_1988 @TheArieAir Goblok penyembah prabowo","1080601870769414145","","","in","","0","0","0","https://x.com/undefined/status/1080601870769414145","1047461959489085441",
"1080601854080212992","Wed Jan 02 23:08:53 +0000 2019","1","Guys... @jokowi Kunjungi Korban Tsunami di Lampung. Tak jarang pula Presiden berinteraksi langsung dengan masyarakat https://t.co/wQiLaGFFAl #LampungBangkitBersamaJokowi","1080601854080212992","","","in","","1","0","1","https://x.com/undefined/status/1080601854080212992","1071071389119959040",
"1078506665320710144","Wed Jan 02 23:08:47 +0000 2019","1","@Agung85596511 @RidhoAnton1 @AkunTofa @okewaee @prabowo Memusuhi jangan diartikan sempit sebagai melakukan tindakan diluar koridor Hukum main hakim sendiri Bukan ! Tetap yg menindak adalah Aparat yg berwenang. Sbg Rakyat kapasitasnya hanya memberikan info dg bukti yg akurat bukan fitnah .","1080601830952861696","","Agung85596511","in","","0","0","0","https://x.com/undefined/status/1080601830952861696","576263973",
"1080600536494161920","Wed Jan 02 23:08:44 +0000 2019","0","@VeyWiniy @prabowo @sandiuno Harga dirinya hilang ditelan codot","1080601818256703488","","WiniYlita","in","","0","0","1","https://x.com/undefined/status/1080601818256703488","717731455",
"1080601809482215425","Wed Jan 02 23:08:42 +0000 2019","16","Bawaslu: Hoaks Surat Suara Tercoblos Ganggu Pemilu https://t.co/8P7HOfwVWM https://t.co/hUeh505B1y","1080601809482215425","https://pbs.twimg.com/media/Dv8RnnbVsAAumYx.jpg","","in","","6","6","7","https://x.com/undefined/status/1080601809482215425","57261519",
"1080450403395723265","Wed Jan 02 23:08:39 +0000 2019","0","@TranceX9 @Zamanimarwan1 @jokowi","1080601794940526594","","MorganFreaxman","qam","","0","0","0","https://x.com/undefined/status/1080601794940526594","1033319411262750722",
"1079939688360603654","Wed Jan 02 23:08:37 +0000 2019","0","@LaPau88 @Dennysiregar7 @prabowo @jokowi Ya biar kan pak jokowi yg bayar dan bertanggung jawab atas hutang2 nya.... kamu nyantai aja di pohon sambil bergelantungan","1080601788431052806","","","in","","0","0","0","https://x.com/undefined/status/1080601788431052806","1023888511718445056",
"1080601750908723200","Wed Jan 02 23:08:28 +0000 2019","1","pak @Jokowi ke Lampung juga untuk memastikan bahwa koordinasi pemerintah Pusat dan Daerah berjalan dengan baik untuk percepatan rehabilitas korban bencana #LampungBangkitBersamaJokowi","1080601750908723200","","","in","","0","0","1","https://x.com/undefined/status/1080601750908723200","1010907011326697473",
"1080601730310537218","Wed Jan 02 23:08:23 +0000 2019","1","Pak @jokowi mengunjungi para korban terdampak tsunami Selat Sunda di Kalianda Lampung Selatan bersama Menteri Kesehatan Nila F. Moeleok Kepala Staf Kepresidenan Moeldoko Menteri Sosial Agus Gumiwang Kartasasmita dan Menteri PUPR Basuki Hadimuljono #LampungBangkitBersamaJokowi","1080601730310537218","","","in","","1","1","1","https://x.com/undefined/status/1080601730310537218","1071071389119959040",
"1080149967199555587","Wed Jan 02 23:08:23 +0000 2019","0","@IsekaiHero @prabowo @sandiuno Amin","1080601729916268545","","","en","","0","0","0","https://x.com/undefined/status/1080601729916268545","940090136791887872",
"1080406050015039488","Wed Jan 02 23:08:14 +0000 2019","1","@agungputra_LNG @NKRI_Nomor_1 @Deri_hermawan89 @BPJSKesehatanRI @BPJSTKinfo @KemenkeuRI @jokowi Yg dipakai utk infrastruktur itu dana bpjs tenaga kerja bukan bpjs kesehatan. Alokasi anggaran utk bpjs kesehatan plus iuran masyarakat memang gak mencukupi shg pihak bpjs kesehatan byk tunggakan ke RS dan bayar tagihannya lama.","1080601690674319360","","agungputra_LNG","in","","0","1","0","https://x.com/undefined/status/1080601690674319360","548162595",
