"conversation_id_str","created_at","favorite_count","full_text","id_str","image_url","in_reply_to_screen_name","lang","location","quote_count","reply_count","retweet_count","tweet_url","user_id_str","username"
"1084827660142833665","Mon Jan 14 23:59:51 +0000 2019","0","@Dahnilanzar @prabowo Hallaaaaahhh","1084963336666546176","","Dahnilanzar","in","","0","0","0","https://x.com/undefined/status/1084963336666546176","227007376",
"1084852778592129024","Mon Jan 14 23:59:51 +0000 2019","0","@ices_tea @sukatanyaj @prabowo Hahaha....emang lebih bagus lebih bagus segera turun diganti presiden baru.","1084963336419078145","","","in","","0","0","0","https://x.com/undefined/status/1084963336419078145","469197858",
"1084963321684606979","Mon Jan 14 23:59:48 +0000 2019","0","Tim Prabowo-Sandi: KPK Sudah Sepatutnya Seret Mendagri ke Proses Hukum https://t.co/H18KMkNcfL","1084963321684606979","","","in","","0","0","0","https://x.com/undefined/status/1084963321684606979","1540547372",
"1084712048322179075","Mon Jan 14 23:59:44 +0000 2019","0","@MemeTanpaHurufK owh.! gitu ya suhu.?! aku menyimpulkan prabowo cuman ingin menyetabilkan existensi partai burung empret itu.?! tpi sayang terlalu banyak yg di korbankan.baik materi maupun partai koalisi.","1084963307256070144","","MemeTanpaHurufK","in","","0","0","0","https://x.com/undefined/status/1084963307256070144","926228743013638145",
"1084843795034845184","Mon Jan 14 23:59:41 +0000 2019","0","@joxzin_jogja @prabowo Lo bloon apa terlalu dungu? Pengacara HTI kan gabung kubu elo..lol","1084963295512080384","","joxzin_jogja","in","","0","0","0","https://x.com/undefined/status/1084963295512080384","999220642640609280",
"1084958008000471040","Mon Jan 14 23:59:38 +0000 2019","0","@PriyoBudiS @prabowo @sandiuno lho...koq pake larangan ? emang twitter ini punya mbahmu ? klo gak mau dikomentarin ya tulis saja didinding kamarmu; atau DM ke masing2 orng yg kau mau .","1084963281784074240","","PriyoBudiS","in","","0","0","0","https://x.com/undefined/status/1084963281784074240","2538003655",
"1084963270728077312","Mon Jan 14 23:59:36 +0000 2019","0","Prabowo: Kita Sedang Dimiskinkan : Okezone News https://t.co/0SexleavXG","1084963270728077312","","","in","","0","0","0","https://x.com/undefined/status/1084963270728077312","1540547372",
"1084963268769136645","Mon Jan 14 23:59:35 +0000 2019","0","Berteman dgn ulama dari dahulu sejak muda..Prabowo subianto","1084963268769136645","","","in","","0","0","0","https://x.com/undefined/status/1084963268769136645","271316946",
"1084963254911127552","Mon Jan 14 23:59:32 +0000 2019","0","Namanya Dicatut Dukung Jokowi-Ma'ruf Iluni-UI Akan Beri Somasi https://t.co/x25tQl8Hls","1084963254911127552","","","in","","0","0","0","https://x.com/undefined/status/1084963254911127552","310209084",
"1084963183905857536","Mon Jan 14 23:59:15 +0000 2019","0","Raffi Ahmad Minta Bocoran Rencana Infrastruktur Jokowi Senyum Raffi Ahmad tersungging. Sambil bangkit dari tempat duduk dia memperkenalkan diri. Padahal tidak ada satu orang pun orang di ruangan itu yang tidak mengenalnya. Semua kenal Raffi.","1084963183905857536","","","in","","0","0","0","https://x.com/undefined/status/1084963183905857536","147765878",
"1084963169301417986","Mon Jan 14 23:59:11 +0000 2019","0","I liked a @YouTube video https://t.co/6npjfKeVWk Visi Presiden Jokowi Infrastruktur Fondasi Kuat Negara Liputan 6 Siang","1084963169301417986","","","in","","0","0","0","https://x.com/undefined/status/1084963169301417986","401806690",
"1084963144546496513","Mon Jan 14 23:59:05 +0000 2019","0","Pagi Tweeps... Menurut gw ini bro Andi buat cuit ky gini dgn harapan Pidato Pak Jokowi &amp; Kyai Ma'ruf tdk membuly Prabowo. Jgn takut Bro @AndiArief__ Sama tdk akan tersebut nama Prabowo sepata kata https://t.co/8ktR37ZnJr utk memuliakan ? Rada aneh mungkin menghormati iya.. https://t.co/gB2Fv1uQPh","1084963144546496513","https://pbs.twimg.com/media/Dw6QOPgVsAAXwmO.jpg","","in","","0","0","0","https://x.com/undefined/status/1084963144546496513","1955633808",
"1084963135696457728","Mon Jan 14 23:59:03 +0000 2019","0","Tak Minta Maaf Iluni UI Bakal Polisikan Pencatutan Nama Lembaga untuk Deklarasi Dukung Jokowi https://t.co/pgfywzlwUH","1084963135696457728","","","in","","0","0","0","https://x.com/undefined/status/1084963135696457728","310209084",
"1084958008000471040","Mon Jan 14 23:59:01 +0000 2019","0","@PriyoBudiS @prabowo @sandiuno #PrabowoSandi akan mampu wujudkan harapan bangsa...itu saja.","1084963126502518785","","PriyoBudiS","in","","0","0","0","https://x.com/undefined/status/1084963126502518785","2941975351",
"1084762244620013568","Mon Jan 14 23:58:58 +0000 2019","0","@KasanMulyono @MbahUyok Yang jadi Pertanyaan Tiket lagi mahal mahalnya kok bisa perangkat desa seluruh Indonesia bisa nyampe Jakarta tuuuhhh.... Sedangkan mereka lagi kesulitan makanya menuntut untuk disesuaikan dengan Gaji Golongan 2A Ndak habis pikir Ada yang bisa terangkan kah? @prabowo @sandiuno","1084963114326474758","","KasanMulyono","in","","0","0","0","https://x.com/undefined/status/1084963114326474758","955087072032780288",
"1084838218938277888","Mon Jan 14 23:58:56 +0000 2019","0","@kunaepii @blogdokter @prabowo @dokterMade Kita berbaik sangka dulu mungkin para dokter yang punya mobil itu kredit. Bisa juga dapat warisan atau hadiah undian. ","1084963104126001152","","AaKunaepii","in","","0","0","0","https://x.com/undefined/status/1084963104126001152","444843297",
"1084963072190496768","Mon Jan 14 23:58:48 +0000 2019","0","prabowo main politik nya kerdil pikiran pendek klu pidato suka ngomong yg gak jelas klu jd pepimpin negara bs bahaya banyak preman","1084963072190496768","","","in","","0","0","0","https://x.com/undefined/status/1084963072190496768","1083537594665787392",
"1084687396938047488","Mon Jan 14 23:58:48 +0000 2019","0","@hnurwahid @PKSejahtera @prabowo Sudah banyak masuk berita d tv maupun media online ustaadz. Caleg nasdem jg sdh konfirmasi bgt jg pihak keluarga mayit. Tinggal masyarakat yg menilai.","1084963071322251265","","hnurwahid","in","","0","0","0","https://x.com/undefined/status/1084963071322251265","1057122456400388096",
"1084816903166558208","Mon Jan 14 23:58:47 +0000 2019","0","@djenggozainal @francmohede @prabowo Emang elu miskin bong","1084963066423308288","","djenggozainal","in","","0","0","0","https://x.com/undefined/status/1084963066423308288","1071089737262292992",
"1084636502418550784","Mon Jan 14 23:58:46 +0000 2019","0","@edi_junaedie @madachiba @jokowi @putrabanten80 @LisaAmartaTara @Kenedijhon1 @AnnaSuezann @Ferdinand_Haean @MSApunya @CakKhum Udah dijanjiin ya apa perangkat desa...?","1084963064342958080","","edi_junaedie","in","","0","0","0","https://x.com/undefined/status/1084963064342958080","1624963718",
"1084847231365144576","Mon Jan 14 23:58:42 +0000 2019","0","@MailMulaiTampan @Fahrihamzah @prabowo @sandiuno Plus nge jajan cilok..","1084963046823419905","","mail19941120","in","","0","0","0","https://x.com/undefined/status/1084963046823419905","45772167",
"1084817544861560832","Mon Jan 14 23:58:42 +0000 2019","0","@RadioElshinta @prabowo @sandiuno Indonesia menang jika Jokowi yang jadi Presiden NKRI ke 8 th 2019-2024.","1084963045749645312","","RadioElshinta","in","","0","0","0","https://x.com/undefined/status/1084963045749645312","842752532346687491",
"1084963027395334144","Mon Jan 14 23:58:38 +0000 2019","0","Kok nangis aku nonton ini... Capres ah!!!","1084963027395334144","","","in","","0","0","0","https://x.com/undefined/status/1084963027395334144","542263382",
"1084817295929630720","Mon Jan 14 23:58:37 +0000 2019","0","@Arya05120396 @KSPgoid @TMCPoldaMetro @jokowi Bukannya baru menyetujui di meeting itu bro ? ","1084963024807444480","","Arya05120396","in","","0","0","0","https://x.com/undefined/status/1084963024807444480","986467168580616193",
"1084805887804375040","Mon Jan 14 23:58:34 +0000 2019","0","@wennyherusaleh @GadizaPoetri apa tolok ukur dan jaminannya kalau pak prabowo presiden bisa lebih baik dr petahana? tlg jng bilang kasi berkuasa dulu br lihat hasilnya ya... swing voters butuh semacam proposal dr capres agar kita bisa baca dan setujui yg mnrt kita cocok","1084963013692579840","","wennyherusaleh","in","","0","0","0","https://x.com/undefined/status/1084963013692579840","828751813524336640",
"1084963009137500160","Mon Jan 14 23:58:33 +0000 2019","0","Kiai Ma'ruf Amin Geram Jokowi Terus Difitnah https://t.co/9aaGjeDNV4","1084963009137500160","","","in","","0","0","0","https://x.com/undefined/status/1084963009137500160","1083524399179784193",
"1084641818627649536","Mon Jan 14 23:58:32 +0000 2019","0","@nanininanina @aribhoray26 @Ferdinand_Haean @prabowo Lah.. saya engga benci tuh bias aja bang Cuman gasuka saja sama cara main mereka","1084963006046326784","","nanininaninna","in","","0","0","0","https://x.com/undefined/status/1084963006046326784","1083202191991554049",
"1084962975209775104","Mon Jan 14 23:58:25 +0000 2019","0","Capres Lain Bikin Posko Pemenangan di Solo Jokowi Santai #SalamSatuJempol #01IndonesiaMaju #01JokowiLagi https://t.co/pQ7ju3afPh","1084962975209775104","","","in","","0","0","0","https://x.com/undefined/status/1084962975209775104","401904949",
"1084597632008241153","Mon Jan 14 23:58:25 +0000 2019","0","@Ferdinand_Haean @jokowi Tenang bang buzzer berkeliaran abaikan.","1084962974891073537","","Ferdinand_Haean","in","","0","0","0","https://x.com/undefined/status/1084962974891073537","238841431",
"1084962962299772928","Mon Jan 14 23:58:22 +0000 2019","326","Pidato Prabowo Pengamat: Masih Kebanyakan 'Akan' https://t.co/VNz95EYEbe","1084962962299772928","","","in","","0","0","99","https://x.com/undefined/status/1084962962299772928","22126902",
"1084685777571696640","Mon Jan 14 23:58:21 +0000 2019","0","@Early_12 @hangusukma @RajaPurwa @prabowo ","1084962959904788480","","Early_12","qme","","0","0","0","https://x.com/undefined/status/1084962959904788480","1042441095576150016",
"1084962938085990401","Mon Jan 14 23:58:16 +0000 2019","0","Mendadak Temui Ribuan Perangkat Desa Jokowi Janji Naikkan Gaji https://t.co/FkP0aXxNlf","1084962938085990401","","","in","","0","0","0","https://x.com/undefined/status/1084962938085990401","905914381",
"1084810623941107717","Mon Jan 14 23:58:14 +0000 2019","0","@zarazettirazr @prabowo #PidatoKebanggaanPrabowo #bikinenek","1084962927570894849","","","qme","","0","0","0","https://x.com/undefined/status/1084962927570894849","548517893",
"1084962918213382144","Mon Jan 14 23:58:11 +0000 2019","0","KEGAGALAN PIDATO PRABOWO Maaf pak @prabowo bapak gagal menunjukkan kepada publik dan rakyat Indonesia bahwa bapak berbahaya dan menakutkan seperti keinginan musuh-musuh politik bapak. Saran... https://t.co/kJ0po7thlH","1084962918213382144","","","in","","0","0","0","https://x.com/undefined/status/1084962918213382144","1510989234",
"1084738414329524224","Mon Jan 14 23:58:10 +0000 2019","0","@francmohede @prabowo #IndonesiaMenang","1084962913260003331","","francmohede","qme","","0","0","0","https://x.com/undefined/status/1084962913260003331","825109901328338952",
"1084810623941107717","Mon Jan 14 23:58:06 +0000 2019","0","@zarazettirazr @fadlizon @prabowo Lah emang sdh jdi presiden yh ..ga tau saya","1084962896931545088","","","in","","0","0","0","https://x.com/undefined/status/1084962896931545088","1051056374107369472",
"1084738414329524224","Mon Jan 14 23:58:02 +0000 2019","0","@francmohede @prabowo #2019PrabowoPresidenRI","1084962879042813952","","francmohede","qme","","0","0","0","https://x.com/undefined/status/1084962879042813952","825109901328338952",
"1084863947033858048","Mon Jan 14 23:58:02 +0000 2019","0","@dulatips 30detik saja mukidi sudah bikin bosan mending liat kontes ratu2an. @prabowo SANGAT LAYAK JADI PRESIDEN","1084962878447222785","","farahmagz","in","","0","0","0","https://x.com/undefined/status/1084962878447222785","982851804701454342",
"1084959675391459328","Mon Jan 14 23:58:02 +0000 2019","0","@Rusydi_riau @prabowo #IndonesiaMenang","1084962876509450240","","Rusydi_riau40","qme","","0","0","0","https://x.com/undefined/status/1084962876509450240","195191106",
"1084711905367797762","Mon Jan 14 23:57:59 +0000 2019","0","@setiapancasila @Dwiyana_DKM Gak bisa dong..karna hasil dari provokasi dan adu domba mereka akan masih terasa setelah pemilu selesai umat intoleran dan saling curiga..menurut saya tetap kita harus lawan!!","1084962866535387136","","sinerginegeri","in","","0","0","0","https://x.com/undefined/status/1084962866535387136","481933476",
"1084962864652111873","Mon Jan 14 23:57:59 +0000 2019","0","Pemerintahan Jokowi Komitmen Berantas Korupsi https://t.co/ptuvOYnYp1 lewat @makassarterkini","1084962864652111873","","","in","","0","0","0","https://x.com/undefined/status/1084962864652111873","123757780",
"1084961253812985856","Mon Jan 14 23:57:58 +0000 2019","0","@Silvy_riau @prabowo Belum difollow mbak silvy padahal sesama orang Riau sedih..","1084962861661601792","","Silvy_riau","in","","0","0","0","https://x.com/undefined/status/1084962861661601792","481814026",
"1084962860013301760","Mon Jan 14 23:57:58 +0000 2019","0","Yg maling siapa? Prabowo nyuruh ga? Emang 2014 lagu2 pilpres jokowi ga nyolong. Norak lu","1084962860013301760","","","in","","0","0","0","https://x.com/undefined/status/1084962860013301760","268166878",
"1084924506752184320","Mon Jan 14 23:57:55 +0000 2019","0","@emerson_yuntho @prabowo Gak ada nilainya.. Isinya Zonk semua.. Payaah","1084962850945196032","","emerson_yuntho","in","","0","0","0","https://x.com/undefined/status/1084962850945196032","1933343304",
"1084817095018201089","Mon Jan 14 23:57:50 +0000 2019","0","@Karelaas_ @jokowi Oh gitu","1084962829206089728","","Karelaas_","in","","0","0","0","https://x.com/undefined/status/1084962829206089728","136910468",
"1084812305760641024","Mon Jan 14 23:57:47 +0000 2019","0","@zarazettirazr @prabowo Allahu Akbar","1084962813443887104","","","in","","0","0","0","https://x.com/undefined/status/1084962813443887104","785032098",
"1084468830724714496","Mon Jan 14 23:57:44 +0000 2019","0","@SiswantiYeni @jokowi Sebenernya fluktuasi kurs mata uang itu terlalu dangkal kalo dijadiin sbg komoditas politik semata.. naik turun itu biasa aja.. kecuali depresiasinya dlm jangka pendek dalam bgt","1084962801787985920","","SiswantiYeni","in","","0","0","0","https://x.com/undefined/status/1084962801787985920","559987985",
"1084830930231910401","Mon Jan 14 23:57:43 +0000 2019","0","@Dennysiregar7 @jokowi Karena mereka sebenarnya sangat paham bhw Jokowi memang berprestasi tapi sebagai oposan dan penantang tetap harus bicara sebaliknya walau tidak masuk akal @prabowo @Gerindra Begitu kan ? ","1084962800168984576","","","in","","0","0","0","https://x.com/undefined/status/1084962800168984576","500327483",
"1084812174013288449","Mon Jan 14 23:57:41 +0000 2019","0","@satriohendri @Michell97446898 @prabowo @jokowi Bukannya malah lebih mudah dipatahkan bila tidak menggunakan modal akan ?? Janji diucapkan secara sopan sebaiknya menggunakan akan sebab klo menggunakan pasti (misal) maka terlihat ada kepongahan dalam janji. Padahal ada Tuhan yg Maha menentukan.","1084962788840067072","","satriohendri","in","","0","0","0","https://x.com/undefined/status/1084962788840067072","2726198763",
"1084817095018201089","Mon Jan 14 23:57:39 +0000 2019","0","@jokowi @taufikmadjid71 Siang malam apa nya??? Nyatanya aparat desa sampai d kantor pukul 10.00 dan pukul 12.00","1084962782276071424","","jokowi","in","","0","0","0","https://x.com/undefined/status/1084962782276071424","1033511840150511616",
"1084805887804375040","Mon Jan 14 23:57:38 +0000 2019","0","@wawanaprilian19 @GadizaPoetri apa tolok ukur dan jaminannya kalau pak prabowo presiden bisa lebih baik dr petahana? tlg jng bilang kasi berkuasa dulu br lihat hasilnya ya... swing voters butuh semacam proposal dr capres agar kita bisa baca dan setujui yg mnrt kita cocok","1084962779109326848","","wawanaprilian19","in","","0","0","0","https://x.com/undefined/status/1084962779109326848","828751813524336640",
"1084795768853000193","Mon Jan 14 23:57:37 +0000 2019","0","@DahlanMahmud @AkunTofa @prabowo @sandiuno Esemka jargon apaan bong...??? Realita kah...???","1084962774709497857","","DahlanMahmud","in","","0","0","0","https://x.com/undefined/status/1084962774709497857","936424207386230784",
"1084962770800410624","Mon Jan 14 23:57:36 +0000 2019","0","Ada tuduhan lain yg bikin saya geli... Capres g berkualitas! Lah faktanya IQ PS08 diatas rata2 152 itu katagori jenius Marilah kita adil sejak dalam pikiran begitulah titah Pramoedya ananta toer","1084962770800410624","","","in","","0","0","0","https://x.com/undefined/status/1084962770800410624","615768994",
"1084962748826411008","Mon Jan 14 23:57:31 +0000 2019","0","@jokowi maksudnya gimana?","1084962748826411008","","jokowi","in","","0","0","0","https://x.com/undefined/status/1084962748826411008","922844989184290816",
"1084651623920459777","Mon Jan 14 23:57:28 +0000 2019","0","@suarwijana @dedyotonx @KimmyElizabeth1 @yusuf_dumdum @putrabanten80 @jokowi Orang gila yang di paakksa nyoblos ga perlu di layanin Fix rezim ini memaksa orang gila nyoblos seperti kau Karna yng waras ogah pilih jokowi","1084962734444142592","","suarwijana","in","","0","0","0","https://x.com/undefined/status/1084962734444142592","1079992722314784768",
"1084835169821806594","Mon Jan 14 23:57:28 +0000 2019","0","@Fahrihamzah @prabowo @sandiuno baru kali ini w nunggu2 seseorang pidato dan penuh penasaran dijaman w baru kali ini mendengar pidato yang begitu membawa hati lbh NKRI dan ikut merasa bangga jadi bagian NKRI inikah the real Presiden ? insya Allah #2019PrabowoPresidenRI mantap pilih beliau.","1084962734372880384","","Fahrihamzah","in","","0","0","0","https://x.com/undefined/status/1084962734372880384","1054335164",
"1084962714861088768","Mon Jan 14 23:57:23 +0000 2019","0","Dana Desa adalah Perintah UU Bukan Produk Kebaikan Hati Presiden Jokowi https://t.co/UNsZKJyeyg","1084962714861088768","","","in","","0","0","0","https://x.com/undefined/status/1084962714861088768","1540547372",
"1084933833865220097","Mon Jan 14 23:57:21 +0000 2019","0","@CintaNKRI12 @prabowo Kata Raja Bani Hoax : itu DUSTA. : kamvret luu ","1084962706380095489","","CintaNKRI12","fi","","0","0","0","https://x.com/undefined/status/1084962706380095489","1053105579890110465",
"1084659934686400512","Mon Jan 14 23:57:20 +0000 2019","0","@P3nj3l4j4h @DivHumas_Polri ini yang akan terjadi kalau prabowo menang polisi di intimidasi teror ke umat agama lain akan merajalela saling mengkafirkan sesama muslim akan semakin meluas.","1084962702693298176","","P3nj3l4j4h","in","","0","0","0","https://x.com/undefined/status/1084962702693298176","61148252",
"1084962702131228672","Mon Jan 14 23:57:20 +0000 2019","0","Yang semalam nonton pidato prabowo mana suaranya ?","1084962702131228672","","","in","","0","0","0","https://x.com/undefined/status/1084962702131228672","59022354",
"1084962696850825218","Mon Jan 14 23:57:19 +0000 2019","0","Prabowo Sebut BUMN Bangkrut Menko Darmin: Ceroboh Dasarnya Apa? https://t.co/YkRB7oFDSx","1084962696850825218","","","in","","0","0","0","https://x.com/undefined/status/1084962696850825218","846715204637376513",
"1084962696586510336","Mon Jan 14 23:57:19 +0000 2019","0","(CNN Indonesia | Prabowo Gemakan Program Pro Rakyat SBY) https://t.co/IxlhBMp1yk #pemilu #pemilu2019","1084962696586510336","","","in","","0","0","0","https://x.com/undefined/status/1084962696586510336","968428811107819521",
"1083267692738441216","Mon Jan 14 23:57:17 +0000 2019","0","@LisaAmartaTara @Moch_Syuaib @Pidoli_Lombang @PEPESOfficial @prabowo @sandiuno @Ferdinand_Haean @MbahUyok @fadlizon @Dahnilanzar @swulll Makasih teh atas pengertianx tp. Qt adalah satu setanah air amin","1084962690932518913","","LisaAmartaTara","in","","0","0","0","https://x.com/undefined/status/1084962690932518913","1081435799109853184",
"1082318015998427136","Mon Jan 14 23:57:16 +0000 2019","0","@Pjm96382494 @prabowo @Gerindra @fadlizon @Fahrihamzah @rockygerung @saididu @RamliRizal @panca66 @putrabanten80 @CebongParno @DaulatDalimunte @haikal_hassan @MCAOps Ketularan Wabah Gila Import Dari Cina Komunis pastinya dan lihatlah wabah gila melanda China. https://t.co/bU0P0FZyPW","1084962683684716544","https://pbs.twimg.com/media/Dw6Pzd1UYAATiG3.jpg","Pjm96382494","in","","0","0","0","https://x.com/undefined/status/1084962683684716544","1081076650744242176",
"1084962682757820417","Mon Jan 14 23:57:15 +0000 2019","0","Presiden Jokowi: Ojek Online Jadi Pekerjaan Masa Depan Rakyat Indonesia https://t.co/HlQElnhym9 via @indoict","1084962682757820417","","","in","","0","0","0","https://x.com/undefined/status/1084962682757820417","957482702",
"1084962680966914049","Mon Jan 14 23:57:15 +0000 2019","0","Terima Ikatan Dai Aceh Timses Sebut Jokowi-Ma ruf Siap Tes Baca Alquran https://t.co/xXxLELk252 https://t.co/tZDdfg0Ia7","1084962680966914049","https://pbs.twimg.com/media/Dw6PzuDVYAEA6NP.jpg","","in","","0","0","0","https://x.com/undefined/status/1084962680966914049","846715204637376513",
"1084962679159025664","Mon Jan 14 23:57:15 +0000 2019","0","Tolong @KPU_ID saat debat disediakan teleprompter biar capres @prabowo gak lupa materi debat. https://t.co/5WzAnlGzWR","1084962679159025664","https://pbs.twimg.com/media/Dw6PziJVsAAv7oU.jpg","","in","","0","0","0","https://x.com/undefined/status/1084962679159025664","220684893",
"1084913792834711555","Mon Jan 14 23:57:12 +0000 2019","0","@mizwarmature @jokowi @Dr_Moeldoko tp knp tdk d penjara? kalau d penjara kan jd jelas tdk simpang siur spt sekarang.","1084962666911657984","","mizwarmature","in","","0","0","0","https://x.com/undefined/status/1084962666911657984","2557598088",
"1084685777571696640","Mon Jan 14 23:57:07 +0000 2019","0","@RajaPurwa @SajaSurga @prabowo Pak Jae mending pake Bhs Indonesia....remedial dulu ngomong pake B.Ingg nya. Kasihan + malu2in rakyat","1084962648129564672","","RajaPurwa","in","","0","0","0","https://x.com/undefined/status/1084962648129564672","1056397073845694464",
"1084790971546591232","Mon Jan 14 23:57:06 +0000 2019","0","@putrabanten80 @prabowo @SBYudhoyono @sandiuno @AgusYudhoyono Laa Hawla Walaa Quwwata Illa Billah. #PrabowoSandi02 #PKS8 #IndonesiaAdilMakmur #IndonesiaMenang","1084962644602150913","","Oku__records","in","","0","0","0","https://x.com/undefined/status/1084962644602150913","998313848699432960",
"1083866769633112064","Mon Jan 14 23:56:59 +0000 2019","0","@NOGOSASTRO @yusuf_dumdum @jokowi Itu cuma alasan belum beroperasi macam mana.","1084962614122172416","","NOGOSASTRO","in","","0","0","0","https://x.com/undefined/status/1084962614122172416","1022657615728279552",
"1084827660142833665","Mon Jan 14 23:56:59 +0000 2019","0","@Dahnilanzar @prabowo Penuh retorika..bikin ngantuk pidatonya.. Membosankan..","1084962612272521216","","Dahnilanzar","in","","0","0","0","https://x.com/undefined/status/1084962612272521216","226419269",
"1084962610376855552","Mon Jan 14 23:56:58 +0000 2019","0","Prabowo menang siap2 angkat koper nih dari Lille :D","1084962610376855552","","","in","","0","0","0","https://x.com/undefined/status/1084962610376855552","230313497",
"1084651623920459777","Mon Jan 14 23:56:58 +0000 2019","0","@Rifan75010336 @dedyotonx @KimmyElizabeth1 @yusuf_dumdum @putrabanten80 @jokowi Dan elu nyuruh gue pilih si Wowo? Bangkeeeeee!!!","1084962608661200898","","rifan_aryan","in","","0","0","0","https://x.com/undefined/status/1084962608661200898","86705376",
"1084962587991633920","Mon Jan 14 23:56:53 +0000 2019","0","Tuduhan2 yg mengarah ke fitnah lbh cepat menyebar dan dpt menimbulkan ketidakpercayaan rakyat kpd @SBYudhoyono &amp; @PDemokrat. Ini hrs segera diklarifikasi sblm pemilu. @jansen_jsp","1084962587991633920","","","in","","0","0","0","https://x.com/undefined/status/1084962587991633920","485230427",
"1084834358920241152","Mon Jan 14 23:56:52 +0000 2019","0","@Astuty64 @JuliaEv34616966 Mantul kalau secangkir berdua met beraktifitas kembali dan tetap semangat dukung @prabowo @sandiuno menuju Indonesia Menang Adil makmur ","1084962583298269184","","Astuty64","in","","0","0","0","https://x.com/undefined/status/1084962583298269184","833303895254323201",
"1084962577828978688","Mon Jan 14 23:56:50 +0000 2019","0","AHY Senang Prabowo Singgung Kesuksesan SBY di Pidato Kebangsaan https://t.co/IvGVKwePNc","1084962577828978688","","","in","","0","0","0","https://x.com/undefined/status/1084962577828978688","846715204637376513",
"1084962577623453702","Mon Jan 14 23:56:50 +0000 2019","0","I liked a @YouTube video https://t.co/vCSErnPDQP bikin nagis penjelasan TGB tentang Presiden Jokowi menyentuh hati","1084962577623453702","","","in","","0","0","0","https://x.com/undefined/status/1084962577623453702","62775942",
"1084711746630148096","Mon Jan 14 23:56:47 +0000 2019","0","@HukumDan @nurulshanti Ormas apa? petugas pemilu dimaksud yg siapa?.","1084962563366866946","","HukumDan","in","","0","0","0","https://x.com/undefined/status/1084962563366866946","823558766213763073",
"1084962557834584064","Mon Jan 14 23:56:46 +0000 2019","0","#IndonesiaMenang #PrabowoSandiPresidenWakilPresiden2019_2024 kutipan Pidato Kebangsaan H. Prabowo Subianto yang fenomenal malam ini ( Senin 14/01/2019 ) adalah secara tegas dan lugas menyatakan : 1. Benahi... https://t.co/OMUq3lp2kR","1084962557834584064","","","in","","0","0","0","https://x.com/undefined/status/1084962557834584064","261526823",
"1084816903166558208","Mon Jan 14 23:56:43 +0000 2019","0","@djenggozainal @francmohede @prabowo Biarlah tukang parkir asal pahala dokter daripada jadi buzzer kacungnya cina","1084962545511759872","","djenggozainal","in","","0","0","0","https://x.com/undefined/status/1084962545511759872","54616749",
"1084962539685859328","Mon Jan 14 23:56:41 +0000 2019","0","Kita tunggu pidato Capres 01 .... Gak usah lama2 .... 15 menit aja ...","1084962539685859328","","","in","","0","0","0","https://x.com/undefined/status/1084962539685859328","148134322",
"1084962538595307520","Mon Jan 14 23:56:41 +0000 2019","0","Pemilu itu permainan orang dewasa yang paham akan aturan dan menghormati wasit. Kalau tak pandai menari jangan pula salahkan lantai yg berjungkit. Bijaklah. Kalau tdk bisa Bijak.WARASLAH.","1084962538595307520","","","in","","0","0","0","https://x.com/undefined/status/1084962538595307520","117781449",
"1084845730932477952","Mon Jan 14 23:56:37 +0000 2019","0","@Fahrihamzah @prabowo Jenderal yg adan direzim jainudin kasirooo mau hidup enak sendiri...mudah2 diakhiratnya dapat balasan","1084962523370016769","","Fahrihamzah","in","","0","0","0","https://x.com/undefined/status/1084962523370016769","820978803891576835",
"1084962517888131073","Mon Jan 14 23:56:36 +0000 2019","0","Persoalatan Indonesia Di ERA GLOBAL' adalah persoalan Kedaulatan&amp;ke Mandirian Itulah Indonesia Butuh PRABOWO SANDI! Indonesia MENANG!","1084962517888131073","","","in","","0","0","0","https://x.com/undefined/status/1084962517888131073","2926789580",
"1084827660142833665","Mon Jan 14 23:56:35 +0000 2019","0","@Dahnilanzar @prabowo masih menawarkan solusi bro....trimakasih...lbh baik yg sudah jelas2 no 1 saja","1084962514616700928","","Dahnilanzar","in","","0","0","0","https://x.com/undefined/status/1084962514616700928","2321973756",
"1084672541946331136","Mon Jan 14 23:56:35 +0000 2019","0","@P3nj3l4j4h @jokowi Bukannya mereka datang buat nagih janji ya @IndraJPiliang","1084962512393535489","","P3nj3l4j4h","in","","0","0","0","https://x.com/undefined/status/1084962512393535489","1039001592148582401",
"1084962506697695232","Mon Jan 14 23:56:33 +0000 2019","0","Kubu Prabowo Lebih Kuat dari Segi Kekuatan Real User https://t.co/s2C7y47Ygh","1084962506697695232","","","in","","0","0","0","https://x.com/undefined/status/1084962506697695232","905914381",
"1084680550864965632","Mon Jan 14 23:56:28 +0000 2019","0","@hariankompas @KompasData Pdukung Prabowo-Sandi pakai akal sehat hati bersih&amp;dr kantung sendiri Kl yg onoh ngarepin nasi bungkus&amp;amplop..baru deh bergerak","1084962482949521408","","hariankompas","in","","0","0","0","https://x.com/undefined/status/1084962482949521408","968460833922535425",
"1084800905772392448","Mon Jan 14 23:56:28 +0000 2019","0","@AboeDzaki @swulll @SBYudhoyono @prabowo @sandiuno Saking luar biasanya https://t.co/cdI9sqt5BC","1084962482584580096","https://pbs.twimg.com/ext_tw_video_thumb/1084962420794114048/pu/img/Ohi-sapSsDdAMTTE.jpg","AboeDzaki","in","","0","0","0","https://x.com/undefined/status/1084962482584580096","321173727",
"1084962480563073029","Mon Jan 14 23:56:27 +0000 2019","0","Balada Alumni Nasi Bungkus UI For Jokowi Sangat janggal ada alumni UI kok.... https://t.co/w18vV5uRXj","1084962480563073029","","","in","","0","0","0","https://x.com/undefined/status/1084962480563073029","1442695026",
"1084962471314485248","Mon Jan 14 23:56:25 +0000 2019","0","Disiarkan TVOne Ini 5 Pidato Prabowo yang Banyak Tepukan Tangan: Kelaparan hingga Mobil Etok-etok lewat @Tribun_Manado","1084962471314485248","","","in","","0","0","0","https://x.com/undefined/status/1084962471314485248","151700683",
"1084891025087164416","Mon Jan 14 23:56:23 +0000 2019","0","@TheArieAir Baru kali ini punya capres stund up komedi setiap hari jadi bahan tertawaan rakyat waras","1084962463160758272","","TheArieAir","in","","0","0","0","https://x.com/undefined/status/1084962463160758272","1056895442758168576",
"1084824311616004097","Mon Jan 14 23:56:21 +0000 2019","0","@gm_gm Maaf gun yang ente tulis tidak akn merubah kecintaan saya ke prabowo @marierteman @prabowo","1084962455686533120","","gm_gm","in","","0","0","0","https://x.com/undefined/status/1084962455686533120","969495345997627392",
"1084962455447572482","Mon Jan 14 23:56:21 +0000 2019","0","Terima kasih Mas @prabowo atas kumandang takbir dan penjelasannya... Krn selama ini TAKBIR diidentikkan dgn kaum radikal dan intoleran #2019PrabowaPresidenRI","1084962455447572482","","","in","","0","0","0","https://x.com/undefined/status/1084962455447572482","908873587024687110",
"1084962451580428288","Mon Jan 14 23:56:20 +0000 2019","0","Prabowo Sebut Akan Bangkrut Ini Kata Garuda Indonesia https://t.co/peaxSlFKs8","1084962451580428288","","","in","","0","0","0","https://x.com/undefined/status/1084962451580428288","846715204637376513",
"1084437923250851845","Mon Jan 14 23:56:16 +0000 2019","0","@asep_maoshul @AboebakarHerman @AkunTofa @dapitdong @putrabanten80 @MbahUyok @LembagaF @Cobeh09 @armanpaluta @laskar_minang @CakKhum @RajaPurwa @AzzamIzzulhaq @IreneViena @ekowBoy @RestyCayah @maspiyuuu @Hilmi28 @Ferdinand_Haean Malu-maluin pak @jokowi aja nih","1084962432273924096","","asep_maoshul","in","","0","0","0","https://x.com/undefined/status/1084962432273924096","60838363",
"1084962427236769792","Mon Jan 14 23:56:14 +0000 2019","0","Bapak kami Jokowi gak suka cari salah siapa tapi bagaimana menyelesaikan masalah itu. Itulah Bapak Kami Jokowi. Emak2 Tanah Karo Pengungsi Sinabung Mencintai Bapak Kami Jokowi ","1084962427236769792","","","in","","0","0","0","https://x.com/undefined/status/1084962427236769792","206345246",
"1084962425412018176","Mon Jan 14 23:56:14 +0000 2019","0","Raffi Ahmad Minta Bocoran Rencana Infrastruktur Jokowi https://t.co/PPRuY3jmON","1084962425412018176","","","in","","0","0","0","https://x.com/undefined/status/1084962425412018176","1083524399179784193",
"1084700249413709824","Mon Jan 14 23:56:07 +0000 2019","0","@EkoSandjojo Nawa cita ke 3 Pak Jokowi membangun Indonesia dari pinggiran sudah terbukti banyak desa yg mengalami perubahan dari tertinggal menjadi berkembang dan bnyak yg sudah menjadi desa mandiri mari kita dukung Jokowi untuk melanjutkan pembangunan #Kemendes2019 #DesaMajuBersamaJokowi","1084962396341321728","","EkoSandjojo","in","","0","0","0","https://x.com/undefined/status/1084962396341321728","913326483086614528",
"1084823109700448256","Mon Jan 14 23:56:04 +0000 2019","0","@marierteman @prabowo @sandiuno Nampak kebersamaan @prabowo dan @sandiuno yang tulus ikhlas jauh dari pencitraan. Kupercayakan negara ini kepada #PrabowoSandi #RakyatInginkanPerubahan #2019PrabowoPresidenRI","1084962384911818754","","marierteman","in","","0","0","0","https://x.com/undefined/status/1084962384911818754","970203397260427264",
"1084952323720282112","Mon Jan 14 23:56:02 +0000 2019","0","@VIVAcoid @prabowo sok pahlawan @prabowo pahlawan kesorean","1084962374019211265","","VIVAcoid","in","","0","0","0","https://x.com/undefined/status/1084962374019211265","100938088",
"1084651623920459777","Mon Jan 14 23:55:59 +0000 2019","0","@Rifan75010336 @dedyotonx @KimmyElizabeth1 @yusuf_dumdum @putrabanten80 @jokowi Dongok....sumpah dr kampret macam elu gue percaya? Sumpah dr junjunganmu sj si bibib jijik gue nggak tanggepin. Tolol permanen!","1084962361176248320","","rifan_aryan","in","","0","0","0","https://x.com/undefined/status/1084962361176248320","86705376",
"1084688538623332352","Mon Jan 14 23:55:57 +0000 2019","0","@yusuf_dumdum @Gerindra @prabowo Gagal maning dum. Masuk kolam lagi sana..","1084962352066228229","","yusuf_dumdum","in","","0","0","0","https://x.com/undefined/status/1084962352066228229","960109234586230784",
"1084840966358355973","Mon Jan 14 23:55:51 +0000 2019","0","@RizmaWidiono Tdk ada sangkut pautnya. Apa Prabowo sdh bertemu dan wawancara arwah mereka yg bunuh diri. Sesuatu yg naif dg pernyataannya. Benar kata mbak @RizmaWidiono tdk layak dijadikan pemimpin.","1084962330641805312","","RizmaWidiono","in","","0","0","0","https://x.com/undefined/status/1084962330641805312","866635661041844224",
"1084651623920459777","Mon Jan 14 23:55:49 +0000 2019","0","@dedyotonx @suarwijana @KimmyElizabeth1 @yusuf_dumdum @putrabanten80 @jokowi Mas itu dri jaman pak sby udah satu harga","1084962318604103681","","dedyotonx","in","","0","0","0","https://x.com/undefined/status/1084962318604103681","1079992722314784768",
"1084962278909173760","Mon Jan 14 23:55:39 +0000 2019","0","Pidato kebangsaan Prabowo sebut lima strategi reorientasi pembangunan https://t.co/PUxYAVar1K","1084962278909173760","","","in","","0","0","0","https://x.com/undefined/status/1084962278909173760","47639779",
"1084962261691621376","Mon Jan 14 23:55:35 +0000 2019","0","@prabowo sok pahlawan @prabowo pahlawan kesorean","1084962261691621376","","prabowo","in","","0","0","0","https://x.com/undefined/status/1084962261691621376","100938088",
"1084814500631638016","Mon Jan 14 23:55:29 +0000 2019","0","@andar_sihombing @blogdokter @detikcom @jokowi @PBIDI @anjarisme Dibayar 1000/pasien BPJS atau 1000/kapitasi peserta BPJS? Pasien itu sudah datang berobat kalau kapitasi peserta itu jumlah peserta BPJS di tempat tsb yg mungkin tidak akan datang berobat sama sekali.","1084962236471246848","","andar_sihombing","in","","0","0","0","https://x.com/undefined/status/1084962236471246848","93393788",
"1084962233979813888","Mon Jan 14 23:55:28 +0000 2019","0","Pidato Kebangsaan Prabowo apa yg bisa kalian petik?","1084962233979813888","","","in","","0","0","0","https://x.com/undefined/status/1084962233979813888","164604281",
"1084795768853000193","Mon Jan 14 23:55:26 +0000 2019","0","@DahlanMahmud @AkunTofa @prabowo @sandiuno Mobil Esemka dobol Freeport mencret adikarya 1km 500M rampok meikarta boncos skandal kebohongan rezim sontoloyo","1084962223292702720","","DahlanMahmud","in","","0","0","0","https://x.com/undefined/status/1084962223292702720","3061180400",
"1084605853892718592","Mon Jan 14 23:55:22 +0000 2019","0","@Ferdinand_Haean @jokowi Nyimak ah ada yg mau bukak bukak an ","1084962205286580226","","Ferdinand_Haean","in","","0","0","0","https://x.com/undefined/status/1084962205286580226","370767933",
"1084641818627649536","Mon Jan 14 23:55:20 +0000 2019","0","@Ory_Andrian @Ferdinand_Haean @prabowo pilihan yang sangat tepat.","1084962199683031040","","Ory_Andrian","in","","0","0","0","https://x.com/undefined/status/1084962199683031040","969194939891372032",
"1084838218938277888","Mon Jan 14 23:55:15 +0000 2019","0","@rommyzury @blogdokter @prabowo @dokterMade tp mobil dokter bagus2 loh kl di rs. sampe tempat parkirnya dibuat husus. gw parkir di situ gak boleh sm kang parkir. tetangga gw dokter igd mobilnya innova lama.","1084962179533594624","","RommyRoosyana","in","","0","0","0","https://x.com/undefined/status/1084962179533594624","2782277203",
"1084651623920459777","Mon Jan 14 23:55:11 +0000 2019","0","@suarwijana @dedyotonx @KimmyElizabeth1 @yusuf_dumdum @putrabanten80 @jokowi Dan satu lagi terdeteksi cebong kaya lu itu adalah orang gila yang di paksa nyoblos jokowi Ok fik ga perlu ngelayanin orang gila","1084962163213520896","","suarwijana","in","","0","0","0","https://x.com/undefined/status/1084962163213520896","1079992722314784768",
"1084795397615177730","Mon Jan 14 23:55:09 +0000 2019","0","@hana_4TAA @RizmaWidiono @jokowi @P3nj3l4j4h @4Y4NKZ @NaneDianti @heniunique @MahesaTiwi @andy_nomicin @Airin_NZ Yess","1084962152316715008","","","en","","0","0","0","https://x.com/undefined/status/1084962152316715008","1083028735895339009",
"1084809940202475520","Mon Jan 14 23:55:07 +0000 2019","0","@eliya_mkom @prabowo @sandiuno Ralat !!!!!!!!. untuk indonesia makin maju... Indonesia sudah menang kok. @eliya_mkom","1084962145224118273","","eliya_mkom","in","","0","0","0","https://x.com/undefined/status/1084962145224118273","896767542508662784",
"1084803232885551104","Mon Jan 14 23:55:05 +0000 2019","0","@detikcom Hahaha makin panas dan panik. Para projo ga bakalan cukup buat cerna isi pidato prabowo ","1084962134801305602","","ibamhariri","in","","0","0","0","https://x.com/undefined/status/1084962134801305602","367294641",
"1084962109467676672","Mon Jan 14 23:54:59 +0000 2019","0","Pengamat Australia Ungkap Perbedaan Media Saat Pidato Kebangsaan Prabowo https://t.co/h126OEF5JF","1084962109467676672","","","in","","0","0","0","https://x.com/undefined/status/1084962109467676672","905914381",
"1084962094343016453","Mon Jan 14 23:54:55 +0000 2019","0","Bangsa besar ini membutuhkan pemimpin yang memiliki visi dan pengabdian (VISIONARY AND SERVANT LEADER) seperti JOKOWI bukan pemimpin pengecut yang tdk mahami dan rela menerima kelemahannya. Negara ini akan rusak berat jika dipimpin oleh orang yg tdk memiliki kemauan berubah.","1084962094343016453","","","in","","0","0","0","https://x.com/undefined/status/1084962094343016453","779716712",
"1084927028770426880","Mon Jan 14 23:54:48 +0000 2019","0","@HisyamGaza_ @prabowo @sandiuno #PidatoKebangsaanPrabowo #PidatoKebangsaanPrabowo #2019PrabowoPresidenRI","1084962063267459072","","seribunya","qme","","0","0","0","https://x.com/undefined/status/1084962063267459072","2213668243",
"1084957722599075840","Mon Jan 14 23:54:47 +0000 2019","0","@TNoerhati tanya saja ke jokowi mau di masukin kemana tu guru honorer .","1084962061463871489","","TNoerhati","in","","0","0","0","https://x.com/undefined/status/1084962061463871489","1032177537244266496",
"1084812174013288449","Mon Jan 14 23:54:45 +0000 2019","0","@Argoen78 @RustanAndi @AsepWitoko @satriohendri @prabowo @jokowi Biasalah mukidi serba settingan","1084962053641498624","","Argoen78","in","","0","0","0","https://x.com/undefined/status/1084962053641498624","968656399956787202",
"1084805887804375040","Mon Jan 14 23:54:45 +0000 2019","0","@faizalassegaf Jokowi lagi","1084962051892469760","","faizalassegaf","in","","0","0","0","https://x.com/undefined/status/1084962051892469760","1082279696014790656",
"1084818292252893184","Mon Jan 14 23:54:44 +0000 2019","0","@Yudhi47906754 @MISAKUBA55pk @Fahrihamzah @prabowo Jangan dijawab @MISAKUBA55pk tweetnya @Yudhi47906754 kasih kisi-kisinya saja.","1084962048725868544","","Yudhi47906754","in","","0","0","0","https://x.com/undefined/status/1084962048725868544","513276510",
"1083908874644611072","Mon Jan 14 23:54:43 +0000 2019","0","@ekagumilars @haikal_hassan Pembodohan bangsa makin turun IQ negeri ini. Jalan punya pak jokowi rumah punya pak jokowi gilirian nyinggung utang megap-megap kalo dibilang utang pak jokowi.","1084962041985622017","","rekatindonesia","in","","0","0","0","https://x.com/undefined/status/1084962041985622017","4230681400",
"1084962036528959488","Mon Jan 14 23:54:41 +0000 2019","0","Calon presiden nomor urut 02 Prabowo Subianto menyebut Indonesia dalam kondisi deindustrialisasi https://t.co/JqrMzxtQhI","1084962036528959488","","","in","","0","0","0","https://x.com/undefined/status/1084962036528959488","135795460",
"1084827660142833665","Mon Jan 14 23:54:41 +0000 2019","0","@Dahnilanzar @prabowo Presiden yg pandai...pandai pidato. Kita dukung utk maju di kejuaraan pidato","1084962035123707904","","Dahnilanzar","in","","0","0","0","https://x.com/undefined/status/1084962035123707904","87947920",
"1084962033055854592","Mon Jan 14 23:54:40 +0000 2019","0","Tambah sakit hati si kampret dan capres @prabowo @sandiuno @SBYudhoyono @MardaniAliSera @ProfAmienRais @fadlizon @Fahrihamzah loe bodoh kl.jd pengekor yg kalah cr dong partainyg pasti jgn yg msh akanhttps://t.co/snJ6DDG3i4","1084962033055854592","","","in","","0","0","0","https://x.com/undefined/status/1084962033055854592","2486128351",
"1084863947033858048","Mon Jan 14 23:54:38 +0000 2019","0","@dulatips Kalo jokowi pidato 1.5 jam 30 menit pidato 1 jam mengheningkan cipta &amp; cawapresnya diangkut ambulance...","1084962021462880257","","farahmagz","in","","0","0","0","https://x.com/undefined/status/1084962021462880257","1012600627984125952",
"1084962011899805696","Mon Jan 14 23:54:35 +0000 2019","0","Jokowi-Ma'ruf siap tes baca Quran Prabowo-Sandi akan musyawarah dulu: https://t.co/9HsC1IvV4O via @metrobali","1084962011899805696","","","in","","0","0","0","https://x.com/undefined/status/1084962011899805696","304383364",
"1084962009286733824","Mon Jan 14 23:54:35 +0000 2019","0","Hebatnya bpk prabowo...dlm debat ditanya istilah /singkatan yg menjebak tp dia tidak membalas...coba dibalas dgn istilah inggris kelar jainudin kasirooo","1084962009286733824","","","in","","0","0","0","https://x.com/undefined/status/1084962009286733824","820978803891576835",
"1084641818627649536","Mon Jan 14 23:54:34 +0000 2019","0","@Ferdinand_Haean @prabowo Paling juga bahan pidatonya selang kardus punah bubar huahahaha blm memimpin sudah KO nafsu besar tenaga tidak ada. ","1084962006325616640","","Ferdinand_Haean","in","","0","0","0","https://x.com/undefined/status/1084962006325616640","969194939891372032",
"1084816903166558208","Mon Jan 14 23:54:25 +0000 2019","0","@djenggozainal @francmohede @prabowo Makan bakso aja ogah Bayar kesed China.","1084961966290923520","","djenggozainal","in","","0","0","0","https://x.com/undefined/status/1084961966290923520","712768089650126848",
"1084941317736525824","Mon Jan 14 23:54:21 +0000 2019","0","@HajrahDouboegis @acoxduko @prabowo @sandiuno Tetap semangat colek dikin yg lagi nyeduh kopi mba @SusandraWardan1 dan yg lagi rebutan kamar mandi mba @BasukiAyu Biar ikutan semangat dihari selasa #IndonesiaMenang #IndonesiaMenang","1084961951128596480","","YongL4dy","in","","0","0","0","https://x.com/undefined/status/1084961951128596480","833303895254323201",
"1084957954770558976","Mon Jan 14 23:54:19 +0000 2019","0","@fadhilathar Ya karena gak dukung Prabowo aja sebenarnya... ","1084961942656114690","","fadhilathar","in","","0","0","0","https://x.com/undefined/status/1084961942656114690","68331085",
"1084961932098981889","Mon Jan 14 23:54:16 +0000 2019","0","Setiap pemimpin lahir pd jamannya.JoMa &amp; PAS putra terbaik. Banyak yg pingin capres tidak bisa.Pasti ada yg terbaik. 17-04=01/02","1084961932098981889","","","in","","0","0","0","https://x.com/undefined/status/1084961932098981889","1012377097",
"1084958008000471040","Mon Jan 14 23:54:16 +0000 2019","0","@PriyoBudiS @prabowo @sandiuno HANYA INGIN PERUBAHAN #RakyatInginkanPerubahan","1084961931943862272","","PriyoBudiS","in","","0","0","0","https://x.com/undefined/status/1084961931943862272","785367355433988096",
"1084961931436294145","Mon Jan 14 23:54:16 +0000 2019","0","Alhamdulillah ! biarlah si @jokowi rehat dulu krn gak terbukti atas janji²nya impor merajalela rakyat hidupnya cengop cengop #2019GantiPresiden #2019PrabowoPresidenRI #2019PrabowoPresidenRI #2019PrabowoPresidenRI @parikesit_88 nyungsep","1084961931436294145","","","in","","0","0","0","https://x.com/undefined/status/1084961931436294145","801711329128001536",
"1084961583090917376","Mon Jan 14 23:54:16 +0000 2019","0","@maspiyuuu Prabowo menang Indonesia kan berjaya dan mengaum layaknya macan ASIA....","1084961928395423744","","mas_piyuuu","in","","0","0","0","https://x.com/undefined/status/1084961928395423744","4197548594",
"1084651623920459777","Mon Jan 14 23:54:14 +0000 2019","0","@Rifan75010336 @dedyotonx @KimmyElizabeth1 @yusuf_dumdum @putrabanten80 @jokowi Mana buktinya ada proses 1 harga BBM dr jamannya SBY? Tunjukin tong....","1084961923580321793","","rifan_aryan","in","","0","0","0","https://x.com/undefined/status/1084961923580321793","86705376",
"1083267692738441216","Mon Jan 14 23:54:08 +0000 2019","0","@Moch_Syuaib @Pidoli_Lombang @LisaAmartaTara @PEPESOfficial @prabowo @sandiuno @Ferdinand_Haean @MbahUyok @fadlizon @Dahnilanzar @swulll Lah iya emang emang bapak kurang baca kemarin ada loh d tweet ramai2 komentar vidieo pak sandi. Lg wuduh trus di komntarin sm pak ustad makanya rajin baca pak biar fress okay","1084961898792022021","","Ibhe_Deel","in","","0","0","0","https://x.com/undefined/status/1084961898792022021","1081435799109853184",
"1084781188953206785","Mon Jan 14 23:54:05 +0000 2019","0","@habiburokhman Capres buta alquran?","1084961883830939649","","habiburokhman","in","","0","0","0","https://x.com/undefined/status/1084961883830939649","1063701019530485761",
"1084961876969086976","Mon Jan 14 23:54:03 +0000 2019","0","Capres dan cawapres mencla mencle 1. #IndonesiaAdilMakmur jadi #IndonesiaMenang 2. Visi misi direvisi karena tidak percaya diri 3. Di pasar bilang harga-harga mahal tapi di petani bilang harga-harga murah 4. Katanya didukung ijtimak ulama tapi natal ikut merayakan juga","1084961876969086976","","","in","","0","0","0","https://x.com/undefined/status/1084961876969086976","3311378250",
"1084961876260184064","Mon Jan 14 23:54:03 +0000 2019","0","Pesan Demokrat Untuk Prabowo-Sandi: Senangkan Hati Rakyat Pengalaman Pak SBY 10 tahun memerintah memenangkan dua kali Pilpres hanya satu (pesannya) senangkan hati rakyat. Kita harus tahu bagaimana nanti yang memilih rakyat #IndonesiaMenang https://t.co/8qMkRcRsC3","1084961876260184064","","","in","","0","0","0","https://x.com/undefined/status/1084961876260184064","1037095287192399872",
"1084958008000471040","Mon Jan 14 23:54:01 +0000 2019","0","@PriyoBudiS @prabowo @sandiuno Pak Prabowo-Sandi sangat cerdas &amp; tegas. itu yg mbuat sya yakin mmilih beliau ber2. #IndonesiaMenang dipimpin #PrabowoSandi","1084961866009341952","","PriyoBudiS","in","","0","0","0","https://x.com/undefined/status/1084961866009341952","239320717",
"1084823109700448256","Mon Jan 14 23:54:00 +0000 2019","0","@marierteman @fadlizon @prabowo @sandiuno Luar biasa semoga Allah meridhoi pasangan ini memimpin negri ini.. #PidatoKebangsaanPrabowo insya Allah #2019PrabowoPresidenRI #IndonesiaAdilMakmur","1084961861718536193","","marierteman","in","","0","0","0","https://x.com/undefined/status/1084961861718536193","254630553",
"1084907376061239296","Mon Jan 14 23:53:59 +0000 2019","0","@iwanfals Capres yg cara bicaranya seenaknya sendiri apa pantas d bilang capres.g masuk kriteria knpa bnyak yg suka ya.hancur negeri ini d pimpin capres yg visi misi Ja asal asalan","1084961859126550528","","iwanfals","in","","0","0","0","https://x.com/undefined/status/1084961859126550528","196957415",
"1084961855401975808","Mon Jan 14 23:53:58 +0000 2019","0","Lg nyindir @jokowi Ya krn kebohongan janji 2014? Skrg gak punya visi misi oh punya visi misinya menuntaskan janji 2014? Namun sayang rakyat sudah muak...","1084961855401975808","","","in","","0","0","0","https://x.com/undefined/status/1084961855401975808","354149094",
"1084813789776596992","Mon Jan 14 23:53:58 +0000 2019","0","@YusufLm2 @Gerindra Kalo bohong ngga mikirin copras capres gimana?","1084961855401938944","","YusufLm2","in","","0","0","0","https://x.com/undefined/status/1084961855401938944","2889939602",
"1084961850876481536","Mon Jan 14 23:53:57 +0000 2019","0","sering2lah pilpres biar petanipun di-PNS-kan sebagaimana janji CaPres-CaWaPres Nurhadi-aldo... #CoPing https://t.co/MeNcSRStT1","1084961850876481536","","","in","","0","0","0","https://x.com/undefined/status/1084961850876481536","110986480",
"1084834813603770368","Mon Jan 14 23:53:54 +0000 2019","0","@IrHMFaqih Prabowo sdh terbiasa di sapa Pak Presiden Berkali gagal nyapres jg sdh terbiasa Berbohong jg sdh terbiasa Jd semua nya sdh terbiasa Yg penting kuat nahan malu itu saja.","1084961839799164929","","IrHMFaqih","in","","0","0","0","https://x.com/undefined/status/1084961839799164929","830452582468374529",
"1084944926482214914","Mon Jan 14 23:53:54 +0000 2019","0","@nurhadi_aldo Pak @nurhadi_aldo kapan kalian ikut debat capres? Kita ingin melihatnya","1084961838637301760","","NKR_Internet","in","","0","0","0","https://x.com/undefined/status/1084961838637301760","818955626026008576",
"1084785087135109120","Mon Jan 14 23:53:53 +0000 2019","0","@rudolf_puspa @aniesbaswedan @dinaslhdki @KehutananDKI @DKIJakarta sama kayak jokowi waktu awal jd presiden rencananya indonesia kalo import beras mentrinya mo dipecat eeehhhh factanya import Tanpa ampun kalo cuma rencana ...untuk apa dibanggakan factanya cuma bisa mencaci .dan ngamuk ala psikopat","1084961834300362752","","rudolf_puspa","in","","0","0","0","https://x.com/undefined/status/1084961834300362752","2793839896",
"1084651623920459777","Mon Jan 14 23:53:52 +0000 2019","0","@suarwijana @dedyotonx @KimmyElizabeth1 @yusuf_dumdum @putrabanten80 @jokowi Tolol otak kalau sya berani berani bersumpah dongo goblog tolol otak buka udah tua bukan tambah malah tambah goblog","1084961829170733057","","suarwijana","in","","0","0","0","https://x.com/undefined/status/1084961829170733057","1079992722314784768",
"1084086624189706241","Mon Jan 14 23:53:50 +0000 2019","0","@Dennysiregar7 @jokowi Kata2nya sangat2 beradab...","1084961823214907392","","","in","","0","0","0","https://x.com/undefined/status/1084961823214907392","2919206851",
"1084961814234963968","Mon Jan 14 23:53:48 +0000 2019","0","(Liputan 6 | AHY Senang Prabowo Singgung Kesuksesan SBY di Pidato Kebangsaan) https://t.co/cldQ7k3Kea #pemilu #pemilu2019","1084961814234963968","","","in","","0","0","0","https://x.com/undefined/status/1084961814234963968","968428811107819521",
"1084960414029377537","Mon Jan 14 23:53:42 +0000 2019","0","@permadiaktivis @prabowo HELLAW ","1084961788234391553","","permadiaktivis","en","","0","0","0","https://x.com/undefined/status/1084961788234391553","81058880",
"1084882227438051330","Mon Jan 14 23:53:42 +0000 2019","0","@bangzul_1988 @KPU_ID @P3nj3l4j4h @JajangRidwan19 @ASapardan @wahhabicc_jabar @ApriliaLin @Airin_NZ @RizmaWidiono @RiuRizkiUtomo @TheArieAir @kangdede78 @Kania_Sari86 @KoRnHurry @Namaku_Mei @NurmaTgr @Ardhan_syahil @Y_Radianto @MahesaTiwi @Nisa_safiyaa @wr200465 @5Y5_one_70 @prabowo @purwo82092883 Ijin Save ya bang ","1084961787198328832","","bangzul_88","in","","0","0","0","https://x.com/undefined/status/1084961787198328832","863892793",
"1084943505389105152","Mon Jan 14 23:53:38 +0000 2019","0","@marierteman @prabowo @sandiuno Kok @SBYudhoyono ga disebut Jendral? ","1084961770161156098","","marierteman","in","","0","0","0","https://x.com/undefined/status/1084961770161156098","341118302",
"1084961765832753152","Mon Jan 14 23:53:37 +0000 2019","0","SETIAP penyelenggaraan pesta demokrasi debat calon presiden dan wakil presiden (capres-cawapres) ialah salah satu momen yang dinanti-nantikan banyak kalangan. Lima kali jadwal debat antarcalon capres-cawapres yang ditetapkan Komisi Pemilihan Umum (KPU) https://t.co/0lvzdhIGPD https://t.co/jRYtcXHIna","1084961765832753152","https://pbs.twimg.com/media/Dw6OiIBX4AIONxr.jpg","","in","","0","0","0","https://x.com/undefined/status/1084961765832753152","778224817",
"1084961760845606912","Mon Jan 14 23:53:36 +0000 2019","0","Wuh baru tau tentara Indonesia sekarang dibilang tidak kuat di pidato kebangsaannya Prabowo. Yaqueen?","1084961760845606912","","","in","","0","0","0","https://x.com/undefined/status/1084961760845606912","2448381691",
"1084961758060589057","Mon Jan 14 23:53:35 +0000 2019","0","Kehadiran para tokoh nasional dan Bapak Susilo Bambang Yudhoyono (SBY)/Presiden RI ke-6/Ketua Umum Partai Demokrat pada Pidato Kebangsaan dan penyampaian Visi&amp;Misi Bapak Prabowo Subiyanto/Capres RI No. 02 melengkapi semangat dan harapan rakyat menuju INDONESIA MENANG. https://t.co/GOtNsAgJQW","1084961758060589057","https://pbs.twimg.com/media/Dw6O8dUU0AAVHNt.jpg","","in","","0","0","0","https://x.com/undefined/status/1084961758060589057","1629328532",
"1084961740838756352","Mon Jan 14 23:53:31 +0000 2019","0","Timses Jokowi Sindir Inkonsistensi Prabowo-Sandiaga yang Ubah Visi Misi https://t.co/FN8SB6vC8c","1084961740838756352","https://pbs.twimg.com/media/Dw6O9AlUwAAZR5u.jpg","","in","","0","0","0","https://x.com/undefined/status/1084961740838756352","3288053485",
"1084494676218994689","Mon Jan 14 23:53:29 +0000 2019","0","@fadlizon @prabowo @sandiuno Sombong utk org sombong sedekah.","1084961734744391680","","fadlizon","in","","0","0","0","https://x.com/undefined/status/1084961734744391680","238576325",
"1084961724254441472","Mon Jan 14 23:53:27 +0000 2019","0","Eek karo ndelok beritane prabowo ki gek entuk data seko endi sih pidatone. Ompoooool ","1084961724254441472","","","in","","0","0","0","https://x.com/undefined/status/1084961724254441472","211474162",
"1084847231365144576","Mon Jan 14 23:53:25 +0000 2019","0","@Fahrihamzah @prabowo @sandiuno Sangat sangat berwibawa @prabowo @sandiuno #PidatoKebangsaanPrabowo #2019PrabowaPresidenRI https://t.co/ordPM9i7Aq","1084961715391934465","https://pbs.twimg.com/media/Dw6O7HGUUAEYQKZ.jpg","Fahrihamzah","in","","0","0","0","https://x.com/undefined/status/1084961715391934465","1082259241329541120",
"1084827660142833665","Mon Jan 14 23:53:19 +0000 2019","0","@Dahnilanzar @prabowo Pilihlah presiden yg beristri...","1084961692562317312","","Dahnilanzar","in","","0","0","0","https://x.com/undefined/status/1084961692562317312","764039337402961922",
"1084952120464297984","Mon Jan 14 23:53:17 +0000 2019","0","@wr200465 Seperti itulah Prabowo yang ada di kolong langit tidak ada yang bisa mengubahnya kecuali dari atas langit...","1084961683968118784","","__LOVE_AG4EVER","in","","0","0","0","https://x.com/undefined/status/1084961683968118784","913674488994131969",
"1084960930474217474","Mon Jan 14 23:53:16 +0000 2019","0","@maspiyuuu PRABOWO MENANG INDONESIA GEMILANG DAN RAKYAT AKAN SENANG","1084961680138747904","","mas_piyuuu","in","","0","0","0","https://x.com/undefined/status/1084961680138747904","2213668243",
"1084961658366119938","Mon Jan 14 23:53:11 +0000 2019","0","baca berita ttg janji prabowo kalo terpilih kek lg baca ff penuh halu","1084961658366119938","","","in","","0","0","0","https://x.com/undefined/status/1084961658366119938","359376920",
"1084729330544955392","Mon Jan 14 23:53:10 +0000 2019","0","@IsekaiHero @iluniui_ @univ_indonesia @jokowi @fadlizon Dia tidak menggunakan otak","1084961654951927808","","","in","","0","0","0","https://x.com/undefined/status/1084961654951927808","811552222802644992",
"1084961630021013505","Mon Jan 14 23:53:04 +0000 2019","0","Bang...@Dahnilanzar sudah dibisikkan kah tentang masyarakat adat ke pak @prabowo ?","1084961630021013505","","","in","","0","0","0","https://x.com/undefined/status/1084961630021013505","807501817",
"1084952444050726912","Mon Jan 14 23:52:58 +0000 2019","0","@RamadhanNA @prabowo Lngsng jdi ketua pian jar beliau","1084961602149830656","","RamadhanNA","in","","0","0","0","https://x.com/undefined/status/1084961602149830656","1077841788113629184",
"1084772857740050433","Mon Jan 14 23:52:55 +0000 2019","0","@marierteman @prabowo Dari pada si Mukijo aq pilih @prabowo","1084961591991259136","","marierteman","in","","0","0","0","https://x.com/undefined/status/1084961591991259136","972257404300636160",
"1084705540255539200","Mon Jan 14 23:52:52 +0000 2019","0","@Valhalla_Asgard @bangagoeng96 @riantibaskoro @Riast10 @KBedug @AlfariRudi @harysantana @Teh_telor78 @HarryRidwan_Ay @Angelyca_Nayoan @212ThePowerOff1 @HotPepperminTea @Dody_Lukas___ @Rusydi_riau @IpungLombok @ices_tea @EDitektif @Anggraini_4yu @kucingeksotic @GPAnsor_Satu @prabowo @tv2nkri @tvOneNews Sm2","1084961579697721344","","Nakama_Uplift","und","","0","0","0","https://x.com/undefined/status/1084961579697721344","991343101670117376",
"1083267692738441216","Mon Jan 14 23:52:50 +0000 2019","0","@sungkar24 @Pidoli_Lombang @LisaAmartaTara @PEPESOfficial @prabowo @sandiuno @Ferdinand_Haean @MbahUyok @fadlizon @Dahnilanzar @swulll Lah situ sendiri kan yg bilang ntar kayak pak sandi wudhu d gayung makanya kita bertanya letak salahnya dimana?? Soalnya blm ada ulama yg mengharamkan hal tsb.","1084961571258826752","","sungkar24","in","","0","0","0","https://x.com/undefined/status/1084961571258826752","2726198763",
"1084805797291294720","Mon Jan 14 23:52:49 +0000 2019","0","@Teh_telor78 @Rusydi_riau @AsFairus @harysantana @putrabanten80 @fariomeda @Maulana_Tigor @UtuhWibowo @RelawanProSandi @abiyyu231299 @helmifelis Jangan2 ada intelejen yg tugasnya ngintip orang ngomong kepeleset lidahnya.... hahahahaha Tapi udh ada jawaban dari pak prabowo.. klo intelin mantan pangkostrad gpp lah.' Makjeb","1084961564816359424","","Nirwana_Donets","in","","0","0","0","https://x.com/undefined/status/1084961564816359424","1000584520502886400",
"1084812174013288449","Mon Jan 14 23:52:48 +0000 2019","0","@satriohendri @prabowo @jokowi sejauh ini better dibanding 01 ngomong akan ya memang lom berkuasa tapi ini adalah harapan kita over Alla berasa Presiden baru betul tinggal pertajam datanya pak @prabowo dan pak @sandiuno insya Allah #2019PrabowoPresidenRI #2019PrabowoPresidenRI","1084961562845016065","","satriohendri","in","","0","0","0","https://x.com/undefined/status/1084961562845016065","1054335164",
"1084960414029377537","Mon Jan 14 23:52:47 +0000 2019","0","@permadiaktivis @prabowo Nusuk sampai ke ulu hati bang ... Sakiiittt ","1084961556071206914","","permadiaktivis","in","","0","0","0","https://x.com/undefined/status/1084961556071206914","984071521399332864",
"1084838623839580161","Mon Jan 14 23:52:46 +0000 2019","0","@sandiuno @fadlizon @prabowo Semoga banyak lapangan kerja ya pak biar kami rakyat jelata tak dihina menjadi TKI di negara orang semoga mimpi kami para rakyat jelata kerja di negara sendiri tercapai di tahun 2019 amin","1084961554833920000","","sandiuno","in","","0","0","0","https://x.com/undefined/status/1084961554833920000","400109092",
"1084811757011386369","Mon Jan 14 23:52:45 +0000 2019","0","@hamaro_id @tempodotco @prabowo Pokonya banyak ","1084961547837857793","","hamaro_id","in","","0","0","0","https://x.com/undefined/status/1084961547837857793","81983231",
"1084687396938047488","Mon Jan 14 23:52:42 +0000 2019","0","@hnurwahid @Gerindra @PKSejahtera @prabowo Maling tetiak maling kubu mereka yg suka menggoreng isu fitnah hoax. Darimana datang nya lintah dari mata turun ke hati darimana datang nya fitnah dari capres yg kalah berkali ","1084961534294384641","","hnurwahid","in","","0","0","0","https://x.com/undefined/status/1084961534294384641","790409105949073408",
"1084961532348231685","Mon Jan 14 23:52:41 +0000 2019","0","Jokowi Sibuk Baca Sinchan @prabowo Bervisi Indonesia Menang https://t.co/XdQzusyIQK","1084961532348231685","","","in","","0","0","0","https://x.com/undefined/status/1084961532348231685","1082992095361609728",
"1084959770484793344","Mon Jan 14 23:52:31 +0000 2019","0","@CNNIndonesia Serah lu bong iri ya capres lu ga bisa pidato kaya gini..pake text melulu si","1084961491508289536","","CNNIndonesia","in","","0","0","0","https://x.com/undefined/status/1084961491508289536","1052034256438943744",
"1084958205808062464","Mon Jan 14 23:52:27 +0000 2019","0","@DawisaNingrat @jokowi iyaa apalgi seperti yang sudah kita tau. kalo kubu sebelah memang suka nyinyir dan sebarkan HOAX ngga usah heran lagi sih","1084961472793305088","","dwsp_ID","in","","0","0","0","https://x.com/undefined/status/1084961472793305088","1078883255368077313",
"1084843795034845184","Mon Jan 14 23:52:24 +0000 2019","0","@joxzin_jogja @prabowo Liat aja kelakuannya semakin ngaji semakin beringas. Sengaja di pelihara sebagai alat...Naudzubillah!!! https://t.co/IQjJSmwE1c","1084961461036711936","https://pbs.twimg.com/ext_tw_video_thumb/1084961182614614016/pu/img/LsulGA1pjkT9zcq_.jpg","joxzin_jogja","in","","0","0","0","https://x.com/undefined/status/1084961461036711936","776620209532645376",
"1084961451544965120","Mon Jan 14 23:52:22 +0000 2019","0","JK Minta Alumni Jangan Bawa Nama Kampus untuk Dukung Capres https://t.co/ARac6xmTAv","1084961451544965120","","","in","","0","0","0","https://x.com/undefined/status/1084961451544965120","310209084",
"1084961451167539200","Mon Jan 14 23:52:22 +0000 2019","0","Prabowo: Banyak Dokter Gajinya Lebih Kecil dari Tukang Parkir https://t.co/vGkAIHcbto","1084961451167539200","","","in","","0","0","0","https://x.com/undefined/status/1084961451167539200","137245702",
"1084837683170406400","Mon Jan 14 23:52:19 +0000 2019","0","@kompascom capres itjima ulama kok percaya ramalan hmmmmmm","1084961439964524545","","kompascom","in","","0","0","0","https://x.com/undefined/status/1084961439964524545","763533950",
"1084961437703856128","Mon Jan 14 23:52:19 +0000 2019","0","KPU Lampung Buka Pendaftaran Relasi Pemilu 2019 https://t.co/6kK2OQ4frz https://t.co/uamzrFDCjo https://t.co/dUsFAxyejd","1084961437703856128","https://pbs.twimg.com/ext_tw_video_thumb/1084961070492540929/pu/img/UmRmjUKtnJY476yU.jpg","","in","","0","0","0","https://x.com/undefined/status/1084961437703856128","1043241959815442432",
"1084838953901944832","Mon Jan 14 23:52:13 +0000 2019","0","@sandiuno Aamiin. Insya Alloh dengan pimpinan Presiden @jokowi Indonesia akan menjadi salah satu kekuatan ekonomi dunia. #01JokowiAmin #01JokowiLagi #01IndonesiaMaju #2019JokowiPresidenRI","1084961412617629696","","sandiuno","in","","0","0","0","https://x.com/undefined/status/1084961412617629696","107650114",
"1084961411258757120","Mon Jan 14 23:52:12 +0000 2019","0","Bang @saididu @eae18 @Fahrihamzah @rockygerung Pak @jokowi janji lagi ne..","1084961411258757120","","","in","","0","0","0","https://x.com/undefined/status/1084961411258757120","1630034514",
"1083730854298284032","Mon Jan 14 23:52:11 +0000 2019","0","@ruhutsitompul @TanYoana Waduh si ruhut bajingan kao dasar penjilat manusia munafik jilat sana jilat sini jilatin tu bool jokowi","1084961405999009792","","ruhutsitompul","in","","0","0","0","https://x.com/undefined/status/1084961405999009792","1044212309986406400",
"1084961398587904000","Mon Jan 14 23:52:09 +0000 2019","0","Pidato Prabowo: Kita Harus Bikin Mobil Tapi Jangan Mobil Eto-eto https://t.co/u7ng60JhpV","1084961398587904000","","","in","","0","0","0","https://x.com/undefined/status/1084961398587904000","1442695026",
"1084841550457098240","Mon Jan 14 23:52:02 +0000 2019","0","@isari68 @SBYudhoyono @prabowo @sandiuno @hincapandjaitan @didi_irawadi @AndiArief__ @panca66 @RachlanNashidik @renandabachtar @monethamrin Saya juga.","1084961370381012992","","isari68","in","","0","0","0","https://x.com/undefined/status/1084961370381012992","289362372",
"1084882227438051330","Mon Jan 14 23:52:01 +0000 2019","0","@PantunJ2P @KoRnHurry @msyafii02905921 @bangzul_1988 @RizmaWidiono @KPU_ID @P3nj3l4j4h @JajangRidwan19 @ASapardan @wahhabicc_jabar @ApriliaLin @Airin_NZ @RiuRizkiUtomo @TheArieAir @kangdede78 @Kania_Sari86 @Namaku_Mei @NurmaTgr @Ardhan_syahil @Y_Radianto @MahesaTiwi @Nisa_safiyaa @wr200465 @5Y5_one_70 @prabowo @purwo82092883 Wow ketangkap tangan nih ","1084961362311172096","","DR_0xjhon","in","","0","0","0","https://x.com/undefined/status/1084961362311172096","1056109746976055296",
"1084817095018201089","Mon Jan 14 23:51:53 +0000 2019","0","@jokowi Membangun Indonesia dari pesisir. #MenujuIndonesiaMaju","1084961330379935745","","jokowi","in","","0","0","0","https://x.com/undefined/status/1084961330379935745","2829498952",
"1084848554454073344","Mon Jan 14 23:51:53 +0000 2019","0","@wongkdljateng @prabowo Klu cebong dungu yg ngefek makhluk yg didepan masa bayaran main HP selfi baca catatan yg isinya sampah ! Hohoho #2019PrabowoPresidenRI","1084961328882577408","","wongkdljateng","in","","0","0","0","https://x.com/undefined/status/1084961328882577408","1003959954561105920",
"1084817095018201089","Mon Jan 14 23:51:50 +0000 2019","0","@jokowi Klo pun naik setara pns golongan II a apakah tetep pakai Alokasi dana desa? Otomatis brubah pak add yg skrg di setiap desa Logikanya di tahun 2020 baru bisa di terapkan dong pak.","1084961316656173057","","jokowi","in","","0","0","0","https://x.com/undefined/status/1084961316656173057","110602396",
"1084960930474217474","Mon Jan 14 23:51:49 +0000 2019","0","@maspiyuuu Tai kucing prabowo gk punya titit haha https://t.co/KPdPqgRh6v","1084961315406282752","https://pbs.twimg.com/media/Dw6OkKrUUAA9_DJ.jpg","mas_piyuuu","in","","0","0","0","https://x.com/undefined/status/1084961315406282752","893321232946405376",
"1084961310050140161","Mon Jan 14 23:51:48 +0000 2019","0","Kalo dinalar jika sudah tersebar berita kecurangan pemilu pihak bawaslu &amp; KPu harusnya sdh bergerak ngecek kebenarannya. Tapi semua sdh bisu senyap jadi sampah","1084961310050140161","","","in","","0","0","0","https://x.com/undefined/status/1084961310050140161","94081426",
"1084959129918091264","Mon Jan 14 23:51:47 +0000 2019","0","@AndiArief__ @Astuty64 Mgkn krn sm2 mantan TNI Prabowo n Sby bukan type pendendam terlihat spt prabowo dtg di acr pemberian medali emas asean game.. In syaa Allah #2019PrabowoPresidenRI","1084961307344818176","","Andiarief__","in","","0","0","0","https://x.com/undefined/status/1084961307344818176","966983738469924865",
"1084817095018201089","Mon Jan 14 23:51:46 +0000 2019","0","@jokowi 2019tetepjokowi","1084961302622068736","","jokowi","in","","0","0","0","https://x.com/undefined/status/1084961302622068736","959599426900668416",
"1084961300671688705","Mon Jan 14 23:51:46 +0000 2019","0","Posko2 pemenangan yg sengaja didirikan dekat dgn rumah pak @jokowi atau yg lainnya hanya utk pengalihan konsentrasi saja. Agar media dan lawan fokus kesana kandang yg lain mereka obrak abrik @erickthohir","1084961300671688705","","","in","","0","0","0","https://x.com/undefined/status/1084961300671688705","230059397",
"1084651623920459777","Mon Jan 14 23:51:42 +0000 2019","0","@Rifan75010336 @dedyotonx @KimmyElizabeth1 @yusuf_dumdum @putrabanten80 @jokowi Kenyataannya cerita kamu itu ngibul... Kl cuma cerita ngayal anak TK juga bisa. Belajar dulu bikin ss yg https://t.co/sae1ch5QhD mesti percaya cerita idiot yg lahir dr otak kampret kayak km? Ngimpiiiiii!!!! ","1084961286490710017","","rifan_aryan","in","","0","0","0","https://x.com/undefined/status/1084961286490710017","86705376",
"1084959829989351424","Mon Jan 14 23:51:37 +0000 2019","0","@aagunawan @luviku Jokowi?","1084961264600723456","","","in","","0","0","0","https://x.com/undefined/status/1084961264600723456","141219270",
"1084961264164425728","Mon Jan 14 23:51:37 +0000 2019","0","Sensasasi pidato Prabowo memberi harapan menuju Indonesia yang adil makmur sejahtera lahir batin utk Bangsa Indonesia. Believing is Seeing bukan Seeing is Believing.","1084961264164425728","","","in","","0","0","0","https://x.com/undefined/status/1084961264164425728","2552153869",
"1084959675391459328","Mon Jan 14 23:51:37 +0000 2019","0","@Rusydi_riau @prabowo #IndonesiaMenang","1084961263904382976","","Rusydi_riau40","qme","","0","0","0","https://x.com/undefined/status/1084961263904382976","195191106",
"1084960414029377537","Mon Jan 14 23:51:37 +0000 2019","0","@permadiaktivis @prabowo bang lain kalo ada pilpres diem2 aja jngn ngajak dia..ribet","1084961261681401856","","permadiaktivis","in","","0","0","0","https://x.com/undefined/status/1084961261681401856","1054334116202594304",
"1084961248209293312","Mon Jan 14 23:51:33 +0000 2019","0","Kenali Lima Warna Kertas Suara dalam Pemilu 2019 VIA @kemkominfo #SLAGIHOT","1084961248209293312","","","in","","0","0","0","https://x.com/undefined/status/1084961248209293312","225331480",
"1084820877668016128","Mon Jan 14 23:51:33 +0000 2019","0","@CakKhum Kwkwkwkkwkwkw asli mantap pak Prabowo.....saya pastikan di TPS saya bapak menang telak karena kita basisnya Gerindra","1084961245218844673","","suaragagap","in","","0","0","0","https://x.com/undefined/status/1084961245218844673","1032553114824404993",
"1084961228181499905","Mon Jan 14 23:51:29 +0000 2019","0","Prabowo Sebut Cadangan Bahan Bakar RI Hanya Bertahan 20 Hari https://t.co/0ppcY7K2Ki Dear Sule dan Andre maaf kalian sudah tidak lucu lagi... sudah ada yang lebih lucu dari kalian.. maaf yah..","1084961228181499905","","","in","","0","0","0","https://x.com/undefined/status/1084961228181499905","307226128",
"1084929484959100928","Mon Jan 14 23:51:27 +0000 2019","0","@yusuf_dumdum @prabowo @SBYudhoyono Hemmm","1084961219860094981","","yusuf_dumdum","und","","0","0","0","https://x.com/undefined/status/1084961219860094981","1083028735895339009",
"1084805080371482625","Mon Jan 14 23:51:25 +0000 2019","0","@Airin_NZ Hhhaha semangatnya sih ok. Tp dia lupa dgn kodratnya. Seolah pemerintah tanpa dia yg mimpin 2 minggu 3 minggu bakal bangkrut. Yg bikin indonesia g maju dr dulu ya yg di atas g jujur. Skrg jokowi buat pondasi kuat dan jujur yg lain malah mersa ajur. Pilih jokowi aja lah","1084961213912498176","","Airin_NZ","in","","0","0","0","https://x.com/undefined/status/1084961213912498176","1047498443877281793",
"1084961197907005440","Mon Jan 14 23:51:21 +0000 2019","0","Setelah itu buat debat lg di UGM biar lebih seru. Kan ada capres alumni UGM ","1084961197907005440","","","in","","0","0","0","https://x.com/undefined/status/1084961197907005440","3306633343",
"1084959848972906497","Mon Jan 14 23:51:18 +0000 2019","0","@FikriZildjian @prabowo @sandiuno Paan sih maksudnya bro?","1084961184728535040","","","in","","0","0","0","https://x.com/undefined/status/1084961184728535040","232170538",
"1084960414029377537","Mon Jan 14 23:51:16 +0000 2019","0","@permadiaktivis @prabowo #telepromter. Hebat Prabowo Pidato tanpa teks tapi pakai Teleprompter. Bikin para Kamfret bersorak hooree.... https://t.co/PfLk7NnoZW","1084961176914583552","https://pbs.twimg.com/media/Dw6Obd9VYAExpKT.jpg","permadiaktivis","in","","0","0","0","https://x.com/undefined/status/1084961176914583552","220684893",
"1084817295929630720","Mon Jan 14 23:51:15 +0000 2019","0","@RiyoWidianto1 @KSPgoid @TMCPoldaMetro @jokowi Itu bukan janji tapi sudah di lakukan bro.","1084961171063459841","","PineksoRoyi1","in","","0","0","0","https://x.com/undefined/status/1084961171063459841","1073289695466045441",
"1084960414029377537","Mon Jan 14 23:51:11 +0000 2019","0","@permadiaktivis @prabowo Sangar tenan lur","1084961155745861633","","permadiaktivis","in","","0","0","0","https://x.com/undefined/status/1084961155745861633","858915255572865024",
"1084807603740266497","Mon Jan 14 23:51:11 +0000 2019","0","@antaranews Capres Habis test baca Quran lansung Test DNA dan cawapres habis Test baca Al-Quran lanjut Test Lari sprint gmn???","1084961154630176770","","antaranews","in","","0","0","0","https://x.com/undefined/status/1084961154630176770","1024944504543956992",
"1084830930231910401","Mon Jan 14 23:51:07 +0000 2019","0","@Dennysiregar7 @jokowi Prestasi ngibul junjungan ko itu bong ? Ada lg lah prestasi nya ?","1084961138360479744","","","in","","0","0","0","https://x.com/undefined/status/1084961138360479744","1053290268504481797",
"1084930227497660416","Mon Jan 14 23:51:02 +0000 2019","0","@azispuyank3116 @satpolpp_jateng @ganjarpranowo @TajYasinMZ @SatpolppW @pkl_satpolpp @satpolsukoharjo @SatpolMgl @puspindes @satpolpp_pati @satpolpprbg @satpolpp_PML @anakdesaid @LinmasKotaSolo @SatlinmasM @AangMasykur @GisellaCik @FansGanjar @jokowi @dad_somantri Ciyaapp..","1084961116797657088","","azispuyank3116","in","","0","0","0","https://x.com/undefined/status/1084961116797657088","867695408",
"1084827660142833665","Mon Jan 14 23:50:59 +0000 2019","0","@Dahnilanzar @prabowo Pidato capres rasa tukang obat.semangatnya boleh lah","1084961103224889344","","Dahnilanzar","in","","0","0","0","https://x.com/undefined/status/1084961103224889344","324963420",
"1084802264911425543","Mon Jan 14 23:50:56 +0000 2019","0","@mahendradatta Pilih capres itu yang pidatonya tanpa teks berapi2 jelas dan berisi tanda menguasai dan menjiwai. Bukan capres yg cuman bisa bikin aksi selfie tanda gak bisa orasi dan cacat reputasi. Jelas tegas #PrabowoSandi jauh lebih baik. Pilih #2019PrabowoPresidenRI","1084961091996667904","","mahendradatta","in","","0","0","0","https://x.com/undefined/status/1084961091996667904","971046093331943424",
"1084952323720282112","Mon Jan 14 23:50:56 +0000 2019","0","@wkwkwkwk1917 @VIVAcoid Hi...hi...hi...i.bingung ya mas @prabowo mau ngomong apa sampai yg gak masuk akal keluar dari mulut sadar gak mas?tapi lumayan menghibur pendukungnya apapapun tetap amin! pendukung tolol ini ya mas rame..lucu..! Mikir dikit aja coba mas tuh cebong tertwa sampai ngakak.","1084961091208105984","","wkwkwkwk1917","in","","0","0","0","https://x.com/undefined/status/1084961091208105984","746770586060259328",
"1084891025087164416","Mon Jan 14 23:50:55 +0000 2019","0","Intinya pidato Prabowo hampir dipenuhi dengan kebohongan sehingga tak bisa menjadi penilaian bagi pelaku ekonomi investor dan rakyat","1084961086036537344","","TheArieAir","in","","0","0","0","https://x.com/undefined/status/1084961086036537344","164604281",
"1084930227497660416","Mon Jan 14 23:50:49 +0000 2019","0","@FansGanjar @satpolpp_jateng @ganjarpranowo @TajYasinMZ @SatpolppW @pkl_satpolpp @satpolsukoharjo @SatpolMgl @puspindes @satpolpp_pati @satpolpprbg @satpolpp_PML @anakdesaid @LinmasKotaSolo @SatlinmasM @AangMasykur @GisellaCik @jokowi @dad_somantri Turu","1084961061852217344","","TanDinyono","lv","","0","0","0","https://x.com/undefined/status/1084961061852217344","867695408",
"1084705540255539200","Mon Jan 14 23:50:43 +0000 2019","0","@AlfariRudi @PutraErlangga__ @Rusydi_riau @bangagoeng96 @Riast10 @KBedug @harysantana @Teh_telor78 @HarryRidwan_Ay @Angelyca_Nayoan @212ThePowerOff1 @HotPepperminTea @Dody_Lukas___ @IpungLombok @ices_tea @EDitektif @Anggraini_4yu @Valhalla_Asgard @kucingeksotic @GPAnsor_Satu @prabowo @tv2nkri @tvOneNews @sandiuno #IndonesiaMenang #IndonesiaMenang #IndonesiaMenang #IndonesiaMenang #IndonesiaMenang #IndonesiaMenang #IndonesiaMenang #IndonesiaMenang #IndonesiaMenang","1084961038519263233","","AlfariRudi","qme","","0","0","0","https://x.com/undefined/status/1084961038519263233","1035946986896154624",
"1084858685338218496","Mon Jan 14 23:50:43 +0000 2019","0","@gatot_ayah @yunartowijaya Kayak huruf J apa maksudnya Jokowi ya ??","1084961037722386433","","gatot_ayah","in","","0","0","0","https://x.com/undefined/status/1084961037722386433","937828966479511552",
"1084415071973924864","Mon Jan 14 23:50:43 +0000 2019","0","@TitiekSoeharto Banyak perubahan positif terjadi sejak pak Jokowi jadi presiden karena itu biarlah pak jokowi naik lagi menjabat di periode ke 2 agar semakin banyak perubahan positif dan kebijakan2 yg berpihak pada rakyat","1084961037260996609","","TitiekSoeharto","in","","0","0","0","https://x.com/undefined/status/1084961037260996609","67223292",
"1084694960220168192","Mon Jan 14 23:50:42 +0000 2019","0","@Dahnilanzar Kalo mau kritik pak @prabowo ngomong langsung aja mas. Jangan nyindir2 lewat Twitter gini.","1084961032454385664","","Dahnilanzar","in","","0","0","0","https://x.com/undefined/status/1084961032454385664","1053496244247490560",
"1084846385218777088","Mon Jan 14 23:50:41 +0000 2019","0","@MancingJon @Fahrihamzah @prabowo mengakui pihak lawan?? kalo gue bilang jkw bohong tentang janjinya tidak akan utang loe akui gue bener? itu baru contoh ","1084961029589618688","","MancingJon","in","","0","0","0","https://x.com/undefined/status/1084961029589618688","971916911159099392",
"1084710536179200000","Mon Jan 14 23:50:41 +0000 2019","0","@faisalrach10 @sandiuno @jokowi @satu_anakbangsa @ilyashusein4 @mariaputri89 @kang_dio94 @kangdede78 @SulaimanHaikal @just_fau @mylastof coba sebut prestasinya dunk saat jadi WAGUB 9 bulan!","1084961027756744704","","faisalrach12","in","","0","0","0","https://x.com/undefined/status/1084961027756744704","1062237141558685696",
"1084838205302628352","Mon Jan 14 23:50:38 +0000 2019","0","@CakKhum mantab sekali @prabowo @sandiuno semoga amanah rakyat #2019PrabowoPresidenRI #2019PrabowoPresidenRI #2019PrabowoPresidenRI bekerja ikhlas dan amanah !!!","1084961015060586497","","suaragagap","in","","0","0","0","https://x.com/undefined/status/1084961015060586497","801711329128001536",
"1084828909697265664","Mon Jan 14 23:50:37 +0000 2019","0","@Cocemerlang @swulll @PEPESOfficial @prabowo @sandiuno Cebong panik antenanya nyungsep.","1084961013709959169","","cocemerlang","in","","0","0","0","https://x.com/undefined/status/1084961013709959169","1040054626395938816",
"1084687396938047488","Mon Jan 14 23:50:36 +0000 2019","0","@hnurwahid @Gerindra @PKSejahtera @prabowo https://t.co/BYNa8fY9ce","1084961009742168065","https://pbs.twimg.com/media/Dw6OSSsUUAAQywA.jpg","hnurwahid","qme","","0","0","0","https://x.com/undefined/status/1084961009742168065","790409105949073408",
"1084820009690456066","Mon Jan 14 23:50:36 +0000 2019","0","@killthedj Min @Gerindra @prabowo @sandiuno @Dahnilanzar Tolong ditertibkan supporter nya dong... Kemarin sudah nyolong foto pak @Nurmantyo_Gatot eh kok sekarang nyolong lagu orang tanpa ijin lagi... Yang kreatif dong","1084961006189633538","","killthedj","in","","0","0","0","https://x.com/undefined/status/1084961006189633538","565592724",
"1084950677254594560","Mon Jan 14 23:50:35 +0000 2019","0","@dhechie_ndud @prabowo @sandiuno #IndonesiaMenang #IndonesiaMenang #IndonesiaMenang #IndonesiaMenang #IndonesiaMenang #IndonesiaMenang #IndonesiaMenang #IndonesiaMenang #IndonesiaMenang","1084961005522771970","","_tehdesi_","qme","","0","0","0","https://x.com/undefined/status/1084961005522771970","1035946986896154624",
"1084960414029377537","Mon Jan 14 23:50:35 +0000 2019","0","@permadiaktivis @prabowo Ibarat kucing berkelahi yang suaranya paling kenceng dan cempreng dialah yang kalah.. bisanya cuma merengek rengek cari perhatian. Ihh... Manja jijay ... Guyur air noooh.... Kucing kurap .....","1084961004163817473","","permadiaktivis","in","","0","0","0","https://x.com/undefined/status/1084961004163817473","349094592",
"1084955093751885824","Mon Jan 14 23:50:34 +0000 2019","0","@EatSoto @P3nj3l4j4h Gak usah pemerintah yg bantah u/ klaim bodoh capres psikopat cukup sy yg bantah klo cadangan BBM cuma 20 hari dn cadangan beras hny 3 minggu maka manusia tak berguna mcm kamu dh buat kerusuhan krn kelaparan!!!","1084961000443367424","","","in","","0","0","0","https://x.com/undefined/status/1084961000443367424","700713378801545217",
"1084957670971387906","Mon Jan 14 23:50:30 +0000 2019","0","@nisrinasahlis @jvdas_iskariot Alhamdulillah saya gak terlibat menjadi penyebab kecelakaan itu 2014 Prabowo dan #2019PrabowoPresidenRI . ","1084960983796174848","","nisrinasahlis","in","","0","0","0","https://x.com/undefined/status/1084960983796174848","877920130004418560",
"1084838623839580161","Mon Jan 14 23:50:29 +0000 2019","0","@RakyatCilik3 @sandiuno @prabowo Bot bot diRAS sekalian biar mati","1084960978515648512","","","in","","0","0","0","https://x.com/undefined/status/1084960978515648512","936634254141693953",
"1084741130074406912","Mon Jan 14 23:50:26 +0000 2019","0","@CakKhum Resim sekarang sudah jelas kinerja nya beda dengan resim sebelum presiden @jokowi apalagi resim orba yg sangat menakut kan jangan sampai terlahir orba milenial","1084960967291691008","","suaragagap","in","","0","0","0","https://x.com/undefined/status/1084960967291691008","954388642792816640",
"1084960961331486720","Mon Jan 14 23:50:25 +0000 2019","0","jokowi berjanji tidak ditepati jokowi berjanji rakyat dibohongi jokowi berjanji harga2 tinggi jokowi berjanji hanya berselfie jokowi berjanji rakyat sakit hati jokowi berjanji negara merugi JOKOWI WAJIB DIGANTI sebelum @gm_gm mati","1084960961331486720","","","in","","0","0","0","https://x.com/undefined/status/1084960961331486720","1016516709606293506",
"1084818292252893184","Mon Jan 14 23:50:24 +0000 2019","0","@MISAKUBA55pk @Fahrihamzah @prabowo makin keruh air kolamnya makin nyaring cebong bersuara. #SekolamSepedunguan","1084960958169067521","","MISAKUBA55pk","in","","0","0","0","https://x.com/undefined/status/1084960958169067521","1012600627984125952",
"1084096644142911488","Mon Jan 14 23:50:22 +0000 2019","0","@AnnaSuezann @fadlizon InsyaAllah doa saya n teman2 semuanya terkabul prabowo pasti kalah lg?","1084960950992564224","","AnnaSuezann","in","","0","0","0","https://x.com/undefined/status/1084960950992564224","1063701019530485761",
"1084686460886740993","Mon Jan 14 23:50:20 +0000 2019","0","@Aldiasman @permadiaktivis @jokowi @Ferdinand_Haean Oalah Pleridan saat belum kemasukan arwahnya emak Neno....","1084960941416955904","","","in","","0","0","0","https://x.com/undefined/status/1084960941416955904","4758263658",
"1084957823799197696","Mon Jan 14 23:50:16 +0000 2019","0","@Herry_Mety @jokowi @Chilli_Pari @BIN_Official Mnurut Teori (kosong) mreka kalo mo kuasai negara harus Kpalanya dulu via Solo baru badan dan buntutnya! Hiikkzz! Lucu abizz dehh! Yg akn mrka dapat mahh pepesann kosoong tuhh! *Harusnya ambil hati rakyat dulu! Pantang ngewadul bin boong sama rakyat!","1084960921859039232","","Maun_Bot","in","","0","0","0","https://x.com/undefined/status/1084960921859039232","978675773786570752",
"1084960878368382977","Mon Jan 14 23:50:05 +0000 2019","0","Ayo sukseskan Pemilu 2019 gunakan suaramu jangan sia-siakan 1 suara untuk Indonesia. https://t.co/TCGnJWewvR","1084960878368382977","https://pbs.twimg.com/media/Dw6OKzOXgAItdjN.jpg","","in","","0","0","0","https://x.com/undefined/status/1084960878368382977","216934761",
"1084835438869700608","Mon Jan 14 23:50:03 +0000 2019","0","@putrabanten80 Pilih capres itu yang pidatonya tanpa teks berapi2 jelas dan berisi tanda menguasai dan menjiwai. Bukan capres yg cuman bisa bikin aksi selfie tanda gak bisa orasi dan cacat reputasi. Jelas tegas #PrabowoSandi jauh lebih baik. Pilih #2019PrabowoPresidenRI","1084960869908238336","","Oku__records","in","","0","0","0","https://x.com/undefined/status/1084960869908238336","971046093331943424",
"1083267692738441216","Mon Jan 14 23:50:00 +0000 2019","0","@Pidoli_Lombang @MaskuMasku1 @LisaAmartaTara @PEPESOfficial @prabowo @sandiuno @Ferdinand_Haean @MbahUyok @fadlizon @Dahnilanzar @swulll Aq jg mau ikut boleh yah hahahaha","1084960858814312454","","Pidoli_Lombang","in","","0","0","0","https://x.com/undefined/status/1084960858814312454","1081435799109853184",
"1084838623839580161","Mon Jan 14 23:50:00 +0000 2019","0","@RakyatCilik3 @sandiuno @prabowo Bot bot ","1084960855756746752","","","en","","0","0","0","https://x.com/undefined/status/1084960855756746752","936634254141693953",
"1084654354622083073","Mon Jan 14 23:49:45 +0000 2019","0","@sandiuno @Dahnilanzar @prabowo Berdiri mendampingi presiden selama menyampaikan #PidatoKebangsaanPrabowo Luar biasa..capres sebelah sanggup nggak..? Insya Allah #2019PrabowoPresidenRI #IndonesiaMenang #IndonesiaAdilMakmur","1084960794305941504","","sandiuno","in","","0","0","0","https://x.com/undefined/status/1084960794305941504","254630553",
"1084840966358355973","Mon Jan 14 23:49:42 +0000 2019","0","@RizmaWidiono Prabowo ini kurang kreatif tuk cari simpati rakyat harus tanya sm pak jokowi....dikit bocoran contohnya kerja nyata dgn hasil gemilang...jgn hanya jg cuap cuap lama lama nguap .","1084960780242411520","","RizmaWidiono","in","","0","0","0","https://x.com/undefined/status/1084960780242411520","929686783402508288",
"1083267692738441216","Mon Jan 14 23:49:40 +0000 2019","0","@Moch_Syuaib @Pidoli_Lombang @LisaAmartaTara @PEPESOfficial @prabowo @sandiuno @Ferdinand_Haean @MbahUyok @fadlizon @Dahnilanzar @swulll Jgn minta kejelasan dr sy tp bicara lah pd pak ustat yg mengatakan kalo itu salah oke selamat pagi kak Tuhan mnjagamu ","1084960773917437952","","Ibhe_Deel","in","","0","0","0","https://x.com/undefined/status/1084960773917437952","1081435799109853184",
"1084700249413709824","Mon Jan 14 23:49:29 +0000 2019","0","@EkoSandjojo Pembangunan Desa selama 4 tahun bersama Pak Jokowi menjadikan Desa semakin berkembang dan maju","1084960728300216320","","EkoSandjojo","in","","0","0","0","https://x.com/undefined/status/1084960728300216320","953679620062117888",
"1084960727784402944","Mon Jan 14 23:49:29 +0000 2019","0","Pidato Prabowo: Kita Harus Bikin Mobil Tapi Jangan Mobil Eto-eto https://t.co/QY3TE5isuC","1084960727784402944","","","in","","0","0","0","https://x.com/undefined/status/1084960727784402944","962348570",
"1084960714458988544","Mon Jan 14 23:49:26 +0000 2019","0","60 Ulama Kota Tangerang Beri Dukungan ke Jokowi-Ma ruf Amin https://t.co/EiSyrvUoJC","1084960714458988544","","","in","","0","0","0","https://x.com/undefined/status/1084960714458988544","765830366",
"1084960706049454081","Mon Jan 14 23:49:24 +0000 2019","0","60 Ulama Kota Tangerang Beri Dukungan ke Jokowi-Ma'ruf Amin | Palapa News https://t.co/EiSyrvUoJC","1084960706049454081","","","in","","0","0","0","https://x.com/undefined/status/1084960706049454081","765830366",
"1084960705621647360","Mon Jan 14 23:49:24 +0000 2019","0","Apa lagi yg ingin kalian Pilih dan Buktikan Utk Indonesia Kalo Bukan Jokowi . Jokowi sudah Jelas kerjanya .. Sudah Jelas Programnya .. #MasihTetapInginDiPHP #2019TetapJokMA #2019Tetap01 #JabarmahHiji https://t.co/4P2KGRF2uI","1084960705621647360","https://pbs.twimg.com/media/Dw6N9bPUUAATtid.jpg","","in","","0","0","0","https://x.com/undefined/status/1084960705621647360","1081783148730408960",
"1084844687100235777","Mon Jan 14 23:49:17 +0000 2019","0","@Fahrihamzah @prabowo @sandiuno Gak melihat kearah sana cuma lihat rekam jejak saja its so simple","1084960674864758790","","Fahrihamzah","in","","0","0","0","https://x.com/undefined/status/1084960674864758790","130517316",
"1084820877668016128","Mon Jan 14 23:49:07 +0000 2019","0","@CakKhum Rindu dan pingin sekali punya presiden seperti pak prabowo ini smg cita beliau jadi kenyataan amiiin","1084960636403048449","","suaragagap","in","","0","0","0","https://x.com/undefined/status/1084960636403048449","1037962890085466112",
"1084852201091203072","Mon Jan 14 23:49:07 +0000 2019","0","@detikcom Jangan lama2 ya pidatonya bang @prabowo ! Mending ada isinya? Kira2 begitulah kata sobat ente songibul ","1084960633659961344","","detikcom","in","","0","0","0","https://x.com/undefined/status/1084960633659961344","172158648",
"1084818292252893184","Mon Jan 14 23:49:03 +0000 2019","0","@Fahrihamzah @prabowo Capres abadi","1084960616257712128","","Fahrihamzah","es","","0","0","0","https://x.com/undefined/status/1084960616257712128","1077219451181752321",
"1084728895876689920","Mon Jan 14 23:49:00 +0000 2019","0","@PollingLagi @JanuariAlex Siapa yg bisa menjamin penderita tahu yg akan dipilih dan faham pilihannya? Siapa yg bertanggung jawab kalo penderita akan memilih sesuai dgn pilihannya? Dirinya sendiri saja dia udah gak faham lagi. Ajaib!!! Penderita disabilitas mental ikut pemilu...","1084960604392022017","","PollingLagi","in","","0","0","0","https://x.com/undefined/status/1084960604392022017","1072943450763325440",
"1084960601603039232","Mon Jan 14 23:48:59 +0000 2019","0","Saya suka video @YouTube https://t.co/7o6EGEeRfh Ini perkataan Prabowo setelah di berhentikan","1084960601603039232","","","in","","0","0","0","https://x.com/undefined/status/1084960601603039232","84810583",
"1084810623941107717","Mon Jan 14 23:48:54 +0000 2019","0","@zarazettirazr @fadlizon @prabowo Pidato Prabowo menurut saya intinya pidato kebangsaan yg menyerang untuk menang. Kalau pidato Jokowi defensive untuk menang. 50:50 lah","1084960578571923456","","","in","","0","0","0","https://x.com/undefined/status/1084960578571923456","984166848",
"1084846385218777088","Mon Jan 14 23:48:53 +0000 2019","0","@MancingJon @icansbm @Fahrihamzah @prabowo Bong salah satu kinerja Prabowo itu Sudah Mendirikan partai dengan kader yang paling sedikit korupsi ny gak macam Banteng gembrot.","1084960575577153536","","MancingJon","in","","0","0","0","https://x.com/undefined/status/1084960575577153536","998772213816877057",
"1084874096649723905","Mon Jan 14 23:48:52 +0000 2019","0","@arlex_wu @prabowo @sandiuno @AkunTofa Bang sabar ya dan terus smangat ","1084960573010235392","","NdonB4ck","in","","0","0","0","https://x.com/undefined/status/1084960573010235392","936634254141693953",
"1084778245784928256","Mon Jan 14 23:48:49 +0000 2019","0","@marierteman @prabowo Mereka hadir tanpa pembagian kaus atau nasi bungkus atau 100 ribu.","1084960560519667712","","marierteman","in","","0","0","0","https://x.com/undefined/status/1084960560519667712","861060315932315648",
"1084907376061239296","Mon Jan 14 23:48:49 +0000 2019","0","@iwanfals Pak jokowi ngumpulin aparat desa nebar janji2 lg pidato salah mulu gak ente bahas bang..??","1084960559722770433","","iwanfals","in","","0","0","0","https://x.com/undefined/status/1084960559722770433","925372998764314624",
"1084959129918091264","Mon Jan 14 23:48:39 +0000 2019","0","@AndiArief__ @Amal_Alghozali Anda juga jadi saksi H-19 Calon presiden nomor urut 02 Prabowo Subianto menyebut cadangan bahan bakar minyak (BBM) hanya bisa untuk 20 hari. https://t.co/91ekzw6HG1","1084960516290670594","","Andiarief__","in","","0","0","0","https://x.com/undefined/status/1084960516290670594","795001105943908352",
"1084960513631543296","Mon Jan 14 23:48:38 +0000 2019","0","Mau di hina di caci di maki ... tapi @prabowo dan @sandiuno tetep terkeren..diamana pun berada emas tetap emas.....","1084960513631543296","","","in","","0","0","0","https://x.com/undefined/status/1084960513631543296","1052034256438943744",
"1084086624189706241","Mon Jan 14 23:48:33 +0000 2019","0","@Dennysiregar7 @jokowi Dasar org tolol...tweet gak pakai otak","1084960491729027072","","","in","","0","0","0","https://x.com/undefined/status/1084960491729027072","720085394801295360",
"1084778250105049089","Mon Jan 14 23:48:26 +0000 2019","0","@chikagn Yang sekolah Jokowi dia nya yg kelimpungan ribet si? Jmbt nih kampret.","1084960461135654912","","chikagn","in","","0","0","0","https://x.com/undefined/status/1084960461135654912","1132945826",
"1084960453267255299","Mon Jan 14 23:48:24 +0000 2019","0","Presiden Jokowi Ingin Indonesia Kembangkan Industri Ramah Lingkungan https://t.co/jtCsdGi4HZ https://t.co/ewxGuaaOjs","1084960453267255299","https://pbs.twimg.com/media/Dw6NyCXVYAE0l63.jpg","","in","","0","0","0","https://x.com/undefined/status/1084960453267255299","864625250499047424",
"1084960447663529984","Mon Jan 14 23:48:22 +0000 2019","0"," Sesungguhnya Allah bersama orang-orang yang sabar . Seperti praduga terhadap Pak Jokowi yang sering dilayangkan soal politik identitas dan lain-lain. Praduga ya bukan tuduhan. Jadi insya Allah kalian semua berhak. #OrangBaikMemenangkanJokowi","1084960447663529984","","","in","","0","0","0","https://x.com/undefined/status/1084960447663529984","1080782652112662528",
"1083404489585905664","Mon Jan 14 23:48:14 +0000 2019","10","@CakKhum Makin hari kubu yang ini makin gak beres cara mainnya Sedih aku tuh liat Pak Jokowi lawannya kayak gini ","1084960411596730368","","suaragagap","in","","0","1","1","https://x.com/undefined/status/1084960411596730368","413717387",
"1084818292252893184","Mon Jan 14 23:48:13 +0000 2019","0","@Yudhi47906754 @Fahrihamzah @prabowo wach... yudi-yudi pagi-pagi lo udach nyamperin gua.. Kirain ada apa adek lo udach lahir? Padahal babe lo udach dua taon kagak pulang. sama juga saat lo lahir babe lo juga dua taon kagak pulang. sssssst.... lo harus bisa jaga rahasia sebenernya gua babe lo..!!","1084960405892415488","","Yudhi47906754","in","","0","0","0","https://x.com/undefined/status/1084960405892415488","829211010741465088",
"1084824945144737792","Mon Jan 14 23:48:10 +0000 2019","0","@zokowiek @Azzara_02 @putrabanten80 @prabowo Waaouu luar biasa hanya dalam lima tahun sudah 80% janji terpenuhi... HANYA LIMA TAHUN kemaren yang 10 tahun ngapain ya.... #BohongKokPidato Makasih sudah di ingatkan ya...","1084960393930334208","","zokowiek","in","","0","0","0","https://x.com/undefined/status/1084960393930334208","1061102818176622592",
"1084657271185887232","Mon Jan 14 23:48:05 +0000 2019","0","@heidar171 @Ferdinand_Haean @jokowi Haha emang ngaruh.. kita lo slow. ","1084960376293183488","","heidar171","in","","0","0","0","https://x.com/undefined/status/1084960376293183488","893321232946405376",
"1084729330544955392","Mon Jan 14 23:48:02 +0000 2019","0","@IsekaiHero @leuitpare07 @iluniui_ @univ_indonesia @jokowi @fadlizon Ternyata cebong ya .g bosan playing victim.hoax.bikin framing..pake jilbab kelakuan jauhhh bohong dah jd kebiasaan spt junjunanny..semoga Allah beri hidayah agar sdr nirmala sadar.","1084960362821083136","","","in","","0","0","0","https://x.com/undefined/status/1084960362821083136","966281929250160641",
"1082318015998427136","Mon Jan 14 23:48:02 +0000 2019","0","@Tumijo53142069 @prabowo @Gerindra @fadlizon @Fahrihamzah @rockygerung @saididu @RamliRizal @panca66 @putrabanten80 @CebongParno @DaulatDalimunte @haikal_hassan @MCAOps Kasihan ya..skr diindonesia..bnyk orang yg gagal faham..hrs segera diperiksa kesehatan jiwanya.","1084960360480727040","","Tumijo53142069","in","","0","0","0","https://x.com/undefined/status/1084960360480727040","1047721475061440512",
"1084824311616004097","Mon Jan 14 23:47:59 +0000 2019","0","@gm_gm Prabowo berjanji..Jokomi suka ingkar janji TDK ada yg salah Krn berjanji..yg salah adalah org yg selalu ingkar janji","1084960351240839170","","gm_gm","in","","0","0","0","https://x.com/undefined/status/1084960351240839170","986518680711323648",
"1084686460886740993","Mon Jan 14 23:47:59 +0000 2019","0","@permadiaktivis @jokowi @Ferdinand_Haean https://t.co/hp6IrLwdrZ","1084960349420277760","https://pbs.twimg.com/media/Dw6Nrv5UwAAmgI4.jpg","permadiaktivis","qme","","0","0","0","https://x.com/undefined/status/1084960349420277760","4758263658",
"1084960349130973185","Mon Jan 14 23:47:59 +0000 2019","0","Ketika Prabowo dan SBY Satu Panggung Acungkan Dua Jari https://t.co/8G68O7kGdN","1084960349130973185","","","in","","0","0","0","https://x.com/undefined/status/1084960349130973185","905914381",
"1084827660142833665","Mon Jan 14 23:47:56 +0000 2019","0","@Myusuf_joozz @Pesaddictbekasi @Dahnilanzar @prabowo Jleeb kena dech","1084960334807367680","","Myusuf_joozz","in","","0","0","0","https://x.com/undefined/status/1084960334807367680","324963420",
"1084907376061239296","Mon Jan 14 23:47:56 +0000 2019","0","@iwanfals Prabowo iq buat org bingung ae 'esmosi'!","1084960334635356161","","iwanfals","in","","0","0","0","https://x.com/undefined/status/1084960334635356161","234251418",
"1084960334287319040","Mon Jan 14 23:47:55 +0000 2019","0","Sesungguhnya Allah bersama orang-orang yang sabar . Seperti praduga terhadap Pak Jokowi yang sering dilayangkan soal politik identitas dan lain-lain. Praduga ya bukan tuduhan. Jadi insya Allah kalian semua berhak. #OrangBaikMemenangkanJokowi","1084960334287319040","","","in","","0","0","0","https://x.com/undefined/status/1084960334287319040","1025518964",
"1083267692738441216","Mon Jan 14 23:47:54 +0000 2019","0","@MaskuMasku1 @Pidoli_Lombang @LisaAmartaTara @PEPESOfficial @prabowo @sandiuno @Ferdinand_Haean @MbahUyok @fadlizon @Dahnilanzar @swulll Sy tdk mgrti kak yg sy ngerti kalo kk suru sy dukung pak jokowi hehehe Kak jgn Krn kedudukan smpe2 qt rakyat terpecahbelahkan tlg yah stop mensand brta2 yg demikian krn keyakinan stiap org berbeda oke.. Kami Nusa tenggara timur atau indonesia timur sdh tau sp yg pantas","1084960329228898309","","MaskuMasku1","in","","0","0","0","https://x.com/undefined/status/1084960329228898309","1081435799109853184",
"1084846385218777088","Mon Jan 14 23:47:51 +0000 2019","0","@Fahrihamzah @prabowo Aamiin","1084960316323033088","","Fahrihamzah","fi","","0","0","0","https://x.com/undefined/status/1084960316323033088","1052117011105382400",
"1084960306499964928","Mon Jan 14 23:47:49 +0000 2019","0","Pidato Prabowo gak ada harga nya opung mending saya denger Khotbah aja deh... Yg arah nya jelas ","1084960306499964928","","","in","","0","0","0","https://x.com/undefined/status/1084960306499964928","1081012564476145664",
"1084824945144737792","Mon Jan 14 23:47:48 +0000 2019","0","@Azzara_02 @prabowo Udah nggak betah kritik malah dipenjara #PidatoKebangsaanPrabowo","1084960303350071296","","4smara_1701","in","","0","0","0","https://x.com/undefined/status/1084960303350071296","1066474523724197889",
"1084960302406557697","Mon Jan 14 23:47:48 +0000 2019","0","Kalau Jokowi keberadaannya saja sudah masalah. Jauh dari solusi.","1084960302406557697","","","in","","0","0","0","https://x.com/undefined/status/1084960302406557697","230313497",
"1084754413695119361","Mon Jan 14 23:47:47 +0000 2019","0","@PriyoBudiS @jokowi Barang siapa yg merendahkan dirinya akan ditinggikan benarkah demikian","1084960297373167617","","PriyoBudiS","in","","0","0","0","https://x.com/undefined/status/1084960297373167617","12207422",
"1084960296618184704","Mon Jan 14 23:47:46 +0000 2019","0","POKOK E AKU PILIH JOKOWI-AMIN 1 PERIODE! AREPO HOAX MENYEBAR KITA HARUS MELAWANNYA. #01IndonesiaMaju #OrangBaikMemenangkanJokowi #JokowiLagi https://t.co/3G3hZ7WZxH","1084960296618184704","https://pbs.twimg.com/media/Dw6NIMBUwAA6FT_.jpg","","in","","0","0","0","https://x.com/undefined/status/1084960296618184704","584499119",
"1084960281858469888","Mon Jan 14 23:47:43 +0000 2019","0","Prabowo: Polisi TNI Inteligen Setia pada Negara Bukan Individu - https://t.co/YOVm5yHrWS https://t.co/wTqOXF2F0c","1084960281858469888","https://pbs.twimg.com/media/Dw6NoC-U8AEv2od.jpg","","in","","0","0","0","https://x.com/undefined/status/1084960281858469888","214805603",
"1084960264972169217","Mon Jan 14 23:47:39 +0000 2019","0","Berpotensi Hemat Rp798 T Jokowi Dorong Regulasi Kendaraan Listrik https://t.co/d3urAF439L","1084960264972169217","","","in","","0","0","0","https://x.com/undefined/status/1084960264972169217","22629914",
"1084960264229777409","Mon Jan 14 23:47:39 +0000 2019","0","Lah Jokowi 2014 emang ngapain","1084960264229777409","","","in","","0","0","0","https://x.com/undefined/status/1084960264229777409","405444458",
"1084958974498066432","Mon Jan 14 23:47:39 +0000 2019","0","@JhonKosmik_ @jokowi @prabowo Mukidi nti bisa tanpa teks etapi pake monitor layakny pembawa berita boleh bang? Etapiiii berdiriny kagak kuat apalagi Yai boleh duduk d kursi tinggi layakny pelanggan bar bang? #IndonesiaMenang","1084960263705522176","","OnlyOneFootball","in","","0","0","0","https://x.com/undefined/status/1084960263705522176","195191106",
"1084846385218777088","Mon Jan 14 23:47:39 +0000 2019","0","@Haryadi74200732 @Fahrihamzah @prabowo apa definisi radikal menurut loe bong? serius tanya biar gue bisa tau isi kepala loe pade.. barangkali ga cuma berisi kuis nama ikan. ","1084960263311245312","","Haryadi74200732","in","","0","0","0","https://x.com/undefined/status/1084960263311245312","971916911159099392",
"1084960259066626048","Mon Jan 14 23:47:38 +0000 2019","0","Patut melihat Track record dari calon Presiden juga melihat kebersihan dari kedua calon. Alhamdulillah Pak Jokowi bersih dari korupsi kalau tetangga sebelah bersih dari prestasi. #OrangBaikMemenangkanJokowi https://t.co/N4eMLVopBl","1084960259066626048","https://pbs.twimg.com/media/Dw6Nka5UwAA6CNM.jpg","","in","","0","0","0","https://x.com/undefined/status/1084960259066626048","1069449317293875201",
"1084678450667896832","Mon Jan 14 23:47:36 +0000 2019","0","@BinNuh_ @MaskuMasku1 @prabowo #IndonesiaMenang","1084960253752401920","","mantan_ordal","qme","","0","0","0","https://x.com/undefined/status/1084960253752401920","106742774",
"1084818292252893184","Mon Jan 14 23:47:35 +0000 2019","0","@MISAKUBA55pk @Fahrihamzah @prabowo Bikin rakyat makmur itu gampang &gt;Naikan bbm jika rakyat mampu beli tinggal bilang ke pers mahal saja bisa beli. &gt;banyakin utang luar negeri dan bilang kalau utang itu membuktikan bahwa penduduk indonesia masih dipercayai negara luar.","1084960246714396672","","MISAKUBA55pk","in","","0","0","0","https://x.com/undefined/status/1084960246714396672","513276510",
"1084817095018201089","Mon Jan 14 23:47:32 +0000 2019","0","@karsonoindri1 @jokowi Temanggung Jawa Tengah Pak.","1084960237050683392","","karsonoindri1","in","","0","0","0","https://x.com/undefined/status/1084960237050683392","68361478",
"1084810623941107717","Mon Jan 14 23:47:31 +0000 2019","0","@zarazettirazr @fadlizon @prabowo Aamiin kan saja yh gaes cs yg waras ngalah... Xixixixi","1084960233573703680","","","in","","0","0","0","https://x.com/undefined/status/1084960233573703680","1057321686993780736",
"1084960230461620225","Mon Jan 14 23:47:31 +0000 2019","0","Panitia Tabligh Akbar Alumni 212 Siap Hadapi Aduan TKD Jokowi https://t.co/OPeztkb0GJ","1084960230461620225","","","in","","0","0","0","https://x.com/undefined/status/1084960230461620225","1442695026",
"1084818292252893184","Mon Jan 14 23:47:28 +0000 2019","0","@fikri_awalil @Fahrihamzah @prabowo wach... fikri-fikri pagi-pagi lo udach nyamperin gua.. Kirain ada apa adek lo udach lahir? padahal babe lo udach dua taon kagak pulang. sama juga saat lo lahir babe lo juga dua taon kagak pulang. sssssst.... lo harus bisa jaga rahasia sebenernya gua babe lo..!!","1084960219707334657","","FKRSM_","in","","0","0","0","https://x.com/undefined/status/1084960219707334657","829211010741465088",
"1084933833865220097","Mon Jan 14 23:47:27 +0000 2019","0","@CintaNKRI12 @prabowo Yaa Alloh...merinding lhtnya....semua ini akn di minta pertanggung jawaban di akherat..wahai para penguasa","1084960214330294273","","CintaNKRI12","in","","0","0","0","https://x.com/undefined/status/1084960214330294273","1051199703503622145",
"1084818292252893184","Mon Jan 14 23:47:23 +0000 2019","0","@Fahrihamzah @prabowo Ternyata tidak berbahaya dan menakutkan ya pak..","1084960196978401280","","Fahrihamzah","in","","0","0","0","https://x.com/undefined/status/1084960196978401280","976955740576350208",
"1084960192507199488","Mon Jan 14 23:47:22 +0000 2019","0","Apakah Camat yang dimaksud artinya Calon Tamat? - lebih detail cek ke : https://t.co/HteYTGUR6D #Capres #Petahana #Timses https://t.co/WUEz9NX7Oj","1084960192507199488","https://pbs.twimg.com/media/Dw6Ni3WVYAAHZtE.jpg","","in","","0","0","0","https://x.com/undefined/status/1084960192507199488","3812210114",
"1084805887804375040","Mon Jan 14 23:47:20 +0000 2019","0","@abe_nasar @GadizaPoetri rasanya anda kurang paham dg twit sy... yg butuh solusi itu bukan petahana tapi kita sebagai calon pemilih.... logikanya gimana kita bisa memilih pak prabowo dg dasar rasionalitas jika kita sendiri ga diberi tau apa solusi oposisi untuk permasalahan negeri","1084960186773561344","","abe_nasar","in","","0","0","0","https://x.com/undefined/status/1084960186773561344","828751813524336640",
"1084651623920459777","Mon Jan 14 23:47:15 +0000 2019","0","@dedyotonx @suarwijana @KimmyElizabeth1 @yusuf_dumdum @putrabanten80 @jokowi Proses dari jaman presiden juga udah di proses cuma mukidi bisanya mengklaim","1084960165806301184","","dedyotonx","in","","0","0","0","https://x.com/undefined/status/1084960165806301184","1079992722314784768",
"1084828909697265664","Mon Jan 14 23:47:12 +0000 2019","0","@AaAddakhil @swulll @fadlizon @prabowo @sandiuno Brprestasi ngutang...smpe2 BPJS nanggung akibatnya di utangin jg.","1084960151684112384","","AaAddakhil","in","","0","0","0","https://x.com/undefined/status/1084960151684112384","1040054626395938816",
"1084960151193305088","Mon Jan 14 23:47:12 +0000 2019","0","@prabowo Pasti menang jika kecurangan bisa digagalkan #2019PrabowoPresidenRI","1084960151193305088","","prabowo","in","","0","0","0","https://x.com/undefined/status/1084960151193305088","2604311473",
"1084818292252893184","Mon Jan 14 23:47:11 +0000 2019","0","@Qusvic @jayasakti72 @Fahrihamzah @prabowo @SBYudhoyono Beda orang beda karakter. Nyuruh 08 kalem sama sperti nyuruh jkw pidato tanpa teks.","1084960148987080704","","","in","","0","0","0","https://x.com/undefined/status/1084960148987080704","467998101",
"1084814424903467008","Mon Jan 14 23:47:11 +0000 2019","0","@joxzin_jogja @prabowo TV ku rubung semut ....","1084960146055294976","","joxzin_jogja","in","","0","0","0","https://x.com/undefined/status/1084960146055294976","1041336589417238528",
"1084960144666947584","Mon Jan 14 23:47:10 +0000 2019","0","buat kami cukup sudah Ahok yang kalian fitnah.. Jika kalian mengganggu pak Jokowi Kami akan fight ingat : ini Presiden Jokowi yg dicintai rakyatnya CATAT!!! #2019PilihJokowi #2019TetapJokowi","1084960144666947584","","","in","","0","0","0","https://x.com/undefined/status/1084960144666947584","1027415321290756096",
"1084960143962324992","Mon Jan 14 23:47:10 +0000 2019","0","Dukungan masyarakat yang tinggi kepada Jokowi menjadi bahan pertimbangan untuk membuat keputusan final soal dukungan. #OrangBaikMemenangkanJokowi","1084960143962324992","","","in","","0","0","0","https://x.com/undefined/status/1084960143962324992","1080782652112662528",
"1084960135431090177","Mon Jan 14 23:47:08 +0000 2019","0","Udah kaya malaikat ya kalo pak prabowo mampu segalanya komitmenpun harus di hitung dulu mengimplementasikannya...","1084960135431090177","","","in","","0","0","0","https://x.com/undefined/status/1084960135431090177","1713164839",
"1084793402015674368","Mon Jan 14 23:47:02 +0000 2019","0","@hincapandjaitan @prabowo @husnizarhood @panca66 @isari68 @maspiyuuu @Fahrihamzah @monethamrin @RachlanNashidik @Ferdinand_Haean @AndiArief__ @jansen_jsp Biasa saja bos pssi bgm kabarnya bos???enak jaman siapa bos...ahahah","1084960109233487872","","hincapandjaitan","in","","0","0","0","https://x.com/undefined/status/1084960109233487872","887339976232386560",
"1084960098701651968","Mon Jan 14 23:46:59 +0000 2019","0","Kalau masyarakat sudah puas dengan kinerja Pak Jokowi amat sangat wajar jika kepala daerah tak ingin memiliki posisi yang berbeda dengan mayoritas rakyatnya yang akan kembali memilih Jokowi di Pilpres 2019. #OrangBaikMemenangkanJokowi","1084960098701651968","","","in","","0","0","0","https://x.com/undefined/status/1084960098701651968","1080782652112662528",
"1084960096994525184","Mon Jan 14 23:46:59 +0000 2019","0","Prabowo Janji Jaksa Agung Bukan dari Parpol Rizal Ramli Ingatkan Begini https://t.co/kAXGbkKQA0","1084960096994525184","","","in","","0","0","0","https://x.com/undefined/status/1084960096994525184","905914381",
"1084648215675265024","Mon Jan 14 23:46:55 +0000 2019","0","@stevanihuangg @jokowi Janji mulu jok kemaren juga gaj kelaksana.","1084960080242532353","","vaniepink","in","","0","0","0","https://x.com/undefined/status/1084960080242532353","1035946986896154624",
"1084843501441806336","Mon Jan 14 23:46:49 +0000 2019","0","@Ferdinand_Haean Ngelihat Pak @SBYudhoyono hadir dan foto seperti ini baru yakin kalau beliau dan demokrat ngedukung 100% pak @prabowo dan mas @sandiuno","1084960054866980864","","Ferdinand_Haean","in","","0","0","0","https://x.com/undefined/status/1084960054866980864","89896973",
"1077860733071777794","Mon Jan 14 23:46:49 +0000 2019","0","@SpionaseNKRI @RadPlague @nit4sist @Kars104 @BosErvan @Munafikunn @Gun4w4nAhokers @EliasAdi79 @sugi_0706 @YogaAdrianyoga6 @TonyFoo13 @jokowi @Kemenag_RI @Kemendagri_RI Yth. Presiden @jokowi Mohon Cabut Peraturan Bersama Menag dan Mendagri No 9 dan No 8 Tahun 2006 ttg Pendirian Rumah Ibadah - Tandatangani Petisi! https://t.co/zG2ISTchTY via @ChangeOrg_ID","1084960053768015872","","7evenClothes","in","","0","0","0","https://x.com/undefined/status/1084960053768015872","786040464298217474",
"1084960050186276866","Mon Jan 14 23:46:48 +0000 2019","0","Pengamat Australia Ungkap Perbedaan Media Saat Pidato Kebangsaan Prabowo https://t.co/u4DH5eQ5ZZ","1084960050186276866","","","in","","0","0","0","https://x.com/undefined/status/1084960050186276866","1442695026",
"1084694975118340102","Mon Jan 14 23:46:47 +0000 2019","0","@heniunique @jokowi Janji!!","1084960047656882176","","heniunique","und","","0","0","0","https://x.com/undefined/status/1084960047656882176","1630034514",
"1084960046260207616","Mon Jan 14 23:46:47 +0000 2019","0","Banyak kepala daerah yang mendukung Jokowi untuk dua periode. Hal ini merupakan tanggungjawab moral para kepala daerah yang tak berani melawan keinginan masyarakatnya yang juga mendukung Jokowi. #OrangBaikMemenangkanJokowi","1084960046260207616","","","in","","0","0","0","https://x.com/undefined/status/1084960046260207616","1080782652112662528",
"1084958008000471040","Mon Jan 14 23:46:45 +0000 2019","0","@PriyoBudiS @prabowo @sandiuno Cerdas berwibawa dan mampu mebawa negeri ini ke yg lebih baik..","1084960040895672321","","PriyoBudiS","in","","0","0","0","https://x.com/undefined/status/1084960040895672321","2168820956",
"1084859225686269953","Mon Jan 14 23:46:37 +0000 2019","0","@Gemacan70 @prabowo Jgann.. Geboy etokkk... Etokkk... Hahay.... Salm dua.. Etokkk#02","1084960005479051264","","Gemacan70","in","","0","0","0","https://x.com/undefined/status/1084960005479051264","999872628885147648",
"1084959998977945601","Mon Jan 14 23:46:35 +0000 2019","0","Pengamat Australia Ungkap Perbedaan Media Saat Pidato Kebangsaan Prabowo https://t.co/G2i3coMlRJ","1084959998977945601","","","in","","0","0","0","https://x.com/undefined/status/1084959998977945601","962348570",
"1084819636422492160","Mon Jan 14 23:46:29 +0000 2019","0","@anonLokal @Mekoesnadi_10 @prabowo Aamiin Ya Robbal Alamin","1084959972335599616","","anonLokal","in","","0","0","0","https://x.com/undefined/status/1084959972335599616","107945454",
"1084959969537978369","Mon Jan 14 23:46:28 +0000 2019","0","buat kami cukup sudah Ahok yang kalian fitnah.. Jika kalian mengganggu pak Jokowi Kami akan fight ingat : ini Presiden Jokowi yg dicintai rakyatnya CATAT!!! #2019PilihJokowi #2019TetapJokowi","1084959969537978369","","","in","","0","0","0","https://x.com/undefined/status/1084959969537978369","1025278791730380805",
"1084648215675265024","Mon Jan 14 23:46:28 +0000 2019","0","@stevanihuangg @jokowi Minjem lagi","1084959968585932800","","vaniepink","in","","0","0","0","https://x.com/undefined/status/1084959968585932800","1035946986896154624",
"1084809988973879297","Mon Jan 14 23:46:20 +0000 2019","0","@V_Stone_Kardol @P3nj3l4j4h Jokowi yg terbaik jujur amanah...merakyat","1084959933555126272","","Kumis_Separoh","in","","0","0","0","https://x.com/undefined/status/1084959933555126272","1080802423524839430",
"1084959930950537217","Mon Jan 14 23:46:19 +0000 2019","0","Jokowi Lebih Siap Hadapi Debat Dibanding Prabowo https://t.co/0GnBBqO2Dp https://t.co/v7tzDThDGG","1084959930950537217","https://pbs.twimg.com/media/Dw6NTqEU0AEJ0VE.jpg","","in","","0","0","0","https://x.com/undefined/status/1084959930950537217","1046785210220564481",
"1084754413695119361","Mon Jan 14 23:46:19 +0000 2019","0","@Harispaiaman9 @PriyoBudiS @aryadi239 @jokowi Ha ha ha ","1084959927842394113","","Harispaiaman9","tl","","0","0","0","https://x.com/undefined/status/1084959927842394113","12207422",
"1084849000342147075","Mon Jan 14 23:46:18 +0000 2019","0","@Fahrihamzah @prabowo @jokowi PS pidato Tanpa teks visioner penuh ide dan gagasan. Jkw pake teks(tp ttp slh krn tukang konsepnya minim ide yg baca otak kosong) isinya iklan inprastruktur mirip DONGENG PENGANTAR TIDUR bagi ank2 yg ga tau apa2.","1084959925183246337","","Fahrihamzah","in","","0","0","0","https://x.com/undefined/status/1084959925183246337","1065968307331719168",
"1084788595783720960","Mon Jan 14 23:46:16 +0000 2019","0","@Gerindra Seandainya kelemahan ini anda atasi bersama pemerintahan yang sah. Pasti jauh lebih baik dp menjatuhkan Jokowi dg cara2 tdk santun...","1084959916614311936","","Gerindra","in","","0","0","0","https://x.com/undefined/status/1084959916614311936","1039868589187026949",
"1084086624189706241","Mon Jan 14 23:46:15 +0000 2019","0","@Dennysiregar7 @YPnov @jokowi Pak jokowi seorang presiden lo suguhin bahasa begini? Emang lo kudu belajar banyak den!!","1084959911681830912","","","in","","0","0","0","https://x.com/undefined/status/1084959911681830912","55819926",
"1084959870111997953","Mon Jan 14 23:46:05 +0000 2019","0","Kekurangan Prabowo adalah tidak seperti Jokowi. Dan kelebihan Jokowi adalah tidak seperti Prabowo. #OrangBaikMemenangkanJokowi","1084959870111997953","","","in","","0","0","0","https://x.com/undefined/status/1084959870111997953","1080782652112662528",
"1084852035214692352","Mon Jan 14 23:46:05 +0000 2019","0","@armanpaluta @prabowo Sepemahaman dg sy bang ","1084959869524799488","","armanpaluta","in","","0","0","0","https://x.com/undefined/status/1084959869524799488","509922758",
"1084959858649006080","Mon Jan 14 23:46:02 +0000 2019","0","AHY senang program SBY kembali digemakan Prabowo https://t.co/a6kiY55H4Z","1084959858649006080","","","in","","0","0","0","https://x.com/undefined/status/1084959858649006080","47639779",
"1084312740338880512","Mon Jan 14 23:46:00 +0000 2019","0","@qing536 Namanya Dicatut Dukung Jokowi-Ma ruf Iluni-UI Akan Beri Somasi by Biren Muhammad 13 Januari 2019 Iluni UI https://t.co/T5jW7xJMbv ... https://t.co/56924w7OKj","1084959849622851585","","qing536","in","","0","0","0","https://x.com/undefined/status/1084959849622851585","985277327960522752",
"1084705540255539200","Mon Jan 14 23:45:57 +0000 2019","0","@Luvianna11 @bangagoeng96 @riantibaskoro @Riast10 @KBedug @AlfariRudi @harysantana @Teh_telor78 @HarryRidwan_Ay @Angelyca_Nayoan @212ThePowerOff1 @HotPepperminTea @Dody_Lukas___ @Rusydi_riau @IpungLombok @ices_tea @EDitektif @Anggraini_4yu @kucingeksotic @GPAnsor_Satu @prabowo @tv2nkri @tvOneNews Iya Mba.. Makasi buat sarannya ya.. #IndonesiaMenang #IndonesiaMenang","1084959835869786113","","Luvianna11","in","","0","0","0","https://x.com/undefined/status/1084959835869786113","949436919942823936",
"1084959829989351424","Mon Jan 14 23:45:55 +0000 2019","0","Twips mohon info saat penyampaian visi misi kemarin adakah Pak Jokowi menyebut dokter dan paramedis? ","1084959829989351424","","","in","","0","0","0","https://x.com/undefined/status/1084959829989351424","141219270",
"1084959828487954433","Mon Jan 14 23:45:55 +0000 2019","0","Gw lihat pidato pak Prabowo tadi nilainya lumayan cuma sambutan mereka yang menginginkan perubahan membuat beliau makin layak dipilih dibanding Jokowi. InsyaAllah #PrabowoPresidenIndonesia","1084959828487954433","","","in","","0","0","0","https://x.com/undefined/status/1084959828487954433","230313497",
"1084086624189706241","Mon Jan 14 23:45:54 +0000 2019","0","@Dennysiregar7 @jokowi panik ke dungu an","1084959822947086336","","","in","","0","0","0","https://x.com/undefined/status/1084959822947086336","2605763047",
"1084824945144737792","Mon Jan 14 23:45:49 +0000 2019","0","@Azzara_02 @prabowo ...... #2019PrabowoPresidenRI #2019TidakPilihPetugasPartai","1084959804341202944","","4smara_1701","und","","0","0","0","https://x.com/undefined/status/1084959804341202944","1060292810681675776",
"1084959799593189376","Mon Jan 14 23:45:48 +0000 2019","0","Pesan yang sangat mengena dari Pak @Jokowi adalah; Dana Desa (DD) hanya berputar di desa dan dimanfaatkan untuk pertumbuhan ekonomi desa. Bagimana menarik bukan? #OrangBaikMemenangkanJokowi","1084959799593189376","","","in","","0","0","0","https://x.com/undefined/status/1084959799593189376","1080782652112662528",
"1084959795176566784","Mon Jan 14 23:45:47 +0000 2019","0","Yang ngajarin kufur nikmat siapa Om @prabowo? Hati hati bro @Dahnilanzar @FaldoMaldini @hnurwahid @fadlizon azab yang pedih tersedia buat orang yg kufur loh.","1084959795176566784","","","in","","0","0","0","https://x.com/undefined/status/1084959795176566784","102289535",
"1084609424323276800","Mon Jan 14 23:45:44 +0000 2019","0","@RajaPurwa @prabowo Setuju sangat....siaaaap #IndonesiaMenang #2019PrabowoPresidenRI","1084959784917299200","","RajaPurwa","in","","0","0","0","https://x.com/undefined/status/1084959784917299200","1869219619",
"1084810623941107717","Mon Jan 14 23:45:44 +0000 2019","0","@Pardimin7 @zarazettirazr @EdoEdriblell @prabowo Tahun kapan yh oum ku...??? Soalnya ini baru nyampe presiden yg ke 7 sih... Xixixixi","1084959783247958016","","Pardimin7","in","","0","0","0","https://x.com/undefined/status/1084959783247958016","1057321686993780736",
"1083267692738441216","Mon Jan 14 23:45:41 +0000 2019","0","@sungkar24 @MaskuMasku1 @LisaAmartaTara @PEPESOfficial @prabowo @sandiuno @Ferdinand_Haean @MbahUyok @fadlizon @Dahnilanzar @swulll Minta maaf bukan karena salah Cuman ingin jadi contoh baik.. Pamit mau berangkat tugas :)","1084959772070137856","","sungkar24","in","","0","0","0","https://x.com/undefined/status/1084959772070137856","987238600390541313",
"1084959770484793344","Mon Jan 14 23:45:41 +0000 2019","0","Jurkam Jokowi: Pidato Retorik Prabowo Tak Jabarkan Solusi https://t.co/sHsl5Z4AEd","1084959770484793344","","","in","","0","0","0","https://x.com/undefined/status/1084959770484793344","17128975",
"1084846385218777088","Mon Jan 14 23:45:39 +0000 2019","0","@Haryadi74200732 @Panembahan_alit @Fahrihamzah @prabowo Banyak janji ga ditepati.. bgtu ko pengen dua periode da malu?? emang salah? ga salah sih bong kelen aja yg bego udah tau dibohong masih ga sadar. kelen perlu dimantra in ","1084959762628829184","","Haryadi74200732","in","","0","0","0","https://x.com/undefined/status/1084959762628829184","971916911159099392",
"1083267692738441216","Mon Jan 14 23:45:34 +0000 2019","0","@sungkar24 @Pidoli_Lombang @LisaAmartaTara @PEPESOfficial @prabowo @sandiuno @Ferdinand_Haean @MbahUyok @fadlizon @Dahnilanzar @swulll Memangnya wudhu digayung salah yah?? Jelasin dong letak kesalahannya biar gak latah krn cuma modal dengar dr org tp tdk ada dasarnya.","1084959739413319681","","sungkar24","in","","0","0","0","https://x.com/undefined/status/1084959739413319681","2726198763",
"1084959718357909505","Mon Jan 14 23:45:29 +0000 2019","0"," Kepemimpinan partai di pusat itu sudah resmi mendukung Pak Jokowi karena itu tidak ada alasan buat kita untuk tidak memperlihatkan sikap-sikap dukungan kepada Pak Jokowi - Akbar Tandjung. https://t.co/x2yKkVnTv3 #OrangBaikMemenangkanJokowi","1084959718357909505","","","in","","0","0","0","https://x.com/undefined/status/1084959718357909505","1069449317293875201",
"1084817095018201089","Mon Jan 14 23:45:27 +0000 2019","0","@jokowi https://t.co/YNSJWKEdIG","1084959711672229888","https://pbs.twimg.com/media/Dw6NGJBVAAA1rRD.jpg","jokowi","qme","","0","0","0","https://x.com/undefined/status/1084959711672229888","1025149936185167872",
"1083908874644611072","Mon Jan 14 23:45:26 +0000 2019","0","@ekagumilars @haikal_hassan Harusnya HUTANG Juga Punya Pak Jokowi. Jangan Setengah2 Gitu Dong!","1084959708971118592","","rekatindonesia","in","","0","0","0","https://x.com/undefined/status/1084959708971118592","893350916",
"1084959708023144448","Mon Jan 14 23:45:26 +0000 2019","0","Kritik bagus. Pak @prabowo cobalah untuk mendengar dan merubah gaya maka kemungkinan menang itu ada","1084959708023144448","","","in","","0","0","0","https://x.com/undefined/status/1084959708023144448","25969669",
"1084811007531208705","Mon Jan 14 23:45:26 +0000 2019","0","@mukidipanik @Dody_Lukas___ @zarazettirazr @fadlizon @harysantana @prabowo @KompasTV @Metro_TV @OfficialiNewsTV @TRANSTV_CORP Aamiin yaa robb","1084959707389820929","","mukidipanik","in","","0","0","0","https://x.com/undefined/status/1084959707389820929","231602747",
"1084824311616004097","Mon Jan 14 23:45:24 +0000 2019","0","@gm_gm prabowo berjanji jokowi mengingkari","1084959698699210753","","gm_gm","in","","0","0","0","https://x.com/undefined/status/1084959698699210753","320662679",
"1084688538623332352","Mon Jan 14 23:45:22 +0000 2019","0","@mulyaramadhan28 @yusuf_dumdum @Gerindra @prabowo pecinya kan buat nutupin otaknya yang bocor.. uppss..","1084959691619201025","","mulyaramadhan28","in","","0","0","0","https://x.com/undefined/status/1084959691619201025","970279104837595136",
"1084959685269057536","Mon Jan 14 23:45:21 +0000 2019","0","Prabowo: TNI Polri Dan BIN Setialah Pada Negara Bukan Pada In https://t.co/LLHSPO69zo","1084959685269057536","","","in","","0","0","0","https://x.com/undefined/status/1084959685269057536","2991557823",
"1084840569728389120","Mon Jan 14 23:45:19 +0000 2019","0","@eae18 @prabowo @panca66 @fadlizon @Gerindra Sejatinya yg sangat menarik dan mendebarkan adl psca pemilu (smg takdir 08 presiden). Kerumitan n kompleksitas masalah tinggalan rezim jolowi bdampk sstemik btuh masukan n ikhlas solusi dr semua lini unt sang maestro. Analisis swot mgk bs agk sederhanakan tahapnya. @Dahnilanzar","1084959678805635072","","effendi____","in","","0","0","0","https://x.com/undefined/status/1084959678805635072","213207974",
"1084959659339874304","Mon Jan 14 23:45:15 +0000 2019","0"," How can the price of the sugar in this republic be three times more than the world price? @prabowo hones in on the cost of living in his Indonesia wins campaign speech #Pilpres2019 https://t.co/MT3Y46cSUV","1084959659339874304","","","en","","0","0","0","https://x.com/undefined/status/1084959659339874304","2484673278",
"1084936221422317568","Mon Jan 14 23:45:05 +0000 2019","0","@makLambeTurah Mak.. mau tanya ya sebenarnya Capres prabowo ini ada berapa sih??! Ngomong nya beda2 mulu apa dia py sodara kembar??!","1084959620920049664","","makLambeTurah","in","","0","0","0","https://x.com/undefined/status/1084959620920049664","1028865122209415168",
"1084959610656571392","Mon Jan 14 23:45:03 +0000 2019","0","Puluhan kader PAN Sumatera Selatan mendeklarasikan diri mendukung Joko Widodo-Ma'ruf Amin. Dukungan disampaikan setelah melihat kerja nyata Jokowi di Sumatera Selatan. #OrangBaikMemenangkanJokowi","1084959610656571392","","","in","","0","0","0","https://x.com/undefined/status/1084959610656571392","1084042300945137665",
"1082416092511752192","Mon Jan 14 23:45:01 +0000 2019","0","@mayjune80 @rarasdf @wilarmono @aryagp42 @FaisalBasri Hahahahaha....Sapa jamin Prabowo gak lakukan itu kalo menjabat. Lha pengelilingnya Orba. Siapa yg gak kenal Orba utk urusan mafia. hehehehehe","1084959600749699072","","ummisaadiq","in","","0","0","0","https://x.com/undefined/status/1084959600749699072","1053112849696874496",
"1083267692738441216","Mon Jan 14 23:44:59 +0000 2019","0","@MaskuMasku1 @Pidoli_Lombang @LisaAmartaTara @PEPESOfficial @prabowo @sandiuno @Ferdinand_Haean @MbahUyok @fadlizon @Dahnilanzar @swulll Kenapa tag ke sy pak sy gak ngerti yg sy ngerti dan sy tau sy hanya bisa milih pak jokowi itu aja heheheh","1084959594336538624","","MaskuMasku1","in","","0","0","0","https://x.com/undefined/status/1084959594336538624","1081435799109853184",
"1084819040848080896","Mon Jan 14 23:44:55 +0000 2019","0","@bokulos_ @sandiuno @prabowo Ah.. Hoax Kaya Ginian Di Percaya #Pas","1084959579425755137","","bokulos_","in","","0","0","0","https://x.com/undefined/status/1084959579425755137","800580367736442884",
"1084953303564181505","Mon Jan 14 23:44:53 +0000 2019","0","@republikaonline Semoga nanti bisa jadi menteri di kabinet jokowi ya pak TGB ","1084959568117940224","","republikaonline","in","","0","0","0","https://x.com/undefined/status/1084959568117940224","29956302",
"1084825639322972160","Mon Jan 14 23:44:52 +0000 2019","0","@RamliRizal Gus Dur sebenarnya Presiden yg berani tp ternyata ada yg ngebet menggantikan krn ndak terpilih. Dan sepertinya Rakyat utamanya warga NU ndak akan lupa. Alhamdulilah Rakyat pun sadar dia pun tdk terpilih dlm Pemilu Pilpres 1 diera reformasi. Smoga sekarangpun sama hasilnya","1084959564234088448","","RamliRizal","in","","0","0","0","https://x.com/undefined/status/1084959564234088448","305025889",
"1084959557795831808","Mon Jan 14 23:44:50 +0000 2019","0","Subhanallah Merinding sy Lihat nya Seorang Prabowo Merapihkan Dasi Wakilnya Bang Sandiaga Pemimpin yang Ikhlas #PidatoKebangsaanPrabowo #RakyatInginkanPerubahan #PrabowoPresiden","1084959557795831808","","","in","","0","0","0","https://x.com/undefined/status/1084959557795831808","1079226299242041349",
"1084959546341187584","Mon Jan 14 23:44:48 +0000 2019","0","Gw kasian ama Jokowi die presiden yg bnyk di bully rakyat sendiri.. Lgian klo gk mau di bully seenggaknye kerja yg bener dong jgn selfie mlu.. Ya udh deh mau gmne lgi ye kan.. Mendingan #2019PrabowoPresidenRI ","1084959546341187584","","","in","","0","0","0","https://x.com/undefined/status/1084959546341187584","3306591327",
"1084830930231910401","Mon Jan 14 23:44:45 +0000 2019","0","@Dennysiregar7 @jokowi Bisa sebutkan apa prestasinya selain bangun infrastrutur dgn cara hutang....???","1084959536585134080","","","in","","0","0","0","https://x.com/undefined/status/1084959536585134080","1028673662843379713",
"1084784005961011201","Mon Jan 14 23:44:41 +0000 2019","0","@Ferdinand_Haean Mulai berhalusinasi wkwk.. kamar di RSJ udh disiapin 1 tuh bang buat ente pake stlh pemilu kelar ","1084959519350771712","","Ferdinand_Haean","in","","0","0","0","https://x.com/undefined/status/1084959519350771712","817030315193470976",
"1084827660142833665","Mon Jan 14 23:44:39 +0000 2019","0","@Dahnilanzar @prabowo Paham masalah atau cuma mw menghina gaji dokter lebih kecil dari tuksng parkir ya dasar Kudahnil ","1084959510706380800","","Dahnilanzar","in","","0","0","0","https://x.com/undefined/status/1084959510706380800","942276944116060161",
"1084902981114376193","Mon Jan 14 23:44:36 +0000 2019","0","@rmolco Solusi buat menggelembungkan kuota import maksudnya dan itu ada di Jokowi","1084959497456504832","","rmol_id","in","","0","0","0","https://x.com/undefined/status/1084959497456504832","1030639089584726017",
"1084810623941107717","Mon Jan 14 23:44:35 +0000 2019","0","@zarazettirazr @EdoEdriblell @prabowo Tanda tak bisa niru... Bye... Map ogut sih ogah niru niru... Xixixixi","1084959494495297536","","","in","","0","0","0","https://x.com/undefined/status/1084959494495297536","1057321686993780736",
"1084818292252893184","Mon Jan 14 23:44:30 +0000 2019","0","@MISAKUBA55pk @Fahrihamzah @prabowo Mu gkin cebong ini GK tau arti visi misi.... ","1084959473666449408","","MISAKUBA55pk","in","","0","0","0","https://x.com/undefined/status/1084959473666449408","1053486563907137536",
"1084651623920459777","Mon Jan 14 23:44:29 +0000 2019","0","@suarwijana @dedyotonx @KimmyElizabeth1 @yusuf_dumdum @putrabanten80 @jokowi Hhaahhah kalau kenyataannya itu bukti mau tulis disini di batasi tulisannya ya di screnshot dari fb percuma kosong ga ada otaknya di isi apa pun g masuk","1084959468868096000","","suarwijana","in","","0","0","0","https://x.com/undefined/status/1084959468868096000","1079992722314784768",
"1084959465475051521","Mon Jan 14 23:44:28 +0000 2019","0","Panitia Tabligh Akbar Alumni 212 Siap Hadapi Aduan TKD Jokowi https://t.co/dJS8q72g7W","1084959465475051521","","","in","","0","0","0","https://x.com/undefined/status/1084959465475051521","962348570",
"1084958008000471040","Mon Jan 14 23:44:28 +0000 2019","0","@PriyoBudiS @prabowo @sandiuno Punya komitmen kuat bawa Indonesia keluar dari kondisi mengerikan setelah ditinggalkan rezim Jokowi...","1084959464589975553","","PriyoBudiS","in","","0","0","0","https://x.com/undefined/status/1084959464589975553","2518915579",
"1084820009690456066","Mon Jan 14 23:44:24 +0000 2019","0","@killthedj Cieee yang baru ketemu sama jokowi bahasanya ajiibb jib jibbn jibbb... ","1084959449209393152","","killthedj","in","","0","0","0","https://x.com/undefined/status/1084959449209393152","1036720459",
"1084959438971305985","Mon Jan 14 23:44:22 +0000 2019","0","(15-01-2019) mari kita sukseskan pemilu damai pileg dan pilpres tahun 2019 Tanpa hoax dan provokasi. . #polresgunugkidul #poldajogja #Divishumaspolri https://t.co/0wAzuU9QZ2","1084959438971305985","","","in","","0","0","0","https://x.com/undefined/status/1084959438971305985","1052742926080471040",
"1084634419728547840","Mon Jan 14 23:44:22 +0000 2019","0","@VotingPresiden Kontol.. jangan cuma memihak jokowi aNda","1084959437209534464","","VotingPresiden","in","","0","0","0","https://x.com/undefined/status/1084959437209534464","1070993203090743298",
"1084824311616004097","Mon Jan 14 23:44:20 +0000 2019","0","@gm_gm Karena kami ingin Prabowo menunaikan janjinya maka #17AprilcoblosPrabowoSandi #17AprilPrabowoPresiden #IndonesiaMenang","1084959432637800448","","gm_gm","in","","0","0","0","https://x.com/undefined/status/1084959432637800448","1569916520",
"1084959430943363072","Mon Jan 14 23:44:20 +0000 2019","0","(DETIKCOM | Dai Aceh Tunggu Surat Resmi Kubu Jokowi dan Prabowo soal Baca Alquran) https://t.co/coPKR0nrrE #pemilu #pemilu2019","1084959430943363072","","","in","","0","0","0","https://x.com/undefined/status/1084959430943363072","968428811107819521",
"1084959429995319296","Mon Jan 14 23:44:20 +0000 2019","0","Janji Angkat Perangkat Desa Jadi PNS Politik Jokowi Jelang Pemilu https://t.co/5GuNU12KGe","1084959429995319296","","","in","","0","0","0","https://x.com/undefined/status/1084959429995319296","1248637736",
"1084694975118340102","Mon Jan 14 23:44:19 +0000 2019","0","@jokowi @ganjarpranowo Matursuwun pak @jokowi pak @ganjarpranowo ","1084959427004751872","","jokowi","in","","0","0","0","https://x.com/undefined/status/1084959427004751872","1402578042",
"1084847938646360064","Mon Jan 14 23:44:15 +0000 2019","0","@NUgarislucu Tangi mangan ngudud nyuek koran isine musuh capres sing menang rasan rasan ngising turu","1084959408151379968","","NUgarislucu","in","","0","0","0","https://x.com/undefined/status/1084959408151379968","1057805356884156416",
"1084827660142833665","Mon Jan 14 23:44:11 +0000 2019","0","@Dahnilanzar @prabowo Mlm ini lahir hoax baru. Gaji Dr lbh kecil dr tkg parkir Lagi....lagi....lagi....dan lagi...","1084959393190338560","","Dahnilanzar","in","","0","0","0","https://x.com/undefined/status/1084959393190338560","2790706139",
"1084959388505333760","Mon Jan 14 23:44:10 +0000 2019","0","Kini Bantenpun bersinergi mendukung Jokowi-Ma'ruf :) https://t.co/fKGcKXPFZ8 #OrangBaikMemenangkanJokowi","1084959388505333760","","","in","","0","0","0","https://x.com/undefined/status/1084959388505333760","1069449317293875201",
"1084924506752184320","Mon Jan 14 23:44:06 +0000 2019","0","@emerson_yuntho @prabowo 3.7 males liat prabowo pidato","1084959371623247872","","emerson_yuntho","en","","0","0","0","https://x.com/undefined/status/1084959371623247872","98348255",
"1084810623941107717","Mon Jan 14 23:43:56 +0000 2019","0","@zarazettirazr @fadlizon @prabowo Yang saya tunggu cuma pidato pengunduran diri sebagai capres.","1084959330711949312","","","in","","0","0","0","https://x.com/undefined/status/1084959330711949312","1978935415",
"1084959316044476416","Mon Jan 14 23:43:53 +0000 2019","0","cuma mau tanya *Apa beda Pidato dan Orasi ? *Semalam pak Prabowo itu Pidato atau Orasi ?","1084959316044476416","","","in","","0","0","0","https://x.com/undefined/status/1084959316044476416","1080446670356209665",
"1084817095018201089","Mon Jan 14 23:43:49 +0000 2019","0","@jokowi 1meter 500 milyar. Ajaib","1084959300009680896","","jokowi","in","","0","0","0","https://x.com/undefined/status/1084959300009680896","1053290268504481797",
"1084959298688507904","Mon Jan 14 23:43:49 +0000 2019","0","jokowi adalah monumen hidup kebohongan","1084959298688507904","","","in","","0","0","0","https://x.com/undefined/status/1084959298688507904","1016516709606293506",
"1084835169821806594","Mon Jan 14 23:43:48 +0000 2019","0","@YesmieA @Fahrihamzah @prabowo @sandiuno https://t.co/lz4JmxGHs0","1084959296985546752","https://pbs.twimg.com/media/Dw6MuTmUwAAjUCn.jpg","","qme","","0","0","0","https://x.com/undefined/status/1084959296985546752","45772167",
"1084943505389105152","Mon Jan 14 23:43:48 +0000 2019","0","@seline43340570 @marierteman @prabowo @sandiuno Biasa baru netes bong ","1084959295039430657","","seline43340570","in","","0","0","0","https://x.com/undefined/status/1084959295039430657","745556412261011456",
"1084958008000471040","Mon Jan 14 23:43:45 +0000 2019","0","@PriyoBudiS @prabowo @sandiuno Karena selama 4 tahun ini saya miskin pak berharap ada perubahan dari #PrabowoSandi terutama ada harapan lap pkerjaan akses modal terutama.","1084959282020274176","","PriyoBudiS","in","","0","0","0","https://x.com/undefined/status/1084959282020274176","1039798857205350412",
"1084814424903467008","Mon Jan 14 23:43:44 +0000 2019","0","@joxzin_jogja @prabowo Aku ra nonton kang.... Ada vidionyakah","1084959281294729217","","joxzin_jogja","in","","0","0","0","https://x.com/undefined/status/1084959281294729217","3152245981",
"1084817685681135617","Mon Jan 14 23:43:44 +0000 2019","0","@Rusydi_riau @Angelyca_Nayoan @prabowo @sandiuno Insya'allah dan tidak akan ada lagi persekusi dan ketidak adilan di bumi tercinta Indonesia...Aamiin","1084959278249594880","","Rusydi_riau40","in","","0","0","0","https://x.com/undefined/status/1084959278249594880","107945454",
"1084827660142833665","Mon Jan 14 23:43:43 +0000 2019","0","@Dahnilanzar @prabowo https://t.co/X1hxxxsLYz ","1084959274810261504","","Dahnilanzar","qme","","0","0","0","https://x.com/undefined/status/1084959274810261504","942276944116060161",
"1084814500631638016","Mon Jan 14 23:43:37 +0000 2019","0","@detikcom guys kalo lu tau pada bpjs ngebayar jasa dokter umum buat 1 pasien cm 3000-6000 di puskesmas dan buat dokter gigi cuma dibayar 2000/pasien. pasien itu tdk sebanyak mobil2 yg parkir guys :) itu mingkin sebabnya pak prabowo ngomong kayak gitu","1084959251561238528","","detikcom","in","","0","0","0","https://x.com/undefined/status/1084959251561238528","459781082",
"1084654269691613185","Mon Jan 14 23:43:34 +0000 2019","0","@sandiuno @prabowo Sehat slalu bang @sandiuno","1084959239611662338","","sandiuno","in","","0","0","0","https://x.com/undefined/status/1084959239611662338","2587080494",
"1084959234536734720","Mon Jan 14 23:43:33 +0000 2019","0","I liked a @YouTube video https://t.co/pwyKgmEhFb Pidato Kebangsaan Prabowo Subianto | tvOne (14/1/2019)","1084959234536734720","","","in","","0","0","0","https://x.com/undefined/status/1084959234536734720","42826671",
"1084959175275356161","Mon Jan 14 23:43:19 +0000 2019","0","(BBC | Kasus Novel Baswedan: Bagaimana independensi tim gabungan bentukan polisi?) https://t.co/HIGUPlH1Dw #pemilu #pemilu2019","1084959175275356161","","","in","","0","0","0","https://x.com/undefined/status/1084959175275356161","968428811107819521",
"1084816903166558208","Mon Jan 14 23:43:19 +0000 2019","0","@djenggozainal @francmohede @prabowo Cie cie... si djenggo ngiri sama tukang parkir.. cie ciee... #IndonesiaMenang #2019PrabowoPresidenRI #2019TidakPilihPetugasPartai","1084959173282942977","","djenggozainal","in","","0","0","0","https://x.com/undefined/status/1084959173282942977","151321006",
"1084959164533592064","Mon Jan 14 23:43:17 +0000 2019","0","@hariadhi @Dennysiregar7 @arieparikesit @prabowo @sandiuno https://t.co/n6mze7ouKS","1084959164533592064","https://pbs.twimg.com/media/Dw6MmPYVsAAP9tx.jpg","hariadhi","qme","","0","0","0","https://x.com/undefined/status/1084959164533592064","63094108",
"1084959158510661633","Mon Jan 14 23:43:15 +0000 2019","0","Saran saya buat @KPU_ID next time capres 2 itu selain test kesehatan fisik jg test kesehatan jiwa secara komprehensif... Kalo hampir setiap buat statement nge HOAX patut diragukan kewarasan nya capres ini.","1084959158510661633","","","in","","0","0","0","https://x.com/undefined/status/1084959158510661633","232197008",
"1084477681926696960","Mon Jan 14 23:43:10 +0000 2019","0","@Ferdinand_Haean Hasil dari sebuah rekayasa klas kakap. Kita paham ambisius Prabowo krn hanya bisa menjadi pemimpin dlm periode ini. Tapi jgnlah bermimpi Jokowi akan terpilih kembali...","1084959135416774656","","Ferdinand_Haean","in","","0","0","0","https://x.com/undefined/status/1084959135416774656","1039868589187026949",
"1084959129918091264","Mon Jan 14 23:43:08 +0000 2019","3683","Pak SBY dan Seluruh Ketum Partai sudah mendengar sendiri janji Capres Pak Prabowo: Menjaga keberagaman Menghargai Pemimpin Sebelumnya dari Soekarno hingga SBY Memuliakan Pak Jokowi dengan tidak ada satu patah kata pun dalam pidato yang menyerang Pribadi.","1084959129918091264","","","in","","0","186","1058","https://x.com/undefined/status/1084959129918091264","3252997136",
"1083267692738441216","Mon Jan 14 23:43:05 +0000 2019","0","@Khanzaa84332020 @Pidoli_Lombang @LisaAmartaTara @PEPESOfficial @prabowo @sandiuno @Ferdinand_Haean @MbahUyok @fadlizon @Dahnilanzar @swulll Jgn jelasin ke gua mbak jelasin ke ustat yg sudah menjelaskan kalo yg di buat itu salah knp ke sy heh","1084959117679112192","","RiriAmalove","in","","0","0","0","https://x.com/undefined/status/1084959117679112192","1081435799109853184",
"1084811007531208705","Mon Jan 14 23:43:02 +0000 2019","0","@TitaNurhayati_ @pangeranPalsu @Alfayelloow @zarazettirazr @harysantana @prabowo @KompasTV @Metro_TV @OfficialiNewsTV @TRANSTV_CORP Jangan sampe hp mu di lempar :v","1084959102151778305","","","in","","0","0","0","https://x.com/undefined/status/1084959102151778305","1070641371059384325",
"1084824311616004097","Mon Jan 14 23:43:01 +0000 2019","0","@gm_gm jokowi berjanji tidak ditepati jokowi berjanji rakyat dibohongi jokowi berjanji harga2 tinggi jokowi berjanji rakyat sakit hati jokowi berjanji hanya berselfie jokowi berjanji negara merugi","1084959101237379072","","gm_gm","in","","0","0","0","https://x.com/undefined/status/1084959101237379072","1016516709606293506",
"1084811948145881088","Mon Jan 14 23:43:01 +0000 2019","0","@Official_PAN @reyharlan @AkunTofa @prabowo @sandiuno Mantap menuju istana intuk NKRI #IndonesiaMenang https://t.co/SRsc36dg2w","1084959098792079360","https://pbs.twimg.com/media/Dw6MjJ-VAAA1Ege.jpg","Official_PAN","in","","0","0","0","https://x.com/undefined/status/1084959098792079360","2760921103",
"1084834457939365890","Mon Jan 14 23:43:01 +0000 2019","0","@Fahrihamzah @prabowo pak mau nanya apa iya pt GARUDA INDONESIA bangkrut???kok pesawatnya masih beroperasi?tolong dijawab sekalian dijawab apa benar gaji dokter lbh sedikit dari tukang parkir???trus diserang istana katanya ada anak tdk berangkat ke sekolah karena tdk makan 2 hari","1084959098653704192","","Fahrihamzah","in","","0","0","0","https://x.com/undefined/status/1084959098653704192","826281705434550276",
"1084959074217648128","Mon Jan 14 23:42:55 +0000 2019","0","Iya.. Sudah umum kok. Kalau model yang dipake Pak Prabowo semalam itu pertama kali dipopulerkan oleh Obama..","1084959074217648128","","","in","","0","0","0","https://x.com/undefined/status/1084959074217648128","113328047",
"1084959070107328512","Mon Jan 14 23:42:54 +0000 2019","0","@2gudangbegundal ini hombreng2 pendukung jokowi...miriiis","1084959070107328512","","02Pecun_dang","in","","0","0","0","https://x.com/undefined/status/1084959070107328512","2605763047",
"1084959067099910144","Mon Jan 14 23:42:53 +0000 2019","0","Yg penting kita fokus menuju perubahan bersama @prabowo @sandiuno menang menang menang harus menang.","1084959067099910144","","","in","","0","0","0","https://x.com/undefined/status/1084959067099910144","987290706266882050",
"1084827660142833665","Mon Jan 14 23:42:49 +0000 2019","0","@Dahnilanzar @prabowo Analisa yg masuk akal &amp; keren bang @Dahnilanzar dukung 100% #IndonesiaMenang","1084959050024988672","","Dahnilanzar","in","","0","0","0","https://x.com/undefined/status/1084959050024988672","1042441095576150016",
"1084884787712516097","Mon Jan 14 23:42:49 +0000 2019","0","@Manamiwyn @Viscanastashia @prabowo @PBIDI Meningkatkan porsi jasa medis tanpa menaikkan iuran BPJS tapi meningkatkan tarif klaim Ina-CBGs. Duit dari langit. Banyak berdoa. Jual kuda.","1084959049064472576","","Manamiwyn","in","","0","0","0","https://x.com/undefined/status/1084959049064472576","139709636",
"1084817095018201089","Mon Jan 14 23:42:49 +0000 2019","0","@jokowi Presiden perkumpulan perselvian Muak presiden ko hanya bisa selvi","1084959047395098625","","jokowi","in","","0","0","0","https://x.com/undefined/status/1084959047395098625","980815804370337794",
"1084654468438753282","Mon Jan 14 23:42:48 +0000 2019","0","@sandiuno Jokowi lg pilihan saya","1084959046296252416","","sandiuno","in","","0","0","0","https://x.com/undefined/status/1084959046296252416","965229820777934848",
"1084959036485754880","Mon Jan 14 23:42:46 +0000 2019","0","Alasan utamanya sudah jelas untuk menyelamatkan NKRI Prabowo Sandi adalah solusi. Bukan begitu mas @PriyoBudiS. Itu wajib a'in nya.. Sunnahnya banyak sekali... @prabowo @sandiuno #SolusiNKRI","1084959036485754880","","","in","","0","0","0","https://x.com/undefined/status/1084959036485754880","707572759518257152",
"1084958977354395648","Mon Jan 14 23:42:32 +0000 2019","0","@KPU_ID Janganlah bergeser 1 cm pun memihak salah satu capres karena yg kau bela belum tentu terpilih. Keterpihakanmu dapat menjerumuskanmu utamanya bangsa dan negaramu","1084958977354395648","","KPU_ID","in","","0","0","0","https://x.com/undefined/status/1084958977354395648","379913295",
"1084958974498066432","Mon Jan 14 23:42:31 +0000 2019","0","Tolong dijawab pak @jokowi apakah juga mampu pidato tanpa teks selama 1 5 jam spt @prabowo di #PidatoKebangsaanPrabowo ? Kalau bisa buktikan sy maafkan kegagalannya memenuhi janji tdk naikkan TDL BBM tdk akan berhutang dll. Bahkan sy siap mendukung di pilpres 2019.","1084958974498066432","","","in","","0","0","0","https://x.com/undefined/status/1084958974498066432","705494211538194432",
"1084958969435631617","Mon Jan 14 23:42:30 +0000 2019","0","Pengamat: Jokowi Lebih Siap Hadapi Debat Dibanding Prabowo https://t.co/mciq1jheCy","1084958969435631617","","","in","","0","0","0","https://x.com/undefined/status/1084958969435631617","22126902",
"1084707490011348993","Mon Jan 14 23:42:28 +0000 2019","0","@AkunTofa @prabowo Itu mau memantapkan ganti visi misi?","1084958961756004352","","AkunTofa","in","","0","0","0","https://x.com/undefined/status/1084958961756004352","38335839",
"1084957823799197696","Mon Jan 14 23:42:27 +0000 2019","0","@Herry_Mety @jokowi @Chilli_Pari @BIN_Official (@prabowo - @sandiuno @adilmakmur02) Jangan salah mreka di Solo pada mao cari jodoh Puteri Solo! ... Aya aya waee!","1084958958786437126","","Maun_Bot","in","","0","0","0","https://x.com/undefined/status/1084958958786437126","978675773786570752",
"1084958944341090304","Mon Jan 14 23:42:24 +0000 2019","0","Keren nih @jokowi bikin @Gerindra @prabowo @sandiuno @SBYudhoyono @ProfAmienRais @MardaniAliSera sicombe @fadlizon @Fahrihamzah loe msh bgs dp zonk Mending loe gabung sm yg pasti!spt Ngabalin dp jd kacung fadli https://t.co/pL3xfFfu5e","1084958944341090304","","","in","","0","0","0","https://x.com/undefined/status/1084958944341090304","2486128351",
"1084958927555416064","Mon Jan 14 23:42:20 +0000 2019","0","Wadaw si bapak capres yang satu ini dah macem cenayang aja ngomongnya.","1084958927555416064","","","in","","0","0","0","https://x.com/undefined/status/1084958927555416064","126905080",
"1084835169821806594","Mon Jan 14 23:42:17 +0000 2019","0","@YesmieA @Fahrihamzah @prabowo @sandiuno Awalnya nge gas minta tes ngaji...eh tau penantangnya...suaranya melempem.. https://t.co/TFIVu17LTA","1084958914167300096","https://pbs.twimg.com/media/Dw6MYaVUUAAJnpQ.jpg","","in","","0","0","0","https://x.com/undefined/status/1084958914167300096","45772167",
"1084741130074406912","Mon Jan 14 23:42:17 +0000 2019","0","@CakKhum Bohong itu semua anda cuman mengharapkan belas kasian rakyat.sumber waras sudah jelas BPK nya masuk bui.freeport ada ke tidak jujur ane Mentri sebelum jokowi","1084958913231900674","","suaragagap","in","","0","0","0","https://x.com/undefined/status/1084958913231900674","954388642792816640",
"1084958908311953409","Mon Jan 14 23:42:15 +0000 2019","0","#SelamatPagiJogja ll Tribun Jogja : Prabowo pidato berapi api. Susilo Bambang Yudhoyono Amien Rais dan Titiek hadir menyimak","1084958908311953409","","","in","","0","0","0","https://x.com/undefined/status/1084958908311953409","189059637",
"1084827660142833665","Mon Jan 14 23:42:14 +0000 2019","0","@Dahnilanzar @prabowo Tidak salah lagi #2019PrabowoPresidenRI #PidatoKebangsaanPrabowo #IndonesiaMenang","1084958901336825857","","Dahnilanzar","in","","0","0","0","https://x.com/undefined/status/1084958901336825857","254630553",
"1084958901009711104","Mon Jan 14 23:42:14 +0000 2019","0","Pidato Kebangsaan Prabowo - Anggap SBY Guru Ramalan Krisis Air hingga Optimisme Titiek Soeharto https://t.co/lVqQMmlaDV lewat @Tribun_Jakarta","1084958901009711104","","","in","","0","0","0","https://x.com/undefined/status/1084958901009711104","2188143474",
"1084958891778043904","Mon Jan 14 23:42:12 +0000 2019","0","Satu kesalahan pak prabowo adalah pidato tanpa teks hehe","1084958891778043904","","","in","","0","0","0","https://x.com/undefined/status/1084958891778043904","957539394998579200",
"1084800905772392448","Mon Jan 14 23:42:11 +0000 2019","0","@swulll @b_fjakarta @prabowo @sandiuno @Dahnilanzar @fadlizon @Fahrihamzah @PriyoBudiS @panca66 @Ajeng__Cute16 @ices_tea @bengkeldodo @RosyDPS @dewkemalahayati @LisaAmartaTara @AsFairus @macan_uTara @harysantana Emak @swulll ati2 ada plagiat tuuhhh... https://t.co/4znutpJcUS","1084958890268082176","https://pbs.twimg.com/media/Dw6MWzDVAAA1gzh.jpg","swulll","in","","0","0","0","https://x.com/undefined/status/1084958890268082176","2849475270",
"1084958880432451584","Mon Jan 14 23:42:09 +0000 2019","0","Saat Jokowi Marah dan Jengkel Ada yang Menyebut Indonesia Bubar https://t.co/Lv1GG4ktPQ","1084958880432451584","","","in","","0","0","0","https://x.com/undefined/status/1084958880432451584","456426648",
"1084958876397522944","Mon Jan 14 23:42:08 +0000 2019","0","5 Fakta Kritik Prabowo Soal BUMN Bangkrut dan Serangan Balik Pemerintah https://t.co/Y2u9aiU3Gr","1084958876397522944","","","in","","0","0","0","https://x.com/undefined/status/1084958876397522944","456426648",
"1084687396938047488","Mon Jan 14 23:42:03 +0000 2019","0","@hnurwahid @PKSejahtera @prabowo Pak @hnurwahid gimana kabarnya ulama dadakan pilihan njenengan denger2 mengaku lebih hebat dari Nabi Yusuf....","1084958856331948033","","hnurwahid","in","","0","0","0","https://x.com/undefined/status/1084958856331948033","1010804129864695808",
"1084765474397671424","Mon Jan 14 23:42:02 +0000 2019","0","@projopusat @jokowi @FaGtng @MahesaTiwi @P3nj3l4j4h @Consheraa @Airin_NZ @CH_chotimah Horas namboru !!! #JokowiNyataKerjanya #JokowiMaruf2019 #01IndonesiaMaju #01JokowiLagi #IndonesiaMakinMaju #TetapJokowi #TetapSayangJokowi #2019TetapJokowi","1084958852825542656","","caknur1414","in","","0","0","0","https://x.com/undefined/status/1084958852825542656","776620209532645376",
"1084811948145881088","Mon Jan 14 23:42:02 +0000 2019","0","@Official_PAN @AkunTofa @prabowo @sandiuno #SalamSatuJempol","1084958850204106752","","Official_PAN","qme","","0","0","0","https://x.com/undefined/status/1084958850204106752","887339976232386560",
"1084958847368757248","Mon Jan 14 23:42:01 +0000 2019","0","Perlu belajar dr negara tetangga sepertinya kita pak:( @jokowi","1084958847368757248","","","in","","0","0","0","https://x.com/undefined/status/1084958847368757248","713881327",
"1084765474397671424","Mon Jan 14 23:42:00 +0000 2019","0","@projopusat @jokowi @FaGtng @MahesaTiwi @P3nj3l4j4h @Consheraa @Airin_NZ @CH_chotimah Ini baru pesta demokrasi...bahagia bukan teriak2 sebut asma Tuhan lalu maksa buka barikade kesannya seram... cukup politisasi agama dikedua belah pihak seperti kata pak @jokowi mari sambut ini sebagai pesta demokrasi bukan perang proxy...","1084958845456113669","","caknur1414","in","","0","0","0","https://x.com/undefined/status/1084958845456113669","825166174723772416",
"1084818292252893184","Mon Jan 14 23:41:59 +0000 2019","0","@Fahrihamzah @prabowo Yang ada rakyat banyak yang bunuh diri sebelum di culik","1084958840653639680","","Fahrihamzah","in","","0","0","0","https://x.com/undefined/status/1084958840653639680","191057228",
"1084705540255539200","Mon Jan 14 23:41:58 +0000 2019","0","@harysantana @Teh_telor78 @HarryRidwan_Ay @Angelyca_Nayoan @bangagoeng96 @KBedug @212ThePowerOff1 @HotPepperminTea @Dody_Lukas___ @Rusydi_riau @Riast10 @IpungLombok @ices_tea @EDitektif @Anggraini_4yu @Valhalla_Asgard @kucingeksotic @GPAnsor_Satu @prabowo @tv2nkri @tvOneNews Semoga Allah SWT memberkahi dan meridhoi Prabowo - Sandiaga Pemimpin baru Indonesia Aamiin yaa Rabbal'alaamiin","1084958836211896323","","harysantana","in","","0","0","0","https://x.com/undefined/status/1084958836211896323","906049971450818560",
"991211191237197824","Mon Jan 14 23:41:57 +0000 2019","0","@PBIDI persis td mlm apa yg dikatakan dlm pidato capres 02 @prabowo ","1084958828922232833","","PBIDI","in","","0","0","0","https://x.com/undefined/status/1084958828922232833","811124273762795520",
"1083128374564802560","Mon Jan 14 23:41:54 +0000 2019","0","@Fatchiya2 @MasYan19787125 @Kasayanto @dasamurka11 @AkunTofa Kenyataannya jokowi sukses memimpin negeri ini...knp sih kalian tdk percaya klo jokowi itu punya prestasi selama periode ini...","1084958819799621632","","Fatchiya2","in","","0","0","0","https://x.com/undefined/status/1084958819799621632","779371649258840064",
"1084957297321795584","Mon Jan 14 23:41:51 +0000 2019","0","@irene_juniva Biar juru parkir yg jawab apa betul gaji mereka lebih besar dari dokter spt kata pk prabowo...","1084958804947525632","","","in","","0","0","0","https://x.com/undefined/status/1084958804947525632","387503902",
"1084958804452638721","Mon Jan 14 23:41:51 +0000 2019","0","Rekan-rekan media silakan hadir. Mari kita selamatkan pemilu dan demokrasi kita untuk Indonesia yang lebih baik. https://t.co/npFMXjHqiT","1084958804452638721","https://pbs.twimg.com/media/Dw6MRgLV4AALFth.jpg","","in","","0","0","0","https://x.com/undefined/status/1084958804452638721","610564340",
"1084805887804375040","Mon Jan 14 23:41:48 +0000 2019","0","@RisqiAriqo108 @faizalassegaf @prabowo @jokowi Terimakasih diingatkan emang saya netral akan tetapi memakai hastag Prabowo for presiden apakah dilarang? ","1084958793664872449","","riskarikoo","in","","0","0","0","https://x.com/undefined/status/1084958793664872449","2689130125",
"1084778245784928256","Mon Jan 14 23:41:46 +0000 2019","0","@marierteman @utuntauk @prabowo Dahsyat. Ojol ga mau kalah. Walaupun ga kebagian tempat duduk di dalam tetep senyum bahagia dengan canda riang tawa.","1084958784294813697","","marierteman","in","","0","0","0","https://x.com/undefined/status/1084958784294813697","1661923682",
"1084958745816223745","Mon Jan 14 23:41:37 +0000 2019","0","@prabowo Sampaikan Visi Misi 1 5 Jam Tanpa Teks Netizen: Paslon Ono Mah Gak Bisa Begini! https://t.co/8fcMj7hM2Q","1084958745816223745","","prabowo","in","","0","0","0","https://x.com/undefined/status/1084958745816223745","1082992095361609728",
"1084651623920459777","Mon Jan 14 23:41:36 +0000 2019","0","@dedyotonx @suarwijana @KimmyElizabeth1 @yusuf_dumdum @putrabanten80 @jokowi Hahaahhaahh bbm satu harga main2 ke papua banyak plosok yang jauh dari spbu itu mhal harganya terus lagi dari jaman sby juga sama harganya","1084958744109170689","","dedyotonx","in","","0","0","0","https://x.com/undefined/status/1084958744109170689","1079992722314784768",
"1084958737805148160","Mon Jan 14 23:41:35 +0000 2019","0","Kalo cuman yg bisa ngomong aja dianggep layak jadi presiden Aku milih capres mario teguh aja lah Dangkal x pikiran mu nilai layak tidak cm dr bacotan Liat track record visi misi program Masa cm pidato yg lagi lagi selalu diawali saya dapat laporan Itu capres apa tkg rumpi?","1084958737805148160","","","in","","0","0","0","https://x.com/undefined/status/1084958737805148160","67223292",
"1084705424396308480","Mon Jan 14 23:41:35 +0000 2019","0","@jenniemouldy @prabowo @RizmaWidiono @BadjaNuswantara @P3nj3l4j4h @JajangRidwan19 @hariadhi @habibthink @Aryprasetyo85 @kangdede78 @MasTBP_ @motulz Amin","1084958737310216192","","jenniemouldy","en","","0","0","0","https://x.com/undefined/status/1084958737310216192","1049853472055558145",
"1084827660142833665","Mon Jan 14 23:41:30 +0000 2019","0","@Dahnilanzar @prabowo Ya dimana ya ada gaji tukang parkir lbh besar daripada gaji dokter hidup tukang parkir","1084958717513093121","","Dahnilanzar","in","","0","0","0","https://x.com/undefined/status/1084958717513093121","1370056795",
"1084817095018201089","Mon Jan 14 23:41:29 +0000 2019","0","@jokowi @pa_ndu Cai sing maan undangan?","1084958713381675008","","jokowi","in","","0","0","0","https://x.com/undefined/status/1084958713381675008","976112149150887936",
"1084817095018201089","Mon Jan 14 23:41:28 +0000 2019","0","@jokowi Presiden ku sangat sayang pada pemerintah tingkat bawah Terimakasih Pak Presiden","1084958708096856064","","jokowi","in","","0","0","0","https://x.com/undefined/status/1084958708096856064","1076453587071332352",
"1084818292252893184","Mon Jan 14 23:41:25 +0000 2019","0","@masdukiend @Fahrihamzah @prabowo wach... pagi-pagi lo udach nyamperin gua.. Kirain ada apa adek lo udach lahir? padahal babe lo udach dua taon kagak pulang. sama juga saat lo lahir babe lo juga dua taon kagak pulang. sssssst.... lo harus bisa jaga rahasia sebenernya gua babe lo..!!","1084958696587685888","","masdukiend","in","","0","0","0","https://x.com/undefined/status/1084958696587685888","829211010741465088",
"1083267692738441216","Mon Jan 14 23:41:23 +0000 2019","0","@Pidoli_Lombang @MaskuMasku1 @LisaAmartaTara @PEPESOfficial @prabowo @sandiuno @Ferdinand_Haean @MbahUyok @fadlizon @Dahnilanzar @swulll Kk biasa aja kali kak gak usah ke gitu gak ada yg perlu d mnta maaf heheh makasih tuhan jaga slalu","1084958688748564480","","Pidoli_Lombang","in","","0","0","0","https://x.com/undefined/status/1084958688748564480","1081435799109853184",
"1084818292252893184","Mon Jan 14 23:41:23 +0000 2019","0","@odie88rdz @PalingKafir @Fahrihamzah @prabowo Ngarp dia mundur ya....spy sblh bs lgsg jd.....","1084958687779729408","","odie88rdz","in","","0","0","0","https://x.com/undefined/status/1084958687779729408","1069542131738374144",
"1084958667743494144","Mon Jan 14 23:41:18 +0000 2019","0","PAPUA HARUS MENANG KITA HARUS MENANG KITA NKRI KITA BERSAUDARA KITA BERSATU.. PRABOWO SANDI MENANG INDONESIA MENANG INDONESIA JAYA!!!!!","1084958667743494144","","","in","","0","0","0","https://x.com/undefined/status/1084958667743494144","3226946688",
"1084958663435927552","Mon Jan 14 23:41:17 +0000 2019","0","# Orang baik memenangkan Jokowi # Jokowi Indonesia maju # Jokowi satu kali lagi https://t.co/W8EXj7lw41","1084958663435927552","https://pbs.twimg.com/media/Dw6MGZyU0AA_CTj.jpg","","in","","0","0","0","https://x.com/undefined/status/1084958663435927552","1084675459596447746",
"1084958650907516929","Mon Jan 14 23:41:14 +0000 2019","0","Indonesia MENANG dlm KEPEMIMPINAN PRABOWO SANDI ! Menghadapi Globalisme! Agar Generasi NKRI tidak menjadi KACUNG2 JAGA SDA NKRI&amp; Jaga SDM!","1084958650907516929","","","in","","0","0","0","https://x.com/undefined/status/1084958650907516929","2926789580",
"1084651623920459777","Mon Jan 14 23:41:12 +0000 2019","0","@natadiningrat99 @putrabanten80 ESEMKA kaga jadi2 az elu kaga bilang hoax kasus NOVEL baswedan janji mau dituntasin kaga tuntas2 elu jg kaga bilang hoax jd mngkn msh bnyk lg janji yg blm clear lain nya yg blm tntas eh elu laga kaya kaga tau az mlh nyerang pa prabowo yg blm jadi presiden aseeem2","1084958640438534144","","kenhans03","in","","0","0","0","https://x.com/undefined/status/1084958640438534144","1035751684843032576",
"1084835438869700608","Mon Jan 14 23:41:09 +0000 2019","0","@putrabanten80 Capres....the real presiden....","1084958629877362688","","Oku__records","en","","0","0","0","https://x.com/undefined/status/1084958629877362688","1060292810681675776",
"1084958625557180416","Mon Jan 14 23:41:08 +0000 2019","0","Kamu bisa mengaplikasikan tips diatas mendapatkan beasiswa. Semangat berjuang!(3) #caleg #calegdprri #caleg2019 #pemilu #pemilu2019 #idrissandiya #indonesiamapan #calegkotadepok #calegkotabekasi #depok #bekasi #partaipan #pan #mapan #kotadepok #kotabekasi #infobekasi #infodepok https://t.co/BsVARaPBNU","1084958625557180416","https://pbs.twimg.com/media/Dw6MG6_UUAAFAAx.jpg","","in","","0","0","0","https://x.com/undefined/status/1084958625557180416","1060790237465460741",
"1084958622868660224","Mon Jan 14 23:41:07 +0000 2019","0","cek -&gt; Dai Aceh Tunggu Surat Resmi Kubu Jokowi dan Prabowo soal Baca Alquran Ikatan Dai https://t.co/P7skAnpqIB","1084958622868660224","","","in","","0","0","0","https://x.com/undefined/status/1084958622868660224","1184087684",
"1084810623941107717","Mon Jan 14 23:41:06 +0000 2019","0","@zarazettirazr @prabowo Beda sma sebelah kk","1084958618212913152","","","in","","0","0","0","https://x.com/undefined/status/1084958618212913152","2556112805",
"1084958592153792512","Mon Jan 14 23:41:00 +0000 2019","0","@sandiuno @prabowo @didisuprijadi #indonesiaMenang #2019PrabowoPresidenRI tampa diminta kami para honorer sudah menjadi dan bekerja menjadi relawan pemenangan #PrabowoSandi https://t.co/CVbjFcLboZ","1084958592153792512","https://pbs.twimg.com/media/Dw6MFZRUwAAjVX9.jpg","sandiuno","in","","0","0","0","https://x.com/undefined/status/1084958592153792512","790902080667996160",
"1084793402015674368","Mon Jan 14 23:40:57 +0000 2019","0","@hincapandjaitan @prabowo @husnizarhood @panca66 @isari68 @Fahrihamzah @monethamrin @RachlanNashidik @Ferdinand_Haean @AndiArief__ @MardaniAliSera @fadlizon Rakyat yang menentukan..bukan cuma suara suara sumbang penumpang penumpang partai","1084958577993777153","","hincapandjaitan","in","","0","0","0","https://x.com/undefined/status/1084958577993777153","825379005817712640",
"1084816903166558208","Mon Jan 14 23:40:52 +0000 2019","0","@djenggozainal @francmohede @prabowo Hmm..mau ngincer kerjaan ya?.. yaki bisa jadi tukang parkir?","1084958556820885504","","djenggozainal","in","","0","0","0","https://x.com/undefined/status/1084958556820885504","106742774",
"1084683363498156033","Mon Jan 14 23:39:52 +0000 2019","0","@bangpoerslalu @TimurkotA @afogensea @mudjib_trisatya @prabowo @sandiuno @brandalsantri45 @jokowi https://t.co/FiZGypmzD1","1084958306123141120","https://pbs.twimg.com/media/Dw6LsQYU8AAUoHY.jpg","bangpoerslalu","qme","","0","0","0","https://x.com/undefined/status/1084958306123141120","235431581",
"1084882227438051330","Mon Jan 14 23:39:47 +0000 2019","0","@bangzul_1988 @TheArieAir @KPU_ID @P3nj3l4j4h @JajangRidwan19 @ASapardan @wahhabicc_jabar @ApriliaLin @Airin_NZ @RizmaWidiono @RiuRizkiUtomo @kangdede78 @Kania_Sari86 @KoRnHurry @Namaku_Mei @NurmaTgr @Ardhan_syahil @Y_Radianto @MahesaTiwi @Nisa_safiyaa @wr200465 @5Y5_one_70 @prabowo @purwo82092883 Kkkkkkkk","1084958287269777408","","bangzul_88","und","","0","0","0","https://x.com/undefined/status/1084958287269777408","139228666",
"1084816755938156544","Mon Jan 14 23:39:40 +0000 2019","0","@zarazettirazr @hutomo18 @SBYudhoyono @prabowo Aamiin Ya Robbal Alamin","1084958256089358337","","","in","","0","0","0","https://x.com/undefined/status/1084958256089358337","107945454",
"1084257528953753600","Mon Jan 14 23:39:39 +0000 2019","0","@Ferdinand_Haean @jokowi Prett siapkan diri anda untuk kejang2 pasca pilpres 17.04.2019.","1084958252624797698","","Ferdinand_Haean","in","","0","0","0","https://x.com/undefined/status/1084958252624797698","969194939891372032",
"1084958244781453313","Mon Jan 14 23:39:37 +0000 2019","0","Asumsi nakal selalu saja muncul kepermukaan. Ada yang bilang bahwa Pak @Jokowi di acara PPDI bicara soal pilpres. #OrangBaikMemenangkanJokowi","1084958244781453313","","","in","","0","0","0","https://x.com/undefined/status/1084958244781453313","1080782652112662528",
"1084849000342147075","Mon Jan 14 23:39:36 +0000 2019","0","@alwysahyat @Fahrihamzah @prabowo @jokowi Kira udh hbs brp y uangnya?? Soalny smpe minta sumbngan... jangan klo dah jadi...... aaakkkhhhhh #PositifThinking","1084958240620728320","","alwysahyat","in","","0","0","0","https://x.com/undefined/status/1084958240620728320","105625635",
"1084651623920459777","Mon Jan 14 23:39:36 +0000 2019","0","@Rifan75010336 @dedyotonx @KimmyElizabeth1 @yusuf_dumdum @putrabanten80 @jokowi Status sendiri... Posting sendiri... Eh malah mau di jadiin bukti. Pengin jadi selebritis kelas teri? Kampret kebanyakan halu sendiri. ","1084958237932187649","","rifan_aryan","in","","0","0","0","https://x.com/undefined/status/1084958237932187649","86705376",
"1083267692738441216","Mon Jan 14 23:39:33 +0000 2019","0","@sungkar24 @MaskuMasku1 @LisaAmartaTara @PEPESOfficial @prabowo @sandiuno @Ferdinand_Haean @MbahUyok @fadlizon @Dahnilanzar @swulll :) ","1084958227903569920","","sungkar24","und","","0","0","0","https://x.com/undefined/status/1084958227903569920","987238600390541313",
"1084958225101930496","Mon Jan 14 23:39:33 +0000 2019","0","Assalamualaikum warahmatullahi wabarakatuh. Saudara-saudari sekalian seiring dengan video ini saya mohon doa dan dukungan dari saudara- saudari sekalian pada pemilu legislatif tanggal https://t.co/9rXTqxqo2q","1084958225101930496","","","in","","0","0","0","https://x.com/undefined/status/1084958225101930496","1056224684310650880",
"1084853114224574464","Mon Jan 14 23:39:30 +0000 2019","0","@zoelfick @CakKhum @killthedj @prabowo Jangankan lagu visi misi presiden aja dijiplak ","1084958214804787200","","zoelfick","in","","0","0","0","https://x.com/undefined/status/1084958214804787200","81058880",
"1084958205808062464","Mon Jan 14 23:39:28 +0000 2019","0","Asumsi nakal selalu saja muncul kepermukaan. Ada yang bilang bahwa Pak @Jokowi di acara PPDI bicara soal pilpres. #OrangBaikMemenangkanJokowi","1084958205808062464","","","in","","0","0","0","https://x.com/undefined/status/1084958205808062464","1078883255368077313",
"1084958203492745216","Mon Jan 14 23:39:27 +0000 2019","0","demikian isi pidato capres @prabowo tadi mlm di jcc mari berjuang menangkan @prabowo &amp; @sandiuno @Gerindra @PKSejahtera @fadlizon @PDemokrat @SBYudhoyono @zarazettirazr @MardaniAliSera @ChristWamea @AkunTofa @PEPESOfficial","1084958203492745216","","","in","","0","0","0","https://x.com/undefined/status/1084958203492745216","811124273762795520",
"1084741088638689280","Mon Jan 14 23:39:26 +0000 2019","0","@RakyatKW2 @taufikmadjid71 @SandjojoCenter @jokowi Datang ke daerah Sulawesi Kalimantan atau papua kalo mau tau brp gaji perangkat ","1084958198937743361","","RakyatKW2","in","","0","0","0","https://x.com/undefined/status/1084958198937743361","1019105979776946176",
"1084843501441806336","Mon Jan 14 23:39:26 +0000 2019","0","@Ferdinand_Haean Pilpres lalu pilih jokowi..17 April pilih Prabowo","1084958198375768064","","Ferdinand_Haean","in","","0","0","0","https://x.com/undefined/status/1084958198375768064","1054714511951749120",
"1084958178704408578","Mon Jan 14 23:39:22 +0000 2019","0","Masih meragukan kinerja jokowi?? Jokowi 2 periode #01cirebonraya #01indramayu #01majalengka #01subangmetal #01metalkuningan #KosongSatuMetal #01NUsantaraMetal #01JabarMetal #01PanturaMetal #01SubangMetal #JokowiMenangTotal #JokowiLebihBaik #Jokowi2Periode #BaladJokowi https://t.co/wsl6rWFWbC","1084958178704408578","https://pbs.twimg.com/media/Dw6LtBGUwAAyyzX.jpg","","in","","0","0","0","https://x.com/undefined/status/1084958178704408578","1080794915792072704",
"1084850627392360450","Mon Jan 14 23:39:18 +0000 2019","0","@Fahrihamzah Visi misi capres itu sdh biasa yg psti buat kebaikan bersama kl di jlnkn dgn benar. yg sy mau dngar sbagai rakyat. Apa visi misi capres kl tdk trpilih mnjadi presiden nanti.??","1084958164779290630","","Fahrihamzah","in","","0","0","0","https://x.com/undefined/status/1084958164779290630","1042713098640011264",
"1084817095018201089","Mon Jan 14 23:39:17 +0000 2019","0","@jokowi PRABOWO-SANDI 2019","1084958159700140032","","jokowi","in","","0","0","0","https://x.com/undefined/status/1084958159700140032","981200777816416258",
"1084958152108298240","Mon Jan 14 23:39:15 +0000 2019","0","WiFi : Bro Bagi kata Sandi dong? : PRABOWO : Siap #PidatoKebangsaanPrabowo #IndonesiaMenang #MantanItu","1084958152108298240","","","in","","0","0","0","https://x.com/undefined/status/1084958152108298240","781995607",
"1084810623941107717","Mon Jan 14 23:39:10 +0000 2019","0","@zarazettirazr @prabowo Coba pidatonya pake teks pasti lebih menggelegar tp ia lbh suka jd manusia drpda jd boneka..","1084958130994262016","","","in","","0","0","0","https://x.com/undefined/status/1084958130994262016","1081514763220209664",
"1084694975118340102","Mon Jan 14 23:39:10 +0000 2019","0","@jokowi Masukan dr rakyt pak ...soal honorer yg dipikirkn jngan cm guru sj msh buanyak honorer tenaga kpendidikn slain guru alias PTT disekolahan negri yg gajinya dbwh 300 000 ..kalo blusukn silhkn cek di skolah2 pak","1084958128720928770","","jokowi","in","","0","0","0","https://x.com/undefined/status/1084958128720928770","472684818",
"1084780419147456512","Mon Jan 14 23:39:08 +0000 2019","0","@zarazettirazr @prabowo @sandiuno amin..","1084958121972314112","","","en","","0","0","0","https://x.com/undefined/status/1084958121972314112","2605763047",
"1084818292252893184","Mon Jan 14 23:39:06 +0000 2019","0","@MISAKUBA55pk @Fahrihamzah @prabowo Cebi emang dangkal hati dan dangkal otak ya","1084958111566196736","","MISAKUBA55pk","in","","0","0","0","https://x.com/undefined/status/1084958111566196736","844486463844564992",
"1084821740377657345","Mon Jan 14 23:38:59 +0000 2019","0","@Fahrihamzah @armenr77 @prabowo @sandiuno #02BayarHutang01 #02BayarHutang01","1084958084764643328","","Fahrihamzah","qme","","0","0","0","https://x.com/undefined/status/1084958084764643328","1881893144",
"1084958077776887809","Mon Jan 14 23:38:57 +0000 2019","0","Jokowi minim prestasi dengan segala kelebihan yg Indonesia punya. Bapak yg sedang jatuh hati bukan jokowi yg berprestasi. Ini masalah urus negara pilihlah orang yg suka membaca minimal mau baca kebijakannya yg akan dia tanda tangan hingga tidak disalahgunakan bawahan.","1084958077776887809","","","in","","0","0","0","https://x.com/undefined/status/1084958077776887809","169355483",
"1084958068427808771","Mon Jan 14 23:38:55 +0000 2019","0","2.000 Personel Dikerahkan Amankan Debat Capres https://t.co/FoBeK05ODT","1084958068427808771","","","in","","0","0","0","https://x.com/undefined/status/1084958068427808771","22126902",
"1084958039898124289","Mon Jan 14 23:38:48 +0000 2019","0","AHY Senang Program SBY Kembali digemakan Prabowo: https://t.co/68AH7CJfta via @metrobali","1084958039898124289","","","in","","0","0","0","https://x.com/undefined/status/1084958039898124289","304383364",
"1084844687100235777","Mon Jan 14 23:38:45 +0000 2019","0","@Fahrihamzah @prabowo @sandiuno Wahh... cair lagi 500m nih..","1084958026744778752","","Fahrihamzah","in","","0","0","0","https://x.com/undefined/status/1084958026744778752","1018436887092948993",
"1084635444116041729","Mon Jan 14 23:38:42 +0000 2019","0","@BadjaNuswantara @drdjallalluddin @Paltiwest @KoRnHurry @PDemokrat @Ferdinand_Haean @ruhutsitompul @MemeTanpaHurufK @04Nakula @FaGtng @P3nj3l4j4h @CH_chotimah @andreOPA @Airin_NZ @NaneDianti @sandiuno Bukan mslh pelit dan tdknya..yg jelas masyrkt grobogan ga suka org sombong dan hoax. Apalagi capres sebelah katanya hsl ijtima ulama ternyt ga bs ngaji Quran dan sholatnya ga jelas. Pdhl pendukungnya sering menjual agama sambil koar2 di monas","1084958013331406848","","__MV_llestari__","in","","0","0","0","https://x.com/undefined/status/1084958013331406848","986283820050558976",
"1083902486350462976","Mon Jan 14 23:38:42 +0000 2019","0","@Fahrihamzah @prabowo Demi rakyat #2019 revolusi perubahan","1084958012303790080","","KThawmy","in","","0","0","0","https://x.com/undefined/status/1084958012303790080","1083367714951843840",
"1084958008000471040","Mon Jan 14 23:38:41 +0000 2019","0","Alasan apa saja yg membuat anda yakin harus memilih @prabowo @sandiuno dgn asah seni komunikasi anda tularkan ke berapa orang yg msh kurang/belum yakin dlm 3 bulan menuju 17 April. Kalau bisa banyak berarti anda bertalenta jadi tokoh (jokower dilarang komen nyontek boleh)","1084958008000471040","","","in","","0","0","0","https://x.com/undefined/status/1084958008000471040","184027653",
"1084817095018201089","Mon Jan 14 23:38:40 +0000 2019","0","@Ivanstats @jokowi Bukan mencaci pak jokowi itu lo para para komentator yg gk punya otak cuna bisanya mencaci","1084958006675091456","","Ivanstats","in","","0","0","0","https://x.com/undefined/status/1084958006675091456","1084594818880159744",
"1084957997569171456","Mon Jan 14 23:38:38 +0000 2019","0","@jokowi @Pak_JK @DPR_RI @OmbudsmanRI137","1084957997569171456","","jokowi","qam","","0","0","0","https://x.com/undefined/status/1084957997569171456","2436282074",
"1084957994880765952","Mon Jan 14 23:38:38 +0000 2019","0"," Anak anak pilih Prabowo kalau Jokowi hutang terus jadi negaranya miskin nanti! https://t.co/7k7l4AhtXl","1084957994880765952","","","in","","0","0","0","https://x.com/undefined/status/1084957994880765952","450344595",
"1084957992922025984","Mon Jan 14 23:38:37 +0000 2019","0","Ikatan Dai Aceh menunggu jawaban resmi dari kubu Jokowi maupun Prabowo terkait undangan test membaca Alquran. https://t.co/Ujwk00n4uz","1084957992922025984","","","in","","0","0","0","https://x.com/undefined/status/1084957992922025984","69183155",
"1084957991214960641","Mon Jan 14 23:38:37 +0000 2019","0","(Liputan 6 | Presiden PKS Kritik Pidato Prabowo) https://t.co/drychky8C3 #pemilu #pemilu2019","1084957991214960641","","","in","","0","0","0","https://x.com/undefined/status/1084957991214960641","968428811107819521",
"1084891860923871233","Mon Jan 14 23:38:36 +0000 2019","0","@RoemahDjoeang02 @prabowo @sandiuno Mantap kan lae... Jgn kasih kendor lae..","1084957986932453377","","Presiden_Rusak","in","","0","0","0","https://x.com/undefined/status/1084957986932453377","998595267547906048",
"1084957983837024256","Mon Jan 14 23:38:35 +0000 2019","0","Hebat @prabowo Pidato tanpa teks tapi pakai Teleprompter. Bikin para Kamfret bersorak hooree.... https://t.co/OdoKWtPSM2","1084957983837024256","https://pbs.twimg.com/media/Dw6LiP2UYAIIwhC.jpg","","in","","0","0","0","https://x.com/undefined/status/1084957983837024256","220684893",
"1084811007531208705","Mon Jan 14 23:38:33 +0000 2019","0","@pangeranPalsu @Alfayelloow @zarazettirazr @harysantana @prabowo @KompasTV @Metro_TV @OfficialiNewsTV @TRANSTV_CORP @TitaNurhayati_ wagelaseeehh ini video nya :v","1084957977067442181","","mata_lelah","in","","0","0","0","https://x.com/undefined/status/1084957977067442181","1070641371059384325",
"1084820009690456066","Mon Jan 14 23:38:32 +0000 2019","0","@killthedj @JRX_SID Cc @fadlizon @prabowo @sandiuno @Fahrihamzah @haikal_hassan","1084957970138419200","","killthedj","und","","0","0","0","https://x.com/undefined/status/1084957970138419200","2344355936",
"1084930440840892419","Mon Jan 14 23:38:32 +0000 2019","0","@PriyoBudiS @Minang_cyber Ini jelas pelanggaran pemilu tangkap penjarakan","1084957969547067392","","PriyoBudiS","in","","0","0","0","https://x.com/undefined/status/1084957969547067392","839303315837992961",
"1084816903166558208","Mon Jan 14 23:38:31 +0000 2019","0","@djenggozainal @francmohede @prabowo Pengalaman pribadi ya bro.....","1084957966057361408","","djenggozainal","in","","0","0","0","https://x.com/undefined/status/1084957966057361408","3198662587",
"1084957959031930880","Mon Jan 14 23:38:29 +0000 2019","0"," Jokowi mengalami Defisit kekuasaan kekuasaannya nggak cukup di bawah standar nggak mencukupi untuk jadi pemimpin negara yang rumit besar seperti ini https://t.co/mqGKGt6Y6H","1084957959031930880","","","in","","0","0","0","https://x.com/undefined/status/1084957959031930880","1275225049",
"1084810451173531648","Mon Jan 14 23:38:28 +0000 2019","0","@CNNIDdaily @prabowo Chotto Tiongkok 1 USD jadi 14USD dan Vietnam 1USD jadi 14USD (Setelah 10 tahun) Entah ini yang naik bunganya apa gimana gak dijelasin soalnya terus di Indonesia 1USD jadi 3-4USD (?) LAH ...??? KOMPARASI MACAM APA INI? XD","1084957955991040001","","CNNIDdaily","in","","0","0","0","https://x.com/undefined/status/1084957955991040001","383806583",
"1084689957711560706","Mon Jan 14 23:38:20 +0000 2019","0","@Gerindra @prabowo hihihi janji manis boleh lah... klo rakyat mampu beli daging dan susu atau beras lebih mahal knp tidak.....??! jokowi mah bkn rakyat tu jadi mandiri kaya dan makmur .........hihihihi bgtu min...ngerti","1084957919622230016","","Gerindra","in","","0","0","0","https://x.com/undefined/status/1084957919622230016","843759186005520385",
"1084818292252893184","Mon Jan 14 23:38:19 +0000 2019","0","@PalingKafir @Fahrihamzah @prabowo Setidaknya beliau berusaha tanpa gimmick-gimmick","1084957917533560833","","UndecidedGuys","in","","0","0","0","https://x.com/undefined/status/1084957917533560833","844486463844564992",
"1084957556353642496","Mon Jan 14 23:38:17 +0000 2019","0","W sih gada masalah dengan pak Jokowi ya dia baik orang nya. Cuma yang w gasuka orang2 disekeliling dia penjilat semua keliatan dari mukanya.","1084957909673422848","","LenyMaszura","in","","0","0","0","https://x.com/undefined/status/1084957909673422848","170303585",
"1084817095018201089","Mon Jan 14 23:38:15 +0000 2019","0","@jokowi Jangan suka menjanji pak... Giliran ke Istana pada NGACIR...","1084957899044966400","","jokowi","in","","0","0","0","https://x.com/undefined/status/1084957899044966400","599349498",
"1084951342886486016","Mon Jan 14 23:38:14 +0000 2019","0","@pujianto_adi25 rahasia dalam asas pemilu dah g berlaku gus wkwkw","1084957894208962560","","","in","","0","0","0","https://x.com/undefined/status/1084957894208962560","967751946177097728",
"1084847231365144576","Mon Jan 14 23:38:13 +0000 2019","0","@Islam_progresif @Fahrihamzah @prabowo @sandiuno Muke palsu...komentar ngawur.. pengecut...tampilkan diri anda aslinya..hayoo..","1084957892413775872","","Islam_progresif","in","","0","0","0","https://x.com/undefined/status/1084957892413775872","312416359",
"1084957889700212737","Mon Jan 14 23:38:13 +0000 2019","0","TGB: Jokowi Tetap Tulus Bekerja Walau Terus Difitnah https://t.co/UCn0AJaQFo","1084957889700212737","","","in","","0","0","0","https://x.com/undefined/status/1084957889700212737","846715204637376513",
"1084654269691613185","Mon Jan 14 23:38:10 +0000 2019","0","@sandiuno @RidhoRa34691351 @prabowo Setuju pak semua yang di pidatokan aspirasi rakyat.","1084957876844584961","","sandiuno","in","","0","0","0","https://x.com/undefined/status/1084957876844584961","1035946986896154624",
"1084810623941107717","Mon Jan 14 23:38:01 +0000 2019","0","@darismandarwis @zarazettirazr @prabowo Nggak perlu jd plagiat ","1084957840207278082","","darismandarwis","in","","0","0","0","https://x.com/undefined/status/1084957840207278082","954527329",
"1084957793134698498","Mon Jan 14 23:37:55 +0000 2019","0","Dalam Surabaya Survei Center (SSC) mayoritas pemilih perempuan 54 3 persen memilih Pakde Jokowi dan Kyai Ma ruf dan 33 7 persen memilih tetangga. #OrangBaikMemenangkanJokowi","1084957815435743232","","PermadiHadi2","in","","0","0","0","https://x.com/undefined/status/1084957815435743232","1070722519894642688",
"1084838700184264705","Mon Jan 14 23:37:55 +0000 2019","0","@sandiuno Tegas apa diktator ? Kata pak Prabowo kok butuh diktator siapa ya ? https://t.co/HUWLwafQcf https://t.co/lPDw1KznpG","1084957814898847744","https://pbs.twimg.com/media/Dw6LYAKVsAAQ4_W.jpg","sandiuno","in","","0","0","0","https://x.com/undefined/status/1084957814898847744","937828966479511552",
"1084957793134698498","Mon Jan 14 23:37:55 +0000 2019","0","Surabaya Survei Center (SSC) menyatakan masih banyak perempuan yang berpihak ke Pakde Jokowi dan Kyai Ma ruf #OrangBaikMemenangkanJokowi","1084957814064177154","","PermadiHadi2","in","","0","0","0","https://x.com/undefined/status/1084957814064177154","1070722519894642688",
"1084957793134698498","Mon Jan 14 23:37:54 +0000 2019","0"," Kami atas nama Garda Relawan Jokowi menyatakan bahwa kami bersedia dan siap untuk mendukung penuh pemenangan Jokowi - Mar'uf Amin kata Ketua Umum ( Garda Relawan Jokowi) GRJ Erwin Rusmiputro. #OrangBaikMemenangkanJokowi","1084957810058612737","","PermadiHadi2","in","","0","0","0","https://x.com/undefined/status/1084957810058612737","1070722519894642688",
"1084957806195687424","Mon Jan 14 23:37:53 +0000 2019","0","Serma Lukman Babinsa Desa Pattimpa Kec.Ponre melaksanakan Rapat koordinasi Bersama di aula Kantor Kec. ponre dan penyelenggara pemilu dalam rangka sosialisasi dan persiapan pemilu serentak tahun 2019. Senin 14/01/19. https://t.co/z1NtxrnsW6","1084957806195687424","https://pbs.twimg.com/media/Dw6LVqKUUAEo1wt.jpg","","in","","0","0","0","https://x.com/undefined/status/1084957806195687424","983530586508673025",
"1084957793134698498","Mon Jan 14 23:37:53 +0000 2019","0","Orang baik sudah pasti pilih Jokowi. Lebih penting lagi pastikan dirimu sudah baik. #OrangBaikMemenangkanJokowi","1084957805700775936","","PermadiHadi2","in","","0","0","0","https://x.com/undefined/status/1084957805700775936","1070722519894642688",
"1084957793134698498","Mon Jan 14 23:37:52 +0000 2019","0","Komunitas Relawan Jowo yang memenangkan Soekarwo sekarang menjabat sebagai Mantan Gubernur Jawa Timur menyuarakan dukungannya untuk Pakde Jokowi dan Kyai Ma ruf loh guys. #OrangBaikMemenangkanJokowi","1084957804182437888","","PermadiHadi2","in","","0","0","0","https://x.com/undefined/status/1084957804182437888","1070722519894642688",
"1084957793134698498","Mon Jan 14 23:37:52 +0000 2019","0","https://t.co/TtyEV2MuLF Surya Paloh memastikan Pakde Jokowi dan Kyai Ma ruf menang jadi Presiden menurut beliau target tersebut realistis dan optimistis bisa dicapai. #OrangBaikMemenangkanJokowi","1084957802487939072","","PermadiHadi2","in","","0","0","0","https://x.com/undefined/status/1084957802487939072","1070722519894642688",
"1084638560030867456","Mon Jan 14 23:37:52 +0000 2019","0","@Ferdinand_Haean @prabowo Pidatonya prabowo pasti membuat Indobesia tambah hancur...","1084957802357911552","","Ferdinand_Haean","in","","0","0","0","https://x.com/undefined/status/1084957802357911552","1039868589187026949",
"1084957793134698498","Mon Jan 14 23:37:51 +0000 2019","0","Raja Salman bin Abdulaziz al-Saud memuji Presiden Joko Widodo atau Jokowi dalam pertemuan dengan para tokoh Islam di Istana Merdeka. #OrangBaikMemenangkanJokowi","1084957797047922688","","PermadiHadi2","in","","0","0","0","https://x.com/undefined/status/1084957797047922688","1070722519894642688",
"1084957793134698498","Mon Jan 14 23:37:50 +0000 2019","0","Bangga punya Presiden kayak Pakde kinerjanya selalu dipuji oleh orang2 terkenal mancanegara. Semoga Pakde jadi Presiden lima tahun lagi. amin. Kalau ada yang nanyain aku dimana jawab saja aku sudah ada di jalan yg benar bersama Jokowi. #OrangBaikMemenangkanJokowi","1084957793134698498","","","in","","0","0","0","https://x.com/undefined/status/1084957793134698498","1070722519894642688",
"1083292076861616128","Mon Jan 14 23:37:48 +0000 2019","0","@kumparan @hanumrais Woy mbak Hanum udah ganti profesinjangan jadi dokter kan kata Prabowo gajinya lebih kecil dari tukang parkir ","1084957784754405376","","kumparan","in","","0","0","0","https://x.com/undefined/status/1084957784754405376","942276944116060161",
"1084648215675265024","Mon Jan 14 23:37:44 +0000 2019","0","@stevanihuangg @sayutiandy @jokowi Ketahuan bakatnya cuma obral janji muluk2 kalaupun nanti bener dilakuin palingan duitnya dari naikin pajak tarif listrik bbm hutang dll yang makin menyengsarakan.","1084957770518949888","","vaniepink","in","","0","0","0","https://x.com/undefined/status/1084957770518949888","469197858",
"1084957757793460224","Mon Jan 14 23:37:41 +0000 2019","0","Saya sayang Indonesia saya pilih @prabowo @sandiuno","1084957757793460224","","","in","","0","0","0","https://x.com/undefined/status/1084957757793460224","718326191405588480",
"1084957757474623489","Mon Jan 14 23:37:41 +0000 2019","0"," Sesungguhnya Allah bersama orang-orang yang sabar . Seperti praduga terhadap Pak Jokowi yang sering dilayangkan soal politik identitas dan lain-lain. Praduga ya bukan tuduhan. Jadi insya Allah kalian semua berhak. #OrangBaikMemenangkanJokowi","1084957757474623489","","","in","","0","0","0","https://x.com/undefined/status/1084957757474623489","1079241745999618048",
"1084957755717255168","Mon Jan 14 23:37:41 +0000 2019","0","#SelamatkanIndonesia Pemilu sudah dekat ketegangan mulai dirasakan masyarakat nafsu menang menghalalkan segala cara ketakutan kalah membabi buta menghasut rakyat. Siapapun yang menang konflik akan terjadi selamatkan Indonesia","1084957755717255168","","","in","","0","0","0","https://x.com/undefined/status/1084957755717255168","3915662472",
"1084745199786504192","Mon Jan 14 23:37:39 +0000 2019","0","@marierteman 17 april saatnya Pembuktian siapa yg di pilih mayoritas n siapapun harus legowo klo terbukti JOKOWI terpilih kembali .","1084957750675685377","","marierteman","in","","0","0","0","https://x.com/undefined/status/1084957750675685377","830452582468374529",
"1084648215675265024","Mon Jan 14 23:37:33 +0000 2019","0","@stevanihuangg @jokowi Kalau cuma ngomong gampang...apalagi yg ngomong DUNGU.","1084957725224710144","","vaniepink","in","","0","0","0","https://x.com/undefined/status/1084957725224710144","958313683360219136",
"1084818292252893184","Mon Jan 14 23:37:33 +0000 2019","0","@Fahrihamzah @prabowo Menakutkan sih ngga menggelikan aja","1084957722116681729","","Fahrihamzah","in","","0","0","0","https://x.com/undefined/status/1084957722116681729","181910566",
"1084841707068243968","Mon Jan 14 23:37:28 +0000 2019","0","@IrHMFaqih @prabowo Ya perasaan nya bangga kan presiden negara hoax yg pengecut bermental penakut.","1084957704387350529","","IrHMFaqih","in","","0","0","0","https://x.com/undefined/status/1084957704387350529","985730749209788416",
"1083267692738441216","Mon Jan 14 23:37:26 +0000 2019","0","@Pidoli_Lombang @MaskuMasku1 @LisaAmartaTara @PEPESOfficial @prabowo @sandiuno @Ferdinand_Haean @MbahUyok @fadlizon @Dahnilanzar @swulll Tidak ada yg caci kak agama tdk pernah mangajarkan cacian haram itu apalagi menyebar hoaks dan penistaan makasih kk yg baik","1084957694589464576","","Pidoli_Lombang","in","","0","0","0","https://x.com/undefined/status/1084957694589464576","1081435799109853184",
"1084379596869390336","Mon Jan 14 23:37:17 +0000 2019","0","@Gusti1307 @jokowi Beliau tra bisa brtindak tegas. Itu yg bikin sa kecewa","1084957656052191233","","ronin_empire13","in","","0","0","0","https://x.com/undefined/status/1084957656052191233","956327602247024640",
"1084957634153844736","Mon Jan 14 23:37:12 +0000 2019","0","Presiden Jokowi Fokus Tingkatkan Kesejahteraan Perangkat Desa di Tahun 2019 https://t.co/zHj10EFZbi https://t.co/R1HklKeHoO","1084957634153844736","https://pbs.twimg.com/media/Dw6LN9yUUAAxTc9.jpg","","in","","0","0","0","https://x.com/undefined/status/1084957634153844736","864625250499047424",
"1084824945144737792","Mon Jan 14 23:37:05 +0000 2019","0","@Azzara_02 @prabowo ngelantur si bowok ","1084957606748143616","","4smara_1701","in","","0","0","0","https://x.com/undefined/status/1084957606748143616","815290931003826176",
"1084818292252893184","Mon Jan 14 23:37:03 +0000 2019","0","@Fahrihamzah @prabowo Terlihat prabowo cerdas banget dan pro rakyat.","1084957595956240384","","Fahrihamzah","in","","0","0","0","https://x.com/undefined/status/1084957595956240384","754528048456736768",
"1084957590310645760","Mon Jan 14 23:37:01 +0000 2019","0","AHY Senang Program SBY Kembali Digemakan Prabowo https://t.co/hj5Rf74927","1084957590310645760","","","in","","0","0","0","https://x.com/undefined/status/1084957590310645760","22126902",
"1084957586682564608","Mon Jan 14 23:37:00 +0000 2019","0","Tidak ada hal baru dari pidato politik Prabowo kecuali janji-janji itupun isinya usang. Janji tidak bisa mengimbangi bukti kerja Jokowi. Prabowo dan tim perlu berbuat lebih dari sekadar janji.","1084957586682564608","","","in","","0","0","0","https://x.com/undefined/status/1084957586682564608","270991887",
"1084838623839580161","Mon Jan 14 23:37:00 +0000 2019","0","@sandiuno @prabowo Doa kami rakyat indonesia semoga indonesia menang..adil..makmur..sehat2 terus Bang @sandiuno pak @prabowo tak terasa mengalir air mata ini ya Allah menonton pidato td malam#adilmakmurindonesiamenang","1084957584417742848","","sandiuno","in","","0","0","0","https://x.com/undefined/status/1084957584417742848","894561833721315331",
"1084929484959100928","Mon Jan 14 23:37:00 +0000 2019","0","@PersRini @jimmivee14 @yusuf_dumdum @prabowo @SBYudhoyono Habitatnya bon bin kog...hihi","1084957584014991360","","rinichan02","in","","0","0","0","https://x.com/undefined/status/1084957584014991360","1060167054378979333",
"1084847231365144576","Mon Jan 14 23:36:59 +0000 2019","0","@Fahrihamzah @prabowo @sandiuno Sudah kelihatan sebagai seorang Pemimpin yang bijak dan calon wapres yang ikhlas dan jujur ..pas bangeth untuk jadi presiden 2019. ...kagak salah .. insyaAllah akan terkabulkan. Amiin ya robbal alamin","1084957580286283777","","Fahrihamzah","in","","0","0","0","https://x.com/undefined/status/1084957580286283777","312416359",
"1084685777571696640","Mon Jan 14 23:36:53 +0000 2019","0","@RajaPurwa @prabowo Bhs inggris-nya pakai bhs pelikitik si....................","1084957557653831680","","RajaPurwa","in","","0","0","0","https://x.com/undefined/status/1084957557653831680","987290706266882050",
"1084818292252893184","Mon Jan 14 23:36:53 +0000 2019","0","@Fahrihamzah @prabowo Jelas menunjukkan seorang pribadi yang smart..","1084957555758002176","","Fahrihamzah","in","","0","0","0","https://x.com/undefined/status/1084957555758002176","254630553",
"1084838147366608896","Mon Jan 14 23:36:50 +0000 2019","0","@FandhuW89 @utuntauk @prabowo Bani kolam butek pasti kejang-kejang ngeliat ini. Kudu diruqyah..!!","1084957543707758592","","FandhuW89","in","","0","0","0","https://x.com/undefined/status/1084957543707758592","1661923682",
"1084827660142833665","Mon Jan 14 23:36:49 +0000 2019","0","@NurAlamSyhClcap @rinal_tr @imbearly @Dahnilanzar @prabowo Emg pak @prabowo ga bisa solat? Lo tau dari mana? Lagi pula ijtima ulama substansi nya adalah mencari presiden yg adil dan berani. Adil terhadap semua rakyat dan berani melawan neokolim","1084957540553637888","","NurAlamSyhClcap","in","","0","0","0","https://x.com/undefined/status/1084957540553637888","3324784572",
"1084844687100235777","Mon Jan 14 23:36:43 +0000 2019","0","@Fahrihamzah @prabowo @sandiuno Mati cebong kaleeee pak","1084957513773207553","","Fahrihamzah","tl","","0","0","0","https://x.com/undefined/status/1084957513773207553","2215234993",
"1084821740377657345","Mon Jan 14 23:36:40 +0000 2019","0","@Fahrihamzah @prabowo @sandiuno Bayar hutang nya sendiri aja bang kami sudah sangat paham dengan jejak digital dan track record nya jika anda seorang Islam tidak boleh mendahului kehendak Alloh SWT.manusia hanya bisa memohon/berusaha","1084957502913970176","","Fahrihamzah","in","","0","0","0","https://x.com/undefined/status/1084957502913970176","954388642792816640",
"1084817095018201089","Mon Jan 14 23:36:39 +0000 2019","0","@jokowi Jangan suka janji pak.. Giliran dulu GURU HONOR ke Istana pada Ngacir..","1084957498509996032","","jokowi","in","","0","0","0","https://x.com/undefined/status/1084957498509996032","599349498",
"1084818292252893184","Mon Jan 14 23:36:36 +0000 2019","0","@imronbiz @Fahrihamzah @prabowo Kayak meriam bambu bunyi boleh keras tapi kosong melompong.","1084957485595672576","","imronbiz","in","","0","0","0","https://x.com/undefined/status/1084957485595672576","2881653068",
"1084694975118340102","Mon Jan 14 23:36:36 +0000 2019","0","@jokowi Bukannya pnghasilan perangkt desa skrg melebihi ASN golongan 2 A? udh dpt siltap plus sawah..ini kalo di tmpt sy","1084957485562097664","","jokowi","in","","0","0","0","https://x.com/undefined/status/1084957485562097664","472684818",
"1084874578352979968","Mon Jan 14 23:36:31 +0000 2019","0","@francmohede @LinggardKardi @prabowo akun saya asli loo biar jari saya capek tapi hati senang mendukung prabowosanti ihklas demi Indonesia Adil dan Makmur","1084957465207234560","","francmohede","in","","0","0","0","https://x.com/undefined/status/1084957465207234560","782871227186622464",
"1084957454130008064","Mon Jan 14 23:36:29 +0000 2019","3912","Utk mengembalikan marwah UI sbg tempatnya akal sehat stlh kontroversi deklarasi kmrin maka saya usulkan UI dan ILUNI buat debat terbuka utk Capres Cawapres...uji scra akademik oleh para panelis yg netral dari Dosen Alumni &amp; Mahasiswa. Live kan di TV Nasional. Setuju Retweet!","1084957454130008064","","","in","","0","162","3507","https://x.com/undefined/status/1084957454130008064","65067181",
"1038002058245287937","Mon Jan 14 23:36:27 +0000 2019","0","@pujangga1123 @jokowi yang dungu sebenernya kubu sebelah 02 kubu sini 01 mah santuy tapi kinerjanya keliatan. ngga kaya kubu sono 02 yang bisanya teriak teriak tapi kinerjanya nihil #OrangBaikMemenangkanJokowi #01IndonesiaMaju #OrangPintarPilihJokowi","1084957446483787777","","Great_Pujangga","in","","0","0","0","https://x.com/undefined/status/1084957446483787777","1080782652112662528",
"1084957445930201088","Mon Jan 14 23:36:27 +0000 2019","0","Jadikan Ovitnas Pak @jokowi !","1084957445930201088","","","in","","0","0","0","https://x.com/undefined/status/1084957445930201088","44560457",
"1084795883328233474","Mon Jan 14 23:36:26 +0000 2019","0","@ruhutsitompul PAK PRABOWO PIDATO TANPA TEKS BERWIBAWA LANCAR.... BIKIN MERINDING SERASA MENDENGAR PIDATO PRESIDEN ","1084957443174498304","","ruhutsitompul","in","","0","0","0","https://x.com/undefined/status/1084957443174498304","985101444318543873",
"1083267692738441216","Mon Jan 14 23:36:26 +0000 2019","0","@sungkar24 @MaskuMasku1 @LisaAmartaTara @PEPESOfficial @prabowo @sandiuno @Ferdinand_Haean @MbahUyok @fadlizon @Dahnilanzar @swulll Jangan saling caci...Pls :)","1084957443170287616","","sungkar24","in","","0","0","0","https://x.com/undefined/status/1084957443170287616","987238600390541313",
"1084957441748492288","Mon Jan 14 23:36:26 +0000 2019","0","MERINDING ! Pidato Kebangsaan Prabowo Sandi satu Panggung Bersama SBY Di... https://t.co/8egOrqDmVK lewat @YouTube","1084957441748492288","","","in","","0","0","0","https://x.com/undefined/status/1084957441748492288","2991557823",
"1084957439529635840","Mon Jan 14 23:36:25 +0000 2019","0","Perhimpunan Profesi Pilot Deklarasi Dukung Jokowi-Ma'ruf Menhub-Menlu Hadir Makin ramai orang pintar dan orang baik dukung Jokowi siapa lagi ...? #01IndonesiaMaju #JokowiNyataKerjanya #OrangBaikMemenangkanJokowi https://t.co/XTbNLJ8Icx","1084957439529635840","","","in","","0","0","0","https://x.com/undefined/status/1084957439529635840","838777607915130882",
"1084827660142833665","Mon Jan 14 23:36:25 +0000 2019","0","@Dahnilanzar @LisaAmartaTara @prabowo #PidatoKebangsaanPrabowo #indonesiamenang #RakyatInginkanPerubahan #2019PrabowoPresidenRI ","1084957437512151041","","Dahnilanzar","qme","","0","0","0","https://x.com/undefined/status/1084957437512151041","913939764226646016",
"1084839059728478210","Mon Jan 14 23:36:19 +0000 2019","0","@agungriensya @dimasakbarz @zarazettirazr @SBYudhoyono @prabowo @sandiuno @abrorXIV Saatnya memandikan dan membersihkan boneka yg sudah jatuh kelumpur.","1084957414179233794","","agungriensya","in","","0","0","0","https://x.com/undefined/status/1084957414179233794","1000584520502886400",
"1084814500631638016","Mon Jan 14 23:36:18 +0000 2019","0","@EnduroLian @arista_risto @detikcom @prabowo Buahhahaha ","1084957409573924864","","EnduroLian","tl","","0","0","0","https://x.com/undefined/status/1084957409573924864","72782836",
"1084820009690456066","Mon Jan 14 23:36:18 +0000 2019","0","@AbduhHisyam @killthedj Ha matamu. Kepentingan politik ? Yg ada malah semua orang jogja ga akan milih capres nomer 02 lah. Wkw","1084957407103447041","","AbduhHisyam","in","","0","0","0","https://x.com/undefined/status/1084957407103447041","2229722533",
"1084705540255539200","Mon Jan 14 23:36:15 +0000 2019","0","@Valhalla_Asgard @bangagoeng96 @riantibaskoro @Riast10 @KBedug @AlfariRudi @harysantana @Teh_telor78 @HarryRidwan_Ay @Angelyca_Nayoan @212ThePowerOff1 @HotPepperminTea @Dody_Lukas___ @Rusydi_riau @IpungLombok @ices_tea @EDitektif @Anggraini_4yu @kucingeksotic @GPAnsor_Satu @prabowo @tv2nkri @tvOneNews Hhh... Y gk pp tp ttp jg kesehatan..","1084957395967565824","","Nakama_Uplift","in","","0","0","0","https://x.com/undefined/status/1084957395967565824","991343101670117376",
"1084835169821806594","Mon Jan 14 23:36:14 +0000 2019","0","@Fahrihamzah @prabowo @sandiuno Tp ada yg Sedang Balas Budi...dan ketika target blum tercapai Minta Nambah....","1084957391693668352","","Fahrihamzah","in","","0","0","0","https://x.com/undefined/status/1084957391693668352","718094520563306496",
"1084924506752184320","Mon Jan 14 23:36:10 +0000 2019","0","@emerson_yuntho @prabowo ngototnya10 isinya 0","1084957376166260736","","emerson_yuntho","in","","0","0","0","https://x.com/undefined/status/1084957376166260736","921148412",
"1084957352338567168","Mon Jan 14 23:36:04 +0000 2019","0","#BeritaIslam: Saat Lady Diana Bertemu Prabowo https://t.co/dJU6nkFznZ","1084957352338567168","","","in","","0","0","0","https://x.com/undefined/status/1084957352338567168","997968620",
"1084641013161967616","Mon Jan 14 23:36:04 +0000 2019","0","@detikcom Salah jokowi ini...","1084957351918981121","","detikcom","in","","0","0","0","https://x.com/undefined/status/1084957351918981121","484619129",
"1084957343945678848","Mon Jan 14 23:36:02 +0000 2019","0","PAK PRABOWO PIDATO TANPA TEKS BERWIBAWA LANCAR.... BIKIN MERINDING","1084957343945678848","","","in","","0","0","0","https://x.com/undefined/status/1084957343945678848","985101444318543873",
"1084845730932477952","Mon Jan 14 23:36:00 +0000 2019","0","@Fahrihamzah @prabowo Bisnis jendral nya menggurita mulai dari Kalimantan Sulawesi Sumatera.. Apalagi sekarang makin bertambah banyak bisnisnya karena kemudahan2an. Sahabat di jalan berbeda... Luarbiasa","1084957335141797888","","Fahrihamzah","in","","0","0","0","https://x.com/undefined/status/1084957335141797888","54549619",
"1084305726271479808","Mon Jan 14 23:35:57 +0000 2019","0","@Ferdinand_Haean @jokowi @prabowo Ternyata Pekoknya akut","1084957319987748864","","Ferdinand_Haean","in","","0","0","0","https://x.com/undefined/status/1084957319987748864","247686136",
"1084816903166558208","Mon Jan 14 23:35:57 +0000 2019","0","@sriwahy77714576 @djenggozainal @francmohede @prabowo Iya...rebutan sama ormas dsb. Nanti kl kl sdh tdk berkuasa mk direbut sama yg lain jg dgn bantuan oknum.","1084957319593549824","","sriwahy77714576","in","","0","0","0","https://x.com/undefined/status/1084957319593549824","548162595",
"1084747240357281798","Mon Jan 14 23:35:57 +0000 2019","0","@Pand4va @Surya_Nusantara @InfoMendiknas @DepdikNasNKRI @jokowi @ruhutsitompul @hotmanParis @budimandjatmiko @tubagussalim @na_dirs @AlissaWahid @yennywahid @Next_J2P @pasektohpati @nit4sist @SWD_Wolverine @mohmahfudmd Jika terjd pd anak sy yg mem plonco ini sy suruh nguras septiktank dirmh pake sendok nasi","1084957319228579840","","Pand4va","in","","0","0","0","https://x.com/undefined/status/1084957319228579840","799039722374864897",
"1084950194116939776","Mon Jan 14 23:35:51 +0000 2019","0","@terkiniwarta Era jokowi kemiskinan menurun? Coba cek lagi.","1084957294540910594","","terkiniwarta","in","","0","0","0","https://x.com/undefined/status/1084957294540910594","1070993203090743298",
"1084954098770690049","Mon Jan 14 23:35:50 +0000 2019","0","@Beritasatu Kalo komitmen berantas korupsi jangan biarin kasus penyidik KPK (Novel Baswedan) jadi luntang-lantung pak kasusnya masih inget kan pak? @jokowi","1084957293039374336","","Beritasatu","in","","0","0","0","https://x.com/undefined/status/1084957293039374336","256494070",
"1084822529909243905","Mon Jan 14 23:35:43 +0000 2019","0","@ridlwandjogja Eta terangkan lah ini capres apa tukang gosip ??","1084957262857170945","","ridlwandjogja","in","","0","0","0","https://x.com/undefined/status/1084957262857170945","824467150765060096",
"1084772857740050433","Mon Jan 14 23:35:41 +0000 2019","0","@beniguntoro @marierteman @prabowo bisa jadi ...","1084957255684870145","","beniguntoro","in","","0","0","0","https://x.com/undefined/status/1084957255684870145","986742757430460416",
"1084957216938123264","Mon Jan 14 23:35:32 +0000 2019","0"," Pak Prabowo dibully karena : Anggaran bocor-bocor-bocor . Kembali dibully karena : Pembangunan LRT di Mark-Up . Sekarang TERBUKTI bahwa seluruh penilaian Pak Prabowo BENAR . Dan https://t.co/yLp3tB3Prn","1084957216938123264","","","in","","0","0","0","https://x.com/undefined/status/1084957216938123264","3359925494",
"1084749999764729857","Mon Jan 14 23:35:29 +0000 2019","0","@Garuda501 @PEPESOfficial @prabowo @sandiuno @Gerindra Mereka hanya menunggu matang sambil berdoa untuk dicoblos.. memanfaatkan moment diatas daun. ","1084957201725190144","","Garuda501","in","","0","0","0","https://x.com/undefined/status/1084957201725190144","984578378727473152",
"1084843952140836866","Mon Jan 14 23:35:26 +0000 2019","0","@Fahrihamzah @prabowo Ulama siapa tuh bos","1084957189440180224","","Fahrihamzah","in","","0","0","0","https://x.com/undefined/status/1084957189440180224","98507388",
"1084845565039468544","Mon Jan 14 23:35:17 +0000 2019","0","@dusrimulya Pak @prabowo bicara berdasarkan fakta dan data kadang pahit. pak Jaenudin bicara tanpa data seperti orang ngigau tapi angin surga.","1084957154405044224","","dusrimulya","in","","0","0","0","https://x.com/undefined/status/1084957154405044224","1685174450",
"1084694975118340102","Mon Jan 14 23:35:17 +0000 2019","0","@SakirinHamdan @jokowi Siapapun presnya DD tetap ada..krn amanat UU jmn SBY","1084957154220507136","","HamdanSakirinn","in","","0","0","0","https://x.com/undefined/status/1084957154220507136","472684818",
"1084847231365144576","Mon Jan 14 23:35:13 +0000 2019","0","@IyanLebert @Fahrihamzah @prabowo @sandiuno Mangkanya ...mikirnya pake otak ..jangan pake dengkul..jadi kagak nyandak...kasian","1084957138445717504","","yanLebert","in","","0","0","0","https://x.com/undefined/status/1084957138445717504","312416359",
"1084808613649047552","Mon Jan 14 23:35:09 +0000 2019","0","@NKRIndonesia79 @prabowo Mungkin krn pada males. Indonesia nggak ada harapan. 2030 punah.... ","1084957117780439040","","NKRIndonesia79","in","","0","0","0","https://x.com/undefined/status/1084957117780439040","166425160",
"1084823109700448256","Mon Jan 14 23:35:08 +0000 2019","0","@herryws_ @sipenakecil @marierteman @Gerindra @prabowo @sandiuno Tukang pisang lebih mulia drdp ente tukang nyinyir sampah masyrakat","1084957116564000768","","notanactor","in","","0","0","0","https://x.com/undefined/status/1084957116564000768","4786493090",
"1084957087606595584","Mon Jan 14 23:35:01 +0000 2019","0","Merinding !!!! Pidato Kebangsaan Prabowo Subianto: INDONESIA MENANG https://t.co/KxeYx0BKez via @YouTube","1084957087606595584","","","in","","0","0","0","https://x.com/undefined/status/1084957087606595584","544406295",
"1081899324433289221","Mon Jan 14 23:34:59 +0000 2019","0","@sandiuno @prabowo Gubrak hadir boleh aku ketawa Tiap hari kok yg bi ocehkan Itu itu aja nekan bacanya Kkkkkkkkkkkk","1084957078429396992","","sandiuno","in","","0","0","0","https://x.com/undefined/status/1084957078429396992","1076544759542366208",
"1084836782057746432","Mon Jan 14 23:34:56 +0000 2019","0","@Fahrihamzah @prabowo @sandiuno Sepanjang malam memuji dan membela dr pidatonya aja rakyat sdh tahu tidak ada rencana special cm Retorika2 ala orba dan gaya2 meniru pemimpin2 masa lalu","1084957065750007809","","Fahrihamzah","in","","0","0","0","https://x.com/undefined/status/1084957065750007809","1003161668229259264",
"1084839059728478210","Mon Jan 14 23:34:52 +0000 2019","0","@dimasakbarz @SBYudhoyono @prabowo @sandiuno @abrorXIV Berkumpulnya orang2 cerdas akan membaws kearah yg lebih baik. #PidatoKebangsaanPrabowo #IndonesiaMenang #IndonesiaAdilMakmur #17AprilCoblosNomor2","1084957048712847360","","dimasakbarz","in","","0","0","0","https://x.com/undefined/status/1084957048712847360","1000584520502886400",
"1084849000342147075","Mon Jan 14 23:34:51 +0000 2019","0","@Fahrihamzah @prabowo @jokowi Sedapppppppp...","1084957044891734017","","Fahrihamzah","in","","0","0","0","https://x.com/undefined/status/1084957044891734017","2215234993",
"1084957037664993280","Mon Jan 14 23:34:49 +0000 2019","0","@sudirmansaid Sebut @jokowi Langgar Aturan @KPU_ID Soal Blocking Time https://t.co/b2IlKe5VWz","1084957037664993280","","sudirmansaid","in","","0","0","0","https://x.com/undefined/status/1084957037664993280","1082992095361609728",
"1084957035064508416","Mon Jan 14 23:34:49 +0000 2019","0","Unggul di Beberapa Hasil Survei TKN: Jokowi Tidak Pernah Berhenti Bekerja. https://t.co/Lnz9u90CFB","1084957035064508416","","","in","","0","0","0","https://x.com/undefined/status/1084957035064508416","47274731",
"1084819040848080896","Mon Jan 14 23:34:45 +0000 2019","0","@sandiuno @prabowo Menunjukkan sikap Mengayomi beliau juga mempunyai sikap Percaya walau selalu di khianati","1084957020124471298","","sandiuno","in","","0","0","0","https://x.com/undefined/status/1084957020124471298","752639873966682112",
"1084859457970950144","Mon Jan 14 23:34:42 +0000 2019","0","@geloraco cuma mau tanya *Apa beda Pidato dan Orasi ? *Semalam pak Prabowo itu Pidato atau Orasi ?","1084957007507947521","","geloraco","in","","0","0","0","https://x.com/undefined/status/1084957007507947521","1080446670356209665",
"1084694975118340102","Mon Jan 14 23:34:37 +0000 2019","0","@jokowi Mantap","1084956985651453953","","jokowi","in","","0","0","0","https://x.com/undefined/status/1084956985651453953","930926490388070400",
"1084827660142833665","Mon Jan 14 23:34:36 +0000 2019","0","@Dahnilanzar @prabowo Iya2 Mudahan Presiden di 2019 H.","1084956983214538752","","Dahnilanzar","in","","0","0","0","https://x.com/undefined/status/1084956983214538752","821367515037040640",
"1084772857740050433","Mon Jan 14 23:34:36 +0000 2019","0","@alexsima9 @Dayu11088117 @marierteman @prabowo hahaha quotaku tidak pernah beli karena paketannya sudah auto transfer dan kalau di rumah stanby wifi....","1084956979250966528","","ana_benhod","in","","0","0","0","https://x.com/undefined/status/1084956979250966528","986742757430460416",
"1084951284732456965","Mon Jan 14 23:34:32 +0000 2019","0","@marierteman Capres yang asli yang menang. Yg palsu pasti kalah. Apalagi kalah melulu Haha","1084956962981212160","","marierteman","in","","0","0","0","https://x.com/undefined/status/1084956962981212160","93762902",
"1084795883328233474","Mon Jan 14 23:34:31 +0000 2019","0","@ruhutsitompul Ya jelas malulah efek capres kardus yg dipaksakan.","1084956962230390786","","ruhutsitompul","in","","0","0","0","https://x.com/undefined/status/1084956962230390786","1079649621629054977",
"1084956939665137664","Mon Jan 14 23:34:26 +0000 2019","0","Deklarasi Pemilu Damai 2019 SMPN 2 MajeneGuru-guru https://t.co/YQH6ReDIeX","1084956939665137664","https://pbs.twimg.com/ext_tw_video_thumb/1084956760002125824/pu/img/3x_sI3xaVQJZdghG.jpg","","in","","0","0","0","https://x.com/undefined/status/1084956939665137664","845094332856119296",
"1084954709482299392","Mon Jan 14 23:34:23 +0000 2019","0","@kompascom Sama kaya kubu Pak Jokowi kan? Menganggap semua yg berbeda pandangan dengan mereka dilabeli anti pancasila orang jahat dll. Itu lebih bahaya loh karena mereka saat ini pemerintah.","1084956926989889536","","kompascom","in","","0","0","0","https://x.com/undefined/status/1084956926989889536","256494070",
"1084956875182039046","Mon Jan 14 23:34:11 +0000 2019","0","Sanksi Pidana dan Denda Menunggu Bila Prabowo Mundur dari Pilpres - https://t.co/07O6D3sL8Z https://t.co/nDqD4aRGPd","1084956875182039046","","","in","","0","0","0","https://x.com/undefined/status/1084956875182039046","233436770",
"1084956868470923264","Mon Jan 14 23:34:09 +0000 2019","0","Pidato kelas capres dengan kelas camat jelas beda...","1084956868470923264","","","in","","0","0","0","https://x.com/undefined/status/1084956868470923264","34231385",
"1084950679163043840","Mon Jan 14 23:33:56 +0000 2019","0","@LieDetectorID Om... terkait pidato Pak Prabowo semalem... ada tanggapankah?","1084956813508800512","","","in","","0","0","0","https://x.com/undefined/status/1084956813508800512","312663075",
"1084956799667564546","Mon Jan 14 23:33:53 +0000 2019","0","Selain Hary Tanoesoedibjo ada aku juga yang selalu mendukung Pak Jokowi #OrangBaikMemenangkanJokowi","1084956799667564546","","","in","","0","0","0","https://x.com/undefined/status/1084956799667564546","1084042300945137665",
"1084956792927318016","Mon Jan 14 23:33:51 +0000 2019","0","Survei Y Publica: Elektabilitas @jokowi Stagnan @prabowo Naik https://t.co/hZvhVEqReU","1084956792927318016","","","lt","","0","0","0","https://x.com/undefined/status/1084956792927318016","1082992095361609728",
"1084816670135218177","Mon Jan 14 23:33:48 +0000 2019","0","@senja2018 @jokowi @lukmansaifuddin Makanya itu @jokowi selama ini buang badan sama kasus2 model begini. Padahal harusnya dia ambil sikap &amp; tindakan baik dia scr langsung atau lewat menag. Biarpun ini kalo kata mas @henrymea cuman proxy war tp bkn alesan buat diem jg minoritas jg butuh perlindungan","1084956780919046145","","senja2018","in","","0","0","0","https://x.com/undefined/status/1084956780919046145","575063916",
"1084942437687091200","Mon Jan 14 23:33:38 +0000 2019","0","@yusuf_dumdum Dia lagi mainkan perannya menakut nakuti dan membuat rakyat awan tidak percaya ke jokowi dan pemerintahannya.dan para pemujanya percaya serta di jadikan patokan buat memfitnah pemerintah.","1084956738275536897","","yusuf_dumdum","in","","0","0","0","https://x.com/undefined/status/1084956738275536897","486699170",
"1084086624189706241","Mon Jan 14 23:33:32 +0000 2019","0","@RajaPurwa @Dennysiregar7 @jokowi Nggak ada jerahnya mereka klim hoax https://t.co/URUGyyYeK7","1084956712774160385","https://pbs.twimg.com/media/Dw6KXMiUcAAnIju.jpg","RajaPurwa","in","","0","0","0","https://x.com/undefined/status/1084956712774160385","898704488936071168",
"1084956702343131137","Mon Jan 14 23:33:30 +0000 2019","0","(Okezone | Unggul di Beberapa Hasil Survei TKN: Jokowi Tidak Pernah Berhenti Bekerja : ...) https://t.co/J2tP5Y10o5 #pemilu #pemilu2019","1084956702343131137","","","in","","0","0","0","https://x.com/undefined/status/1084956702343131137","968428811107819521",
"1084956695170666496","Mon Jan 14 23:33:28 +0000 2019","0","Kyaknya kalo besok gagal lagi jadi presiden Bisa jd bintang iklan permen Strepsil nih.. itu tenggorokan kayak jalan ga diurus pemerintah sebelum Jokowi Kasar banget #BohongKokPidato","1084956695170666496","","","in","","0","0","0","https://x.com/undefined/status/1084956695170666496","799155631315767296",
"1084835169821806594","Mon Jan 14 23:33:27 +0000 2019","0","@Fahrihamzah @prabowo @sandiuno Kasian FH ini ..98..","1084956692918415360","","Fahrihamzah","in","","0","0","0","https://x.com/undefined/status/1084956692918415360","824133717711056896",
"1084824311616004097","Mon Jan 14 23:33:25 +0000 2019","0","@gm_gm Janji prabowo hanya pulang ke masa lalu dan.prestasi jokowi mengajak berjalan bersama menuju masa depan....","1084956683929935873","","gm_gm","in","","0","0","0","https://x.com/undefined/status/1084956683929935873","947295658259517441",
"1084694975118340102","Mon Jan 14 23:33:24 +0000 2019","0","@jokowi Perangkat desa mau disejahterakan datangnya aja santai mau ngurus surat2 hrs nunggu petugasnya datang ..","1084956681254006784","","jokowi","in","","0","0","0","https://x.com/undefined/status/1084956681254006784","237713330",
"1084687396938047488","Mon Jan 14 23:33:19 +0000 2019","0","@hnurwahid @PKSejahtera @prabowo hahahahaa biasa aja mah.. itu gak sepenuhnya krn politik itu lebih msalh pribadi dan harga diri. . tp ttp #2019PrabowoPresidenRI","1084956658076274688","","hnurwahid","in","","0","0","0","https://x.com/undefined/status/1084956658076274688","922844989184290816",
"1084821740377657345","Mon Jan 14 23:33:17 +0000 2019","0","@JKW2P2019 @FandhuW89 @Fahrihamzah @prabowo @sandiuno H-19 Calon presiden nomor urut 02 Prabowo Subianto menyebut cadangan bahan bakar minyak (BBM) hanya bisa untuk 20 hari. https://t.co/91ekzw6HG1","1084956650841137152","","JKW2P2019","in","","0","0","0","https://x.com/undefined/status/1084956650841137152","795001105943908352",
"1084772857740050433","Mon Jan 14 23:33:16 +0000 2019","0","@muh_ramly1709 @Dayu11088117 @marierteman @prabowo yang bisa dicerna hanya teriak teriaknya hehehe peace","1084956647087165440","","muh_ramly1709","in","","0","0","0","https://x.com/undefined/status/1084956647087165440","986742757430460416",
"1084929484959100928","Mon Jan 14 23:33:10 +0000 2019","0","@yusuf_dumdum @prabowo @SBYudhoyono Pidato nya gak bikin adhem tp mlh bikin kemropok ....duhhh...presiden kog provokator...lh ntr rakyatnya perang dewe2...","1084956619958415360","","yusuf_dumdum","in","","0","0","0","https://x.com/undefined/status/1084956619958415360","1060167054378979333",
"1084870324984803328","Mon Jan 14 23:33:08 +0000 2019","0","@caheeo @eae18 @prabowo @jokowi Habis itu bekasnya pun tak nampak","1084956612509331456","","caheeo","in","","0","0","0","https://x.com/undefined/status/1084956612509331456","722056459",
"1084956598123065344","Mon Jan 14 23:33:05 +0000 2019","0","Di Belakang Panggung Prabowo Rapikan Dasi Sandi https://t.co/s2WwiUGyL8","1084956598123065344","","","in","","0","0","0","https://x.com/undefined/status/1084956598123065344","1442695026",
"1084956228399157249","Mon Jan 14 23:33:04 +0000 2019","0","@hnurwahid Sayang mulut capres tukang fitnah RSCM.....! Sangat tidak layak memimpin NKRI","1084956593668612096","","hnurwahid","in","","0","0","0","https://x.com/undefined/status/1084956593668612096","100938088",
"1084650445102960641","Mon Jan 14 23:33:03 +0000 2019","0","@faizalassegaf Biar ada alasan untuk mundur 'terhormat' namanya pemilu wo... Ada menang ada kalah. Mosok kalah pasti dicurangi. Kalo pak de yg kalah brati pak de yg di curangi ya? Ah wowo bisa aja","1084956590929657856","","faizalassegaf","in","","0","0","0","https://x.com/undefined/status/1084956590929657856","1047413605958705152",
"1084854492535771136","Mon Jan 14 23:33:00 +0000 2019","0","@Ernijasin @jokowi @ASapardan @RizmaWidiono @TheArieAir @permadiaktivis @Aryprasetyo85 @P3nj3l4j4h @erickthohir ","1084956576631349248","","Ernijasin","qme","","0","0","0","https://x.com/undefined/status/1084956576631349248","78742660",
"1084846385218777088","Mon Jan 14 23:32:58 +0000 2019","0","@MancingJon @icansbm @Fahrihamzah @prabowo iye bong loe bener.. Pak Prabowo ga pilih jaksa agung dari partai Pak Prabowo ga impor beras jagung garam Pak Prabowo ga pernah janjiin esemka Pak Prabowo ga pernah jadi walikota.. Dia hanya seorang prajurit cerdas bisa bahasa asing gagah dan pengusaha sukses.. ","1084956570444750848","","MancingJon","in","","0","0","0","https://x.com/undefined/status/1084956570444750848","971916911159099392",
"1084694975118340102","Mon Jan 14 23:32:55 +0000 2019","0","@jokowi Gila luh dro giliran guru yang menuntut ente kabur ke pasar malam padahal mereka datang dengan kantong sendiri tak perlu jamuan tak perlu gedung mewah cukup temui katakan kami bersama guru. Parahhhhh","1084956558717476864","","jokowi","in","","0","0","0","https://x.com/undefined/status/1084956558717476864","945111492273192960",
"1084748355522113537","Mon Jan 14 23:32:47 +0000 2019","0","@saididu @Pak_JK Jika yg menyatakan krisis bukan JK pasti kubu jainudin mengatakan hoax thd kubu pak prabowo","1084956525641162752","","saididu","in","","0","0","0","https://x.com/undefined/status/1084956525641162752","88644024",
"1084956523132899330","Mon Jan 14 23:32:47 +0000 2019","0","Makin mantap pilihan ke pak @prabowo dan bang @sandiuno Allahu akbar ","1084956523132899330","","","in","","0","0","0","https://x.com/undefined/status/1084956523132899330","986569266148229120",
"1084803411592138752","Mon Jan 14 23:32:46 +0000 2019","0","@Ndon08Back MAMPU .... TERUSKAN JENDERAL .... !!!!! @prabowo @sandiuno","1084956519710347264","","Ndon08Back","in","","0","0","0","https://x.com/undefined/status/1084956519710347264","3178377025",
"1084800181055283200","Mon Jan 14 23:32:45 +0000 2019","0","@zarazettirazr @prabowo Try and Try again hanya membuang waktu... Prabowo dg impiannya","1084956516916973569","","","in","","0","0","0","https://x.com/undefined/status/1084956516916973569","925203546953281537",
"1084946292881510400","Mon Jan 14 23:32:38 +0000 2019","0","@Ronnie_Rusli @sedotwcjakarta_ @eliya_mkom Kalau saya lihat teman2 yang dulu jokower fanatik banyak yang kendor untuk dukung lagi diperiode ke 2. Prestasi petahana yang jeblok disemua bidang sulit dibela lagi. Sama sama kita jaga agar Pemilu April 2019 berjalan adil.","1084956486655070209","","","in","","0","0","0","https://x.com/undefined/status/1084956486655070209","2381368609",
"1084689957711560706","Mon Jan 14 23:32:36 +0000 2019","0","@Gerindra @prabowo Wkwkwk.. harga nya terjangkau mahalnya kasihan orang yg miskin noh..","1084956478375485440","","Gerindra","in","","0","0","0","https://x.com/undefined/status/1084956478375485440","938626671518695425",
"1076747621274771457","Mon Jan 14 23:32:34 +0000 2019","0","@aa_miraz Justru berdoalah Menurut saya karna para kampret gak pernah merasa bersyukur akan frestasi jokowi mikirrrr","1084956470683131904","","aa_miraz","in","","0","0","0","https://x.com/undefined/status/1084956470683131904","1066254051275231233",
"1084956469919764480","Mon Jan 14 23:32:34 +0000 2019","0","Yupz ... #01IndonesiaMaju #JokowiNyataKerjanya #OrangBaikMemenangkanJokowi Jokowi: Tak Semudah Itu Menggerus Elektabilitas Saya https://t.co/GvTfNv1gfL","1084956469919764480","","","in","","0","0","0","https://x.com/undefined/status/1084956469919764480","838777607915130882",
"1084818292252893184","Mon Jan 14 23:32:33 +0000 2019","0","@MISAKUBA55pk @Fahrihamzah @prabowo Ketelen air ludah ame ingus-ingus...hahahaaaa gimana caranya ya @Fahrihamzah ...?????saya yakin anda pasti. Bisa.....","1084956465943592960","","MISAKUBA55pk","in","","0","0","0","https://x.com/undefined/status/1084956465943592960","962794445430079488",
"1084687396938047488","Mon Jan 14 23:32:30 +0000 2019","0","@hnurwahid @Indramajid8 @PKSejahtera @prabowo Ajab selalu mngintai bgi yg djolim..percayalh","1084956454279233536","","hnurwahid","in","","0","0","0","https://x.com/undefined/status/1084956454279233536","963748273629495296",
"1084956453645955072","Mon Jan 14 23:32:30 +0000 2019","0","#DesaMajuBersamaJokowi #Kemendes2019 KERJA NYATA DESA MAJU UNTUK INDONESIA BERSATU @jokowi @EkoSandjojo @anwsanusi @taufikmadjid71 @fachrilabalado @Brigade01Arwan1 @Kpw1Riau @RiauP3md @SherlyArianty @Adrianto71 @Nahara_ST @wendymoretha @irmankalampayan #TPPIRiau #TPPIKampar https://t.co/lPhuxbplHv","1084956453645955072","https://pbs.twimg.com/ext_tw_video_thumb/1084956342010273792/pu/img/0wHujz0bl4O2omb8.jpg","","in","","0","0","0","https://x.com/undefined/status/1084956453645955072","935921522107019265",
"1084952120464297984","Mon Jan 14 23:32:25 +0000 2019","0","@wr200465 Critanya gagah2an tuh pidatonya bak ksatrya baja hitam (@prabowo - @sandiuno @adilmakmur02) gk taunya ngelindour persis radio rusak berat!","1084956430602563585","","__LOVE_AG4EVER","in","","0","0","0","https://x.com/undefined/status/1084956430602563585","978675773786570752",
"1084678450667896832","Mon Jan 14 23:32:25 +0000 2019","0","@BinNuh_ @prabowo Majlebbbbbbb.. # udh kalah msih berbuat curang.","1084956430514307072","","mantan_ordal","in","","0","0","0","https://x.com/undefined/status/1084956430514307072","1048347746640396288",
"1084956426508865541","Mon Jan 14 23:32:24 +0000 2019","0","Pastikan OSS Berjalan Presiden Jokowi Tinjau Layanan Perizinan Terintegrasi BKPM https://t.co/OuWTfcEidE https://t.co/e3rwVhtN4H","1084956426508865541","https://pbs.twimg.com/media/Dw6KHq4VsAANuxB.jpg","","in","","0","0","0","https://x.com/undefined/status/1084956426508865541","864625250499047424",
"1084956425644920832","Mon Jan 14 23:32:24 +0000 2019","0","Presiden Jokowi Setujui Alat Pendeteksi Bencana Dijaga TNI https://t.co/XALFG3Vg3M https://t.co/U9UqPoBVr7","1084956425644920832","https://pbs.twimg.com/media/Dw6JIqmVsAEb6WN.jpg","","in","","0","0","0","https://x.com/undefined/status/1084956425644920832","417801888",
"1084817095018201089","Mon Jan 14 23:32:23 +0000 2019","0","@jokowi Begitu cintamu pada mereka dan merekapun membanggakanmu. Semoga tanda ini menjadi semangat kita. #2019JokowiMarufAmin","1084956422373224448","","jokowi","in","","0","0","0","https://x.com/undefined/status/1084956422373224448","153801336",
"1084956419038855168","Mon Jan 14 23:32:22 +0000 2019","0","Presiden PKS Kritik Pidato Prabowo https://t.co/GosqiEWVsC","1084956419038855168","","","in","","0","0","0","https://x.com/undefined/status/1084956419038855168","846715204637376513",
"1084956400487489536","Mon Jan 14 23:32:18 +0000 2019","0","Pada udah nonton belom pidato pak Prabowo semalam Kalau belum yuk cek YouTube biar tau gimana pak Prabowo . https://t.co/w0w5UHnstM","1084956400487489536","","","in","","0","0","0","https://x.com/undefined/status/1084956400487489536","837732289",
"1084956392258060288","Mon Jan 14 23:32:16 +0000 2019","0","Pertaruhan Indonesia Sebagai Negara Kepulauan&amp; Populasi penduduk yg besar dlm Korelasi Globalisme Cocok Punya Presiden PRABOWO SANDI 2019!","1084956392258060288","","","in","","0","0","0","https://x.com/undefined/status/1084956392258060288","2926789580",
"1084951665948672001","Mon Jan 14 23:32:08 +0000 2019","0","@ArnastyaNadya @iAmLogan95 berat memang untuk seperti @jokowi","1084956362272985088","","ArnastyaNadya","in","","0","0","0","https://x.com/undefined/status/1084956362272985088","1082726053557067776",
"1084943505389105152","Mon Jan 14 23:32:05 +0000 2019","0","@Aandriil @seline43340570 @marierteman @prabowo @sandiuno 3x twit fitnah dah berapa rupiah cair..?","1084956348977016832","","aiknaoo","in","","0","0","0","https://x.com/undefined/status/1084956348977016832","834426847509164032",
"1084836782057746432","Mon Jan 14 23:32:03 +0000 2019","0","@Fahrihamzah @prabowo @sandiuno hahahaaaa nasionalis radikal????","1084956340508749825","","Fahrihamzah","in","","0","0","0","https://x.com/undefined/status/1084956340508749825","2890547508",
"1084955093751885824","Mon Jan 14 23:32:02 +0000 2019","0","@Owaala Melontarkan isu gk jls tujuannya mau buat chaos capres gila","1084956334963867648","","Owaala","in","","0","0","0","https://x.com/undefined/status/1084956334963867648","700713378801545217",
"1084956334791905281","Mon Jan 14 23:32:02 +0000 2019","0","Rapper Kill The DJ Keberatan 'Jogja Istimewa' Diubah Jadi Pro-Prabowo https://t.co/OGxxNrnI99 https://t.co/D1UpdM7QPA","1084956334791905281","","","in","","0","0","0","https://x.com/undefined/status/1084956334791905281","821229918302310400",
"1084818292252893184","Mon Jan 14 23:32:01 +0000 2019","0","@Fahrihamzah @prabowo cuma mau tanya *Apa beda Pidato dan Orasi ? *Semalam pak Prabowo itu Pidato atau Orasi ?","1084956331428040704","","Fahrihamzah","in","","0","0","0","https://x.com/undefined/status/1084956331428040704","1080446670356209665",
"1084830930231910401","Mon Jan 14 23:31:53 +0000 2019","0","@Threebuana3 @Dennysiregar7 @jokowi .....wkekkekekek murah meriah klo ngelem","1084956296372051968","","","in","","0","0","0","https://x.com/undefined/status/1084956296372051968","774010998",
"1084818292252893184","Mon Jan 14 23:31:48 +0000 2019","0","@Fahrihamzah @prabowo Tp sedikit sy sayangkan pak @prabowo masih pemaparannya gk to the poin tp rakyat suruh menafsirkan sendiri rakyat indonesia itu lebih banyak berpendidikan kurang jd lain kali harus langsung ke poinnya sekali2 tlg pahami cara berpikir rakyat jangan terlalu tinggi bahasanya","1084956277044785153","","Fahrihamzah","in","","0","0","0","https://x.com/undefined/status/1084956277044785153","1083871754966130688",
"1084823513020608512","Mon Jan 14 23:31:46 +0000 2019","0","@CNNIndonesia Iki yo gak ngerti sebenarnya pendalamam visi dan misi itu adanya di debat capres lucu orang ini","1084956270078058496","","CNNIndonesia","in","","0","0","0","https://x.com/undefined/status/1084956270078058496","1040811188878073856",
"1084820877668016128","Mon Jan 14 23:31:44 +0000 2019","0","@CakKhum #IndonesiaMenang #indonesiaadilmakmur #indonesiaAman @prabowo @sandiuno @fadlizon","1084956261697781760","","suaragagap","qme","","0","0","0","https://x.com/undefined/status/1084956261697781760","3178377025",
"1083267692738441216","Mon Jan 14 23:31:42 +0000 2019","0","@MaskuMasku1 @Pidoli_Lombang @LisaAmartaTara @PEPESOfficial @prabowo @sandiuno @Ferdinand_Haean @MbahUyok @fadlizon @Dahnilanzar @swulll Ketawa lu mending gua cebong la lu gagang panci hehehehwh slm damai kak","1084956251937591297","","MaskuMasku1","in","","0","0","0","https://x.com/undefined/status/1084956251937591297","1081435799109853184",
"1084956233541578757","Mon Jan 14 23:31:38 +0000 2019","0","Saat Lady Diana Bertemu Prabowo https://t.co/bmm4ZSnHZP #2019PrabowoSandi","1084956233541578757","","","in","","0","0","0","https://x.com/undefined/status/1084956233541578757","1034442679235489792",
"1084836782057746432","Mon Jan 14 23:31:37 +0000 2019","0","@Fahrihamzah @prabowo @sandiuno kalo cinta sudah melekat tai kucing rasa coklat.. kalo benci sudah kelewatan pisang sale dikata tai kucing","1084956228374093825","","Fahrihamzah","in","","0","0","0","https://x.com/undefined/status/1084956228374093825","2890547508",
"1084956222980124672","Mon Jan 14 23:31:35 +0000 2019","0","@null Unggul di Beberapa Hasil Survei TKN: Jokowi Tidak Pernah Berhenti Bekerja TKN m https://t.co/VXAcPTccsS","1084956222980124672","","null","in","","0","0","0","https://x.com/undefined/status/1084956222980124672","940602434",
"1084818292252893184","Mon Jan 14 23:31:34 +0000 2019","0","@Alghi_999 @DedekBudiyono @Fahrihamzah @prabowo anggota hewan?","1084956219259801600","","karaengbugis","in","","0","0","0","https://x.com/undefined/status/1084956219259801600","101845565",
"1084305726271479808","Mon Jan 14 23:31:33 +0000 2019","0","@jesswjk @Ferdinand_Haean @jokowi @prabowo Kata nya ga salah si..hahaha. melihat foto peristiwa pagi ini. Jadi dia liat foto peristiwanya di pagi ini..fotonya doang bukan kejadiannya. Nostalgia cara lama untuk sesuatu yg berbeda.","1084956214482485248","","jesswjk","in","","0","0","0","https://x.com/undefined/status/1084956214482485248","433909867",
"1084854404019236864","Mon Jan 14 23:31:32 +0000 2019","0","@yunartowijaya Lebih bagus ini sih daripada pidato Jokowi yg kebanyakan ngomong anu itu mikirnya rada telat..","1084956210732818432","","yunartowijaya","in","","0","0","0","https://x.com/undefined/status/1084956210732818432","154118899",
"1084694975118340102","Mon Jan 14 23:31:27 +0000 2019","0","@afriyadijamain @jokowi #01IndonesiaMaju #01JokowiLagi #01JokowiLagi Bukti nyata #DesaMajuBersamaJokowi Kami tidak butuh @prabowo Penebar hoax dan fitnah #Prabohongstadium4 #Prabohongstadium4 #Prabohongstadium4","1084956189396393984","","afri_playtime","in","","0","0","0","https://x.com/undefined/status/1084956189396393984","706718797701328896",
"1084839412981067778","Mon Jan 14 23:31:20 +0000 2019","0","@upi_sangadji @panca66 @prabowo @sandiuno Mrk tergetar membenarkan isi pidato pak prabowo dan kembali gemetar musti membuat pidato tandingan apakah nanti ngaciro bisa sedikit menyamai pak prabowo ?","1084956160451465216","","upi_sangadji","in","","0","0","0","https://x.com/undefined/status/1084956160451465216","921609928464150528",
"1084847231365144576","Mon Jan 14 23:31:17 +0000 2019","0","@IkasariNatalia @Fahrihamzah @prabowo @sandiuno Ente cyber army ya. Ngomong nya gak logis","1084956148388646912","","FPIgariskoplak","in","","0","0","0","https://x.com/undefined/status/1084956148388646912","312416359",
"1084114484669468673","Mon Jan 14 23:31:15 +0000 2019","0","@gerandongsuka2 @fadlizon @prabowo @sandiuno ","1084956139630948353","","cungkedira","qme","","0","0","0","https://x.com/undefined/status/1084956139630948353","969194939891372032",
"1084826375112994816","Mon Jan 14 23:31:05 +0000 2019","0","@Dennysiregar7 @prabowo kalah di 2019 ini apa bakal maju lagi dia di 2024 ? ","1084956095473364993","","","in","","0","0","0","https://x.com/undefined/status/1084956095473364993","112019726",
"1083267692738441216","Mon Jan 14 23:31:04 +0000 2019","0","@Pidoli_Lombang @LisaAmartaTara @PEPESOfficial @prabowo @sandiuno @Ferdinand_Haean @MbahUyok @fadlizon @Dahnilanzar @swulll Kami mengutip dr kaummu bukan dr kaumq justru kami menyambung apa yg sdh di beritakan dan yg d beritakan bukan org non muslim tp seorang ustat oke..","1084956092256313344","","sungkar24","in","","0","0","0","https://x.com/undefined/status/1084956092256313344","1081435799109853184",
"1084955240569266176","Mon Jan 14 23:31:03 +0000 2019","0","@IsekaiHero @jokowi tidak boleh mengumbar aib seseorang.. apalagi aib seorang presiden.. .. * ah! bpk presiden ","1084956087743262721","","","in","","0","0","0","https://x.com/undefined/status/1084956087743262721","118128103",
"1084956062258581505","Mon Jan 14 23:30:57 +0000 2019","0","Pak @prabowo ingat btp kerasnya kami mghadapi rejim ini darah sj yg blm tertumpah jgn sakiti hati kami dg mengajak mrk masuk dlm pem. baru.Biarkan mrk mnjd alat kontrol u pem.baru.Ingat pak ideologi pecel yg sdh mengakar susah diperbaiki karatan! Jgn coba2 tinggalkan ulama!","1084956062258581505","","","in","","0","0","0","https://x.com/undefined/status/1084956062258581505","1027196779077361666",
"1084835669535420416","Mon Jan 14 23:30:56 +0000 2019","0","@asyafabisya @Gerindra H-19 Calon presiden nomor urut 02 Prabowo Subianto menyebut cadangan bahan bakar minyak (BBM) hanya bisa untuk 20 hari. https://t.co/91ekzw6HG1","1084956059188441088","","asyafabisya","in","","0","0","0","https://x.com/undefined/status/1084956059188441088","795001105943908352",
"1084764118945415171","Mon Jan 14 23:30:56 +0000 2019","0","@Lustrilanang Jngan bawa2 agama deh kalau mau dkung capres...saya muslim dan saya tak suka cara anda membawa2 agama untuk kepentingan junjungan anda!!","1084956058278232065","","Lustrilanang","in","","0","0","0","https://x.com/undefined/status/1084956058278232065","1048398154205261825",
"1084949183369363456","Mon Jan 14 23:30:53 +0000 2019","0","@maspiyuuu DUH PRESIDENKU @prabowo SUMPAH BANGGA BANGET !!! PIDATO BERJAM2 TANPA TEKS ... ️ ","1084956044885819398","","mas_piyuuu","in","","0","0","0","https://x.com/undefined/status/1084956044885819398","845821235657289728",
"1084819040848080896","Mon Jan 14 23:30:49 +0000 2019","0","@sandiuno @RajaPurwa @prabowo Semoga menjadi pemimpin yang amanah membawa indonesia lebih baik dan cinta sama wong cilik lewat kebijakan2 yang akan ditetapkan...#17AprilcoblosPrabowoSandi #IndonesiaMenang #rakyatcerdas #RakyatInginkanPerubahan #","1084956027022274560","","sandiuno","in","","0","0","0","https://x.com/undefined/status/1084956027022274560","151331491",
"1084956025046818816","Mon Jan 14 23:30:48 +0000 2019","0","Masyarakat berbondong-bondong mendeklarasikan diri untuk dukung Jokowi karena puas dengan kinerjanya. #OrangBaikMemenangkanJokowi","1084956025046818816","","","in","","0","0","0","https://x.com/undefined/status/1084956025046818816","1084042300945137665",
"1084956013944553473","Mon Jan 14 23:30:45 +0000 2019","0","Habib Rizieq Serukan Seluruh Ulama Bergerak Menangkan Prabowo-Sandi https://t.co/qDlMZRqEPP","1084956013944553473","","","in","","0","0","0","https://x.com/undefined/status/1084956013944553473","450344595",
"1084956010488315904","Mon Jan 14 23:30:45 +0000 2019","0","Keren @KadesIndonesia semoga manfaat ...! #01IndonesiaMaju #JokowiNyataKerjanya #OrangBaikMemenangkanJokowi Jokowi: Gaji Perangkat Desa Disetarakan dengan PNS Golongan IIA https://t.co/b6bKsOLLB2","1084956010488315904","","","in","","0","0","0","https://x.com/undefined/status/1084956010488315904","838777607915130882",
"1084956009544728583","Mon Jan 14 23:30:44 +0000 2019","0","Prabowo Sandi Tampil Memukau di Pidato Prabowo-Sandi: https://t.co/84ZsJd6VCR via @YouTube","1084956009544728583","","","in","","0","0","0","https://x.com/undefined/status/1084956009544728583","481101050",
"1084838205302628352","Mon Jan 14 23:30:40 +0000 2019","0","@CakKhum @satihasibuann Ada yg lupa diucapkan pak PRABOWO yaitu KITA BUKAN BANGSA KACUNG.","1084955992033382400","","suaragagap","in","","0","0","0","https://x.com/undefined/status/1084955992033382400","1084595803555979264",
"1084694975118340102","Mon Jan 14 23:30:40 +0000 2019","0","@jokowi .","1084955990133420033","","jokowi","qam","","0","0","0","https://x.com/undefined/status/1084955990133420033","2288748260",
"1084955967719002112","Mon Jan 14 23:30:34 +0000 2019","0","Hebat @jokowi bikin pusing @prabowo @sandiuno @SBYudhoyono @ProfAmienRais @MardaniAliSera vr lg gih tipuan HOAX YG LBH BGS SPY @AgusYudhoyono BS JD MENTRI UTAMAAA sm @fadlizon !https://t.co/Ui36QoaibP","1084955967719002112","","","in","","0","0","0","https://x.com/undefined/status/1084955967719002112","2486128351",
"1084955951822557184","Mon Jan 14 23:30:31 +0000 2019","0","iyup bener itu bro....kok jendral cemen ya... prustasi kali krn indikasi kalah maning....... krn dukungan ke pa jokowi mkn kuat...di jawa dan luar jawa...","1084955951822557184","","","in","","0","0","0","https://x.com/undefined/status/1084955951822557184","843759186005520385",
"1084953303564181505","Mon Jan 14 23:30:30 +0000 2019","0","@republikaonline Kalo menyampaikan KEBENARAN itu bukan fitnah namanya min...yg dikatakan rakyat perihal pak Jokowi adalah KEBENARAN bukan fitnah ke pak jokowi...salah kamu min.. https://t.co/ne2UGcpNx7","1084955951151501312","https://pbs.twimg.com/media/Dw6JqKEUYAASGsR.jpg","republikaonline","in","","0","0","0","https://x.com/undefined/status/1084955951151501312","910503484801216512",
"1084955917303668748","Mon Jan 14 23:30:22 +0000 2019","0","(DETIKCOM | Jokowi Tolak Pesimisme Prabowo Soroti Ketahanan Bangsa) https://t.co/5tSsq7Us24 #pemilu #pemilu2019","1084955917303668748","","","in","","0","0","0","https://x.com/undefined/status/1084955917303668748","968428811107819521",
"1084821740377657345","Mon Jan 14 23:30:22 +0000 2019","0","@Fahrihamzah @prabowo @sandiuno Hutang yg hrs mrk bayar container surat suara tempe atm oplas boyolali bangun tol tanpa apbn (hoaxternyata) haiti di afrika kita bubar... wah banyak deeh hutangnya... yg tdk pernah dicicil..","1084955916926177283","","Fahrihamzah","in","","0","0","0","https://x.com/undefined/status/1084955916926177283","98507388",
"1084805887804375040","Mon Jan 14 23:30:21 +0000 2019","0","@SatrioZidni @faizalassegaf hahaha kamu anak kecil tau apa? yang cerdas itu yang banyak prestasinya kaya pak jokowi #OrangBaikMemenangkanJokowi #01IndonesiaMaju #OrangPintarPilihJokowi","1084955910051512320","","","in","","0","0","0","https://x.com/undefined/status/1084955910051512320","1080782652112662528",
"1084850925028732928","Mon Jan 14 23:30:19 +0000 2019","0","@joxzin_jogja @SinggalangBoyke @prabowo Kuwi wong polandia dab","1084955904338931714","","joxzin_jogja","in","","0","0","0","https://x.com/undefined/status/1084955904338931714","782512340575006720",
"1084955895732137984","Mon Jan 14 23:30:17 +0000 2019","0","RULES OF SURVIVAL MAU DITUTUP ?? https://t.co/25K393FUxI #jumatberkah #JokowiSekaliLagi #2019gantipresiden #jakarta #pemilu2019 #capres #gamer","1084955895732137984","","","in","","0","0","0","https://x.com/undefined/status/1084955895732137984","972771850190077953",
"1084955883157757952","Mon Jan 14 23:30:14 +0000 2019","0","Menko Darmin Soal Prabowo Sebut BUMN Bangkrut: Kesimpulan Ceroboh Dasarnya Apa? https://t.co/jf2t5DcC4z","1084955883157757952","","","in","","0","0","0","https://x.com/undefined/status/1084955883157757952","4393472592",
"1084114484669468673","Mon Jan 14 23:30:14 +0000 2019","0","@fadlizon @prabowo @sandiuno Pret taunya nyinyir.","1084955883153502208","","fadlizon","in","","0","0","0","https://x.com/undefined/status/1084955883153502208","969194939891372032",
"1084955837439696896","Mon Jan 14 23:30:03 +0000 2019","0","7 Kritik pedas Prabowo Subianto dalam pidato kebangsaan https://t.co/0SbZ7TxqRS","1084955837439696896","","","in","","0","0","0","https://x.com/undefined/status/1084955837439696896","354168059",
"1084955834797514752","Mon Jan 14 23:30:03 +0000 2019","0","Tantangan IDA: Jokowi- Ma'ruf Oke Prabowo Masih Nanti Emang Nggak Bisa Ngaji? - Warta Ekonomi https://t.co/vfQ8SxzGDG","1084955834797514752","","","in","","0","0","0","https://x.com/undefined/status/1084955834797514752","30617522",
"1084810623941107717","Mon Jan 14 23:29:56 +0000 2019","0","@zarazettirazr @prabowo baca kalimat ini bikin jd terhibur ngakak smbil garuk pantat. Visi misi kami kami beri nama Indonesia Menang. Indonesia harus menang. Kita tidak boleh jadi bangsa yamg kalah bangsa yang minta-minta dan utang utang utang terus dan tidak mampu membela rakyatnya sendiri. ","1084955806217334784","","","in","","0","0","0","https://x.com/undefined/status/1084955806217334784","942276944116060161",
"1084955783022882817","Mon Jan 14 23:29:50 +0000 2019","0","@PerekonomianRI @kemenESDM @Jokowi Hasil survey Policy Perception Index 2018 utk investasi migas o/ Fraser Institute skor Indonesia utk Asia paling rendah di bawah Thailand Vietnam Malaysia implikasinya pd minat investasi migas di Indonesia https://t.co/euJMKkhlcp","1084955783022882817","https://pbs.twimg.com/media/Dw6JPkfU0AEo6Is.jpg","PerekonomianRI","in","","0","0","0","https://x.com/undefined/status/1084955783022882817","26925461",
"1084707490011348993","Mon Jan 14 23:29:46 +0000 2019","0","@AkunTofa @prabowo Sales kecap....","1084955763087306753","","AkunTofa","in","","0","0","0","https://x.com/undefined/status/1084955763087306753","3304963268",
"1084818292252893184","Mon Jan 14 23:29:45 +0000 2019","0","@Abdussalam1439H @Kent_Twiter @PalingKafir @Fahrihamzah @prabowo Buzzer @ 300rb 'an itu mah si projo","1084955759622860800","","Anti71L1439H","in","","0","0","0","https://x.com/undefined/status/1084955759622860800","1048347746640396288",
"1084838623839580161","Mon Jan 14 23:29:43 +0000 2019","0","@sandiuno @prabowo Memimpin segelintir Jakarta aja belum terealisasi gimana mau memimpin bangsa","1084955752425390080","","sandiuno","in","","0","0","0","https://x.com/undefined/status/1084955752425390080","954388642792816640",
"1084841341585055747","Mon Jan 14 23:29:42 +0000 2019","0","@RestyCayah Kalap panik sirik karena junjungan nya gak bisa spt bpk Prabowo #2019PrabowoPresidenRI","1084955749908791296","","RestyCayah","in","","0","0","0","https://x.com/undefined/status/1084955749908791296","967547641931300864",
"1084685777571696640","Mon Jan 14 23:29:40 +0000 2019","0","@RajaPurwa @prabowo Naik asam lambung ju mekihat Jokowi pidato..","1084955739297263616","","RajaPurwa","in","","0","0","0","https://x.com/undefined/status/1084955739297263616","1363603957",
"1084955729969197056","Mon Jan 14 23:29:38 +0000 2019","0","Di Belakang Panggung Prabowo Rapikan Dasi Sandi https://t.co/iPLiYaHFvm","1084955729969197056","","","in","","0","0","0","https://x.com/undefined/status/1084955729969197056","962348570",
"1084086624189706241","Mon Jan 14 23:29:38 +0000 2019","0","@Dennysiregar7 @jokowi Parah lu jadi manusia..","1084955729906126848","","","in","","0","0","0","https://x.com/undefined/status/1084955729906126848","1069972579509665794",
