"conversation_id_str","created_at","favorite_count","full_text","id_str","image_url","in_reply_to_screen_name","lang","location","quote_count","reply_count","retweet_count","tweet_url","user_id_str","username"
"922488315248439296","Wed Jan 16 23:59:56 +0000 2019","0","@juventini_3rwin @lidya_wrw @Yulians16644168 @SuryoUdoro @FidiansyahReza @vintenas @LebahBorneo @kasposudarmo @LambangDC5 @Firman2941 @JokSusi2019 @JantoLatief2 @NurmaTgr @WetanKi @JhrPujianto @achza81 @annisasuci11 @Surono3111 @Namaku_Mei @Swarnadiva9 @blackjava007 @KoRnHurry @Edilsondacunha4 @Cobra0312 @harimaumacannnn @Romario86217246 @CetakBalikpapan @yumajuRL09 @garrycahill8 @januryanur1226 @CaprionDenni @HamidNasution8 @CakFiq99 @gio_tugi @RamsesSiregar7 @THD_011018 @seknasRI_02 @Nanaa_rosaa @paquitacumadebu @jaronosaurus @KPakdhe @Handoyo1998 @Fsilolongan @LingWinata81 @murny7 @lembusurabae @WawanPapAiko @nissaLoveAllah @DjokerGemblung @prabowo Buzzer goblok akut...","1085688132480098304","","juventini_3rwin","hu","","0","0","0","https://x.com/undefined/status/1085688132480098304","1016655236591599616",
"1084372710443180032","Wed Jan 16 23:59:56 +0000 2019","0","@IreneViena Jokowi tamat smpp 1980.pada tahun 1986 smpp berubah nama menjadi sman 6...ok dah ngerti?","1085688131939033089","","IreneViena","in","","0","0","0","https://x.com/undefined/status/1085688131939033089","839278140358787072",
"1085688051303497728","Wed Jan 16 23:59:37 +0000 2019","0","Pak pramono anung kenapa ngikutin pak jokowi terus sih bang????","1085688051303497728","","","in","","0","0","0","https://x.com/undefined/status/1085688051303497728","820127516190871553",
"1085688029514129408","Wed Jan 16 23:59:32 +0000 2019","0","Lebih suka liat pidio klarifikasi rakry indy ketimbang pidio visi misi capres cawapres Apakah aku se aneh itu? ):","1085688029514129408","","","in","","0","0","0","https://x.com/undefined/status/1085688029514129408","1008378013342302208",
"1085688005300375552","Wed Jan 16 23:59:26 +0000 2019","0","Nih ky bgn kl PIDATO @jokowi !JGN NGAWUR Y @prabowo @sandiuno HOAX &amp; PEMBOHONG!HNY UTK KAMPRET DOANG YG MENDEWAKAN PRESIDEN HOAX!BPN NYA MINIM INISIATIF DAN G PNY NIAT MENANG!APLG YG TURUN GUNUNG @SBYudhoyono ALAY DAN WOWO JUSTRU MASUK JURANG!DEMI ILUSI https://t.co/bOVDyKCOcQ","1085688005300375552","","","in","","0","0","0","https://x.com/undefined/status/1085688005300375552","2486128351",
"1085688003509374976","Wed Jan 16 23:59:25 +0000 2019","0","Alhamdulillah Pak Jokowi turut menyatukan umat :) https://t.co/b0eyIQ4VZw #JokowiAminHukumTerjamin","1085688003509374976","","","in","","0","0","0","https://x.com/undefined/status/1085688003509374976","1025518964",
"1085362526492205059","Wed Jan 16 23:59:17 +0000 2019","0","@Bram_Bank007 @prabowo Makacie Pak Camat. #RakyatSudahMuak #NobarDebatPrabowoMenang","1085687969485389824","","Bram_Bank007","in","","0","0","0","https://x.com/undefined/status/1085687969485389824","1002295620051374080",
"1085687937084387328","Wed Jan 16 23:59:09 +0000 2019","0","Presiden Jokowi Resmikan Pembukaan Program Wirausaha ASN 3.500x ditonton Like 654 Dislike 13 Dipublikasikan tanggal 16 Jan 2019 Presiden Joko Widodo Ingin Para Pensiunan Jeli Melihat https://t.co/wcv4uInjz5","1085687937084387328","","","in","","0","0","0","https://x.com/undefined/status/1085687937084387328","576287136",
"1085488126645088256","Wed Jan 16 23:59:06 +0000 2019","0","@MbahUyok Sy juga mau laporin jokowi karna selama ini juga kami dibohongi","1085687923721170944","","MbahUyok","in","","0","0","0","https://x.com/undefined/status/1085687923721170944","1040254027076751360",
"1085409847040983040","Wed Jan 16 23:59:05 +0000 2019","0","@psi_id @jokowi https://t.co/X6OxTzOiBo","1085687917203210242","https://pbs.twimg.com/media/DxEjZ4SUUAAkEZJ.jpg","psi_id","qme","","0","0","0","https://x.com/undefined/status/1085687917203210242","1027464395759136768",
"1085116303436787712","Wed Jan 16 23:58:57 +0000 2019","0","@ustadtengkuzul Beginilah kalau bego dipelihara. Kan Jokowi tdk sebut bulan depan naik gaji? Emang jualan bawang Pak Tengku? Ya tahun depan dong !","1085687885792129024","","ustadtengkuzul","in","","0","0","0","https://x.com/undefined/status/1085687885792129024","635400326",
"1085687852698980354","Wed Jan 16 23:58:49 +0000 2019","0","WOOOOOOW! Di tangan Presiden Jokowi Indonesia punya 51 % saham Preeport yang beralih ke PT Inalum (Persero). @mrxchopi @audreyprattw https://t.co/Elmrmt03ZG #JokowiAminHukumTerjamin","1085687852698980354","","","in","","0","0","0","https://x.com/undefined/status/1085687852698980354","1025518964",
"1085687840078352384","Wed Jan 16 23:58:46 +0000 2019","0","Empat Tahun Jokowi 443 WNI Bebas dari Hukuman Mati https://t.co/xmjr2O1J4O","1085687840078352384","","","in","","0","0","0","https://x.com/undefined/status/1085687840078352384","512591716",
"1085687823980621824","Wed Jan 16 23:58:42 +0000 2019","0","Alhamdulillah... Bapak juga gak bisa di bohongi prabowo","1085687823980621824","","","in","","0","0","0","https://x.com/undefined/status/1085687823980621824","1045306897899839488",
"1085687814472101888","Wed Jan 16 23:58:40 +0000 2019","0","Saksikan Debat Pertama CAPRES &amp; CAWAPRES dengan tema Hukum HAM Korupsi &amp; Terorisme. Supaya kita bisa melihat Visi Misi dan kulitas dari masing² paslon agar kita tidak salah menentukan pimpinan negri kita untuk 5tahun kedepan. #pemilu2019 #pemiludamai2019 #debatcapres https://t.co/zowjvDeG6E","1085687814472101888","https://pbs.twimg.com/media/DxEjR2eUcAAcbwm.jpg","","in","","0","0","0","https://x.com/undefined/status/1085687814472101888","4498304774",
"1085687789910257665","Wed Jan 16 23:58:34 +0000 2019","0","Kalo dia cecunguknya Om Prab dia pastinya sudah jihad harta. Jadi karena nazar SMA Jokowi yg salah. Akhirnya dia bisa nggak masuk neraka atau surga jadinya arwah gentayangan nantinya","1085687789910257665","","","in","","0","0","0","https://x.com/undefined/status/1085687789910257665","85390931",
"1085687777885184000","Wed Jan 16 23:58:32 +0000 2019","0","Yok pakai logika sehat: Jokowi lulusan PT Walkot Solo 2 periode Gub DKI 2014 -2019 Presiden Kok baru skrg muncul hoaks ijazah? Mereka sdh kehabisan cara untuk menjatuhkan pakde. #mikir","1085687777885184000","","","in","","0","0","0","https://x.com/undefined/status/1085687777885184000","110414867",
"1085580925105102848","Wed Jan 16 23:58:28 +0000 2019","0","@RizmaWidiono @De_Ch4 PRABOWO mana bisa ngaji","1085687763230281728","","RizmaWidiono","in","","0","0","0","https://x.com/undefined/status/1085687763230281728","1023047294210531328",
"1085687759606431744","Wed Jan 16 23:58:27 +0000 2019","0","Kasihan sebenarnya melihat Presiden ke 6 RI @SBYudhoyono diperlakukan @prabowo seperti itu. Orang nomor 1 di Republik ini selama 10 thn tetiba kayak pengawal Prabowo. Mantan orang nomor 1 itu mendadak jadi pengekor. Bukan siapa2. Kalo sy jadi SBY sy tinggalin Prabowo skrg jg.","1085687759606431744","","","in","","0","0","0","https://x.com/undefined/status/1085687759606431744","3012602437",
"1085479807670902785","Wed Jan 16 23:58:26 +0000 2019","0","@nayl_alexander @katakitatweet @budimandjatmiko @dr_tompi @TsamaraDKI @faizalassegaf @PartaiSocmed @joxzin_jogja @CH_chotimah Ooo kini ku tau dr asal pernyataan prabowo ","1085687753650524160","","","in","","0","0","0","https://x.com/undefined/status/1085687753650524160","2625386265",
"1085687732007985152","Wed Jan 16 23:58:21 +0000 2019","0","Pagi yg indah. Sarapan-nya juga agak spesial ini supaya tetep HOT nobar debat. Biar makin kuat tereak2 buat Presiden @jokowi dan Pak Maruf Amin ","1085687732007985152","","","in","","0","0","0","https://x.com/undefined/status/1085687732007985152","218477659",
"1085533305355661312","Wed Jan 16 23:58:18 +0000 2019","0","@ASapardan @DivHumas_Polri @jokowi Gak usah lah ... mending fokus sama yg laen... Insha Allah gusti boten sare....","1085687722310651904","","ASapardan","in","","0","0","0","https://x.com/undefined/status/1085687722310651904","134380243",
"1085687681579806720","Wed Jan 16 23:58:09 +0000 2019","0","Rekan q guru honorer swasta dan gtt.. Mari kita perjuangkan kesejahteraan kita di pesta rakyat/pemilu 2019... 1. Memilih presiden yg punya program pendidikan yg baik 2. Memilih presiden yg punya program... https://t.co/QMWdW9fZ1u","1085687681579806720","","","in","","0","0","0","https://x.com/undefined/status/1085687681579806720","1122487416",
"1085687676026552325","Wed Jan 16 23:58:07 +0000 2019","0","Pada Juli tahun 2018 Jokowi meneken Peraturan Presiden Nomor 54 Tahun 2018 tentang Strategi Nasional Pencegahan Korupsi. Perpres mengamanatkan pembentukan Tim Nasional Pencegahan Korupsi. https://t.co/siyGb67Nny #JokowiAminHukumTerjamin","1085687676026552325","","","in","","0","0","0","https://x.com/undefined/status/1085687676026552325","1084042300945137665",
"1085687624440909825","Wed Jan 16 23:57:55 +0000 2019","0","Jokowi Diminta Belajar dari Kesalahan Hatta Rajasa https://t.co/X44jvVviqr","1085687624440909825","","","in","","0","0","0","https://x.com/undefined/status/1085687624440909825","846715204637376513",
"1085579795067428865","Wed Jan 16 23:57:52 +0000 2019","0","@maddario8 @maspiyuuu @Gemacan70 @prabowo @RT_Erdogan Akunnya ada di germany","1085687613955166208","","","in","","0","0","0","https://x.com/undefined/status/1085687613955166208","1001461261614370816",
"1085533207917780992","Wed Jan 16 23:57:41 +0000 2019","0","@BangPino_ @prabowo @Fahrihamzah Santun kalau untuk membohongi tdk guna keras lantang kalau benar wajib.","1085687564969734144","","BangPino_","in","","0","0","0","https://x.com/undefined/status/1085687564969734144","1023103096061288448",
"1085687550138675200","Wed Jan 16 23:57:37 +0000 2019","0","Alhamdulillah semua ini krn pak Jokowi sayang dan cinta sama rakyat Indonesia. 2019 itu tahun terbaik bagi kita setidaknya dengan kebijakan pak deh migas dan pertambangan bisa Indonesia kuasai. https://t.co/0y5NlVuG3j #JokowiAminHukumTerjamin","1085687550138675200","","","in","","0","0","0","https://x.com/undefined/status/1085687550138675200","1025518964",
"1085416712210710529","Wed Jan 16 23:57:37 +0000 2019","0","@LRsetyowati @meow_leader @CakKhum @killthedj Lebih lucu lg soal prabowo pro yahudi lain kali pake meme yg cerdas lah jngn ikut membodohi masyarakat #RakyatSudahMuak https://t.co/Xr0N5JkN5r","1085687548054138881","https://pbs.twimg.com/media/DxEjCW5VsAAuC1O.jpg","","in","","0","0","0","https://x.com/undefined/status/1085687548054138881","1041033246232866816",
"1085572017561071616","Wed Jan 16 23:57:34 +0000 2019","0","@Airin_NZ Dia mah cuma plagiat dan tinggal nambahin istilah Plus di setiap program yg sudah di bangun Jokowi. Gak ada sama sekali ide brilian yg keluar dari pemikirannya kecuali nyari masalah utk di HOAXkan . #koalisisayurkol :-)","1085687537488748544","","Airin_NZ","in","","0","0","0","https://x.com/undefined/status/1085687537488748544","634667156",
"1085687490722156545","Wed Jan 16 23:57:23 +0000 2019","0","Kill The DJ Tetap Dukung Jokowi Pemusik rap terkemuka asal Yogyakarta Kill The DJ alias Marzuki Mohamad menyatakan tak ada yang berubah terkait pilihan politiknya pada pemilu presiden bulan April mendatang.","1085687490722156545","","","in","","0","0","0","https://x.com/undefined/status/1085687490722156545","147765878",
"1085687482342006784","Wed Jan 16 23:57:21 +0000 2019","0","Kalau masyarakatnya masih meributkan hal2 seperti ini ramalan Prabowo indonesia bakal hancur bakal kejadian","1085687482342006784","","","in","","0","0","0","https://x.com/undefined/status/1085687482342006784","217100237",
"1085687466751750144","Wed Jan 16 23:57:17 +0000 2019","0","Ternyata benar. Indonesia Bangkit. Bravo Bapak Presiden @jokowi @jok https://t.co/PUUeYQ3zrK","1085687466751750144","https://pbs.twimg.com/media/DxEi8YOVAAAqlZC.jpg","","in","","0","0","0","https://x.com/undefined/status/1085687466751750144","3176937690",
"1085687457302032385","Wed Jan 16 23:57:15 +0000 2019","0","Tema debat perdana tema debat pertama tema debat yang paling luar biasa menantang bagi kedua kubu. Baik Jokowi dan Prabowo. Mereka berdua https://t.co/YNAayJT5L5","1085687457302032385","","","in","","0","0","0","https://x.com/undefined/status/1085687457302032385","4242589153",
"1085687444194893825","Wed Jan 16 23:57:12 +0000 2019","0","5 Pernyataan Kontroversial JK Hingga Silang Pendapat dengan Jokowi VIVA https://t.co/Bx2w65cGql","1085687444194893825","","","in","","0","0","0","https://x.com/undefined/status/1085687444194893825","22236275",
"1085687444018610176","Wed Jan 16 23:57:12 +0000 2019","0","Kemana aja Pak... Gak perlu ditanya bapak cukup serahkan Mandat bapak ke Pak Prabowo. Setelah jadi Presiden bapak tuntut Pak Prabowo tuntaskan kasus penculikan dan audit semua bekas bekas bapak... Gampang kan pak #RakyatSudahMuak https://t.co/m6zv9Cds5f","1085687444018610176","","","in","","0","0","0","https://x.com/undefined/status/1085687444018610176","1082629745978658816",
"1085687440470204416","Wed Jan 16 23:57:11 +0000 2019","0","Saya yakin yg dimaksud prabowo pasti dokter gadungan... https://t.co/wsNbkJnVUH","1085687440470204416","https://pbs.twimg.com/media/DxEi9XhU0AAUyk0.jpg","","in","","0","0","0","https://x.com/undefined/status/1085687440470204416","813989388",
"1085687412188217349","Wed Jan 16 23:57:04 +0000 2019","0","Deklarasi pemilu 2019 aman damai dan sejuk https://t.co/wRndETR8Zi","1085687412188217349","","","in","","0","0","0","https://x.com/undefined/status/1085687412188217349","974626486668832768",
"1085687406940962816","Wed Jan 16 23:57:03 +0000 2019","0","Debat Capres Perdana 2019: Hal-hal yang Perlu Diketahui #DebatPilpres2019 #DebatPertamaPilpres2019 https://t.co/8FRo9heYPe","1085687406940962816","","","in","","0","0","0","https://x.com/undefined/status/1085687406940962816","17128975",
"1085687386091057157","Wed Jan 16 23:56:58 +0000 2019","0","Pada Juli 2018 Jokowi meneken Peraturan Presiden Nomor 54 Tahun 2018 tentang Strategi Nasional Pencegahan Korupsi. https://t.co/GuiZIYeHMR #JokowiAminHukumTerjamin","1085687386091057157","","","in","","0","0","0","https://x.com/undefined/status/1085687386091057157","1084043651414556672",
"1085687357033000960","Wed Jan 16 23:56:51 +0000 2019","0","InsyaAllah pak Jokowi bisa buat kebijakan yang lebih memberikan kemudahan bagi para ojol ya. Karena menurut beliau Pekerjaan masa depan itu ojek online @ForumOjol @lambe_ojol https://t.co/6Yn1j8zyOQ #JokowiAminHukumTerjamin","1085687357033000960","","","in","","0","0","0","https://x.com/undefined/status/1085687357033000960","1025518964",
"1085201387489619968","Wed Jan 16 23:56:49 +0000 2019","0","@faizalassegaf @jokowi @prabowo Melihat (4)","1085687348682096640","","faizalassegaf","in","","0","0","0","https://x.com/undefined/status/1085687348682096640","987238600390541313",
"1085687333628854273","Wed Jan 16 23:56:46 +0000 2019","0","(Berita | Membaca Gaya Prabowo dalam Pidato Kebangsaan...) https://t.co/TGJDDI2Z8S #pemilu #pemilu2019","1085687333628854273","","","in","","0","0","0","https://x.com/undefined/status/1085687333628854273","968428811107819521",
"1085346213140910080","Wed Jan 16 23:56:39 +0000 2019","0","@yusuf_dumdum @jokowi Coba di tanya pak enak ngak udah ada jalan tol?","1085687304880967680","","yusuf_dumdum","in","","0","0","0","https://x.com/undefined/status/1085687304880967680","1081343978593611776",
"1085494988610392065","Wed Jan 16 23:56:37 +0000 2019","0","@Ndon08Back @jokowi @prabowo @faizalassegaf Tiati dedengkot syi'ah itu sering curang","1085687296639172608","","Ndon08Back","in","","0","0","0","https://x.com/undefined/status/1085687296639172608","832839892635836417",
"1085687293577449473","Wed Jan 16 23:56:36 +0000 2019","0","Debat Capres soal Berantas Korupsi Jokowi Andalkan OTT KPK https://t.co/GJoTEdgxym","1085687293577449473","","","in","","0","0","0","https://x.com/undefined/status/1085687293577449473","274583721",
"1085504946257051648","Wed Jan 16 23:56:32 +0000 2019","0","@Dennysiregar7 @Gerindra @prabowo Muak gue liat tampangnya si @Dennysiregar7","1085687277206949888","","","in","","0","0","0","https://x.com/undefined/status/1085687277206949888","806696256361762816",
"1085371884680560640","Wed Jan 16 23:56:26 +0000 2019","0","@albertpanjaitn Kalau ijazah Jokowi palsu koq UGM bisa menerima dia sebagai mahasiswa wah nggak takut dosa ya Lae.","1085687251827212288","","BatakModeren","in","","0","0","0","https://x.com/undefined/status/1085687251827212288","83282489",
"1085211630852485120","Wed Jan 16 23:56:24 +0000 2019","0","@King54fir @prabowo @sandiuno @CakKhum @MbahUyok @BangPino_ @RajaPurwa @maspiyuuu #IndonesiaMenang","1085687242054488064","","","qme","","0","0","0","https://x.com/undefined/status/1085687242054488064","1040624965840596993",
"1085687229702459392","Wed Jan 16 23:56:21 +0000 2019","0","Pemilu damai 2019 https://t.co/qzix4MHccE","1085687229702459392","","","in","","0","0","0","https://x.com/undefined/status/1085687229702459392","974626486668832768",
"1085201387489619968","Wed Jan 16 23:56:12 +0000 2019","0","@faizalassegaf @jokowi @prabowo Wkwkwwk hampir 40rb krg seribu lagi lawan 14rb.....jauh bang meeeem","1085687192234520576","","faizalassegaf","in","","0","0","0","https://x.com/undefined/status/1085687192234520576","945622054975369216",
"1085686768177795072","Wed Jan 16 23:56:08 +0000 2019","0","@Penjaga_Temlen @nissasabyann @wahhabicc_jabar @DevilWoment @Aryprasetyo85 @TheArieAir @KoRnHurry @GagakNew @ASapardan @permadiaktivis @Airin_NZ @P3nj3l4j4h @04Nakula @ApriliaLin @WahhabiCC @RizmaWidiono Cantik-cantik pendukung prabowo -_-","1085687176493322242","","Penjaga_Temlen","in","","0","0","0","https://x.com/undefined/status/1085687176493322242","1065591534093922305",
"1085687166561181696","Wed Jan 16 23:56:06 +0000 2019","0","Jokowi kalau ngomong suka nampol diri sendiri ","1085687166561181696","","","in","","0","0","0","https://x.com/undefined/status/1085687166561181696","1013039595464769536",
"1085687148898971653","Wed Jan 16 23:56:02 +0000 2019","0","Hebatnya prabowo apa ya? Jadi pemimpin bangsa aja belum? Sering percaya hoaks. Nyapres berkali-kali gagal... Hebatnya di mana?","1085687148898971653","","","in","","0","0","0","https://x.com/undefined/status/1085687148898971653","156950173",
"1085569685888749568","Wed Jan 16 23:56:00 +0000 2019","0","@AkunTofa @prabowo Mulut @AkunTofa Hak pernah bisa di percaya. Kan mulut sama lubang pantat/taek sama. Coba liat ini sama gak https://t.co/B8t2MlDiTd","1085687142435631104","https://pbs.twimg.com/media/DxEis3WVAAMMbC5.jpg","AkunTofa","in","","0","0","0","https://x.com/undefined/status/1085687142435631104","971268834534584320",
"1085687122533638145","Wed Jan 16 23:55:55 +0000 2019","0","Debat Capres-Cawapres Soal Teroris Jatah Ma ruf Amin https://t.co/Ipg8CXzvUS","1085687122533638145","https://pbs.twimg.com/media/DxEirwyUcAErlWf.jpg","","in","","0","0","0","https://x.com/undefined/status/1085687122533638145","3288053485",
"1085687122181287936","Wed Jan 16 23:55:55 +0000 2019","0","BPN: Pertanyaan Antar Capres Saat Debat Berkualitas Negawaran https://t.co/dtUWjtNlV7","1085687122181287936","https://pbs.twimg.com/media/DxEirv6VAAAC5kR.jpg","","in","","0","0","0","https://x.com/undefined/status/1085687122181287936","3288053485",
"1085687103340441600","Wed Jan 16 23:55:51 +0000 2019","0","Tmnku awalnya menyerang Jokowi lalu patah pendapatnya eh mulai lg menyerang partai pendukungnya. Partai penista agama lah antek asing hutang dll. Begitu mau dijawab eh malah emosi ","1085687103340441600","","","in","","0","0","0","https://x.com/undefined/status/1085687103340441600","72081173",
"1085482477752184833","Wed Jan 16 23:55:43 +0000 2019","0","@Umnia77 @prabowo @sandiuno Habit atau hobby ya? Dikit2 Lapar..eh..Lapor *Lapor Kok Dikit2 #hey2 @prabowo - @sandiuno Dilaporkan ke Bawaslu soal Pidato Kebangsaan https://t.co/OfOkIK4160","1085687070981480448","","Umnia77","in","","0","0","0","https://x.com/undefined/status/1085687070981480448","230681519",
"1085201387489619968","Wed Jan 16 23:55:40 +0000 2019","0","@faizalassegaf @jokowi @prabowo Saya liat tapi ga ikutan poll biar prabowo menang ditwitter ","1085687057345724416","","faizalassegaf","in","","0","0","0","https://x.com/undefined/status/1085687057345724416","166441847",
"1085687051767304192","Wed Jan 16 23:55:38 +0000 2019","0","Jika Diserang Isu HAM Masa Lalu Prabowo Akan Bongkar Data di Debat Capres https://t.co/N8yTaL8a5K","1085687051767304192","","","in","","0","0","0","https://x.com/undefined/status/1085687051767304192","846715204637376513",
"1085686999632281601","Wed Jan 16 23:55:26 +0000 2019","0","Begini Skenario Pengamanan Massa Dua Paslon saat Debat Capres https://t.co/Do6SBVhSuk","1085686999632281601","","","in","","0","0","0","https://x.com/undefined/status/1085686999632281601","846715204637376513",
"1085686997467967488","Wed Jan 16 23:55:25 +0000 2019","0","(Liputan 6 | Persiapan Jokowi-Ma'ruf dan Prabowo-Sandiaga Jelang Debat Capres Hari Ini) https://t.co/btfOVpOkgI #pemilu #pemilu2019","1085686997467967488","","","in","","0","0","0","https://x.com/undefined/status/1085686997467967488","968428811107819521",
"1085562834816139264","Wed Jan 16 23:55:24 +0000 2019","0","@AnnaSuezann @jokowi @SBYudhoyono Namanya juga si penghafal. Jadi ngomongnya sesuai teks dan hafalan. Paham atau tidak? Bukan urusan saya ;-) https://t.co/HoFwfXLHW9","1085686993068056577","","AnnaSuezann","in","","0","0","0","https://x.com/undefined/status/1085686993068056577","1014420983640231937",
"1085211630852485120","Wed Jan 16 23:55:19 +0000 2019","0","@King54fir @prabowo @sandiuno @CakKhum @MbahUyok @BangPino_ @RajaPurwa @maspiyuuu Hadech... Rek rek.. gaplek i gatheli hemmm.. MMM mmmm ... Seng mbok lapor no warga mu Dewe.. goblok koe rek","1085686971731664896","","","in","","0","0","0","https://x.com/undefined/status/1085686971731664896","1066065698579869697",
"1085340167601188864","Wed Jan 16 23:55:18 +0000 2019","0","@DfrGenk @kebonlada Kalaupun followe saya banyak endukung Jokowi sekalibitu di RT oleh pendukung Prabowo maka itu polling akan beredar di kubu Prabowo juga.","1085686967726006272","","PPNG_DRF","in","","0","0","0","https://x.com/undefined/status/1085686967726006272","542263382",
"1085686951607291905","Wed Jan 16 23:55:15 +0000 2019","0","SELAMAT PAGI PILPRES jatuh pd tgl *17 April* agar kita mudah siapa yg bakal kita pilih yaitu : 1 ~ngat 7 ~okowi A ~dalah P~residen R~epublik I ~ndonesia L ~agi 🇲🇨 #JokowiNyataKerjanya #Jokowi #Jokowi2Periode","1085686951607291905","","","in","","0","0","0","https://x.com/undefined/status/1085686951607291905","423211503",
"1085686943646572544","Wed Jan 16 23:55:13 +0000 2019","0","#rakyatsudahmuak sama hoax dan fitnah yang dibikin Prabowo Rakyat butuh pemimpin yg berahlak baik dan Jelas Islamnya. https://t.co/vjOZhuuJYn","1085686943646572544","https://pbs.twimg.com/media/DxEig5eUYAAFZXn.jpg","","in","","0","0","0","https://x.com/undefined/status/1085686943646572544","916845060364177408",
"1085686918262583296","Wed Jan 16 23:55:07 +0000 2019","0","Baperan amat.. Ntar lagi @prabowo dan @sandiuno makan pun dilaporin karena duduk di meja no.02.. https://t.co/PSzDzSUzCL","1085686918262583296","","","in","","0","0","0","https://x.com/undefined/status/1085686918262583296","231724137",
"1085686913837584386","Wed Jan 16 23:55:06 +0000 2019","0","Indonesia parah.. Jokowi ancur https://t.co/5jpmktUn4C","1085686913837584386","","","in","","0","0","0","https://x.com/undefined/status/1085686913837584386","630240593",
"1085686908980621312","Wed Jan 16 23:55:04 +0000 2019","0","Sambil membagi tips merintis bisnis Jokowi mempromosikan produk kerajinan UMKM berupa caping petani. https://t.co/VEzvO62y4F","1085686908980621312","","","in","","0","0","0","https://x.com/undefined/status/1085686908980621312","759692754985242625",
"1085179602983473153","Wed Jan 16 23:54:58 +0000 2019","0","@albertpanjaitn Mudah koq melacaknya Lae check di Diknas dan Sekolah dimana Jokowi dulu menjadi siswa SMA. Uang 100 jutanya bisa Lae sumbangkan ke Yayasan Yatim Piatu. Gitu aja koq repot.","1085686884137820162","","BatakModeren","in","","0","0","0","https://x.com/undefined/status/1085686884137820162","83282489",
"1085686882892099585","Wed Jan 16 23:54:58 +0000 2019","0","#rakyatsudahmuak sama hoax dan fitnah yang dibikin Prabowo Rakyat butuh pemimpin yg berahlak baik dan Jelas Islamnya. https://t.co/SPF8pNvFpu","1085686882892099585","https://pbs.twimg.com/media/DxEidcKU8AA8hFs.jpg","","in","","0","0","0","https://x.com/undefined/status/1085686882892099585","916845060364177408",
"1085686869134696449","Wed Jan 16 23:54:55 +0000 2019","0","Mahasiswa Tuntut @jokowi Serius Selesaikan Kasus HAM Masa Lalu https://t.co/IJdDLKKoy3","1085686869134696449","","","in","","0","0","0","https://x.com/undefined/status/1085686869134696449","1082992095361609728",
"1085686856845484032","Wed Jan 16 23:54:52 +0000 2019","0","Sama dok....saya pilih presiden bukan partai pengusungnya....bisa² cm nyoblos capres nih","1085686856845484032","","","in","","0","0","0","https://x.com/undefined/status/1085686856845484032","105014792",
"1085686839300767746","Wed Jan 16 23:54:48 +0000 2019","0","I liked a @YouTube video https://t.co/GE0QVqDahX Haris Azhar: Soal Penegakkan Hukum Jokowi dan Prabowo Sama-sama Kering","1085686839300767746","","","in","","0","0","0","https://x.com/undefined/status/1085686839300767746","838127532",
"1085686827158106112","Wed Jan 16 23:54:45 +0000 2019","0","Jokowi Tiba di Djakarta Theater untuk Latihan Debat https://t.co/rOsK9it9VL","1085686827158106112","","","in","","0","0","0","https://x.com/undefined/status/1085686827158106112","310209084",
"1085686820816379904","Wed Jan 16 23:54:43 +0000 2019","0","#rakyatsudahmuak sama hoax dan fitnah yang dibikin Prabowo Rakyat butuh pemimpin yg berahlak baik dan Jelas Islamnya. https://t.co/92DHxE53hV","1085686820816379904","https://pbs.twimg.com/media/DxEiZxLUUAESeGE.jpg","","in","","0","0","0","https://x.com/undefined/status/1085686820816379904","916845060364177408",
"1085494988610392065","Wed Jan 16 23:54:41 +0000 2019","0","@Ndon08Back @jokowi @prabowo @faizalassegaf Siap ndon.... si Faisal kirim ke Minahasa biar dimakan Buaya","1085686809386840064","","Ndon08Back","in","","0","0","0","https://x.com/undefined/status/1085686809386840064","801728429003444226",
"1085686803334541312","Wed Jan 16 23:54:39 +0000 2019","0","saran utk debat pertama capres ke @jokowi @KHMarufAmin_ saat debat agar santri diajak dan duduk ditribun depan biarkan para elit duduk dibelakang. Ini akan surprise bg rakyat pemilih pasangan No urut 01","1085686803334541312","","","in","","0","0","0","https://x.com/undefined/status/1085686803334541312","766830343638753280",
"1085686799408791552","Wed Jan 16 23:54:38 +0000 2019","0","Di tengah malam sunyi... ku dengar pedagang martabak itu merintih lirih. #2019PrabowoPresidenRI Warung Markobar Gibran di Solo pun Dipepet Posko Prabowo https://t.co/9ZytwyhzV5 https://t.co/cEZWky2RSM","1085686799408791552","https://pbs.twimg.com/media/DxEiYt5WoAEMxRy.jpg","","in","","0","0","0","https://x.com/undefined/status/1085686799408791552","906906799244226560",
"1085560292648472577","Wed Jan 16 23:54:38 +0000 2019","0","@RizmaWidiono @DivHumas_Polri katanya beragama tapi suka menfitnah kalau menfitnah nanti masuk surga looòooo tetap jokowi 01 politik lebih kejam daripada fttnah","1085686799123439616","","RizmaWidiono","in","","0","0","0","https://x.com/undefined/status/1085686799123439616","1003656208941584384",
"1085686796565004288","Wed Jan 16 23:54:38 +0000 2019","0","Pemilu damai https://t.co/Iz6cYLg4dN","1085686796565004288","","","in","","0","0","0","https://x.com/undefined/status/1085686796565004288","974626486668832768",
"1085686790915145729","Wed Jan 16 23:54:36 +0000 2019","0","bahkan seluruh masyarakat mendukung upaya kebijakan Jokowi dalam memerangi peredaran narkoba di Tanah Air itu. https://t.co/MAPo2s4KyS #JokowiAminHukumTerjamin","1085686790915145729","","","in","","0","0","0","https://x.com/undefined/status/1085686790915145729","1078237665164550144",
"1085686783017250816","Wed Jan 16 23:54:34 +0000 2019","0","Capres parah niiii...woiii ngaji woiii","1085686783017250816","","","in","","0","0","0","https://x.com/undefined/status/1085686783017250816","1018023895922761729",
"1085686776318984193","Wed Jan 16 23:54:33 +0000 2019","0","Pidato Prabowo Pengamat: Masih Banyak 'akan' Betul-betul goblok nich pengamat ya pasti banyak 'akan' kan Prabowo belum pernah jadi presiden. Kalau Jokowi terlalu banyak 'belum' nya dan kemungkinan besar akan 'belum' terus. https://t.co/ssimgFPmwR","1085686776318984193","","","in","","0","0","0","https://x.com/undefined/status/1085686776318984193","1044620557344337920",
"1085482477752184833","Wed Jan 16 23:54:29 +0000 2019","0","@Umnia77 @prabowo @sandiuno Semuanya mau dilaporkar mentang berkuasa","1085686762108669952","","Umnia77","in","","0","0","0","https://x.com/undefined/status/1085686762108669952","1067374604132397056",
"1085686759776604160","Wed Jan 16 23:54:29 +0000 2019","0","2 5 Jam Simulasi Debat Jokowi Latihan Tanya Jawab Pertanyaan Panelis https://t.co/dSULfLzGfQ","1085686759776604160","","","in","","0","0","0","https://x.com/undefined/status/1085686759776604160","310209084",
"1085686749391536128","Wed Jan 16 23:54:26 +0000 2019","0","#rakyatsudahmuak sama hoax dan fitnah yang dibikin Prabowo Rakyat butuh pemimpin yg berahlak baik dan Jelas Islamnya. https://t.co/SFmo2g5TzJ","1085686749391536128","https://pbs.twimg.com/media/DxEiVnkUUAAGD4N.jpg","","in","","0","0","0","https://x.com/undefined/status/1085686749391536128","916845060364177408",
"1085686724968165376","Wed Jan 16 23:54:20 +0000 2019","0","Turut mendoakan untuk Bapak @prabowo dan Bapak @sandiuno semoga diberikan kelancaran dan kemudahan dalam menjalani sesi debat nanti berikan fakta dan data yang akurat.","1085686724968165376","","","in","","0","0","0","https://x.com/undefined/status/1085686724968165376","1116793544",
"1085686705322045440","Wed Jan 16 23:54:16 +0000 2019","0","Ketegasan Jokowi dalam penegakkan hukum juga diapresiasi oleh Wakil Ketua Komisi I Tantowi Yahya. https://t.co/MAPo2s4KyS #JokowiAminHukumTerjamin","1085686705322045440","","","in","","0","0","0","https://x.com/undefined/status/1085686705322045440","1078237665164550144",
"1085686703195484160","Wed Jan 16 23:54:15 +0000 2019","0","Menurut dia hampir seluruh masyarakat mendukung upaya kebijakan Jokowi dalam memerangi peredaran narkoba di Tanah Air itu. https://t.co/iLIj4yn9Sv TN #JokowiAminHukumTerjamin","1085686703195484160","","","in","","0","0","0","https://x.com/undefined/status/1085686703195484160","1080434695974772736",
"1085671931230138368","Wed Jan 16 23:54:14 +0000 2019","0","@Umnia77 @Yusrilihza_Mhd Hebat...pak @jokowi dilatih ama @Yusrilihza_Mhd ama direktur sosmed @AryaSinulingga ..... Kaya'nya pak @jokowi bakal dipinjemin radar canggih nih...","1085686698019762176","","Umnia77","in","","0","0","0","https://x.com/undefined/status/1085686698019762176","481807840",
"1085686685642280962","Wed Jan 16 23:54:11 +0000 2019","0","#rakyatsudahmuak sama hoax dan fitnah yang dibikin Prabowo Rakyat butuh pemimpin yg berahlak baik dan Jelas Islamnya. https://t.co/6OICTb6VDH","1085686685642280962","https://pbs.twimg.com/media/DxEiQ_bUwAA25gF.jpg","","in","","0","0","0","https://x.com/undefined/status/1085686685642280962","916845060364177408",
"1085201387489619968","Wed Jan 16 23:54:10 +0000 2019","0","@RelawanProSandi @faizalassegaf @jokowi @prabowo Pimpinan robot bersabda","1085686682614083584","","RelawanProSandi","in","","0","0","0","https://x.com/undefined/status/1085686682614083584","514337280",
"1085686675521466368","Wed Jan 16 23:54:09 +0000 2019","0","Siapapun yang akan menjadi #presidenRI nanti kita sebagai warga negara wajib mendukung. Karena #pilpres bukan memilih siapa yang baik dan buruk. Tapi siapa yang terbaik dari yang terbaik. #Pemilu2019 #Pilpres2019 #jokowi #prabowo","1085686675521466368","","","in","","0","0","0","https://x.com/undefined/status/1085686675521466368","303659369",
"1085686663974653952","Wed Jan 16 23:54:06 +0000 2019","0","Debat capres perdana akan digelar Kamis (17/1/2019). Upaya menangkal hoax hingga ujaran kebencian (hate speech) pun akan dilakukan oleh Kominfo. https://t.co/ZOSye45M5D","1085686663974653952","","","in","","0","0","0","https://x.com/undefined/status/1085686663974653952","69183155",
"1085686603215818752","Wed Jan 16 23:53:51 +0000 2019","0","Menurut dia hampir seluruh masyarakat mendukung upaya kebijakan Jokowi dalam memerangi peredaran narkoba di Tanah Air itu. https://t.co/2moocXgCzw #JokowiAminHukumTerjamin","1085686603215818752","","","in","","0","0","0","https://x.com/undefined/status/1085686603215818752","1077077817995681793",
"1085686560975024128","Wed Jan 16 23:53:41 +0000 2019","0","Salam Kamis Optimis Ingat ingat.. 90 hari menuju Pemilu serentak 17 April 2109 1_ngat 7_okowi A_dalah P_residen R_epublik I_ndonesia L_agi Ayo gunakan hak pilih anda Salam optimis #01JokowiLagi https://t.co/w2CsgAVDbQ","1085686560975024128","https://pbs.twimg.com/media/DxEiJ78VAAALZZN.jpg","","in","","0","0","0","https://x.com/undefined/status/1085686560975024128","958905908674707456",
"1085686559506980865","Wed Jan 16 23:53:41 +0000 2019","0","Nti malam debat capres yaaa #2019GantiPresiden #DebatPilpres2019","1085686559506980865","","","in","","0","0","0","https://x.com/undefined/status/1085686559506980865","127820053",
"1085482477752184833","Wed Jan 16 23:53:37 +0000 2019","0","@Umnia77 @prabowo @sandiuno Dia kalau sedikit pasti LAPER","1085686540876042241","","Umnia77","in","","0","0","0","https://x.com/undefined/status/1085686540876042241","97866636",
"1085201387489619968","Wed Jan 16 23:53:35 +0000 2019","0","@faizalassegaf @jokowi @prabowo Yang punya akun ini kemana ya.. apa sdh kaboooor ","1085686534857093121","","faizalassegaf","in","","0","0","0","https://x.com/undefined/status/1085686534857093121","2640236234",
"1085546264857464832","Wed Jan 16 23:53:34 +0000 2019","0","@Noerzam05869999 @PantunJ2P @vita_diahErv @Y_Radianto @4Y4NKZ @BocoroRoman @HD52766966 @armawaras @DjanChoek @INTANHambaAllah @sukangetweet Jokowi-Ma'ruf itu. Lambang kalian sungguh mendukung kami sekali. Makasih yaaaa #JokowiAminHukumTerjamin","1085686529706536960","","Noerzam05869999","in","","0","0","0","https://x.com/undefined/status/1085686529706536960","1025518964",
"1085430647592632320","Wed Jan 16 23:53:29 +0000 2019","0","@juventini_3rwin @DYoesouf @Anak_Perantau_ @212ThePowerOff1 @Rusydi_riau40 @ardi_riau @Ferdinand_Haean @bengkeldodo @Maulana_Tigor @MbahUyok @liem_id @RajaPurwa @Ndon08Back @ndoro__Putri @AkunTofa wah drama dipagi hari didunia ini gak ada yng sempurna. tentu saja setiap partai pasti ada yg kdernya korupsi tapi presentasinya berbeda. jangan marah marah karna dajjal suka orang yg kayak gitu. Saya #RakyatSudahMuak dangan Razim ini pak @prabowo orang kuat","1085686508370030594","","juventini_3rwin","in","","0","0","0","https://x.com/undefined/status/1085686508370030594","1029299998087733248",
"1085686487075631104","Wed Jan 16 23:53:24 +0000 2019","0","Debat Capres soal Berantas Korupsi Jokowi Andalkan OTT KPK #AkuSERUJI #DebatCapres #Pilpres2019 https://t.co/VAJVPKRiT4","1085686487075631104","","","in","","0","0","0","https://x.com/undefined/status/1085686487075631104","795710774953922560",
"1085533207917780992","Wed Jan 16 23:53:23 +0000 2019","0","@BangPino_ @prabowo @Fahrihamzah Tapi kalo bantai bantai datanya ngawur smua gmn itu?","1085686483221008384","","BangPino_","in","","0","0","0","https://x.com/undefined/status/1085686483221008384","69583493",
"1085333787418882048","Wed Jan 16 23:53:20 +0000 2019","0","@yurikaa_dr @IvelineDB @Bertus37846451 @Ferdinand_Haean @jokowi @prabowo kan kemarin juga pake telepromter....","1085686469274914816","","yurikaa_dr","in","","0","0","0","https://x.com/undefined/status/1085686469274914816","934233701143134208",
"1085686450300030976","Wed Jan 16 23:53:15 +0000 2019","0","@prabowo dan @jokowi 22nya sami mawon ...","1085686450300030976","","prabowo","in","","0","0","0","https://x.com/undefined/status/1085686450300030976","43028223",
"1085686436806848512","Wed Jan 16 23:53:12 +0000 2019","0","Pda ribut jokowi alumni sma mana~ jokowi lahir lahir langsung kuliah keles~ ga pake sma.","1085686436806848512","","","in","","0","0","0","https://x.com/undefined/status/1085686436806848512","74416736",
"1085328716719243264","Wed Jan 16 23:53:10 +0000 2019","0","@YSwaraalam @jokowi Hukum yg dibuat MUI?","1085686428795777024","","","in","","0","0","0","https://x.com/undefined/status/1085686428795777024","542263382",
"1085686394482118656","Wed Jan 16 23:53:02 +0000 2019","0","Program Penertiban Impor Cukai dan Ekspor Berisiko Tinggi (PICE-BT) yang digagas pemerintah Jokowi dan berhasil menekan peredaran barang selundupan. https://t.co/7nT0JdViPU #JokowiAminHukumTerjamin","1085686394482118656","","","in","","0","0","0","https://x.com/undefined/status/1085686394482118656","1079037392441401345",
"1085533207917780992","Wed Jan 16 23:53:02 +0000 2019","0","@BangPino_ @prabowo @Fahrihamzah setuju!!! #RakyatSudahMuak #2019PrabowoPresidenRI #2019PrabowoSandi #2019PulangkanKeSolo","1085686394180096000","","BangPino_","in","","0","0","0","https://x.com/undefined/status/1085686394180096000","2583268386",
"1085686358880923648","Wed Jan 16 23:52:53 +0000 2019","0","Amien Rais: 17 April Sampai 20 Oktober 2019 Kita Jadikan Jokowi Seperti Bebek Lumpuh https://t.co/4YDbB2BqHb","1085686358880923648","","","in","","0","0","0","https://x.com/undefined/status/1085686358880923648","892290867582468097",
"1085331212527226880","Wed Jan 16 23:52:51 +0000 2019","0","@maspiyuuu @prabowo @sandiuno Tolong nenek militan itu diamankan bang takutnya ntar dilaporin juga ama cebi... ","1085686349242392576","","mas_piyuuu","in","","0","0","0","https://x.com/undefined/status/1085686349242392576","841600354609389569",
"1085469831296503808","Wed Jan 16 23:52:42 +0000 2019","0","@KasanMulyono Bener itu. 2014 prb tll soft. Pdhal mukidi jelas ngibul dan ngecapnya. Agak kecewa wkt itu. Tlg pak @prabowo sudahi rasa malu kami hidup di jmn mukidi.","1085686310143021056","","KasanMulyono","in","","0","0","0","https://x.com/undefined/status/1085686310143021056","223743220",
"1085686286910799872","Wed Jan 16 23:52:36 +0000 2019","0","@null Jelang Debat Capres Kominfo Siap Tangkal Hoax &amp;amp; Hate Speech Debat capres pe https://t.co/SyXAb4Lyhv","1085686286910799872","","null","in","","0","0","0","https://x.com/undefined/status/1085686286910799872","841647671349673984",
"1085686268682371073","Wed Jan 16 23:52:32 +0000 2019","0","Jelang Debat Capres Kominfo Siap Tangkal Hoax &amp;amp; Hate Speech Debat capres pe https://t.co/TJg0ugJUBq","1085686268682371073","","","in","","0","0","0","https://x.com/undefined/status/1085686268682371073","389246401",
"1085686253566058496","Wed Jan 16 23:52:28 +0000 2019","0","Masalah kita adalah KORUPSI yg merajalela sejak zaman Orba ketika mantan mertuanya Prabowo berkuasa. Duit korupsi itu masih dinikmati skrg oleh anak cucunya mgk termasuk digunakan utk kampanye oleh mantan mantunya. Pilihlah presiden yg sudah TERBUKTI tidak korupsi!!! https://t.co/F51Sgo8zkg","1085686253566058496","https://pbs.twimg.com/media/DxEhNesUwAUdyiI.jpg","","in","","0","0","0","https://x.com/undefined/status/1085686253566058496","160668889",
"1085686241356443653","Wed Jan 16 23:52:25 +0000 2019","0","@jokowi njenengan ngomong apa dilakoni apa...Esuk dele sore tempe Wes gek muleh Solo nda #RakyatSudahMuak #RakyatSudahMuak #RakyatSudahMuak","1085686241356443653","","jokowi","in","","0","0","0","https://x.com/undefined/status/1085686241356443653","195191106",
"1085686217646043136","Wed Jan 16 23:52:20 +0000 2019","0","Salah satu upaya pak @jokowi dalam menangani kasus terorisme ialah pembenahan pada Badan Nasional Penanggulangan Terorisme (BNPT). Saat ini lembaga pemerintah yang fokus terhadap penanganan terorisme itu lebih stabil. https://t.co/tIyLFPFx1G #JokowiAminHukumTerjamin","1085686217646043136","","","in","","0","0","0","https://x.com/undefined/status/1085686217646043136","57328078",
"1085686212893933569","Wed Jan 16 23:52:18 +0000 2019","0","Prabowo Janjikan Kebebasan Pers hingga Setop Kriminalisasi Ulama https://t.co/ePw88Niikp","1085686212893933569","","","in","","0","0","0","https://x.com/undefined/status/1085686212893933569","602568464",
"1085533207917780992","Wed Jan 16 23:52:16 +0000 2019","0","@BangPino_ @prabowo @Fahrihamzah Tolong di retweet. Insha Allah berfaedah. https://t.co/QJgD9h6mgn","1085686204274597888","https://pbs.twimg.com/media/DxEhs47V4AIU1_7.jpg","BangPino_","in","","0","0","0","https://x.com/undefined/status/1085686204274597888","981016137520488448",
"1085686180362969088","Wed Jan 16 23:52:11 +0000 2019","0","jangan lupa gaes........ debat pertama capres &amp; cawapres jangan sampai ketinggalan yaa.... #JokowiAminHukumTerjamin #JokowiAminMenangDebat","1085686180362969088","","","in","","0","0","0","https://x.com/undefined/status/1085686180362969088","1077077817995681793",
"1085686173819752448","Wed Jan 16 23:52:09 +0000 2019","0","100 persen tidak khawatir... Karna nanti presiden baru prabowo sandi akan membereskannya...!#IndonesiaAdilMakmur","1085686173819752448","","","in","","0","0","0","https://x.com/undefined/status/1085686173819752448","1040203504386592768",
"1085686166773411840","Wed Jan 16 23:52:07 +0000 2019","0","Pak Jokowi should read this.","1085686166773411840","","","en","","0","0","0","https://x.com/undefined/status/1085686166773411840","165242082",
"1085686155557781504","Wed Jan 16 23:52:05 +0000 2019","0","Berkat upaya pemerintah untuk menindak tegas aksi teror pengamat menilai penanganan kasus terorisme di era pak @jokowi lebih baik dari era sebelumnya #JokowiAminHukumTerjamin https://t.co/rPLUSomdYq","1085686155557781504","https://pbs.twimg.com/media/DxEhzJWVYAAUpNt.jpg","","in","","0","0","0","https://x.com/undefined/status/1085686155557781504","57328078",
"1085686151858536448","Wed Jan 16 23:52:04 +0000 2019","0","Persiapan Jokowi-Ma ruf dan Prabowo-Sandiaga Jelang Debat Capres Hari Ini https://t.co/A0Jr41w4av https://t.co/n92Gn33eew","1085686151858536448","https://pbs.twimg.com/media/DxEhzS1WwAAslJa.jpg","","in","","0","0","0","https://x.com/undefined/status/1085686151858536448","846715204637376513",
"1085686145021853701","Wed Jan 16 23:52:02 +0000 2019","0","maksudnya itu @prabowo yang gak boleh latihan .... kalau @jokowi mah sah2 aja latihan ... mungkin","1085686145021853701","","","in","","0","0","0","https://x.com/undefined/status/1085686145021853701","43028223",
"1085541609725292544","Wed Jan 16 23:51:54 +0000 2019","0","@LisaAmartaTara Baiknya selayaknya ukuran CaPres dan Cawapreslah.....jgn pura2 sederhana","1085686110833979392","","LisaAmartaTara","in","","0","0","0","https://x.com/undefined/status/1085686110833979392","465103211",
"1085501235036188672","Wed Jan 16 23:51:47 +0000 2019","0","@eae18 cc @jokowi","1085686079548579840","","effendi____","und","","0","0","0","https://x.com/undefined/status/1085686079548579840","60538936",
"1085686071914942464","Wed Jan 16 23:51:45 +0000 2019","0","@null Jelang Debat Capres Kominfo Siap Tangkal Hoax &amp;amp; Hate Speech Debat capres pe https://t.co/FtYNh5fRlP","1085686071914942464","","null","in","","0","0","0","https://x.com/undefined/status/1085686071914942464","312037898",
"1085686042609373184","Wed Jan 16 23:51:38 +0000 2019","0","Efek Elektoral Debat Capres @BurhanMuhtadi @yunartowijaya @saiful_mujani @hantayuda @SiegerAnwalt @mohmahfudmd @titianggraini @RustamIbrahim @budimandjatmiko @GunRomli @prastow @imanlagi @imanbr https://t.co/hUx0u4Ypqc","1085686042609373184","https://pbs.twimg.com/media/DxEhrLsUcAA1JI5.jpg","","eu","","0","0","0","https://x.com/undefined/status/1085686042609373184","272722956",
"1085686028336132096","Wed Jan 16 23:51:34 +0000 2019","0","Penegakkan hukum juga dilakukan Jokowi terhadap aksi terorisme. UU Antiterorisme dapat digunakan oleh seluruh pemangku kepentingan &amp; aparat penegak hukum dlm menanggulangi masalah terorisme. Dengan begitu penanganan terorisme berjalan efektif &amp; efisien #JokowiAminHukumTerjamin","1085686028336132096","","","in","","0","0","0","https://x.com/undefined/status/1085686028336132096","57328078",
"1085504946257051648","Wed Jan 16 23:51:33 +0000 2019","0","@Dennysiregar7 @Gerindra @prabowo @NorthKoreaDPRK","1085686020698304512","","","qam","","0","0","0","https://x.com/undefined/status/1085686020698304512","707038748010090496",
"1085504946257051648","Wed Jan 16 23:51:27 +0000 2019","0","@Dennysiregar7 @Gerindra @prabowo Wkwkwk...","1085685995406671872","","","in","","0","0","0","https://x.com/undefined/status/1085685995406671872","1052335064",
"1085685956559089664","Wed Jan 16 23:51:17 +0000 2019","0","@null Jelang Debat Capres Kominfo Siap Tangkal Hoax &amp;amp; Hate Speech Debat capres pe https://t.co/MGLHhuyVKP","1085685956559089664","","null","in","","0","0","0","https://x.com/undefined/status/1085685956559089664","849336524",
"1085685920752295936","Wed Jan 16 23:51:09 +0000 2019","0","Tekad pak @jokowi untuk memberantas korupsi cukup membuahkan hasil. Data terakhir yang dirilis Corruption Perceptions Index (CPI) atau Indeks Persepsi Korupsi tahun 2017 posisi Indonesia berada pada angka 37. https://t.co/m92HwN19yH #JokowiAminHukumTerjamin","1085685920752295936","","","in","","0","0","0","https://x.com/undefined/status/1085685920752295936","57328078",
"1085673627121373191","Wed Jan 16 23:51:07 +0000 2019","0","@maspiyuuu @jokowi Latihan koyo ank SD ya","1085685912439185408","","mas_piyuuu","in","","0","0","0","https://x.com/undefined/status/1085685912439185408","1048963792736935936",
"1085685900829323264","Wed Jan 16 23:51:04 +0000 2019","0","@null Jelang Debat Capres Kominfo Siap Tangkal Hoax &amp;amp; Hate Speech Debat capres pe https://t.co/18ABr8Bb1L","1085685900829323264","","null","in","","0","0","0","https://x.com/undefined/status/1085685900829323264","1196188764",
"1085685891140472832","Wed Jan 16 23:51:02 +0000 2019","0","Jokowi Diminta Belajar dari Kesalahan Hatta Rajasa https://t.co/7leKBu8Tdf","1085685891140472832","","","in","","0","0","0","https://x.com/undefined/status/1085685891140472832","22126902",
"1085533207917780992","Wed Jan 16 23:51:00 +0000 2019","0","@BangPino_ @prabowo @Fahrihamzah Benerrrr setujuuuuu......harus ada yg KO dan berdarah darah kata pak akal sehat @rockygerung ","1085685883360075778","","BangPino_","in","","0","0","0","https://x.com/undefined/status/1085685883360075778","1036488454438248448",
"1085685860308111360","Wed Jan 16 23:50:54 +0000 2019","0","Swing voter for jokowi. Lanjutkan fitnahan mu kampret..","1085685860308111360","","","in","","0","0","0","https://x.com/undefined/status/1085685860308111360","1044054433007460357",
"1085051666083110912","Wed Jan 16 23:50:50 +0000 2019","0","@Ferdinand_Haean @prabowo @yunartowijaya @permadiaktivis Tapi pidato pak @jokowi bermanfaat tuh...ketimbang HOAK - -","1085685844256579589","","Ferdinand_Haean","in","","0","0","0","https://x.com/undefined/status/1085685844256579589","1052505398190649345",
"1085673627121373191","Wed Jan 16 23:50:50 +0000 2019","0","@maspiyuuu @jokowi Mungkin nnt stlh tdk ada lagi kejujuran di muka bumi br dia ngaku kalo selama ini dia tidak pernah jujur...","1085685841995882496","","mas_piyuuu","in","","0","0","0","https://x.com/undefined/status/1085685841995882496","1900660116",
"1085346213140910080","Wed Jan 16 23:50:42 +0000 2019","0","@yusuf_dumdum @jokowi Hebat ya Dum tahun 2014 Indonesia blm ada jalan aspal cuma jalan setapak. Gak nyampe setahun kemudian sudah jalan aspal semua. Muantaf Dum..Dum... Ente mabok Dumolite?","1085685807241818112","","yusuf_dumdum","in","","0","0","0","https://x.com/undefined/status/1085685807241818112","904823727254233089",
"1085685767744086016","Wed Jan 16 23:50:32 +0000 2019","0","Tak pandang bulu pemberantasan korupsi di era pakdhe @jokowi sangat gencar dilakukan. https://t.co/hpgaFEc0fY #JokowiAminHukumTerjamin","1085685767744086016","","","in","","0","0","0","https://x.com/undefined/status/1085685767744086016","57328078",
"1085685747611512833","Wed Jan 16 23:50:27 +0000 2019","0","(Okezone | Berebut Endorsement Ahok yang Bebas 24 Januari 2019 : Okezone News) https://t.co/Bcju4JAnCq #pemilu #pemilu2019","1085685747611512833","","","in","","0","0","0","https://x.com/undefined/status/1085685747611512833","968428811107819521",
"1085685747422621706","Wed Jan 16 23:50:27 +0000 2019","0","@null Jelang Debat Capres Kominfo Siap Tangkal Hoax &amp;amp; Hate Speech Debat capres pe https://t.co/C5ly0Pg19g","1085685747422621706","","null","in","","0","0","0","https://x.com/undefined/status/1085685747422621706","840989714",
"1085685739646443521","Wed Jan 16 23:50:26 +0000 2019","0","WOW berkat Jokowi Indonesia Menjadi Negara 3 Teratas Penegakan Hukum Pemberantasan Korupsi. https://t.co/3ZhgCKSN0I #JokowiAminHukumTerjamin","1085685739646443521","","","in","","0","0","0","https://x.com/undefined/status/1085685739646443521","1084043651414556672",
"1085685725931003904","Wed Jan 16 23:50:22 +0000 2019","0","@null Jelang Debat Capres Kominfo Siap Tangkal Hoax &amp;amp; Hate Speech Debat capres pe https://t.co/NiFkP3z0n4","1085685725931003904","","null","in","","0","0","0","https://x.com/undefined/status/1085685725931003904","1557463332",
"1085685722567176192","Wed Jan 16 23:50:21 +0000 2019","0","@null Jelang Debat Capres Kominfo Siap Tangkal Hoax &amp;amp; Hate Speech Debat capres pe https://t.co/x8IZHBlhau","1085685722567176192","","null","in","","0","0","0","https://x.com/undefined/status/1085685722567176192","1679852396",
"1085685720977690625","Wed Jan 16 23:50:21 +0000 2019","0","We thank you American Bar Association @ABAesq article: OUT OF SIGHT OUT OF MIND:MONTARA-The Australian Version Of Deep Horizon10 Years On-Australia Ambassador @DubesAustralia Hiding!AFRAID TO MEET 100.000 Victims!SHAME ON YOU🇦🇺 Cc @ScottMorrisonMP @jokowi @PresidentTrump_ https://t.co/OrCw01gksT","1085685720977690625","https://pbs.twimg.com/media/DxEbBc9W0AE8gka.jpg","","en","","0","0","0","https://x.com/undefined/status/1085685720977690625","754288945",
"1085685705458704385","Wed Jan 16 23:50:17 +0000 2019","0","Selain itu komitmen @jokowi memberantas korupsi juga melibatkan masyarakat. Lewat Perpres Nomor 54 Tahun 2018 tentang pemberian penghargaan masyarakat yang berperan dalam pemberantasan dan pencegahan tindak pidana korupsi. #JokowiAminHukumTerjamin","1085685705458704385","","","in","","0","0","0","https://x.com/undefined/status/1085685705458704385","57328078",
"1085685689776168960","Wed Jan 16 23:50:14 +0000 2019","0","@null Jelang Debat Capres Kominfo Siap Tangkal Hoax &amp;amp; Hate Speech Debat capres pe https://t.co/BNFjR1WkJg","1085685689776168960","","null","in","","0","0","0","https://x.com/undefined/status/1085685689776168960","625593086",
"1085685680582213632","Wed Jan 16 23:50:11 +0000 2019","0","Jelang Debat Capres Kominfo Siap Tangkal Hoax &amp;amp; Hate Speech Debat capres pe https://t.co/hLumM3h7yH","1085685680582213632","","","in","","0","0","0","https://x.com/undefined/status/1085685680582213632","251586988",
"1085524248095903744","Wed Jan 16 23:50:10 +0000 2019","0","@RajaPurwa Ayo Jokowi mau janji apa lagi semua-muanya sdh di janjikan ke Rakyat dan belum kelihatan tanda2 ditepati #RakyatSudahMuak dengan janji2 yg ternyata cuma kebohongan","1085685674479480832","","RajaPurwa","in","","0","0","0","https://x.com/undefined/status/1085685674479480832","545625476",
"1085685666745184257","Wed Jan 16 23:50:08 +0000 2019","0","Polri Mengaku Bingung Dengan Pendapat Prabowo Soal Tak Hanya Setia Pada Individu https://t.co/rnELiFMNzQ https://t.co/6cx1wEmNeg","1085685666745184257","https://pbs.twimg.com/media/DxEhXDnVsAAviFa.jpg","","in","","0","0","0","https://x.com/undefined/status/1085685666745184257","1373752338",
"1085685658717286401","Wed Jan 16 23:50:06 +0000 2019","0","#RakyatSudahMuak Sebelumnya @jokowi Bilang: Debat Kok Pakai Latihan? Tapi Malah Jokowi Tiba di Djakarta Theatre Untuk Latihan Debat https://t.co/cnsYeJsedF","1085685658717286401","","","in","","0","0","0","https://x.com/undefined/status/1085685658717286401","1082992095361609728",
"1085685653050818560","Wed Jan 16 23:50:05 +0000 2019","0","Jokowi-Ma'ruf Mantapkan Persiapan Debat - Medcom ID https://t.co/5C2PGXzZWU","1085685653050818560","","","in","","0","0","0","https://x.com/undefined/status/1085685653050818560","1166038124",
"1085201387489619968","Wed Jan 16 23:50:02 +0000 2019","0","@faizalassegaf @jokowi @prabowo Tutup akun ini trs bikin baru lagi...kalau paradigma masih sama ga usah tutup akun nya.","1085685642552500224","","faizalassegaf","in","","0","0","0","https://x.com/undefined/status/1085685642552500224","1083525659706576897",
"1085685631752126464","Wed Jan 16 23:50:00 +0000 2019","0","Ikuti #DebatPertama Capres &amp; Cawapres nomor urut 01 @jokowi @KHMarufAmin_ dan Capres &amp; Cawapres nomor urut 02 @prabowo @sandiuno LIVE di KompasTV hari ini mulai pukul 18.00 WIB #RumahPemilu https://t.co/NeEZ8wqmGb","1085685631752126464","https://pbs.twimg.com/media/DwnIMLxVYAEcuE4.jpg","","in","","0","0","0","https://x.com/undefined/status/1085685631752126464","71436318",
"1085396063387901953","Wed Jan 16 23:49:53 +0000 2019","0","@laskar_minang @Gerindra @fadlizon @prabowo Klo kalah lagi. Kira kira bakal pada setres lagi gi ni.","1085685603046326272","","demoCRAZY_id","in","","0","0","0","https://x.com/undefined/status/1085685603046326272","1068533490516258816",
"1085685575758184448","Wed Jan 16 23:49:46 +0000 2019","0","Melalui kerja sama dgn negara lain akhirnya @jokowi dapat menemukan titik terang pemberantasan kasus korupsi dan pelarian uang negara ke negara lain. #JokowiAminHukumTerjamin","1085685575758184448","","","in","","0","0","0","https://x.com/undefined/status/1085685575758184448","57328078",
"1085201387489619968","Wed Jan 16 23:49:45 +0000 2019","0","@faizalassegaf @jokowi @prabowo Lanjutkan untuk P Jowoki","1085685569340895233","","faizalassegaf","in","","0","0","0","https://x.com/undefined/status/1085685569340895233","1486755152",
"1085685565679259648","Wed Jan 16 23:49:44 +0000 2019","0","Demo Perangkat Desa Tagih Janji Jokowi Mendadak Berubah Tempat https://t.co/JhPe4YetZR","1085685565679259648","","","in","","0","0","0","https://x.com/undefined/status/1085685565679259648","602568464",
"1085685547249483777","Wed Jan 16 23:49:40 +0000 2019","0","Sinetron #dungupastiberlalu @jokowi","1085685547249483777","","","es","","0","0","0","https://x.com/undefined/status/1085685547249483777","2357998424",
"1085201387489619968","Wed Jan 16 23:49:40 +0000 2019","0","@faizalassegaf @jokowi @prabowo Titip https://t.co/WIIotwUXlP","1085685546922332160","https://pbs.twimg.com/ext_tw_video_thumb/1085683955594973184/pu/img/RnrEEQZEEWX8pabs.jpg","faizalassegaf","ht","","0","0","0","https://x.com/undefined/status/1085685546922332160","713000261795491840",
"1085685545680830464","Wed Jan 16 23:49:39 +0000 2019","0","Rakyat indonesia hanya minoritas yg tahu rob allyn rakyat 1000% kenal jokowi dan akal sehat akan mengalahkan methode apapun#tetap01","1085685545680830464","","","in","","0","0","0","https://x.com/undefined/status/1085685545680830464","1048692325948387328",
"1085685521550987264","Wed Jan 16 23:49:34 +0000 2019","0","#2019PulangKeSolo @CakKhum @RajaPurwa @saididu @SBYudhoyono @Ferdinand_Haean @AkunTofa @BangPino_ @Dahnilanzar @karniilyas @fadlizon @Fahrihamzah @rockygerung @prabowo @sandiuno @aba_faqih @ADP viralkan https://t.co/4pVuCqQjJQ","1085685521550987264","https://pbs.twimg.com/media/DxEhNDbUwAATSLP.jpg","","in","","0","0","0","https://x.com/undefined/status/1085685521550987264","794441478676193280",
"1085685506074017792","Wed Jan 16 23:49:30 +0000 2019","0","Mau bilang AMIN rasanya kok ngeri ² sedap. 1.klo doa dikabulkan alamat sengsara 2.Bilang amin dikira menghina kan amin cawapres pak Jokowi .. Hadeeuuhh","1085685506074017792","","","in","","0","0","0","https://x.com/undefined/status/1085685506074017792","1063734796004712448",
"1085685499866406912","Wed Jan 16 23:49:28 +0000 2019","0","pakdhe @jokowi menegaskan pemerintah tak mentolerir Koruptor yang larikan uang Negara ke luar negeri https://t.co/mXyufWp8LJ #JokowiAminHukumTerjamin","1085685499866406912","","","in","","0","0","0","https://x.com/undefined/status/1085685499866406912","57328078",
"1085685485333147648","Wed Jan 16 23:49:25 +0000 2019","0","Jokowi terus mencoba memperbaiki hukum di negri ini maka dari itu kita harus terus dukung Jokowi untuk meneggakan Hukum di negri ini. https://t.co/tVLf7uwlp6 #JokowiAminHukumTerjamin","1085685485333147648","","","in","","0","0","0","https://x.com/undefined/status/1085685485333147648","1084043651414556672",
"1085583236577714176","Wed Jan 16 23:49:19 +0000 2019","0","@pujangga1123 @4Y4NKZ @jokowi @P3nj3l4j4h @RizmaWidiono @SammiSoh @andreOPA @permadiaktivis @kangdede78 @BadjaNuswantara @ApriliaLin pagi sudah bikin gerah body","1085685459240464384","","Great_Pujangga","in","","0","0","0","https://x.com/undefined/status/1085685459240464384","1066537826898984960",
"1085685442651934726","Wed Jan 16 23:49:15 +0000 2019","0","Pak @jokowi menegaskan pemerintah tak mentolerir Koruptor yang larikan uang Negara ke luar negeri https://t.co/5Zj4Oz471e #JokowiAminHukumTerjamin","1085685442651934726","","","in","","0","0","0","https://x.com/undefined/status/1085685442651934726","1069729997772881922",
"1085201387489619968","Wed Jan 16 23:49:05 +0000 2019","0","@faizalassegaf @jokowi @prabowo https://t.co/r6oIZWY3Iw","1085685403431006208","https://pbs.twimg.com/media/DxEhHZMUUAAk4Wp.jpg","faizalassegaf","qme","","0","0","0","https://x.com/undefined/status/1085685403431006208","2659614308",
"1085685378789433344","Wed Jan 16 23:49:00 +0000 2019","0","penguatan hukum tdk akan terwujud jika lembaga penegaknya tidak diperkuat. Penguatan hukum tidak ada artinya tanpa penguatan lembaga-lembaga penegak hukum. Dan itu telah dilakukan Jokowi #JokowiAminHukumTerjamin","1085685378789433344","","","in","","0","0","0","https://x.com/undefined/status/1085685378789433344","57328078",
"1085685375975141376","Wed Jan 16 23:48:59 +0000 2019","0","@KPK_RI @tol_mms jalan tol serang cilegon baru bbrp bulan diaspal sudah pada rusak dan bolong2. @KemenPU @jokowi","1085685375975141376","","KPK_RI","in","","0","0","0","https://x.com/undefined/status/1085685375975141376","2782277203",
"1085685343603453952","Wed Jan 16 23:48:51 +0000 2019","0"," Mari kita hijrah dari suudzon berprasangka buruk hijrah ke berprasangka baik ke sesama anak bangsa terang Jokowi. #2019JokowiKyaiMaruf #RakyatInginJokowiPresidenLagi #AgathaSuciDiPRO2FM https://t.co/eGPtT3z61l","1085685343603453952","","","in","","0","0","0","https://x.com/undefined/status/1085685343603453952","1036458406846943232",
"1085557675943849984","Wed Jan 16 23:48:51 +0000 2019","0","@Jokowi_inside @prabowo @fadlizon @Fahrihamzah @danrem @04Nakula @ulinyusron @Paltiwest @projopusat @permadiaktivis @bangzul_1988 @PowerEmak Nolak lupa juga sama janji","1085685342701637632","","Jokowi_inside","in","","0","0","0","https://x.com/undefined/status/1085685342701637632","1082693019088764934",
"1085685335181295616","Wed Jan 16 23:48:49 +0000 2019","0","Terkirim kami sampaikan buat cebongers yg kruang pengetahuan dan cuma suka nonton metro tipu. Ini lho dasar @Prabowo mengatakan gaji Dokter lbih kecil dri tukang parkir. https://t.co/rFhZF8Fdip","1085685335181295616","","","in","","0","0","0","https://x.com/undefined/status/1085685335181295616","96466529",
"1085685334287896576","Wed Jan 16 23:48:49 +0000 2019","0","Pemerintah saat ini telah berkomitmen melakukan penguatan terhadap lembaga penegak hukum. Beberapa upaya seperti penolakan revisi UU KPK merupakan bukti nyata Jokowi ingin memperkuat lembaga penegak hukum. #JokowiAminHukumTerjamin","1085685334287896576","","","in","","0","0","0","https://x.com/undefined/status/1085685334287896576","57328078",
"1085050726580084736","Wed Jan 16 23:48:46 +0000 2019","0","@amienmakmoen @Dahnilanzar @prabowo @sandiuno org yg memiliki IQ di atas 100 itu akan sgt berfikir untuk menyebut org lain dungu serta O'on .. karna org tsb. di isi otaknya hnya sesuatu yg idialis dan tdk ada tempt bwt kata2 sampah kecuali org yg dlm otaknya kaya tempat sampah yg menganggap IQnya di atas .. parah. . 0","1085685320346066945","","","in","","0","0","0","https://x.com/undefined/status/1085685320346066945","1004020806626652161",
"1085562834816139264","Wed Jan 16 23:48:38 +0000 2019","0","@AnnaSuezann @jokowi @SBYudhoyono klo pengalaman kok malah amburadul..tanya kenapa ","1085685288699977728","","AnnaSuezann","in","","0","0","0","https://x.com/undefined/status/1085685288699977728","828474812557242368",
"1085685276964380672","Wed Jan 16 23:48:35 +0000 2019","0","Makna Ribuan Punggawa Desa Demo Jokowi dan Para Ulama Jatim Deklarasi Dukung Prabowo https://t.co/5gdhKvuqGz","1085685276964380672","","","in","","0","0","0","https://x.com/undefined/status/1085685276964380672","602568464",
"1085399326925508608","Wed Jan 16 23:48:14 +0000 2019","0","@ellykellyk @chicohakim @jokowi Kayanya sih di Monas","1085685186652561408","","ellykellyk","in","","0","0","0","https://x.com/undefined/status/1085685186652561408","940221643003006976",
"1085685124056768514","Wed Jan 16 23:47:59 +0000 2019","0","Heh clitoris ikan pari !!! Kalo ijazahnya palsu mana mungkin bpk Jokowi bisa diterima UMPTN DI UGM.","1085685124056768514","","","in","","0","0","0","https://x.com/undefined/status/1085685124056768514","396807036",
"1085479307542126597","Wed Jan 16 23:47:50 +0000 2019","0","@CintaNKRI12 @jokowi Iri dengki salah satu sifat saiton sesesuatu yg aneh ada dana desa dinyinyiri emang dana itu untuk orangkota aja. Ingat 50% lebih pendudduk indonesia itu ada di desa","1085685087167868929","","CintaNKRI12","in","","0","0","0","https://x.com/undefined/status/1085685087167868929","497974010",
"1085201387489619968","Wed Jan 16 23:47:50 +0000 2019","0","@faizalassegaf @Wariz_05 @jokowi @prabowo SukaJokowi","1085685085758607360","","faizalassegaf","in","","0","0","0","https://x.com/undefined/status/1085685085758607360","407418001",
"1085201387489619968","Wed Jan 16 23:47:44 +0000 2019","0","@faizalassegaf @jokowi @prabowo Yuhuu menuju tutup akun hahaha","1085685061863653377","","faizalassegaf","in","","0","0","0","https://x.com/undefined/status/1085685061863653377","82832547",
"1085685051960913920","Wed Jan 16 23:47:42 +0000 2019","0","KPU mempersilahkan kedua Paslon capres dan cawapres untuk menjalankan pemaparan visi dan misinya masing-masing.(Cus) https://t.co/t0Zy10eoIu","1085685051960913920","","","in","","0","0","0","https://x.com/undefined/status/1085685051960913920","199159607",
"1085685007417393152","Wed Jan 16 23:47:31 +0000 2019","0","Transportasi online sebagai transportasi umum bebas tidak kir menyebabkan ketidak adilan dalam hukum (peraturan). Apakah Menteri Perhubungan jika tidak menjadi Menteri lagi akan jadi Komisaris atau Direksi transportasi online/afiliasinya ? @KPK_RI @prabowo @jokowi @bawaslu_RI","1085685007417393152","","","in","","0","0","0","https://x.com/undefined/status/1085685007417393152","848942039861411844",
"1085673627121373191","Wed Jan 16 23:47:30 +0000 2019","0","@ank_dadang @maspiyuuu @jokowi Jujur Ayam harus dicolok pakai jari untuk check ada telor atau tidak. : )) https://t.co/srTK3KLpSr","1085685004514914310","https://pbs.twimg.com/media/DxEgjCKVAAABLl1.jpg","","in","","0","0","0","https://x.com/undefined/status/1085685004514914310","232511930",
"1085684998089388035","Wed Jan 16 23:47:29 +0000 2019","0","Tiga Perkara Hukum dan HAM Layak Dicermati di Debat Capres https://t.co/HHMBNcrRO6","1085684998089388035","","","in","","0","0","0","https://x.com/undefined/status/1085684998089388035","846715204637376513",
"1085201387489619968","Wed Jan 16 23:47:27 +0000 2019","0","@faizalassegaf @jokowi @prabowo Ayooo like bro pingin lihat orang Sombong mengakui kesombongan nya https://t.co/y2m9KMusIn","1085684992590499840","https://pbs.twimg.com/media/DxEgvRpU0AABluk.jpg","faizalassegaf","in","","0","0","0","https://x.com/undefined/status/1085684992590499840","54549619",
"1085684953961164800","Wed Jan 16 23:47:18 +0000 2019","0","buat kami cukup sudah Ahok yang kalian fitnah.. Jika kalian mengganggu pak Jokowi Kami akan fight ingat : ini Presiden Jokowi yg dicintai rakyatnya CATAT!!! #2019PilihJokowi #Jokowi2Periode","1085684953961164800","","","in","","0","0","0","https://x.com/undefined/status/1085684953961164800","1036464505943818241",
"1085684932188536833","Wed Jan 16 23:47:13 +0000 2019","0"," Kami sepakat untuk tak masuk ke hal-hal yang sifatnya sangat personal kata Wakil Ketua TKN Jokowi-Ma'ruf Arsul Sani. https://t.co/lVSWldPFgZ","1085684932188536833","","","in","","0","0","0","https://x.com/undefined/status/1085684932188536833","69183155",
"1085684914815561728","Wed Jan 16 23:47:09 +0000 2019","0","Tetap fokus Jokowi 2 Periode that is the point #2019jokowilanjut #2019TetapJokowi #2019JokowiMaruf #2019JokowiMarufAmin","1085684914815561728","","","in","","0","0","0","https://x.com/undefined/status/1085684914815561728","1027424202041655296",
"1085684899829272578","Wed Jan 16 23:47:05 +0000 2019","0","Soal Revisi Perpres 51/2014 ke Jokowi Koster Disebut Mengada-ngada https://t.co/0aND4UvDXP","1085684899829272578","","","in","","0","0","0","https://x.com/undefined/status/1085684899829272578","2392460208",
"1085684893827227648","Wed Jan 16 23:47:04 +0000 2019","0","Wong Klaten curhat... .terus pak de seneni wae pak Prabowo hehe","1085684893827227648","","","in","","0","0","0","https://x.com/undefined/status/1085684893827227648","1063734796004712448",
"1085684878660689920","Wed Jan 16 23:47:00 +0000 2019","0","Lumayan pak agung ntar dpt 100 jt dr pendukung om wowo @prabowo Yg dungu plus goblokkkk... https://t.co/vTsjYXJibg","1085684878660689920","","","in","","0","0","0","https://x.com/undefined/status/1085684878660689920","3837482293",
"1085684831436980224","Wed Jan 16 23:46:49 +0000 2019","0","Pak Prabowo sudah waktunya anda memimpin bangsa ini menuju kemenangan keadilan dan kemakmuran #2019PrabowoPresidenRI","1085684831436980224","","","in","","0","0","0","https://x.com/undefined/status/1085684831436980224","1047708092",
"1085684826248597504","Wed Jan 16 23:46:48 +0000 2019","0","#PrabowoAntekYahudi Demi sekutunya seorang Yahudi capres hasil ijtimak ulamak @prabowo cuekin bapak @SBYudhoyono ....krik krik krik https://t.co/M8kwKvB6VE","1085684826248597504","https://pbs.twimg.com/media/DxEgjtyUYAAUket.jpg","","in","","0","0","0","https://x.com/undefined/status/1085684826248597504","220684893",
"1085684811379818496","Wed Jan 16 23:46:44 +0000 2019","0","Gilaaaaaaa permainan capres 02 benar2 kotor. Sediiiih ","1085684811379818496","","","in","","0","0","0","https://x.com/undefined/status/1085684811379818496","230126343",
"1085684779217907712","Wed Jan 16 23:46:37 +0000 2019","0","komitmen Presiden Jokowi dalam upaya pencegahan dan pemberantasan korupsi tidak pernah surut sedikit pun. https://t.co/F3RcVhuOGO #JokowiAminHukumTerjamin","1085684779217907712","","","in","","0","0","0","https://x.com/undefined/status/1085684779217907712","1078237665164550144",
"1085684778911727616","Wed Jan 16 23:46:36 +0000 2019","0","Indonesia is the biggest Tuna producer in the world. Bravo Jokowi and ibu susi @jokowi @susipudjiastuti @Sutopo_PN https://t.co/dbnfh2YL6u","1085684778911727616","","","en","","0","0","0","https://x.com/undefined/status/1085684778911727616","4834524046",
"1085353654536654848","Wed Jan 16 23:46:34 +0000 2019","0","@PollingLagi @AnnaSuezann @faizalassegaf @jokowi @prabowo Mau mau ngaciro tetep gak laku...","1085684769764007937","","PollingLagi","in","","0","0","0","https://x.com/undefined/status/1085684769764007937","893506038",
"1085684746540113921","Wed Jan 16 23:46:29 +0000 2019","0","Jokowi wajib di dukung #TeJo #TetapJokowi #Jokowi2Periode","1085684746540113921","","","in","","0","0","0","https://x.com/undefined/status/1085684746540113921","1025278791730380805",
"1085684733072285697","Wed Jan 16 23:46:26 +0000 2019","0","(DETIKCOM | Jokowi-Ma'ruf Tak akan Tanya Isu Personal di Debat Pilpres) https://t.co/X2aW78Q9dd #pemilu #pemilu2019","1085684733072285697","","","in","","0","0","0","https://x.com/undefined/status/1085684733072285697","968428811107819521",
"1085265344111857664","Wed Jan 16 23:46:25 +0000 2019","0","@Ronnie_Rusli @fifa_fifi88 kalau memang prabowo yang salah Alm. Munir tak harus tewas di racun demi menyuarakan kebenaran hakiki Allahummaghfirlahu.. ","1085684732384296961","","","in","","0","0","0","https://x.com/undefined/status/1085684732384296961","1965227282",
"1085199647239356416","Wed Jan 16 23:46:25 +0000 2019","0","@indonetpolling @RasM16765807 @prabowo @jokowi 1priode 23 BUMN mrugi gimana 2 priode?","1085684731021160449","","dikkiakhmar","und","","0","0","0","https://x.com/undefined/status/1085684731021160449","44899251",
"1085684636238237696","Wed Jan 16 23:46:02 +0000 2019","0","Jelang Debat Capres Kominfo Siap Tangkal Hoax &amp; Hate Speech https://t.co/3A4xHYp29H","1085684636238237696","","","in","","0","0","0","https://x.com/undefined/status/1085684636238237696","135815019",
"1085684630886350849","Wed Jan 16 23:46:01 +0000 2019","0","Pemerintah Jokowi lagi nyiapin Peraturan Presiden (Perpres) untuk kebijakan produksi kendaraan motor listrik. https://t.co/MBfDSPwzCR #JokowiAminHukumTerjamin","1085684630886350849","","","in","","0","0","0","https://x.com/undefined/status/1085684630886350849","1078237665164550144",
"1085684605196222464","Wed Jan 16 23:45:55 +0000 2019","0","Ma'ruf Amin: Yang Tidak Lihat Kerja Jokowi Ente Tidur Ngorok https://t.co/02ZC5WlFYQ","1085684605196222464","https://pbs.twimg.com/media/DxEgZPXUYAAfoa7.jpg","","in","","0","0","0","https://x.com/undefined/status/1085684605196222464","3288053485",
"1085684582245031936","Wed Jan 16 23:45:50 +0000 2019","0","Astungkara.. terpilih lg manah becik metuang pemargi sane becik semoga @jokowi .","1085684582245031936","","","in","","0","0","0","https://x.com/undefined/status/1085684582245031936","106644465",
"1085684581976526848","Wed Jan 16 23:45:50 +0000 2019","0","Prabowo seorg negarawan yg teruji. Pidato mlm itu menggambarkan pribadi Prabowo yg utuh. Pidato berisi dn luar biasa. Pidato org2 cerdas...","1085684581976526848","","","in","","0","0","0","https://x.com/undefined/status/1085684581976526848","1064323818951401472",
"1085684559121797120","Wed Jan 16 23:45:44 +0000 2019","0","Pemerintah Jokowi dalam penanggulangan terorisme internasional telah diakui PBB. Hal ini bisa kita lihat saat Indonesia terpilih sebagai anggota Dewan Penasehat UN Counter-Terrorism Center untuk periode 2015 2018. https://t.co/s3I10R4BBZ #JokowiAminHukumTerjamin","1085684559121797120","","","in","","0","0","0","https://x.com/undefined/status/1085684559121797120","1078237665164550144",
"1085684529585508352","Wed Jan 16 23:45:37 +0000 2019","0","Prabowo: Banyak Dokter Gajinya Lebih Kecil dari Tukang Parkir https://t.co/6H7ofRcze4 --- OOO .... BEGITU TERNYATA !!. https://t.co/InqsiPHZcj","1085684529585508352","https://pbs.twimg.com/media/DxEgSf4VAAAATXa.jpg","","in","","0","0","0","https://x.com/undefined/status/1085684529585508352","979521074227367936",
"1085201387489619968","Wed Jan 16 23:45:36 +0000 2019","0","@faizalassegaf @jokowi @prabowo Tutup akun ? Mana berani dia..... Wong kerjaan nya ditwiter kok...... Bisa puasa niiih ","1085684527199019008","","faizalassegaf","in","","0","0","0","https://x.com/undefined/status/1085684527199019008","1034366124",
"1085533079169466368","Wed Jan 16 23:45:33 +0000 2019","0","@P3nj3l4j4h @DivHumas_Polri @CCICPolri Daftar semua alumni update terbaru yaa??itu kok foto nya pak Jokowi pas jadi presiden...??emnag dr dulu ngga ada ya daftar alumni SMUN6 SURAKARTA?? SERIUS NANYA???️","1085684513252855808","","P3nj3l4j4h","in","","0","0","0","https://x.com/undefined/status/1085684513252855808","1049476476293140481",
"1085684501072596992","Wed Jan 16 23:45:30 +0000 2019","0","KATANYA JOKOWI TAHU MAFIA RENTE SEMBAKO KENAPA CUMA DIOMELIN ? KENAPA JOKOWI NGGAK LAPOR KE KPK ?? https://t.co/b3sUpdZYzB @mohmahfudmd @karniilyas @fadlizon @SBYudhoyono @hnurwahid @KPK_RI @kanal_kpk @prabowo @sandiuno @aniesbaswedan @hnurwahid @MardaniAliSera","1085684501072596992","","","in","","0","0","0","https://x.com/undefined/status/1085684501072596992","67946446",
"1085684487202066432","Wed Jan 16 23:45:27 +0000 2019","0","Target baru kesalahan : 1. Semua salah jokowi 2. KPU Tujuan : kalau kalah membuat chaos dan akan dimulai dari pendukung ISIS dan HTI dan dugaan saya dimulai dari Solo. Utk pembanding cek kerusuhan di LP kemarin.","1085684487202066432","","","in","","0","0","0","https://x.com/undefined/status/1085684487202066432","282676845",
"1085684482110181376","Wed Jan 16 23:45:26 +0000 2019","0","Dimana tahun ini kalian akan bakalan dapet dana desa sebesar Rp 289 miliar dari Pak Presiden Jokowi loh. https://t.co/AQ9bst759v #JokowiAminHukumTerjamin","1085684482110181376","","","in","","0","0","0","https://x.com/undefined/status/1085684482110181376","1078237665164550144",
"1085681712309260288","Wed Jan 16 23:45:23 +0000 2019","0","@marierteman @prabowo @NataliusPigai2 @wiranto1947 @jokowi Mungkin ada yg sudah mawas diri ! Kalau benar katanya Ada kabar terlontar pernyataan dari seseorang yg siap masuk Penjara jika Prabowo jadi RI I !?","1085684469518848001","","marierteman","in","","0","0","0","https://x.com/undefined/status/1085684469518848001","576263973",
"1085684429400330240","Wed Jan 16 23:45:13 +0000 2019","0","Wooo....toewan @jokowi","1085684429400330240","","","in","","0","0","0","https://x.com/undefined/status/1085684429400330240","432494636",
"1085179602983473153","Wed Jan 16 23:45:10 +0000 2019","0","@garislurus6 @bongpret @albertpanjaitn @Bongoret yakin prabowo masih kuat renang laut?","1085684416674816000","","garislurus6","in","","0","0","0","https://x.com/undefined/status/1085684416674816000","609961709",
"1085684396240207873","Wed Jan 16 23:45:05 +0000 2019","0","Mohon didengar masukan ini Pak @jokowi","1085684396240207873","","","in","","0","0","0","https://x.com/undefined/status/1085684396240207873","2357264364",
"1085684395220992001","Wed Jan 16 23:45:05 +0000 2019","0","Soal Persiapan Debat Pertama Jokowi: Mantul Mantul https://t.co/WDuVMROazj https://t.co/ca8RSJO6b8","1085684395220992001","https://pbs.twimg.com/media/DxEgNCKUcAAHKfd.jpg","","in","","0","0","0","https://x.com/undefined/status/1085684395220992001","886813456875143168",
"1085684377860755456","Wed Jan 16 23:45:01 +0000 2019","0","Kok loe mikirin banget sampai sekolahnya dimana. Tetapi nggak pernah lihat rekam jejak Dan prestasi Prabowo. Sepertinya loe bakal milih Jokowi. Sudah benar pilihan loe Sis!!","1085684377860755456","","","in","","0","0","0","https://x.com/undefined/status/1085684377860755456","85390931",
"1085546977876598785","Wed Jan 16 23:43:50 +0000 2019","0","@hana_4TAA @emerson_yuntho @jokowi @P3nj3l4j4h @TheArieAir @RizmaWidiono @andreOPA @Airin_NZ Beda gaya Coba entar setelah nggak njabat banyak yg masuk bui..","1085684082149810177","","","in","","0","0","0","https://x.com/undefined/status/1085684082149810177","232489236",
"1085684079943573504","Wed Jan 16 23:43:50 +0000 2019","0","Pemerintah Jokowi mengeluarkan dana desa sebesar Rp 20 7 triliun di tahun 2014 pemerintah akan mengeluarkan Rp 47 triliun untuk anggaran dana desa. #JokowiAminHukumTerjamin","1085684079943573504","","","in","","0","0","0","https://x.com/undefined/status/1085684079943573504","1078237665164550144",
"1085676624777900032","Wed Jan 16 23:43:46 +0000 2019","0","@gina_savira @melindakhairani @audreyprattw @imamhidayatt2 @dimasmu07006526 Langkah Pak Jokowi sudah tepat dengan menghukum mati para gembong pengedar narkoba #JokowiAminHukumTerjamin","1085684061983498240","","gina_savira","in","","0","0","0","https://x.com/undefined/status/1085684061983498240","1025518964",
"1085684055423811590","Wed Jan 16 23:43:44 +0000 2019","0","Debat Pertama Pasangan Calon Presiden dan Wakil Presiden Pemilu 2019 Kamis 17 Januari 2019 Pukul 20.00 WIB di Hotel Bidakara Jakarta #KPUmelayani #SukseskanPemilu2019 #debatcapres https://t.co/H2zxNITdJc","1085684055423811590","","","in","","0","0","0","https://x.com/undefined/status/1085684055423811590","242420327",
"1085346213140910080","Wed Jan 16 23:43:43 +0000 2019","0","@rani_asriyani @bapak_goog1e @yusuf_dumdum @Yohananabila01 @jokowi Jangan ngegas Mbak @rani_asriyani.....biar negara utang tapi uang hasil kerja mbak kan masih utuh suami mbak tdk usah ikut bantu nyicil jg..mbak masih bs jalan2 bli beras bli bensin bayar KPR kredit mobil kredit motor bayar tagihan Kartu kredit yoii kan mbak..so slowly aja","1085684051577470977","","rani_asriyani","in","","0","0","0","https://x.com/undefined/status/1085684051577470977","86360617",
"1085684038587674625","Wed Jan 16 23:43:40 +0000 2019","0","Penegakkan hukum memang masih ada plus minusnya meskipun secara menyeluruh bisa diapresiasi. Mudah-mudahan Presiden Jokowi dapat memenuhi targetnya. TN https://t.co/iLIj4yn9Sv #JokowiAminHukumTerjamin","1085684038587674625","","","in","","0","0","0","https://x.com/undefined/status/1085684038587674625","1080434695974772736",
"1085684017754628096","Wed Jan 16 23:43:35 +0000 2019","0","video bukti bahwa Jokowi terus meneggakan hukum demi terciptanya masyarakat yang adil dan makmur. https://t.co/l8Hwnrefal #JokowiAminHukumTerjamin","1085684017754628096","","","in","","0","0","0","https://x.com/undefined/status/1085684017754628096","1084043651414556672",
"1085539670686031873","Wed Jan 16 23:43:24 +0000 2019","0","@ices_tea @RajaAngku Baju rakyat itu yang seperti apa ya Om? Yang disablon pakai kata merakyat ya? Hasto: Jokowi-Maruf Pakai Baju Rakyat Tak Mahal di Debat https://t.co/UyCZFdlH2n","1085683970799427584","","","in","","0","0","0","https://x.com/undefined/status/1085683970799427584","230681519",
"1085683910900539393","Wed Jan 16 23:43:10 +0000 2019","0","Penegakkan hukum memang masih ada plus minusnya meskipun secara menyeluruh bisa diapresiasi. Mudah-mudahan Presiden Jokowi dapat memenuhi targetnya. https://t.co/2moocXgCzw #JokowiAminHukumTerjamin","1085683910900539393","","","in","","0","0","0","https://x.com/undefined/status/1085683910900539393","1077077817995681793",
"1085683861931978752","Wed Jan 16 23:42:58 +0000 2019","0","Fakta pemerintah Jokowi uda menggelontorkan uang sebesar Rp 187 7 triliun untuk anggaran dana desa selama ia menjabat sejak tahun 2014. https://t.co/m69lDEgUjO #JokowiAminHukumTerjamin","1085683861931978752","","","in","","0","0","0","https://x.com/undefined/status/1085683861931978752","1078237665164550144",
"1085683846513709056","Wed Jan 16 23:42:54 +0000 2019","0","Pengikut Prabowo pasti mengidolakan Prabowo begitu juga pengikut Jokowi pasti mengidolakan Jokowi. Sebaiknya antara pendukung Prabowo dan pendukung Jokowi saling doakan yang baik-baik saja sesuai dengan idolanya... https://t.co/UZYkAsvhmj","1085683846513709056","","","in","","0","0","0","https://x.com/undefined/status/1085683846513709056","131474473",
"1085416712210710529","Wed Jan 16 23:42:54 +0000 2019","0","@IsodorusW @realsunanto @Owaala @droid2112 @IgataNamotoe @Balistta @CakKhum @killthedj Tepat. Ada situasi saat itu Keistimewaan Yogya diganggu oleh rezim saat itu. Jauh sebelum Jokowi jd presiden","1085683844974501888","","","in","","0","0","0","https://x.com/undefined/status/1085683844974501888","394785573",
"1085683836891979776","Wed Jan 16 23:42:52 +0000 2019","0","Niat Hati Mau Nyinyirin Prabowo Soal Gaji Dokter Tompi Malah Ketabok Jejak Digital Sendiri https://t.co/Lm6zGNOgJt","1085683836891979776","","","in","","0","0","0","https://x.com/undefined/status/1085683836891979776","436295939",
"1085683814477643776","Wed Jan 16 23:42:47 +0000 2019","0","Sinergi mentri penegak hukum di era Jokowi sangat terlihat. Hal ini dilakukan untuk menjaga kedaulatan Indonesia https://t.co/zWihiANuko #JokowiAminHukumTerjamin","1085683814477643776","","","in","","0","0","0","https://x.com/undefined/status/1085683814477643776","1079037392441401345",
"1085499960357842946","Wed Jan 16 23:42:42 +0000 2019","0","@zarazettirazr Pak prabowo kali ini harus blak blakan aja untuk kebenaran. Masukan pak fahri hamzah ada benarnya..","1085683796832186369","","","in","","0","0","0","https://x.com/undefined/status/1085683796832186369","754528048456736768",
"1085683780084322304","Wed Jan 16 23:42:38 +0000 2019","0","Buat kalian yang akan doyan aksi kamisan di Istana tenag tenang !! Pak Jokowi akan jawab soal itu saat debat nanti ya. https://t.co/jgqNihc8VN #JokowiAminHukumTerjamin","1085683780084322304","","","in","","0","0","0","https://x.com/undefined/status/1085683780084322304","1078237665164550144",
"1085683754394357762","Wed Jan 16 23:42:32 +0000 2019","0","Penyelesaian Kasus HAM Jadi Tantangan Jokowi dan Prabowo https://t.co/rpedoOutfB","1085683754394357762","","","in","","0","0","0","https://x.com/undefined/status/1085683754394357762","846715204637376513",
"1085683744772632576","Wed Jan 16 23:42:30 +0000 2019","0","Kedunguan Rocky Gerung Bilang Jokowi Tidak Sopan KEDUNGUAN ROCKY GERUNG ! Sebut Jokowi Tidak Sopan... https://t.co/2ESpwMZWNA","1085683744772632576","","","in","","0","0","0","https://x.com/undefined/status/1085683744772632576","719576507148935168",
"1085533305355661312","Wed Jan 16 23:42:26 +0000 2019","0","@ASapardan @DivHumas_Polri @jokowi emng brani polisi nya cba tu org awam udh di ciduk..","1085683728037273600","","ASapardan","in","","0","0","0","https://x.com/undefined/status/1085683728037273600","2681299644",
"1085557346569400320","Wed Jan 16 23:42:12 +0000 2019","0","@TehTJEMPLUNG @prabowo @sandiuno Up #NenekCadas","1085683670378139649","","HACKNET__","und","","0","0","0","https://x.com/undefined/status/1085683670378139649","886092558278868992",
"1085683610986921984","Wed Jan 16 23:41:58 +0000 2019","0","Saya suka video @YouTube https://t.co/7BXU1E7c0Z Ngiri.. TANGGAPAN UST ABDUL SOMAD Saat TGB SIAP JADI JUBIR-YA JOKOWI KOMANDO HABIB","1085683610986921984","","","in","","0","0","0","https://x.com/undefined/status/1085683610986921984","97335815",
"1085683593559433216","Wed Jan 16 23:41:54 +0000 2019","0","Charta Politika: Elektabilitas Jokowi 53 persen - Prabowo 34. Tahu lah siapa yang dicintai rakyat. https://t.co/eAfDmpBXt7 #JokowiAminHukumTerjamin","1085683593559433216","","","in","","0","0","0","https://x.com/undefined/status/1085683593559433216","1078237665164550144",
"1084616096760483840","Wed Jan 16 23:41:49 +0000 2019","0","@NSusan13 @snasib @ustadtengkuzul @jokowi Saya tidak pernah benci ulama..mbak jangan menarik kesimpulan sendiri ya.. Yg saya GK suka adalah cara dia berperilaku.. Nyinyir nya kok baru sekarang.. Dulu2 dia kemana...? Udah 7 kali ganti presiden baru @jokowi yg selalu dia fitnah dan hina.. Ajaran Islam dilrg buka aib orang","1085683570977386496","","","in","","0","0","0","https://x.com/undefined/status/1085683570977386496","624892614",
"1085683473753337856","Wed Jan 16 23:41:48 +0000 2019","0","@BayuHendry3 @jokowi #JokowiAminHukumTerjamin","1085683569102483456","","BayuHendry3","qme","","0","0","0","https://x.com/undefined/status/1085683569102483456","1079037392441401345",
"1085504946257051648","Wed Jan 16 23:41:46 +0000 2019","0","@Dennysiregar7 @Gerindra @prabowo https://t.co/vyYnvCOeRn","1085683562555174913","https://pbs.twimg.com/media/DxEfcOOV4AAiecx.jpg","","qme","","0","0","0","https://x.com/undefined/status/1085683562555174913","194945820",
"1085533207917780992","Wed Jan 16 23:41:46 +0000 2019","0","@BangPino_ @prabowo @Fahrihamzah keras lur @Awwabulfikar","1085683560118247424","","BangPino_","in","","0","0","0","https://x.com/undefined/status/1085683560118247424","741366435646078978",
"1085683555039096837","Wed Jan 16 23:41:45 +0000 2019","0","Mardani Ali Sera Gembira Jokowi Janji Naikkan Gaji Perangkat Desa Tapi Tak ada di APBN; Dahnil: Akhirnya.. https://t.co/zTEHcFOPdX","1085683555039096837","","","in","","0","0","0","https://x.com/undefined/status/1085683555039096837","962348570",
"1085416712210710529","Wed Jan 16 23:41:42 +0000 2019","0","@bandabening @CakKhum @killthedj Kl nggak tau nanya. Lagu itu ada sejarahnya sebelum era Jokowi loh","1085683545454997504","","","in","","0","0","0","https://x.com/undefined/status/1085683545454997504","394785573",
"1085683489469616128","Wed Jan 16 23:41:29 +0000 2019","0","(Berita | Profil Moderator Debat Capres Perdana 2019) https://t.co/lOct0mprhR #pemilu #pemilu2019","1085683489469616128","","","es","","0","0","0","https://x.com/undefined/status/1085683489469616128","968428811107819521",
"1085683484356681728","Wed Jan 16 23:41:28 +0000 2019","0","Setelah kejatuhan rezim Orde Baru kaum perempuan Indonesia menuntut agar disediakan kuota sebesar 30% bagi perempuan di parlemen. Tuntutan ini kemudian dipenuhi dan kini dari pemilu ke pemilu kita... https://t.co/3jdsyK9jaF","1085683484356681728","","","in","","0","0","0","https://x.com/undefined/status/1085683484356681728","94545198",
"1085683482687197186","Wed Jan 16 23:41:27 +0000 2019","0","Hasil sinergi antara dua penegak hukum yakni Bea Cukai dan TNI dalam pemerintahan Jokowi setidaknya telah dilakukan 42 kali penindakan di berbagai daerah di Indonesia https://t.co/5M8jEot29f #JokowiAminHukumTerjamin","1085683482687197186","","","in","","0","0","0","https://x.com/undefined/status/1085683482687197186","1079037392441401345",
"1085681712309260288","Wed Jan 16 23:41:27 +0000 2019","0","@marierteman @prabowo @NataliusPigai2 @wiranto1947 @jokowi pigai lagi siapa sih dia... ??","1085683478732001280","","marierteman","in","","0","0","0","https://x.com/undefined/status/1085683478732001280","986742757430460416",
"1085504946257051648","Wed Jan 16 23:41:14 +0000 2019","0","@Ismedmnoor @Dennysiregar7 @Gerindra @prabowo ahhh tidak mungkin berani membuka semua ini... ngomong gampang lah... ngibul2in juga gampang kok...","1085683426483564544","","Ismedmnoor","in","","0","0","0","https://x.com/undefined/status/1085683426483564544","86883001",
"1085562834816139264","Wed Jan 16 23:41:07 +0000 2019","0","@AnnaSuezann @jokowi @SBYudhoyono Dulu juga ada yang coba coba jadi gubernur dki kabur untuk coba coba jadi presiden dengan segala pencitraan dan sekarang sedang coba coba bikin janji janji baru.","1085683397769351168","","AnnaSuezann","in","","0","0","0","https://x.com/undefined/status/1085683397769351168","898704488936071168",
"1085683377506705408","Wed Jan 16 23:41:02 +0000 2019","0","Profil Moderator Debat Capres Perdana 2019 #DebatPilpres2019 #DebatPertamaPilpres2019 https://t.co/AIRXQKlgRP","1085683377506705408","","","es","","0","0","0","https://x.com/undefined/status/1085683377506705408","17128975",
"1085571896228233221","Wed Jan 16 23:40:49 +0000 2019","0","@AkunTofa @jokowi jadi presiden dan kamu jadi pengangguran. ","1085683319851737088","","AkunTofa","in","","0","0","0","https://x.com/undefined/status/1085683319851737088","1083748942150422533",
"1085533305355661312","Wed Jan 16 23:40:47 +0000 2019","0","@LRsetyowati @m_yanto_baemo @ASapardan @CH_chotimah @DivHumas_Polri @jokowi Yups Deal. Sepakat itu","1085683313430253569","","","in","","0","0","0","https://x.com/undefined/status/1085683313430253569","1076443905267097601",
"1085340167601188864","Wed Jan 16 23:40:40 +0000 2019","0","@anjares90 @faizalassegaf @Ndon08Back @P3nj3l4j4h @RizmaWidiono @hariadhi @MbahUyok @RestyCayah @prabowosandi_ID Berdasarkan argumenmu yg mengatakan akun bot gak bisa vote centang oke di vote centang Jokowi juga masih nyungsep. https://t.co/dl6enW509a","1085683281842950144","https://pbs.twimg.com/media/DxEfLt7UUAAQLxU.jpg","anjares90","in","","0","0","0","https://x.com/undefined/status/1085683281842950144","542263382",
"1085683274934931456","Wed Jan 16 23:40:38 +0000 2019","0","Mari kita dukung Pakde Jokowi jadi Presiden RI dengan bersenam SKJ Milenial 2019 setiap hari mulai sekarang! https://t.co/6kHp2230DG","1085683274934931456","","","in","","0","0","0","https://x.com/undefined/status/1085683274934931456","882246229907750913",
"1085683274398064640","Wed Jan 16 23:40:38 +0000 2019","0","Menunggu debat capres round 1 #pilpresdepanmata","1085683274398064640","","","in","","0","0","0","https://x.com/undefined/status/1085683274398064640","46701090",
"1085683260212924418","Wed Jan 16 23:40:34 +0000 2019","0","jokowi","1085683260212924418","","","in","","0","0","0","https://x.com/undefined/status/1085683260212924418","494763091",
"1085683258724048897","Wed Jan 16 23:40:34 +0000 2019","0","Kamu sudah lukai saudara kami di Boyolali Kamu sudah lukai saudara kami tukang ojek Sekarang kamu lukai petani klaten. Sudah pak berhenti lukai HATI kami. Kau yang lukai @jokowi Yang OBATI. #01JokowiLagi","1085683258724048897","","","in","","0","0","0","https://x.com/undefined/status/1085683258724048897","959991582286999552",
"1085683258497646592","Wed Jan 16 23:40:34 +0000 2019","0","Mardani Ali Sera Gembira Jokowi Janji Naikkan Gaji Perangkat Desa Tapi Tak ada di APBN; Dahnil: Akhirnya.. https://t.co/1Y6wlBC2q7","1085683258497646592","","","in","","0","0","0","https://x.com/undefined/status/1085683258497646592","1442695026",
"1085683255691493377","Wed Jan 16 23:40:33 +0000 2019","0","Tidak perlu mengenakan baju bertuliskan 'Jokowi Lagi' atau Jokowi 2 Periode' dan tidak perlu juga mengenakan baju bertuliskan '2019 Ganti Presiden'. https://t.co/s4ldsxfkkc","1085683255691493377","","","in","","0","0","0","https://x.com/undefined/status/1085683255691493377","23343960",
"1085683247953018880","Wed Jan 16 23:40:31 +0000 2019","0","Lepas dr munculnya pernyataan soal ini yg menyedihkan itu adl kok sampai harus ada pembelaan soal keagamaan seseorang. Sebagai orang Solo yg sering meliput Beliau saat jd walikota FITNAH thd Jokowi ini memuakkan","1085683247953018880","","","in","","0","0","0","https://x.com/undefined/status/1085683247953018880","394785573",
"1085405380941938690","Wed Jan 16 23:40:31 +0000 2019","0","@Ferdinand_Haean @roninpribumi @jokowi @KSPgoid Stafsus memble bosnya IPK dibwh 2. Ngomong di media mkn kelihatan dungunya.","1085683246120103936","","Ferdinand_Haean","in","","0","0","0","https://x.com/undefined/status/1085683246120103936","3167479517",
"1085683226016911362","Wed Jan 16 23:40:26 +0000 2019","0","Sukseskan Pemilu 2019 Wagub Kandouw Imbau Masyarakt Jangan Terkotak - Kotak https://t.co/6pAuRjzt1g","1085683226016911362","","","in","","0","0","0","https://x.com/undefined/status/1085683226016911362","879632116304166912",
"1085683215958855681","Wed Jan 16 23:40:24 +0000 2019","0","Kalau mau tau siapa pelaku di balik semua itu. Pilih Prabowo /sandi . Jd ga souzon kalian. 2019.ganti presiden","1085683215958855681","","","in","","0","0","0","https://x.com/undefined/status/1085683215958855681","1048792076047986688",
"1085683208971141120","Wed Jan 16 23:40:22 +0000 2019","0","bukit jokowi jayapura papua https://t.co/ejrHv0WH9k","1085683208971141120","https://pbs.twimg.com/media/DxEfGL8U0AEXbcM.jpg","","in","","0","0","0","https://x.com/undefined/status/1085683208971141120","958192506029486080",
"1085681712309260288","Wed Jan 16 23:40:22 +0000 2019","0","@marierteman @prabowo @NataliusPigai2 @wiranto1947 @jokowi Dan itu sdh diakui jg oleh cebong boni saat ilc kmarin.","1085683208585265152","","marierteman","in","","0","0","0","https://x.com/undefined/status/1085683208585265152","874659286676262912",
"1085683204076392448","Wed Jan 16 23:40:21 +0000 2019","0","Yg tak nerima kekalahan @prabowo di Pilpres. Benarkah @AkunTofa","1085683204076392448","","","in","","0","0","0","https://x.com/undefined/status/1085683204076392448","1052910412738351105",
"1085683203585671168","Wed Jan 16 23:40:21 +0000 2019","0","Pendukung Prabowo-Sandi gelar nonton bareng debat di beberapa tempat https://t.co/8YzjkvnlEN","1085683203585671168","","","in","","0","0","0","https://x.com/undefined/status/1085683203585671168","47639779",
"1085673627121373191","Wed Jan 16 23:40:17 +0000 2019","0","@maspiyuuu @jokowi Pantes kalo biangnya otaknya cuma 0 2 Gram. Apa yg pernah beliau bicarakan dia ga pernah ingat lagi.","1085683189249527808","","mas_piyuuu","in","","0","0","0","https://x.com/undefined/status/1085683189249527808","836988372170096640",
"1085683188263903232","Wed Jan 16 23:40:17 +0000 2019","0","Pemerintah Jokowi juga telah melakukan berbagai pembangunan di bidang hukum. https://t.co/LxPqd4kYyI #JokowiAminHukumTerjamin","1085683188263903232","","","in","","0","0","0","https://x.com/undefined/status/1085683188263903232","1084042300945137665",
"1085683180147863552","Wed Jan 16 23:40:15 +0000 2019","0","@jokowi @prabowo Jakarta dan Solo patut diwaspadai mulai nampak aktivitas yang patut diduga menuju kearah timbulnya kerusuhan","1085683180147863552","","jokowi","in","","0","0","0","https://x.com/undefined/status/1085683180147863552","192840626",
"1085533305355661312","Wed Jan 16 23:40:13 +0000 2019","0","@ASapardan @Dr_HLuck15 @DivHumas_Polri @jokowi Amin tambah tua.. Tambah ngawur.. Sypa yg percaya elo min...","1085683172325548032","","ASapardan","in","","0","0","0","https://x.com/undefined/status/1085683172325548032","1070770424114364416",
"1085571375987810309","Wed Jan 16 23:40:07 +0000 2019","0","@AnnaSuezann @Dahnilanzar @prabowo @sandiuno Berlatih=takut","1085683144743804928","","AnnaSuezann","in","","0","0","0","https://x.com/undefined/status/1085683144743804928","1065193265463349248",
"1085670502096502784","Wed Jan 16 23:40:06 +0000 2019","0","@putrabanten80 @BangPino_ Kalau pidato ya harus seperti negarawan. Kalau ibu asoka bilang pidato Pak Prabowo sangat jauh dengan masa kini lha kalau yang ono noh pidato masa gitu sangat nganu sekali.","1085683139643506689","","Oku__records","in","","0","0","0","https://x.com/undefined/status/1085683139643506689","89609927",
"1085683128914595840","Wed Jan 16 23:40:03 +0000 2019","0","I added a video to a @YouTube playlist https://t.co/2ESpwMZWNA Kedunguan Rocky Gerung Bilang Jokowi Tidak Sopan","1085683128914595840","","","in","","0","0","0","https://x.com/undefined/status/1085683128914595840","719576507148935168",
"1085683112686678016","Wed Jan 16 23:39:59 +0000 2019","0","Pemerintah Jokowi telah melakukan berbagai pembangunan di bidang hukum. mantappp https://t.co/9J5uyqVE9S #JokowiAminHukumTerjamin","1085683112686678016","","","in","","0","0","0","https://x.com/undefined/status/1085683112686678016","1084043651414556672",
"1085683111784935426","Wed Jan 16 23:39:59 +0000 2019","0","Jokowi sudah unggul 20%. Jadi debat capres malam ini hanya untuk menguatkan pendukung Jokowi tapi bikin galau kampret.","1085683111784935426","","","in","","0","0","0","https://x.com/undefined/status/1085683111784935426","121146498",
"1085683096857436160","Wed Jan 16 23:39:55 +0000 2019","0","Pak @jokowi dg manusia2 intoleransi seharusnya bapak jg bicara tegas seperti itu jg ( pd siapa minoritas akan berharap kalo bukan pada ayah yg sudah dipilihnya )","1085683096857436160","","","in","","0","0","0","https://x.com/undefined/status/1085683096857436160","844570081124241409",
"1085683078935109632","Wed Jan 16 23:39:51 +0000 2019","0","#RakyatSudahMuak Kami berharap pak Prabowo nanti bertanya masalah kebijakan luar negeri dalam Bahasa Inggris... Biar aja sekalian. Harus ada yang KO","1085683078935109632","","","in","","0","0","0","https://x.com/undefined/status/1085683078935109632","1082629745978658816",
"1085683058823507968","Wed Jan 16 23:39:46 +0000 2019","0","Jelang Debat Capres Cawapres yg akan dilakukan malam nanti (17/1) diluar arena debat di Menara Bidakara disediakan 2 unit mobil Toilet dan 3 tangki air bersih. (Riw) #ElshintaEdisiPagi https://t.co/w1zOROUX7b","1085683058823507968","https://pbs.twimg.com/ext_tw_video_thumb/1085683003945213952/pu/img/pzJW_9I_-WvdWTq5.jpg","","in","","0","0","0","https://x.com/undefined/status/1085683058823507968","121640063",
"1085683055799328769","Wed Jan 16 23:39:46 +0000 2019","0","Prabowo = Pesimis Jokowi = Optimis","1085683055799328769","","","in","","0","0","0","https://x.com/undefined/status/1085683055799328769","464465712",
"1085683007208402945","Wed Jan 16 23:39:34 +0000 2019","0","klo prabowo pembohong ya jokowi juga pembohong. Sama2 PEMBOHONG. JANGAN PILIH CAPRES PEMBOHONG *leos","1085683007208402945","","","in","","0","0","0","https://x.com/undefined/status/1085683007208402945","375469526",
"1085456267097698304","Wed Jan 16 23:39:24 +0000 2019","0","@eko_kuntadhi @prabowo @jokowi Yang bikin ngakak bagian MongThaekTok nya itu lhoooo","1085682963977711617","","_ekokuntadhi","in","","0","0","0","https://x.com/undefined/status/1085682963977711617","1072008150159486976",
"1085682947036827648","Wed Jan 16 23:39:20 +0000 2019","0","Apalagi ada capres tranjal tronjol","1085682947036827648","","","in","","0","0","0","https://x.com/undefined/status/1085682947036827648","89778597",
"1085545419411722240","Wed Jan 16 23:39:08 +0000 2019","0","@zarazettirazr @prabowo Menhan negara mana tuch?? Kayak pernah lihat..","1085682898907197440","","","in","","0","0","0","https://x.com/undefined/status/1085682898907197440","1046988401008889858",
"1085682871455502336","Wed Jan 16 23:39:02 +0000 2019","0","Saya setuju dgn pendapat bapak @aniesbaswedan tentang @jokowi @Roro_Kinarsih https://t.co/WJ8VoNxt0C","1085682871455502336","https://pbs.twimg.com/ext_tw_video_thumb/1085682774458036224/pu/img/5FtQVNPDgayaCTjX.jpg","","in","","0","0","0","https://x.com/undefined/status/1085682871455502336","1415835367",
"1085682867269644288","Wed Jan 16 23:39:01 +0000 2019","0","Penilaian ELSAM ini cukup fair...Jadi menghadapi debat perdana nanti malam pendukung kedua capres/cawapres tidak usah terlalu bersemangat... https://t.co/EYSRQUW8B9","1085682867269644288","","","in","","0","0","0","https://x.com/undefined/status/1085682867269644288","1078870424581156864",
"1085682828333981696","Wed Jan 16 23:38:51 +0000 2019","0","Mari Bergabung Menjadi Relawan Demokrasi Pemilu 2019 !!! KPU Kota Tarakan membuka pendaftaran Relawan Demokrasi Pemilu 2019 dari tanggal 14 s/d 19 Januari 2019 bagi masyarakat Kota Tarakan yang tertarik ... https://t.co/sFXwXQPrYX","1085682828333981696","","","in","","0","0","0","https://x.com/undefined/status/1085682828333981696","485361867",
"1085682828149288960","Wed Jan 16 23:38:51 +0000 2019","0","Komitmen Pemerintah Jokowi meningkatkan maritime awareness. https://t.co/I8jpaRhD3f #JokowiAminHukumTerjamin","1085682828149288960","","","in","","0","0","0","https://x.com/undefined/status/1085682828149288960","1079037392441401345",
"1085344519455879170","Wed Jan 16 23:38:44 +0000 2019","0","@arifbsantoso @anti_duhring @prabowo @rizieqdivist @sopian333351 @P3nj3l4j4h @TheArieAir @jengkelin__ @WahyudhiDidik Koyo kowe @masrasya","1085682796864000001","","arifbsantoso","in","","0","0","0","https://x.com/undefined/status/1085682796864000001","44915623",
"1085682795999940610","Wed Jan 16 23:38:44 +0000 2019","0","Millennials emak2 para pekerja dan baby boomers yang sudah memasuki masa pensiun wajib memenangkan @prabowo @sandiuno untuk keberlangsungan hidup yang lebih terjamin dan mendapatkan kemudahan2 selama 5 tahun kedepan https://t.co/mD0hXXWTRS","1085682795999940610","https://pbs.twimg.com/media/DxEespQVAAIIGOD.jpg","","in","","0","0","0","https://x.com/undefined/status/1085682795999940610","43863522",
"1085407126464405504","Wed Jan 16 23:38:42 +0000 2019","0","@RiniNurhalizah @Irwansy26148536 @AkunTofa @aniesbaswedan @jokowi Such as? Boleh kasih kisi2 nya?","1085682789259726848","","RiniNurhalizah","in","","0","0","0","https://x.com/undefined/status/1085682789259726848","40159779",
"1085494988610392065","Wed Jan 16 23:38:27 +0000 2019","0","@Ndon08Back @Nadienash @jokowi @prabowo @faizalassegaf pdhl saya mau dukung @nurhadi_aldo","1085682726487785472","","Ndon08Back","in","","0","0","0","https://x.com/undefined/status/1085682726487785472","302581403",
"1085682704253767680","Wed Jan 16 23:38:22 +0000 2019","0","Yenny Wahid Klaim Suara Jokowi-Ma'ruf Naik di Jawa Barat https://t.co/PXUSVyaSKs","1085682704253767680","","","in","","0","0","0","https://x.com/undefined/status/1085682704253767680","195185897",
"1085682642324905984","Wed Jan 16 23:38:07 +0000 2019","0","Umpatan 3 Golongan Yg di benci Allah dan Allah enggan menatap golongan tersebut se akan d tulis dalam Alquran. Jangan dilihat dari usia karna usia tidak menjamin keBODOHAN tlong dong proses ini org Cc @prabowo @yanaumar @rockygerung @maspiyuuu @AndiePeci https://t.co/h2VgUknL2p","1085682642324905984","https://pbs.twimg.com/media/DxEemOYUwAAsX5b.jpg","","in","","0","0","0","https://x.com/undefined/status/1085682642324905984","794018866896715776",
"1085201387489619968","Wed Jan 16 23:38:06 +0000 2019","0","@faizalassegaf @jokowi @prabowo Ngk bakalan tutup akun Kamukan muka tembok","1085682638101200896","","faizalassegaf","in","","0","0","0","https://x.com/undefined/status/1085682638101200896","1002472827637805057",
"1085682611282939905","Wed Jan 16 23:38:00 +0000 2019","0","3 Pesan JK dari Kamboja untuk Jokowi-Ma ruf https://t.co/8w5aQjr4we","1085682611282939905","","","in","","0","0","0","https://x.com/undefined/status/1085682611282939905","846715204637376513",
"1084616096760483840","Wed Jan 16 23:37:48 +0000 2019","0","@NSusan13 @snasib @ustadtengkuzul @jokowi Terserah kamu aja lah mbak.. pendapat masing2..kepala yg sama hitam isi nya kan GK sama... Klo menurut mbak dia ulama teladan Monggo... Klo bagi saya masih banyak ulama lain sebagai referensi","1085682563119632384","","","in","","0","0","0","https://x.com/undefined/status/1085682563119632384","624892614",
"1085682560972279810","Wed Jan 16 23:37:48 +0000 2019","0","Ma ruf Amin Siapkan Guyonan Khas NU di Debat Capres https://t.co/YzFG3C3HYG","1085682560972279810","","","in","","0","0","0","https://x.com/undefined/status/1085682560972279810","846715204637376513",
"1085399308957032449","Wed Jan 16 23:37:44 +0000 2019","0","@AkunTofa @prabowo ","1085682544899551233","","AkunTofa","qme","","0","0","0","https://x.com/undefined/status/1085682544899551233","1000965161660727296",
"1085682492647055365","Wed Jan 16 23:37:31 +0000 2019","0","Jokowi Tak Terima BUMN Disebut Bangkrut https://t.co/d5rVvP4u0z https://t.co/xd7IZDHfkU","1085682492647055365","https://pbs.twimg.com/media/DxEeeR-VAAAzVSf.jpg","","in","","0","0","0","https://x.com/undefined/status/1085682492647055365","3029835496",
"1085682489039835136","Wed Jan 16 23:37:31 +0000 2019","0","Pendukung Prabosan sama dg junjungannya suka menebar hoax percaya hoax tidak pakai logika dan nalar. Kalau ijasah Jokowi palsu sudah sejak awal ketika jadi calon Wali Kota Solo ke 1-2 cagub DKI dan Capres dia akan dibantai para pesaingnya #RakyatSudahMuak","1085682489039835136","","","in","","0","0","0","https://x.com/undefined/status/1085682489039835136","823371374005604352",
"1085682412753801216","Wed Jan 16 23:37:12 +0000 2019","0","LIVE: Sosiolog Politik Universitas Negeri Surabaya yang juga mantan Komisioner KPU Jawa Timur Agus Mahfudz Fauzi membahas sejauh mana debat capres-cawapres mempengaruhi pemilih untuk menentukan pilihannya dalam Pemilu Presiden April mendatang. https://t.co/41PTKUj93O","1085682412753801216","https://pbs.twimg.com/media/DxEeY1BUcAA2UaM.jpg","","in","","0","0","0","https://x.com/undefined/status/1085682412753801216","854462541484785665",
"1085682412019867648","Wed Jan 16 23:37:12 +0000 2019","0","5 Pernyataan Kontroversial @Pak_JK Hingga Silang Pendapat dengan @jokowi https://t.co/jaqdOU8QPU","1085682412019867648","","","in","","0","0","0","https://x.com/undefined/status/1085682412019867648","1082992095361609728",
"1085666492681662464","Wed Jan 16 23:37:08 +0000 2019","0","@DinataMarcelia @FaGtng @jokowi @andy_nomicin @NurmaTgr @Senyap17 @DjanChoek @iqiroy Mantaap pak de jokowi lagi presiden kuu....","1085682393267109890","","","in","","0","0","0","https://x.com/undefined/status/1085682393267109890","1042672371746783233",
"1085682384270323713","Wed Jan 16 23:37:06 +0000 2019","0","Benar mas...sbnrnya buat apa ada demokrasi klo akhirnya bermusuhan... apa iya hidup ini hanya utk pemilu..tidak adakah ruang di hati kita utk saling empati","1085682384270323713","","","in","","0","0","0","https://x.com/undefined/status/1085682384270323713","558557247",
"1085340167601188864","Wed Jan 16 23:37:02 +0000 2019","0","@Lamsturhamlir18 @faizalassegaf @Ndon08Back @P3nj3l4j4h @RizmaWidiono @hariadhi @MbahUyok @RestyCayah @prabowosandi_ID Kalau polling kalah alasannya mereka pake bot. Apa kamu pikir pendukung Jokowi gak ada yg pake bot?","1085682369393086465","","","in","","0","0","0","https://x.com/undefined/status/1085682369393086465","542263382",
"1085682339928190976","Wed Jan 16 23:36:55 +0000 2019","0","Saya tidak percaya Mentan. Tapi saya lebih tak percaya Prabowo.","1085682339928190976","","","in","","0","0","0","https://x.com/undefined/status/1085682339928190976","54493591",
"1085682333921927173","Wed Jan 16 23:36:54 +0000 2019","0","#PKH Program Keluarga Harapan buka akses keluarga miskin (ibu hamil anak difabel lansia) memanfaatkan layanan faskes &amp; https://t.co/r7Uzv2AKnw Pak @jokowi","1085682333921927173","","","in","","0","0","0","https://x.com/undefined/status/1085682333921927173","3236585851",
"1085682289420337152","Wed Jan 16 23:36:43 +0000 2019","0","Penyelesaian Kasus HAM Jadi Tantangan Jokowi dan Prabowo https://t.co/m1JneTlmbN","1085682289420337152","","","in","","0","0","0","https://x.com/undefined/status/1085682289420337152","2392460208",
"1085479307542126597","Wed Jan 16 23:36:34 +0000 2019","0","@CintaNKRI12 @jokowi https://t.co/fS5ILMu6Vn","1085682253575815169","https://pbs.twimg.com/tweet_video_thumb/DxEePxwVYAAcYOQ.jpg","CintaNKRI12","qme","","0","0","0","https://x.com/undefined/status/1085682253575815169","956422701442154497",
"1085682232553959424","Wed Jan 16 23:36:29 +0000 2019","0"," @AndiArief__ tertawa lepas bersama @prabowo dan @sandiuno sesaat sebelum Pidato Kebangsaan. https://t.co/WCO9f21cM4","1085682232553959424","https://pbs.twimg.com/media/DxEeOsaVAAALHoa.jpg","","in","","0","0","0","https://x.com/undefined/status/1085682232553959424","61465123",
"1085666492681662464","Wed Jan 16 23:36:29 +0000 2019","0","@ayudh41 @DinataMarcelia @jokowi @andy_nomicin @NurmaTgr @FaGtng @Senyap17 @DjanChoek @iqiroy Enak ya presiden yg dulu2 ngak ngapa2in yg belakang kena imbasnya asyekkk #jokowisedangmembangunindonesiatimur","1085682230091890688","","","in","","0","0","0","https://x.com/undefined/status/1085682230091890688","2393017423",
"1085682227801804800","Wed Jan 16 23:36:28 +0000 2019","0","Menteri Kelautan dan Perikanan ini juga berani untuk mendukung ketegasan pak @Jokowi tersebut. #JokowiAminHukumTerjamin https://t.co/cPmgR7fCDL","1085682227801804800","https://pbs.twimg.com/media/DxEeLmeU0AAer3v.jpg","","in","","0","0","0","https://x.com/undefined/status/1085682227801804800","1078237665164550144",
"1085201387489619968","Wed Jan 16 23:36:23 +0000 2019","0","@faizalassegaf @jokowi @prabowo Mulutmu Congormu... Kita liat ya... Jangan Ngeles","1085682204288512000","","faizalassegaf","in","","0","0","0","https://x.com/undefined/status/1085682204288512000","815712636188770304",
"1085682190136963073","Wed Jan 16 23:36:19 +0000 2019","0","Kalau debat capres nya ra ngangkat aku pilih no 10 aja","1085682190136963073","","","in","","0","0","0","https://x.com/undefined/status/1085682190136963073","996143792666234880",
"1085682175926628353","Wed Jan 16 23:36:16 +0000 2019","0","Menurut Kamu apakah kemampuan Capres dan Cawapres dalam mempertahankan dan beradu argumen dapat mempengaruhi perolehan suara? Masih menarikkah nonton debat Pilpres hari ini? #ElshintaEdisiPagi https://t.co/bpHf4fuDZJ","1085682175926628353","https://pbs.twimg.com/media/DxDcfX3U0AAGKaX.jpg","","in","","0","0","0","https://x.com/undefined/status/1085682175926628353","121640063",
"1085535906197528576","Wed Jan 16 23:36:13 +0000 2019","0","@Ferdinand_Haean @hendriabidin2 Jokowi sangat2 baik","1085682162521628672","","Ferdinand_Haean","in","","0","0","0","https://x.com/undefined/status/1085682162521628672","1082279696014790656",
"1085682132930854913","Wed Jan 16 23:36:06 +0000 2019","0","Presiden jokowi berasal dari kalangan kecil rakyat biasa. Prabowo adalah mantan MANTU SOEHARTO penguasa Orba yg korupnya luar biasa. https://t.co/fdU6DqT82I","1085682132930854913","https://pbs.twimg.com/media/DxEd7vzUUAA0HPr.jpg","","in","","0","0","0","https://x.com/undefined/status/1085682132930854913","160668889",
"1085682124156366848","Wed Jan 16 23:36:04 +0000 2019","0","Yang sy bingung itu para cebong yg terus menuduh @prabowo atas kasus penculikan aktifis. Tetapi tak pernah menggugat presiden @jokowi mengapa tak menuntaskan kasus tsb. Ini spt pencopet yg menyalahkan korbannya mengapa bawa dompet.","1085682124156366848","","","in","","0","0","0","https://x.com/undefined/status/1085682124156366848","705494211538194432",
"1085682078597840896","Wed Jan 16 23:35:53 +0000 2019","0","senangnya dalam hati jika memilih dua terasa indonesia akan bahagia kepada capres tua nanda sayang padamu kepada capres muda I SAY I LOVE YOU https://t.co/T0pUM9GdcC","1085682078597840896","https://pbs.twimg.com/media/DxEeF1XU8AAFRZS.jpg","","in","","0","0","0","https://x.com/undefined/status/1085682078597840896","973879080960475141",
"1085682070456680448","Wed Jan 16 23:35:51 +0000 2019","0","Drajad Wibowo: Bukan hnya rakyat ada diplomat asing sngt fasih bhs Indonesia bilang matanya sampai basah dengar Pidato Prabowo https://t.co/MK7MMmD4FE","1085682070456680448","https://pbs.twimg.com/media/DxEeFAuUcAAnXGy.jpg","","in","","0","0","0","https://x.com/undefined/status/1085682070456680448","2373747230",
"1083898165252608000","Wed Jan 16 23:35:37 +0000 2019","0","@seruanhulu Maksudnya Prabowo lagi sama Didi Mahardhika ?","1085682014001364992","","seruanhulu","in","","0","0","0","https://x.com/undefined/status/1085682014001364992","17941295",
"1085682010083930112","Wed Jan 16 23:35:36 +0000 2019","0","Ada jawaban dalam bahasa arab di debat capres? Ya Rabbanaa.~","1085682010083930112","","","in","","0","0","0","https://x.com/undefined/status/1085682010083930112","131712155",
"1085681997245083648","Wed Jan 16 23:35:33 +0000 2019","0","Kasus HAM Hukum dan korupsi.......jelang debat..... debat meningkatkan elektabilitas lucu. Bagi saya debat capres bukan upaya menguatkan bangsa dan negara. Terbukti menjadi tontonan drpd tuntunan. Bahkan hasilnya hanya janji tak terbukti bahkan di ingkari.","1085681997245083648","","","in","","0","0","0","https://x.com/undefined/status/1085681997245083648","1026058447593164800",
"1085681994808344576","Wed Jan 16 23:35:33 +0000 2019","0","BPN: Prabowo-Sandi Akan Terlihat Lebih Ganteng di Debat Perdana https://t.co/41Sk75Mii6","1085681994808344576","","","in","","0","0","0","https://x.com/undefined/status/1085681994808344576","846715204637376513",
"1085681993868730368","Wed Jan 16 23:35:32 +0000 2019","0","Demi meningkatkan upaya pencegahan dan pemberantasan korupsi Pemerintahan @Jokowi menerbitkan Perpres 54/2018 tentang Pencegahan Korupsi yang mana 5 pejabat tinggi negara &amp; kementerian menandatangani Surat Keputusan Bersama. #JokowiAminHukumTerjamin","1085681993868730368","","","in","","0","0","0","https://x.com/undefined/status/1085681993868730368","1078237665164550144",
"1085553896838156290","Wed Jan 16 23:35:31 +0000 2019","0","@zarazettirazr @Janabachri @wiranto1947 @prabowo bukanya memang pak wiranto blacklist di beberapa Negara sprt amerika inggris belanda dll untuk ke Negara tsb akibat kasus HAM 98. pak wiranto berani terbang aja kesana bisa di tangkap di adili ke sidang mahkamah internasional.","1085681989590573056","","","in","","0","0","0","https://x.com/undefined/status/1085681989590573056","950617217527197696",
"1085533305355661312","Wed Jan 16 23:35:23 +0000 2019","0","@ASapardan @RizmaWidiono @DivHumas_Polri @jokowi Enak dihantam palu palanya AR","1085681955293749248","","ASapardan","in","","0","0","0","https://x.com/undefined/status/1085681955293749248","1025739819333210113",
"1085504946257051648","Wed Jan 16 23:35:15 +0000 2019","0","@Mochamadsusanto @jm220803 @MataElangNKRI @Dennysiregar7 @Gerindra @prabowo Sama.. apa xn gak cape tiap 5thn xn sllu buka &amp; tuduh kalo Jokowi PKI .....","1085681920216772610","","faizal_akbar13","in","","0","0","0","https://x.com/undefined/status/1085681920216772610","1061663520859668480",
"1085681897391349760","Wed Jan 16 23:35:09 +0000 2019","0","Ace Hasan selaku juru bicara Tim Kampanye Jokowi-Ma ruf beberkan program Jokowi-Ma'ruf dalam hal pemberantasan korupsi yg dijabarkan secara detil dalam visi misi. https://t.co/w0h046xxc1 #JokowiAminHukumTerjamin","1085681897391349760","","","in","","0","0","0","https://x.com/undefined/status/1085681897391349760","1078237665164550144",
"1085681894316855296","Wed Jan 16 23:35:09 +0000 2019","0","Om wowo @prabowo Kok hoax mulu ya... https://t.co/X59gJDh2C2","1085681894316855296","","","in","","0","0","0","https://x.com/undefined/status/1085681894316855296","3837482293",
"1085681840592056320","Wed Jan 16 23:34:56 +0000 2019","0","Tips Mudah Menyusun Naskah Pidato Visi Misi Program Seperti Punya Prabowo https://t.co/YyuT5Iswna","1085681840592056320","","","in","","0","0","0","https://x.com/undefined/status/1085681840592056320","911927482055409664",
"1085681778113667072","Wed Jan 16 23:34:41 +0000 2019","0","Coba bapak menjadi orang yang jujur. Dan selalu jujur. Pasti berteman dengan bapak @jokowi. Dan saya yakin indonesia akan lebih baik.. #01JokowiLagi @madranais @IkaSiji @surinala_mas https://t.co/UcRPGhMov2","1085681778113667072","https://pbs.twimg.com/media/DxEd0JKV4AE_Tnr.jpg","","in","","0","0","0","https://x.com/undefined/status/1085681778113667072","959991582286999552",
"1085201387489619968","Wed Jan 16 23:34:40 +0000 2019","0","@faizalassegaf @jokowi @prabowo Jangan ngeles ya FA segera hapus akun mu","1085681772380119040","","faizalassegaf","in","","0","0","0","https://x.com/undefined/status/1085681772380119040","3059445955",
"1085681769825787905","Wed Jan 16 23:34:39 +0000 2019","0","pemerintahan Jokowi-Ma ruf akan meningkatkan peran Aparat Pengawas Intern pemerintah untuk memperkuat kondisi pemberantasan korupsi di Indonesia. https://t.co/aBYrkuK5p5 #JokowiAminHukumTerjamin","1085681769825787905","","","in","","0","0","0","https://x.com/undefined/status/1085681769825787905","1078237665164550144",
"1085681760556376064","Wed Jan 16 23:34:37 +0000 2019","0","Unfulfillment promises (01) vs new hope (02). Indonesian presidential candidate Prabowo Subianto vows to put people first in first major speech https://t.co/4CtoRFtIDA","1085681760556376064","","","en","","0","0","0","https://x.com/undefined/status/1085681760556376064","110634145",
"1085681758618628096","Wed Jan 16 23:34:36 +0000 2019","0","Presiden kita ke 8 insyaAllah jadi ms Prabowo pasti tidak asal ngomong punya bukti pendukung ttg omongannya waduh klw bgitu sudah lampu merah nh","1085681758618628096","","","in","","0","0","0","https://x.com/undefined/status/1085681758618628096","1029913220339789826",
"1085681754814312448","Wed Jan 16 23:34:35 +0000 2019","0","Elektabilitas Jokowi dan Prabowo Stagnan Golput Dikhawatirkan Naik https://t.co/7TVlEI2K8E #Pemilu2019","1085681754814312448","","","in","","0","0","0","https://x.com/undefined/status/1085681754814312448","41730943",
"1085681753715425280","Wed Jan 16 23:34:35 +0000 2019","0","TKN Jokowi Sesalkan Ucapan Amien Rais https://t.co/rdaUQWYTZV #Pemilu2019","1085681753715425280","","","in","","0","0","0","https://x.com/undefined/status/1085681753715425280","41730943",
"1085681742323814401","Wed Jan 16 23:34:33 +0000 2019","0","Tempat Terbatas Ma ruf Amin Tak Dilibatkan Pertemuan Jokowi dan Ketum Parpol https://t.co/pUDNF1K8pO","1085681742323814401","","","in","","0","0","0","https://x.com/undefined/status/1085681742323814401","130757122",
"1085482477752184833","Wed Jan 16 23:34:20 +0000 2019","0","@Umnia77 @prabowo @sandiuno Ih oon dipiara terus","1085681689395744768","","Umnia77","in","","0","0","0","https://x.com/undefined/status/1085681689395744768","800478740",
"1085681677119062016","Wed Jan 16 23:34:17 +0000 2019","0","Pak de @Jokowi semasa menjabar Gubernur DKI Jakarta sudah terapkan transaksi non-tunai untuk meminimalisir resiko korupsi di berbagai aspek. https://t.co/My3LDt03Bz #JokowiAminHukumTerjamin","1085681677119062016","","","in","","0","0","0","https://x.com/undefined/status/1085681677119062016","1078237665164550144",
"1085680580283355136","Wed Jan 16 23:34:16 +0000 2019","0","@P3nj3l4j4h pendukung Jokowi di tw banyak bot","1085681672891158529","","P3nj3l4j4h","in","","0","0","0","https://x.com/undefined/status/1085681672891158529","902122958918963200",
"1085681660169838592","Wed Jan 16 23:34:13 +0000 2019","0","Disinilah kami Pld digemblang dlm rakor p3md luwu utara Pendamping profesional dlm memfasilitasi administrasi kegiatan bumdes apbdes perubahan perencanaan tahun 2019 persiapan musrembang. @jokowi @EkoSandjojo @anwsanusi @fachrilabalado @taufikmadjid71 @IdhamArsyad_GT https://t.co/1MTTmSUHNL","1085681660169838592","https://pbs.twimg.com/media/DxEdsJmUcAAIu3y.jpg","","in","","0","0","0","https://x.com/undefined/status/1085681660169838592","1083955988955160577",
"1085681658718674945","Wed Jan 16 23:34:13 +0000 2019","0","Nissa sabyan ayu2 pendukung prabowo. Joh","1085681658718674945","","","in","","0","0","0","https://x.com/undefined/status/1085681658718674945","1065591534093922305",
"1085352967069257729","Wed Jan 16 23:34:09 +0000 2019","0","@TehTJEMPLUNG @Abdi_Doank @prabowo @sandiuno Nenek2 aja masih bisa berpikir waras dan masih ada akal sehat lo punya gak bong cebong???","1085681641782095872","","HACKNET__","in","","0","0","0","https://x.com/undefined/status/1085681641782095872","1083871754966130688",
"1085681635549360128","Wed Jan 16 23:34:07 +0000 2019","0","Tiga Perkara Hukum dan HAM Layak Dicermati di Debat Capres https://t.co/ukNYaS0HT7","1085681635549360128","","","in","","0","0","0","https://x.com/undefined/status/1085681635549360128","22126902",
"1085681619749396483","Wed Jan 16 23:34:03 +0000 2019","0","BPN: Prabowo-Sandi Akan Terlihat Lebih Ganteng di Debat Perdana https://t.co/1ieTlFWQrU","1085681619749396483","","","in","","0","0","0","https://x.com/undefined/status/1085681619749396483","231355136",
"1085681605614624768","Wed Jan 16 23:34:00 +0000 2019","0","beberapa oknum bahwa Presiden Jokowi melakukan kriminalisasi terhadap ulama tidaklah benar. Karena di mata hukum yang bersalah tetaplah salah tanpa melihat latar-belakang seseorang. https://t.co/hOh3PlvyZP #JokowiAminHukumTerjamin","1085681605614624768","","","in","","0","0","0","https://x.com/undefined/status/1085681605614624768","1078237665164550144",
"1085261660040777729","Wed Jan 16 23:34:00 +0000 2019","0","@gevinazwin @jokowi @susipudjiastuti #JKWLAGI","1085681605522350080","","vgn7763","qme","","0","0","0","https://x.com/undefined/status/1085681605522350080","4905799038",
"1085681604213657600","Wed Jan 16 23:34:00 +0000 2019","0","Kasus pungli di instansi dan biro pemerintahan kerap terjadi sebelum Jokowi-JK menjadi presiden dan wakil presiden Indonesia. #JokowiAminHukumTerjamin","1085681604213657600","","","in","","0","0","0","https://x.com/undefined/status/1085681604213657600","1079037392441401345",
"1085681596177342465","Wed Jan 16 23:33:58 +0000 2019","0","@relawan_join19 kalau ada capres mengatakan TNI POLRI tidak kuat persediaan pangan di bulog tinggal 3 minggu indonesia tdk butuh infrastruktur gaji dokter lebih rendah dari tukang parkir. Aku tertawa. Dia ini sebenarnya capres RI atau Haiti #Brigade01kabpasuruan","1085681596177342465","","relawan_join19","in","","0","0","0","https://x.com/undefined/status/1085681596177342465","923046082996707328",
"1085681549788381185","Wed Jan 16 23:33:47 +0000 2019","0","Pemerintahan saat ini telah berkomitmen untuk penguatan hukum di Indonesia. penolakan revisi UU KPK yang merupakan bukti nyata Jokowi ingin memperkuat lembaga penegak hukum. https://t.co/eRbnMFD22Z #JokowiAminHukumTerjamin","1085681549788381185","","","in","","0","0","0","https://x.com/undefined/status/1085681549788381185","1078237665164550144",
"1085681546210639872","Wed Jan 16 23:33:46 +0000 2019","0","Rapatkan barisan menuju Indonesia Maju @jokowi @EkoSandjojo @anwsanusi @fachrilabalado @kpp_sumsel https://t.co/FZlbufJjmx","1085681546210639872","https://pbs.twimg.com/media/DxEdmssUUAAZsUE.jpg","","in","","0","0","0","https://x.com/undefined/status/1085681546210639872","1022112840604430341",
"1085533305355661312","Wed Jan 16 23:33:45 +0000 2019","0","@ASapardan @Airin_NZ @DivHumas_Polri @jokowi Keseringan dikasih angin..ngelunjakkk..lemparr tai sekali2..","1085681544692346880","","ASapardan","in","","0","0","0","https://x.com/undefined/status/1085681544692346880","815434176321069056",
"1085681504594710528","Wed Jan 16 23:33:36 +0000 2019","0","BPN Prabowo-Sandiaga Gelar Nobar Debat Capres di Berbagai Daerah https://t.co/LYK6cN1nGo https://t.co/WsZYBqsVeL","1085681504594710528","https://pbs.twimg.com/media/DxEdkw8UYAEEuKL.png","","in","","0","0","0","https://x.com/undefined/status/1085681504594710528","2548074002",
"1085681495430189056","Wed Jan 16 23:33:34 +0000 2019","0","BPN Prabowo-Sandiaga Gelar Nobar Debat Capres di Berbagai Daerah https://t.co/kNsAtoX1TC https://t.co/5sbWU9WJpe","1085681495430189056","https://pbs.twimg.com/media/DxEdkOQUwAAPwO7.png","","in","","0","0","0","https://x.com/undefined/status/1085681495430189056","920174996",
"1085494988610392065","Wed Jan 16 23:33:17 +0000 2019","0","@Ndon08Back @thomaszaditya @jokowi @prabowo @faizalassegaf #indonesiamenang #RakyatInginkanPerubahan #PrabowoRangkulSemua","1085681423825043457","","Ndon08Back","qme","","0","0","0","https://x.com/undefined/status/1085681423825043457","1199772596",
"1085681417000935424","Wed Jan 16 23:33:15 +0000 2019","0","Debat 1 Capres Cawapres https://t.co/vJamnLQ5bM","1085681417000935424","https://pbs.twimg.com/media/DxEde93UwAAW5QU.jpg","","ca","","0","0","0","https://x.com/undefined/status/1085681417000935424","977223140681003008",
"1085681381135441920","Wed Jan 16 23:33:06 +0000 2019","0","Inilah bukti Presiden Jokowi yang tegas dalam menyelesaikan kasus hukum di Indonesia tanpa pandang bulu. https://t.co/7z8Aju3m9y #JokowiAminHukumTerjamin","1085681381135441920","","","in","","0","0","0","https://x.com/undefined/status/1085681381135441920","1078237665164550144",
"1085681372558061569","Wed Jan 16 23:33:04 +0000 2019","0","Hari ini baru debat capres ya.. kapan ya ada duel capres. Krn klo debat tiap hr pun kedua kubu berdebat di medsos. Yg enak jgn adu mulut adu tinju. Jkw kan uda latihan tinju klo Bowo mah jgn ditanya uda biasa","1085681372558061569","","","in","","0","0","0","https://x.com/undefined/status/1085681372558061569","255536573",
"1085201387489619968","Wed Jan 16 23:32:56 +0000 2019","0","@faizalassegaf @jokowi @prabowo Siap2 tutup akun @faizalassegaf . Jangan janji doang yaaa jangan di hapus juga tweetnya udah banyak yg screencapturee.. Hihi #RakyatSudahMuak","1085681337145581568","","faizalassegaf","in","","0","0","0","https://x.com/undefined/status/1085681337145581568","288145366",
"1085681332552851458","Wed Jan 16 23:32:55 +0000 2019","0","Presiden @Jokowi tidak pandang bulu dalam memberikan instruksi hukuman untuk setiap masyarakat yang melakukan tindakan kriminal. https://t.co/jna763yBiI #JokowiAminHukumTerjamin","1085681332552851458","","","in","","0","0","0","https://x.com/undefined/status/1085681332552851458","1078237665164550144",
"1085681327171502080","Wed Jan 16 23:32:54 +0000 2019","0","Pak @jokowi sudah berkomitmen dalam agenda pemajuan pemenuhan dan penegakan hak azasi manusia (HAM) yang tercantum dalam Nawa Cita-nya. https://t.co/CIs4Fzr4b9 #JokowiAminHukumTerjamin","1085681327171502080","","","in","","0","0","0","https://x.com/undefined/status/1085681327171502080","1084042300945137665",
"1085681285790498816","Wed Jan 16 23:32:44 +0000 2019","0","Amin Rais: Jokowi Bakal Jadi Presiden Bebek Lumpuh Setelah Pilpres https://t.co/PZ5PmlF1bh","1085681285790498816","","","in","","0","0","0","https://x.com/undefined/status/1085681285790498816","944845680408895488",
"1085681279629025280","Wed Jan 16 23:32:42 +0000 2019","0","Jokowi himbau aparat jika pengedar narkoba memberikan pemberontakan dan membahayakan maka pihak terkait berhak melangsungkan penembakan di tempat untuk menaklukan pelakunya. https://t.co/SlI3ILPQPs #JokowiAminHukumTerjamin","1085681279629025280","","","in","","0","0","0","https://x.com/undefined/status/1085681279629025280","1078237665164550144",
"1085504946257051648","Wed Jan 16 23:32:42 +0000 2019","0","@DfrGenk @jm220803 @MataElangNKRI @Dennysiregar7 @Gerindra @prabowo Yg goblok &amp; dungu Lo nyet...tetangga Lo kemalingan Lo ngliat malingnya....apa Lo nggu jdi polisi dulu kalo mau nglaporin tu maling....","1085681278727335936","","PPNG_DRF","in","","0","0","0","https://x.com/undefined/status/1085681278727335936","1061663520859668480",
"1085336265925390336","Wed Jan 16 23:32:42 +0000 2019","0","@Dwiyana_DKM @pengarang_puisi @panca66 muri mah skala lokal guines book aja. capres berkali2 dan tdk pernah menang.","1085681278551117824","","Dwiyana_DKM","in","","0","0","0","https://x.com/undefined/status/1085681278551117824","989467885696270336",
"1085364355082977280","Wed Jan 16 23:32:41 +0000 2019","0","@Mas2CILEDUG @25VPS25 @albertpanjaitn @jokowi Sekarang mereka main team work. Satu lempar isu satu respon jadi orang baik yg berlagak meluruskan. Padahal Fitnah sekeranjang sedang mereka pikul ramai ramai.","1085681275258556416","","Mas2CILEDUG","in","","0","0","0","https://x.com/undefined/status/1085681275258556416","1412423425",
"1085681256568770560","Wed Jan 16 23:32:37 +0000 2019","0","@null TKN Jokowi Sesalkan Ucapan Amien Rais Pelanggaran pemilu bukan simbol ada kecura https://t.co/vvb52LQ906","1085681256568770560","","null","in","","0","0","0","https://x.com/undefined/status/1085681256568770560","474668024",
"1085681254198964225","Wed Jan 16 23:32:36 +0000 2019","0","@null TKN Jokowi Sesalkan Ucapan Amien Rais Pelanggaran pemilu bukan simbol ada kecura https://t.co/QgAg5RqSve","1085681254198964225","","null","in","","0","0","0","https://x.com/undefined/status/1085681254198964225","486386712",
"1085681246821244928","Wed Jan 16 23:32:34 +0000 2019","0","@null TKN Jokowi Sesalkan Ucapan Amien Rais Pelanggaran pemilu bukan simbol ada kecura https://t.co/gOxZnUVC0b","1085681246821244928","","null","in","","0","0","0","https://x.com/undefined/status/1085681246821244928","253570473",
"1085681240110329856","Wed Jan 16 23:32:33 +0000 2019","0","Motivasi Jokowi terhadap masyarakat dalam penegakan hukum dan memberi efek jera terhadap Koruptor tidak terpikirkan oleh pemerintah sebelumnya. #JokowiAminHukumTerjamin","1085681240110329856","","","in","","0","0","0","https://x.com/undefined/status/1085681240110329856","1079037392441401345",
"1085346213140910080","Wed Jan 16 23:32:32 +0000 2019","0","@ktpguejakarta @yusuf_dumdum @KhamidiaRadisti @kemalarsjad @jokowi @saididu @ktpguejakarta rajin &amp; khusyuk nyinyir jalan tol krn juga baru skrg2 ini aja Presiden kita bagai jubir nya Kemen PUPR &amp; Jasa Marga.. Yg dibahas cuma toolll saja.. Kan kon... tra dengan yg dijanjikan di 2014 ","1085681235563708416","","","in","","0","0","0","https://x.com/undefined/status/1085681235563708416","575039342",
"1085681205427597312","Wed Jan 16 23:32:25 +0000 2019","0","untuk pemimpin Presiden Indonesia ke- 7 @Jokowi tidak akan beri ampun pengedar narkoba yang sudah menghilangkan nyawa anak bangsa. https://t.co/8yPU7gOU6u #JokowiAminHukumTerjamin","1085681205427597312","","","in","","0","0","0","https://x.com/undefined/status/1085681205427597312","1078237665164550144",
"1085681163891429376","Wed Jan 16 23:32:15 +0000 2019","0","Semarang mari merapat dan ramaikan Debat Capres Cawapres. https://t.co/WMxlYeF8l4","1085681163891429376","https://pbs.twimg.com/media/DxEdPymVsAE1QQs.jpg","","in","","0","0","0","https://x.com/undefined/status/1085681163891429376","984714662",
"1085681137865744384","Wed Jan 16 23:32:08 +0000 2019","0","ini benar ga pak @jokowi atau ini cuma hoax. krn dari kubu bapak kan selalu bilang jika byk yg hoax.","1085681137865744384","","","in","","0","0","0","https://x.com/undefined/status/1085681137865744384","796933914510041088",
"1085681137559560192","Wed Jan 16 23:32:08 +0000 2019","0","Pak Jokowi sudah berkomitmen dalam agenda pemajuan pemenuhan dan penegakan HAM yang tercantum dalam Nawa Cita-nya. https://t.co/Ntw688Av21 #JokowiAminHukumTerjamin","1085681137559560192","","","in","","0","0","0","https://x.com/undefined/status/1085681137559560192","1084043651414556672",
"1085681121243815937","Wed Jan 16 23:32:04 +0000 2019","0","ketegasan pak @Jokowi dalam penegakan hukum? Berita tentang tenggelamkan versi bu menteri Susi Pudjiastuti nyatanya adalah perintah dari sang presiden. https://t.co/82b6fZMLNc #JokowiAminHukumTerjamin","1085681121243815937","","","in","","0","0","0","https://x.com/undefined/status/1085681121243815937","1078237665164550144",
"1085681101014749185","Wed Jan 16 23:32:00 +0000 2019","0","Ternyata Prabowo Cuma Saksi Kasus 98 Tanggung Jawab Wiranto https://t.co/Mpxin2MGJz","1085681101014749185","","","in","","0","0","0","https://x.com/undefined/status/1085681101014749185","212967103",
"1085681096363171841","Wed Jan 16 23:31:59 +0000 2019","0","Soeharto ngutang. Duite dimakan. Presiden Jokowi ngutang. Duitnya jadi jalan. Tp org2 goblok ga melihat itu sbg prestasi. Katanya itu udah KEWAJIBANNYA sbg presiden. Kok ga ngomong gitu dulu ama Soeharto? Takut diculik mantunya ya?","1085681096363171841","","","in","","0","0","0","https://x.com/undefined/status/1085681096363171841","160668889",
"1085172338834984960","Wed Jan 16 23:31:57 +0000 2019","0","@Rawing_jabar @joxzin_jogja @prabowo @Gerindra @Dahnilanzar @PriyoBudiS @Takviri Jangan jual hoax.. pas pulak. Topik bahasannya hoax tp masih aja. Hoax dibuat orang jahat disebarkan orang bodoh dan dipercaya orang bego. Ingat hoax Ratna... itu nyata di mata seluruh wilayah NKRI. Tp kebodohan memang tak terhingga dan menyedihkan.","1085681089253756928","","","in","","0","0","0","https://x.com/undefined/status/1085681089253756928","92275561",
"1085480763913515008","Wed Jan 16 23:31:56 +0000 2019","0","@P3nj3l4j4h @CebongBajaHitam @jokowi ini nih Gubernur tercinta sekaligus Ulama penyampaiannya enak setiap perkataannya adem didenger...engkau panutanku Pak TGB Terimakasih atas pencerahannya #BravoTGB #2019JokowiLagi","1085681087601303553","","P3nj3l4j4h","in","","0","0","0","https://x.com/undefined/status/1085681087601303553","1240768321",
"1085587992511578112","Wed Jan 16 23:31:55 +0000 2019","0","@JKFC23456789 @RizmaWidiono @TheArieAir @4Y4NKZ @Fahrihamzah @marierteman @fadlizon Ntar biar akte kelahiran cucu pak jokowi dipermasalahkan jg...hadeeuu pret pret","1085681082496774144","","JKFC23456789","in","","0","0","0","https://x.com/undefined/status/1085681082496774144","1035082148212928512",
"1085681061021896704","Wed Jan 16 23:31:50 +0000 2019","0","Allah maha tahu Fitnah dn Suuzon! Ingat QS Anjm ayat 42 ttg kesudahan adlh peringatan Allah kpd @jokowi bhw Cukup 1 periode sj. @DPR_RI @PolitikLIPI @CSISIndonesia @UIIYogyakarta @univ_indonesia @KPK_RI @BPKPgoid @KomnasHAM @Warta_MUI @Kemenag_RI","1085681061021896704","","","in","","0","0","0","https://x.com/undefined/status/1085681061021896704","777273518",
"1085571896228233221","Wed Jan 16 23:31:41 +0000 2019","0","@AkunTofa Kalo Jokowi Jadi Presiden Bisa Hancur Negri Ini Kata JK NYATA #RakyatSudahMuak","1085681021868072960","","AkunTofa","in","","0","0","0","https://x.com/undefined/status/1085681021868072960","4850011207",
"1085681012246380544","Wed Jan 16 23:31:38 +0000 2019","0","Pada debat pilpres 2014 lalu kubu Prabowo diuntungkan pasca debat-elektabilitas mereka mulai merangkak naik. Bagaimana dengan debat pilpres tahun ini? https://t.co/8Pph7mbTy2","1085681012246380544","","","in","","0","0","0","https://x.com/undefined/status/1085681012246380544","4187275698",
"1085680919141335041","Wed Jan 16 23:31:16 +0000 2019","0","(DETIKCOM | BPN Prabowo-Sandiaga Gelar Nobar Debat Capres di Berbagai Daerah) https://t.co/E7sJfBWWeO #pemilu #pemilu2019","1085680919141335041","","","in","","0","0","0","https://x.com/undefined/status/1085680919141335041","968428811107819521",
"1085456267097698304","Wed Jan 16 23:31:16 +0000 2019","0","@eko_kuntadhi @LemahAbangJKW2P @prabowo @jokowi Umur 18 Prabowo itu masih di luar negeri coy.","1085680918528815104","","_ekokuntadhi","in","","0","0","0","https://x.com/undefined/status/1085680918528815104","1368806677",
"1085530883329675264","Wed Jan 16 23:31:16 +0000 2019","0","@DoneJuan_ Anak muda itu energynya msh strong kl Pak @prabowo cukup mengamati menganalisa merencanakan kebaikan utk Negeri ini dr istana Dan Mas @sandiuno yg bergerak dua kolaborasi yg ciamik!! #2019PrabowoPresidenRI","1085680915974483968","","Bulub4ji","in","","0","0","0","https://x.com/undefined/status/1085680915974483968","313726778",
"1085680882118123521","Wed Jan 16 23:31:07 +0000 2019","0","sangat enggak nyambung anda tau tidak.. pemilu kemaren saya tidak milih sby.. namun saya milih kamu","1085680882118123521","","","in","","0","0","0","https://x.com/undefined/status/1085680882118123521","1459295845",
"1085680880813715458","Wed Jan 16 23:31:07 +0000 2019","0","cek -&gt; Debat Capres Perdana Ajang Rebut Simpati Pemilih Rico Marbun menilai debat capre https://t.co/V1nTH73mRK","1085680880813715458","","","in","","0","0","0","https://x.com/undefined/status/1085680880813715458","1184087684",
"1085680864405553153","Wed Jan 16 23:31:03 +0000 2019","0","Cerita pagi ini with emak ku Mama : buat cemilan ah Aku : utk apa ... Mama : buat nobar nonton debat capres @prabowo Aku : langsung cium mama Alhamdulillah mama ku 2014 jokower akhirnya dgn fakta yg dialami plus dikembangkan sm anaknya ini jd sadar alhamdulillah","1085680864405553153","","","in","","0","0","0","https://x.com/undefined/status/1085680864405553153","1080808863689990149",
"1085680855840772096","Wed Jan 16 23:31:01 +0000 2019","0","https://t.co/HT1CSQbU7f @jokowi @EkoSandjojo @anwsanusi @fachrilabalado","1085680855840772096","","","qme","","0","0","0","https://x.com/undefined/status/1085680855840772096","2288250217",
"1085680854863507457","Wed Jan 16 23:31:01 +0000 2019","0","Tim ekonomi Prabowo mengatakan kebijakan pencampuran biodiesel sebesar 20% (B20) ke dalam Bahan Bakar Minyak (BBM) belum berjalan sehingga defisit perdagangan bengkak. Sebaliknya kementrian ESDM kemarin bilang kebijakan B20 menghemat impor solar US$938 juta.","1085680854863507457","","","in","","0","0","0","https://x.com/undefined/status/1085680854863507457","1078870424581156864",
"1085417893557428224","Wed Jan 16 23:31:01 +0000 2019","0","@selphieusagi Prabowo Subianto dong","1085680854209159170","","selviavles","in","","0","0","0","https://x.com/undefined/status/1085680854209159170","520121129",
"1085680851642273792","Wed Jan 16 23:31:00 +0000 2019","0","Kalau yg real anti Jokowi sebenernya karena apa?","1085680851642273792","","","in","","0","0","0","https://x.com/undefined/status/1085680851642273792","131155117",
"1085680851084546048","Wed Jan 16 23:31:00 +0000 2019","0","Yenny Wahid: Jokowi Sangat Menguasai Permasalahan https://t.co/zLoijICIhT","1085680851084546048","","","in","","0","0","0","https://x.com/undefined/status/1085680851084546048","4393472592",
"1085679118455197696","Wed Jan 16 23:30:51 +0000 2019","0","@AlRasyidS @prabowo Sakit....??? Wah wah wah jdi gagal nimpuk mulut wowo donk ","1085680811288850432","","TwitUser_ID","in","","0","0","0","https://x.com/undefined/status/1085680811288850432","1084496791968444416",
"1085668854670508032","Wed Jan 16 23:30:48 +0000 2019","0","@Dody_Lukas___ @CoetTiet Wong tani di payeni alon2 ama rezim sudah waktunya pak @prabowo presiden biar para petani merasakan hasil jerih payahnya keringat dia bukan pahit lagi tapi manis.insya Allah Amiin","1085680799674814465","","Dody_Lukas___","in","","0","0","0","https://x.com/undefined/status/1085680799674814465","1083871754966130688",
"1085680762941169664","Wed Jan 16 23:30:39 +0000 2019","0","Pada Juli 2018 Jokowi meneken Peraturan Presiden Nomor 54 Tahun 2018 tentang Strategi Nasional Pencegahan Korupsi. https://t.co/EuSFbpp0tS #JokowiAminHukumTerjamin","1085680762941169664","","","in","","0","0","0","https://x.com/undefined/status/1085680762941169664","1078237665164550144",
"1085680743882252288","Wed Jan 16 23:30:34 +0000 2019","0","Nohok banget buat om wowo @prabowo Ayo dong om wowo cerita biar kita2 th asal asul loe... https://t.co/ctath41CGr","1085680743882252288","","","in","","0","0","0","https://x.com/undefined/status/1085680743882252288","3837482293",
"1085680738068885504","Wed Jan 16 23:30:33 +0000 2019","0","#GagalTapiMintaTambah RR: Gagasan Trisakti Bagus Tapi Jokowi Menyerah Lawan Partai.. Program Trisakti yang diusung Presiden @jokowi di periode pertama merupakan misi yang bagus. Namun gagal mewujudkan gagasan Bung Karno #2019PrabowoPresidenRI https://t.co/ycm1u7coKE","1085680738068885504","","","in","","0","0","0","https://x.com/undefined/status/1085680738068885504","2326479788",
"1085680654082326528","Wed Jan 16 23:30:13 +0000 2019","0","Gegara Projo Teriak ke SBY: Bang Dukung Jokowi! Baca Lanjut https://t.co/UcAyEYcbHl","1085680654082326528","","","in","","0","0","0","https://x.com/undefined/status/1085680654082326528","57556873",
"1085680650030469121","Wed Jan 16 23:30:12 +0000 2019","0","@null Debat Capres Perdana Ajang Rebut Simpati Pemilih Rico Marbun menilai debat capre https://t.co/oeJraHsWtZ","1085680650030469121","","null","in","","0","0","0","https://x.com/undefined/status/1085680650030469121","205533274",
"1085680599560417280","Wed Jan 16 23:30:00 +0000 2019","0","Gerindra Kritisi Konsep Kedaulatan Pangan Jokowi https://t.co/JRZz0ijBW9 #news #teropongsenayan #sahabaTS #connectsindonesia","1085680599560417280","","","in","","0","0","0","https://x.com/undefined/status/1085680599560417280","376187750",
"1085680599384371201","Wed Jan 16 23:30:00 +0000 2019","0","Ada 3362 kata 1064 diksi dan 55 janji 'kami akan' yang diucapkan Prabowo Subianto dalam pidato kebangsaannya. Salah satunya adalah Kami akan pastikan hukum di negeri ini tidak pandang bulu dan tidak tebang pilih. https://t.co/mxINeh4cO5","1085680599384371201","","","in","","0","0","0","https://x.com/undefined/status/1085680599384371201","4187275698",
"1085680590144192512","Wed Jan 16 23:29:58 +0000 2019","0","Patut di apresiasi karena berkat Jokowi indonesia menjadi negara 3 teratas peneggakan hukum pemberantasan korupsi. https://t.co/pf0e4bV96k #JokowiAminHukumTerjamin","1085680590144192512","","","in","","0","0","0","https://x.com/undefined/status/1085680590144192512","1078237665164550144",
"1080732568553570304","Wed Jan 16 23:29:57 +0000 2019","0","@AhlulKafir @jokowi Orang terdesak ya pasti kalap. Apalagi yg gak punya malu dan dungu","1085680585652072448","","kafiradikal","in","","0","0","0","https://x.com/undefined/status/1085680585652072448","925348056",
"1085553494390583296","Wed Jan 16 23:29:53 +0000 2019","0","@Marsose23 @JajangRidwan19 S7..jokowi lagi presiden ku...","1085680569852149760","","","in","","0","0","0","https://x.com/undefined/status/1085680569852149760","1042672371746783233",
"1085494988610392065","Wed Jan 16 23:29:52 +0000 2019","0","@Ndon08Back @jokowi @prabowo @faizalassegaf Sundul","1085680567788593152","","Ndon08Back","en","","0","0","0","https://x.com/undefined/status/1085680567788593152","69880997",
"1085571896228233221","Wed Jan 16 23:29:52 +0000 2019","0","@AkunTofa Jokowi hebat","1085680566127587328","","AkunTofa","in","","0","0","0","https://x.com/undefined/status/1085680566127587328","4894718322",
"1085364355082977280","Wed Jan 16 23:29:50 +0000 2019","0","@25VPS25 @albertpanjaitn @jokowi Yang menuduh yang membuktikan. Gaya yang keluar bela membela padahal Fitnah sekeranjang pikul-pikulan. Kelakuan","1085680557399277568","","","in","","0","0","0","https://x.com/undefined/status/1085680557399277568","1412423425",
"1085680553427230721","Wed Jan 16 23:29:49 +0000 2019","0"," DEBAT CAPRES 17 Januari 2019 Bagaimana publik menilainya Siapa yang menang dan Apa efek elektoralnya? #jokowipresidenku #rekanjokowi #rekanjokowisulsel #ayoteruskerja #indonesiakuat @FadjRoul @MNurdinAbdullah @SYasinLimpo @DP_dannypomanto @RusdiMasse @ridwanandiwittiri https://t.co/UNHojXeSmb","1085680553427230721","https://pbs.twimg.com/media/DxEcsWrUcAAFsp_.jpg","","in","","0","0","0","https://x.com/undefined/status/1085680553427230721","1051767622226784256",
"1085680524402712576","Wed Jan 16 23:29:42 +0000 2019","0","berkat Jokowi Indonesia Menjadi Negara 3 Teratas Penegakan Hukum Pemberantasan Korupsi https://t.co/pf0e4bV96k #JokowiAminHukumTerjamin","1085680524402712576","","","in","","0","0","0","https://x.com/undefined/status/1085680524402712576","1078237665164550144",
"1085680515456348160","Wed Jan 16 23:29:40 +0000 2019","0","Obor Rakyat akan segera terbit jelang pemilu presiden April nanti. Ia akan kembali menjabat sebagai pemimpin redaksi sementara Darmawan Sepriyossa menjadi wakil pemimpin redaksi. Kepada VOA ... https://t.co/ezaVYdpez0","1085680515456348160","","","in","","0","0","0","https://x.com/undefined/status/1085680515456348160","717048857180246016",
"1085680497605304320","Wed Jan 16 23:29:36 +0000 2019","0","Salam kardus RT @Ferdinand_Haean Melihat foto peristiwa pagi ini para Mujahid dan Mujahidah 212 berkumpul saya harus katakan bahwa @jokowi sudah selesai. Biarkan 1000 alumni membuatmu menari2 tapi Jutaan kami akan mengirimmu pulang. Saatnya @prabowo memimpin ....","1085680497605304320","","","in","","0","0","0","https://x.com/undefined/status/1085680497605304320","2418128994",
"1085201387489619968","Wed Jan 16 23:29:35 +0000 2019","0","@faizalassegaf @Iceu_suryani @jokowi @prabowo Jokowi dong. Masa bela agama milihnya paslon yg ga bs sholat bahkan ga bs wudlu. Gmn bs sholat/ngaji kalau wudlunya aja ga bener","1085680495638175745","","faizalassegaf","in","","0","0","0","https://x.com/undefined/status/1085680495638175745","2571492187",
"1085680490504347648","Wed Jan 16 23:29:34 +0000 2019","0","Cc @MemeTanpaHurufK @habibthink @jokowi lumayan buat nambah kampanye","1085680490504347648","","","in","","0","0","0","https://x.com/undefined/status/1085680490504347648","448499264",
"1085571896228233221","Wed Jan 16 23:29:32 +0000 2019","0","@AkunTofa Kekalahan Prabowo di Capres...","1085680483814367232","","AkunTofa","in","","0","0","0","https://x.com/undefined/status/1085680483814367232","1052910412738351105",
"1085680446875156480","Wed Jan 16 23:29:24 +0000 2019","0","Karena malam ini ada debat capres maka kantor hanya setengah hari.","1085680446875156480","","","in","","0","0","0","https://x.com/undefined/status/1085680446875156480","47556757",
"1085680444123705344","Wed Jan 16 23:29:23 +0000 2019","0","Jokowi terus mencoba memperbaiki hukum di negri ini dia tidak bisa berjalan dan mengurusi semua persoalan hukum di negri ini. https://t.co/oLRUikWNU5 #JokowiAminHukumTerjamin","1085680444123705344","","","in","","0","0","0","https://x.com/undefined/status/1085680444123705344","1078237665164550144",
"1085680422758035456","Wed Jan 16 23:29:18 +0000 2019","0","#AkuSERUJI: Prabowo-Sandi Gagas Konsep Pertanian Digital Demi Swasembada Pangan https://t.co/IOjEXEclOG","1085680422758035456","","","in","","0","0","0","https://x.com/undefined/status/1085680422758035456","209041161",
"1085524677705949184","Wed Jan 16 23:29:17 +0000 2019","0","@RizmaWidiono @TheArieAir Prabowo belum punya rekam jejak kelola anggaran dan proyek pemerintah kok sudah ngomong muluk2... Tong kosong nyaring bunyinya... https://t.co/okpAifto5R","1085680419729821696","https://pbs.twimg.com/media/DxEcjTpXgAA1cVb.jpg","RizmaWidiono","in","","0","0","0","https://x.com/undefined/status/1085680419729821696","195333272",
"1085680383235055616","Wed Jan 16 23:29:08 +0000 2019","0","ROB ALLYN KONSULTAN THE SPIN DOCTOR SI PEMBUAT PAK SBY TDK ADA WIBAWA DI NEGRI INI Kemenangn (dgn sgala cara) itu sdh di depan mata membuat Prabowo tak pduli dgn apapun PERSETAN DGN DAMPAK HOAX ADU DOMBA YG PENTING BG KONSULTAN BAYARAN SLANGIT &amp; BG WOWO KEKUASAAN TRCAPAI https://t.co/eZPH2YoSeS","1085680383235055616","https://pbs.twimg.com/media/DxEWn7FUcAEKgw9.jpg","","in","","0","0","0","https://x.com/undefined/status/1085680383235055616","979521074227367936",
"1085680366134878208","Wed Jan 16 23:29:04 +0000 2019","0","Insallah pilihan saya Prabowo #RakyatSudahMuak","1085680366134878208","","","in","","0","0","0","https://x.com/undefined/status/1085680366134878208","1036214747467735040",
"1085680338792198144","Wed Jan 16 23:28:58 +0000 2019","0","43% masyarakat Indonesia puas akan hukum di era Jokowi. https://t.co/WyvOlVgm70 #JokowiAminHukumTerjamin","1085680338792198144","","","in","","0","0","0","https://x.com/undefined/status/1085680338792198144","1078237665164550144",
"1085680291098677248","Wed Jan 16 23:28:47 +0000 2019","0","Amien Rais: 17 April Sampai 20 Oktober 2019 Kita Jadikan Jokowi Seperti Bebek Lumpuh https://t.co/4BI6Avm2ht","1085680291098677248","","","in","","0","0","0","https://x.com/undefined/status/1085680291098677248","928833222615511040",
"1085562834816139264","Wed Jan 16 23:28:46 +0000 2019","0","@AnnaSuezann @jokowi @SBYudhoyono Jika ada pemilihan ketua RT bapak memilih ketua RT yang baru atau yang lama tapi ga amburadul dalam memimpin bapak pilih yang mana??","1085680288401768448","","AnnaSuezann","in","","0","0","0","https://x.com/undefined/status/1085680288401768448","895581032853913600",
"1085680281795751937","Wed Jan 16 23:28:44 +0000 2019","0","Di era Jokowi penegakan hukum dan pemberantasan kasus kasus korupsi lebih konkrit dan efektif. Banyak kasus kasus yang tertuang dan itu sebuah prestasi yang baik. https://t.co/dVkuL0bLqx #JokowiAminHukumTerjamin","1085680281795751937","","","in","","0","0","0","https://x.com/undefined/status/1085680281795751937","1084042300945137665",
"1085680277035180032","Wed Jan 16 23:28:43 +0000 2019","0","Banyak yang tak kita duga dalam langkah kepemimpinan Jokowi dengan di iringi cara yang unik Jokowi terus berbuat se adil-adilnya untuk negri dan masyarakat indonesia. https://t.co/at6kTlkVf3 #JokowiAminHukumTerjamin","1085680277035180032","","","in","","0","0","0","https://x.com/undefined/status/1085680277035180032","1079037392441401345",
"1085680263928020992","Wed Jan 16 23:28:40 +0000 2019","0","Gelar Simulasi Prabowo-Sandi Fokus Materi Debat https://t.co/s1yMcDSJxr https://t.co/mkGCKYLsnA","1085680263928020992","https://pbs.twimg.com/media/DxEcclZUYAEP7Xg.jpg","","in","","0","0","0","https://x.com/undefined/status/1085680263928020992","902837643024539651",
"1085680240356216832","Wed Jan 16 23:28:34 +0000 2019","0","PAK JOKOWI KAPAN DIRIMU AKAN JUJUR? https://t.co/CTrgG50Fal","1085680240356216832","","","in","","0","0","0","https://x.com/undefined/status/1085680240356216832","635118432",
"1085680237780729856","Wed Jan 16 23:28:34 +0000 2019","0","Debat capres: ALPATEKAH vs HULAIHI WASALAM #cokoRers #SayaJokowiMaruf","1085680237780729856","","","in","","0","0","0","https://x.com/undefined/status/1085680237780729856","375062778",
"1085333787418882048","Wed Jan 16 23:28:26 +0000 2019","0","@Bertus37846451 @Ferdinand_Haean @jokowi @prabowo kalah berseri dari jokowi.","1085680204826066944","","","in","","0","0","0","https://x.com/undefined/status/1085680204826066944","989467885696270336",
"1085680198127775744","Wed Jan 16 23:28:24 +0000 2019","0","Rudy Pieter Goni Optimis Jokowi-Ma'ruf Persembahkan Penampilan Terbaiknya di Debat Capres-Cawapres - https://t.co/lCK2FGpErB https://t.co/8fXMcilVoI","1085680198127775744","https://pbs.twimg.com/media/DxEcYqwU0AIiVLq.jpg","","in","","0","0","0","https://x.com/undefined/status/1085680198127775744","730989725348069376",
"1085680159762481153","Wed Jan 16 23:28:15 +0000 2019","0","bener sekali!!!!! konstituen golkar?juga ikut mulangkan jokowi ke solo kothoog yg elit golkar silahkan menikmati jabatan dr jokowi..masa golkar kebagian tarip listri beras mahal ikan mahal....oremium di sembunyiin..tv one milik siapa?......","1085680159762481153","","","in","","0","0","0","https://x.com/undefined/status/1085680159762481153","2688812654",
"1085680148861472769","Wed Jan 16 23:28:13 +0000 2019","0","Jokowi menyadari bahwa penegakan hukum di Indonesia dinilai masih belum memberikan efek jera bagi para pelanggar hukum. Presiden pun bertekad untuk terus menyelesaikan dan mereformasi penyelenggaraan penegakan hukum di Indonesia. https://t.co/MPaw2XNKPP #JokowiAminHukumTerjamin","1085680148861472769","","","in","","0","0","0","https://x.com/undefined/status/1085680148861472769","1078237665164550144",
"1085563694279360512","Wed Jan 16 23:28:08 +0000 2019","0","@Jokowi_inside @prabowo @P3nj3l4j4h @triwul82 @BadjaNuswantara @projopusat @chicohakim @joxzin_jogja @riska_meliaaG @wr200465 @bangzul_1988 @Paltiwest Biar kan lah yg akan mendukung pak jokowi 2 priode rakyat yg 99% itu agar pak jokowi dan makruf amin menang dgn terhormat dan di berkahi oleh yg Maha kuasa.Amin","1085680129454440448","","Jokowi_inside","in","","0","0","0","https://x.com/undefined/status/1085680129454440448","162551100",
"1085541826604552193","Wed Jan 16 23:28:06 +0000 2019","0","@AyoeMimin @joxzin_jogja @prabowo Anda tahu dri mana kalo @prabowo penculik","1085680120252121088","","AyoeMimin","in","","0","0","0","https://x.com/undefined/status/1085680120252121088","2849475270",
"1085680095094665216","Wed Jan 16 23:28:00 +0000 2019","0","Dengan KPK kuat koruptor koruptor akan mencret mencret semenjak pemerintahan pak Jokowi sudah banyak OTT yg dilakukan KPK mantap greget. #01Indonesiamaju #JokowiAminHukumTerjamin","1085680095094665216","","","in","","0","0","0","https://x.com/undefined/status/1085680095094665216","1078237665164550144",
"1085680091516923904","Wed Jan 16 23:27:59 +0000 2019","0","yang harus dilakukan seorang presiden jokowi bukanlah berlatih debat... Tapi berlatih Jujur..!","1085680091516923904","","","in","","0","0","0","https://x.com/undefined/status/1085680091516923904","1040203504386592768",
"1085680087482040321","Wed Jan 16 23:27:58 +0000 2019","0","Penegakan hukum dan pemberantasan kasus kasus korupsi di era Jokowi lebih konkrit dan efektif. https://t.co/l7WX0i0Bmf #JokowiAminHukumTerjamin","1085680087482040321","","","in","","0","0","0","https://x.com/undefined/status/1085680087482040321","1084043651414556672",
"1085356225796030465","Wed Jan 16 23:27:56 +0000 2019","0","@KHMarufAmin_ @jokowi @PDI_Perjuangan @DPP_PPP @NasDem @DPP_PKB @kangdede78 @MRomahurmuziy @fadjroeL @addiems @Deddy_Mizwar_ @PartaiPerindo Yai hrs tenang..70% Rakyat indonesia akan mendukung Pak Jokowi dan Yai..nanti dlm debat..Pak Jokowi dan Yai hrs pede..kita pasti menang..kalau dlm sepakbola..biarlah lawan trs menyerang..yg penting diakhir pertandingan kita menang..#01 #JokowiAminLebihBaik #jokowimaarufamin","1085680077797351424","","KHMarufAmin_","in","","0","0","0","https://x.com/undefined/status/1085680077797351424","1047721475061440512",
"1085679963033034753","Wed Jan 16 23:27:28 +0000 2019","0","Gelar Simulasi Prabowo-Sandi Fokus Materi Debat https://t.co/Leu0JtkAjX","1085679963033034753","","","in","","0","0","0","https://x.com/undefined/status/1085679963033034753","846715204637376513",
"1085679955009327104","Wed Jan 16 23:27:26 +0000 2019","0","(Berita | Meriahkan Pemilu Khilmi Buat Miniatur Jokowi dan Prabowo dari Batang Korek ...) https://t.co/ugRDC4uLf4 #pemilu #pemilu2019","1085679955009327104","","","in","","0","0","0","https://x.com/undefined/status/1085679955009327104","968428811107819521",
"1085333787418882048","Wed Jan 16 23:27:23 +0000 2019","0","@Ferdinand_Haean @jokowi @prabowo anda terlalu TAKUT KALAH BERSERI DARI JOKOWI.","1085679942430420992","","Ferdinand_Haean","in","","0","0","0","https://x.com/undefined/status/1085679942430420992","989467885696270336",
"1085679910146891776","Wed Jan 16 23:27:16 +0000 2019","0","Saran buat pak @jokowi VISI sama seperti 2014 MISI Melunasi janji 2014 Sudah segitu aja cukup pak.","1085679910146891776","","","in","","0","0","0","https://x.com/undefined/status/1085679910146891776","1000383491341664256",
"1085679882518986752","Wed Jan 16 23:27:09 +0000 2019","0","Koordinator Eksekutif Jaringan Aktivis Kemanusiaan Internasional : Sejak era kekuasaan Jokowi telah terjadi banyak indikasi praktek Imperialisme Gaya Baru pada rakyat dengan memaksa dan menggunakan instrumen negara demi kekuasaannya. https://t.co/y1GYorv5Mf","1085679882518986752","","","in","","0","0","0","https://x.com/undefined/status/1085679882518986752","1476693997",
"1085679854807330816","Wed Jan 16 23:27:02 +0000 2019","0","Malam ini dua pasangan capres dan cawapres akan bertarung ide gagasan dan program pada debat sesi pertama. Debat pertama mengangkat tema Hukum HAM Korupsi dan Terorisme. Akan https://t.co/BkHxZF14ck","1085679854807330816","","","in","","0","0","0","https://x.com/undefined/status/1085679854807330816","185140099",
"1085670502096502784","Wed Jan 16 23:27:00 +0000 2019","0","@putrabanten80 Pendukung prabowo akun fake semua njiiirr","1085679845294522368","","Oku__records","in","","0","0","0","https://x.com/undefined/status/1085679845294522368","1156957668",
"1085679838495555584","Wed Jan 16 23:26:59 +0000 2019","0","semoga @jokowi melihat dan mencermati video bagus ini!","1085679838495555584","","","in","","0","0","0","https://x.com/undefined/status/1085679838495555584","524129304",
"1085679836717170688","Wed Jan 16 23:26:58 +0000 2019","0","@jokowi harusnya kata itu buat anda https://t.co/RjLoliSYis","1085679836717170688","https://pbs.twimg.com/media/DxEcC6gU0AAuoQx.jpg","jokowi","in","","0","0","0","https://x.com/undefined/status/1085679836717170688","758240623639932928",
"1085679829004050432","Wed Jan 16 23:26:56 +0000 2019","0","I added a video to a @YouTube playlist https://t.co/heE3RxDmyW 2005 Cerita Jokowi Ditolak Banyak Partai Sebelum Maju Lewat PDIP","1085679829004050432","","","in","","0","0","0","https://x.com/undefined/status/1085679829004050432","719576507148935168",
"1085426952507248640","Wed Jan 16 23:26:54 +0000 2019","0","@EMoorcy @Nink47018190 @Ferdinand_Haean @jokowi Sabar... Setelah 17 April akan direalisasikan","1085679817553371136","","EDMoorcy","in","","0","0","0","https://x.com/undefined/status/1085679817553371136","931835519352291328",
"1085679745335869441","Wed Jan 16 23:26:36 +0000 2019","0","PEMILU 5TH menentukan masa depan bangsa NABUNG 5TH di CAR menentukan masa depan keluarga ‍‍‍. CAR Solusi Terbaik","1085679745335869441","","","in","","0","0","0","https://x.com/undefined/status/1085679745335869441","2422143378",
"1085679673378451456","Wed Jan 16 23:26:19 +0000 2019","0","ARJ dan TKD Sulsel Ajak Masyarakat Nobar Debat Capres-Cawapres - https://t.co/QhRDC7PiE2 https://t.co/4RRX9SyDFb","1085679673378451456","https://pbs.twimg.com/media/DxEb6FcVAAIhn7a.jpg","","in","","0","0","0","https://x.com/undefined/status/1085679673378451456","3300611360",
"1085679671726039040","Wed Jan 16 23:26:19 +0000 2019","0","Presiden Jokowi Berikan Kiat Sukses jadi Wirausaha kepada ASN dan Pensiunan https://t.co/GZX9JbYqHx https://t.co/MtMWrpeQaM","1085679671726039040","https://pbs.twimg.com/media/DxEb6EWUwAEShtd.jpg","","in","","0","0","0","https://x.com/undefined/status/1085679671726039040","864625250499047424",
"1085557675943849984","Wed Jan 16 23:26:15 +0000 2019","0","@Jokowi_inside @prabowo @fadlizon @Fahrihamzah @danrem @04Nakula @ulinyusron @Paltiwest @projopusat @permadiaktivis @bangzul_1988 @PowerEmak Rakyat yg mendukung pak jokowi 2 priode menginginkan pak Jokowi dan pak Makruf Amin .menang Pemilu dgn terhormat .Amin","1085679656219504640","","Jokowi_inside","in","","0","0","0","https://x.com/undefined/status/1085679656219504640","162551100",
"1084817095018201089","Wed Jan 16 23:26:15 +0000 2019","0","@sandie_irsan @jokowi Kan uda beberapa kali di demo .. Eeh malah razia harga tempe.. Eh mau pilpres d janji lagi ‍️","1085679655808454656","","","in","","0","0","0","https://x.com/undefined/status/1085679655808454656","758240623639932928",
"1085679655636545536","Wed Jan 16 23:26:15 +0000 2019","0","Nanti malam debat perdana capres cawapres. Bukan narasi janji janji yg kami inginkan bernarasilah secara konseptual dan paradigmatik. Menjelang 17 april 2019","1085679655636545536","","","in","","0","0","0","https://x.com/undefined/status/1085679655636545536","533071212",
"1085679639605895168","Wed Jan 16 23:26:11 +0000 2019","0","Mari kita dukung Pak Jokowi dari serangan musuh bangsa sendiri yang berkomplot dengan asing soal freeport","1085679639605895168","","","in","","0","0","0","https://x.com/undefined/status/1085679639605895168","716136875178663936",
"1085396962038427650","Wed Jan 16 23:26:10 +0000 2019","0","@lesandra161 @TheArieAir OcLah Jokowi yg menang...","1085679635063439360","","lesandra161","in","","0","0","0","https://x.com/undefined/status/1085679635063439360","1053317918245642240",
"1085679627438153729","Wed Jan 16 23:26:08 +0000 2019","0","Terusan... *_Siapa Pemuda Pejuang Yang Gugur Di Banten Dan Sajaknya Dikutip Prabowo di dalam pidatonya ?_* Ini Jawabannya Saya ingin membuka pidato saya malam ini dengan membacakan sebuah sajak. Sajak yang... https://t.co/YTlXtHDhzf","1085679627438153729","","","in","","0","0","0","https://x.com/undefined/status/1085679627438153729","8242912",
"1085562480519081984","Wed Jan 16 23:26:06 +0000 2019","0","@ms_muammar @IWantodoang1 @MbahUyok @jokowi aamiin","1085679616121925633","","","fi","","0","0","0","https://x.com/undefined/status/1085679616121925633","62563261",
"1085482477752184833","Wed Jan 16 23:26:04 +0000 2019","0","@Umnia77 @abimael1975 @prabowo @sandiuno Arogan banget ya..Dikit2 lapor.. #RakyatSudahMuak","1085679608026918912","","Umnia77","in","","0","0","0","https://x.com/undefined/status/1085679608026918912","754528048456736768",
"1085561869450919936","Wed Jan 16 23:26:03 +0000 2019","0","@TehTJEMPLUNG @prabowo @sandiuno @Dahnilanzar @marierteman @zarazettirazr @CintaNKRI12 @PriyoBudiS @BPNrelawan02 #NenekCadas","1085679603912327168","","HACKNET__","qme","","0","0","0","https://x.com/undefined/status/1085679603912327168","1058064484667801602",
"1085679572442537984","Wed Jan 16 23:25:55 +0000 2019","0","Siapakah yang paling Unggul dalam Debat Capres sesi pertama ? #DebatPertamaPilpres2019 #DebatCapres","1085679572442537984","","","in","","0","0","0","https://x.com/undefined/status/1085679572442537984","1349041759",
"1085533305355661312","Wed Jan 16 23:25:51 +0000 2019","0","@Eddianto1 @ASapardan @Airin_NZ @DivHumas_Polri @jokowi Setuju adili.","1085679553048064000","","Eddianto1","in","","0","0","0","https://x.com/undefined/status/1085679553048064000","2571492187",
"1085679549684371456","Wed Jan 16 23:25:50 +0000 2019","0","Soal Isu HAM TKN Pede Jokowi Tak Punya Beban https://t.co/oVBXuQEiUm","1085679549684371456","","","in","","0","0","0","https://x.com/undefined/status/1085679549684371456","846715204637376513",
"1085679546253234176","Wed Jan 16 23:25:49 +0000 2019","0","Tidak selalu jokowi itu menipu. Masih ada kejujurannya. Setidaknya ia jujur dulu selalu berkata #AkuRaMikir. Makanya meski sbg presiden tindak tanduknya kayak badut asyik aja tuh","1085679546253234176","","","in","","0","0","0","https://x.com/undefined/status/1085679546253234176","928536222879723520",
"1085546977876598785","Wed Jan 16 23:25:47 +0000 2019","0","@hana_4TAA @TheArieAir @jokowi @P3nj3l4j4h @RizmaWidiono @andreOPA @Airin_NZ mungkin malu mereka... karena kok JKW bisa pilih menteri yg bagus kerjanya dan berani bikin terobosan2 yang pro rakyat...","1085679539760652288","","","in","","0","0","0","https://x.com/undefined/status/1085679539760652288","195333272",
"1085679501177208833","Wed Jan 16 23:25:38 +0000 2019","0","Banyak ide yang cemerlang yang jokowi berikan untuk menegakkan hukum di negri ini adanya Peraturan Pemerintah No 43 Tahun 2018. Bahwa pelapor kasus korupsi dan suap bisa mendapat hadiah hingga Rp 200 juta. https://t.co/OqfdcN4lMi #JokowiAminHukumTerjamin","1085679501177208833","","","in","","0","0","0","https://x.com/undefined/status/1085679501177208833","1079037392441401345",
"1085679476833423361","Wed Jan 16 23:25:32 +0000 2019","0","Arahan Kapolres Sumenep AKBP Muslimin S.I.K pada rapat Koordinasi Ketertiban dan Keamanan di Wilayah Kab.Sumenep Menjelang Pemilu dan Pemilihan Kades Serentak Tahun 2019 serta https://t.co/uwOa5exT6q","1085679476833423361","","","in","","0","0","0","https://x.com/undefined/status/1085679476833423361","882884950688583680",
"1085533305355661312","Wed Jan 16 23:25:28 +0000 2019","0","@ASapardan @DivHumas_Polri @jokowi Amien","1085679456520294401","","ASapardan","es","","0","0","0","https://x.com/undefined/status/1085679456520294401","3234986172",
"1085679453517172737","Wed Jan 16 23:25:27 +0000 2019","0","Hurreeyyyy..... Malam ini Debat pertama dimulai. Semoga kedua Paslon menunjukkan kredibilitas kharisma dan menjawab pertanyaan dgn baik tanpa menyudutkan satu sama lain. Selamat berjuang pak @jokowi dan pak @prabowo. Tunjukkan jika anda LAYAK menjadi Pemimpin Bangsa ini.","1085679453517172737","","","in","","0","0","0","https://x.com/undefined/status/1085679453517172737","1076443905267097601",
"1085353654536654848","Wed Jan 16 23:25:24 +0000 2019","0","@AnnaSuezann @PollingLagi @Diana44734477 @faizalassegaf @jokowi @prabowo Lah kemanain tu twitnya? Kmaren masih di Pin paling atas skrng menghilang di apus karena takut","1085679439894044672","","AnnaSuezann","in","","0","0","0","https://x.com/undefined/status/1085679439894044672","1061734236",
