"conversation_id_str","created_at","favorite_count","full_text","id_str","image_url","in_reply_to_screen_name","lang","location","quote_count","reply_count","retweet_count","tweet_url","user_id_str","username"
"1126261483862614016","Wed May 08 23:59:59 +0000 2019","1","2)Apa krn semata2 bela capres idola mrk lalu begitu saja biarkan sejarah panjang Bangsa ini trnoda o/ seorang yg trnyata yg bkn saja gak mampu memimpin Bgs ini malah mnjerumuskannya k jurang yg trdalam.Apa media2 itu gak takut dihukum Rakyat&amp;tercatat dlm SEJARAH Hitam Indonesia??","1126275584324096000","","BangPitung_AJW","in","","0","0","1","https://x.com/undefined/status/1126275584324096000","761395437001510912",
"1125966139220037632","Wed May 08 23:59:44 +0000 2019","0","@Panembahan_alit @habibthink Kamfrets itus sibuk bilang bego lu merasa pinter kog capres gagal 3x ????? Yg goblok lu sebagai pendukung atau capres lu yg ga ada otak gagal kog sampe 3x","1126275521585672192","","Panembahan_alit","in","","0","1","0","https://x.com/undefined/status/1126275521585672192","1094155222610366464",
"1126275504342880257","Wed May 08 23:59:40 +0000 2019","1","KPU Imbau Semua Pihak Tunggu Hasil Pemilu Secara Berjenjang @cianjurekspres https://t.co/Qyg98zKyRv","1126275504342880257","","","in","","0","0","0","https://x.com/undefined/status/1126275504342880257","393493493",
"1125600208111276032","Wed May 08 23:59:29 +0000 2019","0","@Yossabram @liem_id @prabowo @sandiuno Doa kami pak prabowo dan sandi presiden 2019-2024 azab orang2 yg dzalim dan curang","1126275459128254464","","Yossabram","in","","0","0","0","https://x.com/undefined/status/1126275459128254464","63000515",
"1126275421895417856","Wed May 08 23:59:20 +0000 2019","6","Kalau kau punya hati jangan abaikan YOU'LL NEVER WALK ALONE @prabowo @HeraLoebs https://t.co/IaFBRDJYul","1126275421895417856","https://pbs.twimg.com/media/D6FVhQsUcAAx-zl.jpg","","in","","0","0","2","https://x.com/undefined/status/1126275421895417856","980838204935782400",
"1126162684884336640","Wed May 08 23:59:14 +0000 2019","0","@Abu_Rayyan___ @NgopiPrajurit @BadjaNuswantara @pedjoeang_islam @Baretputiih @IntelFPI @fpi Bukti nya itu nyampe di tmpt yg dituju..yg kna bncana. Dn buktinya mrk dipercaya cuma org krdil sprti anda aja yg pikiran picik yg suka mrndahkan org lain hnya krn mrk tk sjalan dg anda2. Hanya krn mrk tak mau brpihak pd jokowi anda2 mmbnci mrk.","1126275395047837696","","Abu_Rayyan___","in","","0","1","0","https://x.com/undefined/status/1126275395047837696","1097080543815057409",
"1126023285387419648","Wed May 08 23:59:02 +0000 2019","0","@fadlizon @tribunbatamku kalau QC pilpres terima tidak bang @fadlizon","1126275346804797440","","fadlizon","in","","0","0","0","https://x.com/undefined/status/1126275346804797440","3285689377",
"1123611095586037760","Wed May 08 23:58:54 +0000 2019","0","@Adjietj17 @Yuyusmarcel @SiIvy_Riau02 @IreneViena @KPU_ID @jokowi Kenapa nih kenapa?","1126275313359511554","","wtfwithyouvro","in","","0","0","0","https://x.com/undefined/status/1126275313359511554","1093784295745806336",
"1126275255851290625","Wed May 08 23:58:40 +0000 2019","0","Kaum liberal sedang memanfaatkan kemenangan pilpres dan mereka bermain dua kaki tak segampang itu ferguso. Hati2 jadilah moderat tp jgn jd liberal","1126275255851290625","","","in","","0","0","0","https://x.com/undefined/status/1126275255851290625","1089377627104669698",
"1126275255578685440","Wed May 08 23:58:40 +0000 2019","0","Indikasi PD adlah 01 sdh semakin terbuka. Gabung ke 02 hanya utk dpt suara parlemen mengikuti arah angin. SBY full di singapore. Menunggu istri sakit . @AndiArief__ diawal penentuan capres sdh terendus kemana arah dukungan dg. Istilah jendral kardus. Skrg setan gundul.","1126275255578685440","","","in","","0","0","0","https://x.com/undefined/status/1126275255578685440","1118480977146204160",
"1126275213698785280","Wed May 08 23:58:30 +0000 2019","85","Prabowo tak pernah menyuruh pendukungnya untuk melakukan people power. Alasannya karena dia bukan diktator. Meski begitu ia yakin para pendukungnya tetap akan turun ke jalan meski tak diminta langsung. https://t.co/1UgF3MK5fO","1126275213698785280","","","in","","19","33","60","https://x.com/undefined/status/1126275213698785280","4187275698",
"1126071438597746688","Wed May 08 23:58:19 +0000 2019","0","@jokowi Setuju Pak Presiden untuk memperoleh feeling .","1126275166621724672","","jokowi","in","","0","0","0","https://x.com/undefined/status/1126275166621724672","706282002",
"1125616243350728706","Wed May 08 23:58:19 +0000 2019","0","@h_faried @Manuruung @hnurwahid Hanya di jaman Jkw banyak yg sesuka hati buat fitnah provokasi adu domba hate speech. Tapi skrg saatnya pemerintahan Jkw tegas BN mulai di seret mengungkap jaringan selnya sekaligus aliran dana money laundrynya. Prabowo tak mampu beri perlindungan krn kalah pilpres!!","1126275164994293760","","h_faried","in","","0","0","0","https://x.com/undefined/status/1126275164994293760","99846346",
"1126275159331966976","Wed May 08 23:58:17 +0000 2019","0","Disangka dengan wacana pemindahan ibu kota bisa meredam soal kecurangan dan kematian petugas pemilu. Tidak. Suarakan terus!","1126275159331966976","","","in","","0","0","0","https://x.com/undefined/status/1126275159331966976","92217266",
"1126275158883233792","Wed May 08 23:58:17 +0000 2019","0","Permadi : 1. Masalah indonesia tidak bisa diselesaikan dengan cara apapun kecuali dengan revolusi--&gt; MAKAR 2. Masalah indoneasia ini bukan Jokowi bukan Luhut bukan Megawati tapi Cina dengan populasi 2 Milyar penduduk-&gt; SARA/RASIS @BareskrimPolri @Puspen_TNI @permadiaktivis","1126275158883233792","","","in","","0","0","0","https://x.com/undefined/status/1126275158883233792","130819343",
"1126013528702312448","Wed May 08 23:58:17 +0000 2019","0","@GreenpeaceID @infobencana @jokowi Coba ngene iki pendukung e sadar ndak..","1126275158681870336","","GreenpeaceID","in","","0","1","0","https://x.com/undefined/status/1126275158681870336","1013783787686133760",
"1126020725972672513","Wed May 08 23:58:10 +0000 2019","0","@AkunTofa Iya bagaimana ini .... bukankah harusnya prabowo yg menang.....","1126275128034074624","","AkunTofa","in","","0","0","0","https://x.com/undefined/status/1126275128034074624","1108662449211740165",
"1126137836250382338","Wed May 08 23:57:56 +0000 2019","0","@republikaonline Itu kan Program Prabowo-Sandi. Kok dicontek ? Malu ama program mu yang kartu kartu gak jelas ?","1126275071578763264","","republikaonline","in","","0","0","0","https://x.com/undefined/status/1126275071578763264","46443382",
"1126187608269135872","Wed May 08 23:57:52 +0000 2019","0","@Brahmahardhika1 @karniilyas Tunggu pak Prabowo naik baru bang Karni bisa hadirkan ilc lagi boss... Bang Karni sekarang takut diancam oleh penguasa.","1126275053845221376","","Brahmahardhika1","in","","0","0","0","https://x.com/undefined/status/1126275053845221376","2519143177",
"1126275051311886336","Wed May 08 23:57:52 +0000 2019","0","@AndiNurlaela66 Pemilihan pilpres 2019 sama sekali relawan pak Jokowi tdk curang khususnya di Sul Sel justru relawan pak prabowo yg memaksa para petugas TPS di Kab. Sidrap mau mencoblos tdk sesuai prosedur dan ngotot agar orng yg diantar ke TPS tsb dpt menvoblos.","1126275051311886336","","AndiNurlaela66","in","","0","0","0","https://x.com/undefined/status/1126275051311886336","832166086720098304",
"1126275034585026560","Wed May 08 23:57:48 +0000 2019","1","&amp;#8216;Partai PRABOWO&amp;#8217; Berkuasa @cianjurekspres https://t.co/X1wOq2pbUU","1126275034585026560","","","in","","0","0","0","https://x.com/undefined/status/1126275034585026560","393493493",
"1125938786012020736","Wed May 08 23:57:43 +0000 2019","0","@jokowi Semoga berjalan lancar selalu terbaik untuk NKRI.sehat selalu pak Jokowi","1126275017400995840","","jokowi","in","","0","0","0","https://x.com/undefined/status/1126275017400995840","1058293824940793856",
"1126266120531394560","Wed May 08 23:57:36 +0000 2019","0","@Zulkifllubis71 @prabowo Angin angin sorga yang ditiupkan oleh ahli sihir di lingkungan Jokowi kepada rakyat Indonesia sudah tidak berpengaruh kecuali untuk ahli ideologi fitnah","1126274986736406528","","Zulkiflilubis71","in","","0","0","0","https://x.com/undefined/status/1126274986736406528","393606966",
"1126274932994789376","Wed May 08 23:57:23 +0000 2019","0","INDONESIA...... DOAKAN @jokowi MEMBERSIHKAN OKNUM POLRI &amp; BNN DARI NARKOBA! https://t.co/UVFqOTYBMJ","1126274932994789376","https://pbs.twimg.com/media/D6FVBEuV4AAMcl0.jpg","","in","","0","0","0","https://x.com/undefined/status/1126274932994789376","944469535918252032",
"1126274931430268928","Wed May 08 23:57:23 +0000 2019","0","Innalillahi wainna ilaihi rojiun kpps yg meninggal sdh di angka 554 orang Astaqfirullahalladzhim.. Knp pak jokowi spyn msh diam saja....???","1126274931430268928","","","in","","0","0","0","https://x.com/undefined/status/1126274931430268928","3765692112",
"1126274928666337280","Wed May 08 23:57:22 +0000 2019","1","@jokowi YO ORA AKU ORA YAKIN JOKOWI MENANG kata Mbah Moen @prabowo @KPU_ID @bawaslu_RI","1126274928666337280","","jokowi","in","","0","0","1","https://x.com/undefined/status/1126274928666337280","980838204935782400",
"1126274889403396096","Wed May 08 23:57:13 +0000 2019","0","Saat Rapat Paripurna PAN dan Demokrat Diam soal Usul Pembentukan Pansus Pemilu 2019 https://t.co/8nNvQrTTO6","1126274889403396096","","","in","","0","0","1","https://x.com/undefined/status/1126274889403396096","3116922775",
"1126271383657373696","Wed May 08 23:57:11 +0000 2019","0","@sundarOe @MEddieSatriaVa1 @prabowo @sandiuno @KOPASUSak47 @Puspen_TNI @bawaslu_RI @Baretputiih #Jokowikalahdi TPS kenapa ngotot","1126274880448524288","","sundarOe","in","","0","0","0","https://x.com/undefined/status/1126274880448524288","1107533091080269824",
"1126274743827435521","Wed May 08 23:56:38 +0000 2019","0","Mainkan jarimu para pejuang Prabowo Sandi Up up up !!! #AuditForensikKPU Jangan dibagikan copas s/d 10jt lebih ","1126274743827435521","","","in","","0","0","0","https://x.com/undefined/status/1126274743827435521","239691423",
"1126126224370102273","Wed May 08 23:56:33 +0000 2019","0","@aniesbaswedan @DKIJakarta Pantesan ibukota mau dipindah sm jokowi. Ternyata dia dah gerah ngeliat pak anies..hihi..","1126274722398855168","","aniesbaswedan","in","","0","0","0","https://x.com/undefined/status/1126274722398855168","1049755774161838080",
"1126251019371827200","Wed May 08 23:56:29 +0000 2019","1","@putrabanten80 @_decepticon007 Ternyata di dalam internal kerabat mbah Moen sendiri hasil pemilu ini menjadi perhatian yg sangat serius. Bahkan mengenai fenomena kecurangan juga dibicarakan. MashaAllah.","1126274704413679616","","Oku__records","in","","0","0","2","https://x.com/undefined/status/1126274704413679616","2646766152",
"1126274697753006080","Wed May 08 23:56:27 +0000 2019","1","KPU RI: SEGERA OTOPSI RATUSAN PETUGAS PETUGAS PEMILU DAN BENTUK TIM MITIGASI PEMILU INDEPENDEN - Tandatangani Petisi! https://t.co/6CYZgQAzOl lewat @ChangeOrg_ID","1126274697753006080","","","in","","0","0","0","https://x.com/undefined/status/1126274697753006080","478694572",
"1125699552172883968","Wed May 08 23:56:22 +0000 2019","0","@jokowi Assalammualikum pak Presiden Maaf sebelumny saya sih setuju² aj pak ibu kota dipindahkan tapi apa ga di diskusikan telebih dahulu pakoleh semua pihak yg bersangkutan di kota jakarta Apa semua setuju apa tidak?????????","1126274674508218374","","jokowi","in","","0","0","0","https://x.com/undefined/status/1126274674508218374","1082549550492016640",
"1125938786012020736","Wed May 08 23:56:21 +0000 2019","0","@jokowi Paling adem liat wajah presiden sy dan Pak Basuki...wajah ketekunan dan keikhlasan bekerja dan beribadah panjang umur dan sehat terus ya Pak spy tetap bisa mengabdi pada bangsa ini yg walaupun tdk semua mengapresiasi kerja kalian ","1126274670741688320","","jokowi","in","","0","0","0","https://x.com/undefined/status/1126274670741688320","1040982716",
"1126119094242107392","Wed May 08 23:56:19 +0000 2019","4","@PriyoBudiS @Bang_Jarwo99 teruslah berjuang @prabowo ..kami kan setia mendukung mu selalu..doa terbaik kami smoga memang kau lah pemimpin negeriku.. aamiin.. #Setiadukungprabowo #DoaKamiUntukPrabowoSandi","1126274661371617280","","PriyoBudiS","in","","0","0","1","https://x.com/undefined/status/1126274661371617280","754572247",
"1125757065010356226","Wed May 08 23:56:16 +0000 2019","0","@internetdumb4ss @sugarplumelegy_ @jokowi @prabowo @sandiuno @Kiyai_MarufAmin kita semua sama dimata dia bapak bapak sekalian:')","1126274651275972609","","","in","","0","0","0","https://x.com/undefined/status/1126274651275972609","81495286",
"1126212933124366336","Wed May 08 23:55:53 +0000 2019","0","@antaranews bukan cuma pak @prabowo rakyat juga gak percaya. udaah? udaah?","1126274554949582848","","antaranews","in","","0","0","0","https://x.com/undefined/status/1126274554949582848","221682445",
"1126274540412084224","Wed May 08 23:55:50 +0000 2019","0","Menang atau jadi Presiden pun Prabowo di 2019 ini saya tetap hanya bangga telah bersama ulama","1126274540412084224","","","in","","0","0","0","https://x.com/undefined/status/1126274540412084224","306809939",
"1126044086903775238","Wed May 08 23:55:28 +0000 2019","0","@Amei_2019 @estiningsihdwi Bapake Prabowo itu Sumitro. Masuk lingkaran dalam suharto. Tau sendiri lingkaran dalam suharto dulu kkn nya luar biasa. Buktinya prabowo naik pangkat 2 x dalam setahun edan. Ya kaya wong korupsi. Punya kilang minyak di yordan duit nya siapa. Duit rakyat. Tolol.","1126274449177604096","","","in","","0","0","0","https://x.com/undefined/status/1126274449177604096","1047363316471889920",
"1126274437844803584","Wed May 08 23:55:25 +0000 2019","0","Bulan Mei ini Mahasiswa Akan Bergerak Sikapi Pilpres 2019 https://t.co/mnsyYUZoZD","1126274437844803584","","","in","","0","0","0","https://x.com/undefined/status/1126274437844803584","1151002375",
"1126133611361521664","Wed May 08 23:55:19 +0000 2019","0","@KingPurwa @dannydhe @prabowo Satu kata sama kamu pung smg Allah memberikan teguran buat kamu pung. #KamiDukungFPi","1126274411844124672","","KingPurwa","in","","0","0","0","https://x.com/undefined/status/1126274411844124672","1096297562477191168",
"1126274396656623616","Wed May 08 23:55:15 +0000 2019","0","Ya pastilah nuntut nya ke Jokowi secara dia Pemimpin saat ini . Ga logis aja kalo nuntutnya ke mantan presiden yg kini posisinya sama dg rakyat. Toh yg punya kuasa lah yg bs bantu menuntaskan!","1126274396656623616","","","in","","0","0","0","https://x.com/undefined/status/1126274396656623616","1125474541919039488",
"1126237637222649857","Wed May 08 23:54:55 +0000 2019","1","@galadriel501 @Garuda501 @IreneViena Hanya ikut Ulama. Dan doaku semoga pak @prabowo mengikuti saran ulama","1126274311537319936","","galadriel501","in","","0","0","0","https://x.com/undefined/status/1126274311537319936","1115103174078001152",
"1125915975721689089","Wed May 08 23:54:55 +0000 2019","0","@yunartowijaya Aslinya Prabowo yg menang tak.","1126274310828478464","","yunartowijaya","in","","0","0","0","https://x.com/undefined/status/1126274310828478464","805985704069079040",
"1125938786012020736","Wed May 08 23:54:54 +0000 2019","0","@UNITEDFANS91 @jokowi Suka mencela dan mencari kesalahan orang lain itu iblis..seharusnya manusia itu menjelekan dirinya merendahkan dirinya selalu berbuat baik untuk orang lain","1126274308592947200","","","in","","0","0","0","https://x.com/undefined/status/1126274308592947200","1058293824940793856",
"1126039603750637570","Wed May 08 23:54:52 +0000 2019","0","@panca66 Saya memilih Prabowo-Sandi. Untuk DPR saya pilih Gerindra. Mau nuduh cebong apa Anda ? Kami sudah tau dari dulu bagaimana Demokrat. Dan sudah mengingatkan PS08 jauh hari.","1126274299931779073","","panca66","in","","0","0","0","https://x.com/undefined/status/1126274299931779073","46443382",
"1126223993495625728","Wed May 08 23:54:48 +0000 2019","0","@MbahUyok @jokowi TUMAN","1126274279727697920","","MbahUyok","tl","","0","0","0","https://x.com/undefined/status/1126274279727697920","898059438573010944",
"1126128310138720256","Wed May 08 23:54:37 +0000 2019","0","@AkunTofa @Dsy_Arfisi Cuma nanya ni... apkah semua rakyat yg pro bpak @prabowo juga akan dpanggil smua ya???..","1126274233825353728","","AkunTofa","in","","0","0","0","https://x.com/undefined/status/1126274233825353728","1118738597937434625",
"1126274133174542336","Wed May 08 23:54:13 +0000 2019","0","Cc @jokowi @DivHumas_Polri yang kayak gini neh yang harus kalian tangkap...bukan FPI yang kalian urusin terus....","1126274133174542336","","","in","","0","0","0","https://x.com/undefined/status/1126274133174542336","834102454299922432",
"1126071438597746688","Wed May 08 23:54:08 +0000 2019","0","@jokowi Smga mendapat filing yang tepat dan mantab","1126274112559542272","","jokowi","in","","0","0","0","https://x.com/undefined/status/1126274112559542272","982198168958808064",
"1126263401171378176","Wed May 08 23:53:58 +0000 2019","8","@nieke_aereta @prabowo Mana mungkin teh sebab definisi hoax tuh https://t.co/Cwdy4vC3hB","1126274070452903936","https://pbs.twimg.com/media/D6FUSwMUwAEXkdf.jpg","nieke_aereta","in","","0","0","5","https://x.com/undefined/status/1126274070452903936","90112290",
"1126274039297613824","Wed May 08 23:53:50 +0000 2019","293","Pak @jokowi dulu bpk bilang bencana Palu seminggu akan diselesaikan sehingga normal kembali kehidupan sehari-hari masyarakat di sana Ini sdh 6 bulan msh byk korban bencana yg tinggal di pengungsian. Penuhi janji itu lbh urgent pak drpd cari lokasi buat ibu kota baru. https://t.co/ATEDovzjIO","1126274039297613824","https://pbs.twimg.com/media/D6FUQNAUcAAEabq.jpg","","in","","12","20","185","https://x.com/undefined/status/1126274039297613824","485385284",
"1126274029252268032","Wed May 08 23:53:48 +0000 2019","0","Prabowo akan Kumpulkan Ahli IT dari Berbagai Universitas | Republika Online https://t.co/R4DAIW0imy","1126274029252268032","","","in","","0","0","0","https://x.com/undefined/status/1126274029252268032","713563915",
"1126274026257563649","Wed May 08 23:53:47 +0000 2019","0","Dapatkah kamu meluangkan waktu sebentar untuk membantu Hendrajana ST? https://t.co/iBnik8Jn6z","1126274026257563649","","","in","","0","0","0","https://x.com/undefined/status/1126274026257563649","113559140",
"1118433308809891840","Wed May 08 23:53:37 +0000 2019","0","@KingPurwa @prabowo @sandiuno @Dahnilanzar @Fahrihamzah Ga mungkin mau ikuti quick count dari 2012 juga tau quick count curang pembohong menyesatkan menipu rakyat.","1126273981714055169","","KingPurwa","in","","0","0","0","https://x.com/undefined/status/1126273981714055169","1113617506327883778",
"1126071438597746688","Wed May 08 23:53:31 +0000 2019","2","@IreneNessy @GregoriusTse @Indoel3 @Winardhi__ @jokowi Jokowi pernah bilang banjir dan macet lebih mudah diatasi bila menjabat sbg presiden. Dan itu dibuktikan dg membangun waduk ciawi sukamahi di Bogor sana. Memisahkan ibukota dr pusat bisnis juga mengurangi kemacetan. Apa yg salah dr tindakan Jokowi? Liat apa yg dikerjakan Anies.","1126273959362609152","","Irn_sptty","in","","0","2","0","https://x.com/undefined/status/1126273959362609152","2390514978",
"1126199312524820480","Wed May 08 23:53:25 +0000 2019","0","@MurtadhaOne @BareskrimPolri @DivHumas_Polri jika korbannya sangat banyak saya usul gak usah revolusi tunggu aja pemilu berikutnya","1126273934679089153","","MurtadhaOne","in","","0","0","0","https://x.com/undefined/status/1126273934679089153","24222810",
"1126273913313316864","Wed May 08 23:53:20 +0000 2019","0","INDONESIA.... DOAKAN @jokowi MELALUI @BNNCegahNarkoba &amp; @BareskrimPolri MEMBERANTAS NARKOBA! https://t.co/3u7f9PZ3aN","1126273913313316864","https://pbs.twimg.com/media/D6FUEdSUIAA3jD4.jpg","","in","","0","0","0","https://x.com/undefined/status/1126273913313316864","944469535918252032",
"1125631443994943488","Wed May 08 23:53:12 +0000 2019","0","@jokowi jgn salah memilih serta jgn salah menilai","1126273878936842240","","jokowi","in","","0","0","0","https://x.com/undefined/status/1126273878936842240","3246071864",
"1126273872255258624","Wed May 08 23:53:10 +0000 2019","0","Ada apa dengan pemilu kemarin yg merenggut nyawa ratusan orang Patut diungkap jgn didiamkan begitu saja #KPUmelayani","1126273872255258624","","","in","","0","0","0","https://x.com/undefined/status/1126273872255258624","1122675559371161600",
"1123046479604490240","Wed May 08 23:53:09 +0000 2019","0","@jokowi kalimantan sudah pas itu pak ada di tengah ..dari jakarta pun dekat saran pak kalimantan jadikan pusat ibu kota negara sekaligus tempat wisata pak semoga berjalan dengan baik sukses amiin","1126273864332234752","","jokowi","in","","0","0","0","https://x.com/undefined/status/1126273864332234752","3638766914",
"1126071438597746688","Wed May 08 23:52:33 +0000 2019","2","@safarta @randualit @jokowi Wkwkwkwk sebelum Ada FPI Ada bencana ttp teratasi FPI sebagian Besar hanya pemecah bangsa.","1126273715078090753","","safarta","in","","0","0","1","https://x.com/undefined/status/1126273715078090753","4603094843",
"1126273694643277825","Wed May 08 23:52:28 +0000 2019","0","Partai Pendukung Pemerintah Tolak Pansus Pemilu | Republika Online https://t.co/xl0vXXbX8H","1126273694643277825","","","in","","0","0","0","https://x.com/undefined/status/1126273694643277825","456449625",
"1126273644047421441","Wed May 08 23:52:16 +0000 2019","1","Kita ini lucu &amp; munafik... Kita sebut PEMILU CURANG tapi kita masih terus ikuti agendanya sembari berharap bahwa KPU akan umumkan @prabowo sebagai pemenang. #KPUNgejarQuickCount #KPUNgejarQuickCount","1126273644047421441","","","in","","1","0","0","https://x.com/undefined/status/1126273644047421441","896286253234049024",
"1126273617669439488","Wed May 08 23:52:10 +0000 2019","0","@null Hendropriyono Dikritik PKPI 'Serang Balik' Prabowo Menurut dia yang sesungguhn https://t.co/7NdCF4uABa","1126273617669439488","","null","in","","0","0","0","https://x.com/undefined/status/1126273617669439488","940602434",
"1126199312524820480","Wed May 08 23:52:08 +0000 2019","0","@MurtadhaOne @BareskrimPolri @DivHumas_Polri Kok merembet ke mana mana nih karena kalah pilpres","1126273611319238657","","MurtadhaOne","in","","0","0","0","https://x.com/undefined/status/1126273611319238657","830388808751329280",
"1126071438597746688","Wed May 08 23:52:05 +0000 2019","0","@jokowi Kalo soal luas kyknya jauh lebih luas di Papua pak ","1126273598241423360","","jokowi","in","","0","0","0","https://x.com/undefined/status/1126273598241423360","855943280",
"1125999591986348032","Wed May 08 23:52:04 +0000 2019","0","@p_politik @Shellawira Nih pemuda saking belanya sama Prabowo apa karna benci jokowi apa karna ada imbalan cari motipasinya apa klo saking bela atau karna benci itu hak dia tapi klo karna imbalan ini jelas ada yg niat curang ..Pak Polisi jgn2 yg teriak curang yg niat curang ....","1126273593384378374","","NKRI__1","in","","0","0","0","https://x.com/undefined/status/1126273593384378374","888782509739081728",
"1126273582663815168","Wed May 08 23:52:01 +0000 2019","0","Partisipasi masyarakat pemilih Kabupaten Rejang Lebong capai 82 persen https://t.co/PouQCNO3C0","1126273582663815168","","","in","","0","0","1","https://x.com/undefined/status/1126273582663815168","18071520",
"1126273568625479680","Wed May 08 23:51:58 +0000 2019","1","Membaca kisah ayahanda Mbak Evi sungguh miris. Kepada Pak @prabowo dan siapapun yang peduli dengan tragedi ini mungkin juga @PBIDI lakukan penyelidikan intensif penyebab kematian 500an lebih saudara kita para petugas PPS. Usut hingga tuntas dan jelas.","1126273568625479680","","","in","","0","0","2","https://x.com/undefined/status/1126273568625479680","2876368950",
"1125940140369764353","Wed May 08 23:51:50 +0000 2019","0","@aryacokronegoro @kitaorangbaik @RBTHIndonesia @muhammadhadi82 Yah sudah. KPU berhasil melaksanakan pemilu yang sangat jujur dan adil. Dan patut dicontoh oleh semua negara diseluruh dunia. Termasuk jumlah petugas yang meninggal nya juga. Terima kasih KPU. Terima kasih pak jokowi. Anda memang orang baik.","1126273534034976768","","aryapradanab","in","","0","1","0","https://x.com/undefined/status/1126273534034976768","1289114468",
"1126249350265335808","Wed May 08 23:51:48 +0000 2019","4","@elymasykurohya1 @Garuda501 @IreneViena @prabowo Namanya juga boneka bapaknya","1126273525696696320","","elymasykurohya1","in","","0","1","0","https://x.com/undefined/status/1126273525696696320","738411343032651777",
"1126115583349497857","Wed May 08 23:51:42 +0000 2019","0","@pakdhe_J @TheArieAir @ryamizard_r Demo kivlan kok dikasi ijin pak...mestinya sampe tuntas pengumuman hasil pemilu jgn ada aksi yg bs ganggu proses pemilu....tangkap aja yg suka koar2 hasut masyarakat...","1126273500145045504","","IndieVduMerdeka","in","","0","0","0","https://x.com/undefined/status/1126273500145045504","2940319116",
"1126086403664728065","Wed May 08 23:51:34 +0000 2019","1","@putrabanten80 @prabowo Gue demen nih...inilah pemimpin bangsa kita dari kalangan militer...TEGAS BERWIBAWA...semoga bapak slalu sehat dan amanah dlm menjalankan tugas","1126273466187935744","","Oku__records","in","","0","0","0","https://x.com/undefined/status/1126273466187935744","1051859729461305344",
"1126273326937075712","Wed May 08 23:51:00 +0000 2019","0","Ibukota Indonesia bakal pindah. Nanti merantau jadi jauh kalo ke ibu kota","1126273326937075712","","","in","","0","0","0","https://x.com/undefined/status/1126273326937075712","894148944007118849",
"1125778819925848064","Wed May 08 23:50:57 +0000 2019","6","@NandaNuar @RoemahDjoeang02 @dr_koko28 @aiek_esthreem @tigers_killer @liani251 @ihwanm67 @73_hendrawan @mashend72 @hacknet71 @sultan_dogie @dadang_adp @Grockispowerful @nurainiDani @SKartanto @aleeusman5 @MayaIrma02 @AyeshaEvi @ChoerunNia @masduki0905 @Poeqoeh @aksioma02 @riani_212 @VannisaVandy @EcNugroho @fahiraidris @Ochi__BQ09 @Cak_Bram75 @EndangPRS @arlex_wu @GEnlightening @Chaeruddin_B @Jhonayam @SegoTeh @aja_receh @bangun_d @amanda_batrisya @Apina09514060 @TrisnaKSasmita @rockygerung @MbahUyok @Parodi_Negeri @mase_eko3079 @dyanr99 @Anonymcrb @Kang_Gorengann @prabowo Buat OPM yg merugikan bangsa apa yg sudah dilakukan.Adakah merurut kalian FPI lebih bahaya dari mereka?Lamu penyebab kematian petugas pemilu. Bukankaj lebih perlu lagi diusut.FPI itu memberi manfaat bukan penghianat. #KamiDukungFPi #MisteriKematianKPPS https://t.co/S3OG6oBxdS","1126273310818328577","","yeny0207","in","","0","1","1","https://x.com/undefined/status/1126273310818328577","1093699073339609088",
"1126130647720955905","Wed May 08 23:50:52 +0000 2019","0","@detikcom Apa yg membuat pribadi sekaliber Kivlan Zen berpikiran pemilu curang sudahkah ada pembuktian objective yg sahih...? Jangan hanya opini pribadi atau sekelompok orang dijadikan dasar suatu keyakinan yg ternyata keliru...","1126273292711579648","","detikcom","in","","0","0","0","https://x.com/undefined/status/1126273292711579648","876485656104493056",
"1126231803134537728","Wed May 08 23:50:41 +0000 2019","7","@MSApunya Ternyata mbah Moen keyakinannya sama persis dengan saya TIDAK YAKIN JOKOWI MENANG *serius*","1126273246796468224","","MSApunya","in","","1","1","0","https://x.com/undefined/status/1126273246796468224","4003483460",
"1126251120303599621","Wed May 08 23:50:39 +0000 2019","1","@gemacan2 @KangYayat5 @prabowo 1 singa lawan 5 srigala.5 srigala nya masih mikir kalo duel pasti kalah.kalo kroyokan SRIGALA PECUNDANG","1126273236612685825","","gemacan2","in","","0","0","1","https://x.com/undefined/status/1126273236612685825","708765354",
"1124518774189617152","Wed May 08 23:50:14 +0000 2019","0","@imanfirdausalwi @santrok @fadlizon @TRIBUNnewsBogor @AkunTofa @jokowi 500 org meninggal..seperti korban peraang.. Apkh ini korban perang total..jae ..ngomong dong.. Nyawa jd tumbal kekuasaan","1126273132405317632","","","in","","0","0","0","https://x.com/undefined/status/1126273132405317632","1025735495123329024",
"1126117303609724929","Wed May 08 23:50:14 +0000 2019","0","@BgawanKusuma @Gerindra @prabowo Manusia yg tdk punya sifat kemanusiaan yg tidak peka dgn kematian petugas yg begitu banyak lelah? memang mrk aja yg lelah yg lain gak pernah lelah?","1126273130945585153","","Bunga_JyKesuma","in","","0","0","0","https://x.com/undefined/status/1126273130945585153","969407646322196481",
"1126167204704055296","Wed May 08 23:50:13 +0000 2019","0","@GundiDr Masalahnya ngakunya netral &amp; objektif ternyata.. Ada ratusan ribu petugas KPPS yg bertugas semua rata2 mengeluhkan hal yg sama Pemilu kali ini melelahkan sekali karena itu minta sistemnya diperbaiki atau standar SDMnya dinaikkan","1126273129599258624","","GundiDr","in","","0","0","0","https://x.com/undefined/status/1126273129599258624","50509502",
"1126273109403684864","Wed May 08 23:50:09 +0000 2019","0","Update Hasil Pilpres 2019 (09 May 2019 06:45:05) (01) JOKOWI/AMIN: 63.020.235 (+321) - 56.23% (0%) (02) PRABOWO/UNO: 49.058.449 (+462) - 43.77% (0%) Proses 594.988 (+4 / +0.0005%) TPS dari total 813.350 TPS dengan persentase 73.1528%.","1126273109403684864","","","in","","0","0","0","https://x.com/undefined/status/1126273109403684864","1118732326769283072",
"1125699552172883968","Wed May 08 23:50:06 +0000 2019","0","@probid90 @jokowi kalau gue bilang Jokowi tidak bisa sholat itu menghina.. kalau gue kritik masalah dana haji rakyat supaya dibalikkan sama Jokowi itu namanya mengingatkan dan mengkritik.. kedunguan kelompokmu luar binasa... dungu tak bertepi...!","1126273099555409921","","probid90","in","","0","1","0","https://x.com/undefined/status/1126273099555409921","292752448",
"1126231803134537728","Wed May 08 23:49:54 +0000 2019","1","@MSApunya Kulo kok mboten denger Mas si Mbah bilang ora..... Tapi pokoknya kulo yakin Prabowo-Sandi Presiden-Wapres Republik Indonesia 2019-2024 tidak hanya menang. InsyaAllah","1126273049345400832","","MSApunya","in","","0","0","0","https://x.com/undefined/status/1126273049345400832","989170081878892550",
"1126271710846537729","Wed May 08 23:49:47 +0000 2019","1","@edimulyanto benar om dalam hal ini pemerintahan Jokowi serius menjaga stabilitas ekonomi kita","1126273017892392961","","edimulyanto","in","","0","0","1","https://x.com/undefined/status/1126273017892392961","1056019337285316609",
"1126272977425711106","Wed May 08 23:49:37 +0000 2019","0","Dimana aja yg penting :1 luasan lahan kosong minimal 400.000 Ha 2 Bebas gempa 3 Ketersediaan Air 4 Masyarakatnya Toleran 5 Tdk diberi izin u Ormas Radikal cc @jokowi @pramonoanung","1126272977425711106","","","in","","0","0","0","https://x.com/undefined/status/1126272977425711106","1374604567",
"1126272958844903424","Wed May 08 23:49:33 +0000 2019","1","KPU DKI Jakarta Gelar Pleno Rekapitulasi Pemilu 2019 Hari Ini - detikNews https://t.co/4wKQt3sizN","1126272958844903424","","","in","","0","0","1","https://x.com/undefined/status/1126272958844903424","1335419208",
"1123105180310851584","Wed May 08 23:49:29 +0000 2019","0","11. Intro ... Pendoktrinan pencucian otak yg beginian akan jadi lebih subur di Jawa ketika ibukota pindah mereka akan menari2 bahagia dapat target ratusan juta orang Pak @jokowi @ganjarpranowo @PDI_Perjuangan @DPP_PKB @PartaiGolkar @DivHumas_Polri https://t.co/L3USt7SDGX","1126272944785592320","","musashi_masabi","in","","0","1","0","https://x.com/undefined/status/1126272944785592320","916000413643501568",
"1126010019239972864","Wed May 08 23:49:16 +0000 2019","0","@AkunTofa Pesimis kalau mereka yang gak peduli dan tutup mata atas kecurangan TSMBB itu masih mengklaim pemilu 2019 ini jujur adil aman dan damai. Siapa yang bisa tunjukkan jujurnya di mana adilnya di mana amannya di mana damainya di mana? #DiskualifikasiYangCurang #CurangItuDosa","1126272890180067328","","AkunTofa","in","","0","0","0","https://x.com/undefined/status/1126272890180067328","119039394",
"1125153753135341568","Wed May 08 23:49:03 +0000 2019","0","@prabowo Pak saya mau tanya bapak biasa tarawih dimana pak?","1126272832357355520","","prabowo","in","","0","0","0","https://x.com/undefined/status/1126272832357355520","1093786849645015041",
"1126272830528577536","Wed May 08 23:49:02 +0000 2019","0","@andre_rosiade Bicara ngajari @PartaiDemokrat Etika politik ? Ngurus etika politik identitas aja mesti diingati praktik kekerasan agama sj blm bisa. Gerindra Tak Paksa Demokrat Tetap Dalam Koalisi Prabowo | https://t.co/U708vJZ5ST https://t.co/YfpC6mN6Kp","1126272830528577536","","andre_rosiade","in","","0","0","0","https://x.com/undefined/status/1126272830528577536","793827158519009281",
"1126272795128651776","Wed May 08 23:48:54 +0000 2019","1","Polisi Tangkap Pemuda Tangsel Penyebar Hoaks Jokowi PKI - https://t.co/dVMY41VskV","1126272795128651776","","","in","","0","0","0","https://x.com/undefined/status/1126272795128651776","67281504",
"1125699552172883968","Wed May 08 23:48:48 +0000 2019","0","@jokowi Semangat bapak..kita setuju saja keputusan bapak...yg penting indonesia makmur dan maju....indonesia satu adil dan makmur..","1126272770461949953","","jokowi","in","","0","0","0","https://x.com/undefined/status/1126272770461949953","1117580124776308736",
"1126272752065769472","Wed May 08 23:48:43 +0000 2019","0","Jokowi membagikan pengalaman pertamanya menjajal MRT Jakarta dari Bundaran HI sampai Lebak Bulus yang tarifnya diperkirakan sekitar Rp 8.000-Rp 9.000 untuk sekali naik. #2019JokowiKyaiMaruf #JokowiKHMarufUnggulanKita #DerinDiPRO2FM #InterBarça https://t.co/0o7ire8Xwp","1126272752065769472","","","in","","0","0","0","https://x.com/undefined/status/1126272752065769472","1036458406846943232",
"1126272728313425920","Wed May 08 23:48:38 +0000 2019","0"," Kita percaya kebenaran selalu menang. Itu ajaran semua agama di dunia. kebenaran selalu menang jangan ragu. Kita berada di atas jalan yang benar kata Prabowo.","1126272728313425920","","","in","","0","0","0","https://x.com/undefined/status/1126272728313425920","974581123333308417",
"1126105664768610310","Wed May 08 23:48:35 +0000 2019","0","@Dody_Lucas__ @fadlizon @prabowo Presiden nya kemana?","1126272715319496704","","TNT_NEWS_ONLINE","in","","0","0","0","https://x.com/undefined/status/1126272715319496704","1443946321",
"1126272715126595584","Wed May 08 23:48:35 +0000 2019","492","Menolak Lupa pendukung Jokowi di tahun 2014 Lalu skrg ada yg hina2kan Gerakan itu Memalukan ‍️ @yunartowijaya @DennyJA_WORLD @BurhanMuhtadi @DivHumas_Polri @Fahrihamzah @fadlizon Jokowi Harus Gerakkan People Power untuk Pecahkan Kebuntuan di Parlemen https://t.co/ilopoOUqIk","1126272715126595584","","","in","","20","14","335","https://x.com/undefined/status/1126272715126595584","2950033490",
"1126272711204802562","Wed May 08 23:48:34 +0000 2019","0","Mengaku Bisa Urus Kursi DPRD Penipu Catut Nama Ketua KPU Lampung https://t.co/PdtRZzfvWn https://t.co/t9GTiXmtlE","1126272711204802562","https://pbs.twimg.com/media/D6FTD_YUwAA5_Cj.jpg","","in","","0","0","0","https://x.com/undefined/status/1126272711204802562","964246621650239488",
"1126272708105330688","Wed May 08 23:48:33 +0000 2019","0","8 Poin Prabowo saat Bertemu Media Asing Bicara Kecurangan Pemilu https://t.co/NWeEODr705 https://t.co/Z5qQXBDn63","1126272708105330688","https://pbs.twimg.com/media/D6FTDzIUYAAE8rt.jpg","","in","","0","0","0","https://x.com/undefined/status/1126272708105330688","964210108904321024",
"1126272708067508226","Wed May 08 23:48:33 +0000 2019","0","8 Poin Prabowo saat Bertemu Media Asing Bicara Kecurangan Pemilu https://t.co/DYH0sxLOsp https://t.co/5oVZNofBzV","1126272708067508226","https://pbs.twimg.com/media/D6FTDzHUUAAXDby.jpg","","in","","0","0","0","https://x.com/undefined/status/1126272708067508226","964246621650239488",
"1126272704481382400","Wed May 08 23:48:32 +0000 2019","0","Prabowo-Sandi Menang Telak di Kabupaten Bogor https://t.co/UVx1eoBTHu https://t.co/RdbkWhcbRh","1126272704481382400","https://pbs.twimg.com/media/D6FTDmDU8AAwlRJ.jpg","","in","","0","0","0","https://x.com/undefined/status/1126272704481382400","964210108904321024",
"1126272704477159424","Wed May 08 23:48:32 +0000 2019","0","Prabowo-Sandi Menang Telak di Kabupaten Bogor https://t.co/2TT0dOGFER https://t.co/TlCMcHoNcW","1126272704477159424","https://pbs.twimg.com/media/D6FTDmHUwAEmqJ5.jpg","","in","","0","0","0","https://x.com/undefined/status/1126272704477159424","964246621650239488",
"1125943109542539264","Wed May 08 23:48:30 +0000 2019","0","@BamsBulaksumur @jokowi g sekalian terbaik dunia dan akhirat biar g tanggung ngejilatnya..","1126272697850159105","","Galz2206","in","","0","0","0","https://x.com/undefined/status/1126272697850159105","4553948772",
"1126272696394715136","Wed May 08 23:48:30 +0000 2019","0","Sebar Hoax Jokowi PKI Pria di Tangsel Ditangkap https://t.co/aeHjBDGtkZ","1126272696394715136","","","in","","0","0","0","https://x.com/undefined/status/1126272696394715136","992408894797328384",
"1126272687641223168","Wed May 08 23:48:28 +0000 2019","0","#PrayforIndonesia Pertama kali dlm sejarah Pemilu memakan korban ratusan petugasnya.. Pertama kali dlm sejarah juga kelelahan menyebabkan muntah darah dan meninggal dunia.. Usut sampai tuntas siapa yg berada di balik musibah ini.. https://t.co/sHinibYxJ2","1126272687641223168","","","in","","0","0","0","https://x.com/undefined/status/1126272687641223168","1228798502",
"1126272669526052865","Wed May 08 23:48:24 +0000 2019","0","Saya berharap di kepemi oinan periode kedua ini pak oresiden @jokowi harus bisa tegas menegakan hukum tanpa kompromi... Kl menye2x jadinya orang bisa kurang ajar sama symbol2x negara https://t.co/Mepv27wp9j","1126272669526052865","","","in","","0","0","0","https://x.com/undefined/status/1126272669526052865","1119898476714676224",
"1126266263825575937","Wed May 08 23:48:21 +0000 2019","1","@RustamIbrahim PKS rasanya tidak mungkin menolak hasil real count KPU; secara peningkatan caleg yg lolos melenggang ke Senayan lebih banyak dari pemilu terdahulu om.","1126272659732361216","","RustamIbrahim","in","","0","0","0","https://x.com/undefined/status/1126272659732361216","70050065",
"1126272641784881152","Wed May 08 23:48:17 +0000 2019","0","Memang dia kroni Asing sejak Jaman dulu... orba https://t.co/wGRZ4LNG1A","1126272641784881152","","","in","","0","0","0","https://x.com/undefined/status/1126272641784881152","57824146",
"1126071438597746688","Wed May 08 23:48:15 +0000 2019","0","@jokowi Udahlah pak gak usa maksa kami gak sudi lagi di pimpin kamu. Tukang ngibul.","1126272631232090113","","jokowi","in","","0","0","0","https://x.com/undefined/status/1126272631232090113","903196551077552128",
"1126272602819813376","Wed May 08 23:48:08 +0000 2019","2","~PARTAI ARAB INDONESIA~ SETELAH TUJUAN TERCAPAI BUBAR 🇲🇨#PrabowoWin@prabowo","1126272602819813376","","","in","","0","0","0","https://x.com/undefined/status/1126272602819813376","1109016629323530241",
"1126272580153819137","Wed May 08 23:48:02 +0000 2019","50","Situng KPU Kamis Pagi: Jokowi-Ma'ruf Unggul dengan 63 Juta Suara https://t.co/eJmpKWHLYB","1126272580153819137","","","in","","1","11","13","https://x.com/undefined/status/1126272580153819137","71436318",
"1125631443994943488","Wed May 08 23:48:00 +0000 2019","0","@jokowi Slmt pagi Abang semoga sukses... Salam Perubahan utk Indonesia yg lebih baik.","1126272570834112512","","jokowi","in","","0","0","0","https://x.com/undefined/status/1126272570834112512","1124899000132325382",
"1125938786012020736","Wed May 08 23:47:53 +0000 2019","0","@jokowi Diangkat derajatnya.. dimudahkan segala urusannya dan selalu dilindungi Allah swt. Aamiin yra.","1126272540958019584","","jokowi","in","","0","0","0","https://x.com/undefined/status/1126272540958019584","997814525456859137",
"1126272504866099200","Wed May 08 23:47:44 +0000 2019","1","Internasional ... Media sangat antusias untuk usut korban pemilu","1126272504866099200","","","in","","0","0","1","https://x.com/undefined/status/1126272504866099200","872997090",
"1126078114864484354","Wed May 08 23:47:40 +0000 2019","0","@detikcom Gitupun anda bilang pemilu di curangi...","1126272484225892353","","detikcom","in","","0","0","0","https://x.com/undefined/status/1126272484225892353","2839151959",
"1125980780671393793","Wed May 08 23:47:38 +0000 2019","3","@CNNIndonesia Paling nyaring nyerang @prabowo buka data giliran rakyat minta data dilarang ...","1126272475921375232","","CNNIndonesia","in","","0","0","0","https://x.com/undefined/status/1126272475921375232","931985808915075073",
"1126223993495625728","Wed May 08 23:47:34 +0000 2019","0","@MbahUyok @jokowi Nah lebih baik bangun itu kota-kota yg hancur terkena musibah dr pd berpikir memindahkan ibukota. Jelas banget ada kerjaan dan proyek yg hrs digarap.","1126272460662263808","","MbahUyok","in","","0","0","0","https://x.com/undefined/status/1126272460662263808","120436670",
"1126263401171378176","Wed May 08 23:47:13 +0000 2019","1","@nieke_aereta @Isantichandra90 @prabowo Sudah lupa tuh. #iklansakitkepala","1126272371940179968","","nieke_aereta","in","","0","0","1","https://x.com/undefined/status/1126272371940179968","823089104887816195",
"1126272337664327680","Wed May 08 23:47:05 +0000 2019","0","Dukungan Jokowi Ma;ruf Amin terus mengalir masyarakat menyambut dgn rasa optimis Jokowi dua priode Masyarakat Pedagang Pasar pringan deklarasi dukung Jokowi Ayoo semangat sobat #Jokowi2Periode #JokowiMaruf2019","1126272337664327680","","","in","","0","0","0","https://x.com/undefined/status/1126272337664327680","1027144114624585729",
"1126272328600510465","Wed May 08 23:47:02 +0000 2019","0","Dukungan Jokowi Ma;ruf Amin terus mengalir masyarakat menyambut dgn rasa optimis Jokowi dua priode Masyarakat Pedagang Pasar pringan deklarasi dukung Jokowi Ayoo semangat sobat #Jokowi2Periode #JokowiMaruf2019","1126272328600510465","","","in","","0","0","0","https://x.com/undefined/status/1126272328600510465","1027415321290756096",
"1126272326247505920","Wed May 08 23:47:02 +0000 2019","4","Prabowo meminta pihak berwajib mengusut atas meninggalnya anggota KPPS https://t.co/ihlhyjMLwI","1126272326247505920","","","in","","0","1","1","https://x.com/undefined/status/1126272326247505920","18071520",
"1126272323269476352","Wed May 08 23:47:01 +0000 2019","0","Ayo bergerak dibidang masing2 bergerak dengan kemampuan masing2 bergerak dengan cara masing2 bergerak dengan komunitas masing2.. Untuk memenangkan Jokowi. Kita bertekad utk menggenapkan kepemimpinan Jokowi hingga 2 periode..!! #Jokowi2Periode #2019TetapJokowi","1126272323269476352","","","in","","0","0","0","https://x.com/undefined/status/1126272323269476352","1027062099577458688",
"1126272298032328704","Wed May 08 23:46:55 +0000 2019","0","Indonesia....... Mari Kita Doakan @jokowi Amin - Menuntaskan Pemberanrasan Narkoba! https://t.co/aRur21P9Cy","1126272298032328704","https://pbs.twimg.com/media/D6FSlEuUUAANe7R.jpg","","in","","0","0","0","https://x.com/undefined/status/1126272298032328704","944469535918252032",
"1126071438597746688","Wed May 08 23:46:54 +0000 2019","0","@HernowoPP @jokowi SBY bakar duit 300 triliun/tahun untuk subsidi BBM kau diam. Jokowi pindah ibukota cuma butuh 460 triliun dalam jangka 5 tahun kau teriak. Mikir pake otak.","1126272293573808129","","Neosoebrown","in","","0","0","0","https://x.com/undefined/status/1126272293573808129","2390514978",
"1126272289501114368","Wed May 08 23:46:53 +0000 2019","0","Jangan biarkan rakyat pendukung dan oposanmu ber su uzhon dengan wahai pimpinanku. Nurani jangan kau bohongi. Tidak kah ada sedikit empatimu akan kematian para petugas pemilu semua takdir namun poin kita adalah ikhtiar #PemiluCurangKejahatanDemokrasi","1126272289501114368","","","in","","0","0","0","https://x.com/undefined/status/1126272289501114368","1118883961529257984",
"1126272270505336837","Wed May 08 23:46:49 +0000 2019","0","Skenario 02 Menang dan Diskualifikasi Jokowi-Maaruf https://t.co/U0FDFRrO4S https://t.co/LEODwuyp0s","1126272270505336837","https://pbs.twimg.com/media/D6FSqUAX4AY0WZB.jpg","","in","","0","0","0","https://x.com/undefined/status/1126272270505336837","725720992987803648",
"1126087521438289922","Wed May 08 23:46:41 +0000 2019","0","@KingPurwa @RanupsProSandi @prabowo Tagar top markotop kang ","1126272239500836869","","KingPurwa","in","","0","0","0","https://x.com/undefined/status/1126272239500836869","1067066237589417984",
"1126164763317133312","Wed May 08 23:46:39 +0000 2019","0","@sandiuno Insha Allah Khusnul khatimah bang bang @sandiuno tetap jaga kesehatan kita disini bersama PRABOWO-SANDI","1126272229472292864","","sandiuno","in","","0","0","0","https://x.com/undefined/status/1126272229472292864","1125659942487113728",
"1125699552172883968","Wed May 08 23:46:34 +0000 2019","0","@JacksVein @jokowi Ternyata kamu oon TDK bisa bedakan mana mengkritik dan mana menghina Tensi menghina mu lebih tinggi karena hatimu yg kotor.","1126272208458772481","","JacksVein","in","","0","1","0","https://x.com/undefined/status/1126272208458772481","180303754",
"1126125633807851520","Wed May 08 23:46:28 +0000 2019","0","@Rizki44874585 @ElectraLaela @prabowo @sandiuno Masak periode 201 - 2019 #KamiDukungFPi","1126272182500225024","","Rizki44874585","in","","0","0","0","https://x.com/undefined/status/1126272182500225024","83848465",
"1126272175260950528","Wed May 08 23:46:26 +0000 2019","9","Sidang Pemilu Bawaslu Akan Dengar Kesaksian Ahli BPN dan KPU https://t.co/FdvttmbJ7P","1126272175260950528","","","in","","1","1","3","https://x.com/undefined/status/1126272175260950528","17128975",
"1126215917694644224","Wed May 08 23:46:25 +0000 2019","1","@Candraasmara85 @hana_4TAA @BadjaNuswantara @YRadianto @APLpangeran1 @ApriliaLin @purwo82092883 @P3nj3l4j4h @Imnida03 @Airin_NZ Alhamdulillah... Indonesia Maju Bersama Bapak Jokowi Amin.","1126272170869411840","","Candraasmara85","in","","0","1","0","https://x.com/undefined/status/1126272170869411840","379217034",
"1126152546446237696","Wed May 08 23:46:04 +0000 2019","0","@mayiloveu2 @P3nj3l4j4h Cukup ingatkan bln juni adlh bln ijin expired. Semoga aparat &amp; pemerintah tidak TAKUT @kemendagri @HumasKemendagri @tjahjo_kumolo @setkabgoid @jokowi","1126272082218704899","","mayiloveu2","in","","0","0","0","https://x.com/undefined/status/1126272082218704899","2224997119",
"1126272002916929536","Wed May 08 23:45:45 +0000 2019","0","Luhut Minta Tim 02 Tak Beri Angin Surga ke Prabowo Lah permintaan yang menyesatkan masa mau dikasih angin neraka https://t.co/3A7D6AXilO","1126272002916929536","","","in","","0","0","0","https://x.com/undefined/status/1126272002916929536","1062893054665707521",
"1126271958658609152","Wed May 08 23:45:34 +0000 2019","0","Ingin tau BENAR atau SALAH ada kecurangan dalam pemilu 2019.. Mungkin.. MAFINDO atau https://t.co/ozapb9A6gH bisa membantu...","1126271958658609152","","","in","","0","0","0","https://x.com/undefined/status/1126271958658609152","456449625",
"1126232216105697281","Wed May 08 23:45:33 +0000 2019","0","@bucin @prabowo Jihad bukan makar... kalo makar nanti buka puasa pas maghrib","1126271953952600064","","bucin","in","","0","0","0","https://x.com/undefined/status/1126271953952600064","1669403976",
"1126271935879401472","Wed May 08 23:45:29 +0000 2019","3","Kalau hak engket &amp; pansus pemilu 2019 sebagai salah satu kanal konstitusional &amp; para elitnya teriak kencang soal korban pemilu yg massal ini kenapa fraksi @PDemokrat @PANofficial diem saja?","1126271935879401472","","","in","","1","1","2","https://x.com/undefined/status/1126271935879401472","985875314726158339",
"1126168545149145093","Wed May 08 23:45:25 +0000 2019","0","@absolutia jujur aja aku mulai terlibat sebagai petugas saban pemilu mulai dari KPPS sampai PPS sejak tahun 2004. Tahun ini yg terberat.","1126271918661726209","","absolutia","in","","0","0","0","https://x.com/undefined/status/1126271918661726209","69574802",
"1126271888534036481","Wed May 08 23:45:18 +0000 2019","0","Wkwkwkwkwkwk... https://t.co/CCGQEHwyJD","1126271888534036481","","","in","","0","0","0","https://x.com/undefined/status/1126271888534036481","57824146",
"1126155838064738304","Wed May 08 23:45:12 +0000 2019","0","@SabdapanditaI @TranceX9 Dia memang cebong dia bukan di pihak Prabowo ataupun SBY dia cuma cebong yg ambil kesempatan utk bikin rusuh","1126271863846400000","","SabdapanditaI","in","","0","0","0","https://x.com/undefined/status/1126271863846400000","759725828775084033",
"1125686151459688448","Wed May 08 23:45:11 +0000 2019","1","@musniumar Saya sedih Pak. Sebagai akademisi dan rektor bahkan bapak tidak mengedepankan science/ilmu pengetahuan dan sosiologi massa dan lebih percaya kepada mitos dan ilmu gaib. Saya lebih percaya Jokowi menang karena memang rakyat menghendaki bukan karena pitulungan.","1126271861245992960","","","in","","0","1","0","https://x.com/undefined/status/1126271861245992960","67513119",
"1126271822993879041","Wed May 08 23:45:02 +0000 2019","0","UPDATE real count pilpres KPU (9 Mei 06.30 WIB): Jokowi 56 23%-Prabowo 43 77% https://t.co/axuGCpSyhE #HasilPemilu2019-KPU","1126271822993879041","","","in","","0","0","0","https://x.com/undefined/status/1126271822993879041","43799886",
"1126271761400516608","Wed May 08 23:44:47 +0000 2019","1","Bagi saya banyaknya kematian KPPS di Pemilu 2019 adalah hasil akhir dari cacatnya Demokrasi!!! Matinya ratusan petugas KPPS jelas2 adalah bentuk pembunuhan oleh oknum2 Teroris Demokrasi di Periode yg lalu!!! Jangan sampai terulang lagi!!! #SaveOurDemocracy #SaveUBN #KamiDukungFPI","1126271761400516608","","","in","","0","0","0","https://x.com/undefined/status/1126271761400516608","885372984919072769",
"1126271707176505351","Wed May 08 23:44:34 +0000 2019","1","Lagi...lagi....dan lagi sudah cukup korban gugur di pemilu ini.....weh pemerintah apa udha nggak punya hati sampai saat ini belum ada gerakan cepat menyudahi korban berguguran sampai berapa org engkau korbankan demi memuluskan kekuasaanmu ","1126271707176505351","","","in","","0","0","0","https://x.com/undefined/status/1126271707176505351","1110714297112383488",
"1126082273642598400","Wed May 08 23:44:27 +0000 2019","0","@JsDeyz @CNNIndonesia Jd kt hrs pasrah tnp usaha dlu. Klo ortumu dbunuh orng trus kmu mo pasrah? Saya gk tau ad ato tdk adanya pihk kluarga yg mlaporkn bgt jg dng km. Tp ap salahnya didukung jg pak prabowo ingin kmtian korban yg lbih dr 500 orng ini jlas krn bnyk msyrkt yg curiga","1126271676109352960","","JsDeyz","in","","0","0","0","https://x.com/undefined/status/1126271676109352960","1026163786091118592",
"1126253032784613376","Wed May 08 23:44:19 +0000 2019","4","@CNNIndonesia Marsinah di jaman pak Harto yang disalahkan Jokowi. Pada stress.","1126271642055798784","","CNNIndonesia","in","","0","0","0","https://x.com/undefined/status/1126271642055798784","2436898500",
"1126013528702312448","Wed May 08 23:44:17 +0000 2019","0","@GreenpeaceID @jokowi ambigu dualsim namanya sesukak klen lah","1126271635302912000","","GreenpeaceID","in","","0","0","0","https://x.com/undefined/status/1126271635302912000","1087494329235435520",
"1126013528702312448","Wed May 08 23:44:06 +0000 2019","0","@GreenpeaceID @dobelden @jokowi Musdalifah menerangkan informasi mengenai pemanfaatan tata ruang bisa diakses. Namun untuk informasi terperinci mengenai nama pemegang dan salinan akte dibatasi agar tidak sembarang dimanfaatkan.","1126271587647234048","","GreenpeaceID","in","","0","0","1","https://x.com/undefined/status/1126271587647234048","850444926",
"1126271568487649280","Wed May 08 23:44:01 +0000 2019","0","Kenapa jadi tidak setuju pansus pemilu???","1126271568487649280","","","in","","0","0","0","https://x.com/undefined/status/1126271568487649280","1105038193986985985",
"1126271563051855872","Wed May 08 23:44:00 +0000 2019","1","Hanya pak jokowi yg boleh buka data waktu debat","1126271563051855872","","","in","","0","0","0","https://x.com/undefined/status/1126271563051855872","735346165634478080",
"1126071438597746688","Wed May 08 23:43:58 +0000 2019","0","@jokowi Wkwkk... Yg jadi Prbowo kok sibuk mw pndh pndh","1126271555904761856","","jokowi","in","","0","0","0","https://x.com/undefined/status/1126271555904761856","1077723312854167552",
"1125944490743648256","Wed May 08 23:43:57 +0000 2019","1","@Mahmudrizqi30 @kangdede78 @RustamIbrahim @CakKhum @karniilyas Ckp jd manusia utk punya rasa Kemanusiaan bisa empati kpd 554 orang wafat &amp; 2.000 lebih yg sakit pd proses Pemilu. Tdk usah bicara muluk2","1126271551941177344","","Mahmudrizqi30","in","","0","0","0","https://x.com/undefined/status/1126271551941177344","814833633273856000",
"1126145886734569472","Wed May 08 23:43:57 +0000 2019","0","@EDitektif @TeddyJatiArrum2 @prabowo Dan kita setia bukan karena kita fanatik buta tapi karena kita bisa melihat dan menilai mana yg pantas untuk dibela dan diperjuangkan serta yg tulus mendampingi aspirasi rakyat bukan yg hanya memanfaatkan rakyat untuk perolehan suara. #KamiBersamaFPI","1126271549529419776","","EDitektif","in","","0","0","0","https://x.com/undefined/status/1126271549529419776","1369478222",
"1125949766561554432","Wed May 08 23:43:55 +0000 2019","0","@Airin_NZ SDH waktunya penertiban untuk imigran gelap yg g jelas @humasimigrasi bpk @jokowi tolong buat Indonesia yg hebat","1126271542743011329","","Airin_NZ","in","","0","0","0","https://x.com/undefined/status/1126271542743011329","3036266977",
"1125980780671393793","Wed May 08 23:43:52 +0000 2019","0","@irfandp @CNNIndonesia @jokowi Musdalifah menerangkan informasi mengenai pemanfaatan tata ruang bisa diakses. Namun untuk informasi terperinci mengenai nama pemegang dan salinan akte dibatasi agar tidak sembarang dimanfaatkan.","1126271528796975104","","irfandp","in","","0","0","0","https://x.com/undefined/status/1126271528796975104","850444926",
"1125944490743648256","Wed May 08 23:43:45 +0000 2019","1","@kangdede78 @Entesyahranie1 @CakKhum Sgala cara dilakukan untuk jd PRESIDEN... Mulai dr kecurangan pemilu..tragedi kematian kpps sampai hal2 negatif lainya di besar2kn isunya di hembuskan biasanya dr pihak yg kalah.... Ohh negeri ku...^kasingan BANGET^","1126271501664022533","","kangdede78","in","","0","1","1","https://x.com/undefined/status/1126271501664022533","349156710",
"1125938786012020736","Wed May 08 23:43:23 +0000 2019","0","@jokowi Selamat menjalankan ibadah puasa.. Semoga pak Jokowi sehat terus.. Aamiin.","1126271409934585856","","jokowi","in","","0","0","0","https://x.com/undefined/status/1126271409934585856","997814525456859137",
"1126271354687201280","Wed May 08 23:43:10 +0000 2019","0","BPN Blak-blakan Ungkap Sumber Klaim Kemenangan Prabowo-Sandi Ini Sosok di Baliknya https://t.co/1VPkXEqVaX","1126271354687201280","","","in","","0","0","0","https://x.com/undefined/status/1126271354687201280","1121122182996750337",
"1125938786012020736","Wed May 08 23:43:04 +0000 2019","0","@jokowi semangat puasa nya pak!!","1126271327382360066","","jokowi","in","","0","0","0","https://x.com/undefined/status/1126271327382360066","1079349110778413057",
"1126177599946932227","Wed May 08 23:43:02 +0000 2019","0","@CH_chotimah @bucin @prabowo Hanya syetan yg takut keberadaan FPI","1126271318951772160","","ChusnulCh__","in","","0","0","0","https://x.com/undefined/status/1126271318951772160","1669403976",
"1126215354621915136","Wed May 08 23:43:02 +0000 2019","2","@MurtadhaOne Trus apa yg diberitakan oleh media singapore itu ?? Sama ngga dgn yg diberitakan oleh media australia LOOSER PRABOWO CLAIMS VICTORY ON INDONESIA ??","1126271318461038592","","MurtadhaOne","in","","0","0","0","https://x.com/undefined/status/1126271318461038592","1116417551196512256",
"1126013528702312448","Wed May 08 23:43:01 +0000 2019","0","@GreenpeaceID @CakKhum @jokowi Tuhan sedang mempertontonkan kebodohan rakyat indonesia sekarang orang cerdas ga dihargai. Memang pengalaman itu adalah guru yang paling baik. Asal jangan mati dijadikan pengalaman. Moga sadar","1126271315793498112","","GreenpeaceID","in","","0","0","0","https://x.com/undefined/status/1126271315793498112","298426452",
"1126271219995693056","Wed May 08 23:42:38 +0000 2019","0","Disebut Haus Jabatan Rizal Ramli: 3 Kali Saya Tolak Tawaran Jokowi https://t.co/tf86ewx6oZ","1126271219995693056","","","in","","0","0","0","https://x.com/undefined/status/1126271219995693056","792646815199834112",
"1126071438597746688","Wed May 08 23:42:25 +0000 2019","0","@Matsakli3 @jokowi Tunggu saja th 2024 kalo junjunganmu masih hidup.","1126271165729726464","","Matsakli3","in","","0","0","0","https://x.com/undefined/status/1126271165729726464","2390514978",
"1125699552172883968","Wed May 08 23:42:22 +0000 2019","0","@SofandiArief @jokowi Cuma PKI yg mau membubarkan FPI.!!!","1126271154178551808","","SofandiArief","in","","0","0","0","https://x.com/undefined/status/1126271154178551808","1126263132316299264",
"1126268431878230021","Wed May 08 23:42:05 +0000 2019","62","Padahal Firaun sendiri yang memakai jasa tukang sihir وقال فرعون ائتونى بكل ساحر عليم Fir'aun: Datangkanlah kepadaku semua ahli-ahli sihir yang pandai Ini mengingatkan gw pada rezim Jokowi yang memfitnah rakyat akan berbuat makar padahal rezim ini tukang makar sesungguhnya.","1126271081227214848","","hasmibakhtiar","in","","0","1","27","https://x.com/undefined/status/1126271081227214848","230313497",
"1089337453712818176","Wed May 08 23:41:51 +0000 2019","2","@zachary_ahmad @Nani3711 @KasanBaret @amiraswandary @Muhamma89039524 @abiamr1 @billykoesnadi @tts52517 @saepullohtoto @dintya066927 @Qonstantiniyye @diah_soewarno @doc_tetty88 @Robotu71 @BudiSantosoLimo @Bellysetiawan92 @Anindya09017597 @awaluddin_sadik @yudi29301079 @MBtjw @AnzaraYuli @Marmut_keren @lizzy02_lizzy @batubara02 @frozen145146 @CTe2303 @rudi2906rs @rukamhamerrii @DK_2_INDONESIA @endang_nz @Innayaputri72 @bryanvandersoon @hadid501 @Lutfimuhamad08 @Joko_Ganesha @ngizroil13 @PadiOyan @HasanBa81886194 @Herkholis2 @Umbuisback @Suparno08052468 @rizqi_property @GEMACAN70______ @Riva1410 @Afood11 @Aswin_fadillah @rereronggolawe @JackKellinBert @Zsoer90 @prabowo Aamiin YRA... Selamet Beraktivitas juga... #KamiDukungFPi","1126271020476669952","","zachary_ahmad","in","","0","0","0","https://x.com/undefined/status/1126271020476669952","1083935527584186368",
"1126268488262176769","Wed May 08 23:41:31 +0000 2019","0","@nanlohy_jimy @hana_4TAA @prabowo Panik y kompas masuk...","1126270940457783301","","","in","","0","0","0","https://x.com/undefined/status/1126270940457783301","1103814149270728704",
"1126270938096361472","Wed May 08 23:41:31 +0000 2019","1","Mbah Moen adalah Ulama yg mendukung pa Presiden @jokowi ..kepada Pa Presiden tolong agar para pejabat2 bapa jgn menjelek jelekkan Arab khususnya Keturunan Arab yg tanpa pamrih ikut berjuang dalam Kemerdekaan NKRI","1126270938096361472","","","in","","0","0","0","https://x.com/undefined/status/1126270938096361472","940950787160662016",
"1126100799530999809","Wed May 08 23:41:19 +0000 2019","0","@republikaonline Sudah banyak bukti kecurangan mau apapun itu pak prabowo menang...","1126270889450807297","","republikaonline","in","","0","0","0","https://x.com/undefined/status/1126270889450807297","1119048804274032640",
"1126249350265335808","Wed May 08 23:41:18 +0000 2019","25","@Garuda501 @IreneViena Jauh sbm gabung twiiter &amp; @IreneViena koar2 saya -rakyat yg awam pilitik membaca bagimana tdk etisnya seorang ayah yg selalu nyodorkan putranya &amp; anak yg selalu muji2 kinerja bapaknya mengklaim ide gagasan orang lain termasuk pak @prabowo sbg gagasan bapaknya. Afwan Muak..!!","1126270883985645568","","Garuda501","in","","0","1","1","https://x.com/undefined/status/1126270883985645568","997194485309128704",
"1126071438597746688","Wed May 08 23:41:17 +0000 2019","0","@mz_heroe @jokowi kalo ga mampu beli BBM jangan pilih Shell. Cari aja premium krn itu disubsidi.","1126270881536155649","","mz_heroe","in","","0","0","0","https://x.com/undefined/status/1126270881536155649","2390514978",
"1126220872757301249","Wed May 08 23:41:03 +0000 2019","0","@tearintotwo KPPS adalah pahlawan pemilu","1126270823151464448","","tearintotwo","in","","0","0","0","https://x.com/undefined/status/1126270823151464448","2822183528",
"1126270814116925440","Wed May 08 23:41:01 +0000 2019","29","Politikus Gerindra: Deklarasi kemenangan Prabowo berlandaskan bukti C1 https://t.co/gbUAPIx3CV","1126270814116925440","","","in","","3","13","3","https://x.com/undefined/status/1126270814116925440","18071520",
"1126237453331779584","Wed May 08 23:40:54 +0000 2019","0","@mimimimi_dL Hahahaha iya di masjid d papanmas ge gitu nyi tp gada kata selamat terpilihnya cuma terima kasih telah menyukseskan pemilu Dan selamat menjalankannya ibadah puasa Dr prabowo sandi hahahaha","1126270781422313473","","mimimimi_dL","in","","0","0","0","https://x.com/undefined/status/1126270781422313473","983703804",
"1126270764343152641","Wed May 08 23:40:49 +0000 2019","1","Penuntun jokowi masuk ranah politik di solo Belau mengirim surat terbuka pantas di viralkan https://t.co/sxV6CBVc6x","1126270764343152641","","","in","","0","0","1","https://x.com/undefined/status/1126270764343152641","1083525860680904704",
"1126094700283219969","Wed May 08 23:40:49 +0000 2019","0","@KingPurwa @prabowo Mantap pa @prabowo Semoga Allah melindungi beliau Aamiin #KamiDukungFPI #KamiDukungFPi","1126270760752795648","","KingPurwa","in","","0","0","0","https://x.com/undefined/status/1126270760752795648","1082898414",
"1126270663604334592","Wed May 08 23:40:25 +0000 2019","0","Setelah pak @jokowi mengantongi suara banyak nama akun facebook pemfitnah caci maki di ganti oleh pemilik nya. ","1126270663604334592","","","in","","0","0","0","https://x.com/undefined/status/1126270663604334592","875199938661142528",
"1126254115674157056","Wed May 08 23:40:20 +0000 2019","0","@EndjahH @Nadiku18 @Garuda501 @sandiuno @KPU_ID Jelas pak prabowo menang ... Saya optimis pak prabowo akan menjadi presiden ke 8 Indonesia","1126270641378693121","","EndjahH","in","","0","0","0","https://x.com/undefined/status/1126270641378693121","1119048804274032640",
"1126270629504634881","Wed May 08 23:40:17 +0000 2019","0","Wah ini sudah keterlaluan mohon pak @prabowo @Gerindra @fadlizon @Fahrihamzah @sandiuno @MardaniAliSera diingetkan temen2nya. Ikuti proses yang ada sampai MK bawa bukti. Kalo ga sesuai harapan pasrahkan pada yang kuasa. Buka tabulasi bpn/pks/babinsa jangan disembunyikan","1126270629504634881","","","in","","0","0","0","https://x.com/undefined/status/1126270629504634881","1261705843",
"1126238093500043264","Wed May 08 23:40:07 +0000 2019","1","@TranceX9 Min lu cebong ya? Lu mau adu domba koalisi ya? berhentilah menyebarkan fitnah dgn teriak fitnah berhentilah menyerang HRS &amp; Prabowo yg tak henti2nya gw ga yakin lu jg di pihak SBY? dr smua tulisan lo jelas lo murni di pihak ngaciro yg lg nyadur jilat SBY https://t.co/3r3aDH0AsA","1126270587507073025","","MorganFreaxman","in","","0","0","1","https://x.com/undefined/status/1126270587507073025","759725828775084033",
"1126270587083472896","Wed May 08 23:40:07 +0000 2019","0","@jokowi Mungkin ada teman yg tahu bagaimana cara melaporkan ini org setalah saya simak kok profokator sejati. https://t.co/vc8F10Gccd","1126270587083472896","","jokowi","in","","0","0","0","https://x.com/undefined/status/1126270587083472896","1013780165552271360",
"1126270578069925888","Wed May 08 23:40:05 +0000 2019","0","Kepada yth @DivHumas_Polri @jokowi @LuhutPandjaitan @LuhutBinsar saya menonton video yang dibagikan oleh @Dennysiregar7 di FB ttg ajakan revolusi dalam bentuk perang fisik oleh permadi mantan politisi TOLONG SEGERA DITINDAK PERMADI INI !!!","1126270578069925888","","","in","","1","0","0","https://x.com/undefined/status/1126270578069925888","1119898476714676224",
"1126270559707435009","Wed May 08 23:40:01 +0000 2019","0","PKS-Gerindra Gulirkan Pansus Pemilu Nasdem: Terlalu Prematur https://t.co/rvmG5wmeeE #news #teropongsenayan #sahabaTS #connectsindonesia","1126270559707435009","","","in","","0","0","1","https://x.com/undefined/status/1126270559707435009","376187750",
"1126071438597746688","Wed May 08 23:40:00 +0000 2019","0","@jokowi Bagi saya lebih tepat lokasi ibukota di Bukit Suharto Kaltim sudah lengkap infrastruktur ada ruas jln tol Balikpapan Samarinda 2 pelabuhan dan 2 bandara.","1126270555873656832","","jokowi","in","","0","0","0","https://x.com/undefined/status/1126270555873656832","2326212799",
"1125421500608143360","Wed May 08 23:39:53 +0000 2019","1","@jokowi Slmt merayakan bulan ramadhan ini dgn penuh semangat..","1126270528040259584","","jokowi","in","","0","0","0","https://x.com/undefined/status/1126270528040259584","1124899000132325382",
"1125778819925848064","Wed May 08 23:39:36 +0000 2019","5","@NandaNuar @RoemahDjoeang02 @dr_koko28 @aiek_esthreem @tigers_killer @liani251 @ihwanm67 @73_hendrawan @mashend72 @hacknet71 @sultan_dogie @dadang_adp @Grockispowerful @nurainiDani @SKartanto @aleeusman5 @MayaIrma02 @AyeshaEvi @ChoerunNia @masduki0905 @Poeqoeh @aksioma02 @riani_212 @VannisaVandy @EcNugroho @fahiraidris @Ochi__BQ09 @Cak_Bram75 @EndangPRS @arlex_wu @GEnlightening @Chaeruddin_B @Jhonayam @SegoTeh @aja_receh @bangun_d @amanda_batrisya @Apina09514060 @TrisnaKSasmita @rockygerung @MbahUyok @Parodi_Negeri @mase_eko3079 @dyanr99 @Anonymcrb @Kang_Gorengann @prabowo Silahkan lihat saudara saudaraku yg ingin FPI bubar.Itu teman teman FPI bahu membahu menanggulangi bencana sama siapa?Apa mungkin FPI mau mecah belah bangsa sedang mereka mesra dengan TNI berpayah payah di tempat bencana?Jangan rugikan NKRI #KamiDukungFPi https://t.co/kqZXiANeIq","1126270457957666816","","yeny0207","in","","0","2","1","https://x.com/undefined/status/1126270457957666816","1093699073339609088",
"1126087707355164672","Wed May 08 23:39:27 +0000 2019","0","@RelawanPipit @Najwa_AlSaggaf @ArulKha55306941 @prabowo Oke mas saya bantu naikkan tagarnya. #BubarkanFPI #BubarkanFPI #BubarkanFPI #BubarkanFPI #BubarkanFPI #BubarkanFPI #BubarkanFPI #BubarkanFPI #BubarkanFPI #BubarkanFPI #BubarkanFPI https://t.co/UMFLVf1xfw","1126270419852333057","https://pbs.twimg.com/media/D6FQ80LU0AAV4dx.jpg","RelawanPipit","in","","0","0","0","https://x.com/undefined/status/1126270419852333057","405515347",
"1126087707355164672","Wed May 08 23:39:25 +0000 2019","0","@Najwa_AlSaggaf @prabowo Jadilah benar2 ustad jgn jadi kriminal paham?","1126270408620003328","","Najwa_AlSaggaf","in","","0","0","0","https://x.com/undefined/status/1126270408620003328","1087724973572141056",
"1126071438597746688","Wed May 08 23:39:14 +0000 2019","1","@NoralanaB @jokowi Yah begitulah rasanya kalah pilpres. Cari2 kesalahan pihak yang menang. Padahal sudah ada bagian yang menangani petugas yg meninggal. Uang santunan juga sudah ada.","1126270364047237120","","NoralanaB","in","","0","0","0","https://x.com/undefined/status/1126270364047237120","2390514978",
"1126010020116582401","Wed May 08 23:39:10 +0000 2019","0","@kompascom Mau pasang 62% balihopun ga masalah......yg penting endingnya Jokowi dilantik Presiden.","1126270347408338949","","kompascom","in","","0","0","0","https://x.com/undefined/status/1126270347408338949","828464528052543489",
"1126084374175203328","Wed May 08 23:38:59 +0000 2019","0","@Aryprasetyo85 @bucin @jokowi @FaGtng @My_LoveNebe @AlvinoLulu @Ernijasin Hanya beberapa propinsi... koq bisa menang","1126270300348227584","","Aryprasetyo85","in","","0","0","0","https://x.com/undefined/status/1126270300348227584","1669403976",
"1126266263825575937","Wed May 08 23:38:56 +0000 2019","2","@RustamIbrahim Aneh pileg PKS &amp; gerindra khan sukses itu kenapa ngga' diprotes juga? Khan satu paket dng pilpres... Dasar pecundang...","1126270289900216320","","RustamIbrahim","in","","0","0","0","https://x.com/undefined/status/1126270289900216320","1103711707",
"1126270265862656000","Wed May 08 23:38:51 +0000 2019","0","Mata Najwa Demi Demokrasi (Part 1) Hingga saat ini tercatat 500 lebih petugas penyelenggara dan keamanan pemilu yang meninggal dalam tugas penyelenggaraan pemilu. Apa yang terjadi? Dan bagaimana anggota keluarga melihat peristiwa ini? Saksikan... https://t.co/W9tsh5yNkQ","1126270265862656000","","","in","","0","0","0","https://x.com/undefined/status/1126270265862656000","224168754",
"1126183906770690049","Wed May 08 23:38:44 +0000 2019","0","@riska_meliaaG @Gus_Arifin @jokowi Masuk jg lagunya","1126270237370798080","","","in","","0","0","0","https://x.com/undefined/status/1126270237370798080","1883431722",
"1126270203501826048","Wed May 08 23:38:36 +0000 2019","0","Zhe Zhe Zhe ......pak @jokowi kapan ya saya kebagian merancang ibukota kita ?","1126270203501826048","","","in","","0","0","0","https://x.com/undefined/status/1126270203501826048","1707687349",
"1126152997610737665","Wed May 08 23:38:27 +0000 2019","1","@permadiaktivis @kaesangp Itulah salah satu kelebihan Jokowi.","1126270167237849088","","permadiaktivis","in","","0","0","0","https://x.com/undefined/status/1126270167237849088","896307338096762880",
"1125821447715188736","Wed May 08 23:38:05 +0000 2019","0","@zoelfick Katanya anti asing koq undang orang asing utk kompresi pers. Koq curhatnya sama org asing. Waraskah Prabowo?","1126270072463417344","","zoelfick","in","","0","0","0","https://x.com/undefined/status/1126270072463417344","1055331169355493376",
"1126266120531394560","Wed May 08 23:37:59 +0000 2019","0","@Zulkifllubis71 @prabowo Mantul banget bang...","1126270047817625601","","Zulkiflilubis71","in","","0","0","0","https://x.com/undefined/status/1126270047817625601","541657739",
"1126139939765276675","Wed May 08 23:37:57 +0000 2019","0","@Najwa_AlSaggaf @IpungLombok @prabowo @info_Mekkah Siip.. #KamiDukungFPI","1126270042549579778","","Najwa_AlSaggaf","in","","0","0","0","https://x.com/undefined/status/1126270042549579778","1003699630859620352",
"1126000618785656832","Wed May 08 23:37:56 +0000 2019","0","@detikcom Di kandang sendiri aja kalah itu tanda warga sekitar rumahnya hb Rizieq ga simpati hayo Pilgub keok pilpres nyungsep","1126270037696737282","","detikcom","in","","0","0","0","https://x.com/undefined/status/1126270037696737282","963041425733513216",
"1126270030864195584","Wed May 08 23:37:55 +0000 2019","3","pemilu damai kamu bilang ? damai mbahmu..","1126270030864195584","","","in","","0","2","0","https://x.com/undefined/status/1126270030864195584","155831214",
"1126176227117678592","Wed May 08 23:37:46 +0000 2019","0","@AnonymousID___ @LisaAmartaTara @KomnasHAM @AkunTofa @Fahrihamzah @fadlizon @fahiraidris @prabowo @sandiuno @BertemanM @rockygerung @karniilyas @tvOneNews Jangan2 komnas ham juga kacung","1126269996080877568","","","in","","0","0","0","https://x.com/undefined/status/1126269996080877568","882526181811040257",
"1126228867482415104","Wed May 08 23:37:36 +0000 2019","0","@KemanaCom 57% suara kemenangan real count bpk @prabowo dan bpk @sandiuno plus #PeoplePower kk @KemanaCom jgn VS","1126269952267186176","","Rumi_Lagi","in","","0","0","0","https://x.com/undefined/status/1126269952267186176","1108558690095751168",
"1126051433634156545","Wed May 08 23:37:31 +0000 2019","0","@tribunnews Ohhh Tuhan..... Kembalikan bpk Prabowo ke jalan yg Kau kehendaki agar Negara kami tdk spt Venazuela.","1126269932432384000","","tribunnews","in","","0","0","0","https://x.com/undefined/status/1126269932432384000","828464528052543489",
"1125686151459688448","Wed May 08 23:37:25 +0000 2019","0","@musniumar Prabowo punya bobby the cat??","1126269907614572544","","","in","","0","0","0","https://x.com/undefined/status/1126269907614572544","61405244",
"1126139939765276675","Wed May 08 23:37:11 +0000 2019","0","@Najwa_AlSaggaf @prabowo @info_Mekkah Fakta bahwa FPI terdepan dalam turun ke lapangan bencana memberi bantuan dibanding Ormas laen apalagi cebong yang bisanya ngablak dari rumah #KamiDukungFPI #KamiDukungFPI","1126269849385164806","","Najwa_AlSaggaf","in","","0","0","0","https://x.com/undefined/status/1126269849385164806","1549543196",
"1126269840807739392","Wed May 08 23:37:09 +0000 2019","0","Para mafia dan komperador membentuk kartel komiditi sudah mempersiapkan kenaikan harga bawang putih hingga Rp 70ribu-100ribu padahal di China hanya 8ribu-20ribu..Wow cukup fantastis mengganti ongkos Pilpres. Cc : @prabowo @sandiuno @fadlizon @Fahrihamzah @korantempo @jokowi","1126269840807739392","","","in","","0","0","0","https://x.com/undefined/status/1126269840807739392","1086222959599996928",
"1126269808759099392","Wed May 08 23:37:02 +0000 2019","0","Aksi Masa Kivlan Zein Tuntut Pemilu Jurdil Sudah Sesuai Prosedur https://t.co/Fr6CVdPoUm","1126269808759099392","","","in","","0","0","0","https://x.com/undefined/status/1126269808759099392","840527783361110022",
"1125938786012020736","Wed May 08 23:37:01 +0000 2019","0","@ATX_commonsense @jokowi Akalmu yg kurang sehat bos","1126269805676261376","","ATX_commonsense","in","","0","0","0","https://x.com/undefined/status/1126269805676261376","75515749",
"1126269745710256128","Wed May 08 23:36:47 +0000 2019","4","Makanya banyak baca. https://t.co/53R594vOa4","1126269745710256128","","","in","","0","1","2","https://x.com/undefined/status/1126269745710256128","845078592",
"1125573025716248576","Wed May 08 23:36:34 +0000 2019","0","@jokowi Jakarta Udah Di gadaikan ke China ya?","1126269694808285184","","jokowi","in","","0","0","0","https://x.com/undefined/status/1126269694808285184","2616904309",
"1126165740933935104","Wed May 08 23:36:30 +0000 2019","2","@CakKhum Dalam naskahnya si jae disuruh sutradara bikin berita tandingan bobroknya pilpres. Trus berita itu digaungkan heboh. Biar org2 lupa bobroknya pilpres ini. Tau2 dilantik aja si jae nantinya. Rakyat cuma bisa melongo... #bandit","1126269677754183680","","suaragagap","in","","0","1","0","https://x.com/undefined/status/1126269677754183680","91485993",
"1126264966204420097","Wed May 08 23:36:30 +0000 2019","1","@AkunTofa Berita terorisme . syarat dg kepentingan. Apalagi slalu dikaitkan dg ormas Islam bahkan ajaran Islam Beda dg kasus banyak nya Petugas Pemilu yg tewas Boleh jd jk ada tayangan yg mengupas lebih mendalam ada pihak yg bakal panik Pembentukan TPF kecurangan pemilu sj ditolak ?","1126269677485690880","","AkunTofa","in","","0","1","0","https://x.com/undefined/status/1126269677485690880","1116604254381166592",
"1126258619740090368","Wed May 08 23:36:23 +0000 2019","5","@adimas_arum @MataNajwa Makanya banyak baca https://t.co/53R594NpyE","1126269645395234816","","adimas_arum","in","","1","0","0","https://x.com/undefined/status/1126269645395234816","845078592",
"1126269612687904768","Wed May 08 23:36:15 +0000 2019","4","Dalam naskahnya si jae disuruh sutradara bikin berita tandingan bobroknya pilpres. Trus berita itu digaungkan heboh. Biar org2 lupa bobroknya pilpres ini. Tau2 dilantik aja si jae nantinya. Rakyat cuma bisa melongo... #bandit","1126269612687904768","","","in","","0","0","1","https://x.com/undefined/status/1126269612687904768","91485993",
"1126269590239997952","Wed May 08 23:36:10 +0000 2019","0","Sudah tau Pemilu sebelumnya korbannya banyak tapi kok tidak dibuat evaluasi ya? ","1126269590239997952","","","in","","0","1","1","https://x.com/undefined/status/1126269590239997952","100168661",
"1126117303609724929","Wed May 08 23:35:58 +0000 2019","1","@arya_arya24 @Gerindra @prabowo Kita di pihak yang benar harus maju terus demi agama bangsa rakyat dan tanah tumpah darah kita ALLAHU AKHBAR!!!","1126269542701789184","","arya_arya24","in","","0","0","0","https://x.com/undefined/status/1126269542701789184","1120150518095998976",
"1124463503530553345","Wed May 08 23:35:39 +0000 2019","1","@PANGGONGACEH @perludem @titianggraini Persis gagasannya kelompok yang mengajukan kodifikasi uu Pemilu 2015-2016. Gagasan ini memberi peluang pemilih bisa memberikan punishment untuk parpol yg tdk perform dg tdk memilihnya ketika Pemilu di daerah","1126269461395152896","","honouriscasual","in","","0","1","1","https://x.com/undefined/status/1126269461395152896","2430271436",
"1126071438597746688","Wed May 08 23:35:29 +0000 2019","0","@jokowi Sehat terus pakdhe moga indonesia kedepannya mskin maju dan makmur Amin","1126269421276712961","","jokowi","in","","0","0","0","https://x.com/undefined/status/1126269421276712961","895989469307785218",
"1126141652563705857","Wed May 08 23:35:19 +0000 2019","0","@Asmara_1701 @RIKIInteristi12 @prabowo Inilah seorang negarawan.........merdeka 02","1126269379795046400","","Asmara_1701","in","","0","0","0","https://x.com/undefined/status/1126269379795046400","1098946034770751488",
"1126077441456218114","Wed May 08 23:35:18 +0000 2019","0","@BertemanM @PDemokrat @PartaiPAN @KPU_ID @PKSejahtera walau fans ny SBY tpi bukan krn beliau sy ada di 02 sy penggemar UAS d RG andai mrka di 01 pun sy akan ttp d 02 sy ada di 02 bkn krn bpk @prabowo atau siapapun tpi sy ada di 02 krn lelah capek d bosan dngn rejim ini rejim tirani yg benar kejam d tidak punya hati","1126269374841511936","","BertemanM","in","","0","0","0","https://x.com/undefined/status/1126269374841511936","1121279204044103680",
"1126010019239972864","Wed May 08 23:35:12 +0000 2019","0","@sukmo_nglemboro @AkunTofa Bukannya presidennya prabowo ya???kan udah klaim kemenangan sampe 3x...","1126269350900428801","","sukmo_nglemboro","in","","0","0","0","https://x.com/undefined/status/1126269350900428801","1027757786803752960",
"1126013528702312448","Wed May 08 23:35:07 +0000 2019","1","@GreenpeaceID @iqbal_farabi @jokowi Giliran tanah punya Prabowo gencar bgt mau dialih fungsikan. Rezim ini memang gak waras","1126269326405713920","","GreenpeaceID","in","","0","0","0","https://x.com/undefined/status/1126269326405713920","855943280",
"1126269308022034433","Wed May 08 23:35:02 +0000 2019","6","NAH LOH !! BPN SEGERA BUKA DATA PENGHITUNGAN INTERNAL PILPRES 2019 !! https://t.co/beEu9euBTL lewat @YouTube","1126269308022034433","","","in","","0","1","4","https://x.com/undefined/status/1126269308022034433","2991557823",
"1126177526991081472","Wed May 08 23:35:00 +0000 2019","1","@Garuda501 Dari awal kejadian ada korban saya juga paham kalau ini tumbal pemilu mbah","1126269299809705984","","Garuda501","in","","0","0","0","https://x.com/undefined/status/1126269299809705984","1033273391623499776",
"1126263401171378176","Wed May 08 23:34:51 +0000 2019","1","@nieke_aereta @prabowo Ora bakalan diperiksa... #KamiBersamaFPI #KamiBersamaUBN","1126269262627086336","","nieke_aereta","in","","0","1","2","https://x.com/undefined/status/1126269262627086336","1541059009",
"1126269239185166336","Wed May 08 23:34:46 +0000 2019","0","Dalam Waktu Dekat Prabowo Akan Gelar Pertemuan dengan Wartawan Media Nasional https://t.co/Yz6eT0FeWD Lalu wartawan media nasionalnya akan hadir meliput atau nggak setelah dihina-hina?","1126269239185166336","","","in","","0","0","0","https://x.com/undefined/status/1126269239185166336","140279645",
"1126269224769351682","Wed May 08 23:34:42 +0000 2019","0","Koordiantor Relawan IT BPN Prabowo-Sandi Mustofa Nahrawardaya menyoroti lemahnya manajemen sistem keamanan IT yg dimiliki Komisi Pemilu (KPU). Pasalnya server yg dimiliki lembaga penyelenggara Pemilu tsb tdk memiliki sertifikat ISO 27001. https://t.co/pSYv8yeUCf https://t.co/CC8HDkfjuX","1126269224769351682","https://pbs.twimg.com/media/D6FP40BU0AEBP9r.jpg","","in","","0","0","0","https://x.com/undefined/status/1126269224769351682","190610439",
"1126023417558228993","Wed May 08 23:34:42 +0000 2019","2","@FirzaHusain Wabah kalah pilpres ","1126269222290509826","","NyaiJagat","in","","0","1","0","https://x.com/undefined/status/1126269222290509826","3040738412",
"1126269216363909120","Wed May 08 23:34:40 +0000 2019","0","Desak Komnas HAM Bentuk TGPF Wafatnya Ratusan Petugas Pemilu 2019! - Tandatangani Petisi! https://t.co/fO5QLjkcgt lewat @ChangeOrg_ID","1126269216363909120","","","in","","0","0","0","https://x.com/undefined/status/1126269216363909120","1125642690027085824",
"1126231803134537728","Wed May 08 23:34:39 +0000 2019","1","@Romelah_mel @MSApunya @prabowo Aamiin Ya ROBB","1126269210600984576","","Romelah_mel","in","","0","0","0","https://x.com/undefined/status/1126269210600984576","3270746484",
"1126269082108551168","Wed May 08 23:34:08 +0000 2019","2","Tak Relevan Ndass mu @KPU_ID Keluarga korban harus paham pemerintah sdg meracuni pikiran kalian 554 meninggal Presiden Diam....@jokowi @Pak_JK KASUS MIRNA LEBIH MENARIK PERHATIAN PEMERINTAH @bawaslu_RI KPU Sebut Ide Tim Investigasi KPPS Wafat tak Relevan https://t.co/Lm2qSR7irD","1126269082108551168","","","in","","0","2","1","https://x.com/undefined/status/1126269082108551168","980838204935782400",
"1126071438597746688","Wed May 08 23:34:05 +0000 2019","0","@jokowi Yang ini gimana PakPres? #KamiDukungFPI https://t.co/VvlK8hE21v","1126269066023297025","","jokowi","in","","0","0","0","https://x.com/undefined/status/1126269066023297025","230681519",
"1125867972197638144","Wed May 08 23:34:04 +0000 2019","2","@eykonugroho @BHD_58 kalo hanya bubarkan ormas tanpa diikuti tindakan hukum terhadap oknum elitenya = pembodohan masyrkt. Contoh HTI bubar tapi elite masih eksis bebas memprovokasi. @HumasKemendagri @kemendagri @tjahjo_kumolo @jokowi @setkabgoid","1126269062432952322","","eykonugroho","in","","0","0","1","https://x.com/undefined/status/1126269062432952322","2224997119",
"1126269037334286336","Wed May 08 23:33:58 +0000 2019","0","[YOUTUBE] Presiden @jokowi dan rombongan tiba di Kelurahan Tumbang Talaken Kec. Manuhing Kab. Gunung Mas Provinsi Kalimantan Tengah utk meninjau lokasi alternatif pengganti ibukota RI dari Jakarta (8/5) #IndonesiaIbuKotaBaru Menuju #IndonesiaMAJU https://t.co/P4fFPwQeq0","1126269037334286336","","","in","","0","0","0","https://x.com/undefined/status/1126269037334286336","780161372499750912",
"1122093652602314752","Wed May 08 23:33:51 +0000 2019","0","@SuryoUdoro @fariz1234 @Suka_kopi @rimbo18 @WawanPapAiko @BeritaPSI @SiagianMonang @DsSupriyady @Nunung35Aza @nissaLoveAllah @DjokerGemblung @blackjava007 @Semar01597794 @CetakBalikpapan @swargubenglebah @pr1841788 @KPakdhe @al_nghothot @Handoyo1998 @KerjaDuaPeriode @lindabasah @paquitacumadebu @jokowi @opposite6890 @permadiaktivis @KoRnHurry @Biawak_Buas @StovingRed @bjtzero @andreas_candle @anto_winarno @RelawanJokowiID @Raden_Atmadja @pekaklonto @wr200465 @seperti_kemaren @metal @MetallicaINA @fadlizon @andre_rosiade @ustadtengkuzul @hanumrais @rockygerung @haikal_hassan @mas_piyuuu @CakKhum @LisaAmartaTaraa @DivHumas_Polri Yg waktu kampanye sok jadi imam gmn ya tong...kapan jadi imam teraweh mumpung pada lho tong","1126269007512760325","","SuryoUdoro","in","","0","1","0","https://x.com/undefined/status/1126269007512760325","720085394801295360",
"1125938786012020736","Wed May 08 23:33:47 +0000 2019","0","@jokowi Namamu pasti dikenang sepanjang masa pak Presiden rakyat. Presiden yang melihat indonesia bukan hanya jawa tapi dari sabang sampai meroke","1126268992287494144","","jokowi","in","","0","0","0","https://x.com/undefined/status/1126268992287494144","75515749",
"1125572508973813760","Wed May 08 23:33:32 +0000 2019","0","@jansen_jsp Semoga tetap Disamping prabowo sandi ya bang","1126268928492167168","","jansen_jsp","in","","0","0","0","https://x.com/undefined/status/1126268928492167168","1033696279090491392",
"1125970352062980096","Wed May 08 23:33:24 +0000 2019","0","@ReflyHZ Apakah suara yg terkecil kemudian jadi pemimpin itu krn lobi2 juga kah ?? jika ia pantas pemilu begini hasil nya dan patut dipertanyakan itu gedung dewan atau gedung begundal !!","1126268897605251072","","ReflyHZ","in","","0","0","0","https://x.com/undefined/status/1126268897605251072","749903056859377664",
"1123179023826178048","Wed May 08 23:33:17 +0000 2019","0","@MemeComicIndo Mikirin Ibu Kota...tp gk mikirin 500 korban pemilu...akun sok netral pdhl cebong!","1126268867213287424","","tripleK31","in","","0","0","0","https://x.com/undefined/status/1126268867213287424","965079897189175296",
"1126268865661399042","Wed May 08 23:33:17 +0000 2019","0","Indonesia Maju With @jokowi","1126268865661399042","","","in","","0","0","0","https://x.com/undefined/status/1126268865661399042","1394315737",
"1126268864654761984","Wed May 08 23:33:17 +0000 2019","0","Pak Prabowo jgn menyerah melawan kecurangan dan ketidak adilan sekuat2nya mrk sanggupkah mrk menghabisi kami semua hy krn mrk ingin trus berkuasa...mrk lg dinina bobokan Alloh pak jd mrk lupa...","1126268864654761984","","","in","","0","0","0","https://x.com/undefined/status/1126268864654761984","1125616497882091520",
"1125954765861543936","Wed May 08 23:33:16 +0000 2019","0","@HopiMediana @pramonoanung @jokowi tiqp hari tiap menit ada orang mati dan lahir...","1126268860976381952","","HopiMediana","in","","0","0","0","https://x.com/undefined/status/1126268860976381952","1053312678129655809",
"1126268817292709889","Wed May 08 23:33:05 +0000 2019","0","Pengorbanan Jokowi dgn membangun infrastruktur di bagian terluar &amp; indonesia bagian Timur hrs ditebus dgn kekalahan Pilpres di Indonesia bagian Barat. Andai Jokowi banyak gelontorkan biaya utk membangun Jawa-Sumatera mungkin menang lbh dr 20% dr perolehan suara lawan.","1126268817292709889","","","in","","0","0","0","https://x.com/undefined/status/1126268817292709889","933134903733919745",
"1126105702253125637","Wed May 08 23:33:00 +0000 2019","0","@AnonymousID___ @MichelAdamNew @prabowo Setujuuu... karena banyak kejanggalan #PemiluCurangKejahatanDemokrasi #PemiluCurangKejahatanDemokrasi","1126268796954525696","","","in","","0","0","0","https://x.com/undefined/status/1126268796954525696","1549543196",
"1126268784254185472","Wed May 08 23:32:57 +0000 2019","6","Janjinya fokus SDM Lah! #PemiluCurangKejahatanDemokrasi","1126268784254185472","","","in","","0","1","6","https://x.com/undefined/status/1126268784254185472","2442749353",
"1126268744567705600","Wed May 08 23:32:48 +0000 2019","0","Termasuk salah input situng KPU kecurangan Pemilu yang beraneka ragam juga ditindak donk pak","1126268744567705600","","","in","","0","0","0","https://x.com/undefined/status/1126268744567705600","80839584",
"1126071438597746688","Wed May 08 23:32:46 +0000 2019","7","@jokowi Yang terhormat presiden republik indonesia pak @jokowi sekiranya nanti bila jadi pemindahan ibu kota negara ke kalimantan saya berharap penataan tata wilayah nya teratur dan tak mengganggu keberadaan populasi flora dan fauna yang asli dari pulau kalimantan.","1126268736736907264","","jokowi","in","","0","1","1","https://x.com/undefined/status/1126268736736907264","1299772022",
"1126113626845134848","Wed May 08 23:32:40 +0000 2019","0","@embahjsx Kalau jujur dan adil.. Semua baik2 aja... Mana ada sejarahnya pemilu diIndonesia petugas KPPS meninggal hampir 500an orang... Semua juga pengennya menang... Tp KSATRIA DAN AMANAH adalah jiwa pemimpin... Bukan pencuri surat suara.. Pakai aparat sebagai alat utk melanggengkan kuasa","1126268710681845760","","embahjsx","in","","0","0","0","https://x.com/undefined/status/1126268710681845760","887741144582508544",
"1122093652602314752","Wed May 08 23:32:37 +0000 2019","0","@SuryoUdoro @fariz1234 @Suka_kopi @rimbo18 @WawanPapAiko @BeritaPSI @SiagianMonang @DsSupriyady @Nunung35Aza @nissaLoveAllah @DjokerGemblung @blackjava007 @Semar01597794 @CetakBalikpapan @swargubenglebah @pr1841788 @KPakdhe @al_nghothot @Handoyo1998 @KerjaDuaPeriode @lindabasah @paquitacumadebu @jokowi @opposite6890 @permadiaktivis @KoRnHurry @Biawak_Buas @StovingRed @bjtzero @andreas_candle @anto_winarno @RelawanJokowiID @Raden_Atmadja @pekaklonto @wr200465 @seperti_kemaren @metal @MetallicaINA @fadlizon @andre_rosiade @ustadtengkuzul @hanumrais @rockygerung @haikal_hassan @mas_piyuuu @CakKhum @LisaAmartaTaraa @DivHumas_Polri Aduuhh kasus ecek2 ratna sarumpet disebut2 trs nih...","1126268697851645952","","SuryoUdoro","in","","0","2","0","https://x.com/undefined/status/1126268697851645952","720085394801295360",
"1126084374175203328","Wed May 08 23:32:16 +0000 2019","0","@Aryprasetyo85 @jokowi @FaGtng @My_LoveNebe @AlvinoLulu @Ernijasin Kubu sebelah sono makin belingsatan. Siap2 dengan aksi2 aneh yg akan mereka pertunjukan.","1126268611776040960","","Aryprasetyo85","in","","0","0","0","https://x.com/undefined/status/1126268611776040960","64613796",
"1126268609037123584","Wed May 08 23:32:16 +0000 2019","1","Ada Setan Gundul TKN Sebut Koalisi Prabowo Rontok #TauCepatTanpaBatas #Pemilu2019 #GueGakGolput. https://t.co/aL4tzbqQn6","1126268609037123584","","","in","","0","0","0","https://x.com/undefined/status/1126268609037123584","47274731",
"1126268582084505600","Wed May 08 23:32:09 +0000 2019","0","@null Ada quot;Setan Gundulquot; TKN Sebut Koalisi Prabowo Rontok Isu setan gundul di https://t.co/2afX1rYBIK","1126268582084505600","","null","in","","0","0","0","https://x.com/undefined/status/1126268582084505600","940602434",
"1126268575914708992","Wed May 08 23:32:08 +0000 2019","0","klo Diskualifikasi jadi siapa pemenangnya? atau minta pemilu ulang? https://t.co/ie4HnHdwcV","1126268575914708992","","","in","","0","0","0","https://x.com/undefined/status/1126268575914708992","18329233",
"1126251019371827200","Wed May 08 23:32:03 +0000 2019","20","@putrabanten80 Suara ulama tdk bisa di beli karna urusanya dgn Allah. Sdh jelas pemilu ini penuh kecurangan yg merugikan kubu 02. Kebenaran akan tetap menang. #TolakHasilKPUTanpaAuditIT #MisteriKematianKPPS","1126268557094862848","","Oku__records","in","","1","0","2","https://x.com/undefined/status/1126268557094862848","1042862752811823104",
"1126268548941271040","Wed May 08 23:32:01 +0000 2019","1","Bareskrim Tangkap Penuduh Jokowi PKI di Tangerang Selatan #jokowi #bareskrim #pki https://t.co/MhbrKURG8v","1126268548941271040","","","in","","0","0","1","https://x.com/undefined/status/1126268548941271040","944180887171743745",
"1126037316332482560","Wed May 08 23:32:00 +0000 2019","2","@PKSejahtera @PriyoBudiS @prabowo Salut sama pks itu yg mendorong keluarga besar mencoblos semua caleg dari dprd kab dprd propinsi dpr pusat walaupun sebagian besar kami gak kenal sama calegnya tp yg mendorong kami memilih pks adalah keteguhan partai PKS dalam membela kebenaran walaupun di jalan berduri...","1126268544964890626","","PKSejahtera","in","","0","0","0","https://x.com/undefined/status/1126268544964890626","1111584059283509250",
"1126109626787741696","Wed May 08 23:31:57 +0000 2019","0","@upie_rifqonline @prabowo Hahaha.. Lah terus aku di tipu emak yg mana?","1126268532398780417","","upie_rifqonline","in","","0","1","0","https://x.com/undefined/status/1126268532398780417","44394054",
"1125975459395657729","Wed May 08 23:31:50 +0000 2019","1","@RinaIsni2 Ndak mundur ndak maju n ndak ush mati dulu. Trus bilang ke @KPU_ID harap kerja dg jujur n baik bila prabowo yg menang umumkan sesuai fakta Itu saja","1126268501226704896","","RinaIsni2","in","","0","0","0","https://x.com/undefined/status/1126268501226704896","1002568703387422720",
"1126133611361521664","Wed May 08 23:31:49 +0000 2019","0","@KingPurwa @prabowo Jelas BTL jagoan gonggong..","1126268496667525120","","KingPurwa","in","","0","0","0","https://x.com/undefined/status/1126268496667525120","1119080700152401930",
"1125993732350926848","Wed May 08 23:31:49 +0000 2019","0","@Lintas_MNCTV @jokowi Kiro2 mudeng ora?","1126268495795122176","","Lintas_MNCTV","in","","0","0","0","https://x.com/undefined/status/1126268495795122176","531858322",
"1126268475981217792","Wed May 08 23:31:44 +0000 2019","0","@jokowi Pak tinjau juga Banyuwangi. Cocok untuk ibukota baru","1126268475981217792","","jokowi","in","","0","0","0","https://x.com/undefined/status/1126268475981217792","1118696002397978625",
"1126179228054052864","Wed May 08 23:31:43 +0000 2019","0","@Nnssrr81 @PandoePertiwi @IreneViena @SBYudhoyono @jokowi Ini berita sebelum pilpres mau adu domba ya mas ","1126268471854022656","","Nnssrr81","in","","0","0","0","https://x.com/undefined/status/1126268471854022656","229900517",
"1126156304144261120","Wed May 08 23:31:37 +0000 2019","0","@Barna_byo @hemaviton99 @cadarmerah @Syarman59 @SRufamin @narkosun @TolakBigotRI @habibthink @ApriliaLin @RizmaWidiono @effendigazali Otaknya pendukung jokowi itu cuman duit dan duit ya tong...parah nih","1126268447732555776","","Barna_byo","in","","0","1","0","https://x.com/undefined/status/1126268447732555776","720085394801295360",
"1126007327109173249","Wed May 08 23:31:37 +0000 2019","10","@MANISPOLOS @wiranto1947 @prabowo @jokowi Apalagi bentar lagi tim BPN buka data C1 siap2 istana gempa","1126268447384453120","","MANISPOLOS","in","","0","0","0","https://x.com/undefined/status/1126268447384453120","912292045313548288",
"1126084374175203328","Wed May 08 23:31:26 +0000 2019","0","@ArdiR98 @PelaksanaAmanat @Aryprasetyo85 @said_fadly_sm @jokowi @FaGtng @My_LoveNebe @AlvinoLulu @Ernijasin Kampret mana mau terima kl si CODOT kalah. Wkwkwkwkwkwk","1126268399825252352","","ArdiR98","in","","0","0","0","https://x.com/undefined/status/1126268399825252352","1107099447580725249",
"1126268396893380608","Wed May 08 23:31:25 +0000 2019","0","lain hari lain yg dikatakan... Luhut: Kasihan Prabowo Jangan Beri Angin Surga Tak Jelas https://t.co/v9eKNW4wh9","1126268396893380608","","","in","","0","0","0","https://x.com/undefined/status/1126268396893380608","1121122182996750337",
"1126237668533084161","Wed May 08 23:31:20 +0000 2019","1","@CNNIndonesia Tiap bikin masalah kalau mau ditindak membuat opini.kalah pemilu giring opini.#DikitDikitOpini","1126268377675091968","","CNNIndonesia","in","","0","0","0","https://x.com/undefined/status/1126268377675091968","1076462890113150976",
"1126268359211831296","Wed May 08 23:31:16 +0000 2019","0","Jokowi Siap Wujudkan Visi Besar Rencana Pemindahan Ibu Kota https://t.co/eNhen5yOhh.","1126268359211831296","","","in","","0","0","0","https://x.com/undefined/status/1126268359211831296","242658203",
"1126199312524820480","Wed May 08 23:31:14 +0000 2019","0","@MurtadhaOne @BareskrimPolri @DivHumas_Polri Dan itu manusia2 lainnya pada manggut2 bilang betull betulll. Lha bilang Cina Cina melulu itu yang Cina bukannya Prabowo dan Hasyim? Yang nyerbu mereka itu dong?","1126268349774589952","","MurtadhaOne","in","","0","0","0","https://x.com/undefined/status/1126268349774589952","3012060457",
"1125778819925848064","Wed May 08 23:31:07 +0000 2019","2","@NandaNuar @RoemahDjoeang02 @dr_koko28 @aiek_esthreem @tigers_killer @liani251 @ihwanm67 @73_hendrawan @mashend72 @hacknet71 @sultan_dogie @dadang_adp @Grockispowerful @nurainiDani @SKartanto @aleeusman5 @MayaIrma02 @AyeshaEvi @ChoerunNia @masduki0905 @Poeqoeh @aksioma02 @riani_212 @VannisaVandy @EcNugroho @fahiraidris @Ochi__BQ09 @Cak_Bram75 @EndangPRS @arlex_wu @GEnlightening @Chaeruddin_B @Jhonayam @SegoTeh @aja_receh @bangun_d @amanda_batrisya @Apina09514060 @TrisnaKSasmita @rockygerung @MbahUyok @Parodi_Negeri @mase_eko3079 @dyanr99 @Anonymcrb @Kang_Gorengann @prabowo Ini salah satu kerja FPI. Salian yg mau bubarin siap siaplah gantikan mereka. #KamiDukungFPi https://t.co/YjTczVmmyS","1126268322893275136","","yeny0207","in","","0","2","0","https://x.com/undefined/status/1126268322893275136","1093699073339609088",
"1126268308833964032","Wed May 08 23:31:04 +0000 2019","0","Jokowi Anggarkan Rp 40 T Buat THR dan Gaji Ke-13 PNS https://t.co/gmzpKjAHcu https://t.co/ueGqHhfWgL","1126268308833964032","https://pbs.twimg.com/media/D6FPDsmUIAA8FCs.png","","in","","0","0","0","https://x.com/undefined/status/1126268308833964032","244134279",
"1126268298490834944","Wed May 08 23:31:02 +0000 2019","10","Prabowo dan PKS paparkan hasil penghitungan ke publik https://t.co/ytfhMInkl6","1126268298490834944","","","in","","1","0","1","https://x.com/undefined/status/1126268298490834944","18071520",
"1126051339887210497","Wed May 08 23:31:01 +0000 2019","0","@Je_Ly @AdianNapitupul1 Betull; Sebagai PTPS sy lihat KPPS rata2 menuliskan 5 surat suara x DPT hadir (No. TPS RW Kel Kec Kota) = 5 000 tulisan 5 x (Plano + C1) x (Capres + Caleg) = 455 lembar x 7 tembusan utk PPS KPUD Kab-Prov-Pusat - Saksi (min 4 saksi) - Bawaslu; Melelahkan sekali;","1126268297253511168","","Je_Ly","in","","0","0","0","https://x.com/undefined/status/1126268297253511168","57546241",
"1126268291440201728","Wed May 08 23:31:00 +0000 2019","0","Jokowi Siap Wujudkan Visi Besar Rencana Pemindahan Ibu Kota https://t.co/eNhen5yOhh","1126268291440201728","","","in","","0","0","0","https://x.com/undefined/status/1126268291440201728","242658203",
"1126181607776198657","Wed May 08 23:30:57 +0000 2019","0","@kompascom Woi..pion² @PartaiDemokrat : @AndiArief__ @FerdinandHaean2 @RachlanNashidik kalian ga ada hak lagi bicara tentang pemilu curang+kpps yg meninggal! Karena satu pun aleg kalian ga ada yg dukung hak angket pemilu ini! Mending kalian bicara tggl brp keluar dari koalisi! ","1126268279167651841","","kompascom","in","","0","1","0","https://x.com/undefined/status/1126268279167651841","39542671",
"1118464267525582849","Wed May 08 23:30:55 +0000 2019","0","@prabowo Banyak kertas suara yang sudah terjoblos","1126268270145822720","","prabowo","in","","0","0","0","https://x.com/undefined/status/1126268270145822720","1126261409686245377",
"1126071438597746688","Wed May 08 23:30:39 +0000 2019","0","@BukanCina @jokowi Gimana bro rasanya kalah pilpres? sukurin.","1126268202349031424","","LekJumbadi","in","","0","1","0","https://x.com/undefined/status/1126268202349031424","2390514978",
"1126125137319718912","Wed May 08 23:30:27 +0000 2019","0","@Fianto94 Kenapa Demokrat nyerang Prabowo Mulu ?? Padahal yang demo bukan BPN","1126268151467892736","","","in","","0","0","0","https://x.com/undefined/status/1126268151467892736","949746212902600704",
"1126268089388023809","Wed May 08 23:30:12 +0000 2019","0","Hasil Sementara Rekapitulasi KPU: Pilpres 2019 01 = 56.23% (63 017 066 suara) 02 = 43.77% (49 057 137 suara) Total suara: 112 074 203 suara TPS diproses: 73.15% (594 963 dari 813 350 TPS) Waktu update KPU: 09/05/2019 06:15 WIB (Sumber data: KPU) #KawalSuara2019","1126268089388023809","","","in","","0","0","0","https://x.com/undefined/status/1126268089388023809","1119851854249127936",
"1126268063358210049","Wed May 08 23:30:06 +0000 2019","0","JAMAN Syukuran atas Kemenangan Rakyat Indonesia dalam Pemilu 2019 https://t.co/GmIVX4ZTih","1126268063358210049","","","in","","0","0","0","https://x.com/undefined/status/1126268063358210049","242658203",
"1126268050750050305","Wed May 08 23:30:03 +0000 2019","0","Data Kawal Pemilu 2019 612 368 TPS dari 817 412 TPS Total (74.92%) Jokowi-Amin | Prabowo-Sandi 55.49% 44.51% Jokowi-Amin: 61 906 295 Prabowo-Sandi: 49 657 338 Suara Sah: 111 369 829 Tidak Sah: 2 782 562 @KawalPemilu2019 #PantauFotoUpload diakses: 2019-05-09 06:30:02","1126268050750050305","","","in","","0","0","0","https://x.com/undefined/status/1126268050750050305","1100921429090983936",
"1125766384997167106","Wed May 08 23:29:53 +0000 2019","0","@MbahUyok Perjuangan masih panjang hindari perpecahan jaga kekompakan agar lebih kuat menghadapi musuh yang nyata musuh bersama: TERORIS PEMILU","1126268009318715393","","MbahUyok","in","","0","0","0","https://x.com/undefined/status/1126268009318715393","119039394",
"1126013528702312448","Wed May 08 23:29:52 +0000 2019","0","@GreenpeaceID @CakKhum @jokowi Itu termasuk demokrasi kn??? ","1126268006995128320","","GreenpeaceID","in","","0","0","0","https://x.com/undefined/status/1126268006995128320","2989580371",
"1122093652602314752","Wed May 08 23:29:46 +0000 2019","10","@arekgubeng2 @fariz1234 @Suka_kopi @rimbo18 @WawanPapAiko @BeritaPSI @SiagianMonang @DsSupriyady @Nunung35Aza @nissaLoveAllah @DjokerGemblung @blackjava007 @Semar01597794 @CetakBalikpapan @swargubenglebah @pr1841788 @KPakdhe @al_nghothot @Handoyo1998 @KerjaDuaPeriode @lindabasah @paquitacumadebu @jokowi @opposite6890 @permadiaktivis @KoRnHurry @Biawak_Buas @StovingRed @bjtzero @andreas_candle @anto_winarno @RelawanJokowiID @Raden_Atmadja @pekaklonto @wr200465 @seperti_kemaren @metal @MetallicaINA @fadlizon @andre_rosiade @ustadtengkuzul @hanumrais @rockygerung @haikal_hassan @mas_piyuuu @CakKhum @LisaAmartaTaraa @DivHumas_Polri Hooyy satu jamaah #KoalisiPrabohong bermain dlm kasus Hoax Oma Ratna Bonyok skrg disebut ecek2 setelah gagal jatuhkan kredkbilitas pemerintahan Jkw. Padahal dulu ngotot agar polisi usut dgn cepat &amp; tuntas giliran ketemu gerombolan penyebar hoax nya kini disebut ecek2. https://t.co/3Py4Bb4rdD","1126267981565022209","https://pbs.twimg.com/ext_tw_video_thumb/1126266810792153089/pu/img/3z14nmmk8rIukmG4.jpg","arekgubeng2","in","","5","5","9","https://x.com/undefined/status/1126267981565022209","1903690375",
"1126122300040867840","Wed May 08 23:29:44 +0000 2019","0","@JajangRidwan19 @fik_1976 Trus kalau kubu anda pak @prabowo teriak keturunan cina.. Kapir dll apa itu tidak menimbulkan perpecahan sesama anak bangsa pak","1126267971121188864","","jr_kw19","in","","0","0","0","https://x.com/undefined/status/1126267971121188864","1073058508474540033",
"1126267957959512064","Wed May 08 23:29:40 +0000 2019","1","Ini bukan rezim pinochete yg totaliter atau junta militer KL kalah pemilu kok mengancam people power ? @DivHumas_Polri @CCICPolri ..mohon diantisipasi hasutan kader Gerindra ini .","1126267957959512064","","","in","","0","0","1","https://x.com/undefined/status/1126267957959512064","88876470",
"1126267942209908736","Wed May 08 23:29:37 +0000 2019","2","Sudah menjadi media televisi luar negri. Biar mereka tau kecurangan Pemilu di Indonesia begitu brutalnya. #DoaRakyatUntukPrabowoSandi","1126267942209908736","","","in","","0","0","1","https://x.com/undefined/status/1126267942209908736","2377644162",
"1126267937533284352","Wed May 08 23:29:36 +0000 2019","1","Kurang seksi nya kematian yg lebih dari 500 petugas pemilu sehingga tdk menarik minat para pemburu berita. Mungkin msh lekat dlm ingatan 1 nyawa(mirna) melayang dikupas seluruh media 24 jam nonstop 500 lbh nyawa tak seberharga 1 nyawa Kopi termahal dlm sejarah kopi jesika","1126267937533284352","","","in","","0","1","0","https://x.com/undefined/status/1126267937533284352","1622353362",
"1126265783233929216","Wed May 08 23:29:29 +0000 2019","0","@antaranews Admin. KPK kok ngurus uang sepuluh juta rupiah padahal Korupsi puluhan Milyard yang dilakukan Mantan Bupati dan telah dilaporkan oleh masyarakat sudah lebih dari lima tahun ke KPK kok TIDAK ditindak lanjuti oleh KPK. KPK tebang pilih @jokowi @KPK_RI @Pak_JK","1126267909611765760","","antaranews","in","","1","0","0","https://x.com/undefined/status/1126267909611765760","1038732578",
"1126071438597746688","Wed May 08 23:29:20 +0000 2019","5","@Anggraini_4yu @jokowi Alhamdulillah Prabowo kalah pilpres. Gerombolan khilafah ketakutan krn ga punya lagi tempat bersembunyi.","1126267873914048512","","Ayu_4ja","in","","0","3","0","https://x.com/undefined/status/1126267873914048512","2390514978",
"1126267843304013824","Wed May 08 23:29:13 +0000 2019","0","Pemilu Afsel Bekas Partai Nelson Mandela Diperkirakan Tetap Menang https://t.co/QhGd9HuGuD","1126267843304013824","","","in","","0","0","0","https://x.com/undefined/status/1126267843304013824","1098589842487816193",
"1126267816057954306","Wed May 08 23:29:07 +0000 2019","0","apakabar @LaNyallaMM1 yg udh ngaku dia dulu yg pertama kali ngasi isu itu??? @fadlizon @Fahrihamzah #PemiluJujurAdil #Fahrihamzah Polisi Tangkap Pemilik Akun yang Menuduh Jokowi PKI https://t.co/JY61jYaVGG","1126267816057954306","","","in","","0","0","0","https://x.com/undefined/status/1126267816057954306","1257489402",
"1126267805018443776","Wed May 08 23:29:04 +0000 2019","0","Jokowi Targetkan 1.852 Km Jalan Tol Beroperasi Akhir 2019 https://t.co/NQSUV1ehZU","1126267805018443776","","","in","","0","0","0","https://x.com/undefined/status/1126267805018443776","242658203",
"1126267795421794304","Wed May 08 23:29:02 +0000 2019","1","Bawaslu menemukan sejumlah kekeliruan dalam pleno kabupaten https://t.co/sk5rB2CJXo","1126267795421794304","","","in","","0","0","3","https://x.com/undefined/status/1126267795421794304","18071520",
"1126267774697754626","Wed May 08 23:28:57 +0000 2019","4","TRAGEDI NASIONAL PEMILU 2019 Telah Mendunia!!! Segera Bentuk TPF Investigasi! Banyak Kejanggalan Terjadi! Pemerintah Hanya Diam!!! Mereka Dikorbankan!??? #SaveOurDemocracy #PrayForIndonesianElectionWorkers","1126267774697754626","","","in","","0","0","2","https://x.com/undefined/status/1126267774697754626","1106770876836413440",
"1126251120303599621","Wed May 08 23:28:50 +0000 2019","0","@gemacan2 @KavindraOemar @prabowo Kami berjuang di lapangan hijau jg bersamamu https://t.co/FDOHDV7S6K","1126267746847563776","https://pbs.twimg.com/media/D6FOh5hUEAAeNiQ.jpg","gemacan2","in","","0","0","0","https://x.com/undefined/status/1126267746847563776","1113062713545056262",
"1125767968896380929","Wed May 08 23:28:48 +0000 2019","0","@CakKhum Semenjak Gagal Ke Parlemen Jaringan Sarafnya Menjadi tidak Stabil bahkan cenderung Lebih GILA dibandingkan Org GILA yg kemaren ikut Pemilu.","1126267739054559232","","suaragagap","in","","0","0","0","https://x.com/undefined/status/1126267739054559232","585884697",
"1126078114864484354","Wed May 08 23:28:45 +0000 2019","0","@detikcom Bagi cebong 500 lebih petugas KPPS meninggal adalah takdir! Hal yg biasa selama junjungan dimenangkan. Nalar dan daya kritisnya sdh punah! Hei bong ini bukan sekedar pilpres ini demi kemanusiaan. Mereka yg meninggal sdh pasti adlh pahlawan skrg buktikn mereka bkn korban!","1126267724768788480","","detikcom","in","","0","0","0","https://x.com/undefined/status/1126267724768788480","1100283395521708037",
"1125951959003828224","Wed May 08 23:28:43 +0000 2019","0","@HalimTeuku @FerdinandHaean2 @hincapandjaitan @jansen_jsp @FerdinandHaean2 itu 2014 pendukung Jokowi yah?","1126267718859014145","","HalimTeuku","in","","0","0","0","https://x.com/undefined/status/1126267718859014145","146738820",
"1125984485441323011","Wed May 08 23:28:35 +0000 2019","1","@MFetih2 @yunartowijaya justru gw berdoa supaya siapapun peserta pemilu baik palslon dan caleg yang berbuat curang akan di nistakan di buka aibnya supaya pemerintahan bersih dari benalu parasit demokrasi...","1126267681663926273","","MFetih2","in","","0","0","0","https://x.com/undefined/status/1126267681663926273","3118531343",
"1126267677155123202","Wed May 08 23:28:33 +0000 2019","0","Prabowo Prihatin atas Upaya Kriminalisasi Tokoh Pendukungnya: https://t.co/WVN94MT1xF via @metrobali","1126267677155123202","","","in","","0","0","0","https://x.com/undefined/status/1126267677155123202","304383364",
"1126267668481208320","Wed May 08 23:28:31 +0000 2019","14","500 orang lebih meninggal dalam pemilu tahun ini adakah bela sungkawa negeri ini kepada mereka. Apakah indonesia saat ini sedang krisis kemanusiaan ??? Apakah ada kejanggalan dan ketidak wajaran dngn banyaknya korban yang meninggal ??? #SaveIndonesia #Kpu https://t.co/0ZTgezuPVt","1126267668481208320","https://pbs.twimg.com/media/D6FOeIRUEAE4GDM.jpg","","in","","1","0","6","https://x.com/undefined/status/1126267668481208320","1118983572587552768",
"1126263374990462977","Wed May 08 23:28:30 +0000 2019","0","@detikcom Apa lagi yg kamu ragukan dengan takdir dan keberuntungan walau 90 % permainan dan kualitas namun ada 10 % yg menentukan... Mirip pilpres juga.. hahahahahahahahah","1126267663359959040","","detikcom","in","","0","0","0","https://x.com/undefined/status/1126267663359959040","984959067775877120",
"1126267606481158144","Wed May 08 23:28:17 +0000 2019","0","Jokowi: Pemindahan Ibu Kota untuk Kepentingan Jangka Panjang https://t.co/NgySPX3f7V","1126267606481158144","","","in","","0","0","0","https://x.com/undefined/status/1126267606481158144","242658203",
"1126267578928762881","Wed May 08 23:28:10 +0000 2019","0","Ketua KPU tak Setuju Ada TPF Kecurangan Pemilu | Republika Online https://t.co/tWCi31bRNt","1126267578928762881","","","in","","0","0","0","https://x.com/undefined/status/1126267578928762881","136641543",
"1126065507411431424","Wed May 08 23:28:08 +0000 2019","0","@KPU_ID @mas_abudiman @novida_evi @hsym_asyari @viryanazis @PramonoUtan @masws1533 @K_Setyawan Menyusun perbaikan pemilu kedepan sngt setuju tetapi yg sudah terjadi bagaimana pertanggung jawabannya ? Yg meninggal bnyk diantaranya sebagai tulang punggung keluarga coba pikirkan itu","1126267570602987520","","KPU_ID","in","","0","0","0","https://x.com/undefined/status/1126267570602987520","1312167690",
"1126212933124366336","Wed May 08 23:28:06 +0000 2019","0","@xiyulinglee @antaranews @harihariono1 @prabowo Ah loe.. media lokal berpihak sama aseng loe diem aja ","1126267562755407872","","xiyulinglee","in","","0","0","0","https://x.com/undefined/status/1126267562755407872","85818737",
"1126176227117678592","Wed May 08 23:27:55 +0000 2019","1","@AnonymousID___ @KomnasHAM @AkunTofa @Fahrihamzah @fadlizon @fahiraidris @prabowo @sandiuno @BertemanM @rockygerung @karniilyas @tvOneNews mungkin @komnasHAM sudah ganti job...wkwkwk","1126267517872136192","","","in","","0","0","0","https://x.com/undefined/status/1126267517872136192","2635300596",
"1126071438597746688","Wed May 08 23:27:54 +0000 2019","0","@jokowi Kapan pak bisa berimpati dgn 554 petugas kpps yg meninggal dunianya pak?sekali2 kunjungi korban yg sakit karena tugas maha berat tersebut pak! Masalah lokasi itu biarlah jadi porsinya mentri bpk.","1126267513619095555","","jokowi","in","","0","0","0","https://x.com/undefined/status/1126267513619095555","1074361889742671872",
"1126267504202903552","Wed May 08 23:27:52 +0000 2019","0","Jokowi: Pemindahan Ibu Kota untuk Kepentingan Jangka Panjang https://t.co/NgySPWLDJl","1126267504202903552","","","in","","0","0","0","https://x.com/undefined/status/1126267504202903552","242658203",
"1126267467213361152","Wed May 08 23:27:43 +0000 2019","2","Dulu sebelum pilpres pgn buru2 tgl 17 april supaya kegilaan berakhir...setelah coblosan ternyata malah lebih gila lagi...skrg pengen buru2 tgl 22 Mei..setelah ini apa lagi? Tunggu di MK?? Semoga kegilaan segera berakhir..","1126267467213361152","","","in","","0","0","1","https://x.com/undefined/status/1126267467213361152","112374300",
"1126267393406164992","Wed May 08 23:27:26 +0000 2019","0","Prabowo pasti menang hanya kecuranganlahh yg menghambat","1126267393406164992","","","in","","0","0","0","https://x.com/undefined/status/1126267393406164992","730828600165834752",
"1126263912620380161","Wed May 08 23:27:24 +0000 2019","2","@salmana10539426 Yg orang cina kapir menghina jokowi kok tdk di tangkap ya?","1126267387840323584","","salman4lfaisi","in","","0","0","0","https://x.com/undefined/status/1126267387840323584","1121738538725195778",
"1126267359893680128","Wed May 08 23:27:18 +0000 2019","0","Tidak pernah belajar.. ucapan kriminalisasi itu kalau tidak ada dasar hukum lalu main Hakim sendiri .. ayo CERDAS DONG BIAR BAWAHAN FANS MU JUGA CERDAS. https://t.co/gwKYJgdAXu","1126267359893680128","","","in","","0","0","0","https://x.com/undefined/status/1126267359893680128","57824146",
"1126267323130597378","Wed May 08 23:27:09 +0000 2019","0","Kala Jokowi Makan Siang Lauk Tempe Bersama Pekerja Pabrik https://t.co/7kqahwi0M7","1126267323130597378","","","in","","0","0","0","https://x.com/undefined/status/1126267323130597378","242658203",
"1126267289752313857","Wed May 08 23:27:01 +0000 2019","1","PMJ siapkan personel antisipasi aksi massa di KPU-Bawaslu https://t.co/kcCwN9OLeR","1126267289752313857","","","in","","0","1","1","https://x.com/undefined/status/1126267289752313857","18071520",
"1125904139731468294","Wed May 08 23:26:59 +0000 2019","0","@hasnul_heru @voaindonesia @Jakatingkir811 @jokowi Alhamdulillah Pak Harto lebih dulu https://t.co/W6FEnAykvM","1126267283121131520","https://pbs.twimg.com/media/D6FOHEPUcAAZc9v.jpg","hasnul_heru","in","","0","0","0","https://x.com/undefined/status/1126267283121131520","1119298260202442752",
"1126267258227920897","Wed May 08 23:26:54 +0000 2019","0","klo pilpres penyelegaranya kemendikbud aja gimana","1126267258227920897","","","in","","0","0","0","https://x.com/undefined/status/1126267258227920897","348312624",
"1126267206172413952","Wed May 08 23:26:41 +0000 2019","0","Kepada pk @prabowo jangan diam berikan berangan untuk lawan atas kecurangan ini kami gk terima bapak dicurangi lagi ini harus direbut kembali perbaiki semua Kedepanya dalam pemilu yg akan datang suarakan terus tegas dan berwibawa. #Setiadukungprabowo","1126267206172413952","","","in","","0","0","0","https://x.com/undefined/status/1126267206172413952","1047689961523138560",
"1126267203047661568","Wed May 08 23:26:40 +0000 2019","0","Prabowo Prihatin atas Upaya Kriminalisasi Tokoh Pendukungnya https://t.co/MFXlFc1PtU via @Bali Netizen","1126267203047661568","","","in","","0","0","0","https://x.com/undefined/status/1126267203047661568","304383364",
"1126106397437906945","Wed May 08 23:26:38 +0000 2019","1","@mkusumawijaya @Asmara_1701 @jokowi Ancam sana ancam sini krn menangnya curang :) Kalau menang terhormat ga mgkn jae bikin masalah :)","1126267194839404544","","mkusumawijaya","in","","0","0","0","https://x.com/undefined/status/1126267194839404544","999854130905546753",
"1089337453712818176","Wed May 08 23:26:31 +0000 2019","2","@Nani3711 @zachary_ahmad @amiraswandary @Muhamma89039524 @abiamr1 @billykoesnadi @tts52517 @saepullohtoto @dintya066927 @Qonstantiniyye @diah_soewarno @doc_tetty88 @Robotu71 @BudiSantosoLimo @Bellysetiawan92 @Anindya09017597 @awaluddin_sadik @DdMulyadi2 @yudi29301079 @MBtjw @AnzaraYuli @Marmut_keren @lizzy02_lizzy @batubara02 @frozen145146 @CTe2303 @rudi2906rs @rukamhamerrii @DK_2_INDONESIA @endang_nz @Innayaputri72 @bryanvandersoon @hadid501 @Lutfimuhamad08 @Joko_Ganesha @ngizroil13 @PadiOyan @HasanBa81886194 @Herkholis2 @Umbuisback @Suparno08052468 @rizqi_property @GEMACAN70______ @Riva1410 @Afood11 @Aswin_fadillah @rereronggolawe @JackKellinBert @Zsoer90 @prabowo Siap2 nyangkul ke sawah #KamiDukungFPi #KamiBersamaUBN","1126267164770443264","","Nani3711","in","","0","1","1","https://x.com/undefined/status/1126267164770443264","892015585231380480",
"1126071438597746688","Wed May 08 23:26:28 +0000 2019","0","@jokowi Nah...Ya itu memang Ciri Ciri org Indinesia Temenan Pak... Musyawarah dan Mufakat Ok....Lanjut Pak. Slam Hrmat...Bravo NKRI. Merdeka... ","1126267150392410113","","jokowi","in","","0","0","0","https://x.com/undefined/status/1126267150392410113","1063712616529321984",
"1126066697582989313","Wed May 08 23:26:21 +0000 2019","1","@dodiubay14 @TranceX9 Ya ada sedikit keuntungan juga bagi pak Prabowo Krn saat itu beliau tersandung dgn peraturan PT 20%","1126267123196547072","","dodiubay14","in","","0","1","0","https://x.com/undefined/status/1126267123196547072","1001561359882977281",
"1126248246911750144","Wed May 08 23:26:16 +0000 2019","0","@azzahhada @SiaranBolaLivee Padahal target gw fans Barca sama Real Madrid tapi kenapa yg merasa Fansnya Prabowo.. https://t.co/AhTlrunjlj","1126267102413737984","https://pbs.twimg.com/tweet_video_thumb/D6FN9FaUYAAIMg2.jpg","azzahhada","in","","0","1","0","https://x.com/undefined/status/1126267102413737984","1581635803",
"1126267060026085376","Wed May 08 23:26:06 +0000 2019","0","Saya ingatka pak @jokowi ingatlah perbuatanmu semuanya bakal dipertanggungung jawabkan kerja yg benar jgn tipu rakyat dan bangsa indonesia tidak lama lagi malaikat maut akan menjemputmu","1126267060026085376","","","in","","0","1","0","https://x.com/undefined/status/1126267060026085376","778316847364055040",
"1126266996486746112","Wed May 08 23:25:51 +0000 2019","0","#Dukung KPU Mahasiswa Peduli Demokrasi Kecam Upaya Delegitimasi Hasil Pemilu - iNews https://t.co/ChCBNgIfXo #Demokrasi #Indonesia","1126266996486746112","","","in","","0","0","0","https://x.com/undefined/status/1126266996486746112","2919772580",
"1126266989121540096","Wed May 08 23:25:49 +0000 2019","0","#Live Mata Najwa Trans 7 Malam Ini 'Demi Demokrasi' Kesaksian Keluarga Petugas Pemilu yang Wafat - Tribun Timur https://t.co/Y6MVBfdSAg #Demokrasi #Indonesia","1126266989121540096","","","in","","0","0","0","https://x.com/undefined/status/1126266989121540096","2919772580",
"1126266984021336064","Wed May 08 23:25:48 +0000 2019","0","#Pemilu Serentak 2019 Dinilai Jadi Catatan Sejarah Demokrasi Indonesia - iNews https://t.co/p60E80BPqc #Demokrasi #Indonesia","1126266984021336064","","","in","","0","0","0","https://x.com/undefined/status/1126266984021336064","2919772580",
"1126266981685047296","Wed May 08 23:25:48 +0000 2019","0","#OPINI : Pemilu dan Pahlawan Demokrasi Kita - https://t.co/mgzG3i9RoS https://t.co/Uml9Rem9DB #Demokrasi #Indonesia","1126266981685047296","","","in","","0","0","0","https://x.com/undefined/status/1126266981685047296","2919772580",
"1126266953876684800","Wed May 08 23:25:41 +0000 2019","18","Peristiwa meninggalnya ratusan anggota Kelompok Peyelenggara Pemungutan Suara (KPPS) harus diusut tuntas supaya terang benderang apa yang menjadi PENYEBAB nya.. https://t.co/clotvge4fz","1126266953876684800","","","in","","0","1","6","https://x.com/undefined/status/1126266953876684800","1060450600993714176",
"1125686151459688448","Wed May 08 23:25:40 +0000 2019","0","@valenthomas46 @musniumar Jokowi juga punya rakyat pak punya do'a seluruh auliya' di Indonesia bahkan do'a dari ibu kandungnya sendiri. Ingat! Do'a ibu lebih mustajab dari 1000 wali quthub.","1126266948541509632","","","in","","0","0","0","https://x.com/undefined/status/1126266948541509632","3067327033",
"1126217780510879745","Wed May 08 23:25:36 +0000 2019","0","@BrigadeFPI Kan yg mati orang kaya msih keturunan cina klo gk salah. Media mextrim kn kebanyakan bosnya turunan cina. 2019 bpk prabowo menang media tv yg propaganda harus di hanguskan.","1126266931995013121","","BangSjahrir","in","","1","1","0","https://x.com/undefined/status/1126266931995013121","975768755979485184",
"1126266927335133184","Wed May 08 23:25:35 +0000 2019","0","Alumni Trisakti untuk Jokowi Gelar Syukuran Bersama Warga https://t.co/b0u3HZn6hO","1126266927335133184","","","in","","0","0","0","https://x.com/undefined/status/1126266927335133184","242658203",
"1126212933124366336","Wed May 08 23:25:34 +0000 2019","0","@antaranews Soal nya para media lokal lbh condong kpd kacung nya China apa salah nya jg Pak @prabowo kpd asing jg","1126266922679410689","","antaranews","in","","0","0","0","https://x.com/undefined/status/1126266922679410689","85818737",
"1125907685344333824","Wed May 08 23:25:28 +0000 2019","0","@ipit_saefidier @aagym Sdrku klo boleh tau jokowi di fitnah ap? Shingga sampai dibombardir???","1126266899216515072","","","in","","0","0","0","https://x.com/undefined/status/1126266899216515072","1084768262108241920",
"1126266832338296832","Wed May 08 23:25:12 +0000 2019","0","Wawali Surabaya Ingin Ada Evaluasi Pelaksanaan Pemilu Serentak https://t.co/bAngdPz48r https://t.co/J0W3hK2OVe","1126266832338296832","https://pbs.twimg.com/media/D6FNtymUcAAvyOd.jpg","","in","","0","0","0","https://x.com/undefined/status/1126266832338296832","1110181801333391361",
"1126013528702312448","Wed May 08 23:25:09 +0000 2019","0","@GreenpeaceID @jokowi Untuk melindungi donatur !!","1126266818207682560","","GreenpeaceID","in","","0","0","0","https://x.com/undefined/status/1126266818207682560","749903056859377664",
"1126266800792952832","Wed May 08 23:25:04 +0000 2019","0","Nasdem itu mengawal kabinet bukan mengawal para menteri. https://t.co/ylIw26Kt6V","1126266800792952832","","","in","","0","0","0","https://x.com/undefined/status/1126266800792952832","22126902",
"1126266795826900992","Wed May 08 23:25:03 +0000 2019","0","BPN Tanggapi Santai Klaim Kemenangan 80 Juta Suara Jokowi-Maruf #TauCepatTanpaBatas #Pemilu2019 #GueGakGolput. https://t.co/0HkePtCwPq","1126266795826900992","","","in","","0","0","1","https://x.com/undefined/status/1126266795826900992","47274731",
"1126266752369811456","Wed May 08 23:24:53 +0000 2019","8","Prabowo Desak Pemerintah Lakukan Visum Ke Petugas KPPS Yang Gugur https://t.co/1GXAPflVKo https://t.co/s4t8XR3tUy","1126266752369811456","https://pbs.twimg.com/media/D6FNpD9UUAAqzbB.jpg","","in","","0","1","2","https://x.com/undefined/status/1126266752369811456","1113316434157789184",
"1126076260424151042","Wed May 08 23:24:53 +0000 2019","2","@Jufreepdp @ArdiansyahNu @Alvaro39447604 Itu obrolan antara para pendukung prabowo dg almukarom yai Moen keb3tulan ada keponakan jg","1126266750645915648","","Jufreepdp","in","","0","0","0","https://x.com/undefined/status/1126266750645915648","117281173",
"1126265859301752832","Wed May 08 23:24:48 +0000 2019","0","@Nadiku18 Betul. Memang Pak Prabowo yg menang semoga kita dikuatkan dan diberi petunjuk untuk mengesahkannya","1126266731939295232","","effendi____","in","","0","0","0","https://x.com/undefined/status/1126266731939295232","368116359",
"1125938786012020736","Wed May 08 23:24:42 +0000 2019","0","@jokowi Utang BPJS bayar dong 500 petugas pemilu tewas prihatin dong..jangan ngurusin yg gk penting..","1126266708098863104","","jokowi","in","","0","0","0","https://x.com/undefined/status/1126266708098863104","67073698",
"1126164763317133312","Wed May 08 23:24:42 +0000 2019","0","@sandiuno @jokowi jokododok gak ada suaranya..","1126266707679399937","","sandiuno","in","","0","0","0","https://x.com/undefined/status/1126266707679399937","959677421862641664",
"1122097182885027841","Wed May 08 23:24:39 +0000 2019","0","@ahrisam_ @prabowo Hahaha begitukah rindu menurut anda sam?","1126266695721426944","","ahrisam_","in","","0","1","0","https://x.com/undefined/status/1126266695721426944","1029669470489305089",
"1126266650552979456","Wed May 08 23:24:29 +0000 2019","0","Hari Air Sedunia 2019 Jokowi Terus Tingkatkan Akses Air untuk Rakyat https://t.co/B3d02rQFk6","1126266650552979456","","","in","","0","0","0","https://x.com/undefined/status/1126266650552979456","242658203",
"1126150425978138624","Wed May 08 23:24:02 +0000 2019","1","@SangAbdi6 @ASapardan Aq penggemar ayam bangkok Tp aq bukan penggemar prabowo..","1126266539441774592","","","in","","0","0","0","https://x.com/undefined/status/1126266539441774592","3277134913",
"1126044987089494016","Wed May 08 23:23:57 +0000 2019","0","@hakasasiid @haris_azhar @AlghifAqsa @lokataru_id Hasil pemilu yang menghasilkan duka.korban berjatuhan yang tidak wajar.","1126266519460048896","","hakasasiid","in","","0","0","0","https://x.com/undefined/status/1126266519460048896","1091540583737319424",
"1126266473712775168","Wed May 08 23:23:47 +0000 2019","0","Kontroversi Hendropriyono Disambar Prabowo https://t.co/K6Hyna2G0U","1126266473712775168","","","in","","0","0","0","https://x.com/undefined/status/1126266473712775168","1121122182996750337",
"1126266439122411520","Wed May 08 23:23:38 +0000 2019","0","Bismillaahirrohmanirrohim Semoga ALLAAH mudahkan lancarkan prabowo sebagai presiden NKRI 2019-2024 Aamiin y ALLAAH","1126266439122411520","","","in","","0","0","0","https://x.com/undefined/status/1126266439122411520","1115755646668824577",
"1125778819925848064","Wed May 08 23:23:36 +0000 2019","8","@NandaNuar @RoemahDjoeang02 @dr_koko28 @aiek_esthreem @tigers_killer @liani251 @ihwanm67 @73_hendrawan @mashend72 @hacknet71 @sultan_dogie @dadang_adp @Grockispowerful @nurainiDani @SKartanto @aleeusman5 @MayaIrma02 @AyeshaEvi @ChoerunNia @masduki0905 @Poeqoeh @aksioma02 @riani_212 @VannisaVandy @EcNugroho @fahiraidris @Ochi__BQ09 @Cak_Bram75 @EndangPRS @arlex_wu @GEnlightening @Chaeruddin_B @Jhonayam @SegoTeh @aja_receh @bangun_d @amanda_batrisya @Apina09514060 @TrisnaKSasmita @rockygerung @MbahUyok @Parodi_Negeri @mase_eko3079 @dyanr99 @Anonymcrb @Kang_Gorengann @prabowo https://t.co/kqZXiANeIq Cuma karena tidak terpublikasi bukan berarti FPI tidak ada kontribusi. Apa kalian bisa gantikan sumbangsih mereka. Silahkan bubarkan siaplah gantikan posisi. Mari berhitung yang benar. Jangan sampai Indonesia rugi gegara ini.. #KamiDukungFPi","1126266431702593536","","yeny0207","in","","0","3","1","https://x.com/undefined/status/1126266431702593536","1093699073339609088",
"1126266386022486016","Wed May 08 23:23:26 +0000 2019","0","Psikologis Menang. https://t.co/o4eRUBeoDr","1126266386022486016","","","in","","0","0","0","https://x.com/undefined/status/1126266386022486016","57824146",
"1126266351721410560","Wed May 08 23:23:17 +0000 2019","0","Karena Palsu gampang.. Tinggal lacak siapa yang memalsukan.. dari kubu 01 atau 02...? Kan bisa dilacak.. - dikirim ke mana.. - dikirin dari mana.. -... https://t.co/X9fzYJK4Xf","1126266351721410560","","","in","","0","0","0","https://x.com/undefined/status/1126266351721410560","456449625",
"1126043260143587328","Wed May 08 23:23:14 +0000 2019","0","@FerdinandHaean2 @wiranto1947 Menteri segala musim dan skrg menjadi menteri segala urusan ini yg terus membuat gaduh negeri ini...selayaknya para anggota dpr ri ytk lantang meminta jokowi turunkan dia!","1126266338886864896","","FerdinandHaean2","in","","0","0","0","https://x.com/undefined/status/1126266338886864896","1073624263377076224",
"1126013528702312448","Wed May 08 23:23:07 +0000 2019","0","@GreenpeaceID @jokowi Boleh tapi hanya untuk menyerang lawan politik :)","1126266308918558725","","GreenpeaceID","in","","0","0","0","https://x.com/undefined/status/1126266308918558725","222030604",
"1126263401171378176","Wed May 08 23:23:05 +0000 2019","2","@nieke_aereta @prabowo Ngaaaaaaakkkkk 🇮🇩 . Kan Punya #KartuAntiProsesPOLISI Tantee....","1126266299804315648","","nieke_aereta","in","","0","0","1","https://x.com/undefined/status/1126266299804315648","1053857295023595521",
"1126264966204420097","Wed May 08 23:22:59 +0000 2019","10","@AkunTofa Terorisme sering muncul pada saat suasana pilpres...!!!! ","1126266274961477632","","AkunTofa","in","","0","0","0","https://x.com/undefined/status/1126266274961477632","1109137033878880256",
"1126266263825575937","Wed May 08 23:22:56 +0000 2019","7","Gerindra dan PKS usul pembentukan Pansus Pemilu PAN dan Partai Demokrat bungkam Bagaimana jika Gerindra dan PKS menolak penetapan hasil Pemilu 22 Mei oleh KPU tapi Partai Demokrat dan PAN menerima?","1126266263825575937","","","in","","0","3","3","https://x.com/undefined/status/1126266263825575937","845078592",
"1126266238416474113","Wed May 08 23:22:50 +0000 2019","0","Jokowi Dorong Citarum Harum Jadi Model Penataan Sungai https://t.co/jfXS8n43sx","1126266238416474113","","","in","","0","0","0","https://x.com/undefined/status/1126266238416474113","242658203",
"1126016340861390848","Wed May 08 23:22:35 +0000 2019","0","@kompascom KPU fokus saja penghitungan suara sampai pengumuman resmi pemenang pilpres tgl. 22/5/19. Biarkan saja baliho prabowo-sandi presiden-wkl presiden sebagai hiburan.","1126266173006290948","","kompascom","in","","0","0","0","https://x.com/undefined/status/1126266173006290948","971741794391113728",
"1125565987539972096","Wed May 08 23:22:35 +0000 2019","0","@EdySuroso16 Apa kata Dunia..!!! Soal kecurangan pemilu.dan korbannya kpps dan polri mohon diusut.","1126266171991265280","","EdySuroso16","in","","0","0","0","https://x.com/undefined/status/1126266171991265280","1120004685836906496",
"1125992180462391297","Wed May 08 23:22:34 +0000 2019","0","@HukumDan @msaid_didu Berarti pilpres ulang donk... ","1126266167604043776","","HukumDan","in","","0","0","0","https://x.com/undefined/status/1126266167604043776","1085423606",
"1125686151459688448","Wed May 08 23:22:27 +0000 2019","1","@musniumar Kita percayakan saja pada takdir ALLAH. Jk ALLAH takdirkan @jokowi jadi presiden kita wajib terima &amp; jk ALLAH takdirkan @prabowo tidak jadi presiden kita juga wajib terima!","1126266139305099264","","","in","","0","0","0","https://x.com/undefined/status/1126266139305099264","3067327033",
"1126149856618094593","Wed May 08 23:22:16 +0000 2019","2","@tempodotco pak Prabowo jangan beri contoh yang tdk baik unt masyarakat. sejarah akan mencatat apa yg sdh anda lakukan dalam pilpres 2019.","1126266095894028288","","tempodotco","in","","0","0","0","https://x.com/undefined/status/1126266095894028288","1086151747058298880",
"1126266067569893376","Wed May 08 23:22:10 +0000 2019","0","@null BPN Tanggapi Santai Klaim Kemenangan 80 Juta Suara Jokowi-Ma'ruf Badan Pemenanga https://t.co/3tdyqHI2yT","1126266067569893376","","null","in","","0","0","0","https://x.com/undefined/status/1126266067569893376","940602434",
"1126078114864484354","Wed May 08 23:22:06 +0000 2019","0","@Diezpung1 @Mahadew85300302 @detikcom @prabowo @AkunTofa @jokowi btul mba. @Mahadew85300302 ini twit nya ga istiqomah. sblmnya bilang mukidi sma 200 (mksdnya ngatain cebong kan) setelahnya ga mau dosa caci maki. mngolok olok orang itu dosa jg kan? minta maaf ga sma yg diolok2 itu aj udh ga bagus hablumminannaas nya.","1126266052688564224","","Diezpung1","in","","0","0","0","https://x.com/undefined/status/1126266052688564224","2326199426",
"1126266040638304257","Wed May 08 23:22:03 +0000 2019","15","KPU menyebut ada 456 orang petugas KPPS yang meninggal dan 4.310 lainnya yang sakit. https://t.co/EGz8P9Psg8","1126266040638304257","","","in","","4","3","8","https://x.com/undefined/status/1126266040638304257","759692754985242625",
"1126071438597746688","Wed May 08 23:21:38 +0000 2019","0","@iqbale_juni @safarta @randualit @jokowi Panutan qu sekali ","1126265936468512768","","","in","","0","0","1","https://x.com/undefined/status/1126265936468512768","881143200676667392",
"1126106397437906945","Wed May 08 23:21:33 +0000 2019","0","@mkusumawijaya @roninpribumi @jokowi Takut","1126265914683314176","","mkusumawijaya","in","","0","0","0","https://x.com/undefined/status/1126265914683314176","843017804278202368",
"1126243926740836354","Wed May 08 23:21:31 +0000 2019","0","@maman1965 Twit ini sangat PAS nasihat untuk @prabowo","1126265905384583168","","maman1965","in","","0","0","0","https://x.com/undefined/status/1126265905384583168","402696427",
"1126265903069294593","Wed May 08 23:21:30 +0000 2019","0","Setan Gundul: Cara Demokrat Tinggalkan Prabowo dan Loloskan AHY - https://t.co/uvq4CT5wsp https://t.co/8tINls3qaY","1126265903069294593","","","in","","0","0","0","https://x.com/undefined/status/1126265903069294593","78594568",
"1126013528702312448","Wed May 08 23:21:18 +0000 2019","0","@GreenpeaceID @ZAEffendy Kok pas debat pilpres berani buka HGU pak prabowo kesannya tidak menghargai lawan debat yg jantan dong klo sudah berani buka buka semuanya jgn di tutup2in","1126265850615324673","","GreenpeaceID","in","","0","0","0","https://x.com/undefined/status/1126265850615324673","1111584059283509250",
"1126265779647684608","Wed May 08 23:21:01 +0000 2019","0","Hingga Pagi Ini Jokowi-Maruf Perolehan 63.011.779 Suara https://t.co/hmVqjV2RT3","1126265779647684608","","","in","","0","0","0","https://x.com/undefined/status/1126265779647684608","1099512765314564096",
"1118587033474048000","Wed May 08 23:20:59 +0000 2019","0","@andiarif46 @prabowo Sdh menang 62% kok masih teriak kecurangan ada dimana² kan lucu","1126265772911652865","","andiarif46","in","","0","0","0","https://x.com/undefined/status/1126265772911652865","1089185720206471168",
"1126078114864484354","Wed May 08 23:20:46 +0000 2019","0","@LinkCare4 @detikcom Mereka meninggal tentu ada surat keterangan kematian dari Dokter dan Rumah Sakit. Jika ada yg aneh secara medis pasti muncul rekomendasi dilakukan visum nyatanya tidak ada. Sekarang koq malah politisi kalah pilpres yg ngotot minta visum kapasitasnya apa ?","1126265715525165061","","","in","","0","0","0","https://x.com/undefined/status/1126265715525165061","78754224",
"1126265673208832000","Wed May 08 23:20:36 +0000 2019","0","MasyaALLAH. Dapat julukan sbg HABIB kok tdk memberi contoh yg baik. Malah mengumbar LisanNya. Ente itu tidak ada d indo saat pemilu. Text yg ente baca itu kiriman orang suruhan mu yg d indo. Jd JANGAN terus2an nyebar fitnaH. Puasa bukan cuma nahan lapar Tp Puasakan jg LISAN MU","1126265673208832000","","","in","","0","0","0","https://x.com/undefined/status/1126265673208832000","1115993460912164864",
"1126263401171378176","Wed May 08 23:20:27 +0000 2019","2","@nieke_aereta @prabowo Mboten mbakyu..... Org2 tsb malah dikasih quota 2 giga + nasi bungkus","1126265637741813760","","nieke_aereta","in","","0","0","1","https://x.com/undefined/status/1126265637741813760","4420337413",
"1126035292857651201","Wed May 08 23:20:23 +0000 2019","3","@vintenas @Fahrihamzah @fahiraidris @fadlizon @Dahnilanzar @DPR_RI @MPRnews @sandiuno pemilu yg miris sekali dan penuh dg kecurangan total. #TolakHasilKPUTanpaAuditIT #TolakHasilKPUTanpaAuditIT #TolakHasilKPUTanpaAuditIT #TolakHasilKPUTanpaAuditIT","1126265622042513409","","vintenas","in","","0","0","0","https://x.com/undefined/status/1126265622042513409","801711329128001536",
"1125771282828578821","Wed May 08 23:20:19 +0000 2019","0","@oethoey @nenggusti @SuwandaBen Prabowo khitan dimana....","1126265604569088001","","oethoey","in","","0","1","0","https://x.com/undefined/status/1126265604569088001","1039181808594604032",
"1126094700283219969","Wed May 08 23:20:12 +0000 2019","0","@KingPurwa @prabowo Namanya juga Rezim Jahiliyah kalau kecurangan dgn latar belakang salah hitung dan data c1 yg berbeda dr aslinya makin akan memperburuk indonesia dgn pemimpin yg tdk punya watak pemimpin dan bertanggung jawab.","1126265573501849600","","KingPurwa","in","","0","0","0","https://x.com/undefined/status/1126265573501849600","3236618732",
"1125806879802777601","Wed May 08 23:20:04 +0000 2019","0","@Ingah83316772 @Cobeh09 @bebek_goes Mereka memang keluarga yg lucu emak nya pilih prabowo meski tdk ikut jd timses/mengkampanyekan prabowo tp anaknya sibuk kampanye dkung ngaciro","1126265542380179456","","Ingah83316772","in","","0","0","0","https://x.com/undefined/status/1126265542380179456","759725828775084033",
"1126111375942488066","Wed May 08 23:20:00 +0000 2019","0","@BUKANdigembok @prabowo Banyak sekali skenario nya.. Siapa sih pemikirnya?","1126265523828690945","","BUKANdigembok","in","","0","0","0","https://x.com/undefined/status/1126265523828690945","850296967",
"1126265497740165120","Wed May 08 23:19:54 +0000 2019","0","Nasional unggul kalau jujur Tp kan pemilu curang..","1126265497740165120","","","in","","0","0","0","https://x.com/undefined/status/1126265497740165120","809422705170649093",
"1126161114117492736","Wed May 08 23:19:32 +0000 2019","1","@Metro_TV bohong...lah kecurangan pemilu itu aksi inkonstitusional...pemerintah diem2 aja..bukti udah dimana2..kalem2 aja","1126265407222890498","","Metro_TV","in","","0","0","0","https://x.com/undefined/status/1126265407222890498","1124997927061975040",
"1126265404651786240","Wed May 08 23:19:32 +0000 2019","0","Menag Lukman Banyak Dipanggil KPK Jokowi Bakal Reshuffle Habis Lebaran? PPP Siapkan Kader https://t.co/ja01RKVOM0","1126265404651786240","","","in","","0","0","0","https://x.com/undefined/status/1126265404651786240","612738237",
"1126110922005606400","Wed May 08 23:19:24 +0000 2019","0","@UNITEDFANS91 Habis selfi langsung pulang yah cak udah kaya jokowi penuh pencitraan ","1126265373899145217","","","in","","0","0","0","https://x.com/undefined/status/1126265373899145217","1088010242",
"1126265306123460608","Wed May 08 23:19:08 +0000 2019","0","tahun politik kali ini luar biasa sinting karena pake isu SARA untung pak Jokowi orang Islam juga ... kalo pak BTP wah tgl 18 April mungkin sudah kerusuhan di mana2 JWord memang !","1126265306123460608","","","in","","0","0","0","https://x.com/undefined/status/1126265306123460608","213519344",
"1126092784044204032","Wed May 08 23:19:06 +0000 2019","0","@EV220622 @AhNkri @prabowo Tolong pak @mohmahfudmd ini ada yg ktnya pejabat negara perlu pembinaan biar gak rasis #KamiDukungFPi #KamiDukungFPi","1126265297151774720","","","in","","0","1","0","https://x.com/undefined/status/1126265297151774720","832858703699152896",
"1126071438597746688","Wed May 08 23:18:56 +0000 2019","0","@jokowi Ga bs bersaing sm pak anies maka ibukota dipindah ya pak?? Pak anies jg sih... Duta besar dtg ke pak anies tamu negara dtg ke pak anies...","1126265253749067777","","jokowi","in","","0","0","0","https://x.com/undefined/status/1126265253749067777","809422705170649093",
"1126265237319979008","Wed May 08 23:18:52 +0000 2019","0","Direktur Eksekutif Survei Y-Publica Rudi Hartono memaparkan tingkat kepuasan masyarakat pada pemerintahan Jokowi - Jusuf Kalla saat ini sebanyak 72 2 persen. #2019JokowiKyaiMaruf #JokowiKHMarufUnggulanKita #DerinDiPRO2FM #InterBarça https://t.co/dCdHQivkZs","1126265237319979008","","","in","","0","0","0","https://x.com/undefined/status/1126265237319979008","1036458406846943232",
"1125376425425494028","Wed May 08 23:18:47 +0000 2019","0","@P3nj3l4j4h @Ronnie_Rusli Video beginian yg untungin 01 lebih banyak 73 rb kecurangan nguntungin 01 sdh dibawa ke bawaslu mau disidangkan KPU nggak siap. Ayo dorong dibentuk TGPF Pemilu curang. Kenapa 01&amp;KPU takut? TGPF adalah cara meredam people power. Jangan kecurangan TSM didiamkan rakyat marah!","1126265219062222848","","P3nj3l4j4h","in","","0","0","0","https://x.com/undefined/status/1126265219062222848","1092699893271977985",
"1125742894264938501","Wed May 08 23:18:25 +0000 2019","0","@KontraS Wiranto itu saat ini sedang panik di Hanura partai yg didirikan tidak laku krn tidak transparan. Sbentar lg juga dirurunkan krn tdk dipakai lg olh jokowi jd dia berusaha jilat sana jilat sini.","1126265126862999552","","KontraS","in","","0","0","0","https://x.com/undefined/status/1126265126862999552","60609647",
"1126129764152963072","Wed May 08 23:17:56 +0000 2019","0","@Agusmamang3 @VIVAcoid @sandiuno @prabowo Nahhh inii","1126265003584016384","","Agusmamang3","in","","0","0","0","https://x.com/undefined/status/1126265003584016384","533862730",
"1126264985397497856","Wed May 08 23:17:52 +0000 2019","0","Bismillaahirrohmanirrohim Prabowo presiden NKRI 2019-2024 smg ALLAAH mudahkan &amp; lancarkan semuanya... Aamiin y ALLAAH","1126264985397497856","","","in","","0","0","0","https://x.com/undefined/status/1126264985397497856","1115755646668824577",
"1126264970440839169","Wed May 08 23:17:48 +0000 2019","1","Pelanggaran Pemilu Caleg Perempuan PKS Divonis 4 Bulan Penjara di Ciamis #calegperempuanpks #ciamis #pelanggaranpemilu #divonis4bulanpenjara https://t.co/6TO8SOJxET","1126264970440839169","","","in","","0","0","1","https://x.com/undefined/status/1126264970440839169","944180887171743745",
"1126264946315018241","Wed May 08 23:17:42 +0000 2019","0","Prabowo Jelaskan Kebohongan Pemilu 2019 https://t.co/a8sv4gM3EV #indoharianews #BeritaSonora #beritaterkini #beritaviral #beritabola #prabowohalu #KPUNgejarQuickCount #PemiluSuksesDamai #AJATOT #Spurs #Tottenham #KetuaTogel #KepalaTogel #bandartogelterpercaya #UCLfinal #COYS https://t.co/TjnQADD0K0","1126264946315018241","https://pbs.twimg.com/media/D6FLsb1U8AAMW3B.png","","in","","0","0","0","https://x.com/undefined/status/1126264946315018241","1080383515038932992",
"1126264918905200640","Wed May 08 23:17:36 +0000 2019","0","Ketua MUI Pimpinan Ponpes dan Tokoh Masyarakat Ciamis Puji Pemilu 2019 https://t.co/JCDmdq3Y7m via @tribunnews","1126264918905200640","","","in","","0","0","0","https://x.com/undefined/status/1126264918905200640","179734800",
"1126263401171378176","Wed May 08 23:17:36 +0000 2019","0","@nieke_aereta @prabowo Pertanyaan retoris nich teh ...","1126264918175469568","","nieke_aereta","in","","0","0","0","https://x.com/undefined/status/1126264918175469568","1115866837571506178",
"1126264874915336192","Wed May 08 23:17:25 +0000 2019","0","#KamiBersamaUBN #KamiBersamaUlama Bela Ustaz Bachtiar Nasir Prabowo: Ini Kriminalisasi Ulama - VIVA https://t.co/NoWavVSpdQ","1126264874915336192","","","in","","0","0","0","https://x.com/undefined/status/1126264874915336192","1118545812198322176",
"1125778819925848064","Wed May 08 23:17:23 +0000 2019","7","@NandaNuar @RoemahDjoeang02 @dr_koko28 @aiek_esthreem @tigers_killer @liani251 @ihwanm67 @73_hendrawan @mashend72 @hacknet71 @sultan_dogie @dadang_adp @Grockispowerful @nurainiDani @SKartanto @aleeusman5 @MayaIrma02 @AyeshaEvi @ChoerunNia @masduki0905 @Poeqoeh @aksioma02 @riani_212 @VannisaVandy @EcNugroho @fahiraidris @Ochi__BQ09 @Cak_Bram75 @EndangPRS @arlex_wu @GEnlightening @Chaeruddin_B @Jhonayam @SegoTeh @aja_receh @bangun_d @amanda_batrisya @Apina09514060 @TrisnaKSasmita @rockygerung @MbahUyok @Parodi_Negeri @mase_eko3079 @dyanr99 @Anonymcrb @Kang_Gorengann @prabowo https://t.co/d9SZImVEag Karena ini #KamiDukungFPi","1126264865918554112","","NandaNuar","in","","0","5","1","https://x.com/undefined/status/1126264865918554112","1093699073339609088",
"1126264863100030977","Wed May 08 23:17:23 +0000 2019","0","Memberikan kesempatan Pak jokowi untuk Kembali memimpin bukan tentang melanggengkan kekuasaan tapi dalam rangka mengadministrasikan keadilan sosial. #Jokowi2Periode #2019JokowiMaruf","1126264863100030977","","","in","","0","0","0","https://x.com/undefined/status/1126264863100030977","1036464505943818241",
"1126264855759998977","Wed May 08 23:17:21 +0000 2019","0","Kawan2 jangan hiraukan oleh pasukan golput yg cuitanya memojokan pasangan Capres &amp; cawapres jokowi &amp; Hk Ma'ruf Amin. Bila perlu Ras dan blokir akun 2 mereka. Cuitan ujaran kebencian &amp; provokasi blokir! #JokowiMarufAmin2019 #Jokowi2Periode #2019KitaPilihJokowiAja","1126264855759998977","","","in","","0","0","0","https://x.com/undefined/status/1126264855759998977","1027144114624585729",
"1126264788739248128","Wed May 08 23:17:05 +0000 2019","0","Bukankah rakyat punya hak mengawasi semua yg menyangkut pemilu krn itu pesta rakyat @DivHumas_Polri penegakan hukum tdk bermoral hy hancurkan Wibawa institusi","1126264788739248128","","","in","","0","0","0","https://x.com/undefined/status/1126264788739248128","3321423907",
"1126264715712323586","Wed May 08 23:16:47 +0000 2019","0","Prabowo-Sandi Klaim Kemenangan PDI Perjuangan: Itu Dipatahkan Data Rekapitulasi | Politics https://t.co/OrvqZzQEUj","1126264715712323586","","","in","","0","0","0","https://x.com/undefined/status/1126264715712323586","202559038",
"1126264694019223552","Wed May 08 23:16:42 +0000 2019","0","mungkin ini yang dinamakannya dengan uji statistik oknum kecurangan yang terjadi di lembaga kpu setidaknya nanti hasil kerja kpu itu harus tetap di uji kebenarannya terlepas siapa saja yang menang/kalah. cc @prabowo @fadlizon @Fahrihamzah @Gerindra","1126264694019223552","","","in","","0","0","0","https://x.com/undefined/status/1126264694019223552","862388301528940544",
"1126264670405316610","Wed May 08 23:16:37 +0000 2019","0","Sampe kapanpun @prabowo gak mungkin bisa mewujudkan sjahwat jadi presiden jika memiliki kampret putus dungu penyebar hoax seperti ini","1126264670405316610","","","in","","0","2","0","https://x.com/undefined/status/1126264670405316610","137514698",
"1126263401171378176","Wed May 08 23:16:34 +0000 2019","1","@nieke_aereta @prabowo Keyakinanku Gak...paling nanti yg diburu yg nyebarin isu itu....","1126264661349822464","","nieke_aereta","in","","0","0","1","https://x.com/undefined/status/1126264661349822464","112085979",
"1126264639816253440","Wed May 08 23:16:29 +0000 2019","0","Lah nanti jualan kartu nya jokowi ga laku dong","1126264639816253440","","","in","","0","0","0","https://x.com/undefined/status/1126264639816253440","172773561",
"1126078826226823168","Wed May 08 23:16:25 +0000 2019","1","@Drs_Ndon @prabowo Bagus..biar terang kematiannya karena ada apa... harus diusut tuntas.","1126264620656676865","","Drs_Ndon","in","","0","0","0","https://x.com/undefined/status/1126264620656676865","1552243112",
"1126094700283219969","Wed May 08 23:16:22 +0000 2019","0","@KingPurwa @prabowo Si Rasis emang Layak didoakan do Neraka.. jika gak bertaubat.. #GilaLoeNdroRasisAmat #GilaLoeNdroRasisAmat","1126264608950325248","","KingPurwa","in","","0","0","0","https://x.com/undefined/status/1126264608950325248","235327747",
"1126264577832804352","Wed May 08 23:16:14 +0000 2019","660","Pemilu untuk Ganti Presiden bukan makar. Mengoreksi situng bukan kudeta. Kebebasan berpendapat berserikat dan berkumpul warga negara adalah hak yang dilindungi Undang-undang. Jangan salah input. Jangan salah hitung. Jangan paranoid 🇮🇩","1126264577832804352","","","in","","9","25","265","https://x.com/undefined/status/1126264577832804352","1052703629528854530",
"1126264559747129344","Wed May 08 23:16:10 +0000 2019","6","Jokowi - Ma'ruf Amin Hanya Unggul Satu Kecamatan di Kota Jambi Sisanya Kalah | Politics https://t.co/SRVuult3yu","1126264559747129344","","","in","","3","0","3","https://x.com/undefined/status/1126264559747129344","202559038",
"1126078826226823168","Wed May 08 23:16:06 +0000 2019","1","@Gajah_5eno @Drs_Ndon @prabowo Lihat berita ini makin yakin ada yang bermain2 dengan nyawa kpps...semoga segera terungkap kasus ini","1126264542642593792","","Gajah_5eno","in","","0","0","0","https://x.com/undefined/status/1126264542642593792","173860307",
"1126264520815542272","Wed May 08 23:16:01 +0000 2019","0","Jokowi selesa dahului Prabowo dengan kelebihan 13.5 juta undi https://t.co/Vh2Rg2rpTP https://t.co/Hq7U4zrl9p","1126264520815542272","https://pbs.twimg.com/media/D6FLnPCXoAANl5f.jpg","","in","","0","0","0","https://x.com/undefined/status/1126264520815542272","4830497442",
"1126117303609724929","Wed May 08 23:15:48 +0000 2019","0","@oeTOOsao @Gerindra @prabowo Berarti sinetronnya gagal total Bong cebong aktingnya kurang bagus tuh Latihan dlu sana https://t.co/Ft4DrllX3q","1126264467862343680","https://pbs.twimg.com/media/D6FLjT2U0AEfwmf.jpg","oeTOOsao","in","","0","0","0","https://x.com/undefined/status/1126264467862343680","2721169818",
"1126037316332482560","Wed May 08 23:15:38 +0000 2019","2","@PKSejahtera @PriyoBudiS @prabowo InsyaAllah Rakyat Indonesia yg cinta kejujuran dan keadilan serta anti kedzaliman akan menjadi SAKSI atas perhitungan PKS dan BPN yg memenangkan PrabowoSandi. Jika KPU msh melakukan kecurangan situng &amp;Bawaslu diam saja maka people power yg menghancurkan kecurangan Pilpres2019","1126264426804285442","","PKSejahtera","in","","0","0","0","https://x.com/undefined/status/1126264426804285442","3167479517",
"1125956920840298496","Wed May 08 23:15:32 +0000 2019","0","@PramonoUtan @Fahrihamzah Masalah Hidup dan Mati itu takdir jadi sebaiknya petugas penyelenggara pemilu perlu di seleksi yg sehat jasmani dan Rohani. Dari petugas TPS hingga PPK .","1126264398824083457","","PramonoUtan","in","","0","0","0","https://x.com/undefined/status/1126264398824083457","933071316248227840",
"1126264395246366720","Wed May 08 23:15:31 +0000 2019","0","ini video provokasi gila cc @aduankoten @jokowi @Dennysiregar7","1126264395246366720","","","in","","0","0","0","https://x.com/undefined/status/1126264395246366720","920076153796231168",
"1126264365584343040","Wed May 08 23:15:24 +0000 2019","0","KininAndi arif sibuk menyerang ke koalisi dengan menyebut iatilah ada setan gundul yg membohongi prabowo dengan hitungan angka 62 persen.","1126264365584343040","","","in","","0","0","0","https://x.com/undefined/status/1126264365584343040","1115179150367584256",
"1126264335649476608","Wed May 08 23:15:17 +0000 2019","2","Jika mengingat pertumbuhan ekonomi stagnan di angka 5 persen menjadi indikator yang menunjukkan bahwa Jokowi tidak memberi harapan #KamiDukungFPi Ekonomi Mandeg Pemilu Sarat Masalah Apa yang Mau Dipertahankan Jokowi ? https://t.co/5mdPmrcpoQ","1126264335649476608","","","in","","0","0","0","https://x.com/undefined/status/1126264335649476608","72368149",
"1126264325457436672","Wed May 08 23:15:14 +0000 2019","0","KPU Sebut C1 Menangkan Prabowo Palsu Jika Beda dengan Situng https://t.co/X9fzYJK4Xf","1126264325457436672","","","in","","0","0","0","https://x.com/undefined/status/1126264325457436672","456449625",
"1126264311897153536","Wed May 08 23:15:11 +0000 2019","0","Pemilu Usai Emiten Siap Menggalang Utang https://t.co/FWhZyswTnl #Obligasi","1126264311897153536","","","in","","0","0","0","https://x.com/undefined/status/1126264311897153536","43799886",
"1123731927889006593","Wed May 08 23:14:57 +0000 2019","0","@mbakyuevi_N51 @balikurumatrans @ronavioleta @jokowi Jadi diagnosa dokter apa?","1126264252086382593","","","in","","0","0","0","https://x.com/undefined/status/1126264252086382593","83787734",
"1126150425978138624","Wed May 08 23:14:49 +0000 2019","1","@LRS141502 @ASapardan Hahaha...ketahuan dah irisan kasus Ahok dengan Prabowo. Mantappp!","1126264217554702337","","retno_setyowat","in","","0","0","1","https://x.com/undefined/status/1126264217554702337","827999034816094209",
"1126264203306622977","Wed May 08 23:14:45 +0000 2019","1","Org yg punya akal sehat akan matikan tv yg terus mencoba mengalihkan isue PILPRES ke isue pemindahan ibu kota krn ini sengaja dibangun rezim agar kecurangannya sempurna dan rakyat menerima semua kecurangan itu","1126264203306622977","","","in","","0","0","0","https://x.com/undefined/status/1126264203306622977","3117856063",
"1126264178925162496","Wed May 08 23:14:39 +0000 2019","0","@jokowi ulama saja tidak yakin anda menang pak...apa ndak malu???","1126264178925162496","","jokowi","in","","0","0","0","https://x.com/undefined/status/1126264178925162496","1073624263377076224",
"1126264153692237824","Wed May 08 23:14:33 +0000 2019","1","Jkw tuh nanya nanya lokasi ibukota baru survey lokasi sgala cuma mau show off kalo dia menang pemilu masalah jadi gaknya ya spt slm ini cumak janji thok. Hadeh.. Btw apakabar mobil esemka? ibu Thukul? nawacita? SKB 3 mentri? Dll..btw harga tanah udh naik di Plgkaraya.","1126264153692237824","","","in","","0","0","0","https://x.com/undefined/status/1126264153692237824","28310864",
"1126264131651137536","Wed May 08 23:14:28 +0000 2019","0","Asyiklah klo pemilu disamain...Kemendikbud ganti ketua Kapeu deeeh...","1126264131651137536","","","in","","0","0","1","https://x.com/undefined/status/1126264131651137536","963337775020822530",
"1126251019371827200","Wed May 08 23:14:25 +0000 2019","65","@putrabanten80 Intinya seperti itulah. Maafkan translate acakadut saya. Mungkin ada yg mau menterjemahkan dengan lebih lengkap? Mbah Mun aja nggak yakin Jokowi menang ","1126264117487198209","","Arie_Ariana","in","","0","3","3","https://x.com/undefined/status/1126264117487198209","250157270",
"1126264092883165185","Wed May 08 23:14:19 +0000 2019","0","Disaat koalisi menahan diri dari tekanan lawan dan menolak iatilah rekonsiliasi AHY menemui Jokowi dan membuat pernyataan seolah2 pemilu berjalan baik baik saja dan mengajak menerima keputusan KPU ( padahal masyarakat sangat meragykan integritas KPU )","1126264092883165185","","","in","","0","0","0","https://x.com/undefined/status/1126264092883165185","1115179150367584256",
"1126264029301723141","Wed May 08 23:14:04 +0000 2019","0","serta UU Nomor 42 Tahun 2008 tentang Pemilu Presiden dan Wakil Presiden.","1126264029301723141","","","in","","0","0","0","https://x.com/undefined/status/1126264029301723141","875215679720259584",
"1126264022125309953","Wed May 08 23:14:02 +0000 2019","0","SALAM dh.... PPP Jateng: Markas Prabowo Pindah Jateng Nggak Ngefek - RMOL Jateng https://t.co/gaJxWTfylJ Merdeka...!!!","1126264022125309953","","","in","","0","0","0","https://x.com/undefined/status/1126264022125309953","577255692",
"1125217482132709377","Wed May 08 23:13:59 +0000 2019","0","@BudiKaryaS @jokowi #PecatBudiKarya #PecatBudiKarya #PecatBudiKarya Setan gundul makin lama harga tiket pesawat makin menggila..Dan si menteri ini cuma koar koar di media hasilnya juga nihil..Masih saja Pak @jokowi mempertahankan orang ini aneh","1126264007961133056","","BudiKaryaS","in","","0","0","0","https://x.com/undefined/status/1126264007961133056","898534222243037184",
"1126132477364396032","Wed May 08 23:13:53 +0000 2019","3","@DrTaufan1 @ZAEffendy Cuma di Indonesia Pemilu tanpa konflik fisik tapi korban jiwa lbh dr 500 org krn kelelahan. Ini jenis virus baru?","1126263984087113730","","DrTaufan1","in","","0","0","0","https://x.com/undefined/status/1126263984087113730","1091596814",
"1126263401171378176","Wed May 08 23:13:45 +0000 2019","1","@nieke_aereta @prabowo Menyedihkan bangsa ini..","1126263951967174656","","nieke_aereta","in","","0","0","1","https://x.com/undefined/status/1126263951967174656","1059025028472201216",
"1126263917959831552","Wed May 08 23:13:37 +0000 2019","0","di sini pemilu ada yg tewas 500an adem ae ono opo yo?","1126263917959831552","","","in","","0","0","0","https://x.com/undefined/status/1126263917959831552","348312624",
"1125631443994943488","Wed May 08 23:13:34 +0000 2019","0","@jokowi Yah jakarta banjir terus dong","1126263904235966465","","jokowi","in","","0","0","0","https://x.com/undefined/status/1126263904235966465","277387270",
"1126137836250382338","Wed May 08 23:13:33 +0000 2019","12","@republikaonline Kok ga sesuai dengan arahan capres 01??? Kamu pendukung capres 02 ya???? #MisteriKematianKPPS #KamiDukungFPI","1126263902155599872","","republikaonline","in","","0","1","3","https://x.com/undefined/status/1126263902155599872","1030025737577803776",
"1126263878764126208","Wed May 08 23:13:28 +0000 2019","0","Ini siapa si yang nge shoutout kampret cebong soeharto Yang ngomel2 pilpres pemilu pki dll. Sorry bos langsung gua blokir. Lu aja nanya di shoutout anon lgi ._. Block block ajaa kalii Gausah umum in hehe https://t.co/3T9L8o0JIG","1126263878764126208","","","in","","0","0","0","https://x.com/undefined/status/1126263878764126208","1848235236",
"1126263841006874624","Wed May 08 23:13:19 +0000 2019","0","jokowi indonesia","1126263841006874624","","","in","","0","0","0","https://x.com/undefined/status/1126263841006874624","1926504792",
"1126263826100277248","Wed May 08 23:13:15 +0000 2019","0","KAPOLRI PROVOKATOR? Kenapa ketika publik meminta POLRI &amp; SEMUA penegak hukum ut netral menindak semua pelanggaran PEMILU YG MEMILUKAN ini tdk di tindak? https://t.co/ywEhooBXDJ","1126263826100277248","https://pbs.twimg.com/media/D6FK-L0UYAA3s11.jpg","","in","","0","0","0","https://x.com/undefined/status/1126263826100277248","1107891136499089408",
"1126263817682313216","Wed May 08 23:13:13 +0000 2019","0","Pak @jokowi kl lihat gambar bapak ini kok rasanya indonesia banget ya. Bersama2 membangun bangsa. Tp kenapa actualnya sdkt berbeda. Contoh THR kami yg swasta kena pajak untuk PNS kena juga tp di tanggung pemerintah. Sedangkan kita tanggung sendiri? https://t.co/UX6RFLMaY7","1126263817682313216","https://pbs.twimg.com/media/D6FKzqIUwAAK-0g.jpg","","in","","0","0","0","https://x.com/undefined/status/1126263817682313216","727785356",
"1126263815950163969","Wed May 08 23:13:13 +0000 2019","3","Nunggu kau juga @prabowo akan dipanggil ya","1126263815950163969","","","in","","1","0","1","https://x.com/undefined/status/1126263815950163969","39892317",
"1126094700283219969","Wed May 08 23:13:09 +0000 2019","0","@KingPurwa @prabowo tetap semangaattt","1126263799290294272","","KingPurwa","in","","0","0","0","https://x.com/undefined/status/1126263799290294272","2995819986",
"1126263769288462337","Wed May 08 23:13:02 +0000 2019","0","Menunggu dan membiarkan KPU mengumumkan pemenang pilpres tgl 22 mei 2019 hanyalah menjadikan kita alat legitimasi kemenangan Jokowi. Saya yakin Jokowi akan diumumkan sebagai pemenang. Masih kah kita hrs menunggu... https://t.co/n2OoGRpRdp","1126263769288462337","","","in","","0","0","0","https://x.com/undefined/status/1126263769288462337","100848457",
"1126263759637504002","Wed May 08 23:12:59 +0000 2019","0","Ekonomi Mandeg Pemilu Sarat Masalah Apa yang Mau Dipertahankan Jokowi ? https://t.co/8CYP5FZt9M #opini","1126263759637504002","","","in","","0","0","0","https://x.com/undefined/status/1126263759637504002","731167269032591360",
"1126263401171378176","Wed May 08 23:12:46 +0000 2019","1","@nieke_aereta @prabowo Yaaaaenggak laaah","1126263703429468161","","nieke_aereta","in","","0","0","1","https://x.com/undefined/status/1126263703429468161","2373074023",
"1126071438597746688","Wed May 08 23:12:45 +0000 2019","1","@jokowi Senang pak jokowi bisa mimiliki gagasan memindahkn ibu kota negara ke kalimantan.hanya sja harapan kami bpak bisa melihat langsung kondisi kami secara langsung di lapangan.bagai mana keseharian hidup kami saat ini.kami sangat menunggu kunjungan bapak","1126263700577406977","","jokowi","in","","0","0","0","https://x.com/undefined/status/1126263700577406977","1124969134318448641",
"1126263401171378176","Wed May 08 23:11:34 +0000 2019","287","Penyebar hoax @prabowo mau mendirikan Khilafah Islam Radikal akan mengganti Pancasila ditangkap juga ngga?","1126263401171378176","","","in","","6","22","146","https://x.com/undefined/status/1126263401171378176","604079053",
"1126263401036910592","Wed May 08 23:11:34 +0000 2019","0","Prabowo kepada Penguasa: Jangan ada lagi penangkapan oposisi https://t.co/xGhy8Rwa5X https://t.co/TStckFj0Y8","1126263401036910592","https://pbs.twimg.com/media/D6FKmD4UwAACV7V.jpg","","in","","0","0","0","https://x.com/undefined/status/1126263401036910592","18905097",
"1125828293272395776","Wed May 08 23:11:34 +0000 2019","1","@anak_koncat hanya 02 yg peduli korban pemilu...penyelenggaranya sj gak peduli.....inalilahi","1126263400089116674","","anak_koncat","in","","0","0","0","https://x.com/undefined/status/1126263400089116674","2635300596",
"1126263397132095489","Wed May 08 23:11:33 +0000 2019","0","Prabowo Tegaskan Pernyataan Hendropriyono Adu Domba Bangsa dan Rasis https://t.co/jSCcQ7p0rX https://t.co/q32IiNdAjV","1126263397132095489","https://pbs.twimg.com/media/D6FKl0OUIAE9vSv.jpg","","in","","0","0","0","https://x.com/undefined/status/1126263397132095489","18905097",
"1126084374175203328","Wed May 08 23:11:18 +0000 2019","0","@Aryprasetyo85 @jokowi @FaGtng @My_LoveNebe @AlvinoLulu @Ernijasin tetap waspada bika perlu menang telak","1126263335291219973","","Aryprasetyo85","in","","0","0","0","https://x.com/undefined/status/1126263335291219973","1112130742845227009",
"1126252651417456640","Wed May 08 23:11:15 +0000 2019","0","@Takviri @Puspen_TNI @tni_ad @bareskrim2018 @DivHumas_Polri Semua jendral pendukung jokowi masuk penjara klo kalah :-) . heheh klo pangkat loe jendral trus kebetulan pendukung jokowi marah gk y ??","1126263319784869889","","Takviri","in","","0","1","0","https://x.com/undefined/status/1126263319784869889","2360875352",
"1125987444711497728","Wed May 08 23:11:11 +0000 2019","0","@romeogadungan @jokowi Kapan hari beli SUB-KNO pp 6jutaan (nyaris 7jt) by non GA kalo by GA 8jt pp. Meanwhile SUB-Shanghai aja pernah 7jt pp by CX... ya jangan disalahin kalo ga ada yg pengen traveling domestik...","1126263305914290176","","romeogadungan","in","","0","0","0","https://x.com/undefined/status/1126263305914290176","85004570",
"1126223286575091712","Wed May 08 23:11:02 +0000 2019","0","@dektampu @prettynadiaFO @prabowo Hadeh. Si erene orang mana sihh. Bikin pusing aja. Di kawin oge yehh..","1126263267603517445","","dektampu","in","","0","0","0","https://x.com/undefined/status/1126263267603517445","1103549554249482242",
"1126263261114933250","Wed May 08 23:11:01 +0000 2019","1","Nyawa manusia begitu murah era @jokowi","1126263261114933250","","","in","","0","0","0","https://x.com/undefined/status/1126263261114933250","3321423907",
"1089337453712818176","Wed May 08 23:10:48 +0000 2019","0","@DdMulyadi2 @amiraswandary @Nani3711 @Bellysetiawan92 @diah_soewarno @doc_tetty88 @Robotu71 @BudiSantosoLimo @Qonstantiniyye @Anindya09017597 @awaluddin_sadik @billykoesnadi @tts52517 @zachary_ahmad @yudi29301079 @MBtjw @AnzaraYuli @Marmut_keren @lizzy02_lizzy @saepullohtoto @batubara02 @frozen145146 @CTe2303 @rudi2906rs @rukamhamerrii @dintya066927 @abiamr1 @DK_2_INDONESIA @endang_nz @Innayaputri72 @bryanvandersoon @hadid501 @Lutfimuhamad08 @Joko_Ganesha @ngizroil13 @PadiOyan @HasanBa81886194 @Herkholis2 @Umbuisback @Suparno08052468 @rizqi_property @GEMACAN70______ @Riva1410 @Afood11 @Aswin_fadillah @rereronggolawe @JackKellinBert @Zsoer90 @prabowo @sandiuno Wanita tuh lebih mana dibilang cantik atau pintar? #KamiDukungFPi #KamiBersamaUBN","1126263209613189120","","DdMulyadi2","in","","0","1","0","https://x.com/undefined/status/1126263209613189120","892015585231380480",
"1126263197412069377","Wed May 08 23:10:45 +0000 2019","0","Relawan Prabowo-Sandi yang militansinya sangat diandalkan ternyata memiliki multifungsi termasuk melakukan inspeksi ke gudang KPU yang berisi kotak suara hasil rekapitulasi.... https://t.co/SED5mtz3Dd","1126263197412069377","","","in","","0","0","0","https://x.com/undefined/status/1126263197412069377","232135165",
"1126263195495059456","Wed May 08 23:10:45 +0000 2019","5","Prabowo: Pernyataan Hendropriyono Rasis dan Mengadu Domba Miriss... #KamiDukungFPi https://t.co/8BVwO2LOOE","1126263195495059456","","","in","","1","0","1","https://x.com/undefined/status/1126263195495059456","1037569013654548480",
"1126263106789707776","Wed May 08 23:10:24 +0000 2019","0","KPU DKI berharap agar pelaksanaan penghitungan suara dan rapat pleno rekapitulasi Pemilu 2019 https://t.co/uWiS2XKNMh","1126263106789707776","","","in","","0","0","0","https://x.com/undefined/status/1126263106789707776","1124662586539032576",
"1126251019371827200","Wed May 08 23:10:22 +0000 2019","61","@putrabanten80 ‍️Saya dan teman2 yakin Prabowo menang kalau panjenengan kan yakin Jokowi yg menang Nggak aku juga nggak yakin Jokowi menang ‍️Alhamdulillah kalau begitu. Lha mereka dzolim curang saya punya bukti kecurangan mereka. Kalau sampai geger kan kasihan rakyat.","1126263101303578625","","Arie_Ariana","in","","0","1","6","https://x.com/undefined/status/1126263101303578625","250157270",
"1126263076226052096","Wed May 08 23:10:16 +0000 2019","0","Ini siapa si yang nge shoutout kampret cebong soeharto Yang ngomel2 pilpres pemilu pki dll. Sorry bos langsung gua blokir. Block aja Lu aja tanya juga shoutout ._. https://t.co/3T9L8o0JIG","1126263076226052096","","","in","","0","0","0","https://x.com/undefined/status/1126263076226052096","1848235236",
"1126199267809480705","Wed May 08 23:10:14 +0000 2019","3","@CintaNKRI12 @prabowo Iya. Kita sdh gak bisa ngomong n protes apalagi. Sikap pak prabowo utk menolak hasil pemilu bagus klo yg ono dimenangin lagi. Mending gak udah Terim hasil putusan dari kecurangan. #KamiDukungFPi","1126263066344058880","","CintaNKRI12","in","","0","0","0","https://x.com/undefined/status/1126263066344058880","2377644162",
"1126263053828313088","Wed May 08 23:10:11 +0000 2019","0","@null KPU DKI Jakarta Gelar Pleno Rekapitulasi Pemilu 2019 Hari Ini KPU DKI berharap a https://t.co/PXMIknG7YL","1126263053828313088","","null","in","","0","0","0","https://x.com/undefined/status/1126263053828313088","205533274",
"1126263025751678976","Wed May 08 23:10:04 +0000 2019","0","Real Count KPU Rabu Pagi: Suara Prabowo Naik Selisih Masih 14 Juta https://t.co/Xp9aDc6ZLs https://t.co/rwrw3luEYF","1126263025751678976","https://pbs.twimg.com/media/D6FKQOKUUAAsX6n.jpg","","in","","1","0","0","https://x.com/undefined/status/1126263025751678976","2340155395",
"1126263017291669504","Wed May 08 23:10:02 +0000 2019","0","Update Hasil Pilpres 2019 (09 May 2019 06:00:05) (01) JOKOWI/AMIN: 63.011.779 (+3.872) - 56.23% (0%) (02) PRABOWO/UNO: 49.052.684 (+2.003) - 43.77% (0%) Proses 594.910 (+32 / +0.004%) TPS dari total 813.350 TPS dengan persentase 73.1432%.","1126263017291669504","","","in","","0","0","0","https://x.com/undefined/status/1126263017291669504","1118732326769283072",
"1126262962371551232","Wed May 08 23:09:49 +0000 2019","3","Besok Kivlan Zen Gelar Aksi di KPU-Bawaslu Tuntut Diskualifikasi Jokowi https://t.co/c5mdNt9AtN","1126262962371551232","","","in","","0","0","0","https://x.com/undefined/status/1126262962371551232","3277143258",
"1125671647426555904","Wed May 08 23:09:47 +0000 2019","0","@Dody_Lucas__ Kalau sdh benci Jokowi apapun yg dibuat Jkw sekalipun unt kemajuan bangsa selalu dinyinyir.. Yuk move on sahabat mari kt dorong terus upaya unt kebaikan negeri ini","1126262952288329728","","TNT_NEWS_ONLINE","in","","0","0","0","https://x.com/undefined/status/1126262952288329728","1142434213",
"1125828293272395776","Wed May 08 23:09:44 +0000 2019","0","@anak_koncat Presiden jokowi hebat dan mantap","1126262939063734272","","anak_koncat","in","","0","0","0","https://x.com/undefined/status/1126262939063734272","1121771929705148416",
"1126262914560581634","Wed May 08 23:09:38 +0000 2019","1","Cukup Pilpres Pilkades dan Pemilihan Parpol... #DaruratKrisisMoralDanMentalKepemimpinan #CatatanDemokrasiMisteriKPPS #RevolusiDesaDanKepemimpinan","1126262914560581634","","","in","","0","1","0","https://x.com/undefined/status/1126262914560581634","1114332927142191104",
"1126110587698667523","Wed May 08 23:09:36 +0000 2019","0","@CoretPdipilpres @Lamsturhamlir18 @jokowi Apalah jadinya kalau presiden nya spt ini mbayangin aja sdh ngeriiiiii ","1126262907359059969","","antakara_86","in","","0","0","0","https://x.com/undefined/status/1126262907359059969","2546567134",
"1124194073005346816","Wed May 08 23:09:34 +0000 2019","0","@BertemanM @AgusYudhoyono Luar biasanya tdk memberikan Info apa2 terkait PilPres ... Gajah di depannya tak terlihat atau sengaja menutup mata ? ... berat langkahmu nak. Percayalah !","1126262898722918400","","BertemanM","in","","0","0","0","https://x.com/undefined/status/1126262898722918400","231701885",
"1125938786012020736","Wed May 08 23:09:30 +0000 2019","0","@ATX_commonsense @jokowi Tidak perlu ada ketakutan kami sebagi pejunjug tinggi nkri.tidak perlu aparat tidak perlu tni untuk menghadapi kalian cukup kami org ingin membalas budi pada ibu pertiwi","1126262881274613760","","ATX_commonsense","in","","0","1","0","https://x.com/undefined/status/1126262881274613760","1124628346208305153",
"1126262878221111296","Wed May 08 23:09:29 +0000 2019","0","Sby lebih memilih tinggal diSingapura alasan menemani iatrinya yg sakit padahal kalau ia mau menunjukan sedikit saja keseriusannya ia bisa melakukan kampanye satu atau dua hari bersama Prabowo.","1126262878221111296","","","in","","0","0","0","https://x.com/undefined/status/1126262878221111296","1115179150367584256",
"1126262864757514240","Wed May 08 23:09:26 +0000 2019","0","@jokowi selamat pagi bgmna pak sampai kapan pelebaran jalan tol cikampek ( cibitung krawang ) selesai atau terus setiap hari macet tdk bergerak berjam2 spt pg ini ? Tdk ada petugas @PTJASAMARGA ??@TMCPoldaMetro?@SonoraFM92 @RadioElshinta @CNNIndonesia @tvOneNews @TMCPoldaMetro https://t.co/XZT1sLDT1d","1126262864757514240","https://pbs.twimg.com/media/D6FKGRFUEAEHRX0.jpg","jokowi","in","","0","0","0","https://x.com/undefined/status/1126262864757514240","206668351",
"1089337453712818176","Wed May 08 23:09:06 +0000 2019","2","@Nani3711 @amiraswandary @Muhamma89039524 @abiamr1 @zachary_ahmad @billykoesnadi @tts52517 @saepullohtoto @dintya066927 @Qonstantiniyye @diah_soewarno @doc_tetty88 @Robotu71 @BudiSantosoLimo @Bellysetiawan92 @Anindya09017597 @awaluddin_sadik @DdMulyadi2 @yudi29301079 @MBtjw @AnzaraYuli @Marmut_keren @lizzy02_lizzy @batubara02 @frozen145146 @CTe2303 @rudi2906rs @rukamhamerrii @DK_2_INDONESIA @endang_nz @Innayaputri72 @bryanvandersoon @hadid501 @Lutfimuhamad08 @Joko_Ganesha @ngizroil13 @PadiOyan @HasanBa81886194 @Herkholis2 @Umbuisback @Suparno08052468 @rizqi_property @GEMACAN70______ @Riva1410 @Afood11 @Aswin_fadillah @rereronggolawe @JackKellinBert @Zsoer90 @prabowo Aamiin Enak jadi pejuang Allah Menang bersyukur Kalah bersabar Keduanya tetap dapat ganjaran Allah Yg penting ikhtiar Hasil urusan Allah #KamiDukungFPi #KamiBersamaUBN","1126262779231399936","","Nani3711","in","","0","1","0","https://x.com/undefined/status/1126262779231399936","892015585231380480",
"1123573110324613120","Wed May 08 23:09:04 +0000 2019","0","@Rizky_Satria08 @SriHart66384227 @Gerindra @prabowo @roemahdjoeang @djokosantoso777 Kota Sukabumi cuy... https://t.co/cRRJXt1PKO","1126262773640355841","","surya50970699","in","","0","0","0","https://x.com/undefined/status/1126262773640355841","1098920690395148288",
"1125734481631924224","Wed May 08 23:08:59 +0000 2019","1","@farid_wajdi70 @Duta16093436 Makanya gue pingin ganti presiden(mudah2 an menang)yg ngak plonga plongo peka dgn keadaan fasih bhs inggris otak encer pny visi misi dll ...kasus pemilu yg menelan korban bnyak cuman bilang prihatin!!!!..tindakan selanjutnya ngak ada..gini kok minta 2periode","1126262750722674688","","farid_wajdi70","in","","0","0","0","https://x.com/undefined/status/1126262750722674688","1101465501979402241",
"1126179832251830272","Wed May 08 23:08:54 +0000 2019","2","@Adot1998 Menurut pengamatan saya beliau bukan bagian 02 dalam acara Catatan demokrasi.. Beliau berbicara dalam kapasitasnya sebagai seorang dokter dalam acara tersebut .. Konyol sekali lalu mereka memasalahkan apa pilihannya pada PEMILU.. JADI KLO DOKTERNYA 01 BARU DIDENGAR???","1126262728224468994","","","in","","0","0","0","https://x.com/undefined/status/1126262728224468994","2779578240",
"1126262666710753281","Wed May 08 23:08:39 +0000 2019","0","Layakkah orang ini hidup di bumi Indonesia yang akan berani mengorbankan rakyat untuk kepentingan yang dia anggap benar dan orang lain tidak benar? Pemaksaan kehendak adalah sebuah tindakan barbar. @DivHumas_Polri @jokowi https://t.co/TdqDobEx2e","1126262666710753281","https://pbs.twimg.com/ext_tw_video_thumb/1126262435403329536/pu/img/_3rBFxhS_rpPYrlo.jpg","","in","","0","0","0","https://x.com/undefined/status/1126262666710753281","90188124",
"1126262626600624128","Wed May 08 23:08:29 +0000 2019","1","Coba saya lanjutin logikanya. yang bilang pemilu curang tanpa bukti bisa dipidana maka yg bilang pemilu curang ada buktinya dikasih penghargaan dan yg terbukti curang dipidana. https://t.co/Igh4RRquuk","1126262626600624128","","","in","","0","0","1","https://x.com/undefined/status/1126262626600624128","1030989244326531072",
"1125838985316552704","Wed May 08 23:08:26 +0000 2019","0","@Fahrihamzah @KPU_ID Dul gegara pilpres.. otak di simpen di kulkas ya...","1126262611870224385","","Fahrihamzah","in","","0","0","0","https://x.com/undefined/status/1126262611870224385","1126009416241672193",
"1126262602634448896","Wed May 08 23:08:24 +0000 2019","39","Prabowo Menang Telak di Padang Kalahkan Jokowi di Tangerang https://t.co/7HjWf95bwT","1126262602634448896","","","in","","3","2","11","https://x.com/undefined/status/1126262602634448896","17128975",
"1126262594031849472","Wed May 08 23:08:22 +0000 2019","0","@DrTaufan1 Semangat prabowo sandi jangan luntur dok terus maju! Tapi jangan mengatas namakan dokter atas kejadian kpps meninggal! Once again I didn't respect kalo team prabowo sandi masih ada yg begini Sekedar mengingatkan di buln suci #Ramadan","1126262594031849472","","DrTaufan1","in","","0","0","0","https://x.com/undefined/status/1126262594031849472","932848242479439872",
"1126262590294888451","Wed May 08 23:08:21 +0000 2019","0","Prabowo Nilai Ucapan Hendropriyono Rasis dan Berpotensi Pecah Belah Anak Bangsa https://t.co/gRd7qwFzw2 https://t.co/gaqmvempx7","1126262590294888451","https://pbs.twimg.com/media/D6FJ23rX4AE1FnE.jpg","","in","","0","0","0","https://x.com/undefined/status/1126262590294888451","78596326",
"1126231803134537728","Wed May 08 23:08:13 +0000 2019","4","@MSApunya Yang bilang @jokowi menang pil pres itu cuman CEBONG dunggu.. Kalau cerdas pasti faham dan dapat melihat..","1126262560339005440","","MSApunya","in","","0","0","1","https://x.com/undefined/status/1126262560339005440","387293091",
"1126262547747942400","Wed May 08 23:08:10 +0000 2019","0","Prabowo-Sandi Klaim Kemenangan PDI Perjuangan: Itu Dipatahkan Data Rekapitulasi https://t.co/1ZscieliOG https://t.co/GLXFWdWx9o","1126262547747942400","https://pbs.twimg.com/media/D6FJ0WVW4AAjkbm.jpg","","in","","0","0","0","https://x.com/undefined/status/1126262547747942400","1110181801333391361",
"1126071438597746688","Wed May 08 23:07:47 +0000 2019","1","@Anggraini_4yu @jokowi sijae akan terus lari dari tanggungjawab karena memang sudah kebiasaannya #KamiDukungFPi #FPIgardaNKRIdanPancasila","1126262448774795265","","Ayu_4ja","in","","0","0","1","https://x.com/undefined/status/1126262448774795265","806419785445613569",
"1126262426779828225","Wed May 08 23:07:42 +0000 2019","0","Hahahaha untung diruang sidang kalo diluar sudah saling jambak pendukung prabowo https://t.co/UpzhIuHHXK","1126262426779828225","","","in","","0","0","0","https://x.com/undefined/status/1126262426779828225","487210053",
"1126262386657095681","Wed May 08 23:07:32 +0000 2019","40","Presiden Jokowi Tinjau Lokasi Alternatif Ibu Kota Negara di Kalimantan Tengah https://t.co/zJAI5tCU7a https://t.co/aHpmHufUMP","1126262386657095681","https://pbs.twimg.com/media/D6FJqmbU0AAsPVF.jpg","","in","","1","1","7","https://x.com/undefined/status/1126262386657095681","3522129133",
"1126262381598765056","Wed May 08 23:07:31 +0000 2019","0","Jadi ada pertanyaan . Jika SBY terkuat dan solid. Kenapa pak Prabowo konpres hanya dengan @PKSejahtera . Yg lain kemana ?","1126262381598765056","","","in","","0","0","0","https://x.com/undefined/status/1126262381598765056","969590910555009024",
"1125350172144193536","Wed May 08 23:07:01 +0000 2019","0","@ahmrovicky @gm_gm @jokowi Aah kalau bukan karena soal media juga diam. Mudah kan melihat orang2 oportunis ketika kepentingannya terusik.","1126262255958384640","","","in","","0","0","0","https://x.com/undefined/status/1126262255958384640","100106293",
"1125838985316552704","Wed May 08 23:06:55 +0000 2019","0","@Fahrihamzah @KPU_ID Bukan berarti smua salah pemerintah @jokowi","1126262229446184960","","Fahrihamzah","in","","0","0","0","https://x.com/undefined/status/1126262229446184960","956412936255238144",
"1125828293272395776","Wed May 08 23:06:51 +0000 2019","0","@anak_koncat Dangkal. 01 dan 02 cuma peserta pilpres. Jika bencana alam jika kecelakaan harus cari dokter yg se-jalan dgn anda? Jgn mengkotak-kotakan org apalgi menyamakan org lain dgn diri anda sendiri. Indonesia kaya karena berbeda.","1126262215651102720","","anak_koncat","in","","0","0","0","https://x.com/undefined/status/1126262215651102720","149054292",
"1126013528702312448","Wed May 08 23:06:47 +0000 2019","0","@GreenpeaceID @suryadelalu @jokowi Suka suka jokowi dan seluruh pendukung nya lah... Mau apa jg cobak","1126262196730621952","","GreenpeaceID","in","","0","0","0","https://x.com/undefined/status/1126262196730621952","67179484",
"1126262184231821313","Wed May 08 23:06:44 +0000 2019","0","Klaim Menang Pilpres 2019 TKN Siap Hadapi Gugatan BPN di MK https://t.co/5Vk0Nr6mP9 https://t.co/MZBnA007wC","1126262184231821313","https://pbs.twimg.com/media/D6FJfOMWkAARGKG.jpg","","in","","0","0","0","https://x.com/undefined/status/1126262184231821313","78596326",
"1125822405354483712","Wed May 08 23:06:41 +0000 2019","0","@fahmyabb @CakKhum @prabowo @bachtiarnasir Maju pantang mundur...","1126262173917782016","","fahmyabb","in","","0","0","0","https://x.com/undefined/status/1126262173917782016","752369352851107841",
"1124953734436380672","Wed May 08 23:06:30 +0000 2019","0","@shda_agatha @DivHumas_Polri @KHMarufAmin_ @jokowi Dilarang undang² ya ?","1126262124764786688","","shda_agatha__","in","","0","1","0","https://x.com/undefined/status/1126262124764786688","1060212019880579073",
"1126262104116219904","Wed May 08 23:06:25 +0000 2019","0","pagi juniordanyw","1126262104116219904","","","in","","0","0","0","https://x.com/undefined/status/1126262104116219904","1249515607",
"1126262006992916480","Wed May 08 23:06:02 +0000 2019","0","Kematian gara gara pemilu sdh lebih dari 500 orang tapi tidak ada sedikitpun penguasa yang perduli.ketika ada seorg dokter yg merasa terpanggil dan peduli membuat team salah satu capres meradang.semoga mereka yg meninggal ditempatkan di surga Nya..kalian adalah pahlawan demokrasi","1126262006992916480","","","in","","0","0","0","https://x.com/undefined/status/1126262006992916480","1091280685959016448",
"1126261999279542273","Wed May 08 23:06:00 +0000 2019","53","Mata Najwa Demi Demokrasi (Part 7) - https://t.co/S37fiR8bpe Pemilu serentak yg menelan byk korban mmg harus dievaluasi scr menyeluruh. Namun evaluasi itu hrs mengarah pd hal yg lbh baik terutama soal penerapan teknologi dlm persoalan administrasi. #MataNajwaDemiDemokrasi https://t.co/3Nlt7t89iu","1126261999279542273","https://pbs.twimg.com/media/D6EqMHxUYAAlRoY.jpg","","in","","2","4","9","https://x.com/undefined/status/1126261999279542273","72274016",
"1126261999229214720","Wed May 08 23:06:00 +0000 2019","2","Mata Najwa Demi Demokrasi (Part 7) - https://t.co/aBeKVnviaV Pemilu serentak yg menelan byk korban mmg harus dievaluasi scr menyeluruh. Namun evaluasi itu hrs mengarah pd hal yg lbh baik terutama soal penerapan teknologi dlm persoalan administrasi. #MataNajwaDemiDemokrasi https://t.co/WziH9chuZ1","1126261999229214720","https://pbs.twimg.com/media/D6EnBLyU8AE1pr3.jpg","","in","","0","0","1","https://x.com/undefined/status/1126261999229214720","955600972394332160",
"1126261922423164928","Wed May 08 23:05:41 +0000 2019","0","TUHAN MASIH MELINDUNGI JAKARTA-INDONESIA ... BERUNTUNG TERUNGKAP TERNYATA TERORIS BEKASI BERKAITAN ERAT DGN RENCANA KERUSUHAN PASCA PILPRES DAN PEOPLE POWER... TERIMAKASIH DAN BRAVO DENSUS 88 ANTI TEROR POLRI https://t.co/vP45NrnZmj","1126261922423164928","https://pbs.twimg.com/media/D6FJFXOUwAApNz-.jpg","","in","","0","0","0","https://x.com/undefined/status/1126261922423164928","1111953215619133444",
"1126261914844024833","Wed May 08 23:05:40 +0000 2019","0","Mereka cuma nyari lawan baru buat pak jokowi maz Biar punya alasan buat nyari muka di depan cebong yg baru menetas","1126261914844024833","","","in","","1","0","0","https://x.com/undefined/status/1126261914844024833","1058736426882228224",
"1125699552172883968","Wed May 08 23:05:39 +0000 2019","0","@Jokoelie @Jabarjuara001 @H4nsaditiro1 @jokowi Itu dicomot dr media mana sih? Upin ipin dot com? Eehhh jangan lupa do'anya *sekadar mengingatkan ","1126261912495222784","","Jokoelie","in","","0","0","0","https://x.com/undefined/status/1126261912495222784","78583911",
"1126261885349679104","Wed May 08 23:05:33 +0000 2019","0","Bawaslu RI: Audit Forensik Komputer (server) KPU sebelum dan sesudah Pemilu. - Tandatangani Petisi! https://t.co/ASwrbek7Q4 lewat @ChangeOrg_ID","1126261885349679104","","","in","","0","0","0","https://x.com/undefined/status/1126261885349679104","983315905399541761",
"1126251019371827200","Wed May 08 23:05:29 +0000 2019","2","@putrabanten80 Iya Mbah Sama Gw yakin Prabowo yg unggul Hanya masalah waktu dan kondisi..yg menunda kemenangan 02. Ujungnya Prabowo sandi yang bakal mimpin Indonesia ","1126261871529512960","","Oku__records","in","","0","0","1","https://x.com/undefined/status/1126261871529512960","4518992716",
"1125938786012020736","Wed May 08 23:05:24 +0000 2019","0","@jokowi rakyat sudah sejah tera belum jagan lagsung mikir yang gede dulu pikir yg kecil masih banyak yg kesusahan","1126261848808935424","","jokowi","in","","0","0","0","https://x.com/undefined/status/1126261848808935424","1116057083332288512",
"1126172563904684032","Wed May 08 23:05:23 +0000 2019","1","@DrTaufan1 Dokter gimana patofisiologi edema? Help me! Muncul saat pemilu aja dok. Aku prabowo sandi banget dok kebetulan anak GMI Saya ga suka banget sama akun bodong mengatas namakan dokter karena adanya kpps meninggal i didn't respect dok","1126261846728630272","","DrTaufan1","in","","0","0","0","https://x.com/undefined/status/1126261846728630272","932848242479439872",
"1125573025716248576","Wed May 08 23:05:15 +0000 2019","0","@jokowi Nyadar dong rakyat sdh muak dgn anda rakyat sdh tidak mau lagi dipimpin presiden BONEKA","1126261812679196673","","jokowi","in","","0","0","0","https://x.com/undefined/status/1126261812679196673","1085198965635670016",
"1126261808908492801","Wed May 08 23:05:14 +0000 2019","0","Kami mengimbau semua pihak untuk tetap sejuk tenang tidak emosional tidak mengambil langkah di luar hukum ... https://t.co/ckngomRvC6","1126261808908492801","","","in","","0","0","0","https://x.com/undefined/status/1126261808908492801","232135165",
"1126013528702312448","Wed May 08 23:05:13 +0000 2019","0","@GreenpeaceID @jokowi ABS aja dah","1126261802130501632","","GreenpeaceID","in","","0","0","0","https://x.com/undefined/status/1126261802130501632","197711564",
"1126160349936242688","Wed May 08 23:05:04 +0000 2019","0","@KompasTV. Sudah Bisa Diduga Fadli Zon Akan Setuju Dibentuk Pansus Pemilu 2019 Walau Tak Perlu Spti Kurang Kerjaan","1126261766835638279","","KompasTV","in","","0","0","0","https://x.com/undefined/status/1126261766835638279","2422354280",
"1126261756123389952","Wed May 08 23:05:02 +0000 2019","29","Mata Najwa Demi Demokrasi (Part 6) - https://t.co/bjq2zEkDxF Aturan mengenai pemilu nyatanya tidak mampu menjawab persoalan teknis saat pelaksanaan pemilu di lapangan. DPR menyatakan siap untuk melakukan evaluasi. #MataNajwaDemiDemokrasi https://t.co/iNvTNJSqlh","1126261756123389952","https://pbs.twimg.com/media/D6EqB1FVUAA15xJ.jpg","","in","","0","1","5","https://x.com/undefined/status/1126261756123389952","72274016",
"1126261754734845953","Wed May 08 23:05:01 +0000 2019","2","Mata Najwa Demi Demokrasi (Part 6) - https://t.co/tbSz0zTk9K Aturan mengenai pemilu nyatanya tidak mampu menjawab persoalan teknis saat pelaksanaan pemilu di lapangan. DPR menyatakan siap untuk melakukan evaluasi. #MataNajwaDemiDemokrasi https://t.co/onXdph7Adn","1126261754734845953","https://pbs.twimg.com/media/D6Emz-dU0AEHySG.jpg","","in","","0","0","1","https://x.com/undefined/status/1126261754734845953","955600972394332160",
"1126261730932183040","Wed May 08 23:04:56 +0000 2019","0","Pemilu sudah selesai cuk!","1126261730932183040","","","in","","0","0","0","https://x.com/undefined/status/1126261730932183040","1165915304",
"1126197272360964097","Wed May 08 23:04:49 +0000 2019","3","@opposite6890 @ihhinsaniyardim @WorldVision @Oxfam @amnesty @humanrights @EURightsAgency @CSORG @ICRC Pemilu Paling Brutal #PrayForIndonesianElectionWorkers","1126261704357175296","","opposite6890","in","","0","0","0","https://x.com/undefined/status/1126261704357175296","985523954403000320",
"1126251019371827200","Wed May 08 23:04:29 +0000 2019","64","@putrabanten80 Suara Mbah Mun kurang jelas. Aku translate sedikit. ‍️Tahun 2014 MK memihak kesana belum selesai udah dikalahkan 2014 dinodai kecurangan tapi Prabowo legowo sekarang semua udah siap tidak mungkin mundur lagi. Kalau geger rakyat yg jadi korban. Semua sudah diatur Allah SWT","1126261616897445888","","Oku__records","in","","0","1","5","https://x.com/undefined/status/1126261616897445888","250157270",
"1126119094242107392","Wed May 08 23:04:26 +0000 2019","0","@PriyoBudiS Mari kita bantu lagi presiden kita bapa @prabowo kumpulkan sumbangan kita buat dana verifikasi dan validasi penghitungan suara yg di embat oleh rezim brutal ini","1126261607233871872","","PriyoBudiS","in","","0","0","0","https://x.com/undefined/status/1126261607233871872","980815804370337794",
"1126261595087069184","Wed May 08 23:04:23 +0000 2019","0","Soal Rencana Bertemu Prabowo Ini Kata Luhut https://t.co/45TSw1JKTK","1126261595087069184","","","in","","0","0","1","https://x.com/undefined/status/1126261595087069184","847372542830444544",
"1126133611361521664","Wed May 08 23:04:23 +0000 2019","0","@KingPurwa @prabowo Penghianat demokrasi #KamiDukungFPi","1126261594088824832","","KingPurwa","in","","0","0","0","https://x.com/undefined/status/1126261594088824832","1072154501316980737",
"1126261567819923456","Wed May 08 23:04:17 +0000 2019","0","Mungkin rezim @jokowi Ini sdh termasuk rezim terlaknat Innalillahi.. Allah mboten sare #MisteriKematianKPPS","1126261567819923456","","","in","","0","0","0","https://x.com/undefined/status/1126261567819923456","2427202868",
"1126261540460453888","Wed May 08 23:04:10 +0000 2019","0","Saat dua emak emak pendukung prabowo ribut https://t.co/tYCHSwb0P1","1126261540460453888","","","in","","0","0","0","https://x.com/undefined/status/1126261540460453888","487210053",
"1126153561593843719","Wed May 08 23:04:06 +0000 2019","1","@detikcom @detikfinance Ini sebenarnya Pak @jokowi tau gak yah polemik harga tiket peswat dan kinerja menterinya yang gak becus?? Semoga aja gak tau","1126261521674166272","","detikcom","in","","0","0","0","https://x.com/undefined/status/1126261521674166272","898534222243037184",
"1126261504716693504","Wed May 08 23:04:02 +0000 2019","0","Sampe bentak-bentak Mbah Moen hanya karena fanatisme buta kepada Prabowo ati-ati jenengan kualat mass..","1126261504716693504","","","in","","1","0","0","https://x.com/undefined/status/1126261504716693504","554125237",
"1125153753135341568","Wed May 08 23:04:01 +0000 2019","0","@prabowo Aamiin ya robb","1126261503240204289","","prabowo","in","","0","0","0","https://x.com/undefined/status/1126261503240204289","1119098777216749568",
"1126261500031541249","Wed May 08 23:04:01 +0000 2019","3","Mata Najwa Demi Demokrasi (Part 5) - https://t.co/yUP49OkI55 Sampai saat ini sudah lebih dr 500 jiwa melayang dlm hajat besar demokrasi. Apakah pemilu yg mengorbankan ratusan jiwa ini msh layak disebut pesta demokrasi? Atau malah jd tragedi demokrasi? #MataNajwaDemiDemokrasi https://t.co/phWucr3aEM","1126261500031541249","https://pbs.twimg.com/media/D6EmOCpUUAA5_4i.jpg","","in","","0","0","2","https://x.com/undefined/status/1126261500031541249","955600972394332160",
"1126261496642768896","Wed May 08 23:04:00 +0000 2019","47","Mata Najwa Demi Demokrasi (Part 5) - https://t.co/56GGAlVukI Sampai saat ini sdh lebih dr 500 jiwa melayang dlm hajat besar demokrasi. Apakah pemilu yg mengorbankan ratusan jiwa ini msh layak disebut pesta demokrasi? Atau malah jd tragedi demokrasi? #MataNajwaDemiDemokrasi https://t.co/lmW7t7vAMy","1126261496642768896","https://pbs.twimg.com/media/D6Ep3-yUEAAelO4.jpg","","in","","2","6","6","https://x.com/undefined/status/1126261496642768896","72274016",
"1126261483862614016","Wed May 08 23:03:57 +0000 2019","1","J0k0wi: Nemu saya nemu feeling-nya kata Jokowi seraya tertawa kepada wartawan saat meninjau lapangan di Desa Tumbang Taken Kecamatan Manuhing Kabupaten Gunung Mas Kalteng Rabu 8 Mei 2019 !!! ","1126261483862614016","","","in","","0","4","0","https://x.com/undefined/status/1126261483862614016","761395437001510912",
"1126261474148544512","Wed May 08 23:03:55 +0000 2019","0","Biasannya bapake hampir stiap pemilu dijadiin saksi kpps. Alhamdulillah pemilu ini engga. Bapak sempet kaget knp skrg engga....Allah hanya ingin melindungi bapak dr hal2 yg ga diinginkan apalg denger berita sliwar-sliwer gitu. Ya Allah. Ngeri... https://t.co/0Py2IXDJCq","1126261474148544512","","","in","","0","0","0","https://x.com/undefined/status/1126261474148544512","416357761",
"1125806943895937024","Wed May 08 23:03:45 +0000 2019","3","@abihartono73 @NilamZulaika @Firzarahayu2 @AwanSac Korban meninggal sudah 545 jiwa? Masha Allah.. Kemarin Sy masih ngertinya 540.. Jumlah korban dah lebih banyak daripada kapasitas pesawat Boeing 747 lho.. Bayangin kalo Ada insiden kematian segitu banyak mestinya pemberitaan laku keras. Beda yah pemilu ini? #MisteriKematianKPPS","1126261435594608640","","abihartono73","in","","0","0","2","https://x.com/undefined/status/1126261435594608640","619198350",
"1126261399049592832","Wed May 08 23:03:37 +0000 2019","0","@null Jokowi Unggul Pesan Prabowo hingga Barcelona Tinggalkan Messi Rivalitas Jokowi https://t.co/Dfl2U29U0n","1126261399049592832","","null","in","","0","0","0","https://x.com/undefined/status/1126261399049592832","474668024",
"1126261395585003520","Wed May 08 23:03:36 +0000 2019","0","@null Jokowi Unggul Pesan Prabowo hingga Barcelona Tinggalkan Messi Rivalitas Jokowi https://t.co/0XtP0ygkaW","1126261395585003520","","null","in","","0","0","0","https://x.com/undefined/status/1126261395585003520","486386712",
"1126117303609724929","Wed May 08 23:03:34 +0000 2019","0","@Gerindra @prabowo Aku setuju LBP. Kasian Wowok. Jgn beritakan statemen angin sorganya yg justeru merugikan dia.","1126261388714754048","","Gerindra","in","","0","0","0","https://x.com/undefined/status/1126261388714754048","1122525714455023616",
"1126261381492133889","Wed May 08 23:03:32 +0000 2019","0","@null Jokowi Unggul Pesan Prabowo hingga Barcelona Tinggalkan Messi Rivalitas Jokowi https://t.co/HjamfXDzXO","1126261381492133889","","null","in","","0","0","0","https://x.com/undefined/status/1126261381492133889","253570473",
"1126197272360964097","Wed May 08 23:03:29 +0000 2019","1","@opposite6890 @ihhinsaniyardim @WorldVision @Oxfam @amnesty @humanrights @EURightsAgency @CSORG @ICRC Kejahatan Pemilu Tersadis sedunia. #SitungHaluTipuTipu","1126261368259108865","","opposite6890","in","","0","0","1","https://x.com/undefined/status/1126261368259108865","1100728882003554305",
"1126071438597746688","Wed May 08 23:03:23 +0000 2019","0","@jokowi Kalau pindahin ibu kandung ke kota kapan pak ? ","1126261340899762177","","jokowi","in","","0","0","0","https://x.com/undefined/status/1126261340899762177","907589937481916416",
"1126077006976708608","Wed May 08 23:03:20 +0000 2019","0","@prajnamu Perlu diingat juga waktu itu pileg tdk bersamaan dg pilpres ya..","1126261330292293632","","prajnamu","in","","0","0","0","https://x.com/undefined/status/1126261330292293632","279963454",
"1126078826226823168","Wed May 08 23:03:11 +0000 2019","0","@Drs_Ndon @prabowo Ayat Mayat Sorga Neraka Kopar Kafir....Dasar Kamprettt Otak Dobol ","1126261293516771329","","Drs_Ndon","in","","0","0","0","https://x.com/undefined/status/1126261293516771329","2785383083",
"1126261255642071040","Wed May 08 23:03:02 +0000 2019","0","Soal 'Setan Gundul' Relawan Jokowi: Seperti Kasus Ratna Sarumpaet Bohongi Prabowo https://t.co/sJXDvmbvVx https://t.co/T2cwDYgmuN","1126261255642071040","https://pbs.twimg.com/media/D6FIpLPU8AIQfXG.jpg","","in","","0","0","0","https://x.com/undefined/status/1126261255642071040","2540722338",
"1126261255012904960","Wed May 08 23:03:02 +0000 2019","6","Jokowi Unggul Pesan Prabowo hingga Barcelona Tinggalkan Messi https://t.co/OWmzu9CzJd","1126261255012904960","","","in","","1","2","2","https://x.com/undefined/status/1126261255012904960","41730943",
"1126261251217084416","Wed May 08 23:03:01 +0000 2019","1","Prabowo Betah di Ketiak Rizieq https://t.co/DMyKyKtQM8 lewat @the_geotimes","1126261251217084416","","","in","","0","0","0","https://x.com/undefined/status/1126261251217084416","422522883",
"1126110487807025152","Wed May 08 23:03:00 +0000 2019","0","@EndangPRS Tambah sue kok tambah Ra karuan ya....negara lagi sibuk pemilu belum selesai ini sibuk cari lokasi ampunn daahh","1126261245886074882","","EndangPRS","in","","0","0","0","https://x.com/undefined/status/1126261245886074882","1119052597736775680",
"1126261245043183617","Wed May 08 23:03:00 +0000 2019","45","Mata Najwa Demi Demokrasi (Part 4) - https://t.co/c9tU77dZwN Dedikasi para petugas penyelenggara maupun penjaga pemilu patut diapresiasi. Mereka rela mempertaruhkan nyawa dan juga mengorbankan kenyamanan bersama keluarga demi menyukseskan Pemilu 2019. #MataNajwaDemiDemokrasi https://t.co/CNqNvzecLW","1126261245043183617","https://pbs.twimg.com/media/D6EpTBDU8AAMOqa.jpg","","in","","1","0","9","https://x.com/undefined/status/1126261245043183617","72274016",
"1126261244464250880","Wed May 08 23:03:00 +0000 2019","3","Mata Najwa Demi Demokrasi (Part 4) - https://t.co/TckShrydYr Dedikasi para petugas penyelenggara maupun penjaga pemilu patut diapresiasi. Mereka rela mempertaruhkan nyawa dan juga mengorbankan kenyamanan bersama keluarga demi menyukseskan Pemilu 2019. #MataNajwaDemiDemokrasi https://t.co/pdalPQpqgu","1126261244464250880","https://pbs.twimg.com/media/D6EmA77UIAAJlfX.jpg","","in","","0","0","2","https://x.com/undefined/status/1126261244464250880","955600972394332160",
"1126261219592003585","Wed May 08 23:02:54 +0000 2019","2","PRABOWO MENANG !! MARS RAKYAT BERKUASA - Vasco Ruseimy &amp; Umaru Takaeda https://t.co/MOJor4Avdi","1126261219592003585","","","in","","0","0","1","https://x.com/undefined/status/1126261219592003585","14099580",
"1125696780476174336","Wed May 08 23:02:45 +0000 2019","0","@DrTaufan1 Dokter mau tanya aja nih kok muncul saat pemilu aja. Terus koment nya juga politik terus. Coba dong liat kapabilitas dokter sebagai dokter helpp!","1126261182937964544","","DrTaufan1","in","","0","0","0","https://x.com/undefined/status/1126261182937964544","932848242479439872",
"1126261126365306880","Wed May 08 23:02:32 +0000 2019","0","KPU RI: SEGERA OTOPSI RATUSAN PETUGAS PETUGAS PEMILU DAN BENTUK TIM MITIGASI PEMILU INDEPENDEN - Tandatangani Petisi! https://t.co/w1Yq1TPbcR lewat @ChangeOrg_ID","1126261126365306880","","","in","","0","0","0","https://x.com/undefined/status/1126261126365306880","587974816",
"1126070995150704640","Wed May 08 23:02:30 +0000 2019","1","@akhadam77 @Romelah_mel @do_ra_dong @PKSejahtera Jika sdh alhmdllh.. Pemilu yg menelan korban sebanyak 500 org lebih dan masih mungkin bertambah harus di kaji ulang. Pesta demokrasi harus menyenangkan rakyat bukan justru menjadi duka karna banyak korban. Ini harus di akhiri dgn aturan yg baru yg lebih baik.","1126261121059442689","","akhadam77","in","","0","0","0","https://x.com/undefined/status/1126261121059442689","933696649309720578",
"1126261077052805120","Wed May 08 23:02:20 +0000 2019","0","Cari Lokasi Ibu Kota Baru di Kalteng Jokowi: Saya Dapat Feeling !!! https://t.co/28is6fUd0x","1126261077052805120","","","in","","1","0","0","https://x.com/undefined/status/1126261077052805120","761395437001510912",
"1126261076318801920","Wed May 08 23:02:20 +0000 2019","0","Bila Politik Pemerintahan RI meniru Politik Pemerintahan yg dilakukan Nabi Muhammad SAW mk masyarakat akan menjadi tentram dan damai serta sejahtera. Utk itu mk contohlah cara Nabi Muhammad SAW berpolitik @jokowi @Pak_JK @cakimiNOW @cholilnafis @KHMLuqman","1126261076318801920","","","in","","0","0","0","https://x.com/undefined/status/1126261076318801920","1038732578",
"1126261071604359168","Wed May 08 23:02:19 +0000 2019","0","MBAH MOEN SAJA TIDAK YALIN JOKOWI MENANG #FPIgardaNKRIdanPancasila","1126261071604359168","","","in","","0","0","0","https://x.com/undefined/status/1126261071604359168","1026261268737347584",
"1126261020010242049","Wed May 08 23:02:06 +0000 2019","0","Prabowo Desak Pemerintah Lakukan Visum Ke Petugas KPPS Yang Gugur https://t.co/9QEXl8QRY6 https://t.co/2FeoG3acu2","1126261020010242049","https://pbs.twimg.com/media/D6FIbddUwAEll_c.jpg","","in","","0","0","0","https://x.com/undefined/status/1126261020010242049","1076198531558301696",
"1126128310138720256","Wed May 08 23:02:06 +0000 2019","0","@AkunTofa Bagus ini isteri pensiun jendral bintang 3 mantan danpaspampres mantan danjen kopassus - dilaporkan utk urusan hukum. Semoga diurus juga laporan pelanggaran pemilu oleh yg lain @berteman_mari @Ayaniulva @Gerindra @Dahnilanzar","1126261019859226625","","AkunTofa","in","","0","0","0","https://x.com/undefined/status/1126261019859226625","1125331955254300672",
"1126261007431622656","Wed May 08 23:02:03 +0000 2019","15","[VIDEO] Berkalung Batu Alam Jokowi Tinjau Gunung Mas Kalimantan https://t.co/C2g72ZMaeL","1126261007431622656","","","in","","2","11","3","https://x.com/undefined/status/1126261007431622656","41730943",
"1126260992747294720","Wed May 08 23:02:00 +0000 2019","15","Mata Najwa Demi Demokrasi (Part 3) - https://t.co/ql2lDrHSxy Lembah yang curam dan menaklukkan derasnya arus sungai harus dilalui untuk bisa mengantar logistik pemilu ke salah satu TPS yang berada di wilayah pedalaman Sulawesi Tengah. #MataNajwaDemiDemokrasi https://t.co/8OUPargZS9","1126260992747294720","https://pbs.twimg.com/media/D6EpARSUYAIf28T.jpg","","in","","0","0","6","https://x.com/undefined/status/1126260992747294720","72274016",
"1126260992675958785","Wed May 08 23:02:00 +0000 2019","1","Mata Najwa Demi Demokrasi (Part 3) - https://t.co/j80zTksQtu Lembah yang curam dan menaklukkan derasnya arus sungai harus dilalui untuk bisa mengantar logistik pemilu ke salah satu TPS yang berada di wilayah pedalaman Sulawesi Tengah. #MataNajwaDemiDemokrasi https://t.co/Ot7xJTnaZu","1126260992675958785","https://pbs.twimg.com/media/D6ElznxU8AA9ipA.jpg","","in","","0","0","0","https://x.com/undefined/status/1126260992675958785","955600972394332160",
"1126260989433925632","Wed May 08 23:01:59 +0000 2019","1","Polri dan TNI Kawal Pemilu di Pohuwato Hingga Sukses https://t.co/eMMsukeioe https://t.co/W6T16O2fl7","1126260989433925632","https://pbs.twimg.com/media/D6FIZr0WwAUdM4X.jpg","","in","","0","0","0","https://x.com/undefined/status/1126260989433925632","1063095962246111232",
"1125573025716248576","Wed May 08 23:01:53 +0000 2019","0","@jokowi Jgn dipindah dong pk dijawa sj ya pk presiden ","1126260965283180545","","jokowi","in","","0","0","0","https://x.com/undefined/status/1126260965283180545","710108364831784960",
"1126094700283219969","Wed May 08 23:01:49 +0000 2019","0","@Wibisono06 @KingPurwa @prabowo Itu sih mewek.","1126260948828745728","","DWibisono08","in","","0","0","0","https://x.com/undefined/status/1126260948828745728","67620198",
"1126258321025986561","Wed May 08 23:01:48 +0000 2019","1","@CNNIndonesia Yg bikin hoax ..prabowo mw mendirikan khilafah gak pernah di tangkap pa..","1126260944139505664","","CNNIndonesia","in","","0","0","0","https://x.com/undefined/status/1126260944139505664","2589083910",
"1126260920911400962","Wed May 08 23:01:43 +0000 2019","0","Desak Komnas HAM Bentuk TGPF Wafatnya Ratusan Petugas Pemilu 2019! - Tandatangani Petisi! https://t.co/wcIaoSlYmd via @ChangeOrg_ID","1126260920911400962","","","in","","0","0","0","https://x.com/undefined/status/1126260920911400962","290957331",
"1126225176993992706","Wed May 08 23:01:35 +0000 2019","5","@budimandjatmiko Kami semua tau dan maklum mas tapi semua ini mudah2an tanda2 bahwa anda akan jadi mentri kabinet jokowi 2019-2024 Semua kejadian pasti ada hikmahnya apalagi buat orang sebijak anda..*","1126260889135353858","","budimandjatmiko","in","","0","0","1","https://x.com/undefined/status/1126260889135353858","3277134913",
"1126243926740836354","Wed May 08 23:01:29 +0000 2019","1","@maman1965 Dari pilpres kita belajar kmana pak ","1126260863667585024","","maman1965","in","","0","1","0","https://x.com/undefined/status/1126260863667585024","2612997974",
"1126260852271779840","Wed May 08 23:01:26 +0000 2019","0","RT jokowi: Dari puasa dan dalam berpuasa kita berlatih untuk menahan hawa nafsu hasrat dan keinginan duniawi dan turut merasakan ke ","1126260852271779840","","","in","","0","0","0","https://x.com/undefined/status/1126260852271779840","495702402",
"1126071438597746688","Wed May 08 23:01:26 +0000 2019","0","@Jayul14 @Idansuke1 @memancingemosi @jokowi Wew negara hancur???? Dari mana tong beritanya??? Bilang sama bunda kalau sekolah sarapan yang bergizi jangan LEM.","1126260849381789696","","Jayul14","in","","0","0","0","https://x.com/undefined/status/1126260849381789696","995532435939995648",
"1126106858182197251","Wed May 08 23:01:21 +0000 2019","2","@wiriantowidjaya @TanYoana @KPU_ID Dia @TanYoana pecundang ini dari dulu asbun omdo hoax nyinyir mulu serang pemerintah atau lembaga negara komennya gak mutu cenderung bodoh. Pantes faktanya PS nyungsep di pilpres 2019 krn banyak pecundang seperti ini. ","1126260829983109121","","wiriantowidjaya","in","","0","0","0","https://x.com/undefined/status/1126260829983109121","954644996",
"1126258321025986561","Wed May 08 23:01:18 +0000 2019","7","@CNNIndonesia Pribumi kok berani hina Presiden Jokowi Pasti gak tau diri dia https://t.co/oUtgPLDTmV","1126260817664434177","https://pbs.twimg.com/ext_tw_video_thumb/1126260767177658368/pu/img/6bfF6E_vTHIGWSPz.jpg","CNNIndonesia","in","","1","3","5","https://x.com/undefined/status/1126260817664434177","985523954403000320",
"1126260796684587010","Wed May 08 23:01:13 +0000 2019","0","Pemenang Pemilu Sudah Ketahuan! https://t.co/S1X4NXkU83","1126260796684587010","","","in","","0","0","0","https://x.com/undefined/status/1126260796684587010","361150527",
"1123573110324613120","Wed May 08 23:01:13 +0000 2019","0","@Rizky_Satria08 @SriHart66384227 @Gerindra @prabowo @roemahdjoeang @djokosantoso777 Bogor euy... https://t.co/p56GW48KIo","1126260796349005824","","surya50970699","in","","0","0","0","https://x.com/undefined/status/1126260796349005824","1098920690395148288",
"1125938786012020736","Wed May 08 23:01:09 +0000 2019","0","@jokowi Sekalian aja langsung ke Kalimantan Barat pak @jokowi siapa tau harga karet bisa balik lagi dan jalanan antar daerah/kota/provinsinya bisa mulus. Dan perkebunan sawitnya bisa lebih terarah.","1126260780129607680","","jokowi","in","","0","0","0","https://x.com/undefined/status/1126260780129607680","1457524788",
"1126142696555311105","Wed May 08 23:01:01 +0000 2019","1","@ldfatho @Mas_Brewoks @jokowi Tetap #KamiDukungFPI","1126260745300168704","","ldfatho","in","","0","0","0","https://x.com/undefined/status/1126260745300168704","854519330863669248",
"1126260741709996033","Wed May 08 23:01:00 +0000 2019","1","Mata Najwa Demi Demokrasi (Part 2) - https://t.co/mBomiwvfWy Para petugas penyelenggara pemilu merasakan kelelahan yang luar biasa karena sehabis menghitung surat suara masih harus menulis tangan form C1 yang jumlahnya sangat banyak. #MataNajwaDemiDemokrasi https://t.co/alczfr4KZ9","1126260741709996033","https://pbs.twimg.com/media/D6EljW2UYAAPQ32.jpg","","in","","0","0","0","https://x.com/undefined/status/1126260741709996033","955600972394332160",
"1126260741261021189","Wed May 08 23:01:00 +0000 2019","50","Mata Najwa Demi Demokrasi (Part 2) - https://t.co/FOKwh4vrgZ Para petugas penyelenggara pemilu merasakan kelelahan yang luar biasa karena sehabis menghitung surat suara masih harus menulis tangan form C1 yang jumlahnya sangat banyak. #MataNajwaDemiDemokrasi https://t.co/OHmHzbylK0","1126260741261021189","https://pbs.twimg.com/media/D6EosvHUYAEPZKI.jpg","","in","","2","6","15","https://x.com/undefined/status/1126260741261021189","72274016",
"1125822405354483712","Wed May 08 23:00:57 +0000 2019","0","@fahmyabb @CakKhum @prabowo @bachtiarnasir Allahu Akbar","1126260728271233024","","fahmyabb","in","","0","0","0","https://x.com/undefined/status/1126260728271233024","1065500085012709376",
"1126094700283219969","Wed May 08 23:00:48 +0000 2019","0","@KingPurwa @prabowo Saatnya bumi putra bangkit melawan manusia-manusia yg suka ngerecokin NKRI. Ada tuh yg teriak-teriak dari luar gak berani pulang","1126260689935298561","","KingPurwa","in","","0","0","0","https://x.com/undefined/status/1126260689935298561","67620198",
"1126260682628820992","Wed May 08 23:00:46 +0000 2019","0","Biasannya bapake hampir stiap pemilu dijadiin saksi kpps. Alhamdulillah pemilu ini engga. Bapak sempet kaget knp skrg engga....Allah hanya ingin melindungi bapak dr hal2 yg ga diinginkan apalg denger berita sliwar-sliwer gitu. Ya Allah. Ngeri... https://t.co/UIOkeU6wwL","1126260682628820992","","","in","","0","0","0","https://x.com/undefined/status/1126260682628820992","416357761",
"1126030091471839237","Wed May 08 23:00:44 +0000 2019","0","@Nadiku18 @prabowo @fadlizon @Gerindra iya gue SALUT sama PRABOWO dia emang konsisten hingga nyaprespun 3X meski harus belakang dada trimah kekalahan untuk yg ke 3X nya.......salut gue sama perjuangannya untuk jadi orang no 1 di INDONESIA tapi maaf sebagian rakyat","1126260674210885632","","effendi____","in","","0","0","0","https://x.com/undefined/status/1126260674210885632","1011242395525001217",
"1126260659841224706","Wed May 08 23:00:40 +0000 2019","5","#PopulerB1 3: Prabowo-Sandi Diminta Berkaca dari Partai Liverpool vs Barcelona https://t.co/Nbf9BR5vCk","1126260659841224706","","","in","","1","3","1","https://x.com/undefined/status/1126260659841224706","154102750",
"1126260636374061062","Wed May 08 23:00:35 +0000 2019","10","#PopulerB1 4: Bachtiar Nasir Tersangka Prabowo: Upaya Kriminalisasi Ulama https://t.co/5PxDWGwgOn","1126260636374061062","","","in","","6","15","3","https://x.com/undefined/status/1126260636374061062","154102750",
"1126260613347459073","Wed May 08 23:00:29 +0000 2019","0","Terbang Sejauh 2.000 Km Cerita Jokowi Mencari Ibu Kota Baru https://t.co/qNbyMYCP6d https://t.co/hW7iHgT3jO","1126260613347459073","https://pbs.twimg.com/media/D6FIDyLWAAAXfHW.jpg","","in","","0","0","0","https://x.com/undefined/status/1126260613347459073","1110181801333391361",
"1125944490743648256","Wed May 08 23:00:20 +0000 2019","0","@Felixsinaga @lenggaok @kangdede78 @CakKhum @hanumrais Tujuannya menjelekkan Jokowi.","1126260574088716288","","Felixsinaga","in","","0","0","0","https://x.com/undefined/status/1126260574088716288","987752995797417986",
"1126260566081695744","Wed May 08 23:00:18 +0000 2019","4","#PopulerB1 7: Pertemuan Tertutup Prabowo di Kantor DPP PKS Dihadiri Amien Rais https://t.co/5yuHwQ7knd","1126260566081695744","","","in","","2","6","2","https://x.com/undefined/status/1126260566081695744","154102750",
"1126260540722958337","Wed May 08 23:00:12 +0000 2019","0","Hasil Sementara Rekapitulasi KPU: Pilpres 2019 01 = 56.23% (63 007 907 suara) 02 = 43.77% (49 050 681 suara) Total suara: 112 058 588 suara TPS diproses: 73.14% (594 878 dari 813 350 TPS) Waktu update KPU: 09/05/2019 05:45 WIB (Sumber data: KPU) #KawalSuara2019","1126260540722958337","","","in","","0","0","0","https://x.com/undefined/status/1126260540722958337","1119851854249127936",
"1126260519055192064","Wed May 08 23:00:07 +0000 2019","0","#PopulerB1 9: Prabowo Sesalkan Pernyataan Rasial AM Hendropriyono https://t.co/JvmutBcqcW","1126260519055192064","","","in","","0","2","0","https://x.com/undefined/status/1126260519055192064","154102750",
"1126260498989703173","Wed May 08 23:00:02 +0000 2019","3","Andi Arief menganalogikan pembisik sesat Prabowo dengan setan gundul. https://t.co/sAKHC6RDqm","1126260498989703173","","","in","","0","1","2","https://x.com/undefined/status/1126260498989703173","22126902",
"1126260491402215424","Wed May 08 23:00:00 +0000 2019","33","Mata Najwa Demi Demokrasi (Part 1) - https://t.co/BM6cCR0uAA Hingga saat ini tercatat 500 lebih petugas penyelenggara &amp; keamanan pemilu yg meninggal dlm tugas penyelenggaraan pemilu. Apa yg terjadi? Dan bgmn anggota keluarga melihat peristiwa ini? #MataNajwaDemiDemokrasi https://t.co/3ECYE614ud","1126260491402215424","https://pbs.twimg.com/media/D6Eoj5tUIAAETtE.jpg","","in","","3","5","9","https://x.com/undefined/status/1126260491402215424","72274016",
"1126260490747826176","Wed May 08 23:00:00 +0000 2019","0","Saksi Parpol Protes Dugaan Kecurangan Pemilu Pleno KPU Malut Berjalan Alot https://t.co/QovaOyPMHo","1126260490747826176","","","in","","0","0","0","https://x.com/undefined/status/1126260490747826176","61377303",
"1126260490328473600","Wed May 08 23:00:00 +0000 2019","5","Mata Najwa Demi Demokrasi (Part 1) - https://t.co/wV8OciklkY Hingga saat ini tercatat 500 lebih petugas penyelenggara &amp; keamanan pemilu yg meninggal dlm tugas penyelenggaraan pemilu. Apa yg terjadi? Dan bgmn anggota keluarga melihat peristiwa ini? #MataNajwaDemiDemokrasi https://t.co/QdP8bR0yoA","1126260490328473600","https://pbs.twimg.com/media/D6Ek7zNUEAA5I-w.jpg","","in","","0","0","0","https://x.com/undefined/status/1126260490328473600","955600972394332160",
"1126077006976708608","Wed May 08 22:59:58 +0000 2019","0","@prajnamu Sy melihat yg 40 dapat 40 sisanya tumpah ke SBY-Kalla ya wajar. Sikonnya beda dg 2019. Yg menarik 2014 suara partai yg dukung Prabowo-Hatta &gt; 50% tapi suara utk paslon tsb &lt; 50%. Nah skrg suara partai utk PS &lt; 50%. Berharap dpt lebih? Come on","1126260480329170944","","prajnamu","in","","0","1","1","https://x.com/undefined/status/1126260480329170944","279963454",
"1126260467851120646","Wed May 08 22:59:55 +0000 2019","0","Jika FPI dibubarkan Maka semua Ormas Islam yg ada di Indonesia Harus dibubarkan juga supaya Adil @jokowi @KompasTV @tvOneNews @Netizen_FPI @pedjoeang_islam @SeputarAHY @Lovers_IBHRS","1126260467851120646","","","in","","0","0","0","https://x.com/undefined/status/1126260467851120646","1115884351147868160",
"1125793209139916807","Wed May 08 22:59:48 +0000 2019","0","@L_Milla @indrana_g @mbakyuevi_N51 @zarazettirazr @dektampu @tondimuh9 @UN @bareskrim2018 @DivHumas_Polri @jokowi @BareskrimPolri Di otopsi saja.... Bacotmu ga ngaruh","1126260439518572544","","","in","","0","0","0","https://x.com/undefined/status/1126260439518572544","981641375950159873",
"1126117303609724929","Wed May 08 22:59:43 +0000 2019","0","@Gerindra @prabowo Kami Bangga Berada Di Barisan Perjuangan Mu Jendral","1126260420451246080","","Gerindra","in","","0","0","0","https://x.com/undefined/status/1126260420451246080","1025064926103056385",
"1125759205707632641","Wed May 08 22:59:27 +0000 2019","0","@VenaJulian @hanafikhan88 @kompascom Ini yg bapaknya meninggal anggota KPPS..wahai pendukung jokowi sadarlah jangan sampai penyesalan anda karna cinta buta sama junjungan lu lupa dengan kebenaran dan keadilan.di bulan puasa ini semoga hati lu yg sakit sembuhsy capek ladeni orang sakit https://t.co/Vsf3RTFC56","1126260353321488384","","merakgalak","in","","0","2","0","https://x.com/undefined/status/1126260353321488384","952527446728822784",
"1126233380037595136","Wed May 08 22:59:22 +0000 2019","1","@TanYoana @agusfatria1 Fokus awal kecurangan pemilu Di lempae wacana fpi dibubarkan Folus berubah..canggih.","1126260330617757696","","TanYoana","in","","0","0","0","https://x.com/undefined/status/1126260330617757696","2395738536",
"1126229259394011137","Wed May 08 22:59:07 +0000 2019","0","@Yatie84991237 @TeddyGusnaidi Jika org yg lebih berkuasa dari saya tak didengar lantas knp mempertanyakan saya? Jumlah yg berbeda. Jika dulu 150an lalu skrg 500an apa itu tak dikaji? Harusnya skrg menurun jumlahnya bahkan klo bisa tdk ada. Justru klo hari ini dibiarkan lalu next pemilu mau brp yg jdi korban?","1126260268860764160","","Yatie84991237","in","","0","1","0","https://x.com/undefined/status/1126260268860764160","149054292",
"1126260243623579648","Wed May 08 22:59:01 +0000 2019","6","Jokowi unggul di 21 daerah usai hitung 23 kabupaten/kota di Jatim https://t.co/7yMejGIvHm","1126260243623579648","","","in","","1","0","3","https://x.com/undefined/status/1126260243623579648","18071520",
"1126260214032883712","Wed May 08 22:58:54 +0000 2019","7","Pemilu kali ini rasa bencana dimana banyak sekali korbannya.. Besok2 jangan pakai pemilu lagi lah Dokter Ani Hasibuan: KPPS Meninggal Keluhan Sama Mual dan Muntah #KamiDukungFPi #KamiDukungFPi https://t.co/CP5A2jJNrj","1126260214032883712","","","in","","0","1","5","https://x.com/undefined/status/1126260214032883712","1100597201506430977",
"1126260202787852288","Wed May 08 22:58:51 +0000 2019","0","Pemilu Berjalan Damai Kapolres Ambon Bersilaturahmi dengan Tokoh Agama Islam #InfoBanten https://t.co/AUcW00IVUf https://t.co/LobAUfuQlD","1126260202787852288","https://pbs.twimg.com/media/D6FHr2cUYAARbUH.jpg","","in","","0","0","0","https://x.com/undefined/status/1126260202787852288","1024936056674639872",
"1126074434769567744","Wed May 08 22:58:44 +0000 2019","1","@AmbarwatiRexy @John_Nelwan Bisa ungkap temuan anda dr @tondimuh9? Kami menyimak. Jangan jangan Hoax ala RS atau survey internal partai 62 persen dipaksa jadi hasil pilpres khas #OposisiTidakKredibel.","1126260171502522368","","AmbarwatiRexy","in","","0","0","1","https://x.com/undefined/status/1126260171502522368","372662058",
"1126145926949756928","Wed May 08 22:58:29 +0000 2019","0","@Angelone_212 @detikcom Tes dna trus pembandingnya dgn siapa? Siapa keluarga jokowi yg pki?.....kasian kena fitnah...ditelan bulet2","1126260109875671042","","","in","","0","0","0","https://x.com/undefined/status/1126260109875671042","1020847663120465920",
"1126161097457688576","Wed May 08 22:58:29 +0000 2019","0","@Metro_TV. Soal Kemenangan Sudah Diyakini Menang Jokowi Ma'ruf Tapi Harus Menunggu Hasil Resminya KPU","1126260108282007552","","Metro_TV","in","","0","0","0","https://x.com/undefined/status/1126260108282007552","2422354280",
"1089337453712818176","Wed May 08 22:58:29 +0000 2019","1","@Nani3711 @amiraswandary @KasanBaret @Muhamma89039524 @abiamr1 @zachary_ahmad @billykoesnadi @tts52517 @saepullohtoto @dintya066927 @Qonstantiniyye @diah_soewarno @doc_tetty88 @Robotu71 @BudiSantosoLimo @Bellysetiawan92 @Anindya09017597 @awaluddin_sadik @DdMulyadi2 @yudi29301079 @MBtjw @AnzaraYuli @Marmut_keren @lizzy02_lizzy @batubara02 @frozen145146 @CTe2303 @rudi2906rs @rukamhamerrii @DK_2_INDONESIA @endang_nz @Innayaputri72 @bryanvandersoon @hadid501 @Lutfimuhamad08 @Joko_Ganesha @ngizroil13 @PadiOyan @HasanBa81886194 @Umbuisback @Suparno08052468 @rizqi_property @GEMACAN70______ @Riva1410 @Afood11 @Aswin_fadillah @rereronggolawe @JackKellinBert @Zsoer90 @prabowo #KamiDukungFPi #KamiDukungFPi Mmmuuuuaaaaccchhh FPI","1126260107849768961","","Nani3711","in","","0","0","0","https://x.com/undefined/status/1126260107849768961","1072154501316980737",
"1126027142599282689","Wed May 08 22:58:20 +0000 2019","0","@narpatisuta @jokowi Payah nih . Ganti sendal jepit ga bisa menurut kemauan orang banyak. Gak hormat ama pembuat resep awal. Yang investasi ke dia NGOTOT-MAXimum. NGOTOT MAXIMUM aarrrghhh ! PRABOWO akan diingat selamanya generasi ke generasi. Amin","1126260070210252801","","","in","","0","0","0","https://x.com/undefined/status/1126260070210252801","1031675904156553217",
"1126194948800311296","Wed May 08 22:58:17 +0000 2019","0","@fairuzhakimah Makanya fay aku males liat tv skrng media di kuasain semua trus jd ganti topik pemindahan ibukota kaya mau menenggelamkan isu pilpres tahun ini ","1126260058361253893","","realfyrz","in","","0","0","0","https://x.com/undefined/status/1126260058361253893","138714772",
"1125556906628485120","Wed May 08 22:58:17 +0000 2019","0","@RachlanNashidik @jokowi jadi ingat husni kamil dan munir","1126260057534951424","","rachlannashidik","in","","0","0","0","https://x.com/undefined/status/1126260057534951424","3242325768",
"1126260053609041920","Wed May 08 22:58:16 +0000 2019","0","Ada KONSPIRASI BUSUK dalam TRAGEDI Wafatnya 500 orang petugas Pemilu 2019.","1126260053609041920","","","in","","0","0","0","https://x.com/undefined/status/1126260053609041920","551942704",
"1126260029273718784","Wed May 08 22:58:10 +0000 2019","7","MANTAP! PRABOWO Bersama Rakyat Gelar Aksi Kepung KPU dan Bawaslu RAKYAT... https://t.co/bSJMEIKvdN lewat @YouTube","1126260029273718784","","","in","","0","0","1","https://x.com/undefined/status/1126260029273718784","2991557823",
"1125828293272395776","Wed May 08 22:58:03 +0000 2019","2","@anak_koncat Ayo bong mn tangisanmu n lilin kalian utk 554 korban pilpres 2019? Ga ad teriakan #SaveKPPS ?! Otopsi para korban spy tahu pyebab kmatian.","1126260000718901248","","anak_koncat","in","","0","0","1","https://x.com/undefined/status/1126260000718901248","894085686470483968",
"1126028331260923905","Wed May 08 22:57:59 +0000 2019","0","@kasehsaulmouk @bung7am Hrsnya TNI dkung prabowo krn negara di pimpin mantan TNI lbh stabil anak bangsa rukun damai terbukti era Soeharto n SBY krn TNI bs ngemong rakyat scr keseluruhan/tnp perbedaan partai kelompok dls..","1126259984025542656","","kasehsaulmouk","in","","0","1","0","https://x.com/undefined/status/1126259984025542656","966983738469924865",
"1126150425978138624","Wed May 08 22:57:54 +0000 2019","3","@ASapardan Tangkap para Sengkuni pembisik prabowo","1126259962219384833","","ASapardan","in","","0","2","1","https://x.com/undefined/status/1126259962219384833","1099933081572585472",
"1125636018713939968","Wed May 08 22:57:50 +0000 2019","0","@BertemanM @prabowo Menanglah kejujuran...","1126259943907028992","","BertemanM","in","","0","0","0","https://x.com/undefined/status/1126259943907028992","773320112560451585",
"1126130647720955905","Wed May 08 22:57:49 +0000 2019","0","@rizakals @detikcom Kurang tepat narasi ny itu pak bpn meminta c1 bawaslu agar bukti2 yg dimiliki BPN sma akurat ny dgn yg didapt BPN di lap hal ini mnjaga agar bukti yg di bwa k bawaslu bkn bkti hoax. Itu aj. Terkait c1 d menteng dduga pengalihan isu kecurangan &amp; tragedi pemilu 2019 https://t.co/nYgODzbsHD","1126259942577410048","https://pbs.twimg.com/media/D6FHcL6UcAAiVX6.jpg","rizakals","in","","0","0","0","https://x.com/undefined/status/1126259942577410048","2806773127",
"1125437330653716481","Wed May 08 22:57:45 +0000 2019","0","@pungky910 @DkiHaji @HaryadiOsa @loser_official @kumparan Curang apanya.Wong Prabowo menghina Boyolali dgn Tampang Boyolali siapa yg mau milih. Belum apa2 sdh menghina.","1126259924558725121","","pungky910","in","","0","0","0","https://x.com/undefined/status/1126259924558725121","807941894",
"1126259878601691136","Wed May 08 22:57:34 +0000 2019","1","Urang Bogor mah setia selalu bersama Prabowo Sandi. #INAelectionObserverSOS https://t.co/TxZcDTZcnr","1126259878601691136","https://pbs.twimg.com/media/D6FHYrsUEAAkwU0.jpg","","in","","0","0","0","https://x.com/undefined/status/1126259878601691136","1427725477",
"1125749789918785536","Wed May 08 22:57:34 +0000 2019","0","@bagaikankarang @SaptoBudiRahar @Kelapam1 @LKatresnan @ruben_yuanito @serdaduwarteg @nurshs @CWTrianggono @gwOrange2 @Aljabbarin2 @PartaiSocmed @jokowi @gian591 @budilaks12 @Daengan3 @L3OF14N @Anarcho_merah @WongKhamFret @belajar_twet @hsnsaputro @sekarbintangku Ini ak udah tidur semalem #BubarkanFPI","1126259876655652864","","bagaikankarang","in","","0","1","1","https://x.com/undefined/status/1126259876655652864","69302469",
"1126049944899448832","Wed May 08 22:57:28 +0000 2019","1","@AgusMagelangan @NUgarislucu yang kayak pak Prabowo apanya? Semangat berani malunya yakkkk??","1126259853490442241","","AgusMagelangan","in","","0","1","0","https://x.com/undefined/status/1126259853490442241","245967550",
"1125985524861161478","Wed May 08 22:56:53 +0000 2019","0","@misbahjoss @VisitJepara @jeparakabgoid @JeparaHariIni @jokowi @ganjarpranowo @MampirJepara Mas..kui editan soko ngendi njeporo kok gae kata arek..","1126259704714285056","","misbahjoss","in","","0","1","0","https://x.com/undefined/status/1126259704714285056","244974638",
"1126119094242107392","Wed May 08 22:56:50 +0000 2019","3","@PriyoBudiS Kami akan selalu mendukung mu Pak.Prabowo demi bangsa dan negara adil dan makmur","1126259692869566464","","PriyoBudiS","in","","0","0","0","https://x.com/undefined/status/1126259692869566464","1033993501694779393",
"1126259662695817216","Wed May 08 22:56:43 +0000 2019","0","Koq gw kasian ya ama prabowo ini. Dia masih berkutat membela org2 yg bermasalah. Berkutat sama c1 ormas dll. Sementara @jokowi terus bergerak membangun Indonesia. Apa ngak malu ya?","1126259662695817216","","","in","","0","0","0","https://x.com/undefined/status/1126259662695817216","2962498987",
"1126134790699143171","Wed May 08 22:56:42 +0000 2019","0","@BangPino_ @prabowo Setuju akan sangat berat. Kasus ini akan terbongkar jika sistem pemerintahan berubah.","1126259659348668416","","BangPino_","in","","0","0","0","https://x.com/undefined/status/1126259659348668416","1090885174886260736",
"1126076260424151042","Wed May 08 22:56:37 +0000 2019","1","@ArdiansyahNu @GusMiko1 @na_dirs @mohmahfudmd @permadiaktivis Bagaimana menurut anda pak @prabowo","1126259639010484224","","","in","","0","0","0","https://x.com/undefined/status/1126259639010484224","2902163822",
"1126259619582472192","Wed May 08 22:56:32 +0000 2019","0","Emyu vs prabowo","1126259619582472192","","","in","","0","0","0","https://x.com/undefined/status/1126259619582472192","270231069",
"1125950660388614144","Wed May 08 22:56:30 +0000 2019","0","@Sinin_outsider @jokowi Bukan hoax didisain sebagai cara untuk berkuasa karena tidak mampu mengkritik berdasarkan fakta dan data Maka dibuatlah strategi yang disebut dengan firehose of the falsehood. Menyemburkan api kebohongan. Makin marak api yang disemburkan diharapkan makin menguntungkan.","1126259607796457472","","Sinin_outsider","in","","0","5","0","https://x.com/undefined/status/1126259607796457472","845078592",
"1125822405354483712","Wed May 08 22:56:25 +0000 2019","0","@CChotibulumam @fahmyabb @CakKhum @prabowo @bachtiarnasir Muke lu bahlul enak bener bilangin jihad ngapain ente tidur aja berdoa biar shbs tdur bisa bngun lagi melihat dunia","1126259587739316225","","CChotibulumam","in","","0","1","0","https://x.com/undefined/status/1126259587739316225","1108411781167218689",
"1126259537999089664","Wed May 08 22:56:13 +0000 2019","0","Untuk melindungi siapa saja pejabat dan politisi pemilik lahan gendut ya? Waktu debat dulu Jokowi berapi api. Sekarang melempem karena tekanan orang2 kuat ya? https://t.co/7wqdrJPB7g","1126259537999089664","","","in","","0","0","0","https://x.com/undefined/status/1126259537999089664","300082775",
"1126071438597746688","Wed May 08 22:56:11 +0000 2019","0","@jokowi Smga lancar semuanya pak jkw Allah yg memberi amanah dan dia juga yg membantu serta buat lancar.","1126259530428370944","","jokowi","in","","0","0","0","https://x.com/undefined/status/1126259530428370944","956867164421595136",
"1126071438597746688","Wed May 08 22:56:10 +0000 2019","0","@Dumai12Tarigan @Mencreeeeeed @memancingemosi @mz_heroe @jokowi Jangan digebukin bang kasian. Mending kita potas aja gimana???","1126259526355668994","","Dumai12Tarigan","in","","0","0","0","https://x.com/undefined/status/1126259526355668994","995532435939995648",
"1126070995150704640","Wed May 08 22:56:01 +0000 2019","0","@mulyadi_nafis @do_ra_dong Matahari ikut tanda tangan kok https://t.co/JaO7EHFcpE","1126259488846073858","","Cinduamato_007","in","","0","1","0","https://x.com/undefined/status/1126259488846073858","746704219",
"1126259466884734977","Wed May 08 22:55:56 +0000 2019","0","Ini anjing bukan orang. Dukun provokator. Jendral2 yang dukung jokowi masi menjabat bertugas menjaga keamanan NKRI dari anjing2 seperti kau yg mau merusak! saya mau lihat siapa yg berani mati demi dia #02KalahTerusBohong #02KalahTerusGila @DivHumas_Polri @Puspen_TNI @PolhukamRI","1126259466884734977","","","in","","0","0","0","https://x.com/undefined/status/1126259466884734977","3007826364",
"1126118864020955138","Wed May 08 22:55:55 +0000 2019","0","@cadarmerah @HipHop74934648 @aa_rasy @Fahrihamzah @wiranto1947 @Puspen_TNI @CCICPolri @BareskrimPolri @TheArieAir @RizmaWidiono @Airin_NZ @habibthink @jokowi @PakatDayak Kebenaran dan kebaikan itu pasti mendapat berkah Tapi kl kecurangan dan kelicikan akan dapat musibah tong","1126259461134274561","","cadarmerah","in","","0","0","0","https://x.com/undefined/status/1126259461134274561","720085394801295360",
"1126230069335085056","Wed May 08 22:55:20 +0000 2019","0","@Melinda8011 Biasanya paranormal asli udah tahu yg menang siapa mknya jarang terlibat politik praktis spt pilpres pilkada dll. Luntur kemampuan mrk bila byk terlibat urusan dunia. Begitu yg biasa terjadi","1126259316841803776","","Melinda8011","in","","0","0","0","https://x.com/undefined/status/1126259316841803776","3224016240",
"1126259236864954368","Wed May 08 22:55:01 +0000 2019","0","Update Hasil Pilpres 2019 (09 May 2019 05:45:05) (01) JOKOWI/AMIN: 63.007.907 (+2.485) - 56.23% (0%) (02) PRABOWO/UNO: 49.050.681 (+928) - 43.77% (0%) Proses 594.878 (+20 / +0.0024%) TPS dari total 813.350 TPS dengan persentase 73.1392%.","1126259236864954368","","","in","","0","0","0","https://x.com/undefined/status/1126259236864954368","1118732326769283072",
"1126071438597746688","Wed May 08 22:54:53 +0000 2019","0","@703Ibrahim @jokowi Hidup prabowo juara 2","1126259202924486657","","703Ibrahim","in","","0","0","0","https://x.com/undefined/status/1126259202924486657","995532435939995648",
"1126071438597746688","Wed May 08 22:54:53 +0000 2019","0","@jokowi Dulu gw pernah mengikuti proses penetapan ibukota sebuah kabupaten. Kajiannya banyak dan rumit. Melibatkan tim yg sangat besar dari begitu banyak disiplin ilmu. Kajiannya maraton selama 3 tahun. Aturannya banyak. Kalau pindah ibukota negara harusnya lbh serius dari itu.","1126259202542850048","","jokowi","in","","0","0","0","https://x.com/undefined/status/1126259202542850048","183891938",
"1126256482935234560","Wed May 08 22:54:51 +0000 2019","0","perjuangan kita masih sangat panjang bukan hanya hari ini tapi esok dan seterusnya. bukan cuma soal pemilu ini tapi byk hal lainnya. ketika satu perjuangan selesai perjuangan lainnya dimulai. hidup.","1126259195089526785","","FandiHerulean","in","","0","0","0","https://x.com/undefined/status/1126259195089526785","124061902",
"1126259153431867398","Wed May 08 22:54:41 +0000 2019","0","TKN Jokowi Pamer Real Count 80 Juta Suara Sandiaga: Tunggu Hasil Akhirnya https://t.co/1VcaJRfDbf https://t.co/vQNX2sGls9","1126259153431867398","https://pbs.twimg.com/media/D6FGuzIWwAEm7Ja.jpg","","in","","0","0","0","https://x.com/undefined/status/1126259153431867398","1066779906086850563",
"1126248499501195265","Wed May 08 22:54:38 +0000 2019","1","@Kateb_Khalid @120N1_643E Oh REKAM JEJAKMU PENDUKUNG PRABOWO? Siapa yang nanya? ","1126259140647538688","","Kateb_Khalid","in","","0","2","0","https://x.com/undefined/status/1126259140647538688","405822983",
"1125791812977692673","Wed May 08 22:54:30 +0000 2019","0","@JokSusi2019 @PantunJ2P @INTANHambaAllah @yogantercinta @KoRnHurry @msaid_didu @KPU_RI @jokowi nanti jadi fpi plus... ","1126259108242382848","","CANDAdanBISNIS","in","","0","1","0","https://x.com/undefined/status/1126259108242382848","1846740686",
"1126000618785656832","Wed May 08 22:54:28 +0000 2019","0","@detikcom Salah FPI hanya satu tidak mau jadi kacung Jokowi kehebatan FPI mayat-mayat bencana alam mereka yg urus.","1126259098255650816","","detikcom","in","","0","0","0","https://x.com/undefined/status/1126259098255650816","1111428045447979009",
"1126259082371796992","Wed May 08 22:54:24 +0000 2019","0","Kalau di lihat tampang kecoak ini sie kaya anak keturunan PKI... Lihat aja mata nya aja gak kompak..‍️‍️ Sebar Hoax Jokowi PKI Pria di Tangsel Ditangkap https://t.co/XEhepCBZzW","1126259082371796992","","","in","","0","0","0","https://x.com/undefined/status/1126259082371796992","722032006582837248",
"1126238093500043264","Wed May 08 22:54:21 +0000 2019","0","@TranceX9 Ada yang mau menjebak Prabowo gagal sehingga panik ya ?? Jagoannya cuma bisanya jadi penghianat dan penjilat aja ampe fitnah2 PS","1126259069436645376","","MorganFreaxman","in","","0","0","0","https://x.com/undefined/status/1126259069436645376","949746212902600704",
"1126156304144261120","Wed May 08 22:54:18 +0000 2019","1","@Syarman59 @Barna_byo @SRufamin @narkosun @TolakBigotRI @habibthink @ApriliaLin @RizmaWidiono Persoalan ini hanyalah kesalahan kpu dalam merancang sysytem pemilu serentak...mestinya anggota kpps di perbanyak dan kerjanya pershift .....kedepan harus di rubah ........sedang pemilu serentak ini sudah bagus ........","1126259055960268800","","Syarman59","in","","0","0","0","https://x.com/undefined/status/1126259055960268800","800312861582995456",
"1126070995150704640","Wed May 08 22:54:13 +0000 2019","0","@Ingah83316772 @do_ra_dong PAN ikut tanda tangan kok.. https://t.co/JaO7EHFcpE","1126259033260707840","","Ingah83316772","in","","0","0","0","https://x.com/undefined/status/1126259033260707840","746704219",
"1126258282400702464","Wed May 08 22:54:06 +0000 2019","4","Atau gara2 CN kepergok poto sama Fadli Zon? Laah CN ada jg poto sama LBP. Kalo cm poto Gus Mus jg poto sama Prabowo tuh hahaaa","1126259005553168384","","iqbal_daryono","in","","0","2","3","https://x.com/undefined/status/1126259005553168384","96513717",
"1126258993926590464","Wed May 08 22:54:03 +0000 2019","0","Jauh sebelum kampanye pilpres sy udah yakin bgt klo #jokowiaminmenangtotal untuk 2019-2024.. Mengapa? 1. JOKOWI HEBAT 2. Prabowo emosional","1126258993926590464","","","in","","0","0","0","https://x.com/undefined/status/1126258993926590464","909964154655580160",
"1126258951220224000","Wed May 08 22:53:53 +0000 2019","0","Di Australia Pun Orangtua Calon Pemimpin Jadi Sorotan Selama Kampanye Pemilu https://t.co/r5IVJo3hHe","1126258951220224000","","","in","","0","0","0","https://x.com/undefined/status/1126258951220224000","99287234",
"1126045084439289856","Wed May 08 22:53:42 +0000 2019","0","@VIVAcoid Pak @jokowi besok2 jgn ada banci yg dijadiin menteri agama yah.. doyan shopping.. iri eykee cyiiiiin..","1126258906462707712","","VIVAcoid","in","","0","0","0","https://x.com/undefined/status/1126258906462707712","485863894",
"1126070995150704640","Wed May 08 22:53:41 +0000 2019","0","@Rizal010102 @do_ra_dong Tabayyun dulu mas... ada tiga fraksi yg sudah ttd usulan pansus. https://t.co/JaO7EHFcpE","1126258902306250753","","Rizal010102","in","","0","1","0","https://x.com/undefined/status/1126258902306250753","746704219",
"1126066697582989313","Wed May 08 22:53:39 +0000 2019","6","@TranceX9 Mau Fitnah atau tdk ini Pemilu Terakhir Untuk Sang abu2 Selanjutnya Benamkan. #SitungHaluTipuTipu https://t.co/K3vH99AYLx","1126258891161915392","https://pbs.twimg.com/media/D6FGeGAUYAA8Ez5.jpg","MorganFreaxman","in","","0","0","3","https://x.com/undefined/status/1126258891161915392","1100728882003554305",
"1126258871486468096","Wed May 08 22:53:34 +0000 2019","0","Dan saya berharap para ulama seperti AA Gym UAS dan Adi Hidayat dan ulama 2 di seluruh tanah air berani berkorban utk memperjuan kan pemilu yg penuh kecurangan ini umat saat ini di hantui rasa takut berkepanjangan apa yg di lakukan pemerintah sekarang ini","1126258871486468096","","","in","","0","0","0","https://x.com/undefined/status/1126258871486468096","241861442",
"1126258865467678722","Wed May 08 22:53:33 +0000 2019","1","Hari Kedua Ramadan Presiden Jokowi Salat Tarawih di Palangkaraya: Di hari kedua bulan Ramadan 1440 H yang bertepatan dengan Selasa 7 Mei 2019 Presiden Joko Widodo melaksanakan ibadah salat Tarawih di Masjid Darul Arqam Kota Palangkaraya Provinsi https://t.co/xheuXKI15K https://t.co/PmtpDJBBUH","1126258865467678722","https://pbs.twimg.com/media/D6FGeDhV4AEIHPz.jpg","","in","","0","0","0","https://x.com/undefined/status/1126258865467678722","372862206",
"1126258840519860225","Wed May 08 22:53:27 +0000 2019","0","Pasang sticker branding mobil kampanye https://t.co/Yox6M3qu3E #pemilu #pilkada #jakarta #tangerang #bogor #depok","1126258840519860225","","","in","","0","0","0","https://x.com/undefined/status/1126258840519860225","3031095167",
"1126124468944769025","Wed May 08 22:53:26 +0000 2019","0","@Rivi_Handayani Lho bukannya C1 yg dibagikan setelah Perhitunguan di TPS sdh trkumpul rapih di Tim masing dan Saksi Peserta Pemilu.. Lagian Rapat Pleno Rekap Manual KPU Kab/Kota sdh pd Tuntas.. Kok muncul dalm jumlah banyak dalm 1 mobil ya? ","1126258836925345793","","","in","","0","0","0","https://x.com/undefined/status/1126258836925345793","85074085",
"1126248499501195265","Wed May 08 22:53:24 +0000 2019","0","@120N1_643E @maman1965 Jangan terlalu sensitif kali. semua2 dianghap satire bila berhunungan dfn wasit. mentang2 rekam jejak ku pendukung prabowo. trus semua soal wasit jg arahnya kesana.","1126258831523061760","","Bonnie_GB3","in","","0","1","0","https://x.com/undefined/status/1126258831523061760","843490078504628224",
"1125631443994943488","Wed May 08 22:53:24 +0000 2019","0","@jokowi Dikebut berantakan","1126258829228777473","","jokowi","in","","0","0","0","https://x.com/undefined/status/1126258829228777473","1117981317356933121",
"1126018466564018176","Wed May 08 22:53:19 +0000 2019","1","@hendrapurbaPP @hanifah932 bapakku pengurus RT setempat yang ditunjuk sebagai petugas. demi kelangsungan pemilu yg baik tentu saja beliau tdk menolak. sebenernya jd sakitpun klo sudah resiko ya gpp cuma jgn dibilang nyatet2 saja ","1126258808756375553","","garambeat","in","","0","1","0","https://x.com/undefined/status/1126258808756375553","75229807",
"1126258787663265793","Wed May 08 22:53:14 +0000 2019","2","Munculnya sang mahaguru 01 : Dibulak balik seperti apapun data C1 yg dipegang tim 02 sangat lengkap dan itu yg mendasari pak Prabowo deklarasikan kemenangan Tim 02 abelajar dari pengalaman 2014 tp 01 terlena dgn cara 2014.. #KamiDukungFPi","1126258787663265793","","","in","","0","0","0","https://x.com/undefined/status/1126258787663265793","1091757159405080576",
"1126025285533442049","Wed May 08 22:53:03 +0000 2019","2","@Risetyoung1 @TerminateOfFrog Katanya pemilu yg berhasil baik jurdil yg seperti ini.... Versi nya siapa ya....","1126258742712864768","","Risetyoung1","in","","0","0","1","https://x.com/undefined/status/1126258742712864768","2285373955",
"1126070995150704640","Wed May 08 22:52:55 +0000 2019","0","@Gus_nDableg @do_ra_dong Tabayyun dulu mas.. Yg sudah ttd PKS PAN dan Gerindra. https://t.co/JaO7EHFcpE","1126258706633506816","","Kang__moel","in","","0","1","0","https://x.com/undefined/status/1126258706633506816","746704219",
"1125969661797863424","Wed May 08 22:52:42 +0000 2019","0","@ReflyHZ Yg bikin undang2 pemilu adalah dpr yg notabenya banyak dari kelompok yg kalah. Walaupun sudah dibikin dengan menguntungkan mereka. Mereka tetap kalah.. itulah kuasa tuhan. Sudah curang pun tetap kalah. Tuhan maha adil.","1126258651897843713","","ReflyHZ","in","","0","0","0","https://x.com/undefined/status/1126258651897843713","368500519",
"1126258642905206785","Wed May 08 22:52:39 +0000 2019","11","Turut prihatin dgn kondisi pemilu kali ini.... #SaveIndonesia https://t.co/y0SpIWBNle","1126258642905206785","https://pbs.twimg.com/media/D6FGQyqVUAAahR6.jpg","","in","","0","0","5","https://x.com/undefined/status/1126258642905206785","1118793677663428608",
"1126030091471839237","Wed May 08 22:52:34 +0000 2019","0","@manofsiji @Nadiku18 @prabowo @fadlizon @Gerindra Ngikuti cerita drama rejim mah bisa kayak sinetron TV dgn 10 seasons tip season puluhan episode.. Saking banyak pengalihan n panjangnya script.. *yang waras dibikin terlihat aneh supaya nurut. Otokrasi dgn bungkus democrazy","1126258619367006213","","manofsiji","in","","0","0","0","https://x.com/undefined/status/1126258619367006213","619198350",
"1126167825226186752","Wed May 08 22:52:23 +0000 2019","0","@andi_chairil @pengarang_puisi @jokowi Yakin 2 periode","1126258571916615680","","andi_chairil","in","","0","0","0","https://x.com/undefined/status/1126258571916615680","1038693197629669376",
"1126256146434519040","Wed May 08 22:52:17 +0000 2019","5","@Mrs_RG1 @KingPurwa @prabowo Amin ya Allah ya robbal alamin","1126258548340477952","","Mrs_RG57","in","","0","0","0","https://x.com/undefined/status/1126258548340477952","2773000482",
"1126094700283219969","Wed May 08 22:52:14 +0000 2019","0","@KingPurwa @prabowo Nyang kaya begini ente kagak prihatin https://t.co/VhyttcfXR2","1126258533924843520","","KingPurwa","in","","0","0","0","https://x.com/undefined/status/1126258533924843520","16815335",
"1126258512147898368","Wed May 08 22:52:08 +0000 2019","1","Prabowo selalu lucu bgst Masuk mli aja pak","1126258512147898368","","","in","","0","0","1","https://x.com/undefined/status/1126258512147898368","77221797",
"1126020053051174912","Wed May 08 22:52:01 +0000 2019","0","@MichelAdamNew Penghilangan bukti kecurangan pemilu Di-mirna-kan","1126258482213089280","","MichelAdamNew","in","","0","0","0","https://x.com/undefined/status/1126258482213089280","809422705170649093",
"1126071438597746688","Wed May 08 22:51:52 +0000 2019","0","@jokowi Siaaap Pak Presiden ","1126258444342710272","","jokowi","in","","0","0","0","https://x.com/undefined/status/1126258444342710272","885781955240906752",
"1125631443994943488","Wed May 08 22:51:49 +0000 2019","0","@jokowi Masalahx siapa yg pegang komando skrg ? jg salahkan masa lalu","1126258431256457216","","jokowi","in","","0","0","0","https://x.com/undefined/status/1126258431256457216","1117981317356933121",
"1126258385060487168","Wed May 08 22:51:38 +0000 2019","0","Jika ingin meredam aksi2 anarkis dan barbar pak @jokowi harus berani menghukum eFPei dengan tidak memperpanjang ijin mereka untuk berbuat onar dan anarki seenak perut #BubarkanFPI","1126258385060487168","","","in","","0","0","0","https://x.com/undefined/status/1126258385060487168","137514698",
"1126078826226823168","Wed May 08 22:51:36 +0000 2019","1","@Drs_Ndon @CakKhum @prabowo Lanjutkan jenderal","1126258377787527168","","Drs_Ndon","in","","0","0","0","https://x.com/undefined/status/1126258377787527168","1118823097400868864",
"1126070995150704640","Wed May 08 22:51:35 +0000 2019","1","@MisdiPriansyah4 @Romelah_mel @do_ra_dong @PKSejahtera PAN jg sudah tanda tangan https://t.co/JaO7EHFcpE","1126258373609922560","","MisdiPriansyah4","in","","0","1","0","https://x.com/undefined/status/1126258373609922560","746704219",
"1125589214245076992","Wed May 08 22:51:26 +0000 2019","0","@bang_dw kauw lagi ngomongin prabowo ya?","1126258332593876992","","RealKetuaProDEM","in","","0","0","0","https://x.com/undefined/status/1126258332593876992","420716338",
"1126258321025986561","Wed May 08 22:51:23 +0000 2019","90","Polisi Tangkap Pemuda Tangsel Penyebar Hoaks Jokowi PKI https://t.co/Q7kJNpRZ4S","1126258321025986561","","","in","","7","27","30","https://x.com/undefined/status/1126258321025986561","17128975",
"1125992594947788801","Wed May 08 22:51:05 +0000 2019","0","@msaid_didu Udahlah lu pemilu aja sendiri kalo gak Percaya ama KPU lalu lu jadi ketua KPU dari pada nyalahi orang lain melulu.","1126258245192970240","","msaid_didu","in","","0","0","0","https://x.com/undefined/status/1126258245192970240","1123967286526787587",
"1126258234535186433","Wed May 08 22:51:03 +0000 2019","0","3. Harus di akui ada peran FPI dalam pemilu kali ini yang sangat besar. Tapi masalahnya bukan disitu bahwa selama ini rekam jejak mereka dalam membantu korban bencana memberantas tempat-tempat maksiat sudah selayaknya di berikan apresiasi.","1126258239643848704","","irfanarifudin_","in","","0","0","0","https://x.com/undefined/status/1126258239643848704","1106818491816960000",
"1126070995150704640","Wed May 08 22:51:03 +0000 2019","0","@chaidar_2000 @do_ra_dong Yg PAN sdh tanda tangan.. https://t.co/JaO7EHFcpE","1126258239610318853","","chaidar_2000","in","","0","0","0","https://x.com/undefined/status/1126258239610318853","746704219",
"1126231803134537728","Wed May 08 22:50:58 +0000 2019","4","@MSApunya Mbah mon dari hati yg paling dalam tidak percaya jokowi menang","1126258216617238531","","MSApunya","in","","0","1","0","https://x.com/undefined/status/1126258216617238531","1035150095514132485",
"1125437330653716481","Wed May 08 22:50:52 +0000 2019","0","@HaryadiOsa @kumparan Bagi area yg Prabowo menang di area yg Jokowi menang ya Jokowi Presiden.","1126258190251782144","","HaryadiOsa","in","","0","0","0","https://x.com/undefined/status/1126258190251782144","807941894",
"1125364732246945792","Wed May 08 22:50:46 +0000 2019","0","@NiswariSejuk @RachlanNashidik @prabowo @sandiuno @PDemokrat Waduh baper banget nih orang. Gausah ngegas juga. Tadinya gue jg bukan ngomong ke elu","1126258167871037440","","","in","","0","0","0","https://x.com/undefined/status/1126258167871037440","1083423057824296960",
"1126249641358401536","Wed May 08 22:50:38 +0000 2019","0","@SalamGigitJariQ Say setuju ap yg dikatakn oleh Pak Prabowo....","1126258134379421696","","WulanKarishma","in","","0","0","0","https://x.com/undefined/status/1126258134379421696","1121351241651474432",
"1126258132068511750","Wed May 08 22:50:38 +0000 2019","0","Rekapitulasi 23 Daerah di Jateng Rampung Kemenangan Disapu Jokowi https://t.co/Ez8kW42BsQ https://t.co/jt8n3Deq50","1126258132068511750","https://pbs.twimg.com/media/D6FFzXPW4Ac3k2E.jpg","","in","","0","0","0","https://x.com/undefined/status/1126258132068511750","1066779906086850563",
"1126258121293336576","Wed May 08 22:50:35 +0000 2019","0","Prabowo-Sandi Berjaya Unggul di Kampung Halaman SBY di Pacitan Jatim https://t.co/rotP3DaP9W https://t.co/ZuaryUDi2y","1126258121293336576","","","in","","0","0","0","https://x.com/undefined/status/1126258121293336576","1425035052",
"1126066697582989313","Wed May 08 22:50:32 +0000 2019","0","@Dhanz8921 @TranceX9 Cepat sekali berubah setelah di AHY ketemu Jokowi! AHY bukan pejuang rakyat! Tapi pejuang nasibnya sendiri! Jangan pilih Partai Demokrat! Partai oportunis!","1126258106961293312","","Dhanz8921","in","","0","0","0","https://x.com/undefined/status/1126258106961293312","61603146",
"1125350172144193536","Wed May 08 22:50:31 +0000 2019","0","@gm_gm @jokowi Coba pak diulang lagi beritanya jadi ngak salah nilainya","1126258103027003392","","gm_gm","in","","0","0","0","https://x.com/undefined/status/1126258103027003392","889074280062869504",
"1126095939981078528","Wed May 08 22:50:30 +0000 2019","0","@abah_ibra @fadjroeL @jokowi @Kiyai_MarufAmin Kalau berani emang yakin kubu lo bakal terima dngan lapang dada.? Ahh rasanya bakal tetep ngeyel pengen menang deh maaf anda tetap kalah lagi kalah lagi kalah lagi kalah lagi kalah lagi.. #BubarkanFPI #BubarkanFPI #BubarkanFPI #BubarkanFPI #BubarkanFPI #BubarkanFPI","1126258101445726208","","abah_ibra","in","","0","0","0","https://x.com/undefined/status/1126258101445726208","2911651795",
"1126118864020955138","Wed May 08 22:50:25 +0000 2019","0","@cadarmerah @HipHop74934648 @aa_rasy @Fahrihamzah @wiranto1947 @Puspen_TNI @CCICPolri @BareskrimPolri @TheArieAir @RizmaWidiono @Airin_NZ @habibthink @jokowi @PakatDayak BPJS masih ngutang guru honorer gak kebayar gitu kok sok Mindahin ibukota lgpl jokowi emang akan menang??","1126258079190773761","","cadarmerah","in","","0","0","0","https://x.com/undefined/status/1126258079190773761","720085394801295360",
"1126258066490396672","Wed May 08 22:50:22 +0000 2019","0","Tetap semangat pak @prabowo krn semangat bapak akan menular kpd rakyat yg menginginkan rezim ini tumbang. #SaveOurDemocracy #JanganCurangiIndonesia","1126258066490396672","","","in","","0","0","0","https://x.com/undefined/status/1126258066490396672","1117701211396792320",
"1125441221206220804","Wed May 08 22:50:21 +0000 2019","1","@Padja_Djaran @ardi_riau @PDemokrat @FerdinandHaean2 @prabowo Rakyat dibawa-bawa seenak udelnya sendiri. Dasar kampret!","1126258061293658113","","DyangWidjaya","in","","0","0","0","https://x.com/undefined/status/1126258061293658113","2281270728",
"1126013528702312448","Wed May 08 22:50:05 +0000 2019","0","@GreenpeaceID @jokowi mau melindungi perusak hutan karena ikut berkontribusi melalui generasi kedua.","1126257996915326976","","GreenpeaceID","in","","0","0","0","https://x.com/undefined/status/1126257996915326976","324704254",
"1126257985544544256","Wed May 08 22:50:03 +0000 2019","1","Suara Jokowi-Maruf Amin di luar negeri menang 73 8% https://t.co/idqMwTK7GS","1126257985544544256","","","in","","0","0","1","https://x.com/undefined/status/1126257985544544256","354168059",
"1125791812977692673","Wed May 08 22:49:55 +0000 2019","0","@JokSusi2019 @PantunJ2P @INTANHambaAllah @yogantercinta @KoRnHurry @msaid_didu @KPU_RI @jokowi bentuk itjima nabi..","1126257952287911936","","CANDAdanBISNIS","in","","0","1","0","https://x.com/undefined/status/1126257952287911936","1846740686",
"1126257850311892993","Wed May 08 22:49:31 +0000 2019","0","Semoga Pak @jokowi pertimbangkan bersama Koalisi bpk untuk membubarkan FPI. Sdh jelas biang kisruh dan perpecahan bangsa slh satunya mrka yg lakukan! Udh ga laku isu PKI/komunis yg ditakutin paham radikalisme pd suatu agama ditengah masyarakat pak. #BubarkanFPI https://t.co/RKFxHhRgiV","1126257850311892993","https://pbs.twimg.com/media/D6FFiqPUIAE7Vkq.jpg","","in","","0","0","0","https://x.com/undefined/status/1126257850311892993","560397360",
"1126157676231028736","Wed May 08 22:49:27 +0000 2019","0","@DrTaufan1 itu capres (negara sdang dlm masa transisi) apa makelar tanah ya...hahahaaa","1126257836671942656","","DrTaufan1","in","","0","0","0","https://x.com/undefined/status/1126257836671942656","2843515160",
"1126257753951883264","Wed May 08 22:49:08 +0000 2019","0","cara berbicaranya j ngos ngosan menandakan emosi yg keluar.. klo prabowo menang apa kamu dpt kursi menteri????????","1126257753951883264","","","in","","0","0","0","https://x.com/undefined/status/1126257753951883264","1017010591729254400",
"1126256146434519040","Wed May 08 22:48:51 +0000 2019","66","@KingPurwa Mbah moen yakin jokowi kalah. Meski gak dukung prabowo secara tersurat. Secara tersirat mbah moen yakin prabowo yg sdh memenangkan pemilu #TolakHasilKPUTanpaAuditIT #TNIBersamaRakyatDukungTNI","1126257684938780672","","KingPurwa","in","","0","1","6","https://x.com/undefined/status/1126257684938780672","1118480977146204160",
"1126257640038813696","Wed May 08 22:48:40 +0000 2019","0","Pasangan capres-cawapres nomor urut 01 Joko Widodo dan Ma'ruf Amin menguasai sejumlah di pulau di Indonesia. #2019JokowiKyaiMaruf #JokowiKHMarufUnggulanKita #DerinDiPRO2FM #InterBarça https://t.co/c07DQkBTvq","1126257640038813696","","","in","","0","0","0","https://x.com/undefined/status/1126257640038813696","1036458406846943232",
"1126013528702312448","Wed May 08 22:48:36 +0000 2019","0","@GreenpeaceID @CakKhum @jokowi Wiwi dipercaya... Sekai majikannya ngomong lgs deh keluar aturan suka ati yg untungkan majikannya para taipan..","1126257623483932672","","GreenpeaceID","in","","0","0","0","https://x.com/undefined/status/1126257623483932672","809422705170649093",
"1126257574632800256","Wed May 08 22:48:25 +0000 2019","0","Relawan Prabowo Bantu tagar nya di #AuditForensikKPU","1126257574632800256","","","in","","0","0","0","https://x.com/undefined/status/1126257574632800256","1119000771914129408",
"1126071438597746688","Wed May 08 22:48:24 +0000 2019","0","@PelukisSunyi @jokowi Siapa blg? Duit negara dtgnya dr kita mbak.","1126257571197669378","","PelukisSunyi","in","","0","0","0","https://x.com/undefined/status/1126257571197669378","1083423057824296960",
"1126251019371827200","Wed May 08 22:48:12 +0000 2019","34","@putrabanten80 Kata baju batik... antum (mbah maimun) yakin klo jokowi menang Mbah mainun... tdk...sy tdk yakin jokowi menang Baju batik adalah keponakan dr mbah maimun...yg sedang curhat tentang kondisi bangsa yg semakin mendekati perang (geger)","1126257519540592640","","Oku__records","in","","0","1","2","https://x.com/undefined/status/1126257519540592640","814094239768268800",
"1126199312524820480","Wed May 08 22:48:04 +0000 2019","4","@MurtadhaOne @BareskrimPolri @DivHumas_Polri Masi juga di bungkus anti cina..pura pura bukan jokowi luhut megawati intinya mau gulingkan pemerintahan yg sah kan.emng prabowo bukan cina kah","1126257486766297088","","MurtadhaOne","in","","0","0","1","https://x.com/undefined/status/1126257486766297088","126217345",
"1126071438597746688","Wed May 08 22:47:57 +0000 2019","0","@jokowi Akan lebih indah jika ibu kota nantinya dikelilingi oleh kebun kelapa sawit","1126257456311455746","","jokowi","in","","0","0","0","https://x.com/undefined/status/1126257456311455746","1093857227222409218",
"1126257438519435265","Wed May 08 22:47:52 +0000 2019","4","Tetap Fokus Pada Kecurangan Pemilu .. Ini Adalah Pengalihan Isu... #KamiDukungFPi","1126257438519435265","","","in","","0","1","2","https://x.com/undefined/status/1126257438519435265","880781317532778497",
"1126257423440728064","Wed May 08 22:47:49 +0000 2019","0","Jokowi mengatakan perempuan pengusaha lebih ulet lebih teliti dari pada laki-laki pengusaha. #2019JokowiKyaiMaruf https://t.co/vJ1dHuU5oJ","1126257423440728064","","","in","","0","0","0","https://x.com/undefined/status/1126257423440728064","1052883583805734912",
