"conversation_id_str","created_at","favorite_count","full_text","id_str","image_url","in_reply_to_screen_name","lang","location","quote_count","reply_count","retweet_count","tweet_url","user_id_str","username"
"1081408810189606912","Sat Jan 05 23:59:59 +0000 2019","0","@sandiuno @prabowo Dukung program mantap bang sandi ini dengan hantam orang2 yg ngedompleng ingin berkuasa... penyebar hoax dll. Jokowi ga usah sering2 dibahas biar padem sendiri.. itu","1081701878524608512","","sandiuno","in","","0","0","0","https://x.com/undefined/status/1081701878524608512","854970554163408896",
"1081698281816842240","Sat Jan 05 23:59:52 +0000 2019","2","@Badut_Istana @Bambang44159536 @KPU_ID Jika pemaparan visi misi Capres/Cawapres dalam debat dihilangkan dan daftar pertanyaan sudah diserahkan kpd Capres/Cawapres sebelum dilaksanakan debat maka Sekalian hilangkan saja debat capres/cawapres tsb. Daripada debat tanpa menggunakan akal sehat untuk apa?","1081701848392687618","","KoyokRadikal","in","","0","0","1","https://x.com/undefined/status/1081701848392687618","340778941",
"1081701202935435264","Sat Jan 05 23:59:51 +0000 2019","6","@laskar_minang Yakin uda daftar pertanyaannya acak maybe for Prabowo but no for petahana","1081701843057569792","","demoCRAZY_id","in","","0","1","0","https://x.com/undefined/status/1081701843057569792","1030065481103728641",
"1081567993669341184","Sat Jan 05 23:59:49 +0000 2019","0","@detikcom Kasian bngt ya sm @amienrais stlh gelar Tokoh Reformasinya mulai diragukan eh ada potensi dpt gelar br 'Dukun Politik' dgn salah satunya ramalan 'Jokowi akan kalah 2019'.#GantiProfesi2019","1081701838347329536","","detikcom","in","","0","0","0","https://x.com/undefined/status/1081701838347329536","923862773326536704",
"1081563168906735616","Sat Jan 05 23:59:47 +0000 2019","0","@Ferdinand_Haean @KPU_ID Rakyat yg mana nih ferdinan ? Jgb bawa bawa nama Rakyat kalau prabowo dan antek2nya mau kudeta memang itu hobynya ? Dan ingat kalian mau merampas dgn tdk konstitusional maka kami jg sebagai rakyat mayoritas pendukung pemwrintahan yg sah akan melawan ( KAMI TDK TAKUT )","1081701829900001280","","Ferdinand_Haean","in","","0","0","0","https://x.com/undefined/status/1081701829900001280","3071457614",
"1081701822149013504","Sat Jan 05 23:59:46 +0000 2019","0","TAHUKAH ANDA? Jangan sampai lupa : JOKOWI adalah singkatan dari JOKO WIDODO Sekedar mengingatkan saja... ","1081701822149013504","","","in","","0","0","0","https://x.com/undefined/status/1081701822149013504","1081698378138804224",
"1081362527395540992","Sat Jan 05 23:59:44 +0000 2019","0","@kardusbox08 @exelflores21 @anggafebryanto3 @NaneDianti @vita_diahErv @semiaji_w @4Y4NKZ @RizmaWidiono @CH_chotimah @CebongRatu @chicohakim @04Nakula @Airin_NZ @MahesaTiwi @jokowi ","1081701817266786304","","kardusbox08","qme","","0","0","0","https://x.com/undefined/status/1081701817266786304","1047737207807598592",
"1081679028317114368","Sat Jan 05 23:59:44 +0000 2019","0","@UtomoEndang @maspiyuuu @KPU_ID Iya...lantik aja...TAPI GW GA TERIMA!!Ngelantik JOKOWI JADI 2P!!ORA SUDI!!!","1081701815270354944","","UtomoEndang","in","","0","1","0","https://x.com/undefined/status/1081701815270354944","220974702",
"1081073347511775233","Sat Jan 05 23:59:41 +0000 2019","0","@PnandoA @psi_id @TsamaraDKI @psi Lagian juga mobil esemka itu sdh lama bgt saat pak jokowi msh jadi wali kota dan presiden nya msh pak sby .ya broo .apa sih kendala kendala nya sih tes uji emisi sdh ok .yg pesan sdh byk .keduluan sama mobil dari cina den ya smoga cepet di produksi masal deh .amin","1081701804599963649","","PnandoA","in","","0","1","0","https://x.com/undefined/status/1081701804599963649","162551100",
"1081701773709008896","Sat Jan 05 23:59:34 +0000 2019","0","Ayo bung @karniilyas tema ilc kita @KPU_ID batalkan visi misi capres @Fahrihamzah @fadlizon @rockygerung @budimandjatmiko @ILCtv1 @ilc_tvone","1081701773709008896","","","in","","0","0","0","https://x.com/undefined/status/1081701773709008896","1021719156",
"1081701768432513025","Sat Jan 05 23:59:33 +0000 2019","0","Jokowi Bagikan Sertifikat Kepada 2500 Warga Ponorogo https://t.co/SGiC3fIWrV","1081701768432513025","","","in","","0","0","0","https://x.com/undefined/status/1081701768432513025","1049574324091334656",
"1081523124162617344","Sat Jan 05 23:59:31 +0000 2019","2","@KopiJahe9 @TehTJEMPLUNG @sandiuno @prabowo Mungkin dia hidupnya tidak bahagia minimal sering diselingkuhin.. jadi inget yg sering ngomong kayak gitu hidupnya diselingkuhin bini selama 7 tahun dan berakhir sbg terpidana.. tetap semangat @TehTJEMPLUNG ..","1081701761121808384","","","in","","0","0","0","https://x.com/undefined/status/1081701761121808384","892181895093526528",
"1081701752062136320","Sat Jan 05 23:59:29 +0000 2019","2","*Kerja Keras BPN Penuhi Target Penerbitan Sertifikat* Jumat 4 Januari 2019 Presiden @jokowi menyerahkan 2.500 sertifikat kepada masyarakat setempat. @lisaok2210 @dadang_adp @iichaiii @kangdede78 #rekanjokowi #indonesiakuat #ayoteruskerja #jokowipresidenku #rekanjokowilampung https://t.co/hM9I5vqhgo","1081701752062136320","https://pbs.twimg.com/media/DwL6AMHVYAEoisw.jpg","","in","","0","0","1","https://x.com/undefined/status/1081701752062136320","1048441223353004035",
"1081700246780964864","Sat Jan 05 23:59:24 +0000 2019","0","@DennyJA_WORLD Denn ayo komentari gagalnya pemaparan visi misi capres denn!! Komentari juga ttg peberitahuan daftar pertanyaan debat seminggu sebelum debat! Gak berani kan?? Cemen lu denn","1081701731057057792","","DennyJA_WORLD","in","","0","0","0","https://x.com/undefined/status/1081701731057057792","226521916",
"1081697448177750018","Sat Jan 05 23:59:20 +0000 2019","0","@El_wirata84 @AndiArief__ Mafia pemilu tdk dtng dr hongkong atau mexico dan kalau terjadi kecurangan dlm pemilu pilpres adalah pekerjaan oknum yg berkepentingan semua itu bisa terjadi akibat tdk taat hukum dan selalu mengkomersilkan UU masalahnya twit andi arif itu memperburuk dunia perpolitikan kita","1081701713281671169","","El_wirata84","in","","0","1","0","https://x.com/undefined/status/1081701713281671169","967181073653186560",
"1081701698882531328","Sat Jan 05 23:59:16 +0000 2019","0","kasihan rakyat tidak tahu Visi dan Misi Capres/Cawapres #2019DoakuUntukNegeri #2019PrabowoSandiMenang","1081701698882531328","","","in","","0","0","0","https://x.com/undefined/status/1081701698882531328","2294862137",
"1081610298052640768","Sat Jan 05 23:59:04 +0000 2019","0","@temponasional @tempodotco Nanti dibalas oleh kubu capres no2 saling ejek jadi debat kusir?","1081701649398194177","","temponasional","in","","0","0","0","https://x.com/undefined/status/1081701649398194177","4847552067",
"1081427414951968768","Sat Jan 05 23:58:56 +0000 2019","0","@otak_sehat01 @sandiuno @prabowo Setidaknya gk ngasih kerjaan ke warga China","1081701616007340032","","otak_sehat01","in","","0","0","0","https://x.com/undefined/status/1081701616007340032","757105668948004864",
"1081492159570661376","Sat Jan 05 23:58:55 +0000 2019","0","@wentira2 @sakti00sakti @KPU_ID KPU hanya menjalankan saran Presiden utk pemilu gembira makanya aturannya dibuat lucu2.","1081701611037028352","","","in","","0","0","0","https://x.com/undefined/status/1081701611037028352","167691852",
"1081491729356738560","Sat Jan 05 23:58:52 +0000 2019","1","@adv_supyadi @jokowi Jujur duluuuu saat awal dia jadi saya punya keyakinan dia bisa krn eksportir. Tapi saya salah ternyata..untung tak pernah milih","1081701596222808064","","adv_supyadi","in","","0","0","0","https://x.com/undefined/status/1081701596222808064","573643761",
"1081541370597191680","Sat Jan 05 23:58:48 +0000 2019","0","@nisma_mokhtar @Ferdinand_Haean @jokowi Nah itu tau anda alasane.... Komplain ya ke KPU... TkN jokowi tau dan ngerti apa yg harus di lakukan.... Kl cm adu visi misi debat sekalipun ga jd soal kl cm lawan Prabowo sandi....","1081701582075379712","","nisma_mokhtar","in","","0","1","0","https://x.com/undefined/status/1081701582075379712","1075755514179465216",
"1081701544964149248","Sat Jan 05 23:58:40 +0000 2019","1","Ya Allah hancurkan 7 turunan kl ada anggota @KPU_ID curang dlm pemilu nnti buat mereka dan 7 turunan nya hidup terlaknat dan terhina kl mereka curang amin kan sd 40 org maka maqbul doa kita ini","1081701544964149248","","","in","","1","0","0","https://x.com/undefined/status/1081701544964149248","706500903147143168",
"1081701533534670849","Sat Jan 05 23:58:37 +0000 2019","2","Minta Bukti? bapk @jokowi udh bnyk buktinya.. Emang situ janji manis doang #JokowiAminLebihBaik #2019PresidentetapJokowi #JokowiAminYess","1081701533534670849","","","in","","0","1","0","https://x.com/undefined/status/1081701533534670849","1049282032541425664",
"1081314356313219072","Sat Jan 05 23:58:36 +0000 2019","0","@zudhi_setiadi @AntoksdWatranss Orang harus ngerti bahwa yang namanya inflasi rendah atau turun itu artinya harga juga turun ujar Jokowi. ...Haah (?) Ke pasar yuuk...Koq gk bgtu ? #takudikomen","1081701529202057216","","_bayangan_semar","in","","0","2","0","https://x.com/undefined/status/1081701529202057216","919426671245123585",
"1081572780997373952","Sat Jan 05 23:58:23 +0000 2019","0","@AndiArief__ Jadi ingat kasus pak Antasari.....Katanya Pemilu???","1081701474273452032","","Andiarief__","in","","0","0","0","https://x.com/undefined/status/1081701474273452032","1027239883666903040",
"1081699193234681856","Sat Jan 05 23:58:18 +0000 2019","2","@putrabanten80 @Dahnilanzar Cuma sekelas itu.. kualitas penyelenggara Pemilu.. #JokowiTakutPaparkanMisiVisi","1081701454081998848","","Oku__records","in","","0","0","1","https://x.com/undefined/status/1081701454081998848","896632201340518401",
"1081699193234681856","Sat Jan 05 23:58:05 +0000 2019","5","@putrabanten80 @Dahnilanzar KPU timses Jokowi ya... #JokowiTakutPaparkanVisiMisi","1081701401116401664","","Oku__records","in","","0","0","3","https://x.com/undefined/status/1081701401116401664","759057293597999104",
"1081701395193946113","Sat Jan 05 23:58:04 +0000 2019","0","Lapor! Gerombolan @KPU_ID melakukan TINDAK pidana luar biasa Bocorkan SOAL debat PILPRES ke paslon kontestasi @jokowi Ini SERIUS loh Nanti ada UNJUK RASA seluruh SISWA se INDONESIA meminta BOCORAN soal UN Cc @DivHumas_Polri @wiranto1947 @DPR_RI @DPDRI @mprgoid @bawaslu_RI","1081701395193946113","","","in","","0","0","0","https://x.com/undefined/status/1081701395193946113","38436306",
"1081507112205742080","Sat Jan 05 23:57:56 +0000 2019","0","@saididu @haripuas @KPU_ID @AndiArief__ Coba @KPU_ID spy belajar demokrasi lagi yg bener Baca lagi UUD 1945 psl 28 dan UU no 9/1998 Memberikan pendapat dan mengingatkan kok gak boleh secara umum?! Apalagi ini menyangkut kepentingan publik/rakyat banyak Kalo bgt gmn rakyat mau percaya bhw pemilu yad akan jurdil..?!","1081701364256858113","","saididu","in","","0","0","0","https://x.com/undefined/status/1081701364256858113","191032546",
"1081429319501508608","Sat Jan 05 23:57:54 +0000 2019","0","@Dahnilanzar @prabowo @sandiuno @KPU_ID Mungkin ini yang waktu lalu TKN 01 bilang januari bakal kasih kejutan","1081701354467352576","","Dahnilanzar","in","","0","0","0","https://x.com/undefined/status/1081701354467352576","2493347328",
"1080486586234490880","Sat Jan 05 23:57:54 +0000 2019","0","@AT_AbdillahToha @_cupelhelo Jokowi itu pembohong tidak ada janji kampanyenya dia penuhi","1081701353423032322","","AT_AbdillahToha","in","","0","0","0","https://x.com/undefined/status/1081701353423032322","994806266022236164",
"1080287815059988480","Sat Jan 05 23:57:54 +0000 2019","0","@TeddyGusnaidi @_cupelhelo @prabowo Jokowi hanya pencitraan","1081701353385160704","","TeddyGusnaidi","in","","0","0","0","https://x.com/undefined/status/1081701353385160704","994806266022236164",
"1081392788703346688","Sat Jan 05 23:57:50 +0000 2019","1","@TheArieAir Demen banget pke politisasi Agama sebar HOAX Kualitas sebagai capres aja ga jelas bangun keluarga aja gagal. apalagi bangun Negaraaaaa #PrabowoTakutTesNgaji","1081701337157365760","","TheArieAir","in","","1","0","0","https://x.com/undefined/status/1081701337157365760","1071123099960004608",
"1081701303493881858","Sat Jan 05 23:57:42 +0000 2019","0","Bahan buat debat Ke I cc @prabowo","1081701303493881858","","","in","","0","0","0","https://x.com/undefined/status/1081701303493881858","169355483",
"1081701264591749130","Sat Jan 05 23:57:33 +0000 2019","0","Beri satu kesempatan untuk pa jokowi membangun neraga indonesia menjadi lebih maju bersma KH. Ma'rufamin #2019TetapJokowi #kosongsatumetal #01IndonesiaMaju #01cirebonraya #JokowiAminLebihBaik #kosongsatumetalindramayu #01JokowiLagi https://t.co/n7PDsZLQYA","1081701264591749130","https://pbs.twimg.com/media/DwL5j6-UYAAfW2S.jpg","","in","","0","0","0","https://x.com/undefined/status/1081701264591749130","1081005366618447872",
"1081542055459938309","Sat Jan 05 23:57:30 +0000 2019","0","@Ferdinand_Haean @KPU_ID Pertanyaannya KPU itu 2kalimat syahadat sama gelar nabi aja jd biar capres 02 menghapal bener jng sampe salah...MALUUU....!!!","1081701255217475584","","Ferdinand_Haean","in","","0","0","0","https://x.com/undefined/status/1081701255217475584","563538555",
"1081701238297612288","Sat Jan 05 23:57:26 +0000 2019","3","BukiTTinggi Ranah Bundokandung The Realm of Matriarchal Thinkers @jokowi @Dr_Moeldoko #01IndonesiaMaju #JokowiSaiyoSakato &gt; Adat Basandi Syarak Syarak Basandi Kitabullah Adat Mangato Syarak Mamakai &gt; Bundokandung bersama Minang Cerdik Pasar Atas PRESIDEN JOKOWI SEKALI LAGI https://t.co/mzblU4eRdz","1081701238297612288","https://pbs.twimg.com/ext_tw_video_thumb/1081700914962952192/pu/img/76PEJIbRcZN8gR4O.jpg","","in","","0","0","2","https://x.com/undefined/status/1081701238297612288","1280788819",
"1081561985345413120","Sat Jan 05 23:57:24 +0000 2019","0","@cekkembali @Fahrihamzah @prabowo Lu klo mau komen pake akun beneran jangan akun boneka kaya junjungan lu","1081701228453650432","","cekkembali","in","","0","0","0","https://x.com/undefined/status/1081701228453650432","2691101683",
"1081701214943756288","Sat Jan 05 23:57:21 +0000 2019","0","@KPU_ID anak saya kelas 1 SD ketika mulai smesteran guru nya tidak pernah memberikan daftar soalnya. Ayolah waras kita bangun Demokrasi ini. KPU Serahkan Daftar Pertanyaan ke Pasangan Capres-Cawapres Seminggu Sebelum Debat Perdana Digelar https://t.co/HCWIe0BVrr","1081701214943756288","","KPU_ID","in","","0","0","0","https://x.com/undefined/status/1081701214943756288","992976269271691264",
"1081429319501508608","Sat Jan 05 23:57:16 +0000 2019","0","@Dahnilanzar @prabowo @sandiuno @KPU_ID Kalo begitu apakah TKN lebih cerdas dan punya wawasan di banding calonnya?","1081701193661931520","","Dahnilanzar","in","","0","0","1","https://x.com/undefined/status/1081701193661931520","1041270980025303041",
"1081429319501508608","Sat Jan 05 23:57:15 +0000 2019","0","@Dahnilanzar @prabowo @sandiuno @KPU_ID Analisa psikologis menandakan perubahan kepemimpinan presiden menuju ke pergantian tahun dan pergantian presiden...salam satu hati indonesia raya.","1081701190230921216","","Dahnilanzar","in","","0","0","0","https://x.com/undefined/status/1081701190230921216","1078592727653072896",
"1081626047991341056","Sat Jan 05 23:57:15 +0000 2019","1","@JKFC23456789 @Tony_Harto @fadlizon @RizmaWidiono @TheArieAir @semiaji_w @P3nj3l4j4h @marierteman @Gerindra @Fahrihamzah @kangdede78 Bisa di pastikan jika pak prabowo di Aceh nanti bisa hadir baca Alqur'an pasti nyalip jkw klo g jangan harap! Hasil survei yg terkini semangkin jauh tertinggal dr jkw zonk harus dorong pak wowo berani hadir biar rakyat tau siapa sebenarnya WW","1081701189052321793","","JKFC23456789","in","","0","1","0","https://x.com/undefined/status/1081701189052321793","933294919262789633",
"1081259859947905024","Sat Jan 05 23:57:14 +0000 2019","0","@PriyoBudiS @prabowo @sandiuno Follow dong bapak... ","1081701188125417477","","PriyoBudiS","in","","0","0","0","https://x.com/undefined/status/1081701188125417477","974280534321897472",
"1081259859947905024","Sat Jan 05 23:57:11 +0000 2019","0","@PriyoBudiS @prabowo @sandiuno #JKWTakutPaparkanMisiVisi #Tagih65JanjiJokowi #JKWTakutPaparkanMisiVisi #Tagih65JanjiJokowi #JKWTakutPaparkanMisiVisi #Tagih65JanjiJokowi #JKWTakutPaparkanMisiVisi #Tagih65JanjiJokowi #JKWTakutPaparkanMisiVisi #Tagih65JanjiJokowi #JKWTakutPaparkanMisiVisi @jokowi","1081701174040915973","","PriyoBudiS","qme","","0","0","0","https://x.com/undefined/status/1081701174040915973","1028669946207715329",
"1081701167300636674","Sat Jan 05 23:57:09 +0000 2019","0","Prukades sangat meningkatkan taraf ekonomi Masyarakat #NiasSelatan manfa'at #DanaDesa @jokowi @EkoSandjojo @taufikmadjid71 @fachrilabalado @anwsanusi","1081701167300636674","","","in","","0","0","0","https://x.com/undefined/status/1081701167300636674","928625634007330816",
"1081622326741876746","Sat Jan 05 23:57:07 +0000 2019","0","@BuniYani @Gemacan70 @fadlizon @saididu @mahendradatta Kalau sudah diketahui @KPU_ID melanggar UU Pemilu kenapa @BPNrelawan02 diam saja seolah manut tak berdaya.. Jangan berikan kesempatan rakyat untuk tidak pecaya pada kalian elit POLITIK.. Kalau semua keputusan @KPU_ID diikuti berati ada Konspirasi GILA antar kedua kubu.","1081701156223541248","","1keadilan","in","","0","0","0","https://x.com/undefined/status/1081701156223541248","914154201659334659",
"1081701146274672640","Sat Jan 05 23:57:04 +0000 2019","0"," Pemilu Era Big Data - https://t.co/5roQlbQw8I https://t.co/AMNIriazGy","1081701146274672640","https://pbs.twimg.com/media/DZ1oP_sVoAAwzlc.jpg","","in","","0","0","0","https://x.com/undefined/status/1081701146274672640","4597954936",
"1081421874947444737","Sat Jan 05 23:56:57 +0000 2019","0","@AnnaSuezann Presiden Jokowi okowi Bagikan Sertifikat Tanah Wakaf di Jatim Presiden Joko Widodo membagikan sertifikat tanah wakaf kepada ratusan pengurus masjid di Jawa Timur. Presiden menekankan pentingnya sertifikat untuk menghindari sengketa. https://t.co/BOVK04rOHG","1081701116520198144","https://pbs.twimg.com/ext_tw_video_thumb/1081700370718502912/pu/img/QBOMHZmFMsPYrRpa.jpg","AnnaSuezann","in","","0","0","0","https://x.com/undefined/status/1081701116520198144","1079646461371924486",
"1081480789706006528","Sat Jan 05 23:56:55 +0000 2019","0","Pak @jokowi. Kami komunitas pengguna BBG Vigas merasa kesulitan atas kenaikan harga ViGas menjadi Rp. 6600/lt. ViGas lebih boros dibanding BBM krn Kalori kecil. Investasi converter 15jt kmu sdh lakukan. Kembali ke Premium pilihan trakhir. Trmk Pak","1081701105103327232","","EdwinAgustinus","in","","0","0","0","https://x.com/undefined/status/1081701105103327232","309730012",
"1081701104675680257","Sat Jan 05 23:56:55 +0000 2019","0","Dukung Jokowi-Ma'ruf Amin Eks Aktivis 212: Tak Perlu Izin Rizieq Shihab https://t.co/BWi1YbhtZu https://t.co/BcGf6OES49","1081701104675680257","https://pbs.twimg.com/media/DwL5a_jUUAAxsIX.jpg","","in","","0","0","0","https://x.com/undefined/status/1081701104675680257","346606845",
"1081678254992490496","Sat Jan 05 23:56:54 +0000 2019","0","@CintaNKRI12 @Flora08NKRI @prabowo @sandiuno @hp_arel @Nikola97110921 Mntaaap. ","1081701103878660096","","CintaNKRI12","in","","0","0","0","https://x.com/undefined/status/1081701103878660096","926632512612208641",
"1081572101314699264","Sat Jan 05 23:56:51 +0000 2019","0","@Fahrihamzah Mbok sekali kali sampean ngapresiasi prestasi pakde @jokowi to pak pak.. Sebagai wakil rakyat kan membela Rakyat kok membela Capres..kok tidak sesuai fungsi nya.. Meski saya tau sampean itu di kubu OPOSISI tp mbok yo sekali kali aja cuit mikirkan rakyat meski ga kerja tuk rakyat","1081701089055891456","","Fahrihamzah","in","","0","0","0","https://x.com/undefined/status/1081701089055891456","1052505398190649345",
"1081701066666725376","Sat Jan 05 23:56:45 +0000 2019","0","Pak @jokowi Membangun indonesia mulai dari Desa Pak @jokowi Membangun Negeri ini mulai dari Desa dgn adanya Dana Desa Ekonomi Masyarakat semakin meningkat @jokowi @EkoSandjojo @anwsanusi @fachrilabalado @TPPISUMUT @p3mdNiasSelatan.","1081701066666725376","","","in","","0","0","0","https://x.com/undefined/status/1081701066666725376","928625634007330816",
"1081701047578456064","Sat Jan 05 23:56:41 +0000 2019","7","Diatur sama keinginan salah satu Capres itu sih bukan Lembaga Independen..Integritas nihil","1081701047578456064","","","in","","0","0","2","https://x.com/undefined/status/1081701047578456064","164778726",
"1081461607908007936","Sat Jan 05 23:56:39 +0000 2019","0","@hnurwahid @KPU_ID VISI MISI negara sudah jelas. capres cawapres itu sih visi misi lima tahunan","1081701037818359810","","hnurwahid","in","","0","0","0","https://x.com/undefined/status/1081701037818359810","1017939924",
"1081541370597191680","Sat Jan 05 23:56:31 +0000 2019","0","@DavitKu73991834 @Ferdinand_Haean @jokowi Loh permintaan visi misi capres-cawapres agar tidak dipaparkan oleh si capres-cawapres sendiri kan dr tim Mr Widodo. Anda kudet. Alasan KPU krn tdk tercapai kesepakatan akibat tim Mr Widodo yg ngotot pemaparan visi misi boleh oleh tim sukses paslon. Menyudutkan? Ngaca!","1081701006390394885","","DavitKu73991834","in","","0","1","0","https://x.com/undefined/status/1081701006390394885","990658484193513473",
"1081465851709054976","Sat Jan 05 23:56:29 +0000 2019","0","@VIVAcoid Bukannya Capres &amp; Cawapres 01 agennya hoax ","1081700997628481536","","VIVAcoid","in","","0","0","0","https://x.com/undefined/status/1081700997628481536","342625380",
"1081394971742105601","Sat Jan 05 23:56:29 +0000 2019","0","@republikaonline Tetap president Prabowo aj..","1081700995954925568","","republikaonline","in","","0","0","0","https://x.com/undefined/status/1081700995954925568","382549158",
"1081692744798605313","Sat Jan 05 23:56:14 +0000 2019","3","@albertpanjaitn @Janji_Presiden @KPU_ID Saran untuk @KPU_ID gmn utk petahana pertanyaannya ttg nama2 ikan saja. Biar mslh ekonomi hukum politik dsb utk pak prabowo saja..","1081700933657014273","","BatakModeren","in","","0","0","1","https://x.com/undefined/status/1081700933657014273","927796507461353472",
"1081700926186913792","Sat Jan 05 23:56:12 +0000 2019","0","@jokowi mmang ok !! #01JokowiLagi #01IndonesiaMaju","1081700926186913792","","jokowi","in","","0","0","0","https://x.com/undefined/status/1081700926186913792","1047737207807598592",
"1081700911695548416","Sat Jan 05 23:56:09 +0000 2019","0","Menurut saya sih : Capres ijtima ulama saat mau diuji baca al-qu'an harusnya disambut dengan Takbir !! Allahu Akbar ! merasa idealnya sih begitu !","1081700911695548416","","","in","","0","0","0","https://x.com/undefined/status/1081700911695548416","627624188",
"1081700899192418304","Sat Jan 05 23:56:06 +0000 2019","0","Terima kasih pa jokowi teriakan kita diperjuangan 98 membuahkan hasil","1081700899192418304","","","in","","0","0","0","https://x.com/undefined/status/1081700899192418304","957136675863347200",
"1081700879139389440","Sat Jan 05 23:56:01 +0000 2019","5","*Kerja Keras BPN Penuhi Target Penerbitan Sertifikat* Jumat 4 Januari 2019 Presiden @jokowi menyerahkan 2.500 sertifikat kepada masyarakat setempat. @lisaok2210 @dadang_adp @iichaiii @kangdede78 #rekanjokowi #indonesiakuat #ayoteruskerja #jokowipresidenku #rekanjokowilampung https://t.co/jzw3zXvZxR","1081700879139389440","https://pbs.twimg.com/media/DwL5NazUcAAqBTI.jpg","","in","","0","0","2","https://x.com/undefined/status/1081700879139389440","1048445988052992001",
"1081392788703346688","Sat Jan 05 23:55:59 +0000 2019","1","@KingTukijan @NKRI_NTBSasambo @TheArieAir Gw gak pilih Jokowi nanti pd tgl 17 April 2019 krn ingin perubahan. Perubahan ke arah Indonesia Yang Adil dan Makmur.","1081700872948572160","","KingTukijan","in","","0","0","0","https://x.com/undefined/status/1081700872948572160","1031410263294009344",
"1081445203687268353","Sat Jan 05 23:55:54 +0000 2019","0","@NaneDianti @andy_nomicin @jokowi Murah meriah &amp; Nikmat 🇮🇩️","1081700849502408704","","Dianty_Yasmin1","in","","0","0","0","https://x.com/undefined/status/1081700849502408704","724363835742654464",
"1081580092508168193","Sat Jan 05 23:55:51 +0000 2019","1","@SSugiartos @PartaiSocmed @P3nj3l4j4h Kiai Ma'ruf Amin mah masih brpa bulan tong nih junjungan lu udah tahunan malah dari tahun 2012 Katanya yakin menang pilpres 2014 tp ko presiden gua jokowi y https://t.co/nyQDkrXDVs","1081700837997502464","https://pbs.twimg.com/media/DwL5LVwU8AAydAG.jpg","SSugiartos","in","","0","0","0","https://x.com/undefined/status/1081700837997502464","2303150538",
"1081700771450695682","Sat Jan 05 23:55:35 +0000 2019","0","Sebenarnya penyampaian visi-misi Capres/Cawapres tuh bagian dari aturan @KPU_ID yang harus dijalankan atau tetap harus ada kesepakatan dengan tim? Kok kayak EO Dagelan sih? Klo emang sudah aturan ya jalankan. Bukan nego sana sini. Yang melanggar ya kasih sanksi.","1081700771450695682","","","in","","0","0","1","https://x.com/undefined/status/1081700771450695682","318962707",
"1081700771249278976","Sat Jan 05 23:55:35 +0000 2019","17","SEMUA RAKYAT INDONESIA BETAPA GOBLOKNYA @andriutamalubis BAHWA @jokowi PASTI LEBIH UNGGUL MEMAPARKAN VISI MISI TANPA TEKS KARENA SUDAH MELAKSANAKAN DARIPADA @prabowo MASIH PADA TAHAP BERJANJI AKAN MELAKSANAKAN YANG HINGGA KINI TAK JELAS KECUALI PENGALAMAN PIDATO &amp; MINTA MAAF","1081700771249278976","","","in","","2","6","5","https://x.com/undefined/status/1081700771249278976","215058741",
"1081700768007114752","Sat Jan 05 23:55:34 +0000 2019","0","Quran reading test for presidential candidates? Jokowi says yes Prabowo says no - The Jakarta Post - Jakarta Post https://t.co/V0TWWSqLv6 https://t.co/DfhrAn3KeH","1081700768007114752","https://pbs.twimg.com/media/DwL5HacUcAEOlWK.jpg","","en","","0","0","0","https://x.com/undefined/status/1081700768007114752","886060076116475904",
"1081694000225050624","Sat Jan 05 23:55:28 +0000 2019","8","@KasanMulyono Kegigihan Pak Prabowo itu yg menggerakkan saya utk ikut mendukung perjuangan beliau. Bila berbicara materi baik Pak Prabowo maupun Bang Sandi dpt dikatakan sdh memiliki segalanya tp knp masih mau maju? Ini diatas materi bagi saya ini realisasi cinta kepada Indonesia. https://t.co/GWrC3MNsdG","1081700742384148480","https://pbs.twimg.com/media/DwL5EnOV4AAQD_3.jpg","KasanMulyono","in","","2","0","7","https://x.com/undefined/status/1081700742384148480","949436919942823936",
"1081698534699794432","Sat Jan 05 23:55:24 +0000 2019","1","@hasmi_bakhtiar @jokowi Bisanya bohong n janji2","1081700724860366848","","hasmibakhtiar","in","","0","1","0","https://x.com/undefined/status/1081700724860366848","4810894560",
"1081588380721270786","Sat Jan 05 23:55:21 +0000 2019","0","@cendanao @AGoeci @Deeakiding @VeritasArdentur @jokowi Coba narasinya dibalik misal junjungan ente nanti kepilih yakin yg jadi oposisi nanti akan dibagi jabatannya sama rata sama yg pro?","1081700713556635648","","cendanao","in","","0","1","0","https://x.com/undefined/status/1081700713556635648","242694836",
"1081395130924298241","Sat Jan 05 23:55:17 +0000 2019","0","@AMR_rizan @rocky_garing @jokowi Kan Udah Dibilangin..Kalo Prabowonya Aja GOBLOG.. Dimana Letak Kepintaran Lo.. Jawab..","1081700696045416449","","QINGzayyan","in","","0","1","0","https://x.com/undefined/status/1081700696045416449","1065351850172403714",
"1081473355167936518","Sat Jan 05 23:55:15 +0000 2019","1","@Dahnilanzar @AkunTofa Tolong timses jokowi jgn sholat dijadikan sandiwara #2019PrabowoPresiden","1081700685521903617","","Dahnilanzar","in","","0","0","0","https://x.com/undefined/status/1081700685521903617","1340841062",
"1067017700982050821","Sat Jan 05 23:55:09 +0000 2019","0","@jokowi Walaupun dicaci dihina difitnah pak Jokowi tetap sabar dan selalu renda hati. Itulah contah seorang pemimpin yang harus kita tiru. Ketika bilau melakukan kesalahan jangan di tiru tapi kita doakan beliau untuk menjadi yg lebih baik. Truslah berjuang pak demi rakyat.","1081700661996081152","","jokowi","in","","0","0","0","https://x.com/undefined/status/1081700661996081152","1081586414951624704",
"1081700630429716480","Sat Jan 05 23:55:01 +0000 2019","0","Sehat sll njih pak @jokowi","1081700630429716480","","","in","","0","0","0","https://x.com/undefined/status/1081700630429716480","809238939995250688",
"1081445203687268353","Sat Jan 05 23:55:00 +0000 2019","0","@Paltiwest @jokowi Nyok ️🇮🇩️ #Jokowi1XLagi https://t.co/AspVUyNxzU","1081700626289983488","https://pbs.twimg.com/media/DwL4-y5VAAABKRf.jpg","PaltiHutabarat","hu","","0","0","0","https://x.com/undefined/status/1081700626289983488","724363835742654464",
"1081455021114310656","Sat Jan 05 23:54:57 +0000 2019","1","@arjomunadi888 @jokowi Coba dicek ke kepala desanya. Program dana desa sdh lama dan sdh ditambah jumlahnya dan sudah banyak berhasil. Sangat bermanfaat. Kepala desa yg kreatif sangat pesat kemajuan desanya. Warganya sejahtera dan bahagia. Monggo dicek bgmn dana desa dikelola disitu.","1081700610125193216","","arjomunadi888","in","","0","0","0","https://x.com/undefined/status/1081700610125193216","993383011843371008",
"1081511587481939969","Sat Jan 05 23:54:54 +0000 2019","1","@R_GUN4W4N @hanjenif @jokowi @KHMarufAmin_ @EkoSandjojo @fachrilabalado @SandjojoCenter @arwani_p3md @pendampingdesa_ @AmranApt @ninikwafiroh @amrudinnejad_ @RizmaWidiono @4Y4NKZ @JKFC23456789 @asykar36 @bambangelf @JOINKalsel @ana_khoz @mild_kkkk Program Jokowi sangat baik untuk membangun desa . Tergantung perangkat desanya bila tak jujur maka dana desanya tak membawa kesejahteraan desanya. Jadi jangan salahkan jokowi","1081700597366059008","","R_GUN4W4N","in","","0","0","0","https://x.com/undefined/status/1081700597366059008","1015564867204288512",
"1081395130924298241","Sat Jan 05 23:54:50 +0000 2019","0","@jokowi Hanya yang buta mata hatinya saja yang selalu negatif thingking dan nyinyir terus dah bagus seperti ini mau cari ganti??? mikir!!! lanjutkan pak Presiden 2019-2024 Insha Allah takdir bapak memimpin kembali Indonesia amien..","1081700581566164993","","jokowi","in","","0","0","0","https://x.com/undefined/status/1081700581566164993","1048202413994270721",
"1081533464342482944","Sat Jan 05 23:54:46 +0000 2019","1","@e_pph @jokowi @SiharMHSitorus @mochamadarip @INTANHambaAllah @permadiaktivis Jd inget F4 di meteor ganden ","1081700563849342976","","e_pph","in","","0","0","0","https://x.com/undefined/status/1081700563849342976","1045875875428745216",
"1081700552298323968","Sat Jan 05 23:54:43 +0000 2019","0","Unggul 70% Suara di Tangerang Target Timses Jokowi Ma'ruf Amin | https://t.co/eulIyIFkIF https://t.co/jJ8U1zNhcz","1081700552298323968","","","in","","0","0","0","https://x.com/undefined/status/1081700552298323968","1047259206",
"1081700515833032704","Sat Jan 05 23:54:34 +0000 2019","0","#JKWTakutPaparkanMisiVisi Lagian ngapa... TimSes yg Debat.... Wong gak dipilih...ntar yg maju Bohir Ruhut Romli Densi Sahal.... Aya Aya wae.. Ayo @jokowi Makrup... Debat yg Fair dong... @KPU_ID @bawaslu_RI jgn kayak TimSes ️","1081700515833032704","","","in","","0","0","0","https://x.com/undefined/status/1081700515833032704","2944705567",
"1081692744798605313","Sat Jan 05 23:54:30 +0000 2019","3","@albertpanjaitn @KPU_ID saran untuk @KPU_ID bagaimana kalau pertanyaannya dalam bentuk pilihan ganda.. lebih simpel kan.. capres tinggal contreng saja di meja debat","1081700499621965826","","BatakModeren","in","","1","1","0","https://x.com/undefined/status/1081700499621965826","1017649212656242688",
"1081521948188786690","Sat Jan 05 23:54:30 +0000 2019","0","@zarazettirazr Para capres jangan lupa bw pinsil 2 B soal-soalnya multiple choices","1081700497248186368","","","in","","0","0","0","https://x.com/undefined/status/1081700497248186368","952377049917800449",
"1081700469683019777","Sat Jan 05 23:54:23 +0000 2019","0","Tiga Jurkam Jokowi-Ma'ruf Amin Dicokok KPK Ini Pesan Timses Capres 02 https://t.co/CK80QiV5ms","1081700469683019777","","","in","","0","0","0","https://x.com/undefined/status/1081700469683019777","844625298",
"1081464648774279168","Sat Jan 05 23:54:22 +0000 2019","0","@muttle9 @DonAdam08 @Dahnilanzar @prabowo @KPU_ID Kalo ngerasa ada kemajuan berantas korupsi.. kenapa gak berani ngomong visi misi secara langsung?? Kenapa nyuruh timses?","1081700464284975104","","muttle9","in","","0","1","0","https://x.com/undefined/status/1081700464284975104","61917161",
"1081700461302796288","Sat Jan 05 23:54:21 +0000 2019","0","Dari kardus sampai debat visi &amp; misi capres dan cawapres. @KPU_ID sangat mengenal sekali bagaimana kwalitas petahana. Bagaimana pendapat pak @rockygerung #hompimpaunyilkucing #2019PrabowoSandi","1081700461302796288","","","in","","0","0","0","https://x.com/undefined/status/1081700461302796288","1081004164958740480",
"1081603042770792448","Sat Jan 05 23:54:21 +0000 2019","0","@sudjiwotedjo Capres cawapres NunCuk......???","1081700460212305920","","sudjiwotedjo","in","","0","0","0","https://x.com/undefined/status/1081700460212305920","274043839",
"1081700458782064640","Sat Jan 05 23:54:21 +0000 2019","0","Kenapa @KPU_ID membatalkan penyampaian visi misi capres dan cawapres. Kalian di gaji oleh rakyat dan hrs netral. Bukan berpihak pada penguasa.","1081700458782064640","","","in","","0","0","0","https://x.com/undefined/status/1081700458782064640","808104903893602304",
"1081614990518284291","Sat Jan 05 23:54:05 +0000 2019","0","@Biawak_Buas @P3nj3l4j4h @fadlizon @prabowo @jokowi Mimpi yg ngak kesampaian Lihat rekam jejak nya dulu sampai tahun kuda gigit besi ngak akan pernah https://t.co/J3qLvAnZ3K","1081700393061515264","https://pbs.twimg.com/media/DwL4w41VAAANRme.jpg","","in","","0","0","0","https://x.com/undefined/status/1081700393061515264","2840286361",
"1081259859947905024","Sat Jan 05 23:54:03 +0000 2019","0","@PriyoBudiS @prabowo @sandiuno Oke Pak.. Jgn kasih kendor..","1081700384970702849","","PriyoBudiS","in","","0","0","0","https://x.com/undefined/status/1081700384970702849","927796507461353472",
"1081343506914861056","Sat Jan 05 23:53:49 +0000 2019","0","@PembasmiKampret @AkunTofa @ustadtengkuzul Memang prestasi jkw apa selain ngutang dan potong pita hasil kerja pak sby..?? Prestasi pak prabowo yaitu menjadikan kacung jkw gubernur jkt","1081700325331857408","","KadrunDetector","in","","0","1","0","https://x.com/undefined/status/1081700325331857408","1074925143690948609",
"1081392788703346688","Sat Jan 05 23:53:49 +0000 2019","0","@TheArieAir Mau jadi apa bangsa ini kalo Prabowo jadi presiden ngebayanginya aja serem #TetapJokowi","1081700324857892864","","TheArieAir","in","","0","0","0","https://x.com/undefined/status/1081700324857892864","778652950071619585",
"1081700296047247361","Sat Jan 05 23:53:42 +0000 2019","3","Sosialisasi visi misi dibatalkan. Pertanyaan utk debat diberikan dulu (utk dipelajari). Ini KPU apaan sih? Mumet ndhasku! KPU Resmi Batalkan Sosialisasi Visi Misi Capres-Cawapres https://t.co/4LDMBQpLFd","1081700296047247361","","","in","","1","3","0","https://x.com/undefined/status/1081700296047247361","2259716772",
"1081700287327350784","Sat Jan 05 23:53:40 +0000 2019","0","Sebelum debat capres-cawapres seru kayaknya kalo diadain nonton bareng yg ini... https://t.co/9MLlbpkLp7","1081700287327350784","","","in","","0","0","0","https://x.com/undefined/status/1081700287327350784","203921393",
"1081383673159606272","Sat Jan 05 23:53:39 +0000 2019","0","@Azmi43232871 @dmsngrhaa @Bagong23543965 @ozy_tiyo @PremanAnfield93 @budimandjatmiko @jokowi Coba tanya bpk ini https://t.co/1W5wLGSTvC","1081700285276274688","https://pbs.twimg.com/media/DwL4qPHVYAUXuEx.jpg","jimitaluak","in","","0","0","0","https://x.com/undefined/status/1081700285276274688","1012673913971621891",
"1081441165960867840","Sat Jan 05 23:53:24 +0000 2019","0","@TsamaraDKI Responsenya begitu?? Pantas gak bisa mencerna pidato prabowo...","1081700223653564416","","TsamaraDKI","in","","0","0","0","https://x.com/undefined/status/1081700223653564416","4472452752",
"1081401098647175168","Sat Jan 05 23:53:23 +0000 2019","3","@NizarSM1 @wahhabicc_jabar @syekhermania_cs di karesidenan surakarta (dgn tdk mengurangi penghormatan pada habaib dan para kyai yg lain). Tidak mudah krn latar blkg wilayah tsb.Dan dukungan pemerintah setempatlah(saat itu jokowi walikota-nya) yg memudahkan syiar sholawat berkembang pesat.","1081700218293301248","","m_s_zuhri","in","","0","1","0","https://x.com/undefined/status/1081700218293301248","1408535076",
"1081580308758028288","Sat Jan 05 23:53:11 +0000 2019","0","@5ly6dy @ghaznavid_ @KPU_ID @jokowi Itu kertas doa ibu... #JKWTakutPaparkanMisiVisi","1081700165231079424","","5ly6dy","in","","0","1","0","https://x.com/undefined/status/1081700165231079424","240071842",
"1081541370597191680","Sat Jan 05 23:53:10 +0000 2019","0","@nisma_mokhtar @Ferdinand_Haean @jokowi Haruse tanya ke KPU alasan mengapa di batalkan?simple kan... Jgn buru lah menyimpulkan Ini kalian pintar seolah ada campur tangan pemerintah langsung menyudutkan Jokowi endinge. Ingat 2014 debat adu visi misi pun oke saja.... Kalian memang pintar menggiring opini","1081700160990720001","","DavitKu73991834","in","","0","1","0","https://x.com/undefined/status/1081700160990720001","1075755514179465216",
"1081565415426293765","Sat Jan 05 23:53:05 +0000 2019","0","@Ferdinand_Haean @jokowi Titik juga janda hahhaha","1081700140648255488","","Ferdinand_Haean","in","","0","0","0","https://x.com/undefined/status/1081700140648255488","3293267641",
"1081427414951968768","Sat Jan 05 23:53:03 +0000 2019","0","@sandiuno @prabowo mustahil","1081700131957686272","","sandiuno","et","","0","0","0","https://x.com/undefined/status/1081700131957686272","904509414622674944",
"1073361402117537792","Sat Jan 05 23:53:01 +0000 2019","0","@RafliSoerabaya @tehtjemplung @prabowo @PEPESOfficial https://t.co/QdaSho3x1E","1081700123216736256","https://pbs.twimg.com/media/DwL4hZWUcAAyva7.jpg","RafliSoerabaya","qme","","0","0","0","https://x.com/undefined/status/1081700123216736256","1015976793939968000",
"1081700122201739264","Sat Jan 05 23:53:00 +0000 2019","0","Immanuel Ebenezer nama yang tidak asing di dunia lapor melapor bareskrim polri makhluk beragama kristen protestan ini yang sudah melaporkan Ulama-Ulama yang kontra jokowi dan yang terbaru adalah pelaporan KH... https://t.co/kebRChp7Q2","1081700122201739264","","","in","","0","0","0","https://x.com/undefined/status/1081700122201739264","107590761",
"1081395130924298241","Sat Jan 05 23:53:00 +0000 2019","0","@jokowi Asli...presiden Jokowi...bapak pembangunan Indonesia","1081700122029785088","","jokowi","in","","0","0","0","https://x.com/undefined/status/1081700122029785088","1076393971599826944",
"1081684013868212225","Sat Jan 05 23:52:56 +0000 2019","1","@Putri_bilqis90 @Mahmoodazkha @prabowo @dharukusumahady https://t.co/HWKjEe3rkw","1081700104115871750","https://pbs.twimg.com/media/DwL4gs3UwAA0Dmv.jpg","Putri_bilqis90","qme","","0","0","1","https://x.com/undefined/status/1081700104115871750","1031464789183102976",
"1081542111231541250","Sat Jan 05 23:52:54 +0000 2019","0","@SammiSoh @prabowo @fadlizon Saya dengar..... Saya dengar.... Saya dengar.... #grasagrusu","1081700096637468672","","SammiSoh","in","","0","0","0","https://x.com/undefined/status/1081700096637468672","820299136083771392",
"1081700054283370496","Sat Jan 05 23:52:44 +0000 2019","3","2 hari kebelakang pak Jokowi telah meresmikan rusun untuk mahasiswa di STKIP PGRI Tulungagung membagikan sertifikat dan meninjau proyek-proyek di Jawa Timur... Apa masih dipertanyakan kinerja pak Jokowi?? Presidenku tetap pak jokowi https://t.co/3gSvEayoyv","1081700054283370496","https://pbs.twimg.com/media/DwL4dVTVsAAWxeQ.jpg","","in","","1","0","1","https://x.com/undefined/status/1081700054283370496","1080794915792072704",
"1081700046746181633","Sat Jan 05 23:52:42 +0000 2019","0","1) Sandi Uno: Mulai dari Teori Keynesian hingga Moneterisme Sandi sangat memahaminya. Dia seperti Rocky Gerung namun dalam bidang economics. 2) SBY: Presiden tersukses dalam sejarah indonesia. 3) Prabowo: Nasionalis sejati. Kelewatan sekali kalau masih memilih mukidi","1081700046746181633","","","in","","0","0","0","https://x.com/undefined/status/1081700046746181633","93137278",
"1081588380721270786","Sat Jan 05 23:52:37 +0000 2019","0","@cendanao @Deeakiding @VeritasArdentur @jokowi Gue gatau ini maksudnya becanda mau melucu apa beneran bodoh cek mata ya dokter mata bang ","1081700023958614016","","cendanao","in","","0","1","0","https://x.com/undefined/status/1081700023958614016","242694836",
"1081562940296159233","Sat Jan 05 23:52:30 +0000 2019","0","@faizalassegaf @jokowi Betol sekali bung @faizalassegaf","1081699997081493505","","faizalassegaf","in","","0","0","0","https://x.com/undefined/status/1081699997081493505","866635661041844224",
"1081338990173741056","Sat Jan 05 23:52:26 +0000 2019","0","@marierteman @pertamina @KementerianESDM @jokowi siasat ngibul","1081699978953732096","","marierteman","in","","0","0","0","https://x.com/undefined/status/1081699978953732096","1046040527110496256",
"1081699977045237760","Sat Jan 05 23:52:26 +0000 2019","0","@KPU_ID apa tidak merendahkan Capres? Anak SD mau ujian nasional aja gak dikasih tau bocoran soalnya loh.. https://t.co/fpvBHN6GCb","1081699977045237760","https://pbs.twimg.com/media/DwL4ZUdU8AEfutY.jpg","KPU_ID","in","","0","0","0","https://x.com/undefined/status/1081699977045237760","3196153549",
"1081699968199491584","Sat Jan 05 23:52:24 +0000 2019","0","Jokowi - Ma'ruf Tak Berani Tampil KPU Resmi Batalkan Sosialisasi Visi Misi Capres - Cawapres https://t.co/g8UXAMDVnT","1081699968199491584","","","in","","0","0","1","https://x.com/undefined/status/1081699968199491584","450416737",
"1081474631976988672","Sat Jan 05 23:52:23 +0000 2019","0","@Ferdinand_Haean Ya sudah lah ganti perform aja. Biar capres dan cawapres 02 aja yg maju. Semua timses dan kroni petahana boleh ajukan pertanyaan satu satu. Capres petahana duduk manis aja sambil cekrek cekrek","1081699966077132800","","Ferdinand_Haean","in","","0","0","0","https://x.com/undefined/status/1081699966077132800","912692135446536192",
"1081699957067804672","Sat Jan 05 23:52:21 +0000 2019","17","Iya udah kerasa banget kualitas pendukung Jokowi turun drastis dengan mengikuti irama lawan. https://t.co/qC9IiYsiw1","1081699957067804672","","","in","","4","2","14","https://x.com/undefined/status/1081699957067804672","542263382",
"1081699919990116352","Sat Jan 05 23:52:12 +0000 2019","0","Ada WARGA teriak ADA MALING Diteriakin. MALING kabur hilang tanpa JEJAK Eh datang HANSIP celingukan cari MALING Kata HANSIP ke WARGA : kalian HOAX. Bikin GADUH. Kriminal. Merusak kamtibmas HANSIP bangga dapat PUJIAN dari LURAH Kan DUNGU!! Cc @KPU_ID @jokowi @bawaslu_RI","1081699919990116352","","","in","","0","0","0","https://x.com/undefined/status/1081699919990116352","38436306",
"1081523124162617344","Sat Jan 05 23:52:12 +0000 2019","9","@KopiJahe9 @TehTJEMPLUNG @sandiuno @prabowo Salah Lu Teh Tjemplung itu jualan Politik bawa2 Teh.... Gimana sih. Kan lu bawa Kopi Jahe juga ga ada yang marah orang Usaha kok kenapa lu yang sewot.","1081699919193202688","","","in","","0","0","1","https://x.com/undefined/status/1081699919193202688","883416463",
"1081550415450263552","Sat Jan 05 23:52:11 +0000 2019","0","@anonchristi @prabowo Ihlas itu ambisius Ala GusDur...krn kalah berulang2 masih saja ngotot nyalon","1081699917041684480","","anonchristi","in","","0","1","0","https://x.com/undefined/status/1081699917041684480","459476992",
"1081395130924298241","Sat Jan 05 23:52:09 +0000 2019","0","@jokowi Mantap pk. Lanjut terus 2 periode. Bila ada yg ngomong soal impor beras ya ini kondisi iklim dan pertanian peninggalan pemimpin terdahalu yg mentingin perut dan keluarganya.","1081699908845891584","","jokowi","in","","0","0","0","https://x.com/undefined/status/1081699908845891584","1044396358831026176",
"1081688404109156352","Sat Jan 05 23:52:04 +0000 2019","0","@maspiyuuu Capres duduk manis aj. Nunggu dilantik ","1081699886754553856","","mas_piyuuu","in","","0","1","0","https://x.com/undefined/status/1081699886754553856","324126561",
"1081558539192037376","Sat Jan 05 23:51:54 +0000 2019","0","@eae18 @KPU_ID Apakah yg akan terjadi jika seandainya jokowi masih memenangkan pilpres...? Karna kecurangan demi kecurangan begitu nampak di depan mata kita.... Dan kita seakan diam dan pura pura tidak melihat itu...","1081699845927165952","","effendi____","in","","0","0","0","https://x.com/undefined/status/1081699845927165952","1067160472967770112",
"1081581094691004422","Sat Jan 05 23:51:52 +0000 2019","0","@BangPino_ tenang aja bang...mereka makin curang Prabowo Sandi makin menang telak.. saya yakin itu karena Allah SWT tidak akan memihak pada pihak yang suka curang demi dunia.","1081699836204703744","","BangPino_","in","","0","0","0","https://x.com/undefined/status/1081699836204703744","1066855170850471936",
"1081699787991244801","Sat Jan 05 23:51:41 +0000 2019","0","Soal Selang Cuci Darah Fadli: Prabowo Dapat Laporan Masyarakat VIVA https://t.co/e5nZVrGEDR LAporan masyarakat gerindra. Klo pemimpim tu dpt laporan di cek ricek dulu bukan langsung Breakeng News padahal hoax jdikan pelajaran kasus ratna S ok.Pilih no.1 @Gerindra @prabowo","1081699787991244801","","","in","","0","0","0","https://x.com/undefined/status/1081699787991244801","898898221413433348",
"1081699757448294400","Sat Jan 05 23:51:33 +0000 2019","0","Lalu Kami tahu apa visi dan misi dari para Paslon Capres bagaimana caranya?","1081699757448294400","","","in","","0","0","0","https://x.com/undefined/status/1081699757448294400","63873865",
"1081685015509983232","Sat Jan 05 23:51:30 +0000 2019","0","@Putri_bilqis90 @Mahmoodazkha @prabowo @pyxisthecompas https://t.co/vJ1faCZHfC","1081699743430918145","https://pbs.twimg.com/media/DwL4LsIVYAEvNwl.jpg","Putri_bilqis90","qme","","0","0","0","https://x.com/undefined/status/1081699743430918145","1031464789183102976",
"1081699733297541120","Sat Jan 05 23:51:28 +0000 2019","0","Bahkan kita bisa lihat para ulama politik ustadz politik dan manusia-manusia bertopeng agama pun hanya diam seribu bahasa ketika capres dan cawapresnya tidak bersedia diundang untuk tes baca Al-Quran #PrabowoTakutTesNgaji","1081699733297541120","","","in","","2","0","0","https://x.com/undefined/status/1081699733297541120","1328149478",
"1081699729480667136","Sat Jan 05 23:51:27 +0000 2019","0","@jokowi Bapak selaku bapak nya negara RI bpk harus adil sama masyarakat pelosok yg butuh perhatian dari bapak jangan hanya ibu kota DKI jakarta saja yang bapak bagusin bapak harus adil dan bijak. Sebelum nya saya minta maaf sudah mengganggu pagi nya sang pemimpin negri. Wasallam","1081699729480667136","","jokowi","in","","0","0","0","https://x.com/undefined/status/1081699729480667136","1054224748102615040",
"1081699720576135168","Sat Jan 05 23:51:25 +0000 2019","1","ngak salah ya.. hahah Lucu . @jokowi udah bnyk bukti.. Emang yg kalian banggakn mana buktinya..","1081699720576135168","","","in","","0","0","0","https://x.com/undefined/status/1081699720576135168","1049282032541425664",
"1081699699420147713","Sat Jan 05 23:51:20 +0000 2019","0","Sama bu-ibu... apalagi sehh yg mau dicari. Akuhh tetep Jokowi...","1081699699420147713","","","in","","0","1","0","https://x.com/undefined/status/1081699699420147713","4599527414",
"1081470441997459457","Sat Jan 05 23:51:14 +0000 2019","3","@detikcom Visi Misi nya disampaikan nanti kami rakyat menilai ayo dong TKN Jokowi adu gagasan Visi misi lewat Capresnya Kok ngelarang larang Atas dasar apa?","1081699676523442176","","detikcom","in","","0","0","0","https://x.com/undefined/status/1081699676523442176","2558355608",
"1081366005157310465","Sat Jan 05 23:51:13 +0000 2019","4","@LisaAmartaTara @swulll @m_mirah @PEPESOfficial @fadlizon @Ferdinand_Haean @AsFairus @dulatips @Dahnilanzar @fahiraidris @umibasyar @kangsemproel @sandiuno Ayoo kita rapatkan barissan .kita kawal semua biar prabowo sandi menang","1081699670106136576","","LisaAmartaTara","in","","0","1","2","https://x.com/undefined/status/1081699670106136576","1049992712361934848",
"1081588380721270786","Sat Jan 05 23:51:11 +0000 2019","0","@cendanao @Deeakiding @VeritasArdentur @jokowi Sorry gue ga nangkep tulisan lo ini apa mungkin tanda bacanya salah Dan digunakan tidak gratis? Emangnya ada yg gratis bang? Kencing aja bayar kok Jalan poros baru juga banyak dibikin dilebarin juga kurangnya apa?","1081699665337143298","","cendanao","in","","0","1","0","https://x.com/undefined/status/1081699665337143298","242694836",
"1081361922061099009","Sat Jan 05 23:51:11 +0000 2019","0","@kompascom @jokowi 2019 Pembangunan SDM tp @Kemdikbud_RI Stop Guru Honorer! Apa kabar Fresh Graduate Guru! Bsk2 ada berita gagal guru honorer ditangkap saat lakukan Porstitusi Online!!!","1081699664200495104","","kompascom","in","","0","0","0","https://x.com/undefined/status/1081699664200495104","92790080",
"1081699624832851968","Sat Jan 05 23:51:02 +0000 2019","0","Pada akhirnya faktor terbesar pilihan masy bukan pd retorika jargon capres atau bahkan ideologi tp soal karakternya personal.. Ingat ketika awal SBY nyapres melawan petahana dan calon2 lain yg scr politik lebih hebat drnya. Masy umumnya tdk berfikir rumit utk tentukan pilihan.","1081699624832851968","","","in","","0","0","0","https://x.com/undefined/status/1081699624832851968","474581159",
"1072717607445229568","Sat Jan 05 23:50:57 +0000 2019","0","@MahesaTiwi @sandiuno @AkunTofa @fadlizon @Gerindra @bangzul_1988 @zoelfick @makLambeTurah @Kania_Sari27 @pujangga1123 @NurmaTgr Ayo bersama sama kita suarakan dukungan utk pak jokowi @Namaku_Mei @4Y4NKZ @wr200465 @VeyWiniy @Roro_Kinarsih27 @LingWinata81 @AriestaricoRico @dyah_jombang @JokSusi2019 @Regazzyx @lembusurabae @BantenggMuda @rocky_garing @Neng_Geulis_ @RizmaWidiono https://t.co/ceh4bmw61g","1081699603697651713","","mahesatiwi","in","","0","0","0","https://x.com/undefined/status/1081699603697651713","1079646461371924486",
"1081562241239928832","Sat Jan 05 23:50:48 +0000 2019","0","@mr_piscok @habibthink THE BEST ACTOR : PRABOWO SUBIANTO THE BEST DIRECTOR: SATIAGA UNO","1081699569283395584","","piscok999","en","","0","0","0","https://x.com/undefined/status/1081699569283395584","1080662694611447809",
"1081358811913318401","Sat Jan 05 23:50:42 +0000 2019","0","@Kadir_Karding @jokowi Tapi janji tinggal janji di bibirku ...","1081699540174946304","","Kadir_Karding","in","","0","0","0","https://x.com/undefined/status/1081699540174946304","2495341280",
"1081565922928689152","Sat Jan 05 23:50:40 +0000 2019","1","@anonLokal Klo prabowo menang dia ga bebas lg nyabu","1081699534932107265","","anonLokal","in","","0","0","0","https://x.com/undefined/status/1081699534932107265","1021719156",
"1081429319501508608","Sat Jan 05 23:50:34 +0000 2019","0","@Dahnilanzar @PAMUNGKA2 @prabowo @sandiuno @KPU_ID Saran saya dr PAs 02 ttp pak PS dan SSU dan kl dr 01 pake timses silahkan aja..disitu rakyat bisa menilai kemampuan capres cawapres mana yg kualitasnya mumpuni..tugas sosmed buat beri penilaian soal pintar d bodoh..#2019GantiPresiden Kalah sblm tanding","1081699510164676608","","Dahnilanzar","in","","0","0","0","https://x.com/undefined/status/1081699510164676608","992728304368082944",
"1081699494264135680","Sat Jan 05 23:50:31 +0000 2019","0","Yang saya tunggu dari debat capres adalah kemampuan capres mengimprovisasi pertanyaan ke lawan nya diluar pertanyaan yg di berikan KPU seminggu sebelumnya &amp; menurut saya keunggulan mas prabowo ada di sesi ini. Saya menunggu kata selain BOCHOR dr mas Prabowo yg emang terbukti","1081699494264135680","","","in","","0","0","0","https://x.com/undefined/status/1081699494264135680","2340387996",
"1081128393851035649","Sat Jan 05 23:50:30 +0000 2019","0","@ustadtengkuzul @jokowi ingat ceramahnya karna stelah dusta yg pertama maka akan membuat dusta kedua dst agar menutupi dusta2 sebelumnya... ngomong depan cermin aja luuuu... tong","1081699490438930432","","ustadtengkuzul","in","","0","0","0","https://x.com/undefined/status/1081699490438930432","479555975",
"1081699487289094145","Sat Jan 05 23:50:29 +0000 2019","0","Saya suka video @YouTube https://t.co/7ttxKrrT3x Presiden Jokowi Jadi Saksi Pernikahan Anak Menristekdikti","1081699487289094145","","","in","","0","0","0","https://x.com/undefined/status/1081699487289094145","576287136",
"1081699383840714753","Sat Jan 05 23:50:04 +0000 2019","0","Yakin pak... kan skrg lg tren pengaturan skor. Jdi pengaturan skor g trjdi di sepak bola aj pak di politik pemilu itu jug sudh biasa...","1081699383840714753","","","in","","0","0","0","https://x.com/undefined/status/1081699383840714753","707601897566285824",
"1081540871735017472","Sat Jan 05 23:50:04 +0000 2019","0","@musniumar @AkunTofa Hanya untuk melindungi kualitas satu orang Capres @KPU_ID mengorbankan intelektual berfikir rakyat","1081699381487661058","","","in","","0","0","0","https://x.com/undefined/status/1081699381487661058","940620053640241152",
"1081556996673818624","Sat Jan 05 23:50:02 +0000 2019","0","@JHON_COBRA08 @amir47332009 @Lukmanu46270639 @fadlizon @jokowi @echaluceria @iAmLogan95 @irfanpancil @addiems Turun nya kan juga diam2","1081699372427931648","","Parhuta_hutaa","in","","0","0","0","https://x.com/undefined/status/1081699372427931648","1078888039449976832",
"1081429319501508608","Sat Jan 05 23:49:56 +0000 2019","0","@Dahnilanzar @prabowo @sandiuno @KPU_ID Apa bisa ya @KPU_ID mendiskualifikasi perserta yg tidak menuruti aturannya?","1081699349300531200","","Dahnilanzar","in","","0","0","0","https://x.com/undefined/status/1081699349300531200","391739994",
"1080754243580026880","Sat Jan 05 23:49:44 +0000 2019","0","@JGudhel_dotcom @TiasRenita @prabowo @nijarsetiady @boyke13 Tapi bagus lah gratis buat pendukung kaum melenia nya .hahahhaa .","1081699296808906752","","JGudhel_dotcom","in","","0","0","0","https://x.com/undefined/status/1081699296808906752","162551100",
"1081573004746866688","Sat Jan 05 23:49:43 +0000 2019","0","@detikcom Ya ampun @KPU_ID ... pemilu Indo bisa diketawain dunia! Mau ujian tapi soal2nya kok dibocorin?? Justru calon dituntut berpikir cepat dan spontan shg mmperlihatkan kualitas isi kepalanya . Kalo sperti ini debat jadi tdak brmutu. Mohon dipertimbangkan kmbali","1081699293663129601","","detikcom","in","","0","0","0","https://x.com/undefined/status/1081699293663129601","2383763143",
"1081464648774279168","Sat Jan 05 23:49:41 +0000 2019","0","@muttle9 @DonAdam08 @Dahnilanzar @prabowo @KPU_ID Baca alinea bawah yg loe kepcer.. pertanyaannya.. orangnya ketangkep gak? Cebong dungu..!!!","1081699284733505536","","muttle9","in","","0","1","0","https://x.com/undefined/status/1081699284733505536","61917161",
"1081699265364148225","Sat Jan 05 23:49:36 +0000 2019","0","@ILCtv1 ayo dong angkat isu batal penyampaian Visi Misi Capres dan Debat Capres pakai contekan. @karniilyas @Ferdinand_Haean @fadlizon @Fahrihamzah @rockygerung #KPUCurang","1081699265364148225","","ILCTalkshow","in","","0","0","0","https://x.com/undefined/status/1081699265364148225","536998393",
"1081358811913318401","Sat Jan 05 23:49:34 +0000 2019","0","@Kadir_Karding @jokowi #01JokowiLagi #01IndonesiaMaju","1081699258074488833","","Kadir_Karding","qme","","0","0","0","https://x.com/undefined/status/1081699258074488833","803051855760605184",
"1081145801294864384","Sat Jan 05 23:49:33 +0000 2019","0","@sandiuno @prabowo Katanya masyarakat hidupnya susah anda kok tega minta dan menerima sumbangan dari mereka","1081699251091005440","","sandiuno","in","","0","0","0","https://x.com/undefined/status/1081699251091005440","717390279079112704",
"1081175997041364992","Sat Jan 05 23:49:28 +0000 2019","0","@zaenalkase @Neng_Geulis_ @jokowi @Namaku_Mei @4Y4NKZ @wr200465 @VeyWiniy @Roro_Kinarsih27 @LingWinata81 @AriestaricoRico @dyah_jombang @JokSusi2019 @Regazzyx @lembusurabae @BantenggMuda @rocky_garing @RizmaWidiono Sejarah Partai Demokrasi Indonesia Perjuangan adalah bagian dari sejarah panjang demokrasi Indonesia yang diperjuangkan dengan darah dan air mata. @diahbelia @Senyap17 @miauwww__ @milenialis @MasCEPUK @PDI_Perjuangan @PDIP_sumenep By @Neng_Geulis_ https://t.co/fDpa6VY0Q9","1081699232124305408","https://pbs.twimg.com/media/DwL3t8XUYAAVvhN.jpg","zaenalkase","in","","0","0","0","https://x.com/undefined/status/1081699232124305408","1079646461371924486",
"1081699198670499841","Sat Jan 05 23:49:20 +0000 2019","2","nih kalo hati nya nggamau dekat sama Allah termasuk kalo nggamau ngaji !! @prabowo #PrabowoTakutTesNgaji @ajengputri28 https://t.co/0ipvbI3ecq","1081699198670499841","https://pbs.twimg.com/media/DwL3d6_VsAAceLb.jpg","","in","","0","0","1","https://x.com/undefined/status/1081699198670499841","1071124608927952896",
"1081455021114310656","Sat Jan 05 23:49:19 +0000 2019","0","@adhiewow @jokowi Kopi yg g dikasih air kali yg g dia suka","1081699192102211585","","adhiewow","in","","0","0","0","https://x.com/undefined/status/1081699192102211585","944156451756425216",
"1081464648774279168","Sat Jan 05 23:49:13 +0000 2019","0","@abahdinka @DonAdam08 @Dahnilanzar @prabowo @KPU_ID Korupsi receh dibanding trilyunan era SBY","1081699167217451009","","abahdinka","in","","0","1","0","https://x.com/undefined/status/1081699167217451009","2468828202",
"1081395130924298241","Sat Jan 05 23:49:09 +0000 2019","0","@AMR_rizan @rocky_garing @jokowi Dr pd kebalik kyk kampret....","1081699153560821760","","QINGzayyan","in","","0","1","0","https://x.com/undefined/status/1081699153560821760","1027513167805440000",
"1081699138717155328","Sat Jan 05 23:49:06 +0000 2019","0","@jokowi Akses yg selalu putus karena banjir air kiriman yg terletak di daerah kampung dahu desa bantar panjang kec cikeusal kab serang-banten","1081699138717155328","","jokowi","in","","0","0","0","https://x.com/undefined/status/1081699138717155328","1054224748102615040",
"1081558539192037376","Sat Jan 05 23:49:01 +0000 2019","3","@eae18 @syulillah @KPU_ID Apa kita hrs mnyewa panitia pemilu dri negara lain akibat ktidakpercayaan pd lmbaga pmilu dlm negeri ??? Apa kata duniaa ","1081699116395069441","","effendi____","in","","0","0","0","https://x.com/undefined/status/1081699116395069441","1012177016089600000",
"1081401098647175168","Sat Jan 05 23:48:59 +0000 2019","0","@seline43340570 @wahhabicc_jabar @PamanDobl4ng @Takviri @jokowi stop saja sudah soal ketidakfasihan....Munkar Nakir gak bakal ngetes kefasihan suratul fatihah atau subhanahu wa taala tapi jawabannya benar atau tidak.....","1081699111022211072","","seline43340570","in","","0","0","0","https://x.com/undefined/status/1081699111022211072","64608466",
"1081699045163200512","Sat Jan 05 23:48:44 +0000 2019","1","Mari sukseskan @nurhadi_aldo menuju Indonesia Satu. Kawal pemilu 2019 dengan elegan. #NurhadiAldo #MahaAsyik #YaQueen #McQueen #MisQueen https://t.co/Jap6ZMVIwp","1081699045163200512","https://pbs.twimg.com/media/DwL3idhVYAA5l-J.jpg","","in","","0","1","0","https://x.com/undefined/status/1081699045163200512","837395036",
"1081523124162617344","Sat Jan 05 23:48:24 +0000 2019","1","@TehTJEMPLUNG @MutyaMutia @sandiuno @prabowo #PrabowoSandiAja #PrabowoSandiAja #JKWTakutPaparkanMisiVisi","1081698964561260544","","HACKNET__","qme","","0","0","0","https://x.com/undefined/status/1081698964561260544","1038060147744989185",
"1081698888027947008","Sat Jan 05 23:48:06 +0000 2019","0","Pengguna Tol Trans Jawa Berterima Kasih pada Jokowi https://t.co/v4xWNXQj6K","1081698888027947008","","","in","","0","0","0","https://x.com/undefined/status/1081698888027947008","846715204637376513",
"1081698881606283264","Sat Jan 05 23:48:05 +0000 2019","0","pak @SBYudhoyono ga tertarik buat memikirkan kembali eksistensi @AndiArief__ di Demokrat? Rakyat udah liat kebohongannya beliau loh pak. Ini berbahaya bagi suara Demokrat loh pak di Pemilu nanti hehe https://t.co/yutUdZ4wNT","1081698881606283264","https://pbs.twimg.com/media/DwL3YACV4AEQ_eK.jpg","","in","","0","0","1","https://x.com/undefined/status/1081698881606283264","105775940",
"1081395130924298241","Sat Jan 05 23:48:01 +0000 2019","0","@jokowi Maaf pak Jokowi. Saya pilih Prabowo sandi..","1081698865248579584","","jokowi","in","","0","0","0","https://x.com/undefined/status/1081698865248579584","1080129260977741826",
"1081464648774279168","Sat Jan 05 23:48:00 +0000 2019","0","@abahdinka @DonAdam08 @Dahnilanzar @prabowo @KPU_ID Buwwwahaha hahaha kampret ngeyel Jokowi udah sita kembali 32 74T dari 35T yang dirampok di era SBY coy.. https://t.co/zeXyW7qqFV","1081698861662404608","https://pbs.twimg.com/media/DwL3X1sUUAAumb0.jpg","abahdinka","in","","0","1","0","https://x.com/undefined/status/1081698861662404608","2468828202",
"1081429319501508608","Sat Jan 05 23:47:59 +0000 2019","0","@Dahnilanzar @prabowo @sandiuno @KPU_ID Tapi jgn kasih BOCORan biar smakin menyakinkan keintelekan calon baik dari visi misi maupun wawasan keakademikan dan kemampuan merespon masalah.","1081698857933651970","","Dahnilanzar","in","","0","0","0","https://x.com/undefined/status/1081698857933651970","949068702758060033",
"1081495867666837504","Sat Jan 05 23:47:55 +0000 2019","1","@swulll @Jokodolok_ @prabowo @sandiuno @niesaza @fadlizon @utuntauk @kangsemproel @Ndon08Back Kepung terusss.. jangan kasih kendor.. #JokowiTakutPaparkanMisiVisi #PrabowoSandiAja","1081698841005514752","","swulll","in","","0","0","2","https://x.com/undefined/status/1081698841005514752","86018553",
"1081695095731056640","Sat Jan 05 23:47:50 +0000 2019","0","@republikaonline Yg sebelah makin berfikir keras gmn cara menjatuhkan jokowi. Akhirnya sgala Cara Di lakukan hoax hoax Dan hoak...","1081698820608581632","","republikaonline","in","","0","1","0","https://x.com/undefined/status/1081698820608581632","329437151",
"1081455021114310656","Sat Jan 05 23:47:49 +0000 2019","7","@Orlandomanintim @jokowi Yang saya pahami vlog dibuat oleh Pak Jokowi dalam rangka 'membumikan' visi misinya. Pd vlog ini anak muda dr kota kecil Tulungagung ikut ambil bagian membangun negeri melalui usaha kecil yg sangat didukung pemerintah. Anak muda = generasi penerus = mandiri. Bagaimana dg kita?","1081698816653352960","","Orlandomanintim","in","","0","1","0","https://x.com/undefined/status/1081698816653352960","993383011843371008",
"1081698776971005952","Sat Jan 05 23:47:40 +0000 2019","0","Saya suka video @YouTube https://t.co/GCd5WUTkID BLAK-BLAKAN CAPRES GUYONAN NURHADI &amp; ALDO (D1LD0) | Endingnya tak terduga","1081698776971005952","","","in","","0","0","0","https://x.com/undefined/status/1081698776971005952","820737786",
"1081395130924298241","Sat Jan 05 23:47:39 +0000 2019","0","@jokowi Lanjutkan gk usah dengerin mereka yg gk biss kerja rakyat bersama bpk","1081698773108027392","","jokowi","in","","0","0","0","https://x.com/undefined/status/1081698773108027392","1050561287329964033",
"1081698762408419328","Sat Jan 05 23:47:36 +0000 2019","0","DD 2019 Sebesar 70 Triliun Presiden Jokowi Ingin Meningkat Terus Setiap Tahun https://t.co/z1yUqIkrKu","1081698762408419328","","","in","","0","0","0","https://x.com/undefined/status/1081698762408419328","1020627642595172352",
"1081677861503655936","Sat Jan 05 23:47:29 +0000 2019","0","@regirivaldi SBY dua periode ya itu...gawat juga Jokowi baru 1 periode uda sgtu ya...kalo orba ga usa dtanya ....statistiknya full manipulasi kan ","1081698733111238656","","regirivaldi","in","","0","1","0","https://x.com/undefined/status/1081698733111238656","60463895",
"1081698723795656704","Sat Jan 05 23:47:27 +0000 2019","1","Alhmdlh th ini keluarga di desa. Dpt sertifikat gratis. Dr pemerintahan @jokowi . #01JokowiLagi","1081698723795656704","","","in","","0","0","0","https://x.com/undefined/status/1081698723795656704","959991582286999552",
"1081698716065574912","Sat Jan 05 23:47:25 +0000 2019","0","Presiden Jokowi: Jangan Main-main dengan DD https://t.co/EexeW9nocg","1081698716065574912","","","in","","0","0","0","https://x.com/undefined/status/1081698716065574912","1020627642595172352",
"1081614174000541696","Sat Jan 05 23:47:24 +0000 2019","0","@NamakuTata73 @damzaiin @Fahrihamzah Msa allah ngurisi ambisi @prabowo utk jdi pemimpin dri negra yg klian yakini akan bubar .. !! Msa allah ngurusi ambisi dri mnusia smbong yg mrasa bhwa ngra ini akan punah klau @prabowo tdk jdi prseden Naudzubillah summa naudzubillah .. Salam akal waras","1081698710919102464","","NamakuTata73","in","","0","0","0","https://x.com/undefined/status/1081698710919102464","1047737207807598592",
"1081698692422234112","Sat Jan 05 23:47:19 +0000 2019","0","@jokowi Selamat pagi Bpk negara RI saya hanya mewakili masyarakat kecil yg tinggal di perkampungan yg jauh dari kota minta tolong pembenahan akses jalur di kampung kami tidak di perhatikan oleh pimpinan gubernur banten kalau musim hujan tiba akses pun putus terlimbas banjir","1081698692422234112","","jokowi","in","","0","1","0","https://x.com/undefined/status/1081698692422234112","1054224748102615040",
"1081408810189606912","Sat Jan 05 23:59:59 +0000 2019","0","@sandiuno @prabowo Dukung program mantap bang sandi ini dengan hantam orang2 yg ngedompleng ingin berkuasa... penyebar hoax dll. Jokowi ga usah sering2 dibahas biar padem sendiri.. itu","1081701878524608512","","sandiuno","in","","0","0","0","https://x.com/undefined/status/1081701878524608512","854970554163408896",
"1081698281816842240","Sat Jan 05 23:59:52 +0000 2019","2","@Badut_Istana @Bambang44159536 @KPU_ID Jika pemaparan visi misi Capres/Cawapres dalam debat dihilangkan dan daftar pertanyaan sudah diserahkan kpd Capres/Cawapres sebelum dilaksanakan debat maka Sekalian hilangkan saja debat capres/cawapres tsb. Daripada debat tanpa menggunakan akal sehat untuk apa?","1081701848392687618","","KoyokRadikal","in","","0","0","1","https://x.com/undefined/status/1081701848392687618","340778941",
"1081701202935435264","Sat Jan 05 23:59:51 +0000 2019","6","@laskar_minang Yakin uda daftar pertanyaannya acak maybe for Prabowo but no for petahana","1081701843057569792","","demoCRAZY_id","in","","0","1","0","https://x.com/undefined/status/1081701843057569792","1030065481103728641",
"1081567993669341184","Sat Jan 05 23:59:49 +0000 2019","0","@detikcom Kasian bngt ya sm @amienrais stlh gelar Tokoh Reformasinya mulai diragukan eh ada potensi dpt gelar br 'Dukun Politik' dgn salah satunya ramalan 'Jokowi akan kalah 2019'.#GantiProfesi2019","1081701838347329536","","detikcom","in","","0","0","0","https://x.com/undefined/status/1081701838347329536","923862773326536704",
"1081563168906735616","Sat Jan 05 23:59:47 +0000 2019","0","@Ferdinand_Haean @KPU_ID Rakyat yg mana nih ferdinan ? Jgb bawa bawa nama Rakyat kalau prabowo dan antek2nya mau kudeta memang itu hobynya ? Dan ingat kalian mau merampas dgn tdk konstitusional maka kami jg sebagai rakyat mayoritas pendukung pemwrintahan yg sah akan melawan ( KAMI TDK TAKUT )","1081701829900001280","","Ferdinand_Haean","in","","0","0","0","https://x.com/undefined/status/1081701829900001280","3071457614",
"1081701822149013504","Sat Jan 05 23:59:46 +0000 2019","0","TAHUKAH ANDA? Jangan sampai lupa : JOKOWI adalah singkatan dari JOKO WIDODO Sekedar mengingatkan saja... ","1081701822149013504","","","in","","0","0","0","https://x.com/undefined/status/1081701822149013504","1081698378138804224",
"1081362527395540992","Sat Jan 05 23:59:44 +0000 2019","0","@kardusbox08 @exelflores21 @anggafebryanto3 @NaneDianti @vita_diahErv @semiaji_w @4Y4NKZ @RizmaWidiono @CH_chotimah @CebongRatu @chicohakim @04Nakula @Airin_NZ @MahesaTiwi @jokowi ","1081701817266786304","","kardusbox08","qme","","0","0","0","https://x.com/undefined/status/1081701817266786304","1047737207807598592",
"1081679028317114368","Sat Jan 05 23:59:44 +0000 2019","0","@UtomoEndang @maspiyuuu @KPU_ID Iya...lantik aja...TAPI GW GA TERIMA!!Ngelantik JOKOWI JADI 2P!!ORA SUDI!!!","1081701815270354944","","UtomoEndang","in","","0","1","0","https://x.com/undefined/status/1081701815270354944","220974702",
"1081073347511775233","Sat Jan 05 23:59:41 +0000 2019","0","@PnandoA @psi_id @TsamaraDKI @psi Lagian juga mobil esemka itu sdh lama bgt saat pak jokowi msh jadi wali kota dan presiden nya msh pak sby .ya broo .apa sih kendala kendala nya sih tes uji emisi sdh ok .yg pesan sdh byk .keduluan sama mobil dari cina den ya smoga cepet di produksi masal deh .amin","1081701804599963649","","PnandoA","in","","0","1","0","https://x.com/undefined/status/1081701804599963649","162551100",
"1081701773709008896","Sat Jan 05 23:59:34 +0000 2019","0","Ayo bung @karniilyas tema ilc kita @KPU_ID batalkan visi misi capres @Fahrihamzah @fadlizon @rockygerung @budimandjatmiko @ILCtv1 @ilc_tvone","1081701773709008896","","","in","","0","0","0","https://x.com/undefined/status/1081701773709008896","1021719156",
"1081701768432513025","Sat Jan 05 23:59:33 +0000 2019","0","Jokowi Bagikan Sertifikat Kepada 2500 Warga Ponorogo https://t.co/SGiC3fIWrV","1081701768432513025","","","in","","0","0","0","https://x.com/undefined/status/1081701768432513025","1049574324091334656",
"1081523124162617344","Sat Jan 05 23:59:31 +0000 2019","2","@KopiJahe9 @TehTJEMPLUNG @sandiuno @prabowo Mungkin dia hidupnya tidak bahagia minimal sering diselingkuhin.. jadi inget yg sering ngomong kayak gitu hidupnya diselingkuhin bini selama 7 tahun dan berakhir sbg terpidana.. tetap semangat @TehTJEMPLUNG ..","1081701761121808384","","","in","","0","0","0","https://x.com/undefined/status/1081701761121808384","892181895093526528",
"1081701752062136320","Sat Jan 05 23:59:29 +0000 2019","2","*Kerja Keras BPN Penuhi Target Penerbitan Sertifikat* Jumat 4 Januari 2019 Presiden @jokowi menyerahkan 2.500 sertifikat kepada masyarakat setempat. @lisaok2210 @dadang_adp @iichaiii @kangdede78 #rekanjokowi #indonesiakuat #ayoteruskerja #jokowipresidenku #rekanjokowilampung https://t.co/hM9I5vqhgo","1081701752062136320","https://pbs.twimg.com/media/DwL6AMHVYAEoisw.jpg","","in","","0","0","1","https://x.com/undefined/status/1081701752062136320","1048441223353004035",
"1081700246780964864","Sat Jan 05 23:59:24 +0000 2019","0","@DennyJA_WORLD Denn ayo komentari gagalnya pemaparan visi misi capres denn!! Komentari juga ttg peberitahuan daftar pertanyaan debat seminggu sebelum debat! Gak berani kan?? Cemen lu denn","1081701731057057792","","DennyJA_WORLD","in","","0","0","0","https://x.com/undefined/status/1081701731057057792","226521916",
"1081697448177750018","Sat Jan 05 23:59:20 +0000 2019","0","@El_wirata84 @AndiArief__ Mafia pemilu tdk dtng dr hongkong atau mexico dan kalau terjadi kecurangan dlm pemilu pilpres adalah pekerjaan oknum yg berkepentingan semua itu bisa terjadi akibat tdk taat hukum dan selalu mengkomersilkan UU masalahnya twit andi arif itu memperburuk dunia perpolitikan kita","1081701713281671169","","El_wirata84","in","","0","1","0","https://x.com/undefined/status/1081701713281671169","967181073653186560",
"1081701698882531328","Sat Jan 05 23:59:16 +0000 2019","0","kasihan rakyat tidak tahu Visi dan Misi Capres/Cawapres #2019DoakuUntukNegeri #2019PrabowoSandiMenang","1081701698882531328","","","in","","0","0","0","https://x.com/undefined/status/1081701698882531328","2294862137",
"1081610298052640768","Sat Jan 05 23:59:04 +0000 2019","0","@temponasional @tempodotco Nanti dibalas oleh kubu capres no2 saling ejek jadi debat kusir?","1081701649398194177","","temponasional","in","","0","0","0","https://x.com/undefined/status/1081701649398194177","4847552067",
"1081427414951968768","Sat Jan 05 23:58:56 +0000 2019","0","@otak_sehat01 @sandiuno @prabowo Setidaknya gk ngasih kerjaan ke warga China","1081701616007340032","","otak_sehat01","in","","0","0","0","https://x.com/undefined/status/1081701616007340032","757105668948004864",
"1081492159570661376","Sat Jan 05 23:58:55 +0000 2019","0","@wentira2 @sakti00sakti @KPU_ID KPU hanya menjalankan saran Presiden utk pemilu gembira makanya aturannya dibuat lucu2.","1081701611037028352","","","in","","0","0","0","https://x.com/undefined/status/1081701611037028352","167691852",
"1081491729356738560","Sat Jan 05 23:58:52 +0000 2019","1","@adv_supyadi @jokowi Jujur duluuuu saat awal dia jadi saya punya keyakinan dia bisa krn eksportir. Tapi saya salah ternyata..untung tak pernah milih","1081701596222808064","","adv_supyadi","in","","0","0","0","https://x.com/undefined/status/1081701596222808064","573643761",
"1081541370597191680","Sat Jan 05 23:58:48 +0000 2019","0","@nisma_mokhtar @Ferdinand_Haean @jokowi Nah itu tau anda alasane.... Komplain ya ke KPU... TkN jokowi tau dan ngerti apa yg harus di lakukan.... Kl cm adu visi misi debat sekalipun ga jd soal kl cm lawan Prabowo sandi....","1081701582075379712","","nisma_mokhtar","in","","0","1","0","https://x.com/undefined/status/1081701582075379712","1075755514179465216",
"1081701544964149248","Sat Jan 05 23:58:40 +0000 2019","1","Ya Allah hancurkan 7 turunan kl ada anggota @KPU_ID curang dlm pemilu nnti buat mereka dan 7 turunan nya hidup terlaknat dan terhina kl mereka curang amin kan sd 40 org maka maqbul doa kita ini","1081701544964149248","","","in","","1","0","0","https://x.com/undefined/status/1081701544964149248","706500903147143168",
"1081701533534670849","Sat Jan 05 23:58:37 +0000 2019","2","Minta Bukti? bapk @jokowi udh bnyk buktinya.. Emang situ janji manis doang #JokowiAminLebihBaik #2019PresidentetapJokowi #JokowiAminYess","1081701533534670849","","","in","","0","1","0","https://x.com/undefined/status/1081701533534670849","1049282032541425664",
"1081314356313219072","Sat Jan 05 23:58:36 +0000 2019","0","@zudhi_setiadi @AntoksdWatranss Orang harus ngerti bahwa yang namanya inflasi rendah atau turun itu artinya harga juga turun ujar Jokowi. ...Haah (?) Ke pasar yuuk...Koq gk bgtu ? #takudikomen","1081701529202057216","","_bayangan_semar","in","","0","2","0","https://x.com/undefined/status/1081701529202057216","919426671245123585",
"1081572780997373952","Sat Jan 05 23:58:23 +0000 2019","0","@AndiArief__ Jadi ingat kasus pak Antasari.....Katanya Pemilu???","1081701474273452032","","Andiarief__","in","","0","0","0","https://x.com/undefined/status/1081701474273452032","1027239883666903040",
"1081699193234681856","Sat Jan 05 23:58:18 +0000 2019","2","@putrabanten80 @Dahnilanzar Cuma sekelas itu.. kualitas penyelenggara Pemilu.. #JokowiTakutPaparkanMisiVisi","1081701454081998848","","Oku__records","in","","0","0","1","https://x.com/undefined/status/1081701454081998848","896632201340518401",
"1081699193234681856","Sat Jan 05 23:58:05 +0000 2019","5","@putrabanten80 @Dahnilanzar KPU timses Jokowi ya... #JokowiTakutPaparkanVisiMisi","1081701401116401664","","Oku__records","in","","0","0","3","https://x.com/undefined/status/1081701401116401664","759057293597999104",
"1081701395193946113","Sat Jan 05 23:58:04 +0000 2019","0","Lapor! Gerombolan @KPU_ID melakukan TINDAK pidana luar biasa Bocorkan SOAL debat PILPRES ke paslon kontestasi @jokowi Ini SERIUS loh Nanti ada UNJUK RASA seluruh SISWA se INDONESIA meminta BOCORAN soal UN Cc @DivHumas_Polri @wiranto1947 @DPR_RI @DPDRI @mprgoid @bawaslu_RI","1081701395193946113","","","in","","0","0","0","https://x.com/undefined/status/1081701395193946113","38436306",
"1081507112205742080","Sat Jan 05 23:57:56 +0000 2019","0","@saididu @haripuas @KPU_ID @AndiArief__ Coba @KPU_ID spy belajar demokrasi lagi yg bener Baca lagi UUD 1945 psl 28 dan UU no 9/1998 Memberikan pendapat dan mengingatkan kok gak boleh secara umum?! Apalagi ini menyangkut kepentingan publik/rakyat banyak Kalo bgt gmn rakyat mau percaya bhw pemilu yad akan jurdil..?!","1081701364256858113","","saididu","in","","0","0","0","https://x.com/undefined/status/1081701364256858113","191032546",
"1081429319501508608","Sat Jan 05 23:57:54 +0000 2019","0","@Dahnilanzar @prabowo @sandiuno @KPU_ID Mungkin ini yang waktu lalu TKN 01 bilang januari bakal kasih kejutan","1081701354467352576","","Dahnilanzar","in","","0","0","0","https://x.com/undefined/status/1081701354467352576","2493347328",
"1080486586234490880","Sat Jan 05 23:57:54 +0000 2019","0","@AT_AbdillahToha @_cupelhelo Jokowi itu pembohong tidak ada janji kampanyenya dia penuhi","1081701353423032322","","AT_AbdillahToha","in","","0","0","0","https://x.com/undefined/status/1081701353423032322","994806266022236164",
"1080287815059988480","Sat Jan 05 23:57:54 +0000 2019","0","@TeddyGusnaidi @_cupelhelo @prabowo Jokowi hanya pencitraan","1081701353385160704","","TeddyGusnaidi","in","","0","0","0","https://x.com/undefined/status/1081701353385160704","994806266022236164",
"1081392788703346688","Sat Jan 05 23:57:50 +0000 2019","1","@TheArieAir Demen banget pke politisasi Agama sebar HOAX Kualitas sebagai capres aja ga jelas bangun keluarga aja gagal. apalagi bangun Negaraaaaa #PrabowoTakutTesNgaji","1081701337157365760","","TheArieAir","in","","1","0","0","https://x.com/undefined/status/1081701337157365760","1071123099960004608",
"1081701303493881858","Sat Jan 05 23:57:42 +0000 2019","0","Bahan buat debat Ke I cc @prabowo","1081701303493881858","","","in","","0","0","0","https://x.com/undefined/status/1081701303493881858","169355483",
"1081701264591749130","Sat Jan 05 23:57:33 +0000 2019","0","Beri satu kesempatan untuk pa jokowi membangun neraga indonesia menjadi lebih maju bersma KH. Ma'rufamin #2019TetapJokowi #kosongsatumetal #01IndonesiaMaju #01cirebonraya #JokowiAminLebihBaik #kosongsatumetalindramayu #01JokowiLagi https://t.co/n7PDsZLQYA","1081701264591749130","https://pbs.twimg.com/media/DwL5j6-UYAAfW2S.jpg","","in","","0","0","0","https://x.com/undefined/status/1081701264591749130","1081005366618447872",
"1081542055459938309","Sat Jan 05 23:57:30 +0000 2019","0","@Ferdinand_Haean @KPU_ID Pertanyaannya KPU itu 2kalimat syahadat sama gelar nabi aja jd biar capres 02 menghapal bener jng sampe salah...MALUUU....!!!","1081701255217475584","","Ferdinand_Haean","in","","0","0","0","https://x.com/undefined/status/1081701255217475584","563538555",
"1081701238297612288","Sat Jan 05 23:57:26 +0000 2019","3","BukiTTinggi Ranah Bundokandung The Realm of Matriarchal Thinkers @jokowi @Dr_Moeldoko #01IndonesiaMaju #JokowiSaiyoSakato &gt; Adat Basandi Syarak Syarak Basandi Kitabullah Adat Mangato Syarak Mamakai &gt; Bundokandung bersama Minang Cerdik Pasar Atas PRESIDEN JOKOWI SEKALI LAGI https://t.co/mzblU4eRdz","1081701238297612288","https://pbs.twimg.com/ext_tw_video_thumb/1081700914962952192/pu/img/76PEJIbRcZN8gR4O.jpg","","in","","0","0","2","https://x.com/undefined/status/1081701238297612288","1280788819",
"1081561985345413120","Sat Jan 05 23:57:24 +0000 2019","0","@cekkembali @Fahrihamzah @prabowo Lu klo mau komen pake akun beneran jangan akun boneka kaya junjungan lu","1081701228453650432","","cekkembali","in","","0","0","0","https://x.com/undefined/status/1081701228453650432","2691101683",
"1081701214943756288","Sat Jan 05 23:57:21 +0000 2019","0","@KPU_ID anak saya kelas 1 SD ketika mulai smesteran guru nya tidak pernah memberikan daftar soalnya. Ayolah waras kita bangun Demokrasi ini. KPU Serahkan Daftar Pertanyaan ke Pasangan Capres-Cawapres Seminggu Sebelum Debat Perdana Digelar https://t.co/HCWIe0BVrr","1081701214943756288","","KPU_ID","in","","0","0","0","https://x.com/undefined/status/1081701214943756288","992976269271691264",
"1081429319501508608","Sat Jan 05 23:57:16 +0000 2019","0","@Dahnilanzar @prabowo @sandiuno @KPU_ID Kalo begitu apakah TKN lebih cerdas dan punya wawasan di banding calonnya?","1081701193661931520","","Dahnilanzar","in","","0","0","1","https://x.com/undefined/status/1081701193661931520","1041270980025303041",
"1081429319501508608","Sat Jan 05 23:57:15 +0000 2019","0","@Dahnilanzar @prabowo @sandiuno @KPU_ID Analisa psikologis menandakan perubahan kepemimpinan presiden menuju ke pergantian tahun dan pergantian presiden...salam satu hati indonesia raya.","1081701190230921216","","Dahnilanzar","in","","0","0","0","https://x.com/undefined/status/1081701190230921216","1078592727653072896",
"1081626047991341056","Sat Jan 05 23:57:15 +0000 2019","1","@JKFC23456789 @Tony_Harto @fadlizon @RizmaWidiono @TheArieAir @semiaji_w @P3nj3l4j4h @marierteman @Gerindra @Fahrihamzah @kangdede78 Bisa di pastikan jika pak prabowo di Aceh nanti bisa hadir baca Alqur'an pasti nyalip jkw klo g jangan harap! Hasil survei yg terkini semangkin jauh tertinggal dr jkw zonk harus dorong pak wowo berani hadir biar rakyat tau siapa sebenarnya WW","1081701189052321793","","JKFC23456789","in","","0","1","0","https://x.com/undefined/status/1081701189052321793","933294919262789633",
"1081259859947905024","Sat Jan 05 23:57:14 +0000 2019","0","@PriyoBudiS @prabowo @sandiuno Follow dong bapak... ","1081701188125417477","","PriyoBudiS","in","","0","0","0","https://x.com/undefined/status/1081701188125417477","974280534321897472",
"1081259859947905024","Sat Jan 05 23:57:11 +0000 2019","0","@PriyoBudiS @prabowo @sandiuno #JKWTakutPaparkanMisiVisi #Tagih65JanjiJokowi #JKWTakutPaparkanMisiVisi #Tagih65JanjiJokowi #JKWTakutPaparkanMisiVisi #Tagih65JanjiJokowi #JKWTakutPaparkanMisiVisi #Tagih65JanjiJokowi #JKWTakutPaparkanMisiVisi #Tagih65JanjiJokowi #JKWTakutPaparkanMisiVisi @jokowi","1081701174040915973","","PriyoBudiS","qme","","0","0","0","https://x.com/undefined/status/1081701174040915973","1028669946207715329",
"1081701167300636674","Sat Jan 05 23:57:09 +0000 2019","0","Prukades sangat meningkatkan taraf ekonomi Masyarakat #NiasSelatan manfa'at #DanaDesa @jokowi @EkoSandjojo @taufikmadjid71 @fachrilabalado @anwsanusi","1081701167300636674","","","in","","0","0","0","https://x.com/undefined/status/1081701167300636674","928625634007330816",
"1081622326741876746","Sat Jan 05 23:57:07 +0000 2019","0","@BuniYani @Gemacan70 @fadlizon @saididu @mahendradatta Kalau sudah diketahui @KPU_ID melanggar UU Pemilu kenapa @BPNrelawan02 diam saja seolah manut tak berdaya.. Jangan berikan kesempatan rakyat untuk tidak pecaya pada kalian elit POLITIK.. Kalau semua keputusan @KPU_ID diikuti berati ada Konspirasi GILA antar kedua kubu.","1081701156223541248","","1keadilan","in","","0","0","0","https://x.com/undefined/status/1081701156223541248","914154201659334659",
"1081701146274672640","Sat Jan 05 23:57:04 +0000 2019","0"," Pemilu Era Big Data - https://t.co/5roQlbQw8I https://t.co/AMNIriazGy","1081701146274672640","https://pbs.twimg.com/media/DZ1oP_sVoAAwzlc.jpg","","in","","0","0","0","https://x.com/undefined/status/1081701146274672640","4597954936",
"1081421874947444737","Sat Jan 05 23:56:57 +0000 2019","0","@AnnaSuezann Presiden Jokowi okowi Bagikan Sertifikat Tanah Wakaf di Jatim Presiden Joko Widodo membagikan sertifikat tanah wakaf kepada ratusan pengurus masjid di Jawa Timur. Presiden menekankan pentingnya sertifikat untuk menghindari sengketa. https://t.co/BOVK04rOHG","1081701116520198144","https://pbs.twimg.com/ext_tw_video_thumb/1081700370718502912/pu/img/QBOMHZmFMsPYrRpa.jpg","AnnaSuezann","in","","0","0","0","https://x.com/undefined/status/1081701116520198144","1079646461371924486",
"1081480789706006528","Sat Jan 05 23:56:55 +0000 2019","0","Pak @jokowi. Kami komunitas pengguna BBG Vigas merasa kesulitan atas kenaikan harga ViGas menjadi Rp. 6600/lt. ViGas lebih boros dibanding BBM krn Kalori kecil. Investasi converter 15jt kmu sdh lakukan. Kembali ke Premium pilihan trakhir. Trmk Pak","1081701105103327232","","EdwinAgustinus","in","","0","0","0","https://x.com/undefined/status/1081701105103327232","309730012",
"1081701104675680257","Sat Jan 05 23:56:55 +0000 2019","0","Dukung Jokowi-Ma'ruf Amin Eks Aktivis 212: Tak Perlu Izin Rizieq Shihab https://t.co/BWi1YbhtZu https://t.co/BcGf6OES49","1081701104675680257","https://pbs.twimg.com/media/DwL5a_jUUAAxsIX.jpg","","in","","0","0","0","https://x.com/undefined/status/1081701104675680257","346606845",
"1081678254992490496","Sat Jan 05 23:56:54 +0000 2019","0","@CintaNKRI12 @Flora08NKRI @prabowo @sandiuno @hp_arel @Nikola97110921 Mntaaap. ","1081701103878660096","","CintaNKRI12","in","","0","0","0","https://x.com/undefined/status/1081701103878660096","926632512612208641",
"1081572101314699264","Sat Jan 05 23:56:51 +0000 2019","0","@Fahrihamzah Mbok sekali kali sampean ngapresiasi prestasi pakde @jokowi to pak pak.. Sebagai wakil rakyat kan membela Rakyat kok membela Capres..kok tidak sesuai fungsi nya.. Meski saya tau sampean itu di kubu OPOSISI tp mbok yo sekali kali aja cuit mikirkan rakyat meski ga kerja tuk rakyat","1081701089055891456","","Fahrihamzah","in","","0","0","0","https://x.com/undefined/status/1081701089055891456","1052505398190649345",
"1081701066666725376","Sat Jan 05 23:56:45 +0000 2019","0","Pak @jokowi Membangun indonesia mulai dari Desa Pak @jokowi Membangun Negeri ini mulai dari Desa dgn adanya Dana Desa Ekonomi Masyarakat semakin meningkat @jokowi @EkoSandjojo @anwsanusi @fachrilabalado @TPPISUMUT @p3mdNiasSelatan.","1081701066666725376","","","in","","0","0","0","https://x.com/undefined/status/1081701066666725376","928625634007330816",
"1081701047578456064","Sat Jan 05 23:56:41 +0000 2019","7","Diatur sama keinginan salah satu Capres itu sih bukan Lembaga Independen..Integritas nihil","1081701047578456064","","","in","","0","0","2","https://x.com/undefined/status/1081701047578456064","164778726",
"1081461607908007936","Sat Jan 05 23:56:39 +0000 2019","0","@hnurwahid @KPU_ID VISI MISI negara sudah jelas. capres cawapres itu sih visi misi lima tahunan","1081701037818359810","","hnurwahid","in","","0","0","0","https://x.com/undefined/status/1081701037818359810","1017939924",
"1081541370597191680","Sat Jan 05 23:56:31 +0000 2019","0","@DavitKu73991834 @Ferdinand_Haean @jokowi Loh permintaan visi misi capres-cawapres agar tidak dipaparkan oleh si capres-cawapres sendiri kan dr tim Mr Widodo. Anda kudet. Alasan KPU krn tdk tercapai kesepakatan akibat tim Mr Widodo yg ngotot pemaparan visi misi boleh oleh tim sukses paslon. Menyudutkan? Ngaca!","1081701006390394885","","DavitKu73991834","in","","0","1","0","https://x.com/undefined/status/1081701006390394885","990658484193513473",
"1081465851709054976","Sat Jan 05 23:56:29 +0000 2019","0","@VIVAcoid Bukannya Capres &amp; Cawapres 01 agennya hoax ","1081700997628481536","","VIVAcoid","in","","0","0","0","https://x.com/undefined/status/1081700997628481536","342625380",
"1081394971742105601","Sat Jan 05 23:56:29 +0000 2019","0","@republikaonline Tetap president Prabowo aj..","1081700995954925568","","republikaonline","in","","0","0","0","https://x.com/undefined/status/1081700995954925568","382549158",
"1081692744798605313","Sat Jan 05 23:56:14 +0000 2019","3","@albertpanjaitn @Janji_Presiden @KPU_ID Saran untuk @KPU_ID gmn utk petahana pertanyaannya ttg nama2 ikan saja. Biar mslh ekonomi hukum politik dsb utk pak prabowo saja..","1081700933657014273","","BatakModeren","in","","0","0","1","https://x.com/undefined/status/1081700933657014273","927796507461353472",
"1081700926186913792","Sat Jan 05 23:56:12 +0000 2019","0","@jokowi mmang ok !! #01JokowiLagi #01IndonesiaMaju","1081700926186913792","","jokowi","in","","0","0","0","https://x.com/undefined/status/1081700926186913792","1047737207807598592",
"1081700911695548416","Sat Jan 05 23:56:09 +0000 2019","0","Menurut saya sih : Capres ijtima ulama saat mau diuji baca al-qu'an harusnya disambut dengan Takbir !! Allahu Akbar ! merasa idealnya sih begitu !","1081700911695548416","","","in","","0","0","0","https://x.com/undefined/status/1081700911695548416","627624188",
"1081700899192418304","Sat Jan 05 23:56:06 +0000 2019","0","Terima kasih pa jokowi teriakan kita diperjuangan 98 membuahkan hasil","1081700899192418304","","","in","","0","0","0","https://x.com/undefined/status/1081700899192418304","957136675863347200",
"1081700879139389440","Sat Jan 05 23:56:01 +0000 2019","5","*Kerja Keras BPN Penuhi Target Penerbitan Sertifikat* Jumat 4 Januari 2019 Presiden @jokowi menyerahkan 2.500 sertifikat kepada masyarakat setempat. @lisaok2210 @dadang_adp @iichaiii @kangdede78 #rekanjokowi #indonesiakuat #ayoteruskerja #jokowipresidenku #rekanjokowilampung https://t.co/jzw3zXvZxR","1081700879139389440","https://pbs.twimg.com/media/DwL5NazUcAAqBTI.jpg","","in","","0","0","2","https://x.com/undefined/status/1081700879139389440","1048445988052992001",
"1081392788703346688","Sat Jan 05 23:55:59 +0000 2019","1","@KingTukijan @NKRI_NTBSasambo @TheArieAir Gw gak pilih Jokowi nanti pd tgl 17 April 2019 krn ingin perubahan. Perubahan ke arah Indonesia Yang Adil dan Makmur.","1081700872948572160","","KingTukijan","in","","0","0","0","https://x.com/undefined/status/1081700872948572160","1031410263294009344",
"1081445203687268353","Sat Jan 05 23:55:54 +0000 2019","0","@NaneDianti @andy_nomicin @jokowi Murah meriah &amp; Nikmat 🇮🇩️","1081700849502408704","","Dianty_Yasmin1","in","","0","0","0","https://x.com/undefined/status/1081700849502408704","724363835742654464",
"1081580092508168193","Sat Jan 05 23:55:51 +0000 2019","1","@SSugiartos @PartaiSocmed @P3nj3l4j4h Kiai Ma'ruf Amin mah masih brpa bulan tong nih junjungan lu udah tahunan malah dari tahun 2012 Katanya yakin menang pilpres 2014 tp ko presiden gua jokowi y https://t.co/nyQDkrXDVs","1081700837997502464","https://pbs.twimg.com/media/DwL5LVwU8AAydAG.jpg","SSugiartos","in","","0","0","0","https://x.com/undefined/status/1081700837997502464","2303150538",
"1081700771450695682","Sat Jan 05 23:55:35 +0000 2019","0","Sebenarnya penyampaian visi-misi Capres/Cawapres tuh bagian dari aturan @KPU_ID yang harus dijalankan atau tetap harus ada kesepakatan dengan tim? Kok kayak EO Dagelan sih? Klo emang sudah aturan ya jalankan. Bukan nego sana sini. Yang melanggar ya kasih sanksi.","1081700771450695682","","","in","","0","0","1","https://x.com/undefined/status/1081700771450695682","318962707",
"1081700771249278976","Sat Jan 05 23:55:35 +0000 2019","17","SEMUA RAKYAT INDONESIA BETAPA GOBLOKNYA @andriutamalubis BAHWA @jokowi PASTI LEBIH UNGGUL MEMAPARKAN VISI MISI TANPA TEKS KARENA SUDAH MELAKSANAKAN DARIPADA @prabowo MASIH PADA TAHAP BERJANJI AKAN MELAKSANAKAN YANG HINGGA KINI TAK JELAS KECUALI PENGALAMAN PIDATO &amp; MINTA MAAF","1081700771249278976","","","in","","2","6","5","https://x.com/undefined/status/1081700771249278976","215058741",
"1081700768007114752","Sat Jan 05 23:55:34 +0000 2019","0","Quran reading test for presidential candidates? Jokowi says yes Prabowo says no - The Jakarta Post - Jakarta Post https://t.co/V0TWWSqLv6 https://t.co/DfhrAn3KeH","1081700768007114752","https://pbs.twimg.com/media/DwL5HacUcAEOlWK.jpg","","en","","0","0","0","https://x.com/undefined/status/1081700768007114752","886060076116475904",
"1081694000225050624","Sat Jan 05 23:55:28 +0000 2019","8","@KasanMulyono Kegigihan Pak Prabowo itu yg menggerakkan saya utk ikut mendukung perjuangan beliau. Bila berbicara materi baik Pak Prabowo maupun Bang Sandi dpt dikatakan sdh memiliki segalanya tp knp masih mau maju? Ini diatas materi bagi saya ini realisasi cinta kepada Indonesia. https://t.co/GWrC3MNsdG","1081700742384148480","https://pbs.twimg.com/media/DwL5EnOV4AAQD_3.jpg","KasanMulyono","in","","2","0","7","https://x.com/undefined/status/1081700742384148480","949436919942823936",
"1081698534699794432","Sat Jan 05 23:55:24 +0000 2019","1","@hasmi_bakhtiar @jokowi Bisanya bohong n janji2","1081700724860366848","","hasmibakhtiar","in","","0","1","0","https://x.com/undefined/status/1081700724860366848","4810894560",
"1081588380721270786","Sat Jan 05 23:55:21 +0000 2019","0","@cendanao @AGoeci @Deeakiding @VeritasArdentur @jokowi Coba narasinya dibalik misal junjungan ente nanti kepilih yakin yg jadi oposisi nanti akan dibagi jabatannya sama rata sama yg pro?","1081700713556635648","","cendanao","in","","0","1","0","https://x.com/undefined/status/1081700713556635648","242694836",
"1081395130924298241","Sat Jan 05 23:55:17 +0000 2019","0","@AMR_rizan @rocky_garing @jokowi Kan Udah Dibilangin..Kalo Prabowonya Aja GOBLOG.. Dimana Letak Kepintaran Lo.. Jawab..","1081700696045416449","","QINGzayyan","in","","0","1","0","https://x.com/undefined/status/1081700696045416449","1065351850172403714",
"1081473355167936518","Sat Jan 05 23:55:15 +0000 2019","1","@Dahnilanzar @AkunTofa Tolong timses jokowi jgn sholat dijadikan sandiwara #2019PrabowoPresiden","1081700685521903617","","Dahnilanzar","in","","0","0","0","https://x.com/undefined/status/1081700685521903617","1340841062",
"1067017700982050821","Sat Jan 05 23:55:09 +0000 2019","0","@jokowi Walaupun dicaci dihina difitnah pak Jokowi tetap sabar dan selalu renda hati. Itulah contah seorang pemimpin yang harus kita tiru. Ketika bilau melakukan kesalahan jangan di tiru tapi kita doakan beliau untuk menjadi yg lebih baik. Truslah berjuang pak demi rakyat.","1081700661996081152","","jokowi","in","","0","0","0","https://x.com/undefined/status/1081700661996081152","1081586414951624704",
"1081700630429716480","Sat Jan 05 23:55:01 +0000 2019","0","Sehat sll njih pak @jokowi","1081700630429716480","","","in","","0","0","0","https://x.com/undefined/status/1081700630429716480","809238939995250688",
"1081445203687268353","Sat Jan 05 23:55:00 +0000 2019","0","@Paltiwest @jokowi Nyok ️🇮🇩️ #Jokowi1XLagi https://t.co/AspVUyNxzU","1081700626289983488","https://pbs.twimg.com/media/DwL4-y5VAAABKRf.jpg","PaltiHutabarat","hu","","0","0","0","https://x.com/undefined/status/1081700626289983488","724363835742654464",
"1081455021114310656","Sat Jan 05 23:54:57 +0000 2019","1","@arjomunadi888 @jokowi Coba dicek ke kepala desanya. Program dana desa sdh lama dan sdh ditambah jumlahnya dan sudah banyak berhasil. Sangat bermanfaat. Kepala desa yg kreatif sangat pesat kemajuan desanya. Warganya sejahtera dan bahagia. Monggo dicek bgmn dana desa dikelola disitu.","1081700610125193216","","arjomunadi888","in","","0","0","0","https://x.com/undefined/status/1081700610125193216","993383011843371008",
"1081511587481939969","Sat Jan 05 23:54:54 +0000 2019","1","@R_GUN4W4N @hanjenif @jokowi @KHMarufAmin_ @EkoSandjojo @fachrilabalado @SandjojoCenter @arwani_p3md @pendampingdesa_ @AmranApt @ninikwafiroh @amrudinnejad_ @RizmaWidiono @4Y4NKZ @JKFC23456789 @asykar36 @bambangelf @JOINKalsel @ana_khoz @mild_kkkk Program Jokowi sangat baik untuk membangun desa . Tergantung perangkat desanya bila tak jujur maka dana desanya tak membawa kesejahteraan desanya. Jadi jangan salahkan jokowi","1081700597366059008","","R_GUN4W4N","in","","0","0","0","https://x.com/undefined/status/1081700597366059008","1015564867204288512",
"1081395130924298241","Sat Jan 05 23:54:50 +0000 2019","0","@jokowi Hanya yang buta mata hatinya saja yang selalu negatif thingking dan nyinyir terus dah bagus seperti ini mau cari ganti??? mikir!!! lanjutkan pak Presiden 2019-2024 Insha Allah takdir bapak memimpin kembali Indonesia amien..","1081700581566164993","","jokowi","in","","0","0","0","https://x.com/undefined/status/1081700581566164993","1048202413994270721",
"1081541370597191680","Sat Jan 05 23:53:10 +0000 2019","0","@nisma_mokhtar @Ferdinand_Haean @jokowi Haruse tanya ke KPU alasan mengapa di batalkan?simple kan... Jgn buru lah menyimpulkan Ini kalian pintar seolah ada campur tangan pemerintah langsung menyudutkan Jokowi endinge. Ingat 2014 debat adu visi misi pun oke saja.... Kalian memang pintar menggiring opini","1081700160990720001","","DavitKu73991834","in","","0","1","0","https://x.com/undefined/status/1081700160990720001","1075755514179465216",
"1081565415426293765","Sat Jan 05 23:53:05 +0000 2019","0","@Ferdinand_Haean @jokowi Titik juga janda hahhaha","1081700140648255488","","Ferdinand_Haean","in","","0","0","0","https://x.com/undefined/status/1081700140648255488","3293267641",
"1081427414951968768","Sat Jan 05 23:53:03 +0000 2019","0","@sandiuno @prabowo mustahil","1081700131957686272","","sandiuno","et","","0","0","0","https://x.com/undefined/status/1081700131957686272","904509414622674944",
"1073361402117537792","Sat Jan 05 23:53:01 +0000 2019","0","@RafliSoerabaya @tehtjemplung @prabowo @PEPESOfficial https://t.co/QdaSho3x1E","1081700123216736256","https://pbs.twimg.com/media/DwL4hZWUcAAyva7.jpg","RafliSoerabaya","qme","","0","0","0","https://x.com/undefined/status/1081700123216736256","1015976793939968000",
"1081700122201739264","Sat Jan 05 23:53:00 +0000 2019","0","Immanuel Ebenezer nama yang tidak asing di dunia lapor melapor bareskrim polri makhluk beragama kristen protestan ini yang sudah melaporkan Ulama-Ulama yang kontra jokowi dan yang terbaru adalah pelaporan KH... https://t.co/kebRChp7Q2","1081700122201739264","","","in","","0","0","0","https://x.com/undefined/status/1081700122201739264","107590761",
"1081395130924298241","Sat Jan 05 23:53:00 +0000 2019","0","@jokowi Asli...presiden Jokowi...bapak pembangunan Indonesia","1081700122029785088","","jokowi","in","","0","0","0","https://x.com/undefined/status/1081700122029785088","1076393971599826944",
"1081684013868212225","Sat Jan 05 23:52:56 +0000 2019","1","@Putri_bilqis90 @Mahmoodazkha @prabowo @dharukusumahady https://t.co/HWKjEe3rkw","1081700104115871750","https://pbs.twimg.com/media/DwL4gs3UwAA0Dmv.jpg","Putri_bilqis90","qme","","0","0","1","https://x.com/undefined/status/1081700104115871750","1031464789183102976",
"1081542111231541250","Sat Jan 05 23:52:54 +0000 2019","0","@SammiSoh @prabowo @fadlizon Saya dengar..... Saya dengar.... Saya dengar.... #grasagrusu","1081700096637468672","","SammiSoh","in","","0","0","0","https://x.com/undefined/status/1081700096637468672","820299136083771392",
"1081700054283370496","Sat Jan 05 23:52:44 +0000 2019","3","2 hari kebelakang pak Jokowi telah meresmikan rusun untuk mahasiswa di STKIP PGRI Tulungagung membagikan sertifikat dan meninjau proyek-proyek di Jawa Timur... Apa masih dipertanyakan kinerja pak Jokowi?? Presidenku tetap pak jokowi https://t.co/3gSvEayoyv","1081700054283370496","https://pbs.twimg.com/media/DwL4dVTVsAAWxeQ.jpg","","in","","1","0","1","https://x.com/undefined/status/1081700054283370496","1080794915792072704",
"1081700046746181633","Sat Jan 05 23:52:42 +0000 2019","0","1) Sandi Uno: Mulai dari Teori Keynesian hingga Moneterisme Sandi sangat memahaminya. Dia seperti Rocky Gerung namun dalam bidang economics. 2) SBY: Presiden tersukses dalam sejarah indonesia. 3) Prabowo: Nasionalis sejati. Kelewatan sekali kalau masih memilih mukidi","1081700046746181633","","","in","","0","0","0","https://x.com/undefined/status/1081700046746181633","93137278",
"1081588380721270786","Sat Jan 05 23:52:37 +0000 2019","0","@cendanao @Deeakiding @VeritasArdentur @jokowi Gue gatau ini maksudnya becanda mau melucu apa beneran bodoh cek mata ya dokter mata bang ","1081700023958614016","","cendanao","in","","0","1","0","https://x.com/undefined/status/1081700023958614016","242694836",
"1081562940296159233","Sat Jan 05 23:52:30 +0000 2019","0","@faizalassegaf @jokowi Betol sekali bung @faizalassegaf","1081699997081493505","","faizalassegaf","in","","0","0","0","https://x.com/undefined/status/1081699997081493505","866635661041844224",
"1081338990173741056","Sat Jan 05 23:52:26 +0000 2019","0","@marierteman @pertamina @KementerianESDM @jokowi siasat ngibul","1081699978953732096","","marierteman","in","","0","0","0","https://x.com/undefined/status/1081699978953732096","1046040527110496256",
"1081699977045237760","Sat Jan 05 23:52:26 +0000 2019","0","@KPU_ID apa tidak merendahkan Capres? Anak SD mau ujian nasional aja gak dikasih tau bocoran soalnya loh.. https://t.co/fpvBHN6GCb","1081699977045237760","https://pbs.twimg.com/media/DwL4ZUdU8AEfutY.jpg","KPU_ID","in","","0","0","0","https://x.com/undefined/status/1081699977045237760","3196153549",
"1081699968199491584","Sat Jan 05 23:52:24 +0000 2019","0","Jokowi - Ma'ruf Tak Berani Tampil KPU Resmi Batalkan Sosialisasi Visi Misi Capres - Cawapres https://t.co/g8UXAMDVnT","1081699968199491584","","","in","","0","0","1","https://x.com/undefined/status/1081699968199491584","450416737",
"1081474631976988672","Sat Jan 05 23:52:23 +0000 2019","0","@Ferdinand_Haean Ya sudah lah ganti perform aja. Biar capres dan cawapres 02 aja yg maju. Semua timses dan kroni petahana boleh ajukan pertanyaan satu satu. Capres petahana duduk manis aja sambil cekrek cekrek","1081699966077132800","","Ferdinand_Haean","in","","0","0","0","https://x.com/undefined/status/1081699966077132800","912692135446536192",
"1081699957067804672","Sat Jan 05 23:52:21 +0000 2019","17","Iya udah kerasa banget kualitas pendukung Jokowi turun drastis dengan mengikuti irama lawan. https://t.co/qC9IiYsiw1","1081699957067804672","","","in","","4","2","14","https://x.com/undefined/status/1081699957067804672","542263382",
"1081699919990116352","Sat Jan 05 23:52:12 +0000 2019","0","Ada WARGA teriak ADA MALING Diteriakin. MALING kabur hilang tanpa JEJAK Eh datang HANSIP celingukan cari MALING Kata HANSIP ke WARGA : kalian HOAX. Bikin GADUH. Kriminal. Merusak kamtibmas HANSIP bangga dapat PUJIAN dari LURAH Kan DUNGU!! Cc @KPU_ID @jokowi @bawaslu_RI","1081699919990116352","","","in","","0","0","0","https://x.com/undefined/status/1081699919990116352","38436306",
"1081523124162617344","Sat Jan 05 23:52:12 +0000 2019","9","@KopiJahe9 @TehTJEMPLUNG @sandiuno @prabowo Salah Lu Teh Tjemplung itu jualan Politik bawa2 Teh.... Gimana sih. Kan lu bawa Kopi Jahe juga ga ada yang marah orang Usaha kok kenapa lu yang sewot.","1081699919193202688","","","in","","0","0","1","https://x.com/undefined/status/1081699919193202688","883416463",
"1081550415450263552","Sat Jan 05 23:52:11 +0000 2019","0","@anonchristi @prabowo Ihlas itu ambisius Ala GusDur...krn kalah berulang2 masih saja ngotot nyalon","1081699917041684480","","anonchristi","in","","0","1","0","https://x.com/undefined/status/1081699917041684480","459476992",
"1081395130924298241","Sat Jan 05 23:52:09 +0000 2019","0","@jokowi Mantap pk. Lanjut terus 2 periode. Bila ada yg ngomong soal impor beras ya ini kondisi iklim dan pertanian peninggalan pemimpin terdahalu yg mentingin perut dan keluarganya.","1081699908845891584","","jokowi","in","","0","0","0","https://x.com/undefined/status/1081699908845891584","1044396358831026176",
"1081688404109156352","Sat Jan 05 23:52:04 +0000 2019","0","@maspiyuuu Capres duduk manis aj. Nunggu dilantik ","1081699886754553856","","mas_piyuuu","in","","0","1","0","https://x.com/undefined/status/1081699886754553856","324126561",
"1081558539192037376","Sat Jan 05 23:51:54 +0000 2019","0","@eae18 @KPU_ID Apakah yg akan terjadi jika seandainya jokowi masih memenangkan pilpres...? Karna kecurangan demi kecurangan begitu nampak di depan mata kita.... Dan kita seakan diam dan pura pura tidak melihat itu...","1081699845927165952","","effendi____","in","","0","0","0","https://x.com/undefined/status/1081699845927165952","1067160472967770112",
"1081581094691004422","Sat Jan 05 23:51:52 +0000 2019","0","@BangPino_ tenang aja bang...mereka makin curang Prabowo Sandi makin menang telak.. saya yakin itu karena Allah SWT tidak akan memihak pada pihak yang suka curang demi dunia.","1081699836204703744","","BangPino_","in","","0","0","0","https://x.com/undefined/status/1081699836204703744","1066855170850471936",
"1081699787991244801","Sat Jan 05 23:51:41 +0000 2019","0","Soal Selang Cuci Darah Fadli: Prabowo Dapat Laporan Masyarakat VIVA https://t.co/e5nZVrGEDR LAporan masyarakat gerindra. Klo pemimpim tu dpt laporan di cek ricek dulu bukan langsung Breakeng News padahal hoax jdikan pelajaran kasus ratna S ok.Pilih no.1 @Gerindra @prabowo","1081699787991244801","","","in","","0","0","0","https://x.com/undefined/status/1081699787991244801","898898221413433348",
"1081699757448294400","Sat Jan 05 23:51:33 +0000 2019","0","Lalu Kami tahu apa visi dan misi dari para Paslon Capres bagaimana caranya?","1081699757448294400","","","in","","0","0","0","https://x.com/undefined/status/1081699757448294400","63873865",
"1081685015509983232","Sat Jan 05 23:51:30 +0000 2019","0","@Putri_bilqis90 @Mahmoodazkha @prabowo @pyxisthecompas https://t.co/vJ1faCZHfC","1081699743430918145","https://pbs.twimg.com/media/DwL4LsIVYAEvNwl.jpg","Putri_bilqis90","qme","","0","0","0","https://x.com/undefined/status/1081699743430918145","1031464789183102976",
"1081699733297541120","Sat Jan 05 23:51:28 +0000 2019","0","Bahkan kita bisa lihat para ulama politik ustadz politik dan manusia-manusia bertopeng agama pun hanya diam seribu bahasa ketika capres dan cawapresnya tidak bersedia diundang untuk tes baca Al-Quran #PrabowoTakutTesNgaji","1081699733297541120","","","in","","2","0","0","https://x.com/undefined/status/1081699733297541120","1328149478",
"1081699729480667136","Sat Jan 05 23:51:27 +0000 2019","0","@jokowi Bapak selaku bapak nya negara RI bpk harus adil sama masyarakat pelosok yg butuh perhatian dari bapak jangan hanya ibu kota DKI jakarta saja yang bapak bagusin bapak harus adil dan bijak. Sebelum nya saya minta maaf sudah mengganggu pagi nya sang pemimpin negri. Wasallam","1081699729480667136","","jokowi","in","","0","0","0","https://x.com/undefined/status/1081699729480667136","1054224748102615040",
"1081699720576135168","Sat Jan 05 23:51:25 +0000 2019","1","ngak salah ya.. hahah Lucu . @jokowi udah bnyk bukti.. Emang yg kalian banggakn mana buktinya..","1081699720576135168","","","in","","0","0","0","https://x.com/undefined/status/1081699720576135168","1049282032541425664",
"1081699699420147713","Sat Jan 05 23:51:20 +0000 2019","0","Sama bu-ibu... apalagi sehh yg mau dicari. Akuhh tetep Jokowi...","1081699699420147713","","","in","","0","1","0","https://x.com/undefined/status/1081699699420147713","4599527414",
"1081470441997459457","Sat Jan 05 23:51:14 +0000 2019","3","@detikcom Visi Misi nya disampaikan nanti kami rakyat menilai ayo dong TKN Jokowi adu gagasan Visi misi lewat Capresnya Kok ngelarang larang Atas dasar apa?","1081699676523442176","","detikcom","in","","0","0","0","https://x.com/undefined/status/1081699676523442176","2558355608",
"1081366005157310465","Sat Jan 05 23:51:13 +0000 2019","4","@LisaAmartaTara @swulll @m_mirah @PEPESOfficial @fadlizon @Ferdinand_Haean @AsFairus @dulatips @Dahnilanzar @fahiraidris @umibasyar @kangsemproel @sandiuno Ayoo kita rapatkan barissan .kita kawal semua biar prabowo sandi menang","1081699670106136576","","LisaAmartaTara","in","","0","1","2","https://x.com/undefined/status/1081699670106136576","1049992712361934848",
"1081588380721270786","Sat Jan 05 23:51:11 +0000 2019","0","@cendanao @Deeakiding @VeritasArdentur @jokowi Sorry gue ga nangkep tulisan lo ini apa mungkin tanda bacanya salah Dan digunakan tidak gratis? Emangnya ada yg gratis bang? Kencing aja bayar kok Jalan poros baru juga banyak dibikin dilebarin juga kurangnya apa?","1081699665337143298","","cendanao","in","","0","1","0","https://x.com/undefined/status/1081699665337143298","242694836",
"1081361922061099009","Sat Jan 05 23:51:11 +0000 2019","0","@kompascom @jokowi 2019 Pembangunan SDM tp @Kemdikbud_RI Stop Guru Honorer! Apa kabar Fresh Graduate Guru! Bsk2 ada berita gagal guru honorer ditangkap saat lakukan Porstitusi Online!!!","1081699664200495104","","kompascom","in","","0","0","0","https://x.com/undefined/status/1081699664200495104","92790080",
"1081699624832851968","Sat Jan 05 23:51:02 +0000 2019","0","Pada akhirnya faktor terbesar pilihan masy bukan pd retorika jargon capres atau bahkan ideologi tp soal karakternya personal.. Ingat ketika awal SBY nyapres melawan petahana dan calon2 lain yg scr politik lebih hebat drnya. Masy umumnya tdk berfikir rumit utk tentukan pilihan.","1081699624832851968","","","in","","0","0","0","https://x.com/undefined/status/1081699624832851968","474581159",
"1072717607445229568","Sat Jan 05 23:50:57 +0000 2019","0","@MahesaTiwi @sandiuno @AkunTofa @fadlizon @Gerindra @bangzul_1988 @zoelfick @makLambeTurah @Kania_Sari27 @pujangga1123 @NurmaTgr Ayo bersama sama kita suarakan dukungan utk pak jokowi @Namaku_Mei @4Y4NKZ @wr200465 @VeyWiniy @Roro_Kinarsih27 @LingWinata81 @AriestaricoRico @dyah_jombang @JokSusi2019 @Regazzyx @lembusurabae @BantenggMuda @rocky_garing @Neng_Geulis_ @RizmaWidiono https://t.co/ceh4bmw61g","1081699603697651713","","mahesatiwi","in","","0","0","0","https://x.com/undefined/status/1081699603697651713","1079646461371924486",
"1081562241239928832","Sat Jan 05 23:50:48 +0000 2019","0","@mr_piscok @habibthink THE BEST ACTOR : PRABOWO SUBIANTO THE BEST DIRECTOR: SATIAGA UNO","1081699569283395584","","piscok999","en","","0","0","0","https://x.com/undefined/status/1081699569283395584","1080662694611447809",
"1081358811913318401","Sat Jan 05 23:50:42 +0000 2019","0","@Kadir_Karding @jokowi Tapi janji tinggal janji di bibirku ...","1081699540174946304","","Kadir_Karding","in","","0","0","0","https://x.com/undefined/status/1081699540174946304","2495341280",
"1081565922928689152","Sat Jan 05 23:50:40 +0000 2019","1","@anonLokal Klo prabowo menang dia ga bebas lg nyabu","1081699534932107265","","anonLokal","in","","0","0","0","https://x.com/undefined/status/1081699534932107265","1021719156",
"1081429319501508608","Sat Jan 05 23:50:34 +0000 2019","0","@Dahnilanzar @PAMUNGKA2 @prabowo @sandiuno @KPU_ID Saran saya dr PAs 02 ttp pak PS dan SSU dan kl dr 01 pake timses silahkan aja..disitu rakyat bisa menilai kemampuan capres cawapres mana yg kualitasnya mumpuni..tugas sosmed buat beri penilaian soal pintar d bodoh..#2019GantiPresiden Kalah sblm tanding","1081699510164676608","","Dahnilanzar","in","","0","0","0","https://x.com/undefined/status/1081699510164676608","992728304368082944",
"1081699494264135680","Sat Jan 05 23:50:31 +0000 2019","0","Yang saya tunggu dari debat capres adalah kemampuan capres mengimprovisasi pertanyaan ke lawan nya diluar pertanyaan yg di berikan KPU seminggu sebelumnya &amp; menurut saya keunggulan mas prabowo ada di sesi ini. Saya menunggu kata selain BOCHOR dr mas Prabowo yg emang terbukti","1081699494264135680","","","in","","0","0","0","https://x.com/undefined/status/1081699494264135680","2340387996",
"1081128393851035649","Sat Jan 05 23:50:30 +0000 2019","0","@ustadtengkuzul @jokowi ingat ceramahnya karna stelah dusta yg pertama maka akan membuat dusta kedua dst agar menutupi dusta2 sebelumnya... ngomong depan cermin aja luuuu... tong","1081699490438930432","","ustadtengkuzul","in","","0","0","0","https://x.com/undefined/status/1081699490438930432","479555975",
"1081699487289094145","Sat Jan 05 23:50:29 +0000 2019","0","Saya suka video @YouTube https://t.co/7ttxKrrT3x Presiden Jokowi Jadi Saksi Pernikahan Anak Menristekdikti","1081699487289094145","","","in","","0","0","0","https://x.com/undefined/status/1081699487289094145","576287136",
"1081699383840714753","Sat Jan 05 23:50:04 +0000 2019","0","Yakin pak... kan skrg lg tren pengaturan skor. Jdi pengaturan skor g trjdi di sepak bola aj pak di politik pemilu itu jug sudh biasa...","1081699383840714753","","","in","","0","0","0","https://x.com/undefined/status/1081699383840714753","707601897566285824",
"1081540871735017472","Sat Jan 05 23:50:04 +0000 2019","0","@musniumar @AkunTofa Hanya untuk melindungi kualitas satu orang Capres @KPU_ID mengorbankan intelektual berfikir rakyat","1081699381487661058","","","in","","0","0","0","https://x.com/undefined/status/1081699381487661058","940620053640241152",
"1081556996673818624","Sat Jan 05 23:50:02 +0000 2019","0","@JHON_COBRA08 @amir47332009 @Lukmanu46270639 @fadlizon @jokowi @echaluceria @iAmLogan95 @irfanpancil @addiems Turun nya kan juga diam2","1081699372427931648","","Parhuta_hutaa","in","","0","0","0","https://x.com/undefined/status/1081699372427931648","1078888039449976832",
"1081429319501508608","Sat Jan 05 23:49:56 +0000 2019","0","@Dahnilanzar @prabowo @sandiuno @KPU_ID Apa bisa ya @KPU_ID mendiskualifikasi perserta yg tidak menuruti aturannya?","1081699349300531200","","Dahnilanzar","in","","0","0","0","https://x.com/undefined/status/1081699349300531200","391739994",
"1080754243580026880","Sat Jan 05 23:49:44 +0000 2019","0","@JGudhel_dotcom @TiasRenita @prabowo @nijarsetiady @boyke13 Tapi bagus lah gratis buat pendukung kaum melenia nya .hahahhaa .","1081699296808906752","","JGudhel_dotcom","in","","0","0","0","https://x.com/undefined/status/1081699296808906752","162551100",
"1081573004746866688","Sat Jan 05 23:49:43 +0000 2019","0","@detikcom Ya ampun @KPU_ID ... pemilu Indo bisa diketawain dunia! Mau ujian tapi soal2nya kok dibocorin?? Justru calon dituntut berpikir cepat dan spontan shg mmperlihatkan kualitas isi kepalanya . Kalo sperti ini debat jadi tdak brmutu. Mohon dipertimbangkan kmbali","1081699293663129601","","detikcom","in","","0","0","0","https://x.com/undefined/status/1081699293663129601","2383763143",
"1081464648774279168","Sat Jan 05 23:49:41 +0000 2019","0","@muttle9 @DonAdam08 @Dahnilanzar @prabowo @KPU_ID Baca alinea bawah yg loe kepcer.. pertanyaannya.. orangnya ketangkep gak? Cebong dungu..!!!","1081699284733505536","","muttle9","in","","0","1","0","https://x.com/undefined/status/1081699284733505536","61917161",
"1081699265364148225","Sat Jan 05 23:49:36 +0000 2019","0","@ILCtv1 ayo dong angkat isu batal penyampaian Visi Misi Capres dan Debat Capres pakai contekan. @karniilyas @Ferdinand_Haean @fadlizon @Fahrihamzah @rockygerung #KPUCurang","1081699265364148225","","ILCTalkshow","in","","0","0","0","https://x.com/undefined/status/1081699265364148225","536998393",
"1081358811913318401","Sat Jan 05 23:49:34 +0000 2019","0","@Kadir_Karding @jokowi #01JokowiLagi #01IndonesiaMaju","1081699258074488833","","Kadir_Karding","qme","","0","0","0","https://x.com/undefined/status/1081699258074488833","803051855760605184",
"1081145801294864384","Sat Jan 05 23:49:33 +0000 2019","0","@sandiuno @prabowo Katanya masyarakat hidupnya susah anda kok tega minta dan menerima sumbangan dari mereka","1081699251091005440","","sandiuno","in","","0","0","0","https://x.com/undefined/status/1081699251091005440","717390279079112704",
"1081175997041364992","Sat Jan 05 23:49:28 +0000 2019","0","@zaenalkase @Neng_Geulis_ @jokowi @Namaku_Mei @4Y4NKZ @wr200465 @VeyWiniy @Roro_Kinarsih27 @LingWinata81 @AriestaricoRico @dyah_jombang @JokSusi2019 @Regazzyx @lembusurabae @BantenggMuda @rocky_garing @RizmaWidiono Sejarah Partai Demokrasi Indonesia Perjuangan adalah bagian dari sejarah panjang demokrasi Indonesia yang diperjuangkan dengan darah dan air mata. @diahbelia @Senyap17 @miauwww__ @milenialis @MasCEPUK @PDI_Perjuangan @PDIP_sumenep By @Neng_Geulis_ https://t.co/fDpa6VY0Q9","1081699232124305408","https://pbs.twimg.com/media/DwL3t8XUYAAVvhN.jpg","zaenalkase","in","","0","0","0","https://x.com/undefined/status/1081699232124305408","1079646461371924486",
"1081699198670499841","Sat Jan 05 23:49:20 +0000 2019","2","nih kalo hati nya nggamau dekat sama Allah termasuk kalo nggamau ngaji !! @prabowo #PrabowoTakutTesNgaji @ajengputri28 https://t.co/0ipvbI3ecq","1081699198670499841","https://pbs.twimg.com/media/DwL3d6_VsAAceLb.jpg","","in","","0","0","1","https://x.com/undefined/status/1081699198670499841","1071124608927952896",
"1081455021114310656","Sat Jan 05 23:49:19 +0000 2019","0","@adhiewow @jokowi Kopi yg g dikasih air kali yg g dia suka","1081699192102211585","","adhiewow","in","","0","0","0","https://x.com/undefined/status/1081699192102211585","944156451756425216",
"1081464648774279168","Sat Jan 05 23:49:13 +0000 2019","0","@abahdinka @DonAdam08 @Dahnilanzar @prabowo @KPU_ID Korupsi receh dibanding trilyunan era SBY","1081699167217451009","","abahdinka","in","","0","1","0","https://x.com/undefined/status/1081699167217451009","2468828202",
"1081395130924298241","Sat Jan 05 23:49:09 +0000 2019","0","@AMR_rizan @rocky_garing @jokowi Dr pd kebalik kyk kampret....","1081699153560821760","","QINGzayyan","in","","0","1","0","https://x.com/undefined/status/1081699153560821760","1027513167805440000",
"1081699138717155328","Sat Jan 05 23:49:06 +0000 2019","0","@jokowi Akses yg selalu putus karena banjir air kiriman yg terletak di daerah kampung dahu desa bantar panjang kec cikeusal kab serang-banten","1081699138717155328","","jokowi","in","","0","0","0","https://x.com/undefined/status/1081699138717155328","1054224748102615040",
"1081558539192037376","Sat Jan 05 23:49:01 +0000 2019","3","@eae18 @syulillah @KPU_ID Apa kita hrs mnyewa panitia pemilu dri negara lain akibat ktidakpercayaan pd lmbaga pmilu dlm negeri ??? Apa kata duniaa ","1081699116395069441","","effendi____","in","","0","0","0","https://x.com/undefined/status/1081699116395069441","1012177016089600000",
"1081401098647175168","Sat Jan 05 23:48:59 +0000 2019","0","@seline43340570 @wahhabicc_jabar @PamanDobl4ng @Takviri @jokowi stop saja sudah soal ketidakfasihan....Munkar Nakir gak bakal ngetes kefasihan suratul fatihah atau subhanahu wa taala tapi jawabannya benar atau tidak.....","1081699111022211072","","seline43340570","in","","0","0","0","https://x.com/undefined/status/1081699111022211072","64608466",
"1081699045163200512","Sat Jan 05 23:48:44 +0000 2019","1","Mari sukseskan @nurhadi_aldo menuju Indonesia Satu. Kawal pemilu 2019 dengan elegan. #NurhadiAldo #MahaAsyik #YaQueen #McQueen #MisQueen https://t.co/Jap6ZMVIwp","1081699045163200512","https://pbs.twimg.com/media/DwL3idhVYAA5l-J.jpg","","in","","0","1","0","https://x.com/undefined/status/1081699045163200512","837395036",
"1081523124162617344","Sat Jan 05 23:48:24 +0000 2019","1","@TehTJEMPLUNG @MutyaMutia @sandiuno @prabowo #PrabowoSandiAja #PrabowoSandiAja #JKWTakutPaparkanMisiVisi","1081698964561260544","","HACKNET__","qme","","0","0","0","https://x.com/undefined/status/1081698964561260544","1038060147744989185",
"1081698888027947008","Sat Jan 05 23:48:06 +0000 2019","0","Pengguna Tol Trans Jawa Berterima Kasih pada Jokowi https://t.co/v4xWNXQj6K","1081698888027947008","","","in","","0","0","0","https://x.com/undefined/status/1081698888027947008","846715204637376513",
"1081698881606283264","Sat Jan 05 23:48:05 +0000 2019","0","pak @SBYudhoyono ga tertarik buat memikirkan kembali eksistensi @AndiArief__ di Demokrat? Rakyat udah liat kebohongannya beliau loh pak. Ini berbahaya bagi suara Demokrat loh pak di Pemilu nanti hehe https://t.co/yutUdZ4wNT","1081698881606283264","https://pbs.twimg.com/media/DwL3YACV4AEQ_eK.jpg","","in","","0","0","1","https://x.com/undefined/status/1081698881606283264","105775940",
"1081395130924298241","Sat Jan 05 23:48:01 +0000 2019","0","@jokowi Maaf pak Jokowi. Saya pilih Prabowo sandi..","1081698865248579584","","jokowi","in","","0","0","0","https://x.com/undefined/status/1081698865248579584","1080129260977741826",
"1081464648774279168","Sat Jan 05 23:48:00 +0000 2019","0","@abahdinka @DonAdam08 @Dahnilanzar @prabowo @KPU_ID Buwwwahaha hahaha kampret ngeyel Jokowi udah sita kembali 32 74T dari 35T yang dirampok di era SBY coy.. https://t.co/zeXyW7qqFV","1081698861662404608","https://pbs.twimg.com/media/DwL3X1sUUAAumb0.jpg","abahdinka","in","","0","1","0","https://x.com/undefined/status/1081698861662404608","2468828202",
"1081429319501508608","Sat Jan 05 23:47:59 +0000 2019","0","@Dahnilanzar @prabowo @sandiuno @KPU_ID Tapi jgn kasih BOCORan biar smakin menyakinkan keintelekan calon baik dari visi misi maupun wawasan keakademikan dan kemampuan merespon masalah.","1081698857933651970","","Dahnilanzar","in","","0","0","0","https://x.com/undefined/status/1081698857933651970","949068702758060033",
"1081495867666837504","Sat Jan 05 23:47:55 +0000 2019","1","@swulll @Jokodolok_ @prabowo @sandiuno @niesaza @fadlizon @utuntauk @kangsemproel @Ndon08Back Kepung terusss.. jangan kasih kendor.. #JokowiTakutPaparkanMisiVisi #PrabowoSandiAja","1081698841005514752","","swulll","in","","0","0","2","https://x.com/undefined/status/1081698841005514752","86018553",
"1081695095731056640","Sat Jan 05 23:47:50 +0000 2019","0","@republikaonline Yg sebelah makin berfikir keras gmn cara menjatuhkan jokowi. Akhirnya sgala Cara Di lakukan hoax hoax Dan hoak...","1081698820608581632","","republikaonline","in","","0","1","0","https://x.com/undefined/status/1081698820608581632","329437151",
"1081455021114310656","Sat Jan 05 23:47:49 +0000 2019","7","@Orlandomanintim @jokowi Yang saya pahami vlog dibuat oleh Pak Jokowi dalam rangka 'membumikan' visi misinya. Pd vlog ini anak muda dr kota kecil Tulungagung ikut ambil bagian membangun negeri melalui usaha kecil yg sangat didukung pemerintah. Anak muda = generasi penerus = mandiri. Bagaimana dg kita?","1081698816653352960","","Orlandomanintim","in","","0","1","0","https://x.com/undefined/status/1081698816653352960","993383011843371008",
"1081698776971005952","Sat Jan 05 23:47:40 +0000 2019","0","Saya suka video @YouTube https://t.co/GCd5WUTkID BLAK-BLAKAN CAPRES GUYONAN NURHADI &amp; ALDO (D1LD0) | Endingnya tak terduga","1081698776971005952","","","in","","0","0","0","https://x.com/undefined/status/1081698776971005952","820737786",
"1081395130924298241","Sat Jan 05 23:47:39 +0000 2019","0","@jokowi Lanjutkan gk usah dengerin mereka yg gk biss kerja rakyat bersama bpk","1081698773108027392","","jokowi","in","","0","0","0","https://x.com/undefined/status/1081698773108027392","1050561287329964033",
"1081698762408419328","Sat Jan 05 23:47:36 +0000 2019","0","DD 2019 Sebesar 70 Triliun Presiden Jokowi Ingin Meningkat Terus Setiap Tahun https://t.co/z1yUqIkrKu","1081698762408419328","","","in","","0","0","0","https://x.com/undefined/status/1081698762408419328","1020627642595172352",
"1081677861503655936","Sat Jan 05 23:47:29 +0000 2019","0","@regirivaldi SBY dua periode ya itu...gawat juga Jokowi baru 1 periode uda sgtu ya...kalo orba ga usa dtanya ....statistiknya full manipulasi kan ","1081698733111238656","","regirivaldi","in","","0","1","0","https://x.com/undefined/status/1081698733111238656","60463895",
"1081698723795656704","Sat Jan 05 23:47:27 +0000 2019","1","Alhmdlh th ini keluarga di desa. Dpt sertifikat gratis. Dr pemerintahan @jokowi . #01JokowiLagi","1081698723795656704","","","in","","0","0","0","https://x.com/undefined/status/1081698723795656704","959991582286999552",
"1081698716065574912","Sat Jan 05 23:47:25 +0000 2019","0","Presiden Jokowi: Jangan Main-main dengan DD https://t.co/EexeW9nocg","1081698716065574912","","","in","","0","0","0","https://x.com/undefined/status/1081698716065574912","1020627642595172352",
"1081614174000541696","Sat Jan 05 23:47:24 +0000 2019","0","@NamakuTata73 @damzaiin @Fahrihamzah Msa allah ngurisi ambisi @prabowo utk jdi pemimpin dri negra yg klian yakini akan bubar .. !! Msa allah ngurusi ambisi dri mnusia smbong yg mrasa bhwa ngra ini akan punah klau @prabowo tdk jdi prseden Naudzubillah summa naudzubillah .. Salam akal waras","1081698710919102464","","NamakuTata73","in","","0","0","0","https://x.com/undefined/status/1081698710919102464","1047737207807598592",
"1081698692422234112","Sat Jan 05 23:47:19 +0000 2019","0","@jokowi Selamat pagi Bpk negara RI saya hanya mewakili masyarakat kecil yg tinggal di perkampungan yg jauh dari kota minta tolong pembenahan akses jalur di kampung kami tidak di perhatikan oleh pimpinan gubernur banten kalau musim hujan tiba akses pun putus terlimbas banjir","1081698692422234112","","jokowi","in","","0","1","0","https://x.com/undefined/status/1081698692422234112","1054224748102615040",
"1081698681328291841","Sat Jan 05 23:47:17 +0000 2019","0","Kita tdk bisa berharap penyelesaian Kasus HAM kepada @jokowi karena kuat dugaan para otak dibalik banyaknya pelanggaran HAM di Tanah Air Dilindungi Oleh beliau Suciwati Munir: Janji Penyelesaian HAM Jokowi-Ma'ruf Bohong Besar - https://t.co/tkMCHsNZa3 https://t.co/GrozLv78xV","1081698681328291841","","","in","","0","0","0","https://x.com/undefined/status/1081698681328291841","967764639353204736",
"1081688510283698176","Sat Jan 05 23:47:15 +0000 2019","0","@Garbi_Idn Maksudnya gak harus prabowo kan?","1081698673291976704","","Garbi_Idn","in","","0","1","0","https://x.com/undefined/status/1081698673291976704","286603133",
"1081668630063038467","Sat Jan 05 23:47:11 +0000 2019","0","@CintaNKRI12 @LisaAmartaTara @YolaVerona @Gemacan70 @roninpribumi @UtuhWibowo @utuntauk @Silvy_riau @mpuanon @ghaznavid_ @Ny_AzizAlSaggaf @ms_muammar @MataElangNKRI @zudhi_setiadi @Dio_Nzee @jokowi E-control ","1081698658003742721","","CintaNKRI12","pt","","0","0","0","https://x.com/undefined/status/1081698658003742721","1033749117812453376",
"1081698657869516800","Sat Jan 05 23:47:11 +0000 2019","0","Musuh Jokowi akan TETAP serang Jokowi siapapun cawapresnya dan akan TETAP dukung siapapun lawan Jokowi. Kalo gak mau diserang mereka jangan calonkan Jokowi. Jika masih ingin jadikan Jokowi Presiden dukung dan pilih dia..!! As simple as that. #Jokowi2Periode #2019TetapJokowi","1081698657869516800","","","in","","0","0","0","https://x.com/undefined/status/1081698657869516800","1027415321290756096",
"1081462798037598208","Sat Jan 05 23:47:11 +0000 2019","0","@psi_id Penghargaan yang membuat Elektabilitas Prabowo menjadi Presiden Baru semakin meroket dihati Rakyat Indonesia.","1081698656447688704","","psi_id","in","","0","0","0","https://x.com/undefined/status/1081698656447688704","745049401219907584",
"1081698654069567489","Sat Jan 05 23:47:10 +0000 2019","0","Musuh Jokowi akan TETAP serang Jokowi siapapun cawapresnya dan akan TETAP dukung siapapun lawan Jokowi. Kalo gak mau diserang mereka jangan calonkan Jokowi. Jika masih ingin jadikan Jokowi Presiden dukung dan pilih dia..!! As simple as that. #Jokowi2Periode #2019TetapJokowi","1081698654069567489","","","in","","0","0","0","https://x.com/undefined/status/1081698654069567489","1027073112313982977",
"1081385612760891392","Sat Jan 05 23:47:07 +0000 2019","0","@MegaSimarmata @prabowo Yg baret merah dibelakang Prabowo siapa itu mba?!","1081698639456530432","","MegaSimarmata","in","","0","0","0","https://x.com/undefined/status/1081698639456530432","1066619912142041093",
"1042104302729228288","Sat Jan 05 23:47:07 +0000 2019","0","@Awang_philiang @prabowo @MbahUyok Sungguh saya trenyuh terpana &amp; bertanya2..mungkinkah?? https://t.co/1xstGb7KsH","1081698638806437888","https://pbs.twimg.com/media/DwL3LZXVAAEj2Gb.jpg","Awang_philiang","in","","0","0","0","https://x.com/undefined/status/1081698638806437888","1012673913971621891",
"1081698598406873088","Sat Jan 05 23:46:57 +0000 2019","0","Belum Pemilu aja JKW-MA kalah telak. Apakah insfratruktur sertifikat gratis dan lain2nya dalam bentuk kerja nyata gak cukup kuat melawan Paslon 02? Terlaluuu... #JKWTakutPaparkanMisiVisi #2019PrabowoSandi","1081698598406873088","","","in","","0","0","0","https://x.com/undefined/status/1081698598406873088","4553912112",
"1081698587417825281","Sat Jan 05 23:46:54 +0000 2019","0","Sekarang tambah terbalik...Yang dapat predikat Raja Bohong Prabowo....Raja Plonga Plongo Prabowo...Predikat KeIslamanya di ragukan Prabowo..","1081698587417825281","","","in","","0","0","0","https://x.com/undefined/status/1081698587417825281","1054179039655546880",
"1081313810634366976","Sat Jan 05 23:46:47 +0000 2019","0","@jvdas_iskariot @jokowi Sejarah kelam...lebih kelam daripada pemberontakan PKI 1965","1081698556153552896","","Yang_MuliaPAP","in","","0","0","0","https://x.com/undefined/status/1081698556153552896","920573294708789248",
"1081698548897312768","Sat Jan 05 23:46:45 +0000 2019","0","Pembagian sertifikat tanah merupakan bagian dari Program Reforma Agraria yang diusung oleh pemerintahan Joko Widodo (Jokowi). Selain pembagian sertifikat pemerintah juga memfasilitasi pengukuran tanah warga... #01IndonesiaMaju #JokowiHarapanPasti #JokowiOrangBaik #JelasIslamnya","1081698548897312768","","","in","","2","0","0","https://x.com/undefined/status/1081698548897312768","1071106362258538496",
"1081698534699794432","Sat Jan 05 23:46:42 +0000 2019","1727","Pidato ga bisa memimpin berantakan debat ga berani. Terus @jokowi ini bisanya apa?","1081698534699794432","","","in","","122","506","577","https://x.com/undefined/status/1081698534699794432","230313497",
"1081698531017019392","Sat Jan 05 23:46:41 +0000 2019","0","Romo Kyai Amin Ma'ruf saya sebagai hanya mengingatkan saja WAPRES zaman Jokowi pasti hilang dari Media karena media dibuat sarana pencitraan . https://t.co/PSUL1Cw1l5","1081698531017019392","https://pbs.twimg.com/media/DwL3EzsUwAU534l.jpg","","in","","0","0","0","https://x.com/undefined/status/1081698531017019392","995718648462430210",
"1081546259981193216","Sat Jan 05 23:46:25 +0000 2019","0","@Dennysiregar7 @jokowi Memaklumi rombongan cebong tweetnya ga jauh2 dr hal2 ini... Nyampah .goreng fitnah dll. Makanya ga punya visi misi yg hrs di sampaikan wkwkekek dungu semua","1081698463576780800","","","in","","0","0","0","https://x.com/undefined/status/1081698463576780800","2376539461",
"1081569330960130048","Sat Jan 05 23:46:24 +0000 2019","1","@PEPESOfficial @fadlizon @prabowo @sandiuno @nurasiauno @rsoekarnoputri @fahiraidris @Fahrihamzah @Dahnilanzar @swulll @Ajeng__Cute16 @b_fjakarta @Ferdinand_Haean @partaiemakemak @AsFairus @RanupsProSandi @RelawanProSandi @ekagumilars @niesaza terserah loe zon udah nggak penting apa yg loe omongin!","1081698461907484672","","PEPESOfficial","in","","0","0","0","https://x.com/undefined/status/1081698461907484672","107289175",
"1081002651729313799","Sat Jan 05 23:46:21 +0000 2019","0","@fathon8 @AcehSelatanSatu Untuk di ketahui bpjs terbentuk thn 2011 jdi bpjs adalah program asuransi yg menggunakan iuran dr pesertanya sedangkan program kesehatan jokowi KIS tanpa pembayaran iuran bulanan tpi pemerintah pun selalu membantu pbjs dlm menutup defisit keuangan nya","1081698446451433472","","fathon8","in","","0","2","0","https://x.com/undefined/status/1081698446451433472","768829041554010112",
"1081081605806948352","Sat Jan 05 23:46:10 +0000 2019","0","@MusliModerat @dreybotak Teriak takbir saat bela jokowi gpp kan?","1081698399278137344","","KhamimMustofaZb","in","","0","1","0","https://x.com/undefined/status/1081698399278137344","286603133",
"1081479226400825346","Sat Jan 05 23:45:55 +0000 2019","0","@Ferdinand_Haean @zarazettirazr @KPU_ID Rezim PARAH. Pemilu yg anggarannya Trilyunan cma utk 'LUCU2AN' padahal 'LEGITIMATE' itu lahir dari pemilu yg Jurdil. #2019PrabowoSandi","1081698339077316608","","Ferdinand_Haean","in","","0","0","0","https://x.com/undefined/status/1081698339077316608","2304061015",
"1081698312913207296","Sat Jan 05 23:45:49 +0000 2019","0"," Pastinya Pak Prabowo akan sangat sungkan kepada ulama-ulama yang keilmuannya lebih jauh tinggi kata dia. https://t.co/UuUtxUq9Dl Heleh heleh heleh sa aeee mas wowo ngelesnya @ttkwin021 @aura_auran @alelaki37 #PrabowoTakutTesNgaji","1081698312913207296","","","in","","0","0","0","https://x.com/undefined/status/1081698312913207296","1070884336507867137",
"1081698240959934464","Sat Jan 05 23:45:32 +0000 2019","0","Pasti dong..saya mah pilih 02 Prabowo-Sandi. Anda kan.. #JKWTakutPaparkanMisiVisi","1081698240959934464","","","in","","0","0","0","https://x.com/undefined/status/1081698240959934464","1043478822652243968",
"1081464648774279168","Sat Jan 05 23:45:31 +0000 2019","0","@Dahnilanzar @prabowo @KPU_ID Sekalian saja timsesnya yg jadi capres... Negara apaan sih ini.. .. Yg begitu kok malah di biarin aja....","1081698237289906177","","Dahnilanzar","in","","0","0","0","https://x.com/undefined/status/1081698237289906177","1067160472967770112",
"1081614990518284291","Sat Jan 05 23:45:25 +0000 2019","0","@Biawak_Buas @P3nj3l4j4h @fadlizon @prabowo @jokowi Hanya curang yg bisa kalahkan prabowo sandi di 2019","1081698211511685120","","","in","","0","1","0","https://x.com/undefined/status/1081698211511685120","4013677392",
"1081698209083183104","Sat Jan 05 23:45:24 +0000 2019","0","Sejak kpn dlm ujian pertanyaan dibrikn dahulu sblm wktu ujian berlangsung @KPU_ID Kami ingin pemilu yg jujur transparan klo sprti ini dmna bagian transparan'y Jgn salahkn kami bila tak prcya dgn pemerintahan skrg #2019GantiPresiden #PrabowoSandiAja #JKWTakutPaparkanMisiVisi","1081698209083183104","","","in","","0","0","0","https://x.com/undefined/status/1081698209083183104","1053993564043075584",
"1081698191987200000","Sat Jan 05 23:45:20 +0000 2019","0","WIBAWAMU SUDAH HILANG DI MATA RAKYAT PAK ...PECAH!!! ~ DAPAT JULUKAN PEMBAWA TRAKTOR TERSINGKAT PRESIDEN JOKOWI DISA... https://t.co/5RaYJbQcrb lewat @YouTube","1081698191987200000","","","in","","0","0","0","https://x.com/undefined/status/1081698191987200000","4897580641",
"1081698133677985793","Sat Jan 05 23:45:06 +0000 2019","0","Ini KPU gagal ini ko soal di bocorin ga usah aja debat kita butuh konsestasi yg baik soal adu gagasan. #JokowiTakutPaparkanMisiVisi #Jokowi #KPUGagal #RakyatTakPercayaKPU #KPUCurang https://t.co/vRm7lyzjg1","1081698133677985793","","","in","","0","0","0","https://x.com/undefined/status/1081698133677985793","2976998288",
"1081464648774279168","Sat Jan 05 23:44:59 +0000 2019","0","@muttle9 @DonAdam08 @Dahnilanzar @prabowo @KPU_ID Bukti koruptor masih merajalela..","1081698103160332288","","muttle9","in","","0","1","0","https://x.com/undefined/status/1081698103160332288","61917161",
"1081698080209027072","Sat Jan 05 23:44:53 +0000 2019","0","Ada looh Ketua umum PARTAI RAKYAT DEMOKRATIK PRD Berhaluan KOMUNIS akut Berbaju @DPR_RI mengaku MILENIAL Menjual ide KOMUNIS 4.0 Siapakah dia... Hayoo ngaku deh Hayoo siapa yaaa Jujur deh Jangan CEMEN Cc @budimandjatmiko @TsamaraDKI @psi_id @AntoniRaja @jokowi","1081698080209027072","","","in","","0","0","0","https://x.com/undefined/status/1081698080209027072","38436306",
"1081154742582046720","Sat Jan 05 23:44:49 +0000 2019","0","@PollingLagi @psi_id @AndiArief__ @prabowo @sandiuno @grace_nat @AntoniRaja Jangan pilih partai abal2 ini memuakkan cari sensasi doang","1081698060688912385","","PollingLagi","in","","0","0","0","https://x.com/undefined/status/1081698060688912385","970091049631625217",
"1081187162131816449","Sat Jan 05 23:44:46 +0000 2019","0","@JKFC23456789 @Gerindra ah buser bisanya cuma modus ngrusaki nama baik Prabowo saja rakyat dah cerdas mana yg kredible mana yg letoy","1081698049267617792","","JKFC23456789","in","","0","0","0","https://x.com/undefined/status/1081698049267617792","545625476",
"1081698028388380672","Sat Jan 05 23:44:41 +0000 2019","1","Menurut dia selama ini Prabowo lebih senang datang berkumpul menemui ulama dan kiai untuk mendengarkan tausyiah dan lantunan Alquran. https://t.co/UuUtxUq9Dl @Rakyat_Kerikil @NoPlace4Kacung @WedyaSutan #PrabowoTakutTesNgaji","1081698028388380672","","","in","","0","0","1","https://x.com/undefined/status/1081698028388380672","1070884336507867137",
"1081524896134422530","Sat Jan 05 23:44:41 +0000 2019","0","@ASapardan Ini memang capres yg gak bisa merakyat dan kaku","1081698026748489728","","ASapardan","in","","0","0","0","https://x.com/undefined/status/1081698026748489728","799115051302981632",
"1081409400135274498","Sat Jan 05 23:44:34 +0000 2019","2","@hendriabidin2 @Bustanil_yusuf @putrabanten80 @CakKhum Kan sekarang yg berkuasa jokowi buat sj TGPF sekarang. Ribet amat ","1081698000542388224","","hendriabidin2","in","","0","0","0","https://x.com/undefined/status/1081698000542388224","144315786",
"1081697939993649152","Sat Jan 05 23:44:20 +0000 2019","0","Dengan didukung Golkar Jokowi akan memenangkan suara di atas 65 persen dalam Pemilu 2019 mendatang. #GolkarSolid https://t.co/ZLhsidZFwh","1081697939993649152","","","in","","0","0","0","https://x.com/undefined/status/1081697939993649152","919457583810854912",
"1081697937518809088","Sat Jan 05 23:44:19 +0000 2019","0","@jokowi https://t.co/KkLRrCZ8cL","1081697937518809088","https://pbs.twimg.com/media/DwL2gZzUYAAYSrt.jpg","jokowi","qme","","0","0","0","https://x.com/undefined/status/1081697937518809088","1054224748102615040",
"1081561985345413120","Sat Jan 05 23:44:19 +0000 2019","0","@cekkembali @Fahrihamzah @prabowo iya 20 trilyun cuma untuk ngerekap soal","1081697934683459584","","cekkembali","in","","0","0","0","https://x.com/undefined/status/1081697934683459584","4331227513",
"1081697894556622848","Sat Jan 05 23:44:09 +0000 2019","0","Gelar HUT Ke-46 PDIP Undang Jokowi-Ma'ruf https://t.co/2hLKsue4Y9","1081697894556622848","https://pbs.twimg.com/media/DwL2gJ2X0AAoK-Q.jpg","","in","","0","0","0","https://x.com/undefined/status/1081697894556622848","3288053485",
"1081411446552981504","Sat Jan 05 23:44:07 +0000 2019","0","@AkunTofa @prabowo @sandiuno #klaten blunder kamu","1081697883580026880","","AkunTofa","de","","0","0","0","https://x.com/undefined/status/1081697883580026880","918350870818971648",
"1080826169950269440","Sat Jan 05 23:43:57 +0000 2019","0","@AriKhismianto @hardi_anton @egipanie @herry_chyd @AGoeci @budimandjatmiko Kita sii pasukan optimis bro. Ora koyo pasukane negeri anta berantah......yang selalu pesimis. Tapi buat ane siapapun yang jadi calon penantangnya pak jokowi insya Allah pemenanggnya","1081697844837310464","","sutisnalili","in","","0","1","0","https://x.com/undefined/status/1081697844837310464","811441691597021184",
"1081697838541660160","Sat Jan 05 23:43:56 +0000 2019","0"," Tanggal 15 Januari kami enggak mungkin datang karena Pak Prabowo sedang istirahat menyiapkan tim (debat) https://t.co/UuUtxUq9Dl @andys70____ @demangsastro1 @FathunQoriib #PrabowoTakutTesNgaji","1081697838541660160","","","in","","0","0","0","https://x.com/undefined/status/1081697838541660160","1070884336507867137",
"1081408810189606912","Sat Jan 05 23:43:55 +0000 2019","0","@sandiuno @prabowo cari2 pencitraan","1081697833596514305","","sandiuno","in","","0","0","0","https://x.com/undefined/status/1081697833596514305","1890970663",
"1081427414951968768","Sat Jan 05 23:43:54 +0000 2019","0","@sandiuno @prabowo Sedikit masukan buat mas @sandiuno Dan pak @prabowo dan timses 02 di bali ada gejolak tentang reklamasi teluk benoa pelajari dan mungkin bila berhasil suara anda bisa imbang di bali sekali lagi pelajari reklamasi bali selatan","1081697832506019840","","sandiuno","in","","0","0","0","https://x.com/undefined/status/1081697832506019840","1072386718051921921",
"1081395130924298241","Sat Jan 05 23:43:50 +0000 2019","0","@jokowi Abis itu berasnya import trus waduknya buat pelihara..............","1081697814332157953","","jokowi","in","","0","0","0","https://x.com/undefined/status/1081697814332157953","153898539",
"1081697808716128257","Sat Jan 05 23:43:49 +0000 2019","0","BPNPS Bogor Raya: Masyarakat Siap Menangkan Prabowo-Sandi Dalam Pilpres 2019 https://t.co/AO3EqBpdTw https://t.co/owqmhBZlAb","1081697808716128257","https://pbs.twimg.com/media/DwL2bJiUwAI6g8k.jpg","","in","","0","0","0","https://x.com/undefined/status/1081697808716128257","3196091612",
"1081014562659258368","Sat Jan 05 23:43:44 +0000 2019","0","@swulll @prabowo @sandiuno Gmn bis stop import pangan klo Bendungan2 tdk dibangun. Skrng Bendungan2 sdh dibangun spy kedpn kita bs swasembada pangan tp bkn swasembada pangan sprt jaman soeharto swasembada pangan tp byk rakyat yg mkn nasi tiwul.","1081697788440633344","","swulll","in","","0","0","0","https://x.com/undefined/status/1081697788440633344","1293802356",
"1081523124162617344","Sat Jan 05 23:43:16 +0000 2019","0","@TehTJEMPLUNG @AkunTofa @sandiuno @prabowo Hanya curang yg kalahkan prabowo sandi di 2019","1081697669402157057","","HACKNET__","in","","0","0","0","https://x.com/undefined/status/1081697669402157057","4013677392",
"1081697666046648320","Sat Jan 05 23:43:15 +0000 2019","0","Bismillah selamat pagi rekan semua. Mengawali 2019 dengan pertimbangan dengan tingkat kematangan well done saya akhirnya memutuskan untuk menjadi representatif dari paslon Nurhadi - Aldo pada pemilu 2019... https://t.co/q7aqTIXOCt","1081697666046648320","","","in","","0","1","0","https://x.com/undefined/status/1081697666046648320","47959083",
"1081697657876180993","Sat Jan 05 23:43:13 +0000 2019","0","Datuk @karniilyas mohon kebijakan @KPU_ID yang membatalkan paparan visi-misi capres dan bocoran soal debat diangkat di @ILCtv1 biar KPU ga budek dan mati rasa","1081697657876180993","","","in","","0","0","0","https://x.com/undefined/status/1081697657876180993","208580110",
"1081613197994385408","Sat Jan 05 23:43:11 +0000 2019","0","@dody_13 @AzaleaZahin @AkunTofa ya dungu aja kok pemilu di sosmed tp baca judul dong ceb elektabilitas ngarti ra son bukan hitung cepat bukan perolehan sementara tps eh tau kan arti elektabilitas?? tp apapun itu jg hati.. sabar.. ini ujian","1081697650414481408","","dody_13","in","","0","1","0","https://x.com/undefined/status/1081697650414481408","2321990887",
"1081367091842674689","Sat Jan 05 23:43:05 +0000 2019","0","@temponasional @AntoniRaja PENGHARGAAN DARI PARTAI SINGSINGSO INI dipersiapkan untuk diserahkan saat kemenangan PRABOWO SANDI menjadi PRESIDEN 17 April 2019. https://t.co/2Kws8ohX8B","1081697627157061633","https://pbs.twimg.com/media/DwL2P4FUcAAxYOa.jpg","temponasional","in","","0","0","0","https://x.com/undefined/status/1081697627157061633","745049401219907584",
"1081392788703346688","Sat Jan 05 23:42:52 +0000 2019","6","@TheArieAir Karna menurut saya Jokowi lebih baik.","1081697570093641728","","TheArieAir","in","","0","1","2","https://x.com/undefined/status/1081697570093641728","1047413605958705152",
"922488315248439296","Sat Jan 05 23:42:50 +0000 2019","0","@lidya_wrw @Anak_Perantau_ @JantoLatief2 @vintenas @LebahBorneo @garrycahill8 @SuryoUdoro @JhrPujianto @Swarnadiva9 @RamsesSiregar7 @JokSusi2019 @NurmaTgr @THD_011018 @LambangDC5 @Firman2941 @WetanKi @harimaumacannnn @CetakBalikpapan @seknasRI_02 @juventini_3rwin @Nanaa_rosaa @paquitacumadebu @Surono3111 @CakFiq99 @jaronosaurus @KPakdhe @KoRnHurry @Handoyo1998 @achza81 @Yulians16644168 @Fsilolongan @LingWinata81 @Cobra0312 @murny7 @lembusurabae @WawanPapAiko @nissaLoveAllah @DjokerGemblung @Namaku_Mei @jokowi @AndiArief__ @BareskrimPolri @Gerindra @prabowo Udah lapor jujungan mu partaisosmed haaaa biar di absen uda lakukan kebohongan hari ini mca hti","1081697562128596993","","","in","","0","0","0","https://x.com/undefined/status/1081697562128596993","915790934599536640",
"1081697549608718336","Sat Jan 05 23:42:47 +0000 2019","0","2 Hari di Tulungagung Kedatangan Presiden Jokowi Disambut Meriah oleh Warga Masyarakat Disana https://t.co/MZDqcUcCm6","1081697549608718336","","","in","","0","0","0","https://x.com/undefined/status/1081697549608718336","847984208282660864",
"1081697543384264704","Sat Jan 05 23:42:45 +0000 2019","0","Kayanya pemilu kali ini bener² Ancur Dimana KPU sudah tidak pada posisinya Lalu jika seperti ini apa masih harus di adain pemilu???","1081697543384264704","","","in","","0","1","0","https://x.com/undefined/status/1081697543384264704","2708015208",
"1081697510576381954","Sat Jan 05 23:42:38 +0000 2019","0","Kemenangan @jokowi tahun 2014 bukan karena beliau Kompeten. Tapi karena Bertemunya kepentingan yang sama.Para penjilat dan lonte kekuasaan pesohor yg cari ketenaran pemilih yg blm tamat sma didukung oleh pemilih Non Muslim yang termakan Isu Khilafah","1081697510576381954","","","in","","0","0","0","https://x.com/undefined/status/1081697510576381954","1047095610099228672",
"1081499832378843136","Sat Jan 05 23:42:33 +0000 2019","1","@zarazettirazr @jokowi Bunda @zarazettirazr yg cantik Melalui partai Demokrat sangat bisa membantu Krn pak wahidin Agar sekiranya turun tangan tabayun ke RS bersangkutan Please","1081697490535997440","","","in","","1","1","0","https://x.com/undefined/status/1081697490535997440","905055879262699520",
"1081697442322698240","Sat Jan 05 23:42:21 +0000 2019","0","DIBERI GELAR BANGSAWAN DATUK SERI SETIA AMANAH NEGARA JOKOWI INGAT SUMPAH PRESIDEN Presiden Joko Widodo mendapatkan gelar bangsawan dari Lembaga Adat Melayu Riau (LAMR). Dia pun teringat sumpah Presiden RI. https://t.co/Syc8xHsO2M https://t.co/Syc8xHsO2M","1081697442322698240","","","in","","0","0","0","https://x.com/undefined/status/1081697442322698240","821056984245932032",
"1081455122331254784","Sat Jan 05 23:42:21 +0000 2019","0","@PejuangFPI Yg wawancara ngeyel.... Dah di blng terserah... Kasi pertanyaan lain donk... Contoh : 2019 di ganti sma mas Prabowo ya pak...???? ️ #2019GantiPresiden","1081697439378075648","","PejuangFPI","in","","0","0","0","https://x.com/undefined/status/1081697439378075648","999871261747527680",
"1081565415426293765","Sat Jan 05 23:42:12 +0000 2019","0","@Ferdinand_Haean @jokowi Ajuin Yang Duda juga tapi jangan yang cerai ","1081697403281977345","","Ferdinand_Haean","in","","0","0","0","https://x.com/undefined/status/1081697403281977345","2248553810",
"1081183338126237698","Sat Jan 05 23:42:02 +0000 2019","0","@jokowi Awesome mr.president","1081697359254278145","","jokowi","en","","0","0","0","https://x.com/undefined/status/1081697359254278145","1081696118742732800",
"1081527462880731136","Sat Jan 05 23:42:01 +0000 2019","2","@TETAPJOKOWl @rockygerung Amit amit 1 x lagi ancuuur negeri ini. Namanya Joko woy bukan jokowi","1081697355164901376","","Panca5ila","in","","0","0","0","https://x.com/undefined/status/1081697355164901376","890368514",
"1081427414951968768","Sat Jan 05 23:41:58 +0000 2019","0","@sandiuno @prabowo Hati2 dengan kata2 amanah yang bagaimana karena tanggung jawabnya besar kepada umat manusia dan Tuhan","1081697344125427712","","sandiuno","in","","0","0","0","https://x.com/undefined/status/1081697344125427712","1890970663",
"1081667970248523776","Sat Jan 05 23:41:54 +0000 2019","0","@fadjroeL bang fadjr1oel di serang1 bootnya prabowo","1081697328405262336","","fadjroeL","in","","0","0","0","https://x.com/undefined/status/1081697328405262336","1310475499",
"1081455021114310656","Sat Jan 05 23:41:48 +0000 2019","0","@annas_23 @jokowi Lah bodo amat gaada yg tanyaa","1081697303566503936","","knsywn_","in","","0","0","0","https://x.com/undefined/status/1081697303566503936","537039757",
"1081675886984744960","Sat Jan 05 23:41:46 +0000 2019","0","@roninkhalid @Doni_ardo @prabowo In sya Allah ...","1081697293651259394","","roninkhalid","in","","0","0","0","https://x.com/undefined/status/1081697293651259394","2388384426",
"1081697274932080640","Sat Jan 05 23:41:41 +0000 2019","0","Kubu Prabowo tidak melayani undangan tes Alquran malah mengusulkan lebih baik agar semua capres-cawapres fokus menyosialisasikan program ekonomi. https://t.co/UuUtxUq9Dl @abubalqies64 @AbangZaee @urang_minang19 #PrabowoTakutTesNgaji","1081697274932080640","","","in","","0","0","0","https://x.com/undefined/status/1081697274932080640","1070884336507867137",
"1081697272016977920","Sat Jan 05 23:41:41 +0000 2019","0","Cc in ke prabowo min","1081697272016977920","","","in","","0","0","0","https://x.com/undefined/status/1081697272016977920","882770120",
"1081455021114310656","Sat Jan 05 23:41:38 +0000 2019","0","@jokowi #JKWTakutPaparkanMisiVisi #JKWTakutPaparkanMisiVisi #JKWTakutPaparkanMisiVisi #JKWTakutPaparkanMisiVisi #JKWTakutPaparkanMisiVisi #JKWTakutPaparkanMisiVisi #JKWTakutPaparkanMisiVisi #JKWTakutPaparkanMisiVisi #JKWTakutPaparkanMisiVisi #JKWTakutPaparkanMisiVisi https://t.co/4YMx90Smw8","1081697262244225025","https://pbs.twimg.com/media/DwL167NVAAIrbF-.jpg","jokowi","qme","","0","0","0","https://x.com/undefined/status/1081697262244225025","188161711",
"1081687314114342912","Sat Jan 05 23:41:33 +0000 2019","1","@bestary_g @SijalMutakallim Inikah sebab kekalahan mas @prabowo 2014 lalu??aahh jangan salahkan org lain..saya pribadi juga ga all out ko min ","1081697237338546176","","Sutan_RA","in","","0","0","0","https://x.com/undefined/status/1081697237338546176","220974702",
"1081455021114310656","Sat Jan 05 23:41:32 +0000 2019","0","@tra_grees @jokowi Kopine nang ndi mas???","1081697235618811904","","tra_grees","tl","","0","0","0","https://x.com/undefined/status/1081697235618811904","1075617074972549120",
"1081697225204412416","Sat Jan 05 23:41:30 +0000 2019","0","CAPRES HOAKS - Denny Siregar https://t.co/Ho9CV3mWvJ","1081697225204412416","","","es","","0","0","0","https://x.com/undefined/status/1081697225204412416","944469535918252032",
"1081155552145620992","Sat Jan 05 23:41:21 +0000 2019","0","@TopeRendusara @bas_pct Yg banyak bacot itu si @AndiArief__ sekubu dgn mu masa prabowo dibilang jendral kardus Apa ga takut dikencingi kuda pak prabowo","1081697190815223808","","TopeRendusara","in","","0","0","0","https://x.com/undefined/status/1081697190815223808","1031273503842959360",
"1081415115344207872","Sat Jan 05 23:41:14 +0000 2019","0","@CNNIndonesia Kenapa gak sekalian aja dari sekarang diumumkan bahwa pilpres dimenangkan oleh jokowi???","1081697158250655749","","CNNIndonesia","in","","0","0","0","https://x.com/undefined/status/1081697158250655749","893506038",
"1079462496954736643","Sat Jan 05 23:41:10 +0000 2019","0","@CintaNKRI12 @prabowo #PrabowoSandiAja","1081697142220107776","","CintaNKRI12","qme","","0","0","0","https://x.com/undefined/status/1081697142220107776","767136148154036226",
"1081200391356727296","Sat Jan 05 23:41:08 +0000 2019","0","@andre_rosiade @AkunTofa Perlukah seperti itu???? Bos aku pesen satu monumen klau prabowo jadi presiden.. Monumen SARA","1081697135458869248","","andre_rosiade","in","","0","0","0","https://x.com/undefined/status/1081697135458869248","1073058508474540033",
"1081697134850670592","Sat Jan 05 23:41:08 +0000 2019","0","Nda usah sda pemilu buang duit aja ayokpu sahkan saja pemenangny skrng kami sudah muak dengan tontonan yg klian tunjukkan#JKWTakutPaparkanMisiVisi","1081697134850670592","","","in","","0","0","0","https://x.com/undefined/status/1081697134850670592","1081695882163015680",
"1081676985770725376","Sat Jan 05 23:40:58 +0000 2019","5","@liputan6dotcom Loh bukannya dari dulu Jokowi tidak reatif yg tdk terima pendukungnya karena terlalu banyak isu2 yg dibuat oleh kelompoknya","1081697091615780865","","liputan6dotcom","in","","0","0","0","https://x.com/undefined/status/1081697091615780865","1677380894",
"1081069614451183616","Sat Jan 05 23:40:57 +0000 2019","0","@dsuperboy Jokowi","1081697088595881984","","dsuperboy","in","","0","0","0","https://x.com/undefined/status/1081697088595881984","451826869",
"1081557184721313793","Sat Jan 05 23:40:49 +0000 2019","1","@Ndon08Back Pemilu jadi kurang greget... #JokowiTakutPaparkanMisiVisi #PrabowoSandiAja","1081697053435035648","","Ndon08Back","in","","0","0","1","https://x.com/undefined/status/1081697053435035648","86018553",
"1081394971742105601","Sat Jan 05 23:40:47 +0000 2019","0","@republikaonline Tetap jokowi selawase","1081697045952360448","","republikaonline","in","","0","0","0","https://x.com/undefined/status/1081697045952360448","1069149226926391296",
"1080534647048732672","Sat Jan 05 23:40:46 +0000 2019","0","@CintaNKRI12 @prabowo Dokumen negara RI dari china...","1081697044232847361","","CintaNKRI12","eu","","0","0","0","https://x.com/undefined/status/1081697044232847361","988006828146544640",
"1081696166637522944","Sat Jan 05 23:40:46 +0000 2019","0","@roninkhalid InsyaaAlla bapak Prabowo jadi presiden RI 2079","1081697040495665152","","roninkhalid","in","","0","0","0","https://x.com/undefined/status/1081697040495665152","1049904801138569217",
"1081697034288021504","Sat Jan 05 23:40:44 +0000 2019","0"," Kami mengucapkan terima kasih dan mengapresiasi undangan itu. Tapi saya rasa isu agama tak usah diperpanjang lagi karena empat kandidat capres-cawapresnya Muslim semua kata Andre dalam keterangannya Minggu (30/12/2018). https://t.co/UuUtxUq9Dl #PrabowoTakutTesNgaji","1081697034288021504","","","in","","0","0","0","https://x.com/undefined/status/1081697034288021504","1070884336507867137",
"1081455021114310656","Sat Jan 05 23:40:43 +0000 2019","0","@jokowi Murah banget kopinya #JokowiAminLebihBaik","1081697028252393472","","jokowi","in","","0","0","0","https://x.com/undefined/status/1081697028252393472","1047475342347198464",
"1081455021114310656","Sat Jan 05 23:40:42 +0000 2019","0","@Ibnu_Syam8 @olik_wong @maz_boy1234 @jokowi Lo ke solo deh biar lo ngerti nasab pak jokowi jgn cuman karena kebencian menutup obyektifitas penilaianmu??","1081697026805354496","","mantilau","in","","0","1","0","https://x.com/undefined/status/1081697026805354496","827119661405777920",
"1081464648774279168","Sat Jan 05 23:40:37 +0000 2019","0","@muttle9 @DonAdam08 @Dahnilanzar @prabowo @KPU_ID Diusut sejak kapan? Trus kaburnya kapan? Siapa Presidennya??? https://t.co/2G9tR5quRS","1081697005309546496","https://pbs.twimg.com/media/DwL1mycVAAAkhha.jpg","muttle9","in","","0","1","0","https://x.com/undefined/status/1081697005309546496","61917161",
"1081394971742105601","Sat Jan 05 23:40:29 +0000 2019","0","@republikaonline Tetap jokowi","1081696969771237376","","republikaonline","in","","0","0","0","https://x.com/undefined/status/1081696969771237376","1069149226926391296",
"1081696953426010113","Sat Jan 05 23:40:25 +0000 2019","1","Janji Jokowi beli kembali indosat pertumbuhan 7% sampe sejarang ga terbukti. Makanya takut memaparkan visi misi dan @KPU_ID GA NETRAL udah gagal ngotot 2 periode. GA MALU @PartaiSocmed @takviri @Dennysiregar7 @CH_chotimah @anandyalina https://t.co/LD7Htn1sy5","1081696953426010113","https://pbs.twimg.com/ext_tw_video_thumb/1081696172287320064/pu/img/xvEPfyIdeIqzLQ4r.jpg","","in","","3","0","5","https://x.com/undefined/status/1081696953426010113","381608423",
"1081542458318774274","Sat Jan 05 23:40:24 +0000 2019","0","@Nink47018190 @mohmahfudmd @AndiArief__ @KPU_ID Waduh masa kalah sama AHOK yg non MUSLIM? Mo taruh dmana tuh MUKA? No koment takut dosa #PrabowoTolakNgaji #PrabowoGakBisaNgaji Teddy: Jangan Sampai Ahok Lebih Bisa Baca Ayat Alquran daripada Prabowo https://t.co/ceh4bmw61g","1081696948740997120","","Nink47018190","in","","0","0","0","https://x.com/undefined/status/1081696948740997120","1079646461371924486",
"1081346985091723264","Sat Jan 05 23:40:20 +0000 2019","0","@riyanadji @ysf_hrn_ @ustadtengkuzul @faizalassegaf Ha ha ha mesti tanya pak SBY dan pak Jokowi langsung mas...BTW seberapa prosen kita gak tahu sih tp proyek ESMEKA memang nyata ada bukan barang khayal macam 7 kontaimer itu.","1081696935025594369","","riyanadji","in","","0","1","0","https://x.com/undefined/status/1081696935025594369","1080801761768628224",
"1081696915484336128","Sat Jan 05 23:40:16 +0000 2019","0","Siapa yg HOAX Sebenarnya ? Ayo @psi_id @TsamaraDKI @AntoniRaja @grace_nat @budimandjatmiko @jokowi @ruhutsitompul apakah ini bukan HOAX ?","1081696915484336128","","","in","","0","0","0","https://x.com/undefined/status/1081696915484336128","967764639353204736",
"1081427414951968768","Sat Jan 05 23:40:05 +0000 2019","0","@AlkatiriOemar @sandiuno @prabowo Yg plnga plngo itlh yg tlh mmbngn rbuan km jln rtusn wduk pluhn bndra drmga rbuan km irigsi brbsis pdt krya mrbut freport mhkm rokan KIP KIS PKutk rkyt jtaan hktr srtifikt utk rkyt&amp;msih bnyk prestsi dri orng yg klian blang plnga plngo cba @prabowo ap prestsi yg bsa d bnggkn ?","1081696869288296448","","AlkatiriOemar","in","","0","0","0","https://x.com/undefined/status/1081696869288296448","1047737207807598592",
"1081507838621446144","Sat Jan 05 23:40:04 +0000 2019","5","@hnurwahid @KPU_ID Sepertinya ini sengaja pak nanti kl yg dikasih bocoran cm jokowi ketahuan memihak jd dua2nya aja dikasih biar adil hheeee.... #gantiketuaKPU","1081696867883216896","","hnurwahid","in","","0","1","2","https://x.com/undefined/status/1081696867883216896","154194907",
"1081493522295865344","Sat Jan 05 23:40:00 +0000 2019","0","@zarazettirazr Ini namanya senjata makan capres 01","1081696849180778496","","","in","","0","0","0","https://x.com/undefined/status/1081696849180778496","91485993",
"1081696809322307584","Sat Jan 05 23:39:50 +0000 2019","0","Dengan meniadakan penyampaian visi misi oleh pasangan capres dan akan memberikan pertanyaan debat sebelum debat di lakukan di sini saja ada kesan bahwa @KPU_ID mulai berpihak.....","1081696809322307584","","","in","","0","0","0","https://x.com/undefined/status/1081696809322307584","940620053640241152",
"1081609816693301248","Sat Jan 05 23:39:50 +0000 2019","5","@Gerindra Kalau takut tes baca alquran mundur aja katanya capres pilihan ulama ","1081696806436622336","","Gerindra","in","","0","14","0","https://x.com/undefined/status/1081696806436622336","918350870818971648",
"1081696797859274752","Sat Jan 05 23:39:48 +0000 2019","0","Kotak berbahan kardus Penyampaian visi misi oleh timses Pertanyaan diberikan seminggu sebelum debat Ini sebenarnya pemilihan capres atau apa sih? Pemilihan Ketua Osis saja kagak begitu... Duhai wasit bersikap jujurlah...","1081696797859274752","","","in","","0","0","0","https://x.com/undefined/status/1081696797859274752","925178718",
"1081547531958382600","Sat Jan 05 23:39:47 +0000 2019","0","@haris_azhar Lha trus piye tetep jokowi ae kuwe?","1081696796043177989","","haris_azhar","in","","0","0","0","https://x.com/undefined/status/1081696796043177989","1713097634",
"1081464648774279168","Sat Jan 05 23:39:42 +0000 2019","0","@muttle9 @DonAdam08 @Dahnilanzar @prabowo @KPU_ID Disidik sejak kapan? Siapa presidennya? https://t.co/52onr6FWS7","1081696772995481600","https://pbs.twimg.com/media/DwL1TWEU0AAaOtI.jpg","muttle9","in","","0","0","0","https://x.com/undefined/status/1081696772995481600","61917161",
"1080534647048732672","Sat Jan 05 23:39:38 +0000 2019","0","@CintaNKRI12 @prabowo Kok cameramen cuman shoot ruangan bea cukai? Bukankah yg ditengarai ada di kontainer? Truss 7 kontainer isi dokumen doang dr china? Lah era paperles kok msh kirim3 dokumen kertas?","1081696758281850880","","CintaNKRI12","in","","0","0","0","https://x.com/undefined/status/1081696758281850880","988142588992499712",
"1081492159570661376","Sat Jan 05 23:39:34 +0000 2019","0","@wentira2 @KPU_ID Zaman now hrap maklum boneka #Prabowo Sandi aja","1081696741706018816","","","in","","0","0","0","https://x.com/undefined/status/1081696741706018816","867000304528629760",
"1081696741336870912","Sat Jan 05 23:39:34 +0000 2019","3","1. Pak Jokowi Sungkem Surga berada di bawah telapak kaki Ibu. . Beliau mengaku sangat dekat dengan ibunya yang bernama Sujiatmi. Beliau selalu menyempatkan dirinya untuk sungkem kepada ibunya. #JokowiOrangBaik","1081696741336870912","","","in","","1","0","2","https://x.com/undefined/status/1081696741336870912","1080530566938685446",
"1081696714723999744","Sat Jan 05 23:39:28 +0000 2019","0","Anak-anak Jokowi pada punya selera humor semua gak kaku gak terlalu serius-serius amat dalam bersosmed. https://t.co/MkmtX9FoD0","1081696714723999744","","","in","","0","0","0","https://x.com/undefined/status/1081696714723999744","68895663",
"1081494387241103360","Sat Jan 05 23:39:21 +0000 2019","1","@projopusat @Widayatiningsi1 @FaGtng @MahesaTiwi @BiLLRaY_ @Airin_NZ @JagaJokowi @BadjaNuswantara @CH_chotimah @04Nakula @P3nj3l4j4h @jokowi Mereka hanxa tidak paham kirain bisa dikerjakan bersamaan dan harus rampung dalam 1periode emang kaxak buat kue","1081696686391517186","","caknur1414","in","","0","0","0","https://x.com/undefined/status/1081696686391517186","885936656817168385",
"1081696681975005184","Sat Jan 05 23:39:20 +0000 2019","0","DIBERI GELAR BANGSAWAN DATUK SERI SETIA AMANAH NEGARA JOKOWI INGAT SUMPAH PRESIDEN Presiden Joko Widodo mendapatkan gelar bangsawan dari Lembaga Adat Melayu Riau (LAMR). Dia pun teringat sumpah Presiden RI. https://t.co/n9hcFtXWF1 https://t.co/n9hcFtXWF1","1081696681975005184","","","in","","0","0","0","https://x.com/undefined/status/1081696681975005184","30430486",
"1081468675549347843","Sat Jan 05 23:39:19 +0000 2019","0","@mediana_cinta @prabowo @sandiuno Aamiin.","1081696676174163968","","mediana_cinta","fi","","0","0","0","https://x.com/undefined/status/1081696676174163968","239151045",
"1081696668259573760","Sat Jan 05 23:39:17 +0000 2019","0","GOOD NEWS🇮🇩 Terima kasih Pak Jokowi sudah menurunkan harga BBM Pertamina dalam senyap Tapi Ttep Kami #2019GantiPesiden #PrabowoSandi #AdilMakmur #17AprilPrabowoPresiden #DukungIjtimaUlama https://t.co/xjyoZPQRVq","1081696668259573760","https://pbs.twimg.com/media/DwL1YOlUUAA2Uno.jpg","","in","","0","1","0","https://x.com/undefined/status/1081696668259573760","2804690318",
"1079791627512606725","Sat Jan 05 23:39:09 +0000 2019","0","@prabowo Yg lucu2 dong biar saya bisa lebih terhibur...","1081696636668076032","","prabowo","in","","0","0","0","https://x.com/undefined/status/1081696636668076032","801129437580267521",
"1081128393851035649","Sat Jan 05 23:39:09 +0000 2019","0","@ustadtengkuzul @jokowi Orang Munafik... Nih cuitannya bilang Alhamdulillah dalam hatinya Ciut banget ","1081696634411479040","","ustadtengkuzul","in","","0","0","0","https://x.com/undefined/status/1081696634411479040","220638788",
"1081341629561094144","Sat Jan 05 23:39:07 +0000 2019","0","@amnafwinlon @ArdianzidanYuma @Pandixa_Dz @ustadtengkuzul Presiden Jokowi di mata Perempuan Di mataku Pk Jokowi Bukan sosok Pemimpin Sembarangan Kemampuan &amp; Semangat Berjuangnya tidak bisa di Remehkan Karna Presiden Jokowi Hanya dr Rakyat &amp; bukan keturunan Ningrat namun mampu mnjadikan #01JokowiLagi https://t.co/l94KaCw8u0","1081696627448922112","","NafrayantiTya","in","","0","0","0","https://x.com/undefined/status/1081696627448922112","1079646461371924486",
"1081455021114310656","Sat Jan 05 23:39:00 +0000 2019","1","@efekmukaplastik @rafa_pradhi @jokowi Percuma ngomong sm org yg udah di liputi rsa benci dan iri dengki. Padahal mungkin dia jg tau klo sekarang semua bnyk serba online. Bli apapun semua bisa online apalagi cuma bli plsa.","1081696597476487168","","Cremyworm","in","","0","0","0","https://x.com/undefined/status/1081696597476487168","329437151",
"1081696487753474048","Sat Jan 05 23:38:34 +0000 2019","0","pemenang pemilu nanti ditentukan oleh trending topic twitter. yha hayu spam hesteg masing2","1081696487753474048","","","in","","0","0","0","https://x.com/undefined/status/1081696487753474048","342511861",
"1081519389218721792","Sat Jan 05 23:38:30 +0000 2019","1","@anismatta Dan kelanjutannya bani Israel (pengikut Nabi Musa AS) menjajah palestine...kalo Prabowo diibaratkan Nabi Musa pengikutnya lebih parah lagi dong ","1081696473903841285","","anismatta","in","","0","2","0","https://x.com/undefined/status/1081696473903841285","2416622004",
"1081696465007763458","Sat Jan 05 23:38:28 +0000 2019","0","Cieee ada yg takut janjinya di tagih ya @kpu_id Capres-Cawapres Diberikan Daftar Pertanyaan Sebelum Debat https://t.co/S74lJ2gDki","1081696465007763458","","","in","","0","0","0","https://x.com/undefined/status/1081696465007763458","524216187",
"1079791627512606725","Sat Jan 05 23:38:25 +0000 2019","0","@prabowo membaca komenya 2 saya terhibur..... terimakasih semua i love u all..","1081696449178480641","","prabowo","in","","0","0","0","https://x.com/undefined/status/1081696449178480641","801129437580267521",
"1081523124162617344","Sat Jan 05 23:38:24 +0000 2019","0","@TehTJEMPLUNG @sandiuno @prabowo Confirmed ... Insyaallah","1081696444921204736","","HACKNET__","in","","0","0","0","https://x.com/undefined/status/1081696444921204736","903763829611405314",
"1081395130924298241","Sat Jan 05 23:38:00 +0000 2019","0","@AMR_rizan @rocky_garing @jokowi Sampai Kiamat Pengaggum Prabowo.. Tetap Tolol dan Bodoh.. Ingat Itu..","1081696344304013312","","QINGzayyan","in","","0","1","0","https://x.com/undefined/status/1081696344304013312","1065351850172403714",
"1081696340860530688","Sat Jan 05 23:37:59 +0000 2019","1","Kubu Prabowo Respons Undangan Tes Baca Alquran Bagi Capres: Isu Agama Jangan Diperpanjang Lagi https://t.co/UuUtxUq9Dl Giliran sekarang aja gausah diperpanjang kemaren kemaren kemana aja hah? @Sumadi70725034 @zoel_dmk @regar_marwan #PrabowoTakutTesNgaji","1081696340860530688","","","in","","0","1","0","https://x.com/undefined/status/1081696340860530688","1070884336507867137",
"1081696329967886336","Sat Jan 05 23:37:56 +0000 2019","1","5 Fakta Unik Tentang Presiden Jokowi Yang Belum Banyak Diketahui! #JokowiOrangBaik","1081696329967886336","","","in","","0","0","0","https://x.com/undefined/status/1081696329967886336","1080530566938685446",
"1081470441997459457","Sat Jan 05 23:37:50 +0000 2019","0","@detikcom Halahhh cuma pas mau pemilu cari senyum kenalan muka doang. Dulu mah boro2 di kantor melulu ngurus Bisnis kapitalis nya","1081696305347362816","","detikcom","in","","0","0","0","https://x.com/undefined/status/1081696305347362816","248329528",
"1081696281033093120","Sat Jan 05 23:37:45 +0000 2019","0","KUBU SEBELAH HABIS HABISAN MENZHOLIMI BPK PRESIDEN JOKOWI SEMOGA MEREKA HANCUR SEBELUM PILPRES AMIN Pilih #01antihoax #01IndonesiaMaju 🇮🇩 . . Mahfud MD: Tweet Andi Arief Itu https://t.co/v3adkBKAor","1081696281033093120","","","in","","0","0","0","https://x.com/undefined/status/1081696281033093120","576287136",
"1081487543466483714","Sat Jan 05 23:37:38 +0000 2019","0","@arsul_sani @rscm_official @KPU_ID @jokowi Hidup tuh hanya sebentar pak..sudahlah...mari menyongsong akhirat dgn baik.. Kami melihat dan mendengar...","1081696255300911105","","arsul_sani","in","","0","0","0","https://x.com/undefined/status/1081696255300911105","856755119328698368",
"1081696244144062464","Sat Jan 05 23:37:36 +0000 2019","0","Welcome to 2019 kotak pemilu pake kardus HA HA HA kalo ada kepercayaan mah pake keresek oke. Tapi sayang saya mah terlanjur tidak percaya :))","1081696244144062464","","","in","","0","0","0","https://x.com/undefined/status/1081696244144062464","2985308520",
"1081358811913318401","Sat Jan 05 23:37:35 +0000 2019","0","@Kadir_Karding @jokowi progam Esemka mana boss...","1081696239467474949","","Kadir_Karding","in","","0","0","0","https://x.com/undefined/status/1081696239467474949","152982799",
"1081455021114310656","Sat Jan 05 23:37:33 +0000 2019","0","@jokowi Beginilah pemimpin ada rakyat punya usaha di bawa ngevlog dan di iklankan biar rakyat yg lain tau dan ingin berkunjung salam waras #JokowiMembangunIndonesia","1081696230705516544","","jokowi","in","","0","0","0","https://x.com/undefined/status/1081696230705516544","1031273503842959360",
"1081675886984744960","Sat Jan 05 23:37:22 +0000 2019","0","@roninkhalid @laskar_minang @prabowo Luar biasa","1081696185709019137","","roninkhalid","in","","0","0","0","https://x.com/undefined/status/1081696185709019137","636869266",
"1081395130924298241","Sat Jan 05 23:37:19 +0000 2019","0","@jokowi Bukan saat nya berencana tp saat nya merasa kan...","1081696172920557568","","jokowi","in","","0","0","0","https://x.com/undefined/status/1081696172920557568","803916174551457792",
"1081464648774279168","Sat Jan 05 23:37:18 +0000 2019","0","@abahdinka @DonAdam08 @Dahnilanzar @prabowo @KPU_ID Bukti gak pandang bulu tegakkan hukum","1081696170110402560","","abahdinka","in","","0","1","0","https://x.com/undefined/status/1081696170110402560","2468828202",
"1081588228585512960","Sat Jan 05 23:37:12 +0000 2019","0","@DunguMaxi @Dahnilanzar dan klopun dia lebih hebat fari jokowi...mungkin udah jd presiden dari dulu. Bacanya jd watuulonhahha","1081696146257436672","","TriaA1414","in","","0","0","0","https://x.com/undefined/status/1081696146257436672","3293267641",
"1081610298052640768","Sat Jan 05 23:36:49 +0000 2019","6","@temponasional @korantempo Khan pada sdh tau ini PSI = Partai Sakit Indonesia suka nyari sensasi dimaklumi...smg saja stlh pemilu nanti dibubarkan...","1081696049050279937","","temponasional","in","","0","1","0","https://x.com/undefined/status/1081696049050279937","4811036898",
"1059000775437885440","Sat Jan 05 23:36:46 +0000 2019","0","@CintaNKRI12 @prabowo Bukan hanya lagunya...tapi juga aktor nyatanya...yang aku do'akan tahun ini pindah ke Istana...Aamiin Yaaa Rabbul Arsyil Adhiiim.... Tagar #JKWTakutPaparkanMisiVisi TT no 1 utk tren Indonesia....#PrabowoSandiAja","1081696034877632513","","CintaNKRI12","in","","0","0","0","https://x.com/undefined/status/1081696034877632513","994529437206003712",
"1081696020130684928","Sat Jan 05 23:36:42 +0000 2019","2","Soal Debat Dibocorkan Memang Capres Mau Disuruh Hapalan https://t.co/B9cvceKpiE","1081696020130684928","","","in","","0","0","0","https://x.com/undefined/status/1081696020130684928","3189327655",
"1081455021114310656","Sat Jan 05 23:36:39 +0000 2019","0","@Ibnu_Syam8 @maz_boy1234 @jokowi Nasab apa? nasab yg kiblatnya di monas itukah hasil ijtima?? yg wudhu aja dr kaki kiri dulu ayo bung belajar obyektif menilai sesuatu biar kita waras","1081696005752406016","","mantilau","in","","0","0","0","https://x.com/undefined/status/1081696005752406016","827119661405777920",
"1081454541952843776","Sat Jan 05 23:36:28 +0000 2019","0","@BiLLRaY_ Jokowi terbaik untuk indonesia maju....ada kesalahan pd partai klo untuk menyaingi pak jokowi kenapa msh d tampilkan yg lama apa lg sm yg baru dan nol pengalaman...rakyat bosan yg nyalon itu2 lg dah tau gak level sm pak jokowi msh d paksakan","1081695958780370944","","BiLLRaY_","in","","0","0","0","https://x.com/undefined/status/1081695958780370944","929686783402508288",
"1081423140046032896","Sat Jan 05 23:36:28 +0000 2019","0","@whitepanpan @suckjean @nearraseo Capres tukang pijat HDSKKS NGAKAK KENAPA SI KALIAN TUH KALO NGETAH BUAT NGAKAK MULU CAPEK NIH Emang jd capres se depresi itu apa ya sampe milih side job as kang pijet","1081695958449106945","","","in","","0","0","0","https://x.com/undefined/status/1081695958449106945","1708414958",
"1081384366339588103","Sat Jan 05 23:36:20 +0000 2019","0","@psi_id @okezonenews #KebohonganAward adalah cara kami untuk meningkatkan elektabilitas Prabowo Sandi menuju kursi Presiden 2019 Indonesia Baru Adil Makmur","1081695926576545792","","psi_id","in","","0","0","0","https://x.com/undefined/status/1081695926576545792","745049401219907584",
"1081695922294263811","Sat Jan 05 23:36:19 +0000 2019","1","Luar Biasa!!! Warga Desa Sujung Siap Menangkan Capres-cawapres Bapak Jokowi-Kiai Ma'ruf Amin: https://t.co/jrVwA3S8yr melalui","1081695922294263811","","","in","","0","0","0","https://x.com/undefined/status/1081695922294263811","1014868017346379779",
"1081395130924298241","Sat Jan 05 23:36:16 +0000 2019","0","@AMR_rizan @rocky_garing @jokowi Kampret Kencing Sm Taiknya Sendiri Dimakan.. Ko Masih Berani Ngomong Juga.. Lu Kan Cuma Anjingnya Prabowo.. Tugaslah Cuma Menggonggong Doang.. Diam.. Tar Sy Kasih Tulang Babi..OK","1081695907815469056","","QINGzayyan","in","","0","1","0","https://x.com/undefined/status/1081695907815469056","1065351850172403714",
"1081695903881166848","Sat Jan 05 23:36:15 +0000 2019","1","jangan lupa ngaji yah @prabowo #PrabowoTakutTesNgaji @DeriusDeffarou https://t.co/PKiedLSNEz","1081695903881166848","https://pbs.twimg.com/media/DwL0kXuUcAA2LOz.jpg","","in","","0","0","0","https://x.com/undefined/status/1081695903881166848","1071124608927952896",
"1081588506395271168","Sat Jan 05 23:36:08 +0000 2019","0","@Jakartaku8 @MbahUyok @CakKhum klo lo bilang hoax dorong tu @KPU_ID bareng teman2 lo untuk capres lo mau memaparkan visi misinya. #JKWTakutPaparkanMisiVisi","1081695876777558018","","Jakartaku8","in","","0","1","0","https://x.com/undefined/status/1081695876777558018","917056242731802625",
"1081695858352115712","Sat Jan 05 23:36:04 +0000 2019","0","Olymp trade @NicolasMaduro @evoespueblo @JC_Varela @luisguillermosr @CPCXiJinping @EmmanuelMacron @EPN @LetiziadePaR @jokowi @JustinTrudeau @CyrilRamaphosa @PresidentRuvi @NicolaSturgeon @AbeShinzo @MoonJaeINY @KolindaGrabar https://t.co/tVGNV08TAX","1081695858352115712","","","en","","0","0","0","https://x.com/undefined/status/1081695858352115712","820663916342734848",
"1081695857651572737","Sat Jan 05 23:36:04 +0000 2019","3","Bisa dipastikan debat Capres/Cawapres besok tidak greget &amp; seru... jadi males nonton... Masyarakat tidak bisa menilai secara langsung kecerdasan calon Pemimpinnya... Ibarat mahasiswa mau ujian pertanyaannya sdh dikasihkan seminggu sebelumnya .... #JkwTakutPaparkanMIsiVisi","1081695857651572737","","","in","","0","0","3","https://x.com/undefined/status/1081695857651572737","86018553",
"1081464648774279168","Sat Jan 05 23:35:59 +0000 2019","0","@muttle9 @DonAdam08 @Dahnilanzar @prabowo @KPU_ID Gak usah kemana2 dulu.. kalo emang jargonnya anti korupsi.. tangkaplah.. jangan cuma koar2!!? Sarang koruptornya di PDIP koq.. liat aja kepala daerah yg kena OTT banyak dr partai mana","1081695838206812160","","muttle9","in","","0","1","0","https://x.com/undefined/status/1081695838206812160","61917161",
"1081408810189606912","Sat Jan 05 23:35:56 +0000 2019","0","@BNyungsep @sandiuno @prabowo Bener sih kebanyakan skrg jd perumahan","1081695825577660416","","BNyungsep","in","","0","0","0","https://x.com/undefined/status/1081695825577660416","900636867875319808",
"1081447230626648064","Sat Jan 05 23:35:47 +0000 2019","2","@CepJohan Kuras terus kantong rakyat buat modal pemilu...","1081695787698905088","","CepJohan","in","","0","0","1","https://x.com/undefined/status/1081695787698905088","3317246214",
"1081695786788929536","Sat Jan 05 23:35:47 +0000 2019","0","Olymp trade @NicolasMaduro @evoespueblo @JC_Varela @luisguillermosr @CPCXiJinping @EmmanuelMacron @EPN @LetiziadePaR @jokowi @JustinTrudeau @CyrilRamaphosa @PresidentRuvi @NicolaSturgeon @AbeShinzo @MoonJaeINY @KolindaGrabar https://t.co/48ziCfl2dn","1081695786788929536","","","en","","0","0","0","https://x.com/undefined/status/1081695786788929536","77847281",
"1081695777120866304","Sat Jan 05 23:35:44 +0000 2019","0","Hehe..tdk salah ya suruh sy pilih no 02 emang Sandi bersih? Trus bgmn itu kasus penggelapan tanah pemalsuan dokumen yg sdh dilaporkan di polda metro. Trus prabowo kasus HAM dan masih banyak lg. Yg jelas Jokowi itu satu2nyq orang bersih yg memimpim negri ini.","1081695777120866304","","","in","","0","1","0","https://x.com/undefined/status/1081695777120866304","1076887545076535298",
"1081695762730369025","Sat Jan 05 23:35:41 +0000 2019","0","DIBERI GELAR BANGSAWAN DATUK SERI SETIA AMANAH NEGARA JOKOWI INGAT SUMPAH PRESIDEN Presiden Joko Widodo mendapatkan gelar bangsawan dari Lembaga Adat Melayu Riau (LAMR). Dia pun teringat sumpah Presiden RI. https://t.co/JqUzOn35GY https://t.co/JqUzOn35GY","1081695762730369025","","","in","","0","0","0","https://x.com/undefined/status/1081695762730369025","235422629",
"1081545305001095169","Sat Jan 05 23:35:36 +0000 2019","2","@fadlizon @detikcom Syukur zonk klo ente ngakuin klo jkw lebih unggul dari Prabowo","1081695743675518977","","fadlizon","in","","0","0","0","https://x.com/undefined/status/1081695743675518977","968758715506659328",
"1081455021114310656","Sat Jan 05 23:35:25 +0000 2019","0","@Abdurrahhmannn @jokowi Yg masih mimpi pki kan prabowo agama dianggap sama idul fitri iya rayakan natal oke...bukankah itu ajaran PKI","1081695697756274688","","Abdurrahhmannn","in","","0","0","0","https://x.com/undefined/status/1081695697756274688","1031273503842959360",
"1081695696502353920","Sat Jan 05 23:35:25 +0000 2019","0","Olymp trade @NicolasMaduro @evoespueblo @JC_Varela @luisguillermosr @CPCXiJinping @EmmanuelMacron @EPN @LetiziadePaR @jokowi @JustinTrudeau @CyrilRamaphosa @PresidentRuvi @NicolaSturgeon @AbeShinzo @MoonJaeINY @KolindaGrabar https://t.co/w1BxrYd2xI","1081695696502353920","","","en","","0","0","0","https://x.com/undefined/status/1081695696502353920","939870223976554496",
"1081336657977077760","Sat Jan 05 23:35:18 +0000 2019","3","@TheArieAir Meluncurkan esemka tdk semudah cocotnya para politisi kubu sebelah. Tp jika pak @jokowi 2 periode Insha'allah terealisasi. Aamiin","1081695666303160321","","TheArieAir","in","","0","0","1","https://x.com/undefined/status/1081695666303160321","1047736058928975872",
"1081429319501508608","Sat Jan 05 23:35:10 +0000 2019","0","@Dahnilanzar @prabowo @sandiuno @KPU_ID Komisi pemilihan ungud klo kata @rockygerung","1081695633591885824","","Dahnilanzar","in","","0","0","0","https://x.com/undefined/status/1081695633591885824","776234412",
"1081695627426185218","Sat Jan 05 23:35:09 +0000 2019","0","@prabowo","1081695627426185218","","prabowo","qam","","0","0","0","https://x.com/undefined/status/1081695627426185218","1079022035454504960",
"1081695623001374720","Sat Jan 05 23:35:08 +0000 2019","0","Paman Dari Presiden Jokowi Mulyono Herlambang Wafat Saat Ibadah Umroh https://t.co/8zpX0xfW88 https://t.co/qm9sDN4ilD","1081695623001374720","https://pbs.twimg.com/media/DwL0b7bUYAAszSh.jpg","","in","","0","0","0","https://x.com/undefined/status/1081695623001374720","886506570305028096",
"1081674511945101312","Sat Jan 05 23:35:07 +0000 2019","1","@pr1841788 @P3nj3l4j4h @erickthohir Kemarin teriak Prabowo capres nol prestasi nol visi misi. Ternyata eh ternyata yang gak berani paparkan visi misi justru yang teriak-teriak. #JKWTakutPaparkanMisiVisi #PrabowoSandiAja","1081695622288285696","","pr1841788","in","","0","1","0","https://x.com/undefined/status/1081695622288285696","1069485181298339840",
"1081523124162617344","Sat Jan 05 23:35:01 +0000 2019","0","@TehTJEMPLUNG @AkunTofa @sandiuno @prabowo In Shaa Alloh...tp ya harus legowo n berjiwa satria mengakui terpilih kembali jd orng no 1INDONESIA juga ya ...#reformasidpr sebetulnya itu yg terpenting..??!!!","1081695593741733888","","HACKNET__","in","","0","0","0","https://x.com/undefined/status/1081695593741733888","997393713918689280",
"1081427414951968768","Sat Jan 05 23:34:57 +0000 2019","1","@sandiuno @prabowo Bicara Indonesia ?? ","1081695578898059264","","sandiuno","in","","0","1","0","https://x.com/undefined/status/1081695578898059264","954757374937522177",
"1081422652835688449","Sat Jan 05 23:34:50 +0000 2019","0","@PutraErlangga__ Kalau mau menang cukup berjuang di kolam butek gorong2 empang got comberan aja kalau daratan sudah dikuasai oleh prabowo sandi.","1081695550213214208","","PutraErlangga_","in","","0","0","0","https://x.com/undefined/status/1081695550213214208","939194864016560129",
"1081563168906735616","Sat Jan 05 23:34:48 +0000 2019","0","@Ferdinand_Haean @KPU_ID Kl mau ambil kekuasaan...lewat saluran yg sah...pellimu...eh pemilu...!!!","1081695539417120768","","Ferdinand_Haean","in","","0","0","0","https://x.com/undefined/status/1081695539417120768","122411853",
"1081695532639170560","Sat Jan 05 23:34:46 +0000 2019","2","Sekalian ajalah lanjut 2 periode ga usah ada pemilu buang2 duit aja klo gitu Parah bnget sekarang kondisi negeriku dikangkangi mafia2 kekuasaan","1081695532639170560","","","in","","0","2","2","https://x.com/undefined/status/1081695532639170560","2365029595",
"1081695517065719808","Sat Jan 05 23:34:42 +0000 2019","3","Mau capres jago dansa-dansi gak bisa ngaji gak bisa jadi imam itu sebenarnya gak masalah yang masalah itu di kalian: dukung dia pake alasan agama. @panglimobatuah #PrabowoTakutTesNgaji","1081695517065719808","","","in","","1","0","1","https://x.com/undefined/status/1081695517065719808","1071071389119959040",
"1081338990173741056","Sat Jan 05 23:34:33 +0000 2019","0","@marierteman @pertamina @KementerianESDM @jokowi Mau diturunin lagi juga bodo amat... 2019 gw pengen ganti presiden","1081695478700359681","","marierteman","in","","0","0","0","https://x.com/undefined/status/1081695478700359681","237630701",
"1081408810189606912","Sat Jan 05 23:34:33 +0000 2019","0","@sandiuno @prabowo Alhamdulillah bang Sandy maju terus tingkatkan kreativitas utk memetakan masalah jgn sungkan kalau ada yg baik diangkat ....","1081695478683557888","","sandiuno","in","","0","0","0","https://x.com/undefined/status/1081695478683557888","994781397356335104",
"922488315248439296","Sat Jan 05 23:34:29 +0000 2019","0","@lidya_wrw @SuryoUdoro @LebahBorneo @achza81 @harimaumacannnn @JantoLatief2 @garrycahill8 @JhrPujianto @Swarnadiva9 @RamsesSiregar7 @JokSusi2019 @NurmaTgr @THD_011018 @LambangDC5 @Firman2941 @WetanKi @vintenas @CetakBalikpapan @seknasRI_02 @juventini_3rwin @Nanaa_rosaa @paquitacumadebu @Surono3111 @CakFiq99 @jaronosaurus @KPakdhe @KoRnHurry @Handoyo1998 @Yulians16644168 @Fsilolongan @LingWinata81 @Cobra0312 @murny7 @lembusurabae @WawanPapAiko @nissaLoveAllah @DjokerGemblung @blackjava007 @Namaku_Mei @jokowi @AndiArief__ @BareskrimPolri @Gerindra @prabowo Yang jelas nya saya tdk memilih Orang Pecatan jadi Presiden..Malu maluin... https://t.co/YGxQYNkTLF","1081695460744560640","https://pbs.twimg.com/ext_tw_video_thumb/1081695197019308032/pu/img/ogP-NLVJO_NcQ8g9.jpg","Anak_Perantau_","in","","0","0","0","https://x.com/undefined/status/1081695460744560640","1016655236591599616",
"1081404145968402432","Sat Jan 05 23:34:24 +0000 2019","0","@budimandjatmiko @jokowi #Pilpres2019 KPU gagalkan penyampaian visi misi krn Tim 01 gak mau Capres/Cawapresnya tampil Tim 02 minta Capres/Cawapres yg tampil Eh @KPU_ID setuju. Nanti ada kebijakan pertanyaan debat kirim duluan biar Capres/Cawapres belajar dulu Gendeng kan!","1081695441454952448","","budimandjatmiko","in","","0","0","0","https://x.com/undefined/status/1081695441454952448","1041033858420957184",
"1081695424300310528","Sat Jan 05 23:34:20 +0000 2019","0","Kerennn.....hasil karya Jokowi-Ahok yg fenomenal ","1081695424300310528","","","in","","0","0","0","https://x.com/undefined/status/1081695424300310528","56594832",
"1081544222082097152","Sat Jan 05 23:34:18 +0000 2019","0","@pln_123 @AdhiyogaPratama @infoPLN @jokowi @KemenPU Bos. Jawabannya jangan kayak robot gini lah. Apa memang sop nya seperti ini? Ntar gua laporan icon+ atau setkom","1081695414166769664","","pln_123","in","","0","0","0","https://x.com/undefined/status/1081695414166769664","53914468",
"1081358811913318401","Sat Jan 05 23:34:10 +0000 2019","0","@Kadir_Karding @jokowi TETEP JOKOWI","1081695380364918784","","Kadir_Karding","in","","0","0","0","https://x.com/undefined/status/1081695380364918784","4893271034",
"1081695375533080576","Sat Jan 05 23:34:09 +0000 2019","1","Doa terindah untuk kedua mempelai dan doa terbaik untuk pak @jokowi dan ibu Iriana ","1081695375533080576","","","in","","0","0","0","https://x.com/undefined/status/1081695375533080576","60080862",
"1081557780467576832","Sat Jan 05 23:34:05 +0000 2019","8","@Semut_Ibrahim_ @D1x174nX1 Mendingan KPU gabung koalisi Jokowi aja biar terang benderang keberpihakannya. Ga usah malu malu tapi berpihak. #JokowiTakutPaparkanMisiVisi","1081695362262261760","","Semut_Ibrahim_","in","","1","0","7","https://x.com/undefined/status/1081695362262261760","69244004",
"1081455021114310656","Sat Jan 05 23:34:02 +0000 2019","0","@Abdurrahhmannn @Manusia54527529 @jokowi Pak anis programnya lagi nanjak pas tengah tanjakan mogok ya terpaksa nyari ganjal ganjal ga ada ya terpaksa harus terguling... ","1081695347481571329","","Abdurrahhmannn","in","","0","1","0","https://x.com/undefined/status/1081695347481571329","1031273503842959360",
"1081464648774279168","Sat Jan 05 23:34:02 +0000 2019","0","@Dahnilanzar @prabowo @KPU_ID Koq bisa takut capres /cawapres paparkan visi misi..","1081695346814681094","","Dahnilanzar","in","","0","0","0","https://x.com/undefined/status/1081695346814681094","1029181445321850880",
"1081468085817683968","Sat Jan 05 23:33:51 +0000 2019","2","@PenguntaiKata @Abie_TeaWe Salam jempol dg dua ketuk mnandakn 01-Jokowi 2 priode...kita acungkan trus...sampai tiba saatnya nanti #JokowiMaRuf trpilih syah sbg Presiden RI priode 2019-2024...","1081695303089057792","","ItuSemanisAku","in","","0","1","2","https://x.com/undefined/status/1081695303089057792","4763274799",
"1081358811913318401","Sat Jan 05 23:33:51 +0000 2019","0","@Chyprians @widya_feriarisi @EdwinFe75114657 @Kadir_Karding @jokowi Semoga anda punya mobil","1081695302824816640","","Chyprians","in","","0","1","0","https://x.com/undefined/status/1081695302824816640","856531769696280576",
"1081476879943491587","Sat Jan 05 23:33:50 +0000 2019","0","@yusuf_dumdum Jokowi berani menantang visi misi debat capres buat yang minder sekolah dulu lewat para kampreter","1081695295648485376","","yusuf_dumdum","in","","0","0","0","https://x.com/undefined/status/1081695295648485376","804455145438330880",
"1081429319501508608","Sat Jan 05 23:33:49 +0000 2019","1","@haidar_arsyad @Sirojore @Dahnilanzar @King54fir @prabowo @sandiuno @KPU_ID https://t.co/blmh17llR1","1081695292490010624","","haidar_arsyad","qme","","0","0","1","https://x.com/undefined/status/1081695292490010624","902518154701586432",
"1081555588348207104","Sat Jan 05 23:33:46 +0000 2019","0","@klappykoe @adekoedin @Yudhie101 @anismatta @prabowo @sandiuno kalo prabowo dianggap MUSA berarti pengikutnya orang Israel yg bakalan menjajah Palestine ","1081695281131868160","","klappykoe","in","","0","1","0","https://x.com/undefined/status/1081695281131868160","2416622004",
"1081495714247536641","Sat Jan 05 23:33:40 +0000 2019","0","@HipHop74934648 Jurkam pak Jokowi yg hebat adalah elit elit opsisi yg suka tebar pesona dgn cara berbohong.percaya atau TDK percaya liat aja hasil akhir di pilpres 2019.insya Allah pak Jokowi terpilih lagi. Ada yg mau taruhan? Apa yg di harapkan dari jiwa ani? https://t.co/PuEhESBr3D","1081695257530556416","","bukan_penjilat_","in","","0","0","0","https://x.com/undefined/status/1081695257530556416","1079646461371924486",
"1081489138744868865","Sat Jan 05 23:33:38 +0000 2019","0","@dr_koko28 @SophiaNerissa Dari pada cuma jokowi yg dikasih diem2 dan ketahuan mendingan dikasih aja ke dua paslon biar dikata adil kpu mungkin begitu ya pikiran kpu","1081695249175478272","","dr_koko28","in","","0","0","0","https://x.com/undefined/status/1081695249175478272","154194907",
"1081128393851035649","Sat Jan 05 23:33:38 +0000 2019","1","@halassonlumbant @ustadtengkuzul @jokowi Masak isi ceramah harus ikut selera penguasa ada2 aja","1081695246272974848","","halassonlumbant","in","","0","0","0","https://x.com/undefined/status/1081695246272974848","2235571058",
"1081494387241103360","Sat Jan 05 23:33:24 +0000 2019","3","@AntoWahyudi17 @Widayatiningsi1 @FaGtng @MahesaTiwi @BiLLRaY_ @Airin_NZ @JagaJokowi @BadjaNuswantara @CH_chotimah @04Nakula @P3nj3l4j4h Janji itu sudah dilakukan.. Tidak ada yang tidak.. Namun ada yang sedang dalam progres.. Revolusi mental itu harus dilakukan terus dalam 10 tahun @jokowi","1081695188555259904","","AntoWahyudi17","in","","1","1","1","https://x.com/undefined/status/1081695188555259904","960668225171111937",
"1081695165943672832","Sat Jan 05 23:33:19 +0000 2019","0","36 program aksi bidang ekonomi Prabowo-Sandi ini membahas berbagai hal dari kebocoran ekonomi hingga masalah taksi online. #PrabowoSandi #2019GantiPresiden #2019PrabowoSandi #DebatCapres #VisiMisiPrabowoSandi","1081695165943672832","","","in","","0","0","0","https://x.com/undefined/status/1081695165943672832","71199514",
"1081695160809906176","Sat Jan 05 23:33:17 +0000 2019","5","Karena Jokowi sdh terbukti kinerjanya masih ada yg perlu dikoreksi! ya itu wajar itu yg harus dikawal utk Indonesia lebih baik lagi ","1081695160809906176","","","in","","0","0","1","https://x.com/undefined/status/1081695160809906176","53870131",
"1081411446552981504","Sat Jan 05 23:33:14 +0000 2019","0","@AkunTofa @prabowo @sandiuno butuh perwakilan rakyat seperti beliau ini sayang ane jkt jadi ga bisa kasih suara....insya alloh mah pasti menang","1081695146092064768","","AkunTofa","in","","0","0","0","https://x.com/undefined/status/1081695146092064768","1020825064646692864",
"1081668630063038467","Sat Jan 05 23:33:13 +0000 2019","0","@CintaNKRI12 @Dio_Nzee @LisaAmartaTara @YolaVerona @Gemacan70 @roninpribumi @UtuhWibowo @utuntauk @Silvy_riau @mpuanon @ghaznavid_ @Ny_AzizAlSaggaf @ms_muammar @MataElangNKRI @zudhi_setiadi @jokowi @KPU_ID Duuuh diulang lagi ","1081695143734853632","","CintaNKRI12","in","","0","0","0","https://x.com/undefined/status/1081695143734853632","52699586",
"1081620972317433858","Sat Jan 05 23:33:10 +0000 2019","1","@ingeynwa bukan yang Taufik lah... lah itu twitnya mbak Inge kan soal nunggu capres lewat ","1081695129667137537","","ingeynwa","in","","0","2","0","https://x.com/undefined/status/1081695129667137537","59005400",
"1081695116354564098","Sat Jan 05 23:33:07 +0000 2019","0","Maruarar Jamin Jokowi Akan Operasi Pasar https://t.co/1IHG7hn9Ui","1081695116354564098","","","in","","0","0","0","https://x.com/undefined/status/1081695116354564098","3189327655",
"1081429319501508608","Sat Jan 05 23:33:06 +0000 2019","0","@Dahnilanzar @prabowo @sandiuno @KPU_ID Itu soalx akan mengulangi janji yg terucap 2014","1081695114777354240","","Dahnilanzar","in","","0","0","0","https://x.com/undefined/status/1081695114777354240","987363445698736128",
"1081557389852037121","Sat Jan 05 23:33:03 +0000 2019","0","@nuramaliapw Itu semacam parody mel buat nyindir kedua kubu (jokowi maupun prabowo)","1081695099656925184","","pwstree","in","","0","0","0","https://x.com/undefined/status/1081695099656925184","135062353",
"1081695095731056640","Sat Jan 05 23:33:02 +0000 2019","100","Pengguna Tol Trans Jawa Berterima Kasih pada Jokowi https://t.co/6YS692AeRv","1081695095731056640","","","in","","6","69","30","https://x.com/undefined/status/1081695095731056640","22126902",
"1081430406384123905","Sat Jan 05 23:32:57 +0000 2019","0","@Takviri @dreybotak Yg ngomong surat suara siapa emang? Capres?","1081695074134544384","","Takviri","in","","0","0","0","https://x.com/undefined/status/1081695074134544384","286603133",
"1081695067138535424","Sat Jan 05 23:32:55 +0000 2019","4","Rakyat yang mana kampret.. !! sy sbagai rakyat merasa puas &amp; bangga dgn kinerja pk Jokowi. Itu nyata &amp; fakta. Omong pakai data !!","1081695067138535424","","","in","","0","0","1","https://x.com/undefined/status/1081695067138535424","876812529262919682",
"1081477615133777920","Sat Jan 05 23:32:54 +0000 2019","0","@narpatisuta @roninpribumi Apa tujuan visi dan misi tidak ditampil kan apanya yang mau dipertimbangkan untuk memilih Capres oleh rakyat bagian dari pembodohan atau mekadeni keberatan dari salah satu pihak ?????","1081695063250427904","","","in","","0","0","0","https://x.com/undefined/status/1081695063250427904","3026257946",
"1081695035744088064","Sat Jan 05 23:32:48 +0000 2019","0","Tahun Pemilu Rata-rata IHSG Naik 55 98% : Ini dihitung berdasarkan kinerja IHSG selama empat ... https://t.co/AqUIe2swsn https://t.co/manBCZB2jr","1081695035744088064","https://pbs.twimg.com/media/DwLz5yFVAAAdCNa.jpg","","in","","0","0","1","https://x.com/undefined/status/1081695035744088064","847372542830444544",
"1081386417186455552","Sat Jan 05 23:32:45 +0000 2019","0","@Darmaningtyas @jokowi @KemenPU @PemdaDIY merusak peradaban bagaimana maksudnya pak? mohon penjelasan","1081695025082167297","","Darmaningtyas","in","","0","0","0","https://x.com/undefined/status/1081695025082167297","63326558",
"1081668630063038467","Sat Jan 05 23:32:37 +0000 2019","2","@CintaNKRI12 @zwirasakti @LisaAmartaTara @YolaVerona @Gemacan70 @roninpribumi @UtuhWibowo @utuntauk @Silvy_riau @mpuanon @ghaznavid_ @Ny_AzizAlSaggaf @ms_muammar @MataElangNKRI @zudhi_setiadi @jokowi @KPU_ID KPU taunya kotak kardus... #JKWTakutPaparkanMisiVisi #JKWTakutPaparkanMisiVisi","1081694989740961792","","CintaNKRI12","in","","0","0","0","https://x.com/undefined/status/1081694989740961792","759057293597999104",
"1081692542767325184","Sat Jan 05 23:32:32 +0000 2019","0","@wartapoLitik Mendukung Jokowi tapi dengan malu malu mungkin ","1081694970019405824","","wartapoLitik","in","","1","0","0","https://x.com/undefined/status/1081694970019405824","3390786318",
"1081259859947905024","Sat Jan 05 23:32:30 +0000 2019","0","@PriyoBudiS @prabowo @sandiuno Mas @PriyoBudiS sebaiknya ada dari BPN atau Tim Relawan 02 yg mendatangi KPU meminta komitmennya dlm menyelenggarakan Pilpres yg Jurdil &amp; tuntut KPU menjelaskan kpd masyarakat mengenai penyampaian visi misi dan Debat Pilpres. Spy masyarakat tahu kalau mereka mau main CURANG.","1081694961857249280","","PriyoBudiS","in","","0","0","0","https://x.com/undefined/status/1081694961857249280","223349860",
"1081446733635248131","Sat Jan 05 23:32:27 +0000 2019","1","@kangsemproel Betul kang 2014 saya pilih beliau alhamdulillah mudah2an masih bisa ikut pemilu lagi.","1081694950482296832","","KangSemproel","in","","0","0","1","https://x.com/undefined/status/1081694950482296832","793875041091932160",
"1081556996673818624","Sat Jan 05 23:32:26 +0000 2019","0","@fadlizon Jokowi pintar ....melakukan sesuatu pada waktu dan tempat yg sangat tepat....gak grasah grusuh","1081694946409644033","","fadlizon","in","","0","0","0","https://x.com/undefined/status/1081694946409644033","1074175080907730944",
"1081686543247405058","Sat Jan 05 23:32:17 +0000 2019","1","@hanumrais Rakyat sudah cerdan ogah pilih prabowo","1081694906383425536","","hanumrais","in","","0","0","0","https://x.com/undefined/status/1081694906383425536","1066217307112857600",
"922488315248439296","Sat Jan 05 23:32:06 +0000 2019","0","@lidya_wrw @Anak_Perantau_ @JantoLatief2 @vintenas @LebahBorneo @garrycahill8 @SuryoUdoro @JhrPujianto @Swarnadiva9 @RamsesSiregar7 @JokSusi2019 @NurmaTgr @THD_011018 @LambangDC5 @Firman2941 @WetanKi @harimaumacannnn @CetakBalikpapan @seknasRI_02 @juventini_3rwin @Nanaa_rosaa @paquitacumadebu @Surono3111 @CakFiq99 @jaronosaurus @KPakdhe @KoRnHurry @Handoyo1998 @achza81 @Yulians16644168 @Fsilolongan @LingWinata81 @Cobra0312 @murny7 @lembusurabae @WawanPapAiko @nissaLoveAllah @DjokerGemblung @Namaku_Mei @jokowi @AndiArief__ @BareskrimPolri @Gerindra @prabowo elu kan paling tau soal prabowo tolong dong jadikan imam solat atau terima undangan ulama aceh tes ngaji https://t.co/rAJWffM6Ys","1081694860564848641","https://pbs.twimg.com/media/DwLzu3eU0AAfhTl.jpg","","in","","0","0","0","https://x.com/undefined/status/1081694860564848641","915790934599536640",
"1081693015683416064","Sat Jan 05 23:32:04 +0000 2019","0","Bahkan @KPU_ID pun hrs layani petahana yg tdk siap sampaikan visi misi capres di dpn publik dg tiadakan penyampaian. Tanpa publik tahu misi visi yg dibeberkan capres sendiri publik yakin petahana hy pintar berjanji tanpa bukti. #2019GantiPresiden #TahunBaruPresidenBaru","1081694854499823616","","pirenaningsih","in","","0","0","0","https://x.com/undefined/status/1081694854499823616","3154233464",
"1081587513620197378","Sat Jan 05 23:31:54 +0000 2019","0","@CakKhum Prabowo","1081694809633447936","","suaragagap","pl","","0","1","0","https://x.com/undefined/status/1081694809633447936","1076623951688658944",
"1081464648774279168","Sat Jan 05 23:31:51 +0000 2019","0","@abahdinka @DonAdam08 @Dahnilanzar @prabowo @KPU_ID Lagi PKS.. https://t.co/tzpL0MaEqG","1081694797780312065","https://pbs.twimg.com/media/DwLzre3UYAAwGZy.jpg","muttle9","in","","0","1","0","https://x.com/undefined/status/1081694797780312065","2468828202",
"1081694732814827520","Sat Jan 05 23:31:35 +0000 2019","0","Timses Prabowo Kaget Kubu Jokowi Coret Koordinator ICW https://t.co/XfdHhqPC6u","1081694732814827520","","","in","","0","0","0","https://x.com/undefined/status/1081694732814827520","3189327655",
"1081694708781334528","Sat Jan 05 23:31:30 +0000 2019","0","Mohon di CEK kabarnya ada yg tidak BERES di kapal ini yg sudah oleng geladaknya bocor. Supaya tidak fitnah harap di CEK kebenarannya. Karena ini kabar sudah beredar.1 @prabowo @sandiuno @Dahnilanzar @rockygerung","1081694708781334528","","","in","","0","0","0","https://x.com/undefined/status/1081694708781334528","112431172",
"1080982590910132224","Sat Jan 05 23:31:27 +0000 2019","0","@SAFarez1 @hepisantosa @Fahrihamzah Kalo skrg pak jokowi bangun jalan tol aja kalian bilang rakyat gak makan jalan tol apalagi kalo pak jokowi lanjutin project mobil esemka. Pasti cocot kalian bilang jokowi berpihak ke orang kaya karna rakyat menengah ke bawah blm bisa kebeli mobil esemka. Pola pikir cetek","1081694695741214722","","sa_piliang","in","","0","0","0","https://x.com/undefined/status/1081694695741214722","1073842434524626944",
"1081565415426293765","Sat Jan 05 23:31:16 +0000 2019","0","@Ferdinand_Haean @SijalMutakallim @jokowi ...Jai pinter dompleng suara lewat janda","1081694650539245568","","Ferdinand_Haean","in","","0","0","0","https://x.com/undefined/status/1081694650539245568","1614815516",
"1081694650228854785","Sat Jan 05 23:31:16 +0000 2019","0","Pagi2 nemu analisa onani gini.. Jokowi udh sering ikutan debat pemilihan. Itu pertanyaan terbuka jg dikasih ke Sandi..krn pertanyaannya cuma formalitas untuk msg2 sampaikan visi misi. Biar lbh bobot. Yg pertanyaan tertutup jg ada. Konsep ini disepakati dua belah pihak.","1081694650228854785","","","in","","0","0","2","https://x.com/undefined/status/1081694650228854785","67312278",
"1081694615122567168","Sat Jan 05 23:31:07 +0000 2019","1","Jainudin Ngaciro udah curang masih ga ngaruh ASN Terbukti Terlibat Mobilisasi Massa Jalan Sehat Jokowi Di Bandarlampun https://t.co/Kz6Ot8efkN","1081694615122567168","","","in","","0","0","3","https://x.com/undefined/status/1081694615122567168","1023058239921913856",
"1081694610273886208","Sat Jan 05 23:31:06 +0000 2019","0","Keluarga Mahasiswa Korban Tragedi Trisakti '98 Beri Dukungan ke @prabowo @sandiuno #2019PrabowoSandi https://t.co/83i6bL622Q","1081694610273886208","","","in","","0","0","0","https://x.com/undefined/status/1081694610273886208","68612634",
"1081455021114310656","Sat Jan 05 23:31:04 +0000 2019","0","@Ibnu_Syam8 @maz_boy1234 @jokowi Kamu muslim gk? tau kan hukum Islam ngrayain hari besar agama lain mo ama keluarga mo ama temen itu tetep haram bung ngerayain sendiri aja haram aplg rame2 ayo ngaji yg bener bung biar waras","1081694603177283584","","mantilau","in","","0","1","0","https://x.com/undefined/status/1081694603177283584","827119661405777920",
"1081694601340059649","Sat Jan 05 23:31:04 +0000 2019","0","Abis subuhan lanjut peringatan maulid nabi ustadnya Al Khathath. Isinya ga ada soal nabi dong malah ada penggalangan dana segala buat Prabowo - Sandi. Kasihan benar masjid buat beginian. https://t.co/3QPA1iPdOE","1081694601340059649","https://pbs.twimg.com/media/DwLzb8hU0AAQpV2.jpg","","in","","1","0","0","https://x.com/undefined/status/1081694601340059649","78295046",
"1081183338126237698","Sat Jan 05 23:31:03 +0000 2019","0","@Orlandomanintim @jokowi La kemampuan kamu apa? Cuma nyinyir di medsos?","1081694596487274497","","Orlandomanintim","in","","0","0","0","https://x.com/undefined/status/1081694596487274497","257842556",
"1081429319501508608","Sat Jan 05 23:30:59 +0000 2019","0","@Dahnilanzar @prabowo @sandiuno @KPU_ID 01 pecundang sejati kedunguan yg hakiki gbisa ditolerin","1081694580448288769","","Dahnilanzar","in","","0","0","0","https://x.com/undefined/status/1081694580448288769","613228493",
"1081694573481639936","Sat Jan 05 23:30:57 +0000 2019","0","Puluhan Lansia Doakan Jokowi Sejahterakan Indonesia https://t.co/t4DDXHCXCS","1081694573481639936","","","in","","0","0","1","https://x.com/undefined/status/1081694573481639936","4393472592",
"1081563168906735616","Sat Jan 05 23:30:52 +0000 2019","1","@sarwonobs @MunewStuntman12 @permadiaktivis @Ferdinand_Haean @KPU_ID Bodoh di pelihara. Lu pikir ngaciro lebih pintar baca Al Qur'an di banding Pk. Prabowo?? akun gaje gk makan klo gk nyinyir.","1081694551457202176","","sarwonobs","in","","0","0","0","https://x.com/undefined/status/1081694551457202176","1227003810",
"1081174894501552129","Sat Jan 05 23:30:48 +0000 2019","0","@CakJhon5 @JKFC23456789 @Dahnilanzar @TheArieAir @RizmaWidiono @kangdede78 @chicohakim @P3nj3l4j4h @FaldoMaldini @fadlizon @Gerindra @marierteman @prabowo Nongol juga gembel warnet","1081694534755467264","","CakJhon5","in","","0","0","0","https://x.com/undefined/status/1081694534755467264","872295866731610112",
"1081544350109036544","Sat Jan 05 23:30:46 +0000 2019","2","@putrabanten80 @Fahrihamzah @fadlizon Pak @prabowo kok gag diajak sekalian???","1081694527184809985","","Oku__records","in","","0","1","0","https://x.com/undefined/status/1081694527184809985","1265644848",
"1063740023227342848","Sat Jan 05 23:30:46 +0000 2019","0","@5ly6dy @KhamidiyahF @Gamal_Albinsaid @prabowo @sandiuno Setuju","1081694525892874241","","5ly6dy","in","","0","0","0","https://x.com/undefined/status/1081694525892874241","2164204742",
"1081405661840269312","Sat Jan 05 23:30:39 +0000 2019","1","@renandabachtar @AkunTofa @jansen_jsp @AndiArief__ Taunyakan cuma menuduh sedikit sedikit bilang hoax memang kapasitasnya gak ada. Jd yg bisa kalahkan prabowo sandi di 2019 hanya kecurangan","1081694496759271424","","renandabachtar","in","","0","0","0","https://x.com/undefined/status/1081694496759271424","4013677392",
"1081429319501508608","Sat Jan 05 23:30:37 +0000 2019","0","@Dahnilanzar @prabowo @sandiuno @KPU_ID Knp ya ... ko baru kali ini deh rasanya visi misi yg nyampein timses apa saya yg keliru? Utk hal ini aja pake stuntman wow yg pinter dan waras minggirlah ga usah dukung dan semua sepakat ke no 2. #2019GantiPresiden","1081694487938707456","","Dahnilanzar","in","","0","0","0","https://x.com/undefined/status/1081694487938707456","2343698816",
"1081259859947905024","Sat Jan 05 23:30:31 +0000 2019","0","@PriyoBudiS @prabowo @sandiuno RT and Follow","1081694461900468224","","PriyoBudiS","en","","0","0","0","https://x.com/undefined/status/1081694461900468224","2920599614",
"1081694414043439104","Sat Jan 05 23:30:19 +0000 2019","1","Betul-betul menujukkan kemunduran kwalitas debat dalam pilpres mungkin karena ada capres yang tdk bisa ngomong dg baik jika tanpa teks kami jadi mempertanyakan netralitas @KPU_ID...","1081694414043439104","","","in","","0","0","0","https://x.com/undefined/status/1081694414043439104","231306512",
"1081694378211430400","Sat Jan 05 23:30:11 +0000 2019","0","Semua berita bohong semua hoax akan bermuara pada hoax beirikutnya yaitu pemilu curang...","1081694378211430400","","","in","","0","0","0","https://x.com/undefined/status/1081694378211430400","1080456630934761472",
"1081694357596426240","Sat Jan 05 23:30:06 +0000 2019","0","#BabeKasihTau Andre Rosiade: Kalau Prabowo Jadi Presiden Saya Usul Monumen Anti-Bohong Bentuk Mobil Esemka #election https://t.co/uTyj8w7R2D","1081694357596426240","","","in","","0","0","0","https://x.com/undefined/status/1081694357596426240","2306171660",
"1080624303844945922","Sat Jan 05 23:30:00 +0000 2019","0","@anggiaelfandina @Syahniza3 @mercon_muhammad @PanhAsmara1 @TsamaraDKI @jokowi Bikin janji palsu lebih menyeramkan!","1081694333072371713","","angelfndn","in","","0","0","0","https://x.com/undefined/status/1081694333072371713","77220511",
"1081694332644556800","Sat Jan 05 23:30:00 +0000 2019","7","Jokowi Resmikan Rusun Mahasiswa IAIN STKIP PGRI Tulungagung dan MBR https://t.co/HqJSX9yrqX","1081694332644556800","","","in","","0","1","0","https://x.com/undefined/status/1081694332644556800","375995332",
"1080982590910132224","Sat Jan 05 23:29:59 +0000 2019","1","@SAFarez1 @UDIONO89833885 @_rifbrow @hepisantosa @Fahrihamzah Prabowo sandi juga tenggelamkan dong. Banyak bohongnya soalnya.","1081694328651534336","","sa_piliang","in","","0","0","0","https://x.com/undefined/status/1081694328651534336","1073842434524626944",
"1081694325090611200","Sat Jan 05 23:29:58 +0000 2019","0","Kalau @KPU_ID tidak independen dan terlibat pencurangan pemilu bisa masuk pidana pemilu gak ya om2 dan mbak2 di @perludem dan pak @effendigazali? #SaveNKRI","1081694325090611200","","","in","","0","0","0","https://x.com/undefined/status/1081694325090611200","1065302291115315201",
"1081694320715919360","Sat Jan 05 23:29:57 +0000 2019","0","Semakin jelas kualitas seorang @jokowi yang tdk memiliki apa-apa selain ahli dalam bidang pencitraan... https://t.co/3CsB3dW1Sh","1081694320715919360","","","in","","0","0","0","https://x.com/undefined/status/1081694320715919360","265949258",
"1081517619042107393","Sat Jan 05 23:29:57 +0000 2019","0","@rockygerung Dulu tahun 2014 depat capres jokowi merajai .. kenapa selalu dibiki hoax kali ini karena warung sebelah justru yang minder karena kalau dikelas suka njiplak temannya","1081694320120528898","","rockygerung","in","","0","0","0","https://x.com/undefined/status/1081694320120528898","804455145438330880",
"1081542989539770369","Sat Jan 05 23:29:46 +0000 2019","4","@ZAEffendy Sebelum debat @jokowi.. ini dihapal bocoran istilah2 ekonomi #JKWTakutPaparkanMisiVisi #PrabowoSandiAja #2019GantiPresiden https://t.co/L10lGF2czf","1081694271990726656","https://pbs.twimg.com/media/DwLzM69UwAA-9ir.jpg","ZAEffendy","in","","0","0","0","https://x.com/undefined/status/1081694271990726656","762249219730046976",
"1081427414951968768","Sat Jan 05 23:29:43 +0000 2019","0","@sandiuno @prabowo Aamiin.. semoga menang dan jika menang tetap amanah bang @sandiuno dan pak @prabowo","1081694261454692352","","sandiuno","in","","0","0","0","https://x.com/undefined/status/1081694261454692352","1081691586499497984",
"1081558539192037376","Sat Jan 05 23:29:40 +0000 2019","0","@eae18 @KPU_ID Ya inilah panggung sandiwara sesungguhnya. Yaa Allah jaga kesehatan Ayahnda @prabowo dan bang @sandiuno Yaa Allah Lindungi dan Rahmati bangsa dan negri ini Tetap semangat dan waspada smoga Ghiroh Islam tetap menyala untuk negri ni","1081694249190535168","","effendi____","in","","0","0","0","https://x.com/undefined/status/1081694249190535168","2948501270",
"1081573004746866688","Sat Jan 05 23:29:40 +0000 2019","0","@detikcom Justru biar terlihat pantas atau tidak mnjdi capres cawapres beri pertanyaan yg mendadak kacau nih....","1081694248783626241","","detikcom","in","","0","0","0","https://x.com/undefined/status/1081694248783626241","184503577",
"1081694228608995328","Sat Jan 05 23:29:35 +0000 2019","1","MKRI Misteri Keinginan Rakyat Indonesia #08PresidenKe8 @prabowo @sandiuno https://t.co/oBcBO4HuPn","1081694228608995328","https://pbs.twimg.com/media/DwLzKs4U8AAtn36.jpg","","in","","0","0","1","https://x.com/undefined/status/1081694228608995328","707572759518257152",
"1081694206484049920","Sat Jan 05 23:29:30 +0000 2019","0","GASWAATTT..!!! Prabowo BeleP0tan Menyebut Nama Rasulullah SAW https://t.co/WPhi4kDyKD lewat @YouTube","1081694206484049920","","","in","","0","0","0","https://x.com/undefined/status/1081694206484049920","134692159",
"1081691531507986432","Sat Jan 05 23:29:24 +0000 2019","0","@roninkhalid Wow...amazing tumben ga di matiin ama @Twitter biasanya kalau menyangkut yg jelek2 dari jokowi hastagnya langsung dimatiin entah kemana.... Mudah2an twitter emang udah siuman dr kerasukan mahkluk halus nya selama ini biarpun @instagram Masih belum sehat.. ","1081694183268610048","","roninkhalid","in","","0","0","0","https://x.com/undefined/status/1081694183268610048","101695974",
"1081429319501508608","Sat Jan 05 23:29:20 +0000 2019","0","@Dahnilanzar @prabowo @sandiuno @KPU_ID Emangnya rakyat mau milih Timses...??","1081694163488333824","","Dahnilanzar","in","","0","0","0","https://x.com/undefined/status/1081694163488333824","918851317853855744",
"1081394971742105601","Sat Jan 05 23:29:14 +0000 2019","0","@republikaonline Keliru kayaknya harusnya 99% jokowi 1% golput ","1081694140520251392","","republikaonline","in","","0","0","0","https://x.com/undefined/status/1081694140520251392","69528316",
"1044558997615927301","Sat Jan 05 23:29:13 +0000 2019","0","@AnissaVerawaty @MerdekaBrojoe @SalmaBrecht @bams_oriental @Jeonum1203 @JokSusi2019 @Nink47018190 @INTANHambaAllah @wr200465 @LebahBorneo @FrennyPahibe @do_chand @Ninnocyber @ebugogo2periode @bobolidos @koecing_pasar @Igedemanuke9 @Mmahalik2 @dewantara_adjie @AlaricLuthfy @himawan1978 @NurmaTgr @juventini_3rwin @suka_komen @Swarnadiva9 @arekgubeng2 @XihxhouxExchou @Nurulis53223263 @BPart02 @cikyber @kenneth_aurelio @AndriawanRandie @fier_79 @gunwbisono @Versakleg @zqnov @IndraNov1972 @jnnewrw @AdrianWaworuntu @cv_wilcor @ayudh41 @Sukardi2017 @SanSuwardhi @Sandro87732049 @feradiana_a @5dhany5 @Nanaa_rosaa @prabowo @Fahrihamzah @saididu https://t.co/XLpcesiMlp","1081694134232989697","https://pbs.twimg.com/media/DwLzE-VVYAAc-oz.jpg","AnissaVerawaty","qme","","0","1","0","https://x.com/undefined/status/1081694134232989697","2468828202",
"1081694119624204288","Sat Jan 05 23:29:09 +0000 2019","0","Mungkin ini bocoran jawaban soal debat capres nanti #JKWTakutPaparkanMisiVisi https://t.co/HL3HLLvaHR","1081694119624204288","https://pbs.twimg.com/media/DwLzD3UUcAAU3sq.jpg","","in","","1","0","0","https://x.com/undefined/status/1081694119624204288","844119624585117696",
"1080813591182229504","Sat Jan 05 23:29:02 +0000 2019","0","@KHMarufAmin_ @jokowi @KPU_ID @PDI_Perjuangan @NasDem @fadjroeL @Deddy_Mizwar_ @DPP_PKB @kangdede78 @MRomahurmuziy @cakimiNOW @addiems Saya yang sudah jelas terbukti dan pasti2 saja. Insya Allah","1081694090826149889","","KHMarufAmin_","in","","0","0","0","https://x.com/undefined/status/1081694090826149889","1072118612373069824",
"1081694090046009344","Sat Jan 05 23:29:02 +0000 2019","1","Klu sudah ada Presiden JUJUR SOLEH Bapak Jokowi NGAPAIN pilih lain yang enggak JUJUR GA SOLEH","1081694090046009344","","","in","","0","0","0","https://x.com/undefined/status/1081694090046009344","716136875178663936",
"1081542055459938309","Sat Jan 05 23:28:51 +0000 2019","0","@Ferdinand_Haean @KPU_ID Sekalian kasih contekan jawabannya aja biar gak nganu2... Atau pemilu di tunda aja sampai para calon hafal materi debat","1081694042272948224","","Ferdinand_Haean","in","","0","0","0","https://x.com/undefined/status/1081694042272948224","945957627309125632",
"1081694003324628992","Sat Jan 05 23:28:41 +0000 2019","0","Prof. @rockygerung Mau tanya capres / cawapres itu Timses ya?? https://t.co/vRbmtle9uW","1081694003324628992","","","in","","0","0","0","https://x.com/undefined/status/1081694003324628992","886476326827315200",
"1081128393851035649","Sat Jan 05 23:28:39 +0000 2019","0","@Bodrex70810562 @willy_wicaksono @Airin_NZ @ustadtengkuzul @jokowi @bodrex trus sih lu minum om? coba sesekali minum @Rondup alias racun rumput. Pasti pikiran situ waras.... mau ketawa takut di cium sm Rosa? ","1081693994671697920","","Bodrex70810562","in","","0","0","0","https://x.com/undefined/status/1081693994671697920","1049987801310085120",
"1081693986400555008","Sat Jan 05 23:28:37 +0000 2019","0","Mencoba menyusun - daftar DPT membengkak - kotak suara berubah menjadi karton yg katay kedap air - orang gila ditetapkan sebagai pemilih - pemaparan visi dan misi oleh tim sukses - ngasih daftar pertanyaan sebelum debat capres - - - dsj (dan selanjuty) apa lagi ya?","1081693986400555008","","","in","","0","0","0","https://x.com/undefined/status/1081693986400555008","993181832433692672",
"1081588380721270786","Sat Jan 05 23:28:34 +0000 2019","0","@cendanao @Deeakiding @VeritasArdentur @jokowi Coba bacain dong bang tulisannya kecil2 ga keliatan Oh iya tol yg mana yaa yg dibangun swasta? Setau saya saat ini yg bangun hanya BUMN dari kementerian PU","1081693973616291840","","cendanao","in","","0","2","0","https://x.com/undefined/status/1081693973616291840","242694836",
"1081588506395271168","Sat Jan 05 23:28:34 +0000 2019","0","@MbahUyok Semoga rakyat makin cerdas menyikapi ini semua. Kita tahu siapa yang selama ini hanya memanfaatkan agama sebagai tujuan politik busuknya. Salam Hulaihi buat capres dan cawapres yang takut dites ngaji. #PrabowoTakutTesNgaji","1081693973297524736","","MbahUyok","in","","0","1","0","https://x.com/undefined/status/1081693973297524736","1328149478",
"1081571563663589377","Sat Jan 05 23:28:27 +0000 2019","1","@CakKhum @KPU_ID Sudah tunjuk aje Jokowi orang usah pemilu buang2 duit","1081693941164998656","","suaragagap","in","","0","0","0","https://x.com/undefined/status/1081693941164998656","1038417674093584384",
"1081429319501508608","Sat Jan 05 23:28:26 +0000 2019","0","@Dahnilanzar @prabowo @sandiuno @KPU_ID Mereka sudah mengatur tentang ntuk main curang...wapadalah","1081693936823881728","","Dahnilanzar","in","","0","0","0","https://x.com/undefined/status/1081693936823881728","1044729614336028672",
"1081427414951968768","Sat Jan 05 23:28:19 +0000 2019","0","@AMojjahid @sandiuno @prabowo Ini bkn skedar bohong tpi fitnh !dmi ambsi kkuasan ftnh mnjdi sesuatu yg hlal yg bsa klian lkukn krn mmang tdk ad prestsi yg bisa klian twarkn kpd rkyt yg wras&amp; brakal sht Klian ambsi mnjdi pmimpn utk sbuah ngra yg klian ykini akn bubar. Lcu &amp; mngglikn bgi akal yg sehat ! https://t.co/1Ol9NTrCxI","1081693907509862401","https://pbs.twimg.com/media/DwLy1fYVYAAZ2aa.jpg","AMojjahid","in","","0","1","0","https://x.com/undefined/status/1081693907509862401","1047737207807598592",
"1081408810189606912","Sat Jan 05 23:28:11 +0000 2019","0","@sandiuno @prabowo pasokan cawapres aman di pemilu 2019","1081693873707991040","","sandiuno","in","","0","0","0","https://x.com/undefined/status/1081693873707991040","3324251276",
"1081693864807677953","Sat Jan 05 23:28:08 +0000 2019","0","Sangat mengejutkan seharusnya Jokowi 99 99% kalau hanya 70% berarti ada yang tak beres... SSI ( Survey Sekitar Istana)","1081693864807677953","","","in","","0","0","0","https://x.com/undefined/status/1081693864807677953","3886506433",
"1081145801294864384","Sat Jan 05 23:28:05 +0000 2019","0","@sandiuno @prabowo baru kali ini lihat capres cawapres kampanye minta sumbangan dari warga... pd hal katanya rakyat indonesia 90% misquen.. tp kok bisa nyumbang.. lawak jaman now","1081693852245749761","","sandiuno","in","","0","0","0","https://x.com/undefined/status/1081693852245749761","1040539971692638209",
"1081693850245058560","Sat Jan 05 23:28:05 +0000 2019","0","Jokowi-Maruf Siap Penuhi Undangan Ikatan Da i Aceh Uji Baca Alquran. Masa Tim kamu engga? hmm @Ni35a_ @alun190885 @KazalDuan @MFaishalNazar https://t.co/NxWgV1gBbg. #PrabowoTakutTesNgaji","1081693850245058560","","","in","","1","0","0","https://x.com/undefined/status/1081693850245058560","1070884336507867137",
"1081115570030833664","Sat Jan 05 23:28:05 +0000 2019","0","@islamramahdotco Demikian juga jualwn..cc @jokowi @prabowo @KHMarufAmin_ @sandiuno @mohmahfudmd @budimandjatmiko @Fahrihamzah @sudjiwotedjo","1081693850240921600","","islamramahdotco","in","","0","0","0","https://x.com/undefined/status/1081693850240921600","915748194",
"1081588380721270786","Sat Jan 05 23:28:02 +0000 2019","0","@cendanao @Deeakiding @IhsanRizki_48 @VeritasArdentur @jokowi Bayar utang peninggalan SBY bagaimana caranya? Mau pajak naik 100%? Subsidi BBM dicabut saja teriaknya sampai ke langit. Esemka bukan proyek pemerintah. Kalau nggak bagi jabatan apa presiden mau rangkap semua jabatan? Pertanyaan tu yg cerdas dikitlah.","1081693836877783040","","cendanao","in","","0","2","0","https://x.com/undefined/status/1081693836877783040","2881653068",
"1081536209799675904","Sat Jan 05 23:27:55 +0000 2019","2","@faizalassegaf @SiBonekaAyu @jokowi Kemarin teriak Prabowo capres nol prestasi nol visi misi. Ternyata eh ternyata yang gak berani paparkan visi misi justru yang teriak-teriak. #JKWTakutPaparkanMisiVisi #PrabowoSandiAja","1081693806993391617","","faizalassegaf","in","","0","0","0","https://x.com/undefined/status/1081693806993391617","1069485181298339840",
"1080982590910132224","Sat Jan 05 23:27:54 +0000 2019","0","@Rinie_NOE_ @luz_duos @benderasenja @heru2105 @lawrenzius @SAFarez1 @hepisantosa @Fahrihamzah Buktiin pake data berpa persen yg pilih jokowi tahun 2014 cuma gara2 esemka. Jangan asal cocot banyak .. Kata banyak gak punya ukuran. 3 dari 4 juga disebut banyak.","1081693804439101442","","Rinie_NOE_","in","","0","1","0","https://x.com/undefined/status/1081693804439101442","1073842434524626944",
"1081494387241103360","Sat Jan 05 23:27:53 +0000 2019","2","@projopusat @Widayatiningsi1 @FaGtng @MahesaTiwi @BiLLRaY_ @Airin_NZ @JagaJokowi @BadjaNuswantara @CH_chotimah @04Nakula @P3nj3l4j4h Semua janji jokowi pasti terlaksana mosok semua janji di laksanakan bersamaan kalau mangkrak gimana? Ini baru 4th xg 10 th aja banxak xg mangkrak menurut lo gimana???","1081693800261509120","","caknur1414","in","","0","1","2","https://x.com/undefined/status/1081693800261509120","885936656817168385",
"1081693782989570048","Sat Jan 05 23:27:49 +0000 2019","0","Mantan Kasum TNI: Gaya Preman Debat Capres Ketakutan https://t.co/5HewzUBU3F","1081693782989570048","","","in","","0","0","0","https://x.com/undefined/status/1081693782989570048","3189327655",
"1081693768603054080","Sat Jan 05 23:27:45 +0000 2019","0","Dahnil Ungkap Alasan Prabowo Ingin Buat Kementerian Negara Penanggulangan dan Mitigasi Bencana https://t.co/yO3xZD92zq","1081693768603054080","","","in","","0","0","0","https://x.com/undefined/status/1081693768603054080","846715204637376513",
"1081693763834019840","Sat Jan 05 23:27:44 +0000 2019","0","Adik : abimah ayena ulah ngadeketan tps cenah teh padahal ngke abi hayang milih prabowo tentara panutan abi etamah ","1081693763834019840","","","in","","0","0","0","https://x.com/undefined/status/1081693763834019840","86460549",
"1081693759631290368","Sat Jan 05 23:27:43 +0000 2019","0","Barakallahu mas @prabowo Jazakumullah khoir","1081693759631290368","","","in","","0","0","0","https://x.com/undefined/status/1081693759631290368","927316978808655872",
"1081681888262017024","Sat Jan 05 23:27:33 +0000 2019","57","@panca66 @KPU_ID Kalau kata Prof Chusnul Mariyah (mantan Komisioner KPU) waktu di ILC bilang ketua KPU ini lulusan S1 pertanian jadi Pemilu nya diibaratkan seperti 'menanam jagung di Kebun kita' . Kurang kompeten ","1081693717650522112","","panca66","in","","1","3","28","https://x.com/undefined/status/1081693717650522112","1044528565679665153",
"1081661901203857408","Sat Jan 05 23:27:33 +0000 2019","0","@AkunTofa KPU: Ini Persoalan negara suka suka. Oposisi gak usah ngatur2 gak usah protes. kami lagi budeg . Pemilu edisi spesial petahana. #JKWTakutPaparkanMisiVisi","1081693716513906688","","AkunTofa","in","","0","0","1","https://x.com/undefined/status/1081693716513906688","1002259270027522049",
"1081609816693301248","Sat Jan 05 23:27:16 +0000 2019","13","@Gerindra Ternyata Jokowi Maruf dan timsesnya ciut nyalinya menyampaikan Visi Misi kayaknya hawatir terbongkar janji2 yg dulu masih banyak yang belum terealisasi","1081693646750019584","","Gerindra","in","","0","3","0","https://x.com/undefined/status/1081693646750019584","1029520712946442240",
"1081693619189309440","Sat Jan 05 23:27:10 +0000 2019","1","Koalisi Indonesia Tronjal Tronjol Maha Asyik. . . Nurhadi-Aldo Capres/ Cawapres no. urut #10 . . Jagan Lupa Saya Coblos #13 kali #mcQueen #yaQueen #smackqueenyaqueen https://t.co/3nHDokEr2f","1081693619189309440","https://pbs.twimg.com/media/DwLym5qUUAAJrxA.jpg","","in","","0","0","1","https://x.com/undefined/status/1081693619189309440","222211341",
"1081395130924298241","Sat Jan 05 23:27:07 +0000 2019","0","@jokowi Ttp beras di impor jg jdi tdk ada yg dibanggakan. Maaf ","1081693605922627584","","jokowi","in","","0","0","0","https://x.com/undefined/status/1081693605922627584","886476326827315200",
"1081693573874036736","Sat Jan 05 23:26:59 +0000 2019","1","Usul untuk Pak @prabowo nanti kalau jadi Presiden tempatkan orang yg CERDAS DAN TAU DIRI untuk menjadi ketua @KPU_ID supaya PEMILU SEMAKIN BERKUALITAS Jangan sekali kali tempatkan orang orang TOLOL DAN TAK TAU DIRI menjadi ketua @KPU_ID SAYANG DUIT RAKYAT BUAT GAJI MEREKA","1081693573874036736","","","in","","0","0","0","https://x.com/undefined/status/1081693573874036736","935274157381533696",
"1081429319501508608","Sat Jan 05 23:26:57 +0000 2019","0","@Dahnilanzar @prabowo @sandiuno @KPU_ID Timsuksesnya aja udah ga percaya sama kemampuan jagoannya bang dalam memamparkan visi misinya... Apa lagi rakyat.. Mereka cuma Omong besar mau adu program","1081693565594390528","","Dahnilanzar","in","","0","0","0","https://x.com/undefined/status/1081693565594390528","990964982404734976",
"1081693558887768064","Sat Jan 05 23:26:55 +0000 2019","0","Jokowi seolah-olah tak pernah berhenti menjadi tontonan yang menarik yang dihasilkan oleh media. Bahkan ketika diterpa segala macam bentuk isu-isu ia bisa menyikapinya dengan menjadi satu tontonan lagi. Ia menyikapinya dengan selalu bekerja terus","1081693558887768064","","","in","","0","0","0","https://x.com/undefined/status/1081693558887768064","1008511434735538176",
"1081395130924298241","Sat Jan 05 23:26:50 +0000 2019","0","@rocky_garing @jokowi Sekarang saat nya nyusul ketertinggalan itu sama program kerja nyata Pak de... ️️️ #Salam2periode","1081693535928086529","","mazmaulan4","in","","0","0","0","https://x.com/undefined/status/1081693535928086529","1081012564476145664",
"1081693489866276864","Sat Jan 05 23:26:39 +0000 2019","0","Menurut Susi Pudjiastuti persoalan pencurian ikan karena Pak Jokowi berani. Berani untuk mendukung dan berani untuk memerintahkan sikat habis pencurian ikan....... #JokowiHarapanPasti #01IndonesiaMaju #JelasIslamnya #JokowiOrangBaik https://t.co/YTbvnGVHVy.","1081693489866276864","","","in","","1","0","0","https://x.com/undefined/status/1081693489866276864","1071106362258538496",
"1081395130924298241","Sat Jan 05 23:26:26 +0000 2019","0","@jokowi Mantap pak boss.. Kalo saya tengok bapak ne cocoknya jd presdir perusahaan gitu.. Kalo kejambi lg tlg siapkan pabrik pete am jengkol karna kmi lg tanam pete ama jengkol atas saran dalam kunjungan bapk tempo lalu.. Maksih.. Kdpannya kami hnya ingn cr presden yg bukn KALENG2.O2","1081693433683570688","","jokowi","in","","0","0","0","https://x.com/undefined/status/1081693433683570688","1079912879208378368",
"1081690975116746752","Sat Jan 05 23:26:25 +0000 2019","13","Presiden Jokowi dan kongsi kekuasaanya secara sadar dan sengaja menggunakan kesempatannya untuk memastikan bahwa Pilihan yang tersedia pada Pemilu Barengan 2019 ini seburuk dan sesedikit mungkin. Sehingga Status Quo niscaya bisa dipertahankan.","1081693432303632384","","_haye_","in","","3","2","8","https://x.com/undefined/status/1081693432303632384","753553855",
"1074851401610649600","Sat Jan 05 23:26:24 +0000 2019","0","@P3nj3l4j4h @jokowi ","1081693428545511424","","P3nj3l4j4h","qme","","0","0","0","https://x.com/undefined/status/1081693428545511424","445997280",
"1081693416247877632","Sat Jan 05 23:26:21 +0000 2019","0","Dalam waktu 2 tahun menjabat PDB dari sektor perikanan pada awal masa pemerintahan Presiden Jokowi 6 74% namun saat ini sudah meningkat naik menjadi 8 36%..... #JokowiHarapanPasti #01IndonesiaMaju #JelasIslamnya #JokowiOrangBaik https://t.co/OLgZhB8f3B.","1081693416247877632","","","in","","1","0","0","https://x.com/undefined/status/1081693416247877632","1071106362258538496",
"1081429319501508608","Sat Jan 05 23:26:20 +0000 2019","0","@Dahnilanzar @prabowo @sandiuno @KPU_ID Gimana mau 2 periode? Menyampaikan visi misi aja ga berani Petahana lho yg jiper duluan ","1081693409100746752","","Dahnilanzar","in","","0","0","0","https://x.com/undefined/status/1081693409100746752","584834253",
"1081693386875101184","Sat Jan 05 23:26:14 +0000 2019","0","Debat CAPRES ala kontes Burung Beo. Kalimatnya boleh ngapalin di kandang diajarin sama majikan. Biar pas kontes keliatan GACOR...","1081693386875101184","","","in","","0","0","0","https://x.com/undefined/status/1081693386875101184","151786685",
"1081553409579245569","Sat Jan 05 23:26:14 +0000 2019","0","@rmolco La iyalah. Wajar dan Harus disampaiken oleh Capres dan Cawapres.","1081693386820673536","","rmol_id","in","","0","0","0","https://x.com/undefined/status/1081693386820673536","901373280388431872",
"1081461607908007936","Sat Jan 05 23:26:04 +0000 2019","0","@hnurwahid @NenkMacan @KPU_ID KPU hanya merespon pakde. Gak peduli yg 200jt orang indonesia lainnya. Oh bahkan lebih dunia jg ingin tau visi misi capres kita mau di bawa kemana sih negara besar ini sm mereka?","1081693341379514368","","hnurwahid","in","","0","0","0","https://x.com/undefined/status/1081693341379514368","1030025737577803776",
"1081693331388649472","Sat Jan 05 23:26:01 +0000 2019","0","Melengkapi Jokowi Nasionalis-Religius Ma ruf Amin dipilih karena rekam jejaknya sebagai ulama besar yang diyakini bisa melengkapi kekurangan Jokowi nasionalis dan religius. #JokowiAminLebihBaik","1081693331388649472","","","in","","0","0","0","https://x.com/undefined/status/1081693331388649472","1080530566938685446",
"1081358811913318401","Sat Jan 05 23:26:00 +0000 2019","1","@widya_feriarisi @EdwinFe75114657 @Kadir_Karding @jokowi Jalan tol hanya untuk kendaraan Roda 4 (punya mobil = kaya) atau lebih.. tidak untuk semua rakyat. Malah faktanya kendaraan barang lebih banyak lewat bawah..","1081693326988857345","","widya_feriarisi","in","","0","1","0","https://x.com/undefined/status/1081693326988857345","391739994",
"1081693319808221184","Sat Jan 05 23:25:58 +0000 2019","1","Menurut Susi (Menteri Kelautan dan Perikanan) Pemerintahan Jokowi telah berhasil menjaga keberlanjutan sumber daya ikan dan lingkungan.... #JokowiHarapanPasti #01IndonesiaMaju #JelasIslamnya #JokowiOrangBaik","1081693319808221184","","","in","","1","0","1","https://x.com/undefined/status/1081693319808221184","1071106362258538496",
"1081429319501508608","Sat Jan 05 23:25:52 +0000 2019","0","@Dahnilanzar @prabowo @sandiuno @KPU_ID KPU MELANGGAR UU PEMILU UU Pemilu (UU no.7 tahun 2017) Pasal 274: Dalam rangka pendidikan politik KPU wajib memfasilitasi penyebarluasan materi kampanye Pemilu Presiden dan Wakil Presiden yang meliputi visi misi dan program Pasangan Calon .","1081693292473966592","","Dahnilanzar","in","","0","0","0","https://x.com/undefined/status/1081693292473966592","127874113",
"1081434864748920833","Sat Jan 05 23:25:51 +0000 2019","0","@Hilmi28 @HarryRidwan_Ay Pilih jokowi to di karir nya udah nyata. Gk bagus beli kucing dlm karung nanti yesel","1081693289508524032","","Hilmi28","in","","0","0","0","https://x.com/undefined/status/1081693289508524032","1080490189816905729",
"1081493298672357376","Sat Jan 05 23:25:49 +0000 2019","0","@ausmile Pencemaran nama baiknya sebelah mana ya? Itu fakto lo ya... jelas2 prabowo nyebar hoax..","1081693279563862016","","inyournightsky","in","","0","1","0","https://x.com/undefined/status/1081693279563862016","352167414",
"1081427414951968768","Sat Jan 05 23:25:47 +0000 2019","0","@sandiuno @prabowo Caranya gimana? Klo nolak TKA artinya Indonesia gak siap era perdagangan bebas","1081693271116591104","","sandiuno","in","","0","0","0","https://x.com/undefined/status/1081693271116591104","900636867875319808",
"1081429319501508608","Sat Jan 05 23:25:46 +0000 2019","0","@Dahnilanzar @prabowo @sandiuno @KPU_ID Yaaa sudah ketahuan abang mana paslon yg tau sama programnya sendiri mana paslon sukanya sodorkan orang lain (boneka emak banteng)","1081693266167255040","","Dahnilanzar","in","","0","0","0","https://x.com/undefined/status/1081693266167255040","58754980",
"1081693257199833089","Sat Jan 05 23:25:44 +0000 2019","0","Konfederasi Serikat Pekerja Seluruh Indonesia (KSPSI) Mendeklarasikan Dukungan Kepada Presiden Jokowi 🇮🇩 #IngatJokowi #2019JokowiKyaiMaruf #2019TetapJokowi #2019PilihJokowi https://t.co/V0k6Kj0oZx","1081693257199833089","https://pbs.twimg.com/media/DwLyQ7dU0AUaUp0.jpg","","in","","0","0","0","https://x.com/undefined/status/1081693257199833089","966951232416899073",
"1081493522295865344","Sat Jan 05 23:25:40 +0000 2019","0","@zarazettirazr @psi_id sebenrnya dukung @prabowo terbukti beberapa kalk membantu menggerus suara pemilih pak Jokowi. Ayo semangat rekan rekan PSI..kami Relawan Prabowo Sandi support kalian ","1081693243891281920","","","in","","0","0","0","https://x.com/undefined/status/1081693243891281920","78213261",
"1081693218343837697","Sat Jan 05 23:25:34 +0000 2019","0","Capres di laut ya #PrabowoTakutTesNgaji","1081693218343837697","","","in","","1","0","0","https://x.com/undefined/status/1081693218343837697","1070884336507867137",
"922488315248439296","Sat Jan 05 23:25:34 +0000 2019","0","@lidya_wrw @Anak_Perantau_ @JantoLatief2 @vintenas @LebahBorneo @garrycahill8 @SuryoUdoro @JhrPujianto @Swarnadiva9 @RamsesSiregar7 @JokSusi2019 @NurmaTgr @THD_011018 @LambangDC5 @Firman2941 @WetanKi @harimaumacannnn @CetakBalikpapan @seknasRI_02 @juventini_3rwin @Nanaa_rosaa @paquitacumadebu @Surono3111 @CakFiq99 @jaronosaurus @KPakdhe @KoRnHurry @Handoyo1998 @achza81 @Yulians16644168 @Fsilolongan @LingWinata81 @Cobra0312 @murny7 @lembusurabae @WawanPapAiko @nissaLoveAllah @DjokerGemblung @Namaku_Mei @jokowi @AndiArief__ @BareskrimPolri @Gerindra @prabowo @ustadtengkuzul Ada kabar orang tua aktifis nyari jasad anaknya tragedi 98 bisakah prabowo tunjukan kan orang jujur https://t.co/swYCrCcxYl","1081693217819512832","https://pbs.twimg.com/media/DwLyKt-UUAA7SGK.jpg","","in","","0","0","0","https://x.com/undefined/status/1081693217819512832","915790934599536640",
"1081693210764689410","Sat Jan 05 23:25:32 +0000 2019","0","Ribuan kapal ikan asing ilegal telah menguras kekayaan laut Indonesia selama puluhan tahun. Namun berkat ketegasan dan keberanian Jokowi sekarang membuat para pelaku pencurian ikan jera...... #JokowiHarapanPasti #01IndonesiaMaju #JelasIslamnya #JokowiOrangBaik","1081693210764689410","","","in","","1","0","0","https://x.com/undefined/status/1081693210764689410","1071106362258538496",
"1081395130924298241","Sat Jan 05 23:25:32 +0000 2019","0","@EkoFirgiawan @devylarasati @jokowi Kalo pembangunan besar-besaran jelas ada bang. Kan udah dibuktikan dalam video. Kalo pemerintah mengelola hasil pertanian dengan baik atau ga.Itu perlu kita cari tahu kalo memang benar sektor pertanian ga maju. Harusnya Pak Prabowo sudah berani mengangkat isu ini. RSCM aja berani","1081693207816134656","","EkoFirgiawan","in","","0","1","0","https://x.com/undefined/status/1081693207816134656","438912991",
"1081565415426293765","Sat Jan 05 23:25:31 +0000 2019","0","@Ferdinand_Haean @jokowi Itu perintah Agama Lae ...... Kok norak bgt cara berpikir nya !!! Msh wacana dan objek Jandanya yg diluar penerima Pensiun ( usul saya klasifikasi Janda .. Janda mati Janda diceraikan krn putusan PA dan miskin )","1081693202896191489","","Ferdinand_Haean","in","","0","0","0","https://x.com/undefined/status/1081693202896191489","1069952699771191296",
"1081693182830825473","Sat Jan 05 23:25:26 +0000 2019","0","SBY Siap Turun Gunung Kampanyekan Prabowo-Sandi https://t.co/JNxrOuj9VI","1081693182830825473","","","in","","0","0","0","https://x.com/undefined/status/1081693182830825473","846715204637376513",
"1081693171501813760","Sat Jan 05 23:25:23 +0000 2019","0","Mengapa tdk ada pilihan ketiga Bang @Dahnilanzar paslon 01 disampaikan oleh timses nya sendiri pd waktu yg berbeda dgn penyampaian visi misi oleh paslon 02. @KPU_ID @prabowo @sandiuno @jokowi","1081693171501813760","","","in","","0","0","0","https://x.com/undefined/status/1081693171501813760","967699718686978048",
"1081395130924298241","Sat Jan 05 23:25:22 +0000 2019","0","@jokowi Ah palingan juga beras impor lagi yg jaya.","1081693165982146560","","jokowi","in","","0","0","0","https://x.com/undefined/status/1081693165982146560","86032323",
"1081424097567899648","Sat Jan 05 23:25:18 +0000 2019","0","@mahendradatta semoga milihnya tetap prabowo sandi ...","1081693150979055616","","mahendradatta","in","","0","0","0","https://x.com/undefined/status/1081693150979055616","919825412414349313",
"1081693133845352448","Sat Jan 05 23:25:14 +0000 2019","0","jadi Guru mengalah soal jabatan? sehingga murid diajukan menjadi Capres. mantap! cara mendidik rakyatnya agar tidak gila jabatan ","1081693133845352448","","","in","","0","0","0","https://x.com/undefined/status/1081693133845352448","713949277",
"1081693128615030784","Sat Jan 05 23:25:13 +0000 2019","0","Presiden Jokowi Optimis Tahun 2024 Seluruh Tanah Di Indonesia Bersertifikat 🇮🇩 #IngatJokowi #2019JokowiKyaiMaruf #2019TetapJokowi #2019PilihJokowi https://t.co/bb1mIyqzsQ","1081693128615030784","https://pbs.twimg.com/media/DwLyGg8U0AAqFC7.jpg","","in","","0","0","0","https://x.com/undefined/status/1081693128615030784","966951232416899073",
"1081540871735017472","Sat Jan 05 23:25:10 +0000 2019","0","@musniumar @AkunTofa Mau tau ujungnya? Curang!!! Berarti hanya kecurangan yg bisa kalahkan prabowo sandi di 2019","1081693116493512704","","","in","","0","0","0","https://x.com/undefined/status/1081693116493512704","4013677392",
"1081693089570250752","Sat Jan 05 23:25:04 +0000 2019","0","Baru di era Jokowi saja Indonesia berani untuk menenggelamkan kapal asing yang mencuri ikan di perairan Indonesia ..... #JokowiHarapanPasti #01IndonesiaMaju #JelasIslamnya #JokowiOrangBaik","1081693089570250752","","","in","","1","0","0","https://x.com/undefined/status/1081693089570250752","1071106362258538496",
"1081693081278210048","Sat Jan 05 23:25:02 +0000 2019","2","Yuk Kenalan Dengan Sosok Ma ruf Amin Cawapres Jokowi #JokowiAminLebihBaik","1081693081278210048","","","in","","1","0","1","https://x.com/undefined/status/1081693081278210048","1080530566938685446",
"1081206908587991040","Sat Jan 05 23:24:52 +0000 2019","0","@FandhuW89 Siap pak jokowi dilaksanakan....","1081693042304675841","","FandhuW89","in","","0","0","0","https://x.com/undefined/status/1081693042304675841","1007821679525969921",
"1081358811913318401","Sat Jan 05 23:24:39 +0000 2019","0","@Kadir_Karding @jokowi Aug aaagh... Rakyat makin keblangsak aja susah orang tersihir nabi palsu.","1081692988013604864","","Kadir_Karding","in","","0","0","0","https://x.com/undefined/status/1081692988013604864","794766465786204161",
"1081692979918766081","Sat Jan 05 23:24:37 +0000 2019","0","KPU Beri Capres Daftar Pertanyaan Sebelum Debat Netizen: Kalau Begitu Nggak Usah Ada Debat https://t.co/Tx5biGzPKj","1081692979918766081","","","in","","0","0","0","https://x.com/undefined/status/1081692979918766081","131751447",
"1081692976462458880","Sat Jan 05 23:24:37 +0000 2019","0","Waspada Hoax Bencana Yang Menjatuhkan Presiden Jokowi 🇮🇩 #IngatJokowi #2019JokowiKyaiMaruf #2019TetapJokowi #2019PilihJokowi https://t.co/cnjiXhScOU","1081692976462458880","https://pbs.twimg.com/media/DwLyAIgVYAABbVB.jpg","","in","","0","0","0","https://x.com/undefined/status/1081692976462458880","966951232416899073",
"1081395130924298241","Sat Jan 05 23:24:36 +0000 2019","0","@jokowi Semangat pak jangan biarkan Indonesia ini di pimpin orang yang salah #jokowiseumurhidup","1081692975376134144","","jokowi","in","","0","0","0","https://x.com/undefined/status/1081692975376134144","1068695771711594501",
"1081259859947905024","Sat Jan 05 23:24:36 +0000 2019","0","@PriyoBudiS @prabowo @sandiuno Folbek dong","1081692974084284416","","PriyoBudiS","in","","0","0","0","https://x.com/undefined/status/1081692974084284416","938114678",
"1081679028317114368","Sat Jan 05 23:24:35 +0000 2019","0","@maspiyuuu @KPU_ID Dan tidak akan ada tanya jawab antar capres. Tidak ada. Yang ada adu sekfie cekrek cekrek","1081692969428705280","","mas_piyuuu","in","","0","0","0","https://x.com/undefined/status/1081692969428705280","912692135446536192",
"1081692948146749440","Sat Jan 05 23:24:30 +0000 2019","0","Lansia doakan Presiden Jokowi https://t.co/VwRKxNUenq","1081692948146749440","","","in","","0","0","0","https://x.com/undefined/status/1081692948146749440","846715204637376513",
"1081547574253805570","Sat Jan 05 23:24:28 +0000 2019","1","@Ardhan_syahil @HABIBII_ANA @prabowo Garis keras...!!!!","1081692941788229632","","","in","","0","0","0","https://x.com/undefined/status/1081692941788229632","901699639426007040",
"1081692885349654528","Sat Jan 05 23:24:15 +0000 2019","14","Debat teraneh sepanjang sejarah...apa masih bisa disebut Debat ? Gak sekalian isi soalnya ? Duuh..harus bilang apa ya ? @KPU_ID Capres-Cawapres Diberikan Daftar Pertanyaan Sebelum Debat https://t.co/6PTz8tq0st","1081692885349654528","","","in","","3","4","5","https://x.com/undefined/status/1081692885349654528","1001104873419456512",
"1081692880333230080","Sat Jan 05 23:24:14 +0000 2019","0","@RizmaWidiono Kemarin teriak Prabowo capres nol prestasi nol visi misi. Ternyata eh ternyata yang gak berani paparkan visi misi justru yang teriak-teriak. #JKWTakutPaparkanMisiVisi #PrabowoSandiAja","1081692880333230080","","RizmaWidiono","in","","0","0","0","https://x.com/undefined/status/1081692880333230080","1069485181298339840",
"1081692849542840320","Sat Jan 05 23:24:06 +0000 2019","0","Presiden Jokowi Membangun Ketahanan Indonesia Dengan Infrastruktur 🇮🇩 #IngatJokowi #2019JokowiKyaiMaruf #2019TetapJokowi #2019PilihJokowi https://t.co/bYKWwB6AAn","1081692849542840320","https://pbs.twimg.com/media/DwLx2p5V4AAntpQ.jpg","","in","","0","0","0","https://x.com/undefined/status/1081692849542840320","966951232416899073",
"1081692834598608896","Sat Jan 05 23:24:03 +0000 2019","0","Jokowi Ajak Milenial Perangi Hoax di Media Sosial https://t.co/ZI7ZGvuVkJ","1081692834598608896","","","in","","0","0","0","https://x.com/undefined/status/1081692834598608896","924110599386050560",
"1081395130924298241","Sat Jan 05 23:23:59 +0000 2019","0","@jokowi Lanjut 2 periode pak dan tetap semangat #JokowiMembangunIndonesia","1081692816789524482","","jokowi","in","","0","0","0","https://x.com/undefined/status/1081692816789524482","1066229714325450754",
"1081257782727208960","Sat Jan 05 23:23:54 +0000 2019","0","@Fahrihamzah Sumbernya karena Ada yg dikalahkan @jokowi ! Sakit Hati karena dikalahkan seorang tukang kayu yg semua didukungnya. Pihak mana penyebar dan Pencipta hoax khan sudah kita lihat bersama termasuk ANDA!!! Hadeeh semakin Perot tuh mulut kebanyakan nyinyir dan hoax. Gak sadar?!","1081692798074535937","","Fahrihamzah","in","","0","0","0","https://x.com/undefined/status/1081692798074535937","221003870",
"1081093588702744576","Sat Jan 05 23:23:53 +0000 2019","0","@PejuangFajar1 @scorpio21nov66 @HRVeranita @AkunTofa @riani_212 @ustadtengkuzul Hahahaha pasti ujungnya bilang IQ... Kl yg ngaku islami tp ternyata pilih capres belum tentu Islam?? Yakin hasil Itjima?? Sesekali jgn tidur terbalik dan jgn keluar malam..","1081692793901264896","","PejuangFajar1","in","","0","1","0","https://x.com/undefined/status/1081692793901264896","1019917450949812225",
"1081692785835556866","Sat Jan 05 23:23:51 +0000 2019","0","Relawan Susun Program Jokowi-Ma'ruf: Gaji Petani hingga Nafkah untuk Janda https://t.co/aYRTuHL0MU","1081692785835556866","https://pbs.twimg.com/media/DwLx2xpWoAAXobY.jpg","","in","","0","0","0","https://x.com/undefined/status/1081692785835556866","3288053485",
"1081692731397664769","Sat Jan 05 23:23:38 +0000 2019","1","yuks @prabowo @sandiuno jangan males yups #PrabowoTakutTesNgaji @djoenbaela https://t.co/14MyP3Vcp9","1081692731397664769","https://pbs.twimg.com/tweet_video_thumb/DwLxpPdU8AA0DCx.jpg","","in","","1","0","0","https://x.com/undefined/status/1081692731397664769","1071124608927952896",
"1081692730055569408","Sat Jan 05 23:23:38 +0000 2019","0","Tonton #01JokowiAmin - Program Bank Wakaf Mikro Jokowi di YouTube (link: https://t.co/j3ODNo12FG) https://t.co/pGAZjzHaK0 #01Indonesiamaju","1081692730055569408","","","in","","0","0","0","https://x.com/undefined/status/1081692730055569408","1732174656",
"1081692680499818496","Sat Jan 05 23:23:26 +0000 2019","0","Alumni Universitas Indonesia Siap Mendukung Presiden Jokowi Karena Terbukti Dari Prestasi &amp; Kerja Nyata 🇮🇩 #IngatJokowi #2019JokowiKyaiMaruf #2019TetapJokowi #2019PilihJokowi https://t.co/XPneyDxAtV","1081692680499818496","https://pbs.twimg.com/media/DwLxt4hU0AAn9yz.jpg","","in","","0","0","0","https://x.com/undefined/status/1081692680499818496","966951232416899073",
"1081692675747778560","Sat Jan 05 23:23:25 +0000 2019","0","Capres-Cawapres Diberikan Daftar Pertanyaan Sebelum Debat | Republika Online https://t.co/kHiaNcBTjN","1081692675747778560","","","in","","0","0","0","https://x.com/undefined/status/1081692675747778560","227170883",
"1081692616167546880","Sat Jan 05 23:23:11 +0000 2019","0","Salah satu tontonan yang sedang menjadi primadona di Indonesia saat ini adalah Pilpres 2019 dimana melibatkan salah satu sosok yang telah menjadi tontonan kesukaan masyarakat selama beberapa tahun terakhir yaitu Jokowi.","1081692616167546880","","","in","","0","0","0","https://x.com/undefined/status/1081692616167546880","1008511434735538176",
"1081692577223430146","Sat Jan 05 23:23:01 +0000 2019","0","Menteri Keuangan Sri Mulyani Memaparkan Pemerintahan Presiden Jokowi Optimis Menghadapi 2019 🇮🇩 #IngatJokowi #2019JokowiKyaiMaruf #2019TetapJokowi #2019PilihJokowi https://t.co/0kzUSi702Q","1081692577223430146","https://pbs.twimg.com/media/DwLxoirUUAAWayP.jpg","","in","","0","0","0","https://x.com/undefined/status/1081692577223430146","966951232416899073",
"1081594269951918081","Sat Jan 05 23:22:52 +0000 2019","0","@budimandjatmiko Terus gmn ni skrg tentang visi misi capres cawapres? Terus tentang pertanyaan debat kok pertanyaan dikasih tau sebelumnya Ayo tanggapannya om? Pikirlah yg jernih. Jgn berpikir kotor krn menjilat sehingga kecerdasan anda jd sia2","1081692538279362560","","budimandjatmiko","in","","0","0","0","https://x.com/undefined/status/1081692538279362560","1060121910376259586",
"1081392788703346688","Sat Jan 05 23:22:44 +0000 2019","1","@TheArieAir Pak Prabowo bukan tipe saya memilih pemimpin","1081692503063945216","","TheArieAir","in","","0","0","1","https://x.com/undefined/status/1081692503063945216","985515300249452544",
"1072129197676552192","Sat Jan 05 23:22:43 +0000 2019","4","@Eman56011 @SutanRiska @jokowi Logika mu dipakai jln yg bagus distribusi semakin cepat/tepat waktu....km bilang memakmurkan china.... Emang jln/infrastruktur dibangun dinegara china....kalo km merasa gk puas hati dgn jln yg baik yaa jgn lewati....jln kaki aja lewat hutan","1081692497900793856","","Eman56011","in","","0","0","0","https://x.com/undefined/status/1081692497900793856","1051752505862803456",
"1081128393851035649","Sat Jan 05 23:22:39 +0000 2019","0","@ustadtengkuzul @IpungLombok @jokowi Gk ada Jantan2nya gk ada Malu2nya..... Tipe Bencong. Sok Penguasa Puas2kn lah mumpung Jdi Penguasa. Pembodohan","1081692481073274880","","ustadtengkuzul","in","","0","0","0","https://x.com/undefined/status/1081692481073274880","880326798067683330",
"1081527347554136069","Sat Jan 05 23:22:37 +0000 2019","0","@abiyyu231299 @ElPertama Capres nya dong .. masa timses nya... Rendah sudah kualitas KPU","1081692475738079232","","abiyyu231299","in","","0","0","0","https://x.com/undefined/status/1081692475738079232","1023583332745924610",
"1081692465210392576","Sat Jan 05 23:22:35 +0000 2019","0","Program BBM Satu Harga Di Pemerintahan Presiden Jokowi Mencapai Target 🇮🇩 #IngatJokowi #2019JokowiKyaiMaruf #2019TetapJokowi #2019PilihJokowi https://t.co/IFA5iZehqi","1081692465210392576","https://pbs.twimg.com/media/DwLxhILUwAEfbcZ.jpg","","in","","0","0","0","https://x.com/undefined/status/1081692465210392576","966951232416899073",
"1081544116012441603","Sat Jan 05 23:22:31 +0000 2019","0","@kumparan persepsi publik ada indikasi meruntuhkan legitimasi @KPU_RI untuk meyakinkan publik bahwa pemilu 2019 banyak kecurangan oleh karnanya @DivHumas_Polri @BareskrimPolri segera mengungkap dalang di balik itu smw","1081692448194097152","","kumparan","in","","0","0","0","https://x.com/undefined/status/1081692448194097152","874970152932065282",
"1081395130924298241","Sat Jan 05 23:22:30 +0000 2019","0","@EkoFirgiawan @devylarasati @jokowi Saya hanya ingin berdiskusi bang. Bukan simpatisan manapun. Ga dukung kedua paslon. Lagipula apakah men-dungu kan sodara se-tanah air itu mencerminkan nilai nasionalisme. Saya yakin pak Prabowo dan Pak Jokowi tidak mengajarkan itu. Hanya Rocky Gerung saja yang tidak ber etika.","1081692447262953473","","EkoFirgiawan","in","","0","0","0","https://x.com/undefined/status/1081692447262953473","438912991",
"1081689155292155904","Sat Jan 05 23:22:23 +0000 2019","1","Tentu dibutuhkan komitmen pemerintah pusat dan daerah dalam program food stamp ini karena membutuhkan biaya yang tidak sedikit. Seluruh masyarakat miskin yg jumlahnya kurang lebih 10% skrg ini harus masuk program ini. @jokowi @prabowo @Dahnilanzar @budimandjatmiko","1081692416388689920","","Aminuddin001","in","","0","1","0","https://x.com/undefined/status/1081692416388689920","613737730",
"1081692403621347329","Sat Jan 05 23:22:20 +0000 2019","0","01 Antaranews Nasional (Lansia doakan Presiden Jokowi https://t.co/xDG74p65te)","1081692403621347329","","","in","","0","0","0","https://x.com/undefined/status/1081692403621347329","846373186262384641",
"1081410758502563841","Sat Jan 05 23:22:15 +0000 2019","0","@DisaFelicia @RajaPurwa @CakKhum @BangPino_ @mediana_cinta @laskar_minang @MCAOps @Asmara_1701 @UmmDandhan @SukaBasaBasi Kemarin teriak Prabowo capres nol prestasi nol visi misi. Ternyata eh ternyata yang gak berani paparkan visi misi justru yang teriak-teriak. #JKWTakutPaparkanMisiVisi #PrabowoSandiAja","1081692381001408513","","","in","","0","0","0","https://x.com/undefined/status/1081692381001408513","1069485181298339840",
"1080149967199555587","Sat Jan 05 23:22:12 +0000 2019","0","@IsekaiHero @CakKhum @prabowo @sandiuno Aaaamiin Allohumma Aamiin","1081692369911595008","","","fi","","0","0","0","https://x.com/undefined/status/1081692369911595008","436781222",
"1081478106936799233","Sat Jan 05 23:22:11 +0000 2019","0","@Ferdinand_Haean Rakyat banyak yg percaya dg JOKOWI Karena nyata Hasil Kerjanya Klo Prabowo baru berandai andai jd Rakyat ragu .mohon maaf sy gak pilih Prabowo.","1081692365755052033","","Ferdinand_Haean","in","","0","0","0","https://x.com/undefined/status/1081692365755052033","830452582468374529",
"1081692338806677505","Sat Jan 05 23:22:05 +0000 2019","1","Kerja Nyata Pemerintah Bersama Presiden Jokowi Pertama Kali Penerimaan Negara Lebih Tinggi Dari APBN 🇮🇩 #IngatJokowi #2019JokowiKyaiMaruf #2019TetapJokowi #2019PilihJokowi https://t.co/HTIxfZrntU","1081692338806677505","https://pbs.twimg.com/media/DwLxaVwVYAAy1L3.jpg","","in","","0","0","1","https://x.com/undefined/status/1081692338806677505","966951232416899073",
"1081692303935266817","Sat Jan 05 23:21:56 +0000 2019","0","#JKWTakutPaparkanMisiVisi @jokowi","1081692303935266817","","","qme","","0","0","0","https://x.com/undefined/status/1081692303935266817","711032462541848576",
"1081505305681227776","Sat Jan 05 23:21:53 +0000 2019","0","@Ravioeli Kenapa pas ga ke sana??? Q lo nhidam ketemu pak Jokowi kapan hari ke Krian ke rumah makan yg biasa q datengin ehh q pas ga kesana.. kamvret","1081692290358206465","","Ravioeli","in","","0","1","0","https://x.com/undefined/status/1081692290358206465","3038048066",
"1081692271521583104","Sat Jan 05 23:21:49 +0000 2019","0","Ya ngpn repot2 debat capres tuan @KPU_ID ngbs2n wktu","1081692271521583104","","","in","","0","0","0","https://x.com/undefined/status/1081692271521583104","273764342",
"1081692236469977088","Sat Jan 05 23:21:40 +0000 2019","0","Kepopuleran Presiden Joko Widodo (Jokowi) ternyata tidak hanya di negara ini. Namanya di mata dunia bahkan telah dipandang sebagai sosok berpengaruh dan ikonik. #2019JokowiKyaiMaruf https://t.co/bCzzygoGlT #2019JokowiKyaiMaruf","1081692236469977088","","","in","","0","0","0","https://x.com/undefined/status/1081692236469977088","1033862914988421120",
"1081692217050226688","Sat Jan 05 23:21:36 +0000 2019","0","Saparinah Sadli Alumni Psikologi Universitas Indonesia '61 Berikan Testimoni Kepada Presiden Jokowi 🇮🇩 #IngatJokowi #2019JokowiKyaiMaruf #2019TetapJokowi #2019PilihJokowi https://t.co/Vlya4xXVeP","1081692217050226688","https://pbs.twimg.com/media/DwLxVJ_U0AEAaSM.jpg","","in","","0","0","0","https://x.com/undefined/status/1081692217050226688","966951232416899073",
"1081692194031824897","Sat Jan 05 23:21:30 +0000 2019","4","Ada cebong bilang ini udah 2019 kok lom ganti presiden okelah daripada cebong semakin + gilanya jadi saya jawab 20191704 Prabowo Presiden Ebony mingkem Yuk ganti stts 2019 Ganti presiden dengan 20191704 Prabowo Presiden. @DapurPiets @Gamal_Albinsaid @LisaAmartaTara @picpadi https://t.co/ezd1AVyPoe","1081692194031824897","https://pbs.twimg.com/media/DwLxUOJUcAEc3aE.jpg","","in","","1","0","1","https://x.com/undefined/status/1081692194031824897","1079304240579768320",
"1081580092508168193","Sat Jan 05 23:21:29 +0000 2019","0","@Sharingan_NKRI @PartaiSocmed mau tanya emap @prabowo bisa apa.....","1081692187580977154","","Sharingan_NKRI","in","","0","0","0","https://x.com/undefined/status/1081692187580977154","864212965",
"1081692127073980416","Sat Jan 05 23:21:14 +0000 2019","1","Realisasi Janji Presiden Jokowi Berfokus Pada Nasionalisme Kerja Bukan Hanya Bersilat Lidah &amp; Retorika 🇮🇩 #IngatJokowi #2019JokowiKyaiMaruf #2019TetapJokowi #2019PilihJokowi https://t.co/ppEcnmW9tC","1081692127073980416","https://pbs.twimg.com/media/DwLwpfeVYAAKQue.jpg","","in","","0","0","1","https://x.com/undefined/status/1081692127073980416","966951232416899073",
"1081692105158799360","Sat Jan 05 23:21:09 +0000 2019","1","Mas Faldo please concern sama program kampanye pak Prabowo dan mas Sandi. Dirimu nggak perlu meladeni org2 spt itu. Mata hatinya telah buta. Better membukakan mata mrk yang masih punya hati nurani","1081692105158799360","","","in","","0","0","0","https://x.com/undefined/status/1081692105158799360","86540393",
"1079956453195079680","Sat Jan 05 23:21:08 +0000 2019","0","@aiman4168 @raffie_aqmal @CherriLeenZv1 @leoagus13181755 @suaraIit02 @chloetowntale @nikky_cheese @riau_riski @yusuf_dumdum @DfarDjafar @prabowo @MardaniAliSera @suhudalynudin @PIPINSOPIANUI @fadlizon @AdianNapitupul1 @TsamaraDKI @jokowi https://t.co/BpjGKtXQyH","1081692103061561344","","aiman4168","qme","","0","1","0","https://x.com/undefined/status/1081692103061561344","4845262633",
"1081671942241808385","Sat Jan 05 23:21:07 +0000 2019","2","@republikaonline Ya wajar....begitulah seharusnya ketika ada yg mau diganti minimal penggantinya bisa melanjutkan yg baik dari pendahulunya. Terima kasih @jokowi smoga anda bisa istirahat dng tenang d solo (klo gak di oprek @KPK_RI )","1081692096191377408","","republikaonline","in","","0","0","0","https://x.com/undefined/status/1081692096191377408","1314157519",
"1081692093452476416","Sat Jan 05 23:21:06 +0000 2019","0","Makin mendekati hari debat Makin mendekati hari pencoblosan Makin lucu @KPU_ID ini.. Makin bikin orang apatis terhadap pemilu besok. Apa jadinya nanti pemerintahan setelah Presidennya terpilih? Kalau prosesnya saja seperti ini. Mengecewakan!","1081692093452476416","","","in","","0","0","0","https://x.com/undefined/status/1081692093452476416","609831520",
"1081565415426293765","Sat Jan 05 23:20:57 +0000 2019","0","@Ferdinand_Haean @jokowi Evi Hutagaol udah janda belum??? Mohon pencerahan nya","1081692053312950273","","Ferdinand_Haean","in","","0","0","0","https://x.com/undefined/status/1081692053312950273","2840286361",
"1081502867796615168","Sat Jan 05 23:20:54 +0000 2019","2","@iskandar__fauzi @PhoenixDakota31 @prabowo lari mndkat apa mnjauh bang...kalau aku di pastikn ngumpet...tkut kena dampak negatif","1081692041602428928","","iskandar__fauzi","in","","0","1","0","https://x.com/undefined/status/1081692041602428928","968791975116791809",
"1081454803744481281","Sat Jan 05 23:20:54 +0000 2019","0","@ernestprakasa Jokowi sudah dikasih kesempatan dan terbukti buruk saatnya kasih kesempatan selain Jokowi...gitu aja kok repot","1081692041069813761","","","in","","0","2","0","https://x.com/undefined/status/1081692041069813761","810301187014553601",
"1080371551248179200","Sat Jan 05 23:20:52 +0000 2019","0","@Metro_TV d bebankan ke sandi. prabowo licik","1081692034870607872","","Metro_TV","in","","0","0","0","https://x.com/undefined/status/1081692034870607872","1045534357912412163",
"1081692032945405952","Sat Jan 05 23:20:52 +0000 2019","5","Ngga pernah share postingan agama. Ngga pernah posting lagi ibadah. Natal masih ngucapin selamat. Tahun Baru masih ngerayain. Belum ana antum akhi ukhti. Ga suka ama Ust Felix Siauw Bukan pengikut Ust Adi Hidayat Dukung Jokowi sisan Aku ma jauh lah dari kategori relijiyes.","1081692032945405952","","","in","","0","2","3","https://x.com/undefined/status/1081692032945405952","581492324",
"1081493160516153344","Sat Jan 05 23:20:45 +0000 2019","1","@mantriss pakde jokowi juga sama. esemka akan akan dan akan diproduksi.chek historynya","1081692004063428609","","mantriss","in","","0","0","0","https://x.com/undefined/status/1081692004063428609","4718554040",
"1081691991765708800","Sat Jan 05 23:20:42 +0000 2019","2","Prabowo yang gak ada prestasi aja berani lah ini yg katanya prestasinya bejibun kok ga berani mestinya petahana rileks #JKWTakutPaparkanMisiVisi","1081691991765708800","","","in","","0","0","0","https://x.com/undefined/status/1081691991765708800","410366662",
"1081691982567825408","Sat Jan 05 23:20:40 +0000 2019","0","Jokowi: Semoga Perayaan Natal Membawa Damai di Hati Kita Semua (Surat Rakyat) - https://t.co/BJ8mQWkII9 https://t.co/qqOvoRZjmo","1081691982567825408","https://pbs.twimg.com/media/DwLxIBFXcAAJSe6.jpg","","in","","0","0","0","https://x.com/undefined/status/1081691982567825408","948364604723228672",
"1081691975055597568","Sat Jan 05 23:20:38 +0000 2019","0","Diresmikan Jokowi Ini Penampakan Rusun Mahasiswa Milenial https://t.co/8kpFeNitlO","1081691975055597568","","","in","","0","0","0","https://x.com/undefined/status/1081691975055597568","924110599386050560",
"1081443361817427968","Sat Jan 05 23:20:24 +0000 2019","0","@maspiyuuu KPU mengakomodasi semua tuntutan petahana. KPU tidak independen lagi.. Pemilu adil makin jauh","1081691915488092161","","mas_piyuuu","in","","0","0","0","https://x.com/undefined/status/1081691915488092161","1378750038",
"1081691901936295936","Sat Jan 05 23:20:20 +0000 2019","0","@null Jokowi Bicara Fakta soal Caplok Freeport Pemerintah Indonesia secara resmi mengg https://t.co/0fTcpxKTsO","1081691901936295936","","null","in","","0","0","0","https://x.com/undefined/status/1081691901936295936","1938200054",
"1081691890624299010","Sat Jan 05 23:20:18 +0000 2019","0","Pertama kali tau ada debat capres/cawapres dikasih tau pertanyaannya dulu. Kok malah jadi tes hapalan kayak anak SD? @KPU_ID Koplaaakkk","1081691890624299010","","","in","","0","0","0","https://x.com/undefined/status/1081691890624299010","115810070",
"1081358811913318401","Sat Jan 05 23:20:10 +0000 2019","0","@Kadir_Karding @jokowi beraninya vlog doank nyampein visi misi ja gak berani cemen","1081691856675627009","","Kadir_Karding","in","","0","0","0","https://x.com/undefined/status/1081691856675627009","1075731287783104513",
"1081441085455446017","Sat Jan 05 23:20:03 +0000 2019","0","@hanumrais Apaan tuh ga beres Kalo soal sudah dikasihkan sebelum debut sama aja bohong . Yg bagus soal diundi dan sama ga tau Batalin aja debat visi misi capres Gimana rakyat bisa tau kemampuan intelektual capres nya","1081691830222090240","","hanumrais","in","","0","0","0","https://x.com/undefined/status/1081691830222090240","1050183810560679936",
"1081691821208612866","Sat Jan 05 23:20:01 +0000 2019","3","Sepekan sebelum debat capres KPU akan kirim daftar pertanyaan kepada para peserta https://t.co/MFDaaJMOIY #Politik","1081691821208612866","","","in","","7","8","3","https://x.com/undefined/status/1081691821208612866","43799886",
"1081691821154004992","Sat Jan 05 23:20:01 +0000 2019","1","Sepekan sebelum debat capres KPU akan kirim daftar pertanyaan kepada para peserta https://t.co/7e5E0P1UEO #Politik","1081691821154004992","","","in","","0","0","0","https://x.com/undefined/status/1081691821154004992","459358747",
"1081691800211869696","Sat Jan 05 23:19:56 +0000 2019","0","Pak. Jokowi adalah seorang Pemimpin yang lahir dari rakyat biasa memiliki citra diri sebagai sosok yang easygoing dan penuh inovasi-inovasi baru.","1081691800211869696","","","in","","0","0","0","https://x.com/undefined/status/1081691800211869696","1008511434735538176",
"1081619152853360645","Sat Jan 05 23:19:51 +0000 2019","0","@arlex_wu @BatuApiFakfak @prabowo @sandiuno @TehTJEMPLUNG @swulll @Ferdinand_Haean Nomer 02 nya ga ada yaa om ?","1081691779374542848","","NdonB4ck","in","","0","0","0","https://x.com/undefined/status/1081691779374542848","1046773530442878976",
"1081691673309204480","Sat Jan 05 23:19:26 +0000 2019","0","Lucu Capres Disodorkan Daftar Pertanyaan Sepekan Sebelum Debat https://t.co/GZEY8hX857 #2019PrabowoSandi","1081691673309204480","","","in","","0","0","0","https://x.com/undefined/status/1081691673309204480","1034442679235489792",
"922488315248439296","Sat Jan 05 23:19:24 +0000 2019","0","@lidya_wrw @JantoLatief2 @vintenas @LebahBorneo @garrycahill8 @SuryoUdoro @JhrPujianto @Swarnadiva9 @RamsesSiregar7 @JokSusi2019 @NurmaTgr @THD_011018 @LambangDC5 @Firman2941 @WetanKi @harimaumacannnn @CetakBalikpapan @seknasRI_02 @juventini_3rwin @Nanaa_rosaa @paquitacumadebu @Surono3111 @CakFiq99 @jaronosaurus @KPakdhe @KoRnHurry @Handoyo1998 @achza81 @Yulians16644168 @Fsilolongan @LingWinata81 @Cobra0312 @murny7 @lembusurabae @WawanPapAiko @nissaLoveAllah @DjokerGemblung @blackjava007 @Namaku_Mei @jokowi @AndiArief__ @BareskrimPolri @Gerindra @prabowo Hahahaha...gak punya referensi...??? Minum obat biar cepat tidur....","1081691666715598849","","","in","","0","0","0","https://x.com/undefined/status/1081691666715598849","1016655236591599616",
