"conversation_id_str","created_at","favorite_count","full_text","id_str","image_url","in_reply_to_screen_name","lang","location","quote_count","reply_count","retweet_count","tweet_url","user_id_str","username"
"1082789032466079744","Tue Jan 08 23:59:57 +0000 2019","0","Menyudahi Jokowi Mengakhiri Masalah Bangsa https://t.co/viJD2ISBNq","1082789032466079744","","","in","","0","0","0","https://x.com/undefined/status/1082789032466079744","1364359680",
"1082687596008861696","Tue Jan 08 23:59:56 +0000 2019","3","@DaenkMuslimin @ILCtv1 @karniilyas @KPU_ID @jokowi @prabowo Atau selang cuci darah RSCM","1082789030578728960","","DaenkMuslimin","in","","0","1","0","https://x.com/undefined/status/1082789030578728960","321440010",
"1082667858843205632","Tue Jan 08 23:59:47 +0000 2019","0","@ILCtv1 @AryaSinulingga @jokowi @MarufAminNU Kasihan ini orang hanya mempermalukan dirinya sendiri Gak jelas apa yng dikatakan","1082788991403929600","","ILCTalkshow","in","","0","0","0","https://x.com/undefined/status/1082788991403929600","1067673359964549121",
"1082265088759783424","Tue Jan 08 23:59:46 +0000 2019","0","@KPU_ID @NoeeEng @mas_abudiman @viryanazis @novida_evi @masws1533 @PramonoUtan @hsym_asyari @arifhakim66 @robie2u @K_Setyawan Ya Allah Orang2 bodoh jadi pemimpin. Keduanya itu capres onnn bloon.","1082788987960348673","","KPU_ID","in","","0","0","0","https://x.com/undefined/status/1082788987960348673","3170866136",
"1082777510968848385","Tue Jan 08 23:59:40 +0000 2019","1","@MichelaniaAdam @andi_btg Betul memang Terlalu lembut timses @prabowo klo sedeng debat dgn timses mulyono Timses @prabowo seharusnya di isi orang2 speerti @AndiArief__ @jansen_jsp","1082788961049763840","","MichelaniaAdam","in","","0","0","1","https://x.com/undefined/status/1082788961049763840","936634254141693953",
"1082788957660692480","Tue Jan 08 23:59:39 +0000 2019","8","Seringlah menyebut nama Prabowo Sandi daripada nama tetangga sebelah. https://t.co/4AnLbmwfA9","1082788957660692480","","","in","","1","0","4","https://x.com/undefined/status/1082788957660692480","309474261",
"1082788887083270144","Tue Jan 08 23:59:22 +0000 2019","0","I liked a @YouTube video https://t.co/aasAbFFO47 Film Pendek Kami Jokowi Presiden Gue Keren . Karya Muda Milenial Sedulur Jokowi","1082788887083270144","","","in","","0","0","0","https://x.com/undefined/status/1082788887083270144","202936253",
"1082788880124764160","Tue Jan 08 23:59:20 +0000 2019","0","Warga Menangis Ketika Jokowi Membantah Fitnah https://t.co/NqazFDXYDC","1082788880124764160","","","in","","0","0","0","https://x.com/undefined/status/1082788880124764160","3279146702",
"1082788876727566336","Tue Jan 08 23:59:20 +0000 2019","0","(CNN Indonesia | Mendagri Nilai Isu Surat Suara Tercoblos Didramatisasi) https://t.co/mWFQZOmkO4 #pemilu #pemilu2019","1082788876727566336","","","in","","0","0","0","https://x.com/undefined/status/1082788876727566336","968428811107819521",
"1082788851725135872","Tue Jan 08 23:59:14 +0000 2019","0","@jokowi Pagi Pak Jokowi Pak ini ada tehnik menyelesaikan hutang dengan baik secara Mikro Ekonomi coba dianalogikan atau ditarik secara Makro Ekonomi Pak Terima Kasih. https://t.co/iCgWS2vFJ2","1082788851725135872","","jokowi","in","","0","0","0","https://x.com/undefined/status/1082788851725135872","932783535626240000",
"1082788755168063489","Tue Jan 08 23:58:51 +0000 2019","0","Berdasarkan survei Indikator elektabilias Jokowi-Ma'ruf 54 9 persen sementara Prabowo-Sandiaga 34 8 persen. Ini menunjukkan bahwa kepercayaan masyarakat akan kinerja Presiden Jokowi masih tinggi 🇮🇩 #IngatJokowi #2019JokowiKyaiMaruf #2019TetapJokowi #2019PilihJokowi https://t.co/LiNIagqirF","1082788755168063489","https://pbs.twimg.com/media/DwbWnb7VYAAL-Rk.jpg","","in","","0","0","0","https://x.com/undefined/status/1082788755168063489","966951232416899073",
"1082275171753324544","Tue Jan 08 23:58:47 +0000 2019","0","@benNjerry Fix lo sibuknya ngalah2i jokowi... Hahaha dasar lo sok banget ","1082788738281889793","","BenTobiazz","in","","0","0","0","https://x.com/undefined/status/1082788738281889793","2798753658",
"1082788718107332609","Tue Jan 08 23:58:42 +0000 2019","0","BPN Prabowo: Capres 'Dildo' Bentuk Kritik Agar Pilpres Riang Gembira https://t.co/Lbzz3W26b4","1082788718107332609","","","in","","0","0","0","https://x.com/undefined/status/1082788718107332609","18040227",
"1082788665208651778","Tue Jan 08 23:58:29 +0000 2019","32","Soal Hoaks BPN Duga Ketua Relawan Prabowo Terlalu Semangat https://t.co/7xYqrVDsDV","1082788665208651778","","","in","","13","29","16","https://x.com/undefined/status/1082788665208651778","17128975",
"1082788654785847296","Tue Jan 08 23:58:27 +0000 2019","0","Presiden Jokowi meminta kepada jajaran menteri dan pihak-pihak terkait untuk melakukan konsolidasi antara sektor riil dunia usaha industri dengan sektor moneter yang sudah tertuang dalam APBN 2019 🇮🇩 #IngatJokowi #2019JokowiKyaiMaruf #2019TetapJokowi #2019PilihJokowi https://t.co/i5WyzCx2FU","1082788654785847296","https://pbs.twimg.com/media/DwbWgsiU0AAkdyO.jpg","","in","","0","0","0","https://x.com/undefined/status/1082788654785847296","966951232416899073",
"1082209441833832450","Tue Jan 08 23:58:23 +0000 2019","0","@P3nj3l4j4h Masa visi misi Kapala Desa aja Debat kok visi misi capres ga mau debat mundur aja Tim Prabowo.","1082788637685641216","","P3nj3l4j4h","in","","0","1","0","https://x.com/undefined/status/1082788637685641216","1079213517801021441",
"1082788627262754816","Tue Jan 08 23:58:20 +0000 2019","0","Tenang aja kan @jokowi hebat. Duitnya ((adaaaa)). Wah meremehkan presiden dan menteri2 terbaik sedunia mimi peri ini bank dunia #2019PrabowoPresidenRI #SaveAniesBaswedan #savemuslimuyghur","1082788627262754816","","","in","","0","0","0","https://x.com/undefined/status/1082788627262754816","4834697112",
"1082783755712905216","Tue Jan 08 23:58:14 +0000 2019","1","@BPJSKesehatanRI Kapan evaluasi peserta bpjs pbi? negara banyak nombok karena peserta bpjs pbi banyak yang bukan dari org tidak mampu. Udah dibayarin merokok lagi. Sebagai peserta mandiri kami kok jadi eneg harus gotong royong dgn pemerintah demi mereka yang tidak tahu diri. @jokowi @KemenkesRI","1082788600599597058","","BPJSKesehatanRI","in","","0","0","0","https://x.com/undefined/status/1082788600599597058","78589808",
"1082384433984892929","Tue Jan 08 23:58:12 +0000 2019","0","@hanumrais Yg meminta bocoran itu dari tim prabowo lok gak malu ya ngomong... Asal ngecap","1082788593783922688","","hanumrais","in","","0","0","0","https://x.com/undefined/status/1082788593783922688","776816234633375745",
"1082788551270584320","Tue Jan 08 23:58:02 +0000 2019","0","HRS HIMBAU GANTI TAGAR 2019 GANTI PRESIDEN DENGAN TAGAR 2019 PRABOWO PRESIDEN: https://t.co/XL8cBSpAU7 via @YouTube","1082788551270584320","","","in","","0","0","0","https://x.com/undefined/status/1082788551270584320","4911268405",
"1082744559258324993","Tue Jan 08 23:58:01 +0000 2019","0","@FaisalBasri Hanya di rezim @jokowi","1082788545612267520","","FaisalBasri","in","","0","1","0","https://x.com/undefined/status/1082788545612267520","131910796",
"1082699938230722561","Tue Jan 08 23:57:38 +0000 2019","0","@IsmaelMbatu @JKFC23456789 @jokowi 2019 H sdh jd presiden para jin hahaha","1082788452502917127","","IsmaelMbatu","in","","0","1","0","https://x.com/undefined/status/1082788452502917127","752662787000635393",
"1082788436002562049","Tue Jan 08 23:57:35 +0000 2019","2","Baru kali ini gw liat Capres berani begini ... *Ini kayak iklan deterjen kah?? #DildoForIndonesia #NurhadiAldo2019 https://t.co/l1fDO2SSSq","1082788436002562049","https://pbs.twimg.com/media/DwbWVvzVAAAT4E-.jpg","","in","","0","1","1","https://x.com/undefined/status/1082788436002562049","868706630480797697",
"1079691933671251969","Tue Jan 08 23:57:22 +0000 2019","0","@diatius @HenyMustikasari @aviachmad1 @PartaiSocmed klo rakyat susah tanyakn pada pejabat daerah gubernur waljot dll... dana apbd mereka bnyk untk rkyat tdk semua salah jokowi dongg jaman susah knpa orang sekarang mobiknya baru baru ya ?? motor keluaran semua...","1082788382403526657","","diatius","in","","0","0","0","https://x.com/undefined/status/1082788382403526657","932832590435827712",
"1082788380415385601","Tue Jan 08 23:57:21 +0000 2019","2","https://t.co/Q2SuPMHCAN aturanya emang sudah begitu pak. Udah visi-misi membaca lagi bukan pemaparan. Membaca sih boleh tapi debatnya juga harus dilaksanain ya. Siap kan ? @Prabowo @Sandiaga #ILCMengujiNetralitasKPU #PrabowoTakutDebat","1082788380415385601","","","in","","1","0","1","https://x.com/undefined/status/1082788380415385601","1071015163925422080",
"1082788376078475264","Tue Jan 08 23:57:20 +0000 2019","0","epic!! #StopHoax Jaga #Pilpres2019 Jaga #Pileg2019 #SaveKPU ketika Pemilu 2014 selesai komisioner-komisioner KPU seketika jadi pejabat partai ... maaf hanya mengingatkan!!","1082788376078475264","","","in","","0","0","0","https://x.com/undefined/status/1082788376078475264","247277409",
"1082782781233520640","Tue Jan 08 23:57:19 +0000 2019","0","@nurzain @VIVAcoid @jokowi Setuju","1082788372639141888","","nurzain","in","","0","0","0","https://x.com/undefined/status/1082788372639141888","737417117574696960",
"1082645840190205954","Tue Jan 08 23:57:19 +0000 2019","2","@tidaksusah @SammiSoh Sepakat...kebanyakan teman jg milih prabowo karna fitnah2 dimedsos...mereka aktif bgt tiap harinya share kebencian fitnah dan provokasi","1082788371347300352","","tidaksusah","in","","0","1","0","https://x.com/undefined/status/1082788371347300352","2636680009",
"1082788347922108416","Tue Jan 08 23:57:14 +0000 2019","0","Untuk meningkatkan daya tahan ekonomi Presiden Jokowi meminta kepada jajaran menteri dan pihak-pihak terkait untuk melakukan konsolidasi 🇮🇩 #IngatJokowi #2019JokowiKyaiMaruf #2019TetapJokowi #2019PilihJokowi https://t.co/5lbBxwzXTi","1082788347922108416","https://pbs.twimg.com/media/DwbWJfoU8AAj9j1.jpg","","in","","0","0","0","https://x.com/undefined/status/1082788347922108416","966951232416899073",
"1082687596008861696","Tue Jan 08 23:57:08 +0000 2019","0","@ILCtv1 @karniilyas @KPU_ID @jokowi @prabowo Memprihatinkan","1082788323163201536","","ILCTalkshow","in","","0","0","0","https://x.com/undefined/status/1082788323163201536","1040811188878073856",
"1082788310257303552","Tue Jan 08 23:57:05 +0000 2019","49","Mahfud MD: Tidak Akan Ada yang Terlihat Dungu di Debat Capres https://t.co/St3ddVZFj4 #Pemilu2019","1082788310257303552","","","in","","5","20","12","https://x.com/undefined/status/1082788310257303552","41730943",
"1082788281912315905","Tue Jan 08 23:56:58 +0000 2019","0","(Liputan 6 | Komisioner KPU Mengaku Terinspirasi Akun Capres Cawapres Fiktif Nurhadi-Aldo) https://t.co/OmoIYGCVIx #pemilu #pemilu2019","1082788281912315905","","","in","","0","0","0","https://x.com/undefined/status/1082788281912315905","968428811107819521",
"1082612814726946817","Tue Jan 08 23:56:54 +0000 2019","0","@Asmara_1701 @fadlizon @prabowo Pasukan nasi bungkussss ","1082788266498117632","","Asmara_1701","in","","0","0","0","https://x.com/undefined/status/1082788266498117632","1076133921463558144",
"1082258076479086593","Tue Jan 08 23:56:53 +0000 2019","0","@merdekadotcom Rakyat tdk takut ancaman @jokowi dkk kami bkn gerombolan kalian yg takut dgn perubahan !! #2019 GANTI PRESIDEN","1082788260718436352","","merdekadotcom","in","","0","0","0","https://x.com/undefined/status/1082788260718436352","903987942552616960",
"1082686681872912385","Tue Jan 08 23:56:52 +0000 2019","0","@muannas_alaidid @jokowi @psi_id @Menlu_RI KBRI mana?","1082788259191676928","","muannas_alaidid","in","","0","0","0","https://x.com/undefined/status/1082788259191676928","560473679",
"1082471435556118528","Tue Jan 08 23:56:50 +0000 2019","0","@Ferdinand_Haean Ga mau ah Kalo harus Menyerahkan Masa depan Bangsa kpd Bkn Ahlinya 3 Kegagalan @prabowo Jangan sampai Menular pada Kegagalan mengurus Bangsa 1. Gagal di Militer 2. Gagal d Rumah Tangga 3. Gagal jd Presiden Indonesia saat ini sdh berada d Rel yg bener Jangan prcaya tipu daya Setan","1082788250572541953","","Ferdinand_Haean","in","","0","0","0","https://x.com/undefined/status/1082788250572541953","993114371692769280",
"1081736629323059200","Tue Jan 08 23:56:49 +0000 2019","0","@permadiaktivis @prabowo @sandiuno Yang kaya memang banyak banyak yang kaya karena korupsi. Yang miskin banyak para rakyat jelata.","1082788243735625730","","permadiaktivis","in","","0","0","0","https://x.com/undefined/status/1082788243735625730","481680272",
"1082788239642025984","Tue Jan 08 23:56:48 +0000 2019","1","https://t.co/jT1ShhJkYj jadi Memang sudah begitu pak. Udah visi-misi membaca lagi bukan pemaparan. Membaca sih boleh tapi debatnya juga harus dilaksanain ya. Siap kan ? @Prabowo @Sandiaga #ILCMengujiNetralitasKPU #PrabowoTakutDebat","1082788239642025984","","","in","","1","0","1","https://x.com/undefined/status/1082788239642025984","1070690910516604928",
"1082692469060521987","Tue Jan 08 23:56:47 +0000 2019","0","@detikcom Saya sependapat dg Pa Akbar.. jangan sampai KPU mengkebiri nilai2 intelektual para capres dan cawapres..","1082788237087694849","","detikcom","in","","0","0","0","https://x.com/undefined/status/1082788237087694849","1044895742538608640",
"1082690236696514560","Tue Jan 08 23:56:37 +0000 2019","1","@CakKhum @rockygerung yang ketawa2 pendukung pak prabowo padahal yg usul kisi2 timses prabowo ","1082788196771983360","","suaragagap","in","","0","1","1","https://x.com/undefined/status/1082788196771983360","82023760",
"1082788153574842368","Tue Jan 08 23:56:27 +0000 2019","0","Alhamdulillah pak jokowi tidak sereceh PM Australia ini","1082788153574842368","","","in","","0","0","0","https://x.com/undefined/status/1082788153574842368","89166470",
"1082788117784932352","Tue Jan 08 23:56:19 +0000 2019","1","Lagi ramai meme alumni Universitas ini Universitas itu dukung Jokowi. Kalau alumni Oxford English Course gak boleh ikut2an?","1082788117784932352","","","in","","0","0","0","https://x.com/undefined/status/1082788117784932352","36014242",
"1072478643778191360","Tue Jan 08 23:56:18 +0000 2019","0","@herriabdulkadir @Nisa_safiyaa @JokSusi2019 @MahesaTiwi @NekDetektif @makLambeTurah @fadjroeL @bonihargens @BurhanMuhtadi @RizmaWidiono @GueCebongs @GunRomli @NajwaShihab @KoRnHurry Kepala otak bapak kau tu cebong apa kabar kasus honggo meikarta keluarga jokowi dan yg lainnya","1082788114454573056","","GuardianNKRI","in","","0","0","0","https://x.com/undefined/status/1082788114454573056","1013741392349155328",
"1082182672623915008","Tue Jan 08 23:56:15 +0000 2019","0","@orgpinggir @gus_naquiba @Dennysiregar7 @prabowo Lu masuk Cebong yg mana hayooo pilih sendiri ya https://t.co/9dUQHNxwIR","1082788103734013952","https://pbs.twimg.com/media/DwbWB-xVYAAvt2D.jpg","orgpinggir","in","","0","2","0","https://x.com/undefined/status/1082788103734013952","1036931562430849028",
"1082788076550709248","Tue Jan 08 23:56:09 +0000 2019","0","Pemberantasan Korupsi pada era pemerintahan Presiden Jokowi lebih baik dari pemerintahan sebelumnya dan tak akan pernah intervensi masalah hukum karena Indonesia adalah negara hukum 🇮🇩 #IngatJokowi #2019JokowiKyaiMaruf #2019TetapJokowi #2019PilihJokowi https://t.co/tNpsRG20Nt","1082788076550709248","https://pbs.twimg.com/media/DwbWAMGUwAA0aA5.jpg","","in","","0","0","0","https://x.com/undefined/status/1082788076550709248","966951232416899073",
"1082769460417712129","Tue Jan 08 23:56:08 +0000 2019","1","@Ny_AzizAlSaggaf @permadiaktivis Permintaan saya cuma 1 insya Alloh jika @prabowo menjadi presiden ditahun 2019 tlong pertemukan saya dengan dia abu SANDAL","1082788071303565312","","Najwa_AlSaggaf","in","","0","2","0","https://x.com/undefined/status/1082788071303565312","936634254141693953",
"1082786894369280000","Tue Jan 08 23:56:07 +0000 2019","0","@KSPgoid @jokowi Mungkin ada baiknya dicantumkan di dalam kurikulum.","1082788069177098240","","KSPgoid","in","","0","0","0","https://x.com/undefined/status/1082788069177098240","1024642647309205505",
"1082788049690406913","Tue Jan 08 23:56:02 +0000 2019","0","KPU Cermati Kemunculan Akun Capres-Cawapres Fiktif Nurhadi-Aldo https://t.co/GadnqujEnC","1082788049690406913","","","in","","0","0","0","https://x.com/undefined/status/1082788049690406913","1064740530",
"1082275118632431618","Tue Jan 08 23:55:56 +0000 2019","0","@mochamadarip gue kalo ketemu jokowi juga pasti gini deh : (","1082788022620508160","","tailkoxyz","in","","0","0","0","https://x.com/undefined/status/1082788022620508160","981044740907921413",
"1082782565591707648","Tue Jan 08 23:55:48 +0000 2019","0","@PriyoBudiS Kenapa dulu titik suharto menceraikan prabowo?","1082787991142129664","","PriyoBudiS","in","","0","0","0","https://x.com/undefined/status/1082787991142129664","358943655",
"1082787932400803840","Tue Jan 08 23:55:34 +0000 2019","1","Mari wujudkan pemilu 2019 yang aman damai &amp; sejuk 2019 . https://t.co/I254X2K8di","1082787932400803840","https://pbs.twimg.com/media/DwbV3tqUcAANUNY.jpg","","in","","0","0","0","https://x.com/undefined/status/1082787932400803840","1057843859323990016",
"1082787889149169664","Tue Jan 08 23:55:24 +0000 2019","0","Ferdinand Hutahaen : Cara Mencintai Bangsa saat ini : 1. 17 April 2019 Datang Ke TPS 2. Pilih Prabowo Sandi 3. Jgn tergiur dgn uang 100 ribu suaramu tdk semurah itu. 4. Awasi kecurangan di tempatmu 5.... https://t.co/p2cw7gVLyH","1082787889149169664","","","in","","0","0","0","https://x.com/undefined/status/1082787889149169664","309474261",
"1081898916352643072","Tue Jan 08 23:55:20 +0000 2019","1","@budimandjatmiko @jokowi Katedral","1082787870631354368","","budimandjatmiko","tl","","0","0","0","https://x.com/undefined/status/1082787870631354368","953962561610776577",
"1082719132523454464","Tue Jan 08 23:55:18 +0000 2019","15","@fadlizon @prabowo Bagus buat menghibur diri ","1082787862586699777","","fadlizon","in","","0","0","0","https://x.com/undefined/status/1082787862586699777","1076133921463558144",
"1082787850385420288","Tue Jan 08 23:55:15 +0000 2019","0","Ada orang yang bertanya pada saya via WA Apakah benar kita mengimpor beras gula daging sayur-sayuran buah-buahan bahkan garam. Sambil disertakan gambar Jokowi. Saya jawab benar. Itu terjadi sejak zaman... https://t.co/UU3L3WtWOG","1082787850385420288","","","in","","0","0","0","https://x.com/undefined/status/1082787850385420288","386984668",
"1082787826079477760","Tue Jan 08 23:55:09 +0000 2019","0","terlihat sambil senyum jokowi itu melihat apa ya.. sementara diseberang sungai banyak warga yang menontonnya #2019PrabowoPresidenRI Lou Chin Lung FB https://t.co/pWlEzO0iGW","1082787826079477760","https://pbs.twimg.com/media/DwbVx_xUYAIKZeL.jpg","","in","","0","0","1","https://x.com/undefined/status/1082787826079477760","255536573",
"1082782024790769666","Tue Jan 08 23:55:07 +0000 2019","1","@kompascom Insya Allah Jokowi lagi ️️️️","1082787818403901440","","kompascom","in","","0","0","0","https://x.com/undefined/status/1082787818403901440","812093233408917506",
"1082601661875417088","Tue Jan 08 23:55:04 +0000 2019","0","@Ferdinand_Haean GDP Indonesia 2017 saja US$ 4.130 66 = Rp 58.428.675 - per tahun dibagi 365 hari = Rp 160.109 - dapat data darimana penghasilan rakyat Rp 11 ribu per hari Fer ??? aku pakai data BANK DUNIA lho yaaa yang SERING salah di baca ama CAPRES mu . . .","1082787803749015552","","Ferdinand_Haean","in","","0","0","0","https://x.com/undefined/status/1082787803749015552","270878477",
"1082787776569827329","Tue Jan 08 23:54:57 +0000 2019","0","TKN jokowi-maruf semakin memperkeruh susana dengan stetmen mengenai debat pilpres malah akan menimbulkan kekacauan dan kepanasan di 2 kubu.","1082787776569827329","","","in","","0","0","0","https://x.com/undefined/status/1082787776569827329","1900076700",
"1082786076148649984","Tue Jan 08 23:54:57 +0000 2019","3","@Dwiyana_DKM @jokowi Untuk menuju #01IndonesiaMaju maju dan lebih maju lagi. @Jokowi bergerak di semua lini . Membangun fisik juga mental . Optimis..optimis..optimis... Bersama #IndonesiaPilihJokowi Kita menuju #indonesiakuat Karena #JokowiHarapanPasti Yuk..kerja..kerja..bersama #01JokowiLagi","1082787773239574528","","Dwiyana_DKM","in","","0","1","1","https://x.com/undefined/status/1082787773239574528","972357839279673344",
"1082787732642967552","Tue Jan 08 23:54:47 +0000 2019","0","JANGAN MAIN2LAH KPU ...SANDI;MASYARAKAT MULAI TAK PERCAYA KPU;RAGUKAN PEMILU BISA JUJUR DAN ADI... https://t.co/DZ4rsxWzkf lewat @YouTube","1082787732642967552","","","in","","0","0","0","https://x.com/undefined/status/1082787732642967552","4897580641",
"1082530931494182912","Tue Jan 08 23:54:30 +0000 2019","0","@hardi_anton @gussas75 @subangkitz @budimandjatmiko @JinggaApi @jati_kusumo @BudiMamo @Yovis_Archi @bill_plenthonk @syahirulalim @prabowo Daripada kamu gelantungan di pohon","1082787663445340161","","hardi_anton","in","","0","1","0","https://x.com/undefined/status/1082787663445340161","2664722515",
"1082771152282370048","Tue Jan 08 23:54:29 +0000 2019","0","@darsosantani @prabowo @sandiuno @SBYudhoyono @ZUL_Hasan @PriyoBudiS 4th dihoax bagaiman perasaanya hoax janji2 cung","1082787656264609794","","darsosantani","in","","0","0","0","https://x.com/undefined/status/1082787656264609794","820978803891576835",
"1082787642024947714","Tue Jan 08 23:54:25 +0000 2019","1","Koalisi hoaxs penyebar hoaxs pembohangan publik prabowo raja hoaxs","1082787642024947714","","","in","","0","0","1","https://x.com/undefined/status/1082787642024947714","1069614928946900992",
"1082719132523454464","Tue Jan 08 23:54:23 +0000 2019","1","@fadlizon @prabowo Amiin.. #2019PrabowoPresidenRI","1082787633409884160","","fadlizon","in","","0","0","0","https://x.com/undefined/status/1082787633409884160","1049755774161838080",
"1082779057127706626","Tue Jan 08 23:54:10 +0000 2019","0","@nabila10011 @Danke245 @prabowo ko lu ngatur si suka suka gue lahh #ILCMengujiNetralitasKPU #PrabowoTakutDebat","1082787578451902464","","faqihpakeqyu","in","","0","0","0","https://x.com/undefined/status/1082787578451902464","1071015163925422080",
"1082666128667824130","Tue Jan 08 23:54:03 +0000 2019","10","@AndiArief__ saya kok meyakini kang @AndiArief__ sebenernya di kubu pak @jokowi karena setiap cuitan membuat elekbitas jokowi naik. #SalamSatuJempol","1082787547917385728","","Andiarief__","in","","0","0","1","https://x.com/undefined/status/1082787547917385728","711939688282460160",
"1082719132523454464","Tue Jan 08 23:53:54 +0000 2019","1","@fadlizon @prabowo #2019PrabowoPresidenRI","1082787512144150528","","fadlizon","qme","","0","0","0","https://x.com/undefined/status/1082787512144150528","865364004914380800",
"1082787450705965056","Tue Jan 08 23:53:40 +0000 2019","0","Jadi Beda Team Prabowo ada Team Sandi Sandi Usul Debat Diubah Jadi Seminar Ini Kata KPU https://t.co/brI3OVVyOI","1082787450705965056","","","in","","0","0","0","https://x.com/undefined/status/1082787450705965056","900347481346654209",
"1082248649193664512","Tue Jan 08 23:53:39 +0000 2019","1","@GueIslam212aja @aqilashafana11 @permadiaktivis @opink_zamenx @prabowo @sandiuno @Ferdinand_Haean @Dahnilanzar @saididu @AkunTofa @hanumrais @rockygerung Wajah mesum gitumah cari gratisan","1082787448311037952","","GueIslam212aja","in","","0","1","0","https://x.com/undefined/status/1082787448311037952","292390605",
"1081711083264471041","Tue Jan 08 23:53:39 +0000 2019","0","@ardi_riau Sayang yg minta dari tim nya prabowo...miris https://t.co/hRYQ9bTJq4","1082787447459565568","","ardi_riau","in","","0","0","0","https://x.com/undefined/status/1082787447459565568","66979409",
"1079617859720892416","Tue Jan 08 23:53:34 +0000 2019","0","@jokowi Alhamdulillah seneng pak tp jalan-jalan utama di lampung masih sangat memprihatinkan terkhusus lampung tengah","1082787426349735936","","jokowi","in","","0","0","0","https://x.com/undefined/status/1082787426349735936","978304836432089088",
"1082484665682780160","Tue Jan 08 23:53:26 +0000 2019","0","@MFahmadina Seperti nya anda benar2 ga suka banget sama capres yg bernama prabowo dn sandi ","1082787392493252608","","","in","","0","0","0","https://x.com/undefined/status/1082787392493252608","1077842206684176384",
"1081929696265129984","Tue Jan 08 23:53:15 +0000 2019","0","@fluidasae @anandasukarlan Yang nulis ini lawan politiknya nih . Pak Jokowi yang tabah ya? Bpk dihina orang.","1082787349463916545","","","in","","0","0","0","https://x.com/undefined/status/1082787349463916545","1026388597413371904",
"1082678787785973761","Tue Jan 08 23:53:14 +0000 2019","1","@MeAys3 @RizmaWidiono @ridwankamil @prabowo Mengajak berdoa untuk sungai Citarum supaya sampahnya cepat hilang","1082787344556511232","","MeAys3","in","","0","1","0","https://x.com/undefined/status/1082787344556511232","827032718571565056",
"1082787342367277057","Tue Jan 08 23:53:14 +0000 2019","0","#JokowiCakImin #JoinKepri2019 #NasionalisReligius FOLLOW | RETWEET | LIKE | KOMEN Jokowi-CakImin https://t.co/LxagLWgBwF","1082787342367277057","","","in","","0","0","0","https://x.com/undefined/status/1082787342367277057","951299907083681792",
"1082746570334826496","Tue Jan 08 23:53:13 +0000 2019","0","@FaisalBasri 2018 rejimnya @jokowi","1082787338860736512","","FaisalBasri","in","","0","0","0","https://x.com/undefined/status/1082787338860736512","131910796",
"1082787326365814784","Tue Jan 08 23:53:10 +0000 2019","0","Kunjungi Palu Prabowo Kecam Korupsi Bantuan Bencana https://t.co/KR5LBWX7q1 @prabowo @Gerindra","1082787326365814784","","","in","","0","0","0","https://x.com/undefined/status/1082787326365814784","857379518",
"1082779497684848640","Tue Jan 08 23:53:09 +0000 2019","0","@marierteman Klo beli ini bisa jadi capres ga?","1082787323345915904","","marierteman","in","","0","0","0","https://x.com/undefined/status/1082787323345915904","154118899",
"1082488056597237761","Tue Jan 08 23:53:05 +0000 2019","0","@eliya_mkom @prabowo @sandiuno Baiklah ibuk #2019PrabowoPresidenRI","1082787304798806016","","eliya_mkom","in","","0","0","0","https://x.com/undefined/status/1082787304798806016","1027377085445070848",
"1081736629323059200","Tue Jan 08 23:53:03 +0000 2019","0","@permadiaktivis @prabowo @sandiuno Ni sampe gini ke makanan https://t.co/y2YQsKy4Xe","1082787296984723456","","permadiaktivis","in","","0","0","0","https://x.com/undefined/status/1082787296984723456","174453386",
"1082787262033588224","Tue Jan 08 23:52:55 +0000 2019","8","7. Presiden @jokowi: Saya minta edukasi kebencanaan ini betul-betul dikerjakan secara baik dan konsisten dilakukan sejak dini dan masuk dalam muatan yang diajarkan dalam sistem pendidikan sehingga kita siap dalam menghadapi setiap bencana #JokowiPrioritaskanEdukasiKebencanaan https://t.co/pBzGf5NCzt","1082787262033588224","https://pbs.twimg.com/media/DwbVQ3sVsAEibd8.jpg","","in","","0","0","4","https://x.com/undefined/status/1082787262033588224","772689620576395264",
"1082787214088536064","Tue Jan 08 23:52:43 +0000 2019","0","Mantap... Teriakan Prabowo bergema dmn ","1082787214088536064","","","in","","0","0","0","https://x.com/undefined/status/1082787214088536064","977393036924628992",
"1082787207621079040","Tue Jan 08 23:52:42 +0000 2019","0"," Gertakan-Gertakan Mantan Jenderal TNI Moeldoko pada Kubu Prabowo https://t.co/4sYeZyGPOg","1082787207621079040","","","in","","0","0","0","https://x.com/undefined/status/1082787207621079040","846715204637376513",
"1082666128667824130","Tue Jan 08 23:52:41 +0000 2019","5","@AndiArief__ Sampeyan gak perlu nyuruh mikir lah. Sampeyan jelas bersikap bodo' amat dg 02 Sampeyan cm pura2x ndukung 02. Sampeyan mulai kuatir 14 gagal total ke Senayan Karena sampeyan Jokowi makin besar peluangnya. Simpel","1082787204831690752","","Andiarief__","in","","0","0","0","https://x.com/undefined/status/1082787204831690752","188372327",
"1082468209473642496","Tue Jan 08 23:52:33 +0000 2019","0","@Dahnilanzar @prabowo Mas @Prabowo melarang pakai kata cebong terus kata apa yg pantas buat mereka yg tdk mampu berpikir logis. InsyaAllah #2019PrabowoPresiden","1082787172875259904","","Dahnilanzar","in","","0","0","0","https://x.com/undefined/status/1082787172875259904","2914166058",
"1082510812843888640","Tue Jan 08 23:52:17 +0000 2019","0","@PriyoBudiS Capres abadi kenak stroke klepek mati dech","1082787104990457856","","PriyoBudiS","in","","0","0","0","https://x.com/undefined/status/1082787104990457856","1370056795",
"1082447541596172288","Tue Jan 08 23:52:11 +0000 2019","0","@Ferdinand_Haean @bawaslu_RI @aniesbaswedan @jokowi Mereka mau bermain api pasti terbakar","1082787080671903744","","Ferdinand_Haean","in","","0","0","0","https://x.com/undefined/status/1082787080671903744","1077926721612013568",
"1082787062149861376","Tue Jan 08 23:52:07 +0000 2019","0","Ekonomi Keumatan Jadi Perhatian Jokowi https://t.co/97Bud7N4CV","1082787062149861376","","","in","","0","0","0","https://x.com/undefined/status/1082787062149861376","1064740530",
"1082787040318504961","Tue Jan 08 23:52:02 +0000 2019","0","Emak-Emak dan Gubernur Sambut Prabowo Subianto di Bandara Mutiara SIS al-Jufri Palu https://t.co/aQQlSgDeiF @prabowo @Gerindra","1082787040318504961","","","in","","0","0","0","https://x.com/undefined/status/1082787040318504961","857379518",
"1082719132523454464","Tue Jan 08 23:52:00 +0000 2019","6","@fadlizon @prabowo Capres abadi....","1082787033813213184","","fadlizon","es","","0","1","0","https://x.com/undefined/status/1082787033813213184","2874159632",
"1082665684453285888","Tue Jan 08 23:51:59 +0000 2019","4","@Abie_1234 @Ony_anwar @PriyoBudiS @saididu @prabowo @sandiuno @Dahnilanzar @hincapandjaitan Bukan lemah bang...takutx diam2 trnyata dia mengidolakan si nganu","1082787028490571776","","Abie_1234","in","","0","1","0","https://x.com/undefined/status/1082787028490571776","1014190929048043520",
"1082787021398122498","Tue Jan 08 23:51:57 +0000 2019","0","BPN: Jokowi Menghindar Penyampaian Visi Misi Karena Janji 2014 Tidak Terealisasi https://t.co/XcTuyxacOJ","1082787021398122498","","","in","","0","0","0","https://x.com/undefined/status/1082787021398122498","2595440408",
"1082787011809796096","Tue Jan 08 23:51:55 +0000 2019","2"," wakil presiden jusuf kala: pemaparan visi misi dan program kerja harus disampaikan sendiri oleh paslon capres-cawapres . waduh..!! tambah meriang gelagapan visi misi dan program kerja tahun 2014 saja banyak yg mangkrak.","1082787011809796096","","","in","","0","0","0","https://x.com/undefined/status/1082787011809796096","932129883861348353",
"1082547957163913216","Tue Jan 08 23:51:52 +0000 2019","0","@haikal_hassan Rakyat dah pinter beh......mana yg benar2 tulus dan mana yg sk bohong/bikin hoax Inshaa Allah @jokowi menang","1082786999390527488","","","in","","0","0","0","https://x.com/undefined/status/1082786999390527488","738296383728275457",
"1082786994453807104","Tue Jan 08 23:51:51 +0000 2019","7","6. Ditegaskan Presiden @jokowi perkenalan awal pada mitigasi bencana diharapkan dapat menambah pengetahuan para siswa dan masyarakat mengenai tindakan yang harus dilakukan saat bencana terjadi #JokowiPrioritaskanEdukasiKebencanaan https://t.co/oHP4bQZu5N","1082786994453807104","https://pbs.twimg.com/media/DwbVBg2VsAAbXlS.jpg","","in","","0","0","2","https://x.com/undefined/status/1082786994453807104","772689620576395264",
"1082786984140009472","Tue Jan 08 23:51:48 +0000 2019","0","Pakde @Jokowi sebagai incumbent sudah melaksanakan kerja nyata. Lah kalo paslon 02 mah masih berupa gagasan. Dan gagasannya berupa lapangan kerja dan keadilan itu udah pak @Sandiaga makanya jangan sandiwara mulu hidupnya. #ILCMengujiNetralitasKPU #PrabowoTakutDebat","1082786984140009472","","","in","","1","0","0","https://x.com/undefined/status/1082786984140009472","1071015163925422080",
"1082678787785973761","Tue Jan 08 23:51:44 +0000 2019","0","@RizmaWidiono @ridwankamil @prabowo Masih aja NYINYIR prabohong","1082786964447756288","","RizmaWidiono","in","","0","0","0","https://x.com/undefined/status/1082786964447756288","1076133921463558144",
"1082786934538162176","Tue Jan 08 23:51:37 +0000 2019","0","debat capres itu perlu karena jika hanya pemaparan visi dan misi hanya menjual mimpi saja. dengan debat bisa digali bagaimana cara pikirnya untuk mewujudkan visi itu. jangan2 hanya asbun saja. ngomong tanpa dasar. #DebatCapres","1082786934538162176","","","in","","0","0","1","https://x.com/undefined/status/1082786934538162176","96872350",
"1082786934361997312","Tue Jan 08 23:51:37 +0000 2019","0","@Jokowi sebagai incumbent sudah melaksanakan kerja nyata. Lah kalo paslon 02 mah masih berupa gagasan. Dan gagasannya berupa lapangan kerja dan keadilan itu udah pak @Sandiaga makanya jangan sandiwara mulu hidupnya. #ILCMengujiNetralitasKPU #PrabowoTakutDebat","1082786934361997312","","jokowi","in","","0","0","0","https://x.com/undefined/status/1082786934361997312","1070690910516604928",
"1082654222695448576","Tue Jan 08 23:51:32 +0000 2019","0","@JKFC23456789 @jessica_hade @PDemokrat @jokowi @Ferdinand_Haean @AndiArief__ @RachlanNashidik @RizmaWidiono @Gerindra @P3nj3l4j4h @PriyoBudiS @TheArieAir @fadlizon Novel Baswedan apa kbr bro?","1082786917207265280","","JKFC23456789","in","","0","0","0","https://x.com/undefined/status/1082786917207265280","198329943",
"1082786894369280000","Tue Jan 08 23:51:27 +0000 2019","9","5. Mengenai edukasi kebencanaan Presiden @jokowi menginstruksikan jajaran terkait agar mulai memperkenalkan dan memberikan edukasi terkait mitigasi bencana sejak dini #JokowiPrioritaskanEdukasiKebencanaan https://t.co/5Vi0AGLU6w","1082786894369280000","https://pbs.twimg.com/media/DwbU7jXVAAAB7iT.jpg","","in","","0","1","3","https://x.com/undefined/status/1082786894369280000","772689620576395264",
"1082786872630202368","Tue Jan 08 23:51:22 +0000 2019","0","KALO MAU UNGKAP JANGAN CUMA HUTANGNYA PDB-NYA JUGA DONG BIAR ADIL LEBIH BESAR JAMAN JOKOWI BANGET .. JADI HUTANG NGGAK USAH DI KHAWATIRKAN PRODUK DOMESTIK BRUTTO (PDB) BESAR OTOMATIS ANGSURAN HUTANG LEBIH... https://t.co/M0DHeYCTvW","1082786872630202368","","","in","","0","0","0","https://x.com/undefined/status/1082786872630202368","1453658329",
"1082680249110822912","Tue Jan 08 23:51:22 +0000 2019","0","@Karolina_bee11 @prabowo Balak hoax Indonesia.","1082786871640375297","","Karolina_bee77","in","","0","0","0","https://x.com/undefined/status/1082786871640375297","1138727688",
"1082645292791619585","Tue Jan 08 23:51:16 +0000 2019","0","@uzikbaroroh0212 @ILCtv1 @prabowo @sandiuno Beli AC sonooh","1082786848663990273","","uzikbaroroh","tr","","0","1","0","https://x.com/undefined/status/1082786848663990273","202089357",
"1082520864015343616","Tue Jan 08 23:51:12 +0000 2019","0","@miikoalghifari @BasyaAlika @wanmatss @ustadtengkuzul ya si tengku jg kebangeten dia junjung setinggi langit prabowo yg kafir islamnya 5 thn sekali dia benci jkw yg sejak lahir jelas islam. kritik boleh ke jkw tapi yg pantas lah gunakan kata2 dia yg kapasitas nya sbg ustad ( kata dia) jgn asal jeplak kae radio rusak","1082786833249882112","","miikimiaw","in","","0","3","0","https://x.com/undefined/status/1082786833249882112","1046642545558573056",
"1082786822801940480","Tue Jan 08 23:51:10 +0000 2019","0","Emak-Emak dan Gubernur Sambut Prabowo Subianto di Bandara Mutiara SIS al-Jufri Palu https://t.co/6DYh8fqGOT","1082786822801940480","","","in","","0","0","0","https://x.com/undefined/status/1082786822801940480","857379518",
"1082786814065238017","Tue Jan 08 23:51:08 +0000 2019","0","Ya Allah semoga penyakit wabah Hoax yang menhangkit negeri ini segera sembuh. pemilu berjalan damai sejuk da aman. Asmiin. https://t.co/ypmIPEEGZj","1082786814065238017","https://pbs.twimg.com/media/DwbU1wfVsAE9Dc5.jpg","","in","","0","0","0","https://x.com/undefined/status/1082786814065238017","1061069078310207488",
"1082779057127706626","Tue Jan 08 23:50:55 +0000 2019","0","@nabila10011 @Danke245 @prabowo najis emang gua kaka lu apaa #ILCMengujiNetralitasKPU #PrabowoTakutDebat","1082786761846050818","","faqihpakeqyu","in","","0","1","0","https://x.com/undefined/status/1082786761846050818","1071015163925422080",
"1082786745295327232","Tue Jan 08 23:50:51 +0000 2019","11","4. Menurut Presiden @jokowi sebagai sebuah negara di wilayah cincin api masyarakat Indonesia harus sigap dan tangguh dalam menghadapi kemungkinan bencana alam yang terjadi #JokowiPrioritaskanEdukasiKebencanaan https://t.co/3bKumpCyYR","1082786745295327232","https://pbs.twimg.com/media/DwbUy-uVAAAXy0H.jpg","","in","","0","0","2","https://x.com/undefined/status/1082786745295327232","772689620576395264",
"1082258076479086593","Tue Jan 08 23:50:50 +0000 2019","0","@merdekadotcom 1.Beginilah kalau sdh lupa kacang pada kulitnya tentara itu berasal dari rahim rakyat jadi walau sdh purn adagium gak boleh dilupakan apalagi dinafikan 2. KPU itu kan bkn pemerintah tapi penyelenggara pemilu yg dibentuk oleh pemerintah bersama DPR","1082786739083653120","","merdekadotcom","in","","0","0","0","https://x.com/undefined/status/1082786739083653120","1007881081024991232",
"1082786700227600384","Tue Jan 08 23:50:41 +0000 2019","0","Karya Jokowi berkelas dan modern","1082786700227600384","","","in","","0","0","0","https://x.com/undefined/status/1082786700227600384","1056895442758168576",
"1082249398019534851","Tue Jan 08 23:50:37 +0000 2019","0","@jokowi Pagi Pak Jokowi Pak ini ada tehnik menyelesaikan hutang dengan baik secara Mikro Ekonomi coba dianalogikan secara Makro Ekonomi atau ditarik secara Makro Ekonomi Pak Terima Kasih. https://t.co/iCgWS2vFJ2","1082786686810021889","","jokowi","in","","0","0","0","https://x.com/undefined/status/1082786686810021889","932783535626240000",
"1082786683840385024","Tue Jan 08 23:50:37 +0000 2019","0","@KPU_ID min kalau pas ada pemilu gitu trus para mahasiswa lagi di kota perantauan jadi ga bisa milih dong?","1082786683840385024","","KPU_ID","in","","0","0","0","https://x.com/undefined/status/1082786683840385024","776137190",
"1082786656673886213","Tue Jan 08 23:50:30 +0000 2019","3","Anies Doakan Prabowo dan Sandiaga Menang di Pilpres 2019 https://t.co/Vb73rAsd4I","1082786656673886213","","","in","","0","0","0","https://x.com/undefined/status/1082786656673886213","304300543",
"1082786639049412608","Tue Jan 08 23:50:26 +0000 2019","4","3. Presiden @jokowi: Saya ingin mengingatkan untuk terus memperkuat daya tahan dan kesigapan kita hadapi bencana. Pada APBN 2019 pemerintah bersama @DPR_RI mengalokasikan lebih banyak lagi anggaran untuk edukasi dan mitigasi bencana alam #JokowiPrioritaskanEdukasiKebencanaan https://t.co/UXXnSz6sOg","1082786639049412608","https://pbs.twimg.com/media/DwbUs5uUcAEg7U-.jpg","","in","","0","0","2","https://x.com/undefined/status/1082786639049412608","772689620576395264",
"1082786634351820800","Tue Jan 08 23:50:25 +0000 2019","0","https://t.co/3rx93fso6W aduh buseh Sayang banget muda-muda tapi udah diajarin busuk sama @Prabowo #ILCMengujiNetralitasKPU #PrabowoTakutDebat","1082786634351820800","","","in","","0","0","0","https://x.com/undefined/status/1082786634351820800","1071015163925422080",
"1082258076479086593","Tue Jan 08 23:50:21 +0000 2019","0","@merdekadotcom bpk ini main ancam ingat pak Jenderal Prabowo iTu didukung rakyat klu Ada yg ngancam² pak Prabowo yaa pasti rakyat akan membela jd pikir2 dl pak yaa","1082786618665185280","","merdekadotcom","in","","0","0","0","https://x.com/undefined/status/1082786618665185280","1077926721612013568",
"1082687596008861696","Tue Jan 08 23:50:20 +0000 2019","0","@ILCtv1 @karniilyas @KPU_ID @jokowi @prabowo TvOne luar biasa. Sangat mengedukasi dan menginspirasi utk mereka yg takut utk terbuka !","1082786611945848832","","ILCTalkshow","in","","0","0","0","https://x.com/undefined/status/1082786611945848832","1070299289509801989",
"1082786600923348992","Tue Jan 08 23:50:17 +0000 2019","0","LAGU JOKOWI YANG BIKIN NANGIS TERHARU! https://t.co/HLvF60alf5 via @YouTube #2019TetapJokowi #2019OgahGantiPresiden #2019KarenaAkuInginIndonesiaJaya #2019JokowiMa'ruf","1082786600923348992","","","in","","0","0","0","https://x.com/undefined/status/1082786600923348992","750119245506240512",
"1082119440697675776","Tue Jan 08 23:50:16 +0000 2019","0","@___Ghostababil_ @komangtrisanthy @Kemdikbud_RI @jokowi @Itjen_Kemdikbud @KEMENPORA_RI","1082786597488156672","","IATeam___","qam","","0","0","0","https://x.com/undefined/status/1082786597488156672","43035231",
"1082786596166918144","Tue Jan 08 23:50:16 +0000 2019","0","Pengusaha kecil travel agent biasa siap gulung tikar.. @jokowi @kemenhub151 @SriwijayaAir @IndonesiaGaruda https://t.co/1RBL0OEB92","1082786596166918144","https://pbs.twimg.com/media/DwbUowhVAAE4LQP.jpg","","in","","0","0","0","https://x.com/undefined/status/1082786596166918144","194009260",
"1082786582099181569","Tue Jan 08 23:50:13 +0000 2019","1","Syarat capres dan cawapres perlu dirubah yaitu harus pernah menjabat Bupati/walikota dan atau gubernur sehingga ketika menjabat jgn belajar lagi dan menghindari dibohongi oleh pejabat2 koruptor yg menjabat dan sangat pintar utk cari muka","1082786582099181569","","","in","","0","0","0","https://x.com/undefined/status/1082786582099181569","1026393241367633921",
"1082786579976843264","Tue Jan 08 23:50:12 +0000 2019","0","@null Eks Presenter Bantu Persiapan Debat Jokowi BPN: Prabowo Apa Adanya Biarlah Pra https://t.co/t7JxnDEy6D","1082786579976843264","","null","in","","0","0","0","https://x.com/undefined/status/1082786579976843264","205533274",
"1082770217057411073","Tue Jan 08 23:50:09 +0000 2019","2","@milanda28 @Tanianiaaa10 #ILCMengujiNetralitasKPU BPN @prabowo @sandiuno yg minta bobot dr pd debat tdk terlalu dlm serta diberitahukan kisi2 nya agar tdk berpotensi mempermalukan Capres.bhkn mereka memberikan contoh Pilpres 2014.Ttp buzzer dan timses mereka terus mainkan isu yg putarbalikkan fakta. https://t.co/9lszleoE6Z","1082786568199270400","https://pbs.twimg.com/media/DwbUoyvU8AAREel.jpg","milanda28","in","","1","1","1","https://x.com/undefined/status/1082786568199270400","1028865122209415168",
"1082786561651990528","Tue Jan 08 23:50:08 +0000 2019","0","Awas serangan makin kalap setelah nyerang capres gagal terus nyerang cawapres gagal juga sekarang secara masif nyerang @KPU_ID dengan rencana matang menolak hasil pemilu 17 April 2019..dan akan bikin punah NKRI... #KoalisiSakit #KoalisiPecundang","1082786561651990528","","","in","","0","0","0","https://x.com/undefined/status/1082786561651990528","789141873101201408",
"1082782625662525440","Tue Jan 08 23:49:58 +0000 2019","4","@Mrmarshall_rama @PriyoBudiS Saya nunggu tuduhan gini : ini Pak Prabowo jawabnya lancar pasti karena pertanyaannya udah dikasih 1 minggu sebelumnya","1082786522070302720","","Mr_cosanostra","in","","0","1","0","https://x.com/undefined/status/1082786522070302720","1417664456",
"1082693060625031168","Tue Jan 08 23:49:55 +0000 2019","2","@BiLLRaY_ @P3nj3l4j4h @Fahrihamzah membela diri ketika pimpinan DPR d serang dgn bicara soal pembagian tugas di DPR anda benar tp ketika bicara soal kesalahan2 yg mrupkan tugas2 pemerintah daerah dr desa smpai kabupaten dgn enteng @Fahrihamzah dan @fadlizon itu salah presiden jokowi","1082786509709660162","","BiLLRaY_","in","","0","0","1","https://x.com/undefined/status/1082786509709660162","1003161668229259264",
"1082786504542306304","Tue Jan 08 23:49:54 +0000 2019","0","10 tahun @SBYudhoyono jd presiden dan @PDemokrat berkuasa di DPR bgm penangan masalah HAM? utk seorang SBY yg anggota DKP sj tdk bs menyelesaikan HAM 98.. apalagi berharap pd @prabowo utk selesaikan kasus2 HAM. coba anda tanyakan sm SBY bersalahkah Prabowo?","1082786504542306304","","","in","","0","0","0","https://x.com/undefined/status/1082786504542306304","986766493021974528",
"1082604237563916289","Tue Jan 08 23:49:54 +0000 2019","0","@Dony73980216 @triescalm @Gerindra @prabowo @sandiuno @MoctharAli @NgabalinAli @erickthohir @GunRomli @cakimiNOW @KPU_ID @Fahrihamzah @fadlizon @putrabanten80 Waduh ","1082786504038969345","","Dony73980216","en","","0","0","0","https://x.com/undefined/status/1082786504038969345","1009450991316422656",
"1082786500650008576","Tue Jan 08 23:49:53 +0000 2019","0","Rencana kerjasama @palangmerah dgn @QRCS dalam masa recovery bagi masyarakat terdampak Gempa Tsunami dan likuifaksi Sulteng..Cc @jokowi @Pak_JK @wapres_ri @DPR_RI @kemenkopmk @tjahjo_kumolo https://t.co/ghYjRAWPBc","1082786500650008576","https://pbs.twimg.com/media/DwbUj-tUYAAsEFV.jpg","","in","","0","0","0","https://x.com/undefined/status/1082786500650008576","795491029201756160",
"1082786498775138304","Tue Jan 08 23:49:53 +0000 2019","1","https://t.co/ffqRckIMgg masih muda-muda tapi udah diajarin busuk sama @Prabowo #ILCMengujiNetralitasKPU #PrabowoTakutDebat","1082786498775138304","","","in","","1","0","1","https://x.com/undefined/status/1082786498775138304","1070690910516604928",
"1082786487307972608","Tue Jan 08 23:49:50 +0000 2019","2","Wapres JK : Kalau pertanyaan debat dibuka duluan berarti yg menjawabnya tim. Padahal yang mau diuji adalah Capres-Cawapres. Seharunya @KPU_ID tak perlu memberikan pertanyaan untuk dibahas terlebih dahulu. Sebab publik ingin mengetahui kemampuan calon.'' https://t.co/Rn57lwJqmZ","1082786487307972608","","","in","","0","0","1","https://x.com/undefined/status/1082786487307972608","579089730",
"1082590853875429376","Tue Jan 08 23:49:50 +0000 2019","0","@tempodotco Masa sih pak @prabowo bapak sudah lakukan apa untuk mereka? Cuma dijadikan isu politik?? Bisakan bantu kalo emang bener...paling tidak mereka survive dulu..kalo emang benar....ya toh....atau cuma isu politikling??","1082786485986717696","","tempodotco","in","","0","0","0","https://x.com/undefined/status/1082786485986717696","560473679",
"1082786430328262656","Tue Jan 08 23:49:36 +0000 2019","8","2. Penegasan itu disampaikan Presiden @jokowi dalam pengantar rapat kabinet paripurna yang diadakan di Istana Negara. Dalam rapat ini Presiden @jokowi bersama dengan jajaran Kabinet Kerja membahas program dan kegiatan untuk tahun 2019 #JokowiPrioritaskanEdukasiKebencanaan https://t.co/RkcbGId9uc","1082786430328262656","https://pbs.twimg.com/media/DwbUgqBUwAAolNt.jpg","","in","","0","0","2","https://x.com/undefined/status/1082786430328262656","772689620576395264",
"1082786399969918977","Tue Jan 08 23:49:29 +0000 2019","0","Ini para kampret yang bikin hashtag #SaveAnisBaswedan #SaveAniesBaswedan apalah ga tau ya dulu si Anus itu pernah jadi cebong (pendukung Jokowi) yee ","1082786399969918977","","","in","","0","0","0","https://x.com/undefined/status/1082786399969918977","84586039",
"1082678787785973761","Tue Jan 08 23:49:21 +0000 2019","0","@RizmaWidiono @ridwankamil @prabowo Ya susah makannya karena sariawan.. biasa panas dalam...","1082786365631164416","","RizmaWidiono","in","","0","0","0","https://x.com/undefined/status/1082786365631164416","559987985",
"1082786364091817984","Tue Jan 08 23:49:21 +0000 2019","0","Film yg saya gemari @jokowi salah kaprah","1082786364091817984","","","in","","0","0","0","https://x.com/undefined/status/1082786364091817984","829205825306685440",
"1082786284689473536","Tue Jan 08 23:49:02 +0000 2019","0","Jokowi targetkan tahun 2023 semua tanah di Tegal bersertifikat. #2019JokowiKyaiMaruf #PilihJokowiYangPastiKerja #HariPahlawan https://t.co/74u7xnv2oB","1082786284689473536","","","in","","0","0","0","https://x.com/undefined/status/1082786284689473536","1036458406846943232",
"1082646327895429120","Tue Jan 08 23:49:01 +0000 2019","0","@SontoYOLO @2019changepres @detikcom Dengkul mu bs baca informasi gak? Apa cm baca judul doang? Itu lo baca ter daftar pun tidak sbg relawan. Bs jd ngaku2 pendukung prabowo utk memfitnah. Gampang kek gtu mah ","1082786282953031681","","SontoYOLO","in","","0","1","0","https://x.com/undefined/status/1082786282953031681","1052612694",
"1082686681872912385","Tue Jan 08 23:48:47 +0000 2019","3","@muannas_alaidid @jokowi @psi_id @Menlu_RI Ini yg sy suka dari kader² PSI. Mereka urusin yg bagi orang lain ora urus","1082786223104507904","","muannas_alaidid","in","","0","0","0","https://x.com/undefined/status/1082786223104507904","386381061",
"1082468418056376320","Tue Jan 08 23:48:32 +0000 2019","0","@ghaznavid_ @LisaAmartaTara @bawaslu_RI @KPU_ID ya alloh rasanya hamba pingin cepat2 diadakan pilpres serentak.biar prabowo yg menang ya alloh","1082786158680072192","","deargod_01","in","","0","0","0","https://x.com/undefined/status/1082786158680072192","1073867378197295104",
"1082665684453285888","Tue Jan 08 23:48:31 +0000 2019","1","@yunari_atiss @saididu @KPU_ID @rockygerung @Fahrihamzah @mohmahfudmd @prabowo Terima kasih ","1082786155400052736","","yunaeys","in","","0","0","0","https://x.com/undefined/status/1082786155400052736","184027653",
"1082763183339630593","Tue Jan 08 23:48:30 +0000 2019","0","@fadjroeL @jokowi Mantapp sukses pak @jokowi .. tapi kami masih tunggu kelanjutan dr program 1juta rumah di 2019.. belum ada info dr @KemenPU ..#Jokowi1KaliLagi #JokowiAminLebihBaik #program1jutarumah","1082786151402921984","","fadjroeL","in","","0","0","0","https://x.com/undefined/status/1082786151402921984","62022153",
"1082690236696514560","Tue Jan 08 23:48:28 +0000 2019","1","@CakKhum @rockygerung Mantap bung RG. KPU gak bisa jawab pertanyaan Bung RG. Semoga ini bisa dijadikan bahan evaluasi buat KPU agar mengurungkan niatnya memberi soal debat kepada capres sblm dilakukan debat agar rakyat tahu kwalitas capres. Capres yg tdk berkwalitas akan dipermalukan publik.","1082786145203716096","","suaragagap","in","","0","0","1","https://x.com/undefined/status/1082786145203716096","1077379286883942405",
"1082598521205739522","Tue Jan 08 23:48:28 +0000 2019","0","@Ronfelixio @kaesangp @jokowi Maaf..maaf..dah miskom ","1082786142158708736","","ronfelixio","in","","0","0","0","https://x.com/undefined/status/1082786142158708736","1069464504323297280",
"1082701902968631297","Tue Jan 08 23:48:19 +0000 2019","1","@Reactips @fadlizon Ayo prabowo km bisa #2019TetapJokowi","1082786104141475840","","","in","","0","1","0","https://x.com/undefined/status/1082786104141475840","895255233084796928",
"1082779057127706626","Tue Jan 08 23:48:13 +0000 2019","0","@nabila10011 @Danke245 @prabowo belom pernah di penggal kali dia palanya","1082786080271650816","","faqihpakeqyu","in","","0","1","0","https://x.com/undefined/status/1082786080271650816","1071015163925422080",
"1082509178143354880","Tue Jan 08 23:48:07 +0000 2019","9","@hana_4TAA @prabowo @TheArieAir @P3nj3l4j4h @CH_chotimah @andreOPA @permadiaktivis @chicohakim @4Y4NKZ @liaaa_mg blom jadi presiden jiwa otoriternya udh keluar gmn kalo dah berkuasa?? smua yg gak pro ama gue gue gilliiiing.... ","1082786056280272897","","","in","","0","1","1","https://x.com/undefined/status/1082786056280272897","60026461",
"1082786054963261440","Tue Jan 08 23:48:07 +0000 2019","0","Moeldoko Minta Politisi Patuhi Peraturan Pemilu https://t.co/Gc5DdN9SBK","1082786054963261440","","","in","","0","0","0","https://x.com/undefined/status/1082786054963261440","1064740530",
"1082180985381240832","Tue Jan 08 23:48:06 +0000 2019","0","@jokowi Siap presiden","1082786052559974400","","jokowi","in","","0","0","0","https://x.com/undefined/status/1082786052559974400","1007228424316858368",
"1082785985753042944","Tue Jan 08 23:47:50 +0000 2019","14","Kami bangga terhadap Iman besar ini begitu juga dengan kebaikannya teruskan perjuangmu bersama Prabowo dan Sandiago Uno no 2 pilihan Ulama https://t.co/aSPMIVwlkA","1082785985753042944","https://pbs.twimg.com/media/DwbUG8JUYAInBSS.jpg","","in","","0","0","5","https://x.com/undefined/status/1082785985753042944","1081753063986061313",
"1082785961300320258","Tue Jan 08 23:47:45 +0000 2019","15","No Rocky No Party RG: Saya mau tanya KPU dari 4 wajah itu (capres cawapres) yang potensi memalukan publik yang mana? You gak usah jawab kasih kisi-kisinya saja #2019GantiPresiden #2019PrabowoPresidenRI #17AprilCoblosNomor02 #ILCMengujiNetralitasKPU","1082785961300320258","","","in","","1","1","4","https://x.com/undefined/status/1082785961300320258","1028994788928811008",
"1082665684453285888","Tue Jan 08 23:47:43 +0000 2019","17","@PriyoBudiS @saididu @KPU_ID @rockygerung @Fahrihamzah @mohmahfudmd Faktanya narasi anda di ILC sangat mengecewakan. Anda kelihatan gamang berusaha berdiri di tengah memaksa kita menelan ludah sendiri. Mohon pak @prabowo tinjau ulang tim BPN demi perjuangan yang bersih untuk rakyat yang adil dan makmur.","1082785956590014464","","PriyoBudiS","in","","1","6","3","https://x.com/undefined/status/1082785956590014464","562703285",
"1082610741696315393","Tue Jan 08 23:47:39 +0000 2019","0","@boncusho @Wars801 @ridwankamil Bupati di riau 11 orang cuti bersamaan buat deklarasi dukung jokowi https://t.co/rAzR83ol1Y","1082785937619177473","https://pbs.twimg.com/media/DwbUEOWUYAYyXIa.jpg","boncusho","in","","0","1","0","https://x.com/undefined/status/1082785937619177473","629122934",
"1082779057127706626","Tue Jan 08 23:47:37 +0000 2019","0","@Danke245 @nabila10011 @prabowo abang tukang basoo enak keknya","1082785928890920960","","24danke","in","","0","0","0","https://x.com/undefined/status/1082785928890920960","1071015163925422080",
"1082690236696514560","Tue Jan 08 23:47:36 +0000 2019","0","@Mirna83315863 @CakKhum @rockygerung Dalam kontestasi politik kelas apapun jokowi seorang pemenang.ingkari dan bantah jg boleh kok.s3nengin hati kalin sendiri","1082785925090881536","","Mirna0038","in","","0","0","0","https://x.com/undefined/status/1082785925090881536","863677810887450626",
"1082661533581303808","Tue Jan 08 23:47:33 +0000 2019","1","@i_kalimasada07 @prabowo @sandiuno Apem lokal itu pak karna kata koalisi prabohong stop impor ","1082785913183264768","","ichwankalimasad","in","","0","0","0","https://x.com/undefined/status/1082785913183264768","1017684249325891584",
"1082431334570590208","Tue Jan 08 23:47:31 +0000 2019","0","@laskar_minang @bawaslu_RI Kalo bilang @prabowo pasti kenak pasal Kayaknya kalo bilang jkw akan selamat deh #2019PrabowoPresidenRI","1082785906568847361","","demoCRAZY_id","in","","0","0","0","https://x.com/undefined/status/1082785906568847361","1022349208274124801",
"1082673221135142912","Tue Jan 08 23:47:31 +0000 2019","3","@detikcom Iya saya percaya kok...prabowo sama ratna sarumpaet pun gak kenal juga khan ? ","1082785905159499776","","detikcom","in","","0","0","1","https://x.com/undefined/status/1082785905159499776","1031350193885655040",
"1082785867054358528","Tue Jan 08 23:47:22 +0000 2019","0","RT PDI_Perjuangan Presiden Jokowi Minta Pengelolaan Manajemen Transportasi di Jabodetabek Terintegrasi https://t.co/wXmV6utkRo #PDIPerjuangan #JokowiLagi #01IndonesiaMaju #46TahunPDIPerjuangan ","1082785867054358528","","","in","","0","0","0","https://x.com/undefined/status/1082785867054358528","857872605042294784",
"1082785852017696768","Tue Jan 08 23:47:18 +0000 2019","0","Memberikan kesempatan Pak jokowi untuk Kembali memimpin bukan tentang melanggengkan kekuasaan tapi dalam rangka mengadministrasikan keadilan sosial. #Jokowi2Periode #2019JokowiMaruf","1082785852017696768","","","in","","0","0","0","https://x.com/undefined/status/1082785852017696768","1036464505943818241",
"1082779057127706626","Tue Jan 08 23:47:16 +0000 2019","0","@nabila10011 @Danke245 @prabowo tuh ituu abang lu kan? jahat bat ngga mau pada ngakuin","1082785839690600448","","faqihpakeqyu","in","","0","0","0","https://x.com/undefined/status/1082785839690600448","1071015163925422080",
"1082785817204973569","Tue Jan 08 23:47:10 +0000 2019","0"," Kawan2 jangan hiraukan oleh pasukan golput yg cuitanya memojokan pasangan Capres &amp; cawapres jokowi &amp; Hk Ma'ruf Amin. Bila perlu Ras dan blokir akun 2 mereka. Cuitan ujaran kebencian &amp; provokasi blokir! #JokowiMarufAmin2019 #Jokowi2Periode #2019KitaPilihJokowiAja","1082785817204973569","","","in","","0","0","0","https://x.com/undefined/status/1082785817204973569","1027424202041655296",
"1082785812029284357","Tue Jan 08 23:47:09 +0000 2019","0","Sindiran Akbar Tanjung Soal Bocoran Debat Capres: Masa Debat Pakai Diarahkan Pendidikan Politik Apa itu? https://t.co/7LLHjVmvCZ","1082785812029284357","","","in","","0","0","0","https://x.com/undefined/status/1082785812029284357","2590042351",
"1082785787005943808","Tue Jan 08 23:47:03 +0000 2019","1","Insya Allah 17 April Indonesian punya Pemimpin Baru Prabowo Presiden Harapan Bangsa #2019PrabowoPresidenRI #2019PrabowoPresidenRI #2019PrabowoPresidenRI","1082785787005943808","","","in","","0","0","0","https://x.com/undefined/status/1082785787005943808","1042862752811823104",
"1082785762255360000","Tue Jan 08 23:46:57 +0000 2019","4","******** Retweeted by Tweets Seribu Minang *********************** @jokowi @Dr_Moeldoko #JokowiSaiyoSakato #JokowiAminLebihBaik MINANG CERDIK PASAR ATAS BERJUANG TAK KENAL LELAH","1082785762255360000","","","in","","0","0","0","https://x.com/undefined/status/1082785762255360000","1280788819",
"1082782024790769666","Tue Jan 08 23:46:56 +0000 2019","0","@kompascom Yess isi debat Pilpres 2014 Jokowi terlalu Manis janjinya Prabowo terlalu Polos apa adanya. Waktu membuktikan janji2 Jokowi banyak Gagal 4 th ini pencitraan berantakan... 2019 Jokowi mau debat apa yg bisa naikkan elektabilitas? Debat sama janji-janji dia sendiri?","1082785756035244043","","kompascom","in","","0","1","0","https://x.com/undefined/status/1082785756035244043","250528137",
"1082192777490776065","Tue Jan 08 23:46:40 +0000 2019","0","@GunRomli Saya Pikir narasi pemilu kali ini perlu dirubah mas Tidak terlalu banyak sensasi sehingga kita lupa subatansi sebenernya dalam mencari solusi bangsa ini....Mari berprasangka baik dan beritikad baik..","1082785692013387777","","GunRomli","in","","0","0","0","https://x.com/undefined/status/1082785692013387777","942065485125787648",
"1082667858843205632","Tue Jan 08 23:46:40 +0000 2019","0","@daradjati_w @ILCtv1 @AryaSinulingga @jokowi @MarufAminNU Kenapa di kasih panggung sih orang dungu ini","1082785691417817088","","ais_djatun","in","","0","0","0","https://x.com/undefined/status/1082785691417817088","863556358620053504",
"1082746570334826496","Tue Jan 08 23:46:37 +0000 2019","0","@FaisalBasri Hanya dijaman jokowi","1082785679367520257","","FaisalBasri","in","","0","0","0","https://x.com/undefined/status/1082785679367520257","115829551",
"1082779057127706626","Tue Jan 08 23:46:35 +0000 2019","0","@Danke245 @nabila10011 @prabowo amit ihh","1082785667971637248","","24danke","de","","0","0","0","https://x.com/undefined/status/1082785667971637248","1071015163925422080",
"1082785644340961280","Tue Jan 08 23:46:29 +0000 2019","0","tetap fokus Jokowi 2 Periode that is the point #2019jokowilanjut #2019TetapJokowi #2019JokowiMaruf #2019JokowiMarufAmin","1082785644340961280","","","in","","0","0","0","https://x.com/undefined/status/1082785644340961280","1025278791730380805",
"1082665684453285888","Tue Jan 08 23:46:25 +0000 2019","0","@saididu @PriyoBudiS @KPU_ID Ijin Capture Pak.. Biar Kubu Jokowi Gak Di Fitnah Takut Debat","1082785626783543298","","saididu","in","","0","0","0","https://x.com/undefined/status/1082785626783543298","2306581730",
"1082785554893234176","Tue Jan 08 23:46:08 +0000 2019","0","Debat Capres Diharapkan Disertai Komitmen https://t.co/Drw9IGtxsk","1082785554893234176","","","in","","0","0","0","https://x.com/undefined/status/1082785554893234176","1064740530",
"1082471435556118528","Tue Jan 08 23:46:06 +0000 2019","0","@Hermanwhoelloe2 @Ferdinand_Haean TETAP JOKOWI","1082785548370993152","","Hermanwhoelloe2","in","","0","0","0","https://x.com/undefined/status/1082785548370993152","237765868",
"1082719132523454464","Tue Jan 08 23:46:05 +0000 2019","6","@fadlizon @prabowo Akan mendapat rekor Muri.. Calon tersering jd calon..??","1082785542650060800","","fadlizon","in","","0","1","0","https://x.com/undefined/status/1082785542650060800","226419269",
"1082687596008861696","Tue Jan 08 23:46:00 +0000 2019","1","@awalludinriyat @Hasan88077918 @ILCtv1 @tvOneNews @karniilyas @KPU_ID @jokowi @prabowo Yg bilang ILC acara 'gak bermutu' karena ILC gak selevel dgn orang tsb. Yaa.. begitulah kalau punya IQ hanya seukuran kolam.","1082785524559925248","","","in","","0","0","0","https://x.com/undefined/status/1082785524559925248","1070299289509801989",
"1082779057127706626","Tue Jan 08 23:45:58 +0000 2019","0","@Ayuindriz @nabila10011 @prabowo abang siapa","1082785512635518976","","cewebacott","in","","0","1","0","https://x.com/undefined/status/1082785512635518976","3045831272",
"1082779057127706626","Tue Jan 08 23:45:56 +0000 2019","0","@Danke245 @nabila10011 @prabowo jijikk ih","1082785504762900480","","24danke","in","","0","0","0","https://x.com/undefined/status/1082785504762900480","1071015163925422080",
"1082415776877793280","Tue Jan 08 23:45:51 +0000 2019","0","@BangPino_ @RelawanProSandi @prabowo #2019PrabowoPresidenRI","1082785485506768896","","BangPino_","qme","","0","0","0","https://x.com/undefined/status/1082785485506768896","277434571",
"1082550044564180993","Tue Jan 08 23:45:44 +0000 2019","0","@Ardiansyah76 @fitzalku @Dahnilanzar @prabowo @sandiuno Gak usah maksain Mbah woles aja kalo Mbah nya mau pulang duluan boleh....ke Rahmatullah","1082785454322114560","","Ardiansyah290","in","","0","1","0","https://x.com/undefined/status/1082785454322114560","779324825609187330",
"1082785448903114752","Tue Jan 08 23:45:42 +0000 2019","0","Emang acara simposium? Debat Capres/Cawapres ya debat beneran dengan aturan2 yg jelas bukan seminar. Kalau gak punya nyali katakan saja sejujurnya dan mundur saja!","1082785448903114752","","","in","","0","0","0","https://x.com/undefined/status/1082785448903114752","248998166",
"1082651587540066305","Tue Jan 08 23:45:42 +0000 2019","1","@Metro_TV KPU yang menurunkan marwahnya sendiri. Lembaga penyelenggara pemilu kok memposisikan pelayan paslon negosiator dua kubu. Mana KPU yang kredibel dan independen","1082785446894039040","","Metro_TV","in","","0","0","0","https://x.com/undefined/status/1082785446894039040","996349740907347968",
"1082779057127706626","Tue Jan 08 23:45:37 +0000 2019","0","@nabila10011 @Ayuindriz @prabowo kok malu gak usah malu akh","1082785427403100160","","faqihpakeqyu","in","","0","2","0","https://x.com/undefined/status/1082785427403100160","3045831272",
"1082779057127706626","Tue Jan 08 23:45:27 +0000 2019","0","@nabila10011 @Danke245 @prabowo ituu tuh minta sama abang abangblakang yang brisik batt #ILCMengujiNetralitasKPU #PrabowoTakutDebat","1082785384092725248","","faqihpakeqyu","in","","0","2","0","https://x.com/undefined/status/1082785384092725248","1071015163925422080",
"1081609816693301248","Tue Jan 08 23:45:20 +0000 2019","0","@NgokNgekLOVERS @atha_raditya @Gerindra @prabowo Laahhh cebong Plangak Plongo kyk junjunganya yg planga plongo Ne memsny Cebong bgt deh neh https://t.co/54vGBxTg7z","1082785355013619712","https://pbs.twimg.com/media/DwbTin1UwAE4XWa.jpg","NgokNgekLOVERS","in","","0","1","0","https://x.com/undefined/status/1082785355013619712","1036931562430849028",
"1082779057127706626","Tue Jan 08 23:45:00 +0000 2019","0","@Ayuindriz @nabila10011 @prabowo makan please","1082785272683626496","","cewebacott","en","","0","2","0","https://x.com/undefined/status/1082785272683626496","3045831272",
"1082387952272007168","Tue Jan 08 23:44:46 +0000 2019","0","@HendraW290181 @LisaAmartaTara @Fahrihamzah @LeniRumiati Prabowo raja hoaxs https://t.co/t7b19N72Kc","1082785212298190848","https://pbs.twimg.com/media/DwbTaBpUUAELYDh.jpg","Endra_W29","in","","0","0","0","https://x.com/undefined/status/1082785212298190848","1069614928946900992",
"1082779057127706626","Tue Jan 08 23:44:44 +0000 2019","0","@Danke245 @nabila10011 @prabowo laperrrr wehh","1082785203288911872","","24danke","nl","","0","1","0","https://x.com/undefined/status/1082785203288911872","1071015163925422080",
"1082752125111685121","Tue Jan 08 23:44:43 +0000 2019","0","@FHamzahnews KPU tdk melanggar undang2 terkait dabat capres dan cawapres ","1082785201367834625","","FHamzahnews","in","","0","0","0","https://x.com/undefined/status/1082785201367834625","1043330158122258432",
"1082785196301213696","Tue Jan 08 23:44:42 +0000 2019","0","BPN: Jokowi Menghindar Penyampaian Visi Misi Karena Janji 2014 Tidak Terealisasi https://t.co/YDszvgggrK","1082785196301213696","","","in","","0","0","0","https://x.com/undefined/status/1082785196301213696","927265376",
"1082785180320841728","Tue Jan 08 23:44:38 +0000 2019","3","Panelis di debat 1 siapa sih. ? Mau nitip pertanyaan : capres jika menang yg akan di kasih amanah utk menjadi menteri hukum &amp; ham jaksa agung dan kapolri nya siapa. ? ","1082785180320841728","","","in","","0","2","0","https://x.com/undefined/status/1082785180320841728","29385415",
"1082336443060514816","Tue Jan 08 23:44:28 +0000 2019","0","@ardiyudhistira_ @budimandjatmiko Krn mereka benci Jokowi bukan suka Prabowo ","1082785137518043136","","ardiyudhistira_","in","","0","0","0","https://x.com/undefined/status/1082785137518043136","70059895",
"1082672335721656320","Tue Jan 08 23:44:23 +0000 2019","1","@fierman_nrd @ElieNariee @Aryprasetyo85 @prabowo @geridra Calegnya kaya gitu apa yg bisa di banggakan dari partai burung","1082785117867819009","","Nrd6700","in","","0","1","0","https://x.com/undefined/status/1082785117867819009","1048726856344764417",
"1082719132523454464","Tue Jan 08 23:44:22 +0000 2019","2","@fadlizon @prabowo Ngimpii","1082785113484668929","","fadlizon","in","","0","0","0","https://x.com/undefined/status/1082785113484668929","1081422672230154241",
"1082779057127706626","Tue Jan 08 23:44:03 +0000 2019","0","@nabila10011 @Ayuindriz @prabowo mau2 aja kan susu nabila ad","1082785030592552960","","faqihpakeqyu","in","","0","1","0","https://x.com/undefined/status/1082785030592552960","3045831272",
"1082568876011880448","Tue Jan 08 23:44:01 +0000 2019","0","@FIREDOWNBABYLON @geloraco Skrg insya Allah udh nambah krn bnyk cebong yg insyaf. Smntr pendukung Prabowo dr dulu masih sama. Hmm... kecuali kalo yg disono ditambahin orgil dan suara2 siluman yg 31jt.","1082785022992470018","","FIREDOWNBABYLON","in","","1","0","0","https://x.com/undefined/status/1082785022992470018","1122227797",
"1082646286807883776","Tue Jan 08 23:43:44 +0000 2019","2","@ezkisuyanto @habibthink @haikal_hassan Apapun yg dikatakan oleh kubu 02 gak ada yg bisa dipercaya...logika aja prabowo aja sering bohong apalagi pendukungnya...","1082784953312497664","","ezkisuyanto","in","","0","0","1","https://x.com/undefined/status/1082784953312497664","734623536296394752",
"1082592945767895041","Tue Jan 08 23:43:44 +0000 2019","0","@liputan6dotcom Jika Memang Benar di Jabar skrg ada Warganya Kurang Makan. Maka Gubernur yg 2 Periode kemana aja Bos @prabowo ? kang @ridwankamil Tolong Kelasken...","1082784950900813824","","liputan6dotcom","in","","0","0","0","https://x.com/undefined/status/1082784950900813824","1020233806928736256",
"1082548480998948864","Tue Jan 08 23:43:34 +0000 2019","0","@RajaPurwa Inget bro Anies pernah jadi pendukung Jokowi ","1082784909788295169","","RajaPurwa","in","","0","0","0","https://x.com/undefined/status/1082784909788295169","84586039",
"1082784905820598272","Tue Jan 08 23:43:33 +0000 2019","0","Eks Presenter Bantu Persiapan Debat Jokowi BPN: Prabowo Apa Adanya https://t.co/stAFnlKMno","1082784905820598272","","","in","","0","0","0","https://x.com/undefined/status/1082784905820598272","18040227",
"1082449459332624386","Tue Jan 08 23:43:33 +0000 2019","0","@Fahrihamzah @KPU_ID Bagaimana dengan sejarah Anda yg bilang Hari Santri Sinting sehingga membuat capres yg Anda dukung dalam 2014 kalah dalam hitungan hari?","1082784905455558656","","Fahrihamzah","in","","0","0","0","https://x.com/undefined/status/1082784905455558656","128073182",
"1082508123141632000","Tue Jan 08 23:43:24 +0000 2019","0","@KemenPU Kubu Pranowo yg ada dlm pikirannya kapan Jokowi jatuh mereka pikir Negara maju itu Rakyat harus jalan kaki mikul kebutuhan pokok bbm bahan bangunan dll ngga perlu jln tol mereka bilang jln tol hasil ngutang emang mereka punya uang berapa wong mau nyapres sj minta sumbangan","1082784869774544897","","KemenPU","in","","0","0","0","https://x.com/undefined/status/1082784869774544897","755818803494133761",
"1082182672623915008","Tue Jan 08 23:43:24 +0000 2019","0","@orgpinggir @gus_naquiba @Dennysiregar7 @prabowo Dimana letak kewarasan Cebong cobaa.....pantes lah kiranya Cebong itu IQny 200 sekolam https://t.co/UIui6tWMg9","1082784867895525376","https://pbs.twimg.com/media/DwbTGDaV4AAzdBX.jpg","orgpinggir","in","","0","1","0","https://x.com/undefined/status/1082784867895525376","1036931562430849028",
"1082784858068283392","Tue Jan 08 23:43:21 +0000 2019","1","Mulut comberan yaa ginih Lupa saat jadih Gubernur Jokowi Minta Kemacetan Jabodetabek Diatasi https://t.co/ZcQI60shqo","1082784858068283392","","","in","","0","1","2","https://x.com/undefined/status/1082784858068283392","813371491064479751",
"1082784847448268800","Tue Jan 08 23:43:19 +0000 2019","0","jokowi presiden","1082784847448268800","","","in","","0","0","0","https://x.com/undefined/status/1082784847448268800","1926504792",
"1082711518196744193","Tue Jan 08 23:43:17 +0000 2019","0","@widawardhiansya Goblok padahal Anies pernah dukung Jokowi thn 2014 Bruakakakaaka","1082784838019514368","","widawardhiansya","in","","0","0","0","https://x.com/undefined/status/1082784838019514368","84586039",
"1082779057127706626","Tue Jan 08 23:43:14 +0000 2019","0","@Ayuindriz @nabila10011 @prabowo kok ini lebih kasar","1082784826405482497","","cewebacott","in","","0","1","0","https://x.com/undefined/status/1082784826405482497","3045831272",
"1082486160524525573","Tue Jan 08 23:43:12 +0000 2019","0","@detikcom Unggul Bikin Hoak sejagat raya capres kampret.. Percaya Eaaaaa","1082784820302774272","","detikcom","in","","0","0","0","https://x.com/undefined/status/1082784820302774272","940221643003006976",
"1082784789676023808","Tue Jan 08 23:43:05 +0000 2019","0","Anjeng sapesi bikin ginian??? Prabowo ikut CNaVT A1 juga kaga lolos palingan. https://t.co/hArNg9CsXU","1082784789676023808","https://pbs.twimg.com/media/DwbTBWOUUAArhem.jpg","","in","","0","1","1","https://x.com/undefined/status/1082784789676023808","938042971206729732",
"1082678787785973761","Tue Jan 08 23:43:03 +0000 2019","9","@RizmaWidiono @ridwankamil @prabowo Ku tak peduli bualan kosong beliau. Klu memang beliau bijak bantu bukan di beritakan","1082784781786628096","","RizmaWidiono","in","","0","0","2","https://x.com/undefined/status/1082784781786628096","1048726856344764417",
"1082690236696514560","Tue Jan 08 23:43:02 +0000 2019","0","@Sendoott @CakKhum @rockygerung Apapun alasannya faktanya jokowi mempunyai takdir sebagai pemenang dalam kontestasi politik kelas apapun.prabowo blm pernah menang dalam kontestasi politik kelas apapun","1082784777428561920","","Sendoott","in","","0","0","0","https://x.com/undefined/status/1082784777428561920","863677810887450626",
"1082784767232348160","Tue Jan 08 23:43:00 +0000 2019","0","Pagi ini #RedaksiKompasBicara akan bahas: 1. Upaya pemerintah utk memacu daya saing ekspor jangka pendek 2. Kesiapan masyarakat daerah berisiko menghadapi bencana 3. Fokus2 dalam debat presidensial pertama pemilu 2019? brsm @hariankompas Pk.07.10 wib di #SonoraNetwork https://t.co/TsRlK6DhX8","1082784767232348160","https://pbs.twimg.com/media/DwbOkPxUwAAnCXI.jpg","","in","","0","0","0","https://x.com/undefined/status/1082784767232348160","180696019",
"1082779057127706626","Tue Jan 08 23:42:56 +0000 2019","0","@Ayuindriz @nabila10011 @prabowo mau susu mama ?","1082784749242933248","","cewebacott","in","","0","0","0","https://x.com/undefined/status/1082784749242933248","3045831272",
"1082779057127706626","Tue Jan 08 23:42:51 +0000 2019","0","@Danke245 @nabila10011 @prabowo najiss bat dah","1082784731299627008","","24danke","in","","0","1","0","https://x.com/undefined/status/1082784731299627008","1071015163925422080",
"1082784704481382401","Tue Jan 08 23:42:45 +0000 2019","28"," Biarlah Prabowo-Sandi jadi dirinya sendiri tampil apa adanya sebagaimana mestinya dan masyarakat juga akan menilai ini bukan dipoles-poles sebut Saleh. https://t.co/Jh8tAiANSt","1082784704481382401","","","in","","1","9","2","https://x.com/undefined/status/1082784704481382401","69183155",
"1082784702459666434","Tue Jan 08 23:42:44 +0000 2019","15","HAM Era Jokowi: Memanusiakan Manusia https://t.co/1IrWWuwCEZ","1082784702459666434","","","in","","0","0","5","https://x.com/undefined/status/1082784702459666434","379217034",
"1082661533581303808","Tue Jan 08 23:42:34 +0000 2019","0","@i_kalimasada07 @prabowo @sandiuno Apalagi klo abis makan telor ya pak...","1082784658792665088","","ichwankalimasad","in","","0","1","0","https://x.com/undefined/status/1082784658792665088","1017684249325891584",
"1082779057127706626","Tue Jan 08 23:42:29 +0000 2019","0","@Danke245 @nabila10011 @prabowo kurang minum susu nya mama mama #ILCMengujiNetralitasKPU #PrabowoTakutDebat","1082784639381434368","","24danke","in","","0","2","0","https://x.com/undefined/status/1082784639381434368","1071015163925422080",
"1082784634231054341","Tue Jan 08 23:42:28 +0000 2019","0","(Liputan 6 | 5 Fakta Persiapan Debat Pilpres Perdana 17 Januari) https://t.co/OrsrClvQvK #pemilu #pemilu2019","1082784634231054341","","","in","","0","0","0","https://x.com/undefined/status/1082784634231054341","968428811107819521",
"1082784625343250433","Tue Jan 08 23:42:26 +0000 2019","0","LIPI: Debat Capres Bisa Angkat Elektabilitas Jika Gagasan Dikemas Baik https://t.co/WnfEq4N0Eh","1082784625343250433","","","in","","0","0","0","https://x.com/undefined/status/1082784625343250433","846715204637376513",
"1082784613724876800","Tue Jan 08 23:42:23 +0000 2019","0","Sepertinya ada upaya mendelegitimasi penyelenggara pemilu dgn semakin banyaknya berita hoax....","1082784613724876800","","","in","","0","0","0","https://x.com/undefined/status/1082784613724876800","1060905232094253056",
"1082647456171675650","Tue Jan 08 23:42:21 +0000 2019","0","@yusuf_dumdum @jokowi Dum dum udah beli ini ? https://t.co/tezaVjabil","1082784604526764032","https://pbs.twimg.com/media/DwbS2t0UwAEcnLL.jpg","yusuf_dumdum","in","","0","0","0","https://x.com/undefined/status/1082784604526764032","994975621167038464",
"1082784567889514496","Tue Jan 08 23:42:12 +0000 2019","0","Liciknya Jubir #Prabowo Dr Gamal Manipulasi Data Dikeroyok Netizen Ngumpetsenyap https://t.co/ABciA2Cjhc #moreshareforum #beritaterkini","1082784567889514496","","","in","","0","0","0","https://x.com/undefined/status/1082784567889514496","71512327",
"1082719132523454464","Tue Jan 08 23:42:10 +0000 2019","2","@fadlizon @prabowo Bahasa Indonesia mu pakai tata bahasa apaan tuh... Yoda? Diresapin lagi artinya...","1082784559962288129","","fadlizon","in","","0","0","0","https://x.com/undefined/status/1082784559962288129","150855017",
"1082779057127706626","Tue Jan 08 23:42:09 +0000 2019","0","@nabila10011 @Ayuindriz @prabowo tidur sini abng kelonin","1082784552811139074","","faqihpakeqyu","in","","0","1","0","https://x.com/undefined/status/1082784552811139074","3045831272",
"1082669561944535040","Tue Jan 08 23:41:49 +0000 2019","0","@republikaonline Lapangan kerja untuk TKA china maksudnya?. Setuju memang melampaui target. Pencapaian luar biasa pemerintahan jokowi. Salute. Selamat datang di negeri jongos","1082784471793844224","","republikaonline","in","","0","0","0","https://x.com/undefined/status/1082784471793844224","1063670466445897728",
"1081739003718594560","Tue Jan 08 23:41:23 +0000 2019","0","@MemeComicIndo @jokowi Bentar lagi atm ketelen gara2 jokowi...wkwkwk","1082784362829996032","","tripleK31","in","","0","0","0","https://x.com/undefined/status/1082784362829996032","575311484",
"1082784362255405056","Tue Jan 08 23:41:23 +0000 2019","0","Ada sinyalemen dr pihak oposisi untuk memboikot pemilu dgn alasan ketidakadilan. Dan akan mengundang pengamat luar negeri dlm pemilu kali ini. Kalau ini benar memang ingin bikin rusuh negara. @faizalassegaf","1082784362255405056","","","in","","0","0","0","https://x.com/undefined/status/1082784362255405056","987982398708051968",
"1082649407198121984","Tue Jan 08 23:41:23 +0000 2019","0","@kompascom Kasus trisakti semanggi penculikan juga bisa diselesaikan prabowo boleh ketawa ga","1082784359407509505","","kompascom","in","","0","0","0","https://x.com/undefined/status/1082784359407509505","3188854502",
"1082678787785973761","Tue Jan 08 23:41:19 +0000 2019","0","@RizmaWidiono @ridwankamil @prabowo wowo bikin hoax lagi setelah jateng dibilang susah makan sampai pak ganjar suruh nunjukin sekarang jabar dibilang dengan hal yg sama...oh..oh dasar kardus mau bikin kacau.","1082784342680625152","","RizmaWidiono","in","","0","0","0","https://x.com/undefined/status/1082784342680625152","871688153563779072",
"1082182672623915008","Tue Jan 08 23:41:15 +0000 2019","0","@orgpinggir @gus_naquiba @Dennysiregar7 @prabowo https://t.co/wRdl6kwNvk","1082784327362965506","https://pbs.twimg.com/media/DwbSmzuVAAA7bGC.jpg","orgpinggir","qme","","0","1","0","https://x.com/undefined/status/1082784327362965506","1036931562430849028",
"1082707593208844288","Tue Jan 08 23:41:14 +0000 2019","0","@nurhadi_aldo Ada baiknya capres @nurhadi_aldo serius jaring relawan dan pendukung ga perlu ikut2an latah posting yg beginian biar April nanti Oom berjaya. #McQueen_YaQueen","1082784324636749824","","NKR_Internet","in","","0","0","0","https://x.com/undefined/status/1082784324636749824","4029333680",
"1082586519112577025","Tue Jan 08 23:41:12 +0000 2019","0","@gm_gm @jokosus28 Gimana ngk bohong..krna dah terlalu sakit karena dibohongi hasil Quick Count salah satu lembaga survei..dan Prabowo di nyatakan menang versi lembaga survei tsb. Tp pda hasil Real Count @KPU_ID Prabowo kalah sudah live sujud syukur kemenangan padahal #epicmomentpemilu","1082784314180292608","","gm_gm","in","","0","0","0","https://x.com/undefined/status/1082784314180292608","971332831602356225",
"1082784310749478913","Tue Jan 08 23:41:11 +0000 2019","0","Empadi Racm Peduli Tsunami Banten dan lampung . . . #empadi #empadiracm #prabowo #sandiagauno #prabowosandi #2019gantipresiden#empadi #deklarasiakbarpendukungptabowosand https://t.co/wWalQrXdmE","1082784310749478913","","","in","","0","0","0","https://x.com/undefined/status/1082784310749478913","1054388067828555776",
"1082784302595801088","Tue Jan 08 23:41:09 +0000 2019","0","_mari wujudkan pemilu 2019 yang aman damai &amp; sejuk_* https://t.co/1Itt7ZkCUr","1082784302595801088","","","in","","0","0","0","https://x.com/undefined/status/1082784302595801088","974626486668832768",
"1082784009862537216","Tue Jan 08 23:41:09 +0000 2019","0","(((karena langsung menyalahkan kubu prabowo akan membawa perdebatan sengit)))","1082784301945479168","","Hanbamjungi","in","","0","0","0","https://x.com/undefined/status/1082784301945479168","495704803",
"1082784295247200256","Tue Jan 08 23:41:07 +0000 2019","0","cek -&gt; Eks Presenter Bantu Persiapan Debat Jokowi BPN: Prabowo Apa Adanya Biarlah Pra https://t.co/6HZPYyBbr5","1082784295247200256","","","in","","0","0","0","https://x.com/undefined/status/1082784295247200256","1184087684",
"1082508123141632000","Tue Jan 08 23:41:06 +0000 2019","0","@KemenPU Setuju dong karena akses ekonomi lewat darat laut dan udara itu sudah mutlak kalau yg ngga suka sama jln tol mereka berpikir Rakyat suruh mikul beras dari pasar ke kampung bensin beli pakai jerigen dari pom bensin di jkt sampai pelosok kubu Prabowo ngga bakal setuju dgn tol","1082784289001885696","","KemenPU","in","","0","0","0","https://x.com/undefined/status/1082784289001885696","755818803494133761",
"1082661035268603905","Tue Jan 08 23:41:04 +0000 2019","0","@AkunTofa Itulah knp jokowi ngeluarin kartU KIS.Artinya katu jgn sakit.","1082784280881688576","","AkunTofa","in","","0","0","0","https://x.com/undefined/status/1082784280881688576","907218665551966208",
"1082779057127706626","Tue Jan 08 23:40:57 +0000 2019","0","@nabila10011 @Ayuindriz @prabowo pagi2 galak amat :(","1082784250686914560","","faqihpakeqyu","in","","0","2","0","https://x.com/undefined/status/1082784250686914560","3045831272",
"1082453609810280449","Tue Jan 08 23:40:47 +0000 2019","0","@faizBae1922 @sitimaes_ @_TNIAU @Jeff_Prananda @jokowi Pertanyaamu diluar jalur mas brow.. mungkin ngopimu kurang kentel","1082784211877060608","","faizBae1922","in","","0","0","0","https://x.com/undefined/status/1082784211877060608","1020047580590305280",
"1082784197968683008","Tue Jan 08 23:40:44 +0000 2019","1","Sultan baginda Lord @KPU_ID ; Tak Ingin Permalukan (Salah Satu) Paslon Capres @rockygerung ; ehmm.. jadi yg Berpotensi bikin malu Paslon no Urut brapa?? KPU; ehmm. dlm b'nak sanubari ny (kalo tunjuk no1 Otw RS ujung2ny Kuburan tunjuk No2 auto Kuburan) Jwb pake kisi2","1082784197968683008","","","in","","0","0","0","https://x.com/undefined/status/1082784197968683008","2281714154",
"1082777096341008384","Tue Jan 08 23:40:33 +0000 2019","0","@e6db8ba4de6243e @ArdianZidanAH @KPU_ID @prabowo @Ferdinand_Haean Hajaaarr terus ferdinan","1082784153102217216","","","in","","0","1","0","https://x.com/undefined/status/1082784153102217216","1028865122209415168",
"1082182672623915008","Tue Jan 08 23:40:33 +0000 2019","0","@orgpinggir @gus_naquiba @Dennysiregar7 @prabowo Jainudin ngaciro hadir ya karna cebong IQny 200 Sekolam https://t.co/gaDWUc9lmA","1082784149763612672","https://pbs.twimg.com/media/DwbSceaUYAA4qsu.jpg","orgpinggir","in","","0","1","0","https://x.com/undefined/status/1082784149763612672","1036931562430849028",
"1082769605666304000","Tue Jan 08 23:40:28 +0000 2019","3","@RelawanProSandi @rockygerung Mantab ..ga dikasih kisi kisi..kami rakyat udah tahu juga Prof....Cerdasan rakyat daripada Penyelenggara Pemilu..","1082784132072009728","","RelawanProSandi","in","","0","0","1","https://x.com/undefined/status/1082784132072009728","940240508776935424",
"1082784009862537216","Tue Jan 08 23:40:15 +0000 2019","0"," oh. kenapa si kubu prabowo terus yang disalah salahin? hoax nya pasti bukan dari kubu prabowo. Kubu prabowo gak bersalah ' ... gimana bisa tau? bukti juga belum ada kan. bisa jadi kubu prabowo gak salah. bisa juga salah'","1082784076782657536","","Hanbamjungi","in","","0","1","0","https://x.com/undefined/status/1082784076782657536","495704803",
"1082783070518837249","Tue Jan 08 23:40:15 +0000 2019","0","@kucingeksotic @prabowo Patriot sejati.... #SaveAniesBaswedan","1082784076241657856","","kucingexotik","lv","","0","1","0","https://x.com/undefined/status/1082784076241657856","759057293597999104",
"1082784060450062336","Tue Jan 08 23:40:11 +0000 2019","0","@null Eks Presenter Bantu Persiapan Debat Jokowi BPN: Prabowo Apa Adanya Biarlah Pra https://t.co/nITcDXmwVN","1082784060450062336","","null","in","","0","0","0","https://x.com/undefined/status/1082784060450062336","205533274",
"1082550044564180993","Tue Jan 08 23:40:09 +0000 2019","0","@Dahnilanzar @prabowo @sandiuno 1000 titik komanya brp bang ","1082784048735412224","","Dahnilanzar","in","","0","0","0","https://x.com/undefined/status/1082784048735412224","934747500530909184",
"1082779057127706626","Tue Jan 08 23:40:05 +0000 2019","0","@nabila10011 @Ayuindriz @prabowo pagi syg2 accu","1082784034021814274","","faqihpakeqyu","in","","0","1","0","https://x.com/undefined/status/1082784034021814274","3045831272",
"1082667858843205632","Tue Jan 08 23:40:03 +0000 2019","0","@ILCtv1 @AryaSinulingga @jokowi @MarufAminNU Narasumber dunngu","1082784023632535552","","ILCTalkshow","in","","0","0","0","https://x.com/undefined/status/1082784023632535552","218426063",
"1082612814726946817","Tue Jan 08 23:39:58 +0000 2019","0","@Asmara_1701 @fadlizon @prabowo jiwa raga prabowo buat rakyat indonesia","1082784004925845504","","Asmara_1701","in","","0","0","0","https://x.com/undefined/status/1082784004925845504","1073867378197295104",
"1082779057127706626","Tue Jan 08 23:39:52 +0000 2019","0","@nabila10011 @Ayuindriz @prabowo pagi syg2 aku","1082783978111741952","","faqihpakeqyu","in","","0","0","0","https://x.com/undefined/status/1082783978111741952","3045831272",
"1082783953373655040","Tue Jan 08 23:39:46 +0000 2019","0","@AndiArief__ ini orang malah sangat menyinggung perasaan pk @prabowo @AndiArief__ anda tak punya perasaan apa yah pk","1082783953373655040","","Andiarief__","in","","0","0","0","https://x.com/undefined/status/1082783953373655040","1024611683568766976",
"1082686500502876160","Tue Jan 08 23:39:34 +0000 2019","2","@rizalrizal62 @saididu @KPU_ID Betul sekali saran @rizalrizal62 - saya kaget pak @saididu yg saya hormati mencuit di twitter spt itu saat acara ILC masih berlangsung. Saya mau tak mau harus menjawabnya krn tugas saya menjaga marwah kehormatan pak Prabowo ","1082783902438023169","","hrizal_shmm62","in","","0","1","1","https://x.com/undefined/status/1082783902438023169","184027653",
"1082783861551988736","Tue Jan 08 23:39:24 +0000 2019","0","ahahaha.. siall na i @Gerindra @PDemokrat @PKSejahtera @PartaiPAN @prabowo @Ferdinand_Haean @jansen_jsp @Fahrihamzah @ruhutsitompul","1082783861551988736","","","pl","","0","0","0","https://x.com/undefined/status/1082783861551988736","202952801",
"1082783854128095232","Tue Jan 08 23:39:22 +0000 2019","0","Pak @prabowo dan Pak @sandiuno yang saya hormati alangkah baiknya jika Visi Misi Nomor Urut 2 di sampaikan ke Publik (Dua Arah) tanpa perlu di Fasilitasi oleh KPU Lebih Keren ... #KPUWasitRasaTimses #KPUtidakAdil #KPURasaTimses #prabowosandi #JokowiTakutPaparkanMisiVisi","1082783854128095232","","","in","","0","0","0","https://x.com/undefined/status/1082783854128095232","4163460312",
"1082783824012955649","Tue Jan 08 23:39:15 +0000 2019","0","Ada upaya baru sy dengar mereka akan lakukan boycott pemilu dgn mengundang pengamat luar negeri.","1082783824012955649","","","in","","0","0","0","https://x.com/undefined/status/1082783824012955649","987982398708051968",
"1082489315161063424","Tue Jan 08 23:39:13 +0000 2019","0","@rockygerung Yang lebih memalukan justru kau Rocky...kau ditakdirkan hanya memaki Presiden Jokowi padahal kau tdk punya prestasi apa apa....otak comberan....","1082783816920387584","","rockygerung","in","","0","0","0","https://x.com/undefined/status/1082783816920387584","844073464147267584",
"1082684363714682880","Tue Jan 08 23:39:11 +0000 2019","1","@republikaonline Emang rakyat harus dipaksa percaya pemerintah atau penyelenggara pemilu? Wow..","1082783805717413888","","republikaonline","in","","0","0","0","https://x.com/undefined/status/1082783805717413888","154118899",
"1082783756665028608","Tue Jan 08 23:38:59 +0000 2019","10","Woy @KPU_ID !!! Kalo mata ama kuping lo belom ketutupan kardus nih liat &amp; denger deklarasi pejabat daerah yg terang2an dukung @jokowi lengkap ama kode jarinye. Brani lo periksa mereka smua ?? Jangan ke pa @aniesbaswedan doangan lo berani #SaveAniesBaswedan #SaveAniesBaswedan https://t.co/wxWqx4HVYr","1082783756665028608","https://pbs.twimg.com/ext_tw_video_thumb/1082783629040803840/pu/img/CWx_IqGIFQoNCToy.jpg","","in","","3","2","15","https://x.com/undefined/status/1082783756665028608","819423470660435973",
"1082783722020032512","Tue Jan 08 23:38:51 +0000 2019","0","Lihat Tweet @fadjroeL: https://t.co/p7T9fschCl @sandiuno @prabowo @ZUL_Hasan @Dahnilanzar @FaldoMaldini @rockygerung @rockygerung","1082783722020032512","","","in","","0","0","0","https://x.com/undefined/status/1082783722020032512","898898221413433348",
"1082783719700615168","Tue Jan 08 23:38:50 +0000 2019","0","Pernyataan Ketua KPU tak ingin ada paslon yg dipermalukan merupakan penghinaan terhadap capres memandang capres tak mampu menjawab pertanyaan. Apakah mungkin di benak dia ada capres yg bakal memalukan?","1082783719700615168","","","in","","0","0","0","https://x.com/undefined/status/1082783719700615168","808474978811146240",
"1082783638238961669","Tue Jan 08 23:38:31 +0000 2019","0","Saya suka video @YouTube https://t.co/OK9A77pbcQ BURON! Ketua Dewan Koalisi Relawan Nasional (Kornas) PRABOWO. Temukan dan Laporkan!","1082783638238961669","","","in","","0","0","0","https://x.com/undefined/status/1082783638238961669","576287136",
"1082783591631773696","Tue Jan 08 23:38:20 +0000 2019","0","KEPURA PURAAN ANDA TOPENG TERBUKA!!! BEGINI MIMIK MUKA JOKOWI SEBELUM DAN SESUDAH MENYAPA W... https://t.co/QcMgYIIith lewat @YouTube","1082783591631773696","","","in","","0","0","0","https://x.com/undefined/status/1082783591631773696","4897580641",
"1082665684453285888","Tue Jan 08 23:38:05 +0000 2019","0","@ArianusArnold @Bolangwebber @PriyoBudiS @saididu @KPU_ID Lo yang goblok ... @prabowo ditanya tentang kpid ppid.. ya mana ngertilah.. itu kan ranah walikota.. memang Jokowi kalo ditanya cara nembak yang benar tahu caranya??? cara ngerakit senjata tahu caranya!! Bukan kelas nya....Jgn lebay..","1082783531879649280","","","in","","0","0","0","https://x.com/undefined/status/1082783531879649280","31703215",
"1082779057127706626","Tue Jan 08 23:38:05 +0000 2019","0","@nabila10011 @prabowo brisik lu bil ah laper nih gue #ILCMengujiNetralitasKPU #PrabowoTakutDebat","1082783529715421184","","faqihpakeqyu","in","","0","1","0","https://x.com/undefined/status/1082783529715421184","1071015163925422080",
"1082783522023043072","Tue Jan 08 23:38:03 +0000 2019","0","Yakin apa yg lo bicara @Dahnilanzar dia @prabowo bisa berdepat visi misi kampret kan bisanya bersilat lidah pinter ngeles.","1082783522023043072","","","in","","0","0","0","https://x.com/undefined/status/1082783522023043072","1717506668",
"1082783519871561730","Tue Jan 08 23:38:02 +0000 2019","1","Empadi Racm Peduli Tsunami Banten dan lampung . . . #empadi #empadiracm #prabowo #sandiagauno #prabowosandi #2019gantipresiden#empadi #deklarasiakbarpendukungptabowosand https://t.co/P3o57iWzuG","1082783519871561730","","","in","","0","0","0","https://x.com/undefined/status/1082783519871561730","1054388067828555776",
"1081899843612663808","Tue Jan 08 23:38:02 +0000 2019","0","@PollingLagi @RasM16765807 @KPU_ID KPU Sepertinya sdh tdk netral lagi hrsnya nya KPU justru harus nya menunjukkan integritas nya dlm melaksanakan pemilu yg adil sesuai undang-undang","1082783517199589377","","PollingLagi","in","","0","0","0","https://x.com/undefined/status/1082783517199589377","3112335638",
"1082783492209950720","Tue Jan 08 23:37:56 +0000 2019","0","Mas Kaesang anak pak ka - i ? bukan ank pak jokowi.... kok baru tau hayo cari keadilan ...","1082783492209950720","","","in","","0","0","0","https://x.com/undefined/status/1082783492209950720","1288978298",
"1082783487009030144","Tue Jan 08 23:37:55 +0000 2019","7","Saya kurang paham apa kendala kedutaan Klo mmg butuh tiket @psi_id siapkan apapun yg dibutuhkan utk kepulangan mrk apalagi msh ada sisa 7 korban lagi dari total 16 orang yang nasibnya tdk jelas sya percaya klo pak @jokowi tau kisah ini beliau tak akan tinggal diam @nongandah","1082783487009030144","","","in","","1","0","3","https://x.com/undefined/status/1082783487009030144","1415953428",
"1082783402011418624","Tue Jan 08 23:37:34 +0000 2019","0","Gara-gara BPJS Ratusan Dokter Deklarasikan Dukung Prabowo-Sandi https://t.co/VM7Y5IFrFR","1082783402011418624","","","in","","0","0","0","https://x.com/undefined/status/1082783402011418624","505610904",
"1082606373236441089","Tue Jan 08 23:37:33 +0000 2019","0","@fachrur78 @AkunTofa @permadiaktivis Sudah bosen lihat dia jd Presiden.makanya rakyat pilih Prabowo untuk 2019 tahu ga?","1082783395657113601","","RepublikIni","in","","0","0","0","https://x.com/undefined/status/1082783395657113601","907218665551966208",
"1082647665018585088","Tue Jan 08 23:37:30 +0000 2019","0","@asareka_Design @ibachker @conan_idn @ILCtv1 @prabowo @sandiuno @Gerindra @PKSejahtera Tapi kemunculannya di tv bisa pengaruh bagi undecided voter... Harusnya kita belajar dari 2014...singkirkan benalu2 dan sengkuni yg oportunis...","1082783383497760768","","asareka_Design","in","","0","1","1","https://x.com/undefined/status/1082783383497760768","2881687628",
"1082697516297084928","Tue Jan 08 23:37:22 +0000 2019","0","@uki_dwi_heriyan @nurhadi_aldo Capres angkat bicara","1082783349549101056","","uki_dwi_heriyan","in","","0","0","0","https://x.com/undefined/status/1082783349549101056","344487173",
"1082783334718156801","Tue Jan 08 23:37:18 +0000 2019","0","LSI: Gerindra Diuntungkan Berkah Elektoral Prabowo https://t.co/WWOuYL3kao","1082783334718156801","","","in","","0","0","0","https://x.com/undefined/status/1082783334718156801","846715204637376513",
"1082687596008861696","Tue Jan 08 23:37:15 +0000 2019","2","@ILCtv1 @karniilyas @KPU_ID @jokowi @prabowo Minggu depan mudah2an ILC diskusinya 7 kontener surat suara yg dah dicoblos.","1082783320146989056","","ILCTalkshow","in","","0","1","0","https://x.com/undefined/status/1082783320146989056","1057979221455200256",
"1082612811363057664","Tue Jan 08 23:37:06 +0000 2019","0","@gibol_chelsea @jokowi betapa hebatnya p @jokowi itu peluang sejak dulu ada dan tak terpikir oleh pemerintahan sebelumnya dan does it +","1082783283383918592","","gibol_chelsea","in","","0","0","0","https://x.com/undefined/status/1082783283383918592","3488507420",
"1082783264358592512","Tue Jan 08 23:37:02 +0000 2019","0","Jokowi menang ya silakan Prabowo menang ya silakan","1082783264358592512","","","in","","0","0","0","https://x.com/undefined/status/1082783264358592512","139646925",
"1079972041246162944","Tue Jan 08 23:37:00 +0000 2019","0","@jokowi Tetaplah berdoa dan mengucap syukur dalam Segala Hal buat keluarga dan negara","1082783257005936641","","jokowi","in","","0","0","0","https://x.com/undefined/status/1082783257005936641","1082532066313482240",
"1082783226110795776","Tue Jan 08 23:36:52 +0000 2019","0","Pagi tadi meski lirih kudengar do'a tulus dari seorang penjual sayur yg singgah di mushalla untuk shalat subuh. Yaa Allah kalahkanlah pembohong itu berilah kemenangan pd Prabowo-Sandi agar kehidupan wong cilik menjadi lebih baik......dst . Semoga Allah kabulkan. Aamiin.","1082783226110795776","","","in","","0","1","0","https://x.com/undefined/status/1082783226110795776","2159961170",
"1082508640467087361","Tue Jan 08 23:36:52 +0000 2019","1","@AriestaricoRico @prabowo @Gerindra ","1082783225792028672","","AriestaRiico_","qme","","0","0","0","https://x.com/undefined/status/1082783225792028672","2462163774",
"1082532672725966848","Tue Jan 08 23:36:43 +0000 2019","1","@King54fir @dapitdong @bawaslu_RI Amiin ya Rabb.. Berilah mereka hidup yang panjang dengan penyakit-penyakit yang sulit disembuhkan jika ternyata para pengawas pemilu telah berkhianat dan berlaku tidak adil.. Ya Allah.. Kabulkanlah do'a kami..","1082783187938365440","","","in","","0","1","0","https://x.com/undefined/status/1082783187938365440","1033942601408307200",
"1082620430500818944","Tue Jan 08 23:36:36 +0000 2019","0","@hendriabidin2 Tak ada kekhawatiran pak Prabowo dibantai dlm debat. Beliau sdh alami dituding penculik pembunuh. Dipecat di TNI atas tuduhan merencanakan kudeta (semoga akan ada koreksi sejarah) dan banyak lagi. Disebut jenderal kardus pemarah gebrak meja dsb. Beliau tokoh unik yg saya kagumi","1082783158381162496","","hendriabidin2","in","","0","0","0","https://x.com/undefined/status/1082783158381162496","184027653",
"1082783094787076096","Tue Jan 08 23:36:21 +0000 2019","0","#BabeKasihTau KPU Bersitegang dengan Prabowo-Sandi Beraninya di Luar Anda Tidak Bertanggungjawab #election https://t.co/Z7tt1zK5e2","1082783094787076096","","","in","","0","0","0","https://x.com/undefined/status/1082783094787076096","2306171660",
"1082783093814046726","Tue Jan 08 23:36:21 +0000 2019","0","Noted @jokowi @KSPgoid @KemenkeuRI","1082783093814046726","","","en","","0","0","0","https://x.com/undefined/status/1082783093814046726","42142634",
"1082610631390289925","Tue Jan 08 23:36:15 +0000 2019","5","@BiLLRaY_ Jgn lengah n terlena perjuangan belum usai sebelum @jokowi resmi di lantik lg sbgai presiden RI 2019-2024 kawal n terus dukung","1082783070061658117","","BiLLRaY_","in","","0","2","0","https://x.com/undefined/status/1082783070061658117","1370056795",
"1082678787785973761","Tue Jan 08 23:36:07 +0000 2019","1","@RizmaWidiono @ridwankamil @prabowo Miris bgt kl dh susah mkn","1082783037530599424","","RizmaWidiono","in","","0","0","0","https://x.com/undefined/status/1082783037530599424","1078270952268476416",
"1082783034590474240","Tue Jan 08 23:36:07 +0000 2019","18","Pemimpin yang hebat itu peduli pada rakyatnya dan mensejahterakan rakyatnya hingga rakyat begitu tentram . Prabowo dan Sandiago Uno no 2 pilihan Ulama. https://t.co/fg2uuJbNEt","1082783034590474240","https://pbs.twimg.com/media/DwbRabDUUAAgUXW.jpg","","in","","0","0","9","https://x.com/undefined/status/1082783034590474240","1081753063986061313",
"1082447541596172288","Tue Jan 08 23:36:06 +0000 2019","0","@Ferdinand_Haean @bawaslu_RI @aniesbaswedan @jokowi #2019PrabowoPresiden","1082783030018625536","","Ferdinand_Haean","qme","","0","0","0","https://x.com/undefined/status/1082783030018625536","800156213384097792",
"1082182672623915008","Tue Jan 08 23:36:01 +0000 2019","0","@orgpinggir @gus_naquiba @Dennysiregar7 @prabowo https://t.co/UzHnMC4z8q","1082783012557709312","https://pbs.twimg.com/media/DwbRZ5zUYAAHlmM.jpg","orgpinggir","qme","","0","0","0","https://x.com/undefined/status/1082783012557709312","1036931562430849028",
"1082782981285203968","Tue Jan 08 23:35:54 +0000 2019","0","Empadi Racm Peduli Tsunami Banten dan lampung . . . #empadi #empadiracm #prabowo #sandiagauno #prabowosandi #2019gantipresiden#empadi #deklarasiakbarpendukungptabowosand https://t.co/NlqzM9YFKw","1082782981285203968","","","in","","0","0","0","https://x.com/undefined/status/1082782981285203968","1054388067828555776",
"1082447541596172288","Tue Jan 08 23:35:52 +0000 2019","0","@Ferdinand_Haean @bawaslu_RI @aniesbaswedan @jokowi Hahaha....panik....?","1082782973353549824","","Ferdinand_Haean","tl","","0","0","0","https://x.com/undefined/status/1082782973353549824","2909893466",
"1082646038417207297","Tue Jan 08 23:35:47 +0000 2019","0","@Ferdinand_Haean jokowi tumbang indonesia ancur","1082782952377872384","","Ferdinand_Haean","in","","0","0","0","https://x.com/undefined/status/1082782952377872384","986604810802675712",
"1082678787785973761","Tue Jan 08 23:35:44 +0000 2019","7","@RizmaWidiono @ridwankamil @prabowo Pak Prabowo apa anda perlu ke psikiater ?","1082782938708635648","","RizmaWidiono","in","","0","0","1","https://x.com/undefined/status/1082782938708635648","2882684917",
"1082782937269952512","Tue Jan 08 23:35:44 +0000 2019","0","Adhyaksa Research and Consulting (ARC) menang pemilu/Pemilukada tak harus mahal. CP 08114134165 (Marses)","1082782937269952512","","","in","","0","0","0","https://x.com/undefined/status/1082782937269952512","1860383677",
"1082782926222151680","Tue Jan 08 23:35:41 +0000 2019","0","Dan tahun 2019 kekalahan prabowo akan mengkalim 70jt kontainer ( tapiiiiiii booohhhhoooonggggggg) ","1082782926222151680","","","in","","0","0","0","https://x.com/undefined/status/1082782926222151680","995539019839651840",
"1082778618097364992","Tue Jan 08 23:35:36 +0000 2019","0","@RadioElshinta Pembocoran kisi-kisi atau pun pertanyaan debat capres 2019 oleh KPU merupakan contoh yg buruk bg masyarakat khususnya dunia pendidikan.","1082782903891746816","","RadioElshinta","in","","0","0","0","https://x.com/undefined/status/1082782903891746816","2565772105",
"1082249398019534851","Tue Jan 08 23:35:25 +0000 2019","0","@jokowi #sekalilagipak","1082782857548816384","","jokowi","qme","","0","0","0","https://x.com/undefined/status/1082782857548816384","967645967624282113",
"1082189302254030848","Tue Jan 08 23:35:24 +0000 2019","0","@bawaslu_RI @aniesbaswedan ridwan kamil gak diperiksa juga videonya udah viral di medsos sekalian sri mulyani sama ruhut periksa juga berani gak? takut dipecat takut diancam dibunuh banci lo ... makanya jgn makan uang haram. bawaslu dan kpu isinya bangsat ingat lo digaji pake uang rakyat bukan uang jokowi","1082782854625484801","","bawaslu_RI","in","","0","0","0","https://x.com/undefined/status/1082782854625484801","1567892286",
"1082464034379550720","Tue Jan 08 23:35:21 +0000 2019","0","@RetnoWu13957636 @hnurwahid @muhamadbahrum @bawaslu_RI no two no two two is prabowo","1082782841832857600","","RetnoWu13957636","pl","","0","0","0","https://x.com/undefined/status/1082782841832857600","1029299998087733248",
"1081736629323059200","Tue Jan 08 23:35:19 +0000 2019","0","@permadiaktivis @prabowo @sandiuno Bung @permadiaktivis hebat lu bro menilai kemakmuran rakyat dengan kemampuan mbayar lonthe sebagai parameter. Juooss...kegoblokanmu tidak kamu buat2 dan memang alami #abujandangajibelepotan","1082782835629424645","","permadiaktivis","in","","0","0","0","https://x.com/undefined/status/1082782835629424645","888989904570433536",
"1082258076479086593","Tue Jan 08 23:35:17 +0000 2019","0","@rion_rion123 @merdekadotcom prabowo kalah wkwk","1082782825848352768","","rion_rion123","in","","0","0","0","https://x.com/undefined/status/1082782825848352768","544164774",
"1082782738283786240","Tue Jan 08 23:34:56 +0000 2019","0","@TBIndonesia @KemenkesRI @jokowi sya menderita TB dari tahun 2016 sdh berobat 2x sampe sesai tapi gejla tetap ada dan makin berat blkngan ini sya sering merasakan pusing dan demam yg tidak hilang sya takut TB ini menjalar ke organ yg lain saya ingin berobat TB MDR.mohon bantu sya","1082782738283786240","","TBIndonesia","in","","0","0","0","https://x.com/undefined/status/1082782738283786240","1035039547",
"1082678787785973761","Tue Jan 08 23:34:52 +0000 2019","0","@RizmaWidiono @jokosus28 @ridwankamil @prabowo Mungkin yang di sebut Prabowo itu Afrika Barat bukan Jawa Barat . Maklum lah dia kan halu...suka terbang kemana mana pikirannya","1082782721275883520","","RizmaWidiono","in","","0","0","0","https://x.com/undefined/status/1082782721275883520","971332831602356225",
"1081713886829539334","Tue Jan 08 23:34:39 +0000 2019","0","@setiapancasila @TheArieAir @jokowi Ujungnya spt ini : https://t.co/125GcGQumO","1082782668125757440","https://pbs.twimg.com/ext_tw_video_thumb/1082782564379635712/pu/img/vKYjNVNvIZJYwa-D.jpg","NingTiny1881","in","","0","0","0","https://x.com/undefined/status/1082782668125757440","1028865122209415168",
"1081736629323059200","Tue Jan 08 23:34:26 +0000 2019","0","@permadiaktivis @prabowo @sandiuno Super natural guoblooknya","1082782611674546176","","permadiaktivis","tl","","0","0","0","https://x.com/undefined/status/1082782611674546176","62837223",
"1082782602832953346","Tue Jan 08 23:34:24 +0000 2019","0","Dg semua ketidak adilan &amp; kedzaliman yg semakin jelas insya Allah sy akan berjuang memenangkan prabowo jd presiden 2019 bahkan lbh keras dibandingkan usaha sy mengalahkan beliau di pilrpes 2014 lalu. Sbg permintaan maaf","1082782602832953346","","","in","","0","0","0","https://x.com/undefined/status/1082782602832953346","277918704",
"1082530931494182912","Tue Jan 08 23:34:19 +0000 2019","0","@hardi_anton @gussas75 @subangkitz @budimandjatmiko @JinggaApi @jati_kusumo @BudiMamo @Yovis_Archi @bill_plenthonk @syahirulalim @prabowo Aku udah pake Twitter dari 2014. Ga butuh follower tuh. Emangnya dengan follower banyak menunjukkan kualitas seseorang apa? Ayo pas debat Capres tanggal 17 aku tunggu di Bidakara.","1082782580632477698","","hardi_anton","in","","0","1","0","https://x.com/undefined/status/1082782580632477698","2664722515",
"1082782565591707648","Tue Jan 08 23:34:15 +0000 2019","699","Tak ada kekhawatiran pak Prabowo dibantai dlm debat. Beliau sdh alami dituding penculik pembunuh. Dipecat di TNI atas tuduhan merencanakan kudeta (semoga akan ada koreksi sejarah) dan banyak lagi. Disebut jenderal kardus pemarah gebrak meja dsb. Beliau tokoh unik yg saya kagumi","1082782565591707648","","","in","","12","43","210","https://x.com/undefined/status/1082782565591707648","184027653",
"1082779057127706626","Tue Jan 08 23:34:02 +0000 2019","0","@nabila10011 @prabowo genderuwoo bil #ILCMengujiNetralitasKPU #PrabowoTakutDebat","1082782510398894080","","faqihpakeqyu","in","","0","1","0","https://x.com/undefined/status/1082782510398894080","1071015163925422080",
"1081736629323059200","Tue Jan 08 23:33:52 +0000 2019","0","@dewantara_adjie @permadiaktivis @prabowo @sandiuno Anak bapak pendapatnya samah penjual apem https://t.co/G4oFuXowVO","1082782470024511489","https://pbs.twimg.com/media/DwbQ5HuUwAAMr9D.jpg","dewantara_adjie","in","","0","0","0","https://x.com/undefined/status/1082782470024511489","813371491064479751",
"1082318869207760896","Tue Jan 08 23:33:50 +0000 2019","0","@___Ghostababil_ @bondansusilo1 Cakeppp paseh gitu jawabnya saya bangga jika memiliki presiden seperti anda Pak @prabowo Insyallah anda the next President of indonesia... Takbirrrrr","1082782460608372736","","IATeam___","in","","0","0","0","https://x.com/undefined/status/1082782460608372736","963542809151090689",
"1082688388145139712","Tue Jan 08 23:33:50 +0000 2019","0","@rmolco Krn yg satu capres yg satu lagi capepa (calon petugas partai)","1082782460205625344","","rmol_id","in","","0","0","0","https://x.com/undefined/status/1082782460205625344","152226008",
"1082782428442152961","Tue Jan 08 23:33:42 +0000 2019","0","HILANGNYA WIBAWA ISTANA DI ERA JOKOWI;TULISAN DJAJANG NURJAMAN PENGAMAT ... https://t.co/hzl7YvppjF lewat @YouTube","1082782428442152961","","","in","","0","0","0","https://x.com/undefined/status/1082782428442152961","4897580641",
"1082560858188767234","Tue Jan 08 23:33:41 +0000 2019","0","@didihusadi @korantempo @prabowo @sandiuno Kmrn pak Prabowo ada kerjasama tuh sm China ","1082782424633753600","","didihusadi","in","","0","0","0","https://x.com/undefined/status/1082782424633753600","70059895",
"1082604237563916289","Tue Jan 08 23:33:41 +0000 2019","2","@Gerindra @lanunatuna Kate org Betawi Tampang Prabowo Euntu Gagah n Ganteng cocok untuk Gantiin Jokowi 2019 Prabowo Presiden RI.","1082782421278322688","","Gerindra","in","","0","0","0","https://x.com/undefined/status/1082782421278322688","907218665551966208",
"1082594037574455296","Tue Jan 08 23:33:27 +0000 2019","0","@anti_aksiapapun @jokowi @kaesangp @TMCPoldaMetro @bareskrim2018 wkwkwkk kasian ih cuma mas @kaesangp aja yang lainnya enggak. Sabar ya mas dunia emang kadang kejam wkwk","1082782365406027776","","anti_aksiapapun","in","","0","0","0","https://x.com/undefined/status/1082782365406027776","1025518964",
"1082290995755020288","Tue Jan 08 23:33:26 +0000 2019","0","@Asmara_1701 @Dahnilanzar Tahun 2014 lalu sdh dipaparkan....prabiwo keok lawan jokowi...","1082782358695141376","","Asmara_1701","in","","0","0","0","https://x.com/undefined/status/1082782358695141376","2539450496",
"1082782347194298368","Tue Jan 08 23:33:23 +0000 2019","0","Chusnul Mariyah jg arogan saat bandingkan anggaran pemilu 2004 dgn 2019. Seharusnya dia paham pembandingan itu tdk equal. Btw Tum @PartaiSocmed gue ikut seneng sampeyan tulis begini sebab itu KPU yg di ILC temen kost gue temen sependeritaan","1082782347194298368","","","in","","1","0","0","https://x.com/undefined/status/1082782347194298368","515125182",
"1082782346317770752","Tue Jan 08 23:33:23 +0000 2019","0","@prabowo @sandiuno @AndiArief__ @Dahnilanzar Your mission Jim should you choose to accept it.. https://t.co/2V5YYtBrMt","1082782346317770752","https://pbs.twimg.com/media/DwbQzf2UwAEbBF-.jpg","prabowo","en","","0","0","0","https://x.com/undefined/status/1082782346317770752","70847259",
"1082782343016804352","Tue Jan 08 23:33:22 +0000 2019","0","Untuk hari ini satu kata untuk Pak Jokowi.......@jansen_jsp @LisaAmartaTara @adv_supyadi @AkunTofa @Ferdinand_Haean @hincapandjaitan @helmifelis","1082782343016804352","","","in","","0","0","0","https://x.com/undefined/status/1082782343016804352","1079554517853589504",
"1082468209473642496","Tue Jan 08 23:33:21 +0000 2019","0","@Dahnilanzar @fadreee @prabowo ya begitulah pendapat pihak lawan bg andre dibangun narasi memojokan pak prabowo tetapi masyarakat sdh cerdas","1082782339623571456","","Dahnilanzar","in","","0","0","0","https://x.com/undefined/status/1082782339623571456","794177531389673473",
"1082692637952421888","Tue Jan 08 23:33:21 +0000 2019","0","@dapupa @saididu @ILCtv1 @KPU_ID selama hal tsb tidak mengubah hasil pemilu secara signifikan","1082782339124453376","","dapupa","in","","0","0","0","https://x.com/undefined/status/1082782339124453376","934233701143134208",
"1082782319914541056","Tue Jan 08 23:33:16 +0000 2019","19","Saya mendukung tagar #SaveAnisBaswedan Lha wong Gubernur mendukung capres yg diusung partai pendukungnya kok. Lagipula kalo Anies kena itu Pejabat2 di Sumatra juga kena donk. Ini kan mempertegas saja JKW gila jabatan. Padahal bawahannya/ bosnya yg begitu","1082782319914541056","","","in","","0","1","8","https://x.com/undefined/status/1082782319914541056","81358248",
"1082665684453285888","Tue Jan 08 23:33:07 +0000 2019","0","@PriyoBudiS @saididu @KPU_ID Bener mas @PriyoBudiS anda terlalu lembek.. kebiasaan kompromi jgn dibawa ke tim @prabowo .. mending anda mundur bikin malu tim @prabowo aja.. tolong dipertimbangkan @fadlizon @Dahnilanzar @marierteman","1082782280039329792","","PriyoBudiS","in","","0","0","0","https://x.com/undefined/status/1082782280039329792","31703215",
"1082665684453285888","Tue Jan 08 23:33:01 +0000 2019","0","@ridamaryda @saididu @PriyoBudiS @KPU_ID Jelas jokowi yg pake cara k 2","1082782257213886464","","ridamaryda","in","","0","1","0","https://x.com/undefined/status/1082782257213886464","1066207947905150981",
"1082719132523454464","Tue Jan 08 23:32:50 +0000 2019","0","@fadlizon @prabowo Mbadut.....","1082782208706768896","","fadlizon","in","","0","0","0","https://x.com/undefined/status/1082782208706768896","2909893466",
"1081884774195650560","Tue Jan 08 23:32:43 +0000 2019","0","@FPI_isback # 2019 Prabowo Presiden","1082782181729026048","","FPI_isback","in","","0","0","0","https://x.com/undefined/status/1082782181729026048","1040624965840596993",
"1082782139446222848","Tue Jan 08 23:32:33 +0000 2019","0","Emang setelah debat lu mau pindah ke capres lain gituhhh? Rasanya tidakk... Ya kann??","1082782139446222848","","","in","","0","0","0","https://x.com/undefined/status/1082782139446222848","125515382",
"1082781916959363072","Tue Jan 08 23:32:22 +0000 2019","2","@Indrilestaris @prabowo #ILCMengujiNetralitasKPU #PrabowoTakutDebat","1082782091455033344","","Indrilestaris","qme","","1","0","0","https://x.com/undefined/status/1082782091455033344","1080899675186618368",
"1082782043245666305","Tue Jan 08 23:32:10 +0000 2019","0","https://t.co/cuNnYu9BRd meskipun pihak @Prabowo nih yang minta kita mah tetep ikut bae sama aturan kpu #ILCMengujiNetralitasKPU #PrabowoTakutDebat","1082782043245666305","","","in","","0","0","0","https://x.com/undefined/status/1082782043245666305","1071015163925422080",
"1082719132523454464","Tue Jan 08 23:32:09 +0000 2019","4","@fadlizon @prabowo Aamiin...tetap optimistis @fadlizon cuman satu pesan sya. Jangan sujud syukur dlu sebelum ada hasil Real Count @KPU_ID yach takutny nanti pak @prabowo kecewa lagi..dah yakin menang versi hitung cepat nggak taunya kalah versi Real Count @KPU_ID ","1082782037419876353","","fadlizon","in","","0","1","0","https://x.com/undefined/status/1082782037419876353","971332831602356225",
"1082782024790769666","Tue Jan 08 23:32:06 +0000 2019","67","Burhanuddin mengatakan saat Pilpres 2014 elektabilitas Jokowi-Jusuf Kalla melejit setelah debat. https://t.co/yWRNWXfN37","1082782024790769666","","","in","","3","15","9","https://x.com/undefined/status/1082782024790769666","23343960",
"1082224910787727367","Tue Jan 08 23:32:03 +0000 2019","0","@ILCtv1 @karniilyas @KPU_ID @jokowi @prabowo @MarufAminNU @sandiuno menguji netralitas bang @karniilyas kira2 kapan tayang?","1082782012253958144","","ILCTalkshow","in","","0","0","0","https://x.com/undefined/status/1082782012253958144","749653433083269120",
"1082550285648576512","Tue Jan 08 23:31:59 +0000 2019","0","@lembagaPI Pak @jokowi selalu cara untuk menerjang ombak dalam membangun Indonesia. #salam2periode","1082781994533105665","","bonihargens_","in","","0","0","0","https://x.com/undefined/status/1082781994533105665","1027088152555470848",
"1082683603400634368","Tue Jan 08 23:31:58 +0000 2019","0","@projopusat @prabowo @KPU_ID @Fsilolongan @P3nj3l4j4h @BillRay @MahesaTiwi @CH_chotimah @Airin_NZ @04Nakula @ApriliaLin @BadjaNuswantara @budimuni98 Udah ada pengalaman kalah harusnya bisa prepare do the best ya ini malah nolak debat :) payaaahhhh #PrabowoTakutDebat","1082781989466324992","","caknur1414","in","","0","0","0","https://x.com/undefined/status/1082781989466324992","1025518964",
"1082781980389830657","Tue Jan 08 23:31:55 +0000 2019","2","Habisi sampai akar akarnya!!! Hoax pemecah belah bangsa! #17apriljokowipresiden *Pentolan Relawan Prabowo Diduga Pembuat Hoaks Surat Suara* *_Selasa 08/01/2019 20:11_* https://t.co/7jHXubBBMj","1082781980389830657","","","in","","0","0","0","https://x.com/undefined/status/1082781980389830657","1044168596128059393",
"1082261011690737664","Tue Jan 08 23:31:50 +0000 2019","0","@itsloovyhere @tubirfess Yang jelas isi otak anak sd sama profesor itu beda. Itu yang dicari. Tidak membedakan kualitatif kuantitatif baik itu prinsip idealis kelincahan berfikir abstraksi retorika dsb digali di debat capres. Kalo konteksnya visi misi ya aku juga setuju.","1082781957723844608","","pszichokalipszi","in","","0","0","0","https://x.com/undefined/status/1082781957723844608","977311852303499264",
"1082781916959363072","Tue Jan 08 23:31:40 +0000 2019","1","https://t.co/UzKLJeHATR Kita mah ngikutt baee menyepakati aja keputusan KPU meskipun pihak @Prabowo nih yang minta. #ILCMengujiNetralitasKPU #PrabowoTakutDebat","1082781916959363072","","","in","","1","2","0","https://x.com/undefined/status/1082781916959363072","1070690910516604928",
"1082781892498210816","Tue Jan 08 23:31:34 +0000 2019","0","betul pak.. sekalian aja @KPU_ID bikin debat TimSes jangan debat Capres-Cawapres..","1082781892498210816","","","in","","0","0","0","https://x.com/undefined/status/1082781892498210816","296730042",
"1082781869203120128","Tue Jan 08 23:31:29 +0000 2019","1","Jokowi Dijadwalkan Lantik Kepala BNPB Pagi Ini https://t.co/0jmX8jo0g5 https://t.co/7y0LQEEIht","1082781869203120128","https://pbs.twimg.com/media/DwbQXknU0AETDQ3.jpg","","in","","0","0","0","https://x.com/undefined/status/1082781869203120128","68930552",
"1082781866447368192","Tue Jan 08 23:31:28 +0000 2019","3",".... Tidak ada pembatalan sosialisasi Visi Misi pada debat Capres itu penjelasan Resmi dari KPU ..... Yang ada itu adalah pembatalan penyampaian/sosialisasi Visi Misi pada tanggal 9/01 untuk Timses Paslon jadi bukan pada debat Capres .... Jangan dibolak-balik.","1082781866447368192","","","in","","0","0","0","https://x.com/undefined/status/1082781866447368192","2318203688",
"1082779462859509761","Tue Jan 08 23:31:24 +0000 2019","2","@fadjroeL Bunyinya jokowi..jokowi...jokowi","1082781850215403520","","fadjroeL","in","","0","0","0","https://x.com/undefined/status/1082781850215403520","295185627",
"1082645840190205954","Tue Jan 08 23:31:24 +0000 2019","1","@SammiSoh Termakan agitasi lwt medsos.. Setiap hr WAG sll disuguhkan fitnah thd jokowi dgn bhs agitasi hasutan kebencian.. Itulah hasil yg 34% milih prabowo = milih surga","1082781846952275968","","SammiSoh","in","","0","1","0","https://x.com/undefined/status/1082781846952275968","4432988174",
"1082686681872912385","Tue Jan 08 23:31:23 +0000 2019","0","@muannas_alaidid @jokowi @psi_id @Menlu_RI Semoga di tindak lanjuti oleh yg berwajib. Aamiin.","1082781843001290753","","muannas_alaidid","in","","0","0","0","https://x.com/undefined/status/1082781843001290753","634667156",
"1082673221135142912","Tue Jan 08 23:31:08 +0000 2019","0","@detikcom Pasti ini salah pak jokowi!","1082781781294645249","","detikcom","in","","0","0","0","https://x.com/undefined/status/1082781781294645249","783876533001654273",
"1082763183339630593","Tue Jan 08 23:30:53 +0000 2019","0","@fadjroeL @jokowi Alah..percuma..ngetweet..ke fajrol...sudah nyaman dia tidur di kursi basah","1082781717453189121","","fadjroeL","in","","0","0","0","https://x.com/undefined/status/1082781717453189121","1000977495133335552",
"1082781636624736257","Tue Jan 08 23:30:33 +0000 2019","7","Semoga Bpk Jokowi selalu diberi kesehatan. Amiiin. https://t.co/LqeZiFhyh1","1082781636624736257","https://pbs.twimg.com/media/DwbQIVIVsAAz-XT.jpg","","in","","1","0","1","https://x.com/undefined/status/1082781636624736257","1057979221455200256",
"1082781619440644096","Tue Jan 08 23:30:29 +0000 2019","0","Prestasi nya prabowo itu apa? Cak kau tengok dulu Biar gak apa kali muncung kau itu https://t.co/umGgbwNkuu","1082781619440644096","","","in","","0","0","0","https://x.com/undefined/status/1082781619440644096","505610904",
"1082597573725085696","Tue Jan 08 23:30:25 +0000 2019","0","@LingWinata81 Prabowo berani klo didampingi dirimu beb ","1082781600360755201","","KelianBanjar_GK","in","","0","0","0","https://x.com/undefined/status/1082781600360755201","985730749209788416",
"1082664565350039553","Tue Jan 08 23:30:17 +0000 2019","3","@jefri_muhamad @fadlizon kamu tahu siapa yang minta itu? Prio dari pihak BPN 02 anak buah prabowo. pertanyaan gua lu nonton kagak td malam? lihat tuh Prio ngomong apa Fadli zon ngomong kmana. kalau km jeli liat siapa yg siap dan kompak dalam situasi ini.. think guys","1082781566059798528","","jefri_muhamad","in","","0","0","0","https://x.com/undefined/status/1082781566059798528","748908732",
"1082781550486335488","Tue Jan 08 23:30:13 +0000 2019","5","Apa sulitnya KBRI di beijing segera terbitkan SPLP pengganti pasport sdh 2 bulan tak ada kepastian ribuan kilometer anak-anak ini pontang-panting lari dalam kejaran suaminya utk smp kedutaan krn tak tahan kekerasan dan penyiksaan @jokowi @Menlu_RI @psi_id","1082781550486335488","","","in","","0","1","0","https://x.com/undefined/status/1082781550486335488","1415953428",
"1082779057127706626","Tue Jan 08 23:30:09 +0000 2019","0","@nabila10011 @prabowo minta gendong #ILCMengujiNetralitasKPU #PrabowoTakutDebat","1082781533855862784","","faqihpakeqyu","in","","0","1","0","https://x.com/undefined/status/1082781533855862784","1071015163925422080",
"1082614143138488324","Tue Jan 08 23:29:59 +0000 2019","0","@LingWinata81 @Pringgondanies @prabowo Haaa takut jaenudin kali takut","1082781492529360897","","KelianBanjar_GK","in","","0","0","0","https://x.com/undefined/status/1082781492529360897","1020329257329815554",
"1082180985381240832","Tue Jan 08 23:29:58 +0000 2019","0","@Handoko05Wibowo @jokowi Kedunguan nyata","1082781488683204609","","Handoko05Wibowo","in","","0","0","0","https://x.com/undefined/status/1082781488683204609","749257109221494786",
"1082781485227069440","Tue Jan 08 23:29:57 +0000 2019","0","Deklarasi Pemilu Damai SDN 18 INP Bababulo Kec. Pamboang https://t.co/2GPbDyOHWy","1082781485227069440","https://pbs.twimg.com/ext_tw_video_thumb/1082781221497663489/pu/img/eS2OADqFU29hDRTM.jpg","","in","","0","0","0","https://x.com/undefined/status/1082781485227069440","845094332856119296",
"1082318869207760896","Tue Jan 08 23:29:54 +0000 2019","0","@___Ghostababil_ Ngga pernah liat apa pas Pak Prabowo dicopot dr kopasus beliau menghadapi dgn tegar. Gw yakin seyakin2nya klw si Je KW kalah dia bisa dipastikan ngga akan dateng ke acara pelantikan alias ngacirrrrro","1082781469691457536","","IATeam___","in","","0","0","0","https://x.com/undefined/status/1082781469691457536","2580392234",
"1082781465069289475","Tue Jan 08 23:29:53 +0000 2019","0","Fadli sebut Prabowo KACUNG didalam KARUNG bagus","1082781465069289475","","","in","","0","0","0","https://x.com/undefined/status/1082781465069289475","1352923566",
"1082781444584304640","Tue Jan 08 23:29:48 +0000 2019","0","CEBONG SEKARAT KPU PAKAI 25 TRILIUN UNTUK TOPENG NALAR ! JOKOWI KALAH #... https://t.co/oL8kc8Idn9 lewat @YouTube","1082781444584304640","","","in","","0","0","0","https://x.com/undefined/status/1082781444584304640","4897580641",
"1082612814726946817","Tue Jan 08 23:29:45 +0000 2019","0","@Asmara_1701 @prabowo #2019PrabowoPresidenRI","1082781434245312512","","Asmara_1701","qme","","0","0","0","https://x.com/undefined/status/1082781434245312512","949464301328154624",
"1082781390163177472","Tue Jan 08 23:29:35 +0000 2019","0","Jubir BPN Prabowo-Sandi Andre Rosiade menyatakan Bagus tak ada di struktur tim pemenangan. Dia mendukung langkah polisi menuntaskan kasus hoax tersebut.","1082781390163177472","","","in","","0","0","1","https://x.com/undefined/status/1082781390163177472","74553795",
"1082628835831496704","Tue Jan 08 23:29:34 +0000 2019","0","@RizmaWidiono @Billy_aprianto @ILCtv1 @karniilyas @rockygerung Biarkanlah.....kasian kan mrk udah kehabisan trik utk menggerus elektabilitas Jokowi. Mau pake pengamat lain takutnya malah menggerogoti pamor Prab-San. Lagian 53% rakyat Indonesia sdh pd tau kualitas ocehan RG kok Jokowi &amp; kafilah tetap berlalu","1082781388846161920","","RizmaWidiono","in","","0","0","0","https://x.com/undefined/status/1082781388846161920","1053112849696874496",
"1082781386350555138","Tue Jan 08 23:29:34 +0000 2019","0","Kalo Jokowi atau KMA ditanya begini pasti tiba2 genset mati nih atau sinyal tv putus nih...TKN apalagi mimisan semua","1082781386350555138","","","in","","0","0","0","https://x.com/undefined/status/1082781386350555138","1014190929048043520",
"1082781379258011648","Tue Jan 08 23:29:32 +0000 2019","8","Presiden @jokowi Tegaskan Perekonomian Indonesia 2018 Tumbuh Signifikan Di Tengah Ketidakpastian Global. Berita selengkapnya di https://t.co/e3kZ8DLIIh #JokowiJagaPertumbuhanEkonomi https://t.co/Dqtk5IKjEN","1082781379258011648","https://pbs.twimg.com/media/DwbP53cVYAAKtna.jpg","","in","","0","0","3","https://x.com/undefined/status/1082781379258011648","772689620576395264",
"1082781375730569216","Tue Jan 08 23:29:31 +0000 2019","7","Di desa jagalempeni ini pak @prabowo dan bang @sandiuno #SaveAniesBaswedan #2019PrabowoPresidenRI #17AprilCoblosNomor02 #PrabowoSandiAja https://t.co/g764PN5MPa","1082781375730569216","https://pbs.twimg.com/media/DwbP239U8AA5dXJ.jpg","","in","","1","0","3","https://x.com/undefined/status/1082781375730569216","1031952208047161344",
"1082592945767895041","Tue Jan 08 23:29:15 +0000 2019","0","@liputan6dotcom Hahahah pak @prabowo itu bukan karena g mampu menghidupi anak² tapi orangnya memang KURANG IMAN g bisa di beri cobaan dikit sama Allah lansung mengkeret!!! Makanya ngaji belajar agama biar g cengeng ","1082781309183811584","","liputan6dotcom","in","","0","0","0","https://x.com/undefined/status/1082781309183811584","963293431580602368",
"1082640102340194304","Tue Jan 08 23:29:11 +0000 2019","0","@kompascom emang klu prabowo jadi presiden bisa penuhi janjiy?","1082781292020654080","","kompascom","in","","0","0","0","https://x.com/undefined/status/1082781292020654080","2341624404",
"1082781270461956096","Tue Jan 08 23:29:06 +0000 2019","1","Nyerang @jokowi gagal mulu ganti nyerang @KPU_ID . Ahh kapan hidupnya Prabowo bahagia?","1082781270461956096","","","in","","0","0","0","https://x.com/undefined/status/1082781270461956096","925563644762398721",
"1082626491391700992","Tue Jan 08 23:29:04 +0000 2019","0","@bangagoeng96 @Valhalla_Asgard @abiyyu231299 @Rusydi_riau @Riast10 @HotPepperminTea @KBedug @utuntauk @prabowo @Gerindra Semoga Allah mengijabah Doa umat yang berharap #2019PrabowoPresidenRI #2019PrabowoPresidenRI","1082781261544878080","","bangagoeng96","in","","0","2","0","https://x.com/undefined/status/1082781261544878080","1029299998087733248",
"1082771199560536064","Tue Jan 08 23:29:01 +0000 2019","0","@maspiyuuu di ILC semalam terbongkar sudah bahwa semua keputusan proses pemaparan visi misi dan debat capres adalah hasil diskusi yg sdh disetujui kedua belah pihak... terima ksh pak presiden ILC sdh mengangkat topik ini.","1082781250320969728","","mas_piyuuu","in","","0","0","0","https://x.com/undefined/status/1082781250320969728","3091556484",
"1082781228636557314","Tue Jan 08 23:28:56 +0000 2019","0","Persiapan Empadi Rscm Peduli Tsunami Banten dan Longsor Sukabumi . . . #empadi #empadiracm #prabowo #sandiagauno #prabowosandi #2019gantipresiden#empadi https://t.co/imhBNV759y","1082781228636557314","","","in","","0","0","0","https://x.com/undefined/status/1082781228636557314","1054388067828555776",
"1082781194406682625","Tue Jan 08 23:28:48 +0000 2019","0","Biar apa sih mereka bikin Meme begituan? Memangnya rakyat akan semakin kagum dan takjub sama Jokowi?","1082781194406682625","","","in","","0","0","0","https://x.com/undefined/status/1082781194406682625","2905814730",
"1082773155427614720","Tue Jan 08 23:28:47 +0000 2019","0","@amatillah_ibnu @detikcom @prabowo @jokowi hey Jokowi aja nih udh ungguli Prabowo di 9 lembaga survei well ini masih survei loh belum pemilihan. Dari survei aja udah terlihat siapa yang akan menjadi pemimpin RI #2019PrabowoKalahLagi","1082781188144558080","","amatillah_ibnu","in","","0","0","0","https://x.com/undefined/status/1082781188144558080","1080899675186618368",
"1082781179110215685","Tue Jan 08 23:28:44 +0000 2019","0","Diduga Lakukan Pelanggaran Pemilu ASN di Gowa Kembali Dilaporkan https://t.co/ev6AMpHMED #gemadaerah","1082781179110215685","","","in","","0","0","0","https://x.com/undefined/status/1082781179110215685","2357428693",
"1081713886829539334","Tue Jan 08 23:28:40 +0000 2019","1","@setiapancasila @TheArieAir Klo terkait Hoax khusus nya kinerja @jokowi dan Isu2 yg mereka mainkan sy pasti balas tp by data. Serta sy jg sll balas akun yg resmi milik politisi oposisi macam rachland fadlizon fahri hamzah tengku zul ferdinan mustofa dll walau ujungnya berakhir dgn Blocked","1082781161397481473","","sinerginegeri","in","","0","1","0","https://x.com/undefined/status/1082781161397481473","1028865122209415168",
"1082781144502824960","Tue Jan 08 23:28:36 +0000 2019","2","Kisi-kisi untuk pertanyaan debat adalah hal yang wajar bagi Prabowo karena dia perlu menyiapkan debat yang hebat walaupun usulan ditiadakannya debat tidak jadi. #ILCMengujiNetralitasKPU #PrabowoTakutDebat","1082781144502824960","","","in","","0","0","2","https://x.com/undefined/status/1082781144502824960","1732174656",
"1082781132003799040","Tue Jan 08 23:28:33 +0000 2019","0","Dia adalah Ketua Dewan Koalisi Relawan Nasional (Kornas) Prabowo. Namun kelompok relawan itu disebut tak terdaftar di Badan Pemenangan Nasional (BPN) Prabowo-Sandi.","1082781132003799040","","","in","","0","0","1","https://x.com/undefined/status/1082781132003799040","74553795",
"1082781115767648256","Tue Jan 08 23:28:29 +0000 2019","13","15. Presiden @jokowi: Saya yakin dengan pengalaman yang ada dengan pengalaman panjang dalam berdemokrasi insyaallah pemilu legislatif dan pemilu presiden secara serentak di tahun 2019 ini akan berlangsung dengan aman damai dan demokratis #JokowiJagaPertumbuhanEkonomi https://t.co/v4ud45cC8U","1082781115767648256","https://pbs.twimg.com/media/DwbPrTVUcAApB5h.jpg","","in","","0","0","4","https://x.com/undefined/status/1082781115767648256","772689620576395264",
"1082771152282370048","Tue Jan 08 23:28:28 +0000 2019","0","@darsosantani @prabowo @sandiuno @SBYudhoyono @ZUL_Hasan @PriyoBudiS Bukannya justru yg paling banyak bikin hoax itu 01","1082781109371363328","","darsosantani","in","","0","0","0","https://x.com/undefined/status/1082781109371363328","401967938",
"1082248649193664512","Tue Jan 08 23:28:15 +0000 2019","0","@rinawaki @Tawoon2 @permadiaktivis @prabowo @sandiuno @Ferdinand_Haean @Dahnilanzar @saididu @AkunTofa @hanumrais @rockygerung Kuli bangunan jauh lebih banyak jasanya. Jadi presiden gak cukup ngebangun ngebangun.. Tapi harus pintar tegas luas bahasanya dan disegani.","1082781057588424704","","rinawaki","in","","0","0","0","https://x.com/undefined/status/1082781057588424704","1082443371023458304",
"1081736629323059200","Tue Jan 08 23:28:08 +0000 2019","0","@permadiaktivis @prabowo @sandiuno #JKWTakutPaparkanMisiVisi #JKWTakutPaparkanMisiVisi #JKWTakutPaparkanMisiVisi","1082781026227650560","","permadiaktivis","qme","","0","0","0","https://x.com/undefined/status/1082781026227650560","233932387",
"1082763906492198912","Tue Jan 08 23:28:05 +0000 2019","0","@bengkeldodo @bang_hilmi02 @w4H_1d @DelmaJaya @w_runturambi @endrapoer @peyboy9 @kangsemproel @SurYosodipuro_ @CintaNKRI12 @Dony71996672 Dari awal emng gue dah jijik bgt ama pola ni akun jelas ngebrenwos otak ini mah buat kga peduli ama pemilu.","1082781014798127106","","bengkeldodo","in","","0","1","0","https://x.com/undefined/status/1082781014798127106","937833242840801280",
"1082781009731448832","Tue Jan 08 23:28:04 +0000 2019","8","14. Presiden @jokowi: Kita tahu di 2018 kita telah membuktikan mampu menyelenggarakan 171 pemilihan kepala daerah serentak dengan aman dan damai #JokowiJagaPertumbuhanEkonomi https://t.co/1J0a0pwA2m","1082781009731448832","https://pbs.twimg.com/media/DwbPk6PVYAIByqC.jpg","","in","","0","0","2","https://x.com/undefined/status/1082781009731448832","772689620576395264",
"1082780977871564800","Tue Jan 08 23:27:56 +0000 2019","0","Semoga mas @sandiuno tidak usul supaya Pemilu diubah menjadi musyawarah mufakat untuk menentukan siapa Presiden RI 2019-2024.. :)) Sandi Usul Debat Diubah Jadi Seminar Ini Kata KPU https://t.co/zHD5stghdS","1082780977871564800","","","in","","0","0","0","https://x.com/undefined/status/1082780977871564800","2259716772",
"1082780912432173056","Tue Jan 08 23:27:41 +0000 2019","0","(Berita | INFOGRAFIK: Hasil Akhir 3 Quick Count Pilkada Sumatera Utara) https://t.co/9Fb6VzxNyG #pemilu #pemilu2019","1082780912432173056","","","in","","0","0","0","https://x.com/undefined/status/1082780912432173056","968428811107819521",
"1082568876011880448","Tue Jan 08 23:27:38 +0000 2019","5","@geloraco Yg mau bikin pemilu nanti jd terkesan main2 kan grup sampeyan pak moel. Lha wong pemaparan visi misi dn debat capres aj minta pake stuntman? Trus kampanye kok bagi2 amplop dan wasitnya juga semua ikutan main. Lha kok nuduh org main2? Statement yg norak! #2019PrabowoPresidenRI","1082780901635850241","","geloraco","in","","0","1","0","https://x.com/undefined/status/1082780901635850241","1122227797",
"1082780893368832000","Tue Jan 08 23:27:36 +0000 2019","6","13. Selain itu menjelang pesta demokrasi Presiden @jokowi juga meminta stabilitas keamanan dan ketertiban untuk terus dijaga #JokowiJagaPertumbuhanEkonomi https://t.co/TyukZAEYZr","1082780893368832000","https://pbs.twimg.com/media/DwbPeCjUUAALcYN.jpg","","in","","0","0","1","https://x.com/undefined/status/1082780893368832000","772689620576395264",
"1082780852881260544","Tue Jan 08 23:27:27 +0000 2019","0","Dari sini aja sudah kelihatan bro klo dr kubu kampret takut debat takut swing voter 25% pindah ke Jokowi semua dan dr Pendukungnya banyak yg pindah ke kubu jokowi. Bilang gitu aja kok repot","1082780852881260544","","","in","","0","0","0","https://x.com/undefined/status/1082780852881260544","960921983759233024",
"1082626491391700992","Tue Jan 08 23:27:22 +0000 2019","0","@Rusydi_riau @bangagoeng96 @Valhalla_Asgard @abiyyu231299 @Riast10 @HotPepperminTea @KBedug @utuntauk @prabowo @Gerindra #2019PrabowoPresidenRI","1082780832018849794","","Rusydi_riau40","qme","","0","1","0","https://x.com/undefined/status/1082780832018849794","1029299998087733248",
"1082779057127706626","Tue Jan 08 23:27:18 +0000 2019","0","@nabila10011 Kita mah menyepakati aja keputusan KPU meskipun pihak @Prabowo nih yang minta. #ILCMengujiNetralitasKPU #PrabowoTakutDebat","1082780815682162688","","faqihpakeqyu","in","","0","1","0","https://x.com/undefined/status/1082780815682162688","1071015163925422080",
"1082665684453285888","Tue Jan 08 23:27:16 +0000 2019","0","@Ony_anwar @PriyoBudiS @saididu @prabowo @sandiuno @Dahnilanzar @hincapandjaitan BPN Perlu sosok yg aktif cerdas agresive dan lihai berpolitik. Dari sekian partai koalisi bnyak kok yg memenuhi syarat. Kecewa banget aku ternyata usulan itu datang dari kubu PS. Pemilu tinggal berapa bulan lagi jangan bikin konyol dan bodoh lagi.","1082780809172406272","","","in","","0","0","0","https://x.com/undefined/status/1082780809172406272","176257541",
"1082780792764301313","Tue Jan 08 23:27:12 +0000 2019","2","Pertanyaanya paslon mana yang berpotensi dipermalukan jika soal tidak dibocorkan. Sebagai putra terbaik bangsa semestinya para capres/cawapres tersinggung dengan pernyataan ini karena dianggap berpotensi tidak dapat menjawab pertanyaan dan dipermalukan. https://t.co/LsCvftnJGp","1082780792764301313","https://pbs.twimg.com/media/DwbPYZoUwAA9k4Z.jpg","","in","","0","0","3","https://x.com/undefined/status/1082780792764301313","1629328532",
"1082780783411048448","Tue Jan 08 23:27:10 +0000 2019","8","12. Presiden @jokowi juga menyampaikan fokus pemerintah pada peningkatan kapasitas sumber daya manusia dengan melakukan berbagai pelatihan dan perbaikan kualitas pendidikan #JokowiJagaPertumbuhanEkonomi https://t.co/IQkWsrOEqp","1082780783411048448","https://pbs.twimg.com/media/DwbPX7pU0AArDoM.jpg","","in","","0","0","1","https://x.com/undefined/status/1082780783411048448","772689620576395264",
"1082626491391700992","Tue Jan 08 23:27:03 +0000 2019","0","@bangagoeng96 @Valhalla_Asgard @abiyyu231299 @Rusydi_riau @Riast10 @HotPepperminTea @KBedug @utuntauk @prabowo @Gerindra #2019PrabowoPresidenRI #2019PrabowoPresidenRI","1082780755766345728","","bangagoeng96","qme","","0","1","0","https://x.com/undefined/status/1082780755766345728","1029299998087733248",
"1082550044564180993","Tue Jan 08 23:27:01 +0000 2019","0","@Dahnilanzar @prabowo @sandiuno Pak jokowi lah orang nya Karna pk jokowi sdh ter bukti Yg laen cuma janji janji","1082780746022932480","","Dahnilanzar","in","","0","0","0","https://x.com/undefined/status/1082780746022932480","1076544759542366208",
"1082780711822606336","Tue Jan 08 23:26:53 +0000 2019","2","Menurut saya #PrabowoTakutDebat itu bukanlah hal yang benar prabowo hanya menunggu keberaniannya datang untuk bisa debat. #ILCMengujiNetralitasKPU #PrabowoTakutDebat","1082780711822606336","","","in","","0","0","2","https://x.com/undefined/status/1082780711822606336","1732174656",
"1082780652099915776","Tue Jan 08 23:26:39 +0000 2019","0","Wkwkwk lucu aja sekarang lagi panas2 nya pemilu setiap orang membahas pemilu yang buta dengan politik secara tiba-tiba pintar mengenai politik seakan-akan mereka paham dengan politik itu seakan-akan mereka politik itu sendiri seakan-akan mereka tau bagaimana membangun negeri","1082780652099915776","","","in","","0","1","0","https://x.com/undefined/status/1082780652099915776","614914057",
"1082780643476393984","Tue Jan 08 23:26:37 +0000 2019","13","11. Presiden @jokowi: Sekali lagi saya minta konsolidasi antara sektor riil dunia usaha dengan moneter dan fiskal yang sudah dirancang bisa terkonsolidasi dengan baik sehingga langkah tegas dan konsisten dalam pengendalian impor bisa kita lakukan #JokowiJagaPertumbuhanEkonomi https://t.co/wxEseztqA9","1082780643476393984","https://pbs.twimg.com/media/DwbPP3TVYAAVX-z.jpg","","in","","0","0","1","https://x.com/undefined/status/1082780643476393984","772689620576395264",
"1082690236696514560","Tue Jan 08 23:26:36 +0000 2019","0","@CakKhum @rockygerung Kisi kisinya...... bukan Prabowo sandi jadi siapa hayooooo.....?","1082780641211473920","","suaragagap","in","","0","0","0","https://x.com/undefined/status/1082780641211473920","558460960",
"1082780579819606016","Tue Jan 08 23:26:21 +0000 2019","0","I liked a @YouTube video https://t.co/nEdjq0pkhr PRABOWO MAKIN KEROPOS! Caleg dan Pendukungnya Ramai-Ramai Ditangkap Polisi!","1082780579819606016","","","in","","0","0","0","https://x.com/undefined/status/1082780579819606016","490854220",
"1082656639688327168","Tue Jan 08 23:26:13 +0000 2019","0","@kopikocang @jokowi Kopi nyete ya mas :)","1082780543513575424","","mantabID","in","","0","1","0","https://x.com/undefined/status/1082780543513575424","44070454",
"1082780524962148353","Tue Jan 08 23:26:08 +0000 2019","0","#IstikharahPemilu adalah cara untuk menghindari polarisasi menjelang #Pemilu2019 menjauhkan diri dari dosa² ghibah fitnah dan segala hal yang tak berguna bagi bangsa dan pemilu itu sendiri. Ayo mulai sekarang #IstikharahPemilu sematkan do'amu","1082780524962148353","","","in","","0","0","1","https://x.com/undefined/status/1082780524962148353","1388666958",
"1082780429651005440","Tue Jan 08 23:25:46 +0000 2019","9","Pilih yang sudah jelas saja kerjanya... Jokowi telah membuktikan bahwa beliau mampu untuk menjadi pemimpin dengan banyak hal... Banyak perubahan yang telah beliau lakukan dan itu semua https://t.co/tbqPVr1nMa","1082780429651005440","","","in","","0","0","0","https://x.com/undefined/status/1082780429651005440","1080794915792072704",
"1082646951529574400","Tue Jan 08 23:25:39 +0000 2019","2","@nabila10011 @Jokowi_inside @prabowo @sandiuno @P3nj3l4j4h @4Y4NKZ @triwul82 @BadjaNuswantara @CH_chotimah @RizmaWidiono @PowerEmak @danrem keseringan nyengir kuda dan gagal fokus haha ikut rapat kaga tapi banyak omong #ILCMengujiNetralitasKPU #PrabowoTakutDebat","1082780403356692480","","faqihpakeqyu","in","","0","1","0","https://x.com/undefined/status/1082780403356692480","1070690910516604928",
"1082780383551340549","Tue Jan 08 23:25:35 +0000 2019","0","(Liputan 6 | LIPI: Debat Capres Bisa Angkat Elektabilitas Jika Gagasan Dikemas Baik) https://t.co/Dm2JuMBsME #pemilu #pemilu2019","1082780383551340549","","","in","","0","0","0","https://x.com/undefined/status/1082780383551340549","968428811107819521",
"1082780353696133121","Tue Jan 08 23:25:28 +0000 2019","18","Jokowi Lantik Doni Monardo Jadi Kepala BNPB Hari Ini https://t.co/jYeP300HnM","1082780353696133121","","","in","","1","0","4","https://x.com/undefined/status/1082780353696133121","17128975",
"1082780346708443136","Tue Jan 08 23:25:26 +0000 2019","0","Berarti @KPU_ID tau dong ada paslon yg bakal bikin malu. Jng sembarang menyimpulkan karena debat Capres nnti ditonton oleh masyarakat dunia loh. https://t.co/ayoOmcK5dt","1082780346708443136","","","in","","1","0","0","https://x.com/undefined/status/1082780346708443136","2377644162",
"1082640940936835072","Tue Jan 08 23:25:23 +0000 2019","1","@Moch_herianto @prabowo Klau Prabowo jaga perasaan mbk titiek gk mungkin bubar.. Jngn 2 janjinya sm Indonesia sprti itu.. Dijaga trusss... bubar !! ","1082780333152468992","","Moch_herianto","in","","0","0","1","https://x.com/undefined/status/1082780333152468992","1045470512447545345",
"1082708807891935232","Tue Jan 08 23:25:12 +0000 2019","1","@HardimasHP @ditoyorr @PartaiSocmed @KPU_ID Buat apa lgi menurut ane semalem di ilc udh ngejelasin isu2 yang beredar. Soal tkn tkut visi misi prabowo tkut debat pemberitahuan soal. Udh jelas semalem dibahas. Yg bkin muter2 itu soal kenapa kpu ngasih ruang buat nego tadi harusnya kpulangsung A gaush nego kanan kiri.","1082780289074524160","","HardimasHP","in","","0","1","0","https://x.com/undefined/status/1082780289074524160","268790595",
"1082780182786633728","Tue Jan 08 23:24:47 +0000 2019","1","Buat apa ikut pemilu kalo wasitnya aja berat sebelah","1082780182786633728","","","in","","0","0","0","https://x.com/undefined/status/1082780182786633728","377886016",
"1082622217374986240","Tue Jan 08 23:24:33 +0000 2019","0","@chaeunji82 Sampe capres no. 10 pun suka sama chorong https://t.co/DGCqVlCfCX","1082780124339027968","https://pbs.twimg.com/media/DwbOxvgV4AAF25n.jpg","chaeunji82","in","","0","0","0","https://x.com/undefined/status/1082780124339027968","1429276920",
"1082779497684848640","Tue Jan 08 23:24:03 +0000 2019","0","@marierteman Saya cari kunci jawaban debat capres ada ga?","1082780000216961024","","marierteman","in","","0","0","0","https://x.com/undefined/status/1082780000216961024","823738096910880768",
"1081936802682785793","Tue Jan 08 23:23:55 +0000 2019","2","@ALWAN2572 @Dennysiregar7 @jokowi Soeharto dulu ga bs bhs Inggris. Ke mana2 pakai penterjemah. Putin Presiden Rusia Angela Markel Kanselir Jerman Erdogan Bhs Inggrisnya lbh parah. Lbh baik tdk cas cis cus bhs Inggris tp kerja keras dan jujur drpd cas cis cus tp suka bohong dan hobi nakut2in rakyat","1082779964447981568","","JengTitis","in","","0","1","1","https://x.com/undefined/status/1082779964447981568","67637744",
"1082779950279806978","Tue Jan 08 23:23:51 +0000 2019","1","Berita Terkini: Prabowo Sangat Prihatin Dana untuk Korban Bencana Dikorupsi Pejabat Ini Buktinya!","1082779950279806978","","","in","","0","0","0","https://x.com/undefined/status/1082779950279806978","2934629720",
"1082575308539088896","Tue Jan 08 23:23:51 +0000 2019","4","@do_ra_dong @blackidjoe99 Ente mulai lagi giring2 pecah belah nyudutkan mercy mercy lah yg all out counter issu kalo ada serangan ke kubu PAS. Tuh Priyo budi berkarya di #ILCMengujiNetralitasKPU semalam kpu n timses 01 bilang yg minta kisi2 debat capres. Terang tuh priyo. Gimana seh!","1082779946731241472","","do_ra_dong","in","","0","0","0","https://x.com/undefined/status/1082779946731241472","1466691751",
"1082779946085502976","Tue Jan 08 23:23:50 +0000 2019","1","Berita Terkini: KPU Tak Paham UU Pemilu Wajar kalau Digugat Dekan FH Unas: Wajib Fasilitasi Visi-Misi Paslon","1082779946085502976","","","in","","0","0","0","https://x.com/undefined/status/1082779946085502976","2934629720",
"1082779943233302530","Tue Jan 08 23:23:50 +0000 2019","0","Berita Terkini: Prabowo Presiden Menggema di Lokasi Pengungsian Korban Gempa-Tsunami Palu","1082779943233302530","","","in","","0","0","0","https://x.com/undefined/status/1082779943233302530","2934629720",
"1081415115344207872","Tue Jan 08 23:23:39 +0000 2019","0","@HelenDay88 @ibsir2018 @Robotu71 @penyairbatavia @jboyo1889 @CNNIndonesia @KPU_ID Dan kalau yg saya pahami dari keterangan bang Dahnil di TV One yg saat itu jg hadir pak Lukman Edi kesepakatan tsb diambil setelah adanya ketidaksepakatan soal pemaparan visi misi oleh capres-cawapres krn pihak TKN menolaknya.","1082779898119245824","","HelenDay88","in","","0","1","0","https://x.com/undefined/status/1082779898119245824","321900113",
"1082544154272362497","Tue Jan 08 23:23:34 +0000 2019","0","@SurYosodipuro_ Sosok yf di rindukan rakyat jelata? Yakin? Coba cek ke pelosok Jokowi lebih di nanti drpd anies baswedan siapa itu anies baswedan? Hahahah sandiaga uno aja gk di kenal makanya harus keluar masuk pasar walaupun gk beli apa2 ","1082779876715687938","","SaveMoslem1","in","","0","0","0","https://x.com/undefined/status/1082779876715687938","128808151",
"1082594037574455296","Tue Jan 08 23:23:25 +0000 2019","0","@anti_aksiapapun @jokowi @kaesangp @TMCPoldaMetro @bareskrim2018 Pasti si dodol bisnisnya jualan klenik dicampur ayat buat dapat duit","1082779840447541248","","anti_aksiapapun","in","","0","0","0","https://x.com/undefined/status/1082779840447541248","985730749209788416",
"1082779792968052737","Tue Jan 08 23:23:14 +0000 2019","2","Tweepss kuh semuanya Daripada nyumbang 5 juta untuk dukung Prabowo dengan alih-alih masuk surga mending sumbangin ke anak yatim yang sudah jelas. #2019PrabowoKalahLagi https://t.co/yrm8ehPoNX","1082779792968052737","https://pbs.twimg.com/media/DwbOes6U8AASQjv.jpg","","in","","0","0","0","https://x.com/undefined/status/1082779792968052737","1080899675186618368",
"1082531176802340864","Tue Jan 08 23:22:58 +0000 2019","0","@Surgabidadari3 @jokowi #SaveAniesBaswedan","1082779725360115712","","Surgabidadari3","qme","","0","0","0","https://x.com/undefined/status/1082779725360115712","1029978329200308224",
"1082779683450568706","Tue Jan 08 23:22:48 +0000 2019","0","Kalla: Kalau Pertanyaan Debat Dirapatkan Dulu yang Pantas Jadi Capres-Cawapres Timnya https://t.co/xyNh0tCaeF","1082779683450568706","","","in","","0","0","0","https://x.com/undefined/status/1082779683450568706","233932387",
"1082779647354359808","Tue Jan 08 23:22:39 +0000 2019","1"," Presiden mengajarkan anak kita untuk menghafal nama-nama ikan KPU mengajarkan capres untuk menghafal soal-soal debat. Bangsa ini sudah dua kali di bikin dungu @rockygerung","1082779647354359808","","","in","","0","0","0","https://x.com/undefined/status/1082779647354359808","992622559668531201",
"1082779633878163457","Tue Jan 08 23:22:36 +0000 2019","0","Ma'ruf Prediksi Pembangunan 'Macet' Bila Jokowi Tak Terpilih https://t.co/cykZ4NyPsR Mbah Yai Rangkap Jabatan Jadi Paranormal dia Skrg....","1082779633878163457","","","in","","0","0","0","https://x.com/undefined/status/1082779633878163457","859077747775217664",
"1082680973123174400","Tue Jan 08 23:22:20 +0000 2019","2","@wahhabicc_jabar @kaesangp @P3nj3l4j4h @chicohakim @muannas_alaidid @DivHumas_Polri @bareskrim2018 Fitnah trs rakyat semakin muak dgn capres idola kampret dikampungku sdh bosan tiap buka TV katanya berita fitnahan dr kubu capres abadi","1082779567520022528","","wahhabicc_jabar","in","","0","0","2","https://x.com/undefined/status/1082779567520022528","2882684917",
"1082779556375801856","Tue Jan 08 23:22:17 +0000 2019","29","10. Presiden @jokowi juga mengingatkan bahwa di tahun 2019 ini kita masih akan menghadapi tantangan ekonomi yang tidak ringan dengan disertai gejolak ekonomi dunia dan tekanan eksternal #JokowiJagaPertumbuhanEkonomi https://t.co/SkGMi0IKYv","1082779556375801856","https://pbs.twimg.com/media/DwbOPvdVAAAg4Se.jpg","","in","","1","0","7","https://x.com/undefined/status/1082779556375801856","772689620576395264",
"1082779534007496704","Tue Jan 08 23:22:12 +0000 2019","1","LIVE! Politikus Senior Golkar yang juga mantan ketua DPR Akbar Tanjung : Keputusan KPU membocorkan kisi-kisi debat capres menuai pro dan kontra. #ElshintaEdisiPagi https://t.co/tBw1tc5LiV","1082779534007496704","https://pbs.twimg.com/media/DwbOPi1UcAEzFN1.jpg","","in","","0","0","0","https://x.com/undefined/status/1082779534007496704","121640063",
"1082769061941923841","Tue Jan 08 23:21:55 +0000 2019","11","@NataliusPigai2 Semoga dg ijin Allah SWT serta dukungan juga doa rakyat Indonesia pak Prabowo menang pilpres tahun ini menuju Indonesia yang adil dan makmur Aamiin Ya Robbal 'Aalamiin","1082779463127990272","","NataliusPigai2","in","","0","1","0","https://x.com/undefined/status/1082779463127990272","960117726575382528",
"1082779406685401088","Tue Jan 08 23:21:42 +0000 2019","0","Presiden Joko Widodo (Jokowi) ingin Indonesia memiliki pendidikan kejuruan yang variatif seperti jurusan eSport. #2019JokowiKyaiMaruf #IndonesiaMajuJokowi1xLagi #JumatBerkah https://t.co/pzlgBxmh3t #2019JokowiKyaiMaruf","1082779406685401088","","","in","","0","0","0","https://x.com/undefined/status/1082779406685401088","1033862914988421120",
"1082607724603441158","Tue Jan 08 23:21:40 +0000 2019","0","@Ferdinand_Haean Setelah mati di era SBY outshourching kembali hidup di era jokowi. Parahnya ada yang lebih parah lagi dari outshourching itu sendiri ... Hantu blaok itu bernama MAGANG","1082779400322441216","","Ferdinand_Haean","in","","0","0","0","https://x.com/undefined/status/1082779400322441216","4565279540",
"1082611708533698560","Tue Jan 08 23:21:37 +0000 2019","0","@Deka_M3xi @Astuty64 @anggerPams @AndiArief__ Lo sekali main ke rs yg ada di purwokerto Itu ada RS margono dan itu bentuk penghormatan kepada keluarga prabowo Lah keluaeganya nganu apa yah","1082779387915730944","","","in","","0","1","2","https://x.com/undefined/status/1082779387915730944","886217778104946688",
"1082779373843795968","Tue Jan 08 23:21:34 +0000 2019","0","Dosen-dosen yang ASN itu sadar atau sonde? bahwa mrk itu abdi negara yg secara hukum harus netral. Dilarang utk kampanye utk pemilu.","1082779373843795968","","","in","","0","0","0","https://x.com/undefined/status/1082779373843795968","175075505",
"1082481637110108160","Tue Jan 08 23:21:19 +0000 2019","0","@herriabdulkadir @alpinkori Mmg mantan prabowo nurani? setahu saya bukan ah....","1082779309855563777","","GuardianNKRI","in","","0","0","0","https://x.com/undefined/status/1082779309855563777","1115790181",
"1081736629323059200","Tue Jan 08 23:21:18 +0000 2019","0","@permadiaktivis @prabowo @sandiuno si abu jahal ini mah pasti mudah dapat apem berapapun hargannya ! gak aneh kok","1082779307129298944","","permadiaktivis","in","","0","0","0","https://x.com/undefined/status/1082779307129298944","537035925",
"1082626491391700992","Tue Jan 08 23:20:38 +0000 2019","7","@bangagoeng96 @Valhalla_Asgard @abiyyu231299 @Rusydi_riau @Riast10 @HotPepperminTea @KBedug @utuntauk @prabowo @Gerindra Kalau gak sadar semoga Azab Allah disegerakan untuk kalian. #SaveAnisBaswedan #SaveAnisBaswedan","1082779140690870272","","bangagoeng96","in","","0","2","2","https://x.com/undefined/status/1082779140690870272","1029299998087733248",
"1082779124790411265","Tue Jan 08 23:20:35 +0000 2019","0","Jika Prabowo Jadi Presiden Siap-siap Indonesia Jadi Macan Asia dalam Kebohongan Sumber:... https://t.co/QdWo2DqFBC","1082779124790411265","","","in","","0","0","0","https://x.com/undefined/status/1082779124790411265","719576507148935168",
"1082667858843205632","Tue Jan 08 23:20:26 +0000 2019","0","@ILCtv1 @AryaSinulingga @jokowi @MarufAminNU G salah cebong di medsos dongo semua ternyata kwalitas direktur medsosnya jaenudin cuma modal gonggong g ada subtansinya narasumber paling dongo di #ILCMengujiNetralitasKPU ","1082779090543755264","","ILCTalkshow","in","","0","0","0","https://x.com/undefined/status/1082779090543755264","2185642556",
"1082779063503048704","Tue Jan 08 23:20:20 +0000 2019","0","KPU sebagai penyelenggara pemilu menjadi ajang kekuatan antara kubu 01 dengan kubu 02 untuk mempengaruhi dalam keberpihakan. Pesta Demokrasi oleh rakyat nantinya menuntut KPU menjunjung tinggi integritas","1082779063503048704","","","in","","0","0","0","https://x.com/undefined/status/1082779063503048704","977404580",
"1082779006208860160","Tue Jan 08 23:20:06 +0000 2019","1","Heran gue dng pendapat @KPU_ID ttg takut mempermalukan salah satu Paslon. Berarti KPU tau dong siapa yg bakal malu dalam debat Capres nnti dan penyampaian Visi Mis.","1082779006208860160","","","in","","0","0","0","https://x.com/undefined/status/1082779006208860160","2377644162",
"1082622863683682304","Tue Jan 08 23:20:04 +0000 2019","0","@DioDarmawann Jgn juga pura2 bodoh sama dosa2 prabowo saat orde baru","1082778996754964480","","DioDarmawann","in","","0","1","0","https://x.com/undefined/status/1082778996754964480","261090114",
"1082649444342996997","Tue Jan 08 23:20:03 +0000 2019","1","@dikychandra_ Apakah capres nomor urut sepuluh @nurhadi_aldo jadi pertimbangan kang ??","1082778992883597312","","dikychandra_","in","","0","2","0","https://x.com/undefined/status/1082778992883597312","981046219",
"1082778985673551872","Tue Jan 08 23:20:01 +0000 2019","0","Pengin Tahu Honor Petugas KPPS di Pemilu 2019? https://t.co/XsDY5S3IGN","1082778985673551872","","","in","","0","0","0","https://x.com/undefined/status/1082778985673551872","351509293",
"1082778968741146624","Tue Jan 08 23:19:57 +0000 2019","1","Calon presiden setelah pak Jokowi 2 Periode nanti ","1082778968741146624","","","in","","0","1","0","https://x.com/undefined/status/1082778968741146624","2478240372",
"1082643532236505088","Tue Jan 08 23:19:57 +0000 2019","0","@joxzin72 Bonjour you can read it here: Thread by @MurtadhaOne: Thread Hoaks2 dan Upaya2 Delegitimasi Pemilu 2019 dan KPU 1. DPT Siluman Hoaks2 dan Upaya2 Dele [ ] #ILCMengujiNetralitasKPU https://t.co/zVIrJLb5Um Share this if you think it's interesting. ","1082778965339713539","","joxzin72","en","","0","0","0","https://x.com/undefined/status/1082778965339713539","895814938995957760",
"1082778936944222209","Tue Jan 08 23:19:50 +0000 2019","0","Asalamualaikum wr wb. Selamat pagi Indonesia.. jangan lupa ketika kita berdo'a sisipkan do'a khusus semoga ALLAH SWT memberi kemenangan Prabowo _Sandi. Dan selalu sertakan hastek #2019PrabowoPresidenRI #2019PrabowoPresidenRI","1082778936944222209","","","in","","0","0","0","https://x.com/undefined/status/1082778936944222209","3011372142",
"1082636781865127936","Tue Jan 08 23:19:43 +0000 2019","1","@MasYan19787125 @mpuanon @hafiz72240969 @pointer_ID @bawaslu_RI @aniesbaswedan @MbahUyok @RajaPurwa @Ndon08Back @MCAOps @Ferdinand_Haean @fadlizon Hal yg biasa bro sbagai gubernur atau kepala daerah memenuhi undangan acara masyarakat baik itu memberikan sambutan d acara2 partai politik aplgi anies tdk mngeluarkan pernyataan utk mndukung parpol atau capres.. Ridwan kamil wktu jd walikota jg prnah hadiri acara PDIP https://t.co/72O231S3Rf","1082778908192174081","https://pbs.twimg.com/media/DwbNq35UYAATDJ4.jpg","MasYan19787125","in","","0","1","0","https://x.com/undefined/status/1082778908192174081","970107148666470400",
"1077084465900339200","Tue Jan 08 23:19:43 +0000 2019","0","@mastbagust @ammaksum @fadlizon @karniilyas @ILCtv1 @ronavioleta Ooo ngikut usahanya jokowi jg toh mak loe...jual mebel...semoga laku ya","1082778906715770880","","mastbagust","in","","0","1","0","https://x.com/undefined/status/1082778906715770880","1042300373359190016",
"1082184301674930176","Tue Jan 08 23:19:39 +0000 2019","0","@rezkie19_ @yusuf_dumdum Prabowo sandi ga pernah jiper untuk debat publik !! https://t.co/YE0BEEXkqx","1082778891343687680","","rzkiiii_","in","","0","0","0","https://x.com/undefined/status/1082778891343687680","517811571",
"1082626491391700992","Tue Jan 08 23:19:37 +0000 2019","0","@Valhalla_Asgard @abiyyu231299 @bangagoeng96 @Rusydi_riau @Riast10 @HotPepperminTea @KBedug @utuntauk @prabowo @Gerindra nambah tidak ingin mempermalukan paslon @KPU_ID kasi kisi kisi mana yg berpotensi mempermalukan?? cukup A atau B #SaveAnisBaswedan #SaveAnisBaswedan","1082778881554145280","","Nakama_Uplift","in","","0","0","0","https://x.com/undefined/status/1082778881554145280","1029299998087733248",
"1082778860335202305","Tue Jan 08 23:19:32 +0000 2019","0","Memberi posisi dan peran strategis pada @PriyoBudiS adalah langkah PALING berani dari kubu @prabowo #Harakiri","1082778860335202305","","","in","","0","0","0","https://x.com/undefined/status/1082778860335202305","705494211538194432",
"1082649898246389760","Tue Jan 08 23:19:30 +0000 2019","0","@e100ss Betapa cepatnya perjalanan dr Surabaya ke Jogya lewat jalan tol... Heheh g ada hubungan dg beritanya ya... Emang gak ada.. Saya cuma promo jalan tol koq. Dan itu terjadi di era pak Jokowi.. Dah itu aja promonya. Makasih","1082778854471528448","","e100ss","in","","0","0","0","https://x.com/undefined/status/1082778854471528448","1079621095731261447",
"1082778840659677185","Tue Jan 08 23:19:27 +0000 2019","0","@rockygerung kurang ajar ke @prabowo di ilc. Dia bilang klo yg udh KO jgn naik ring lg. prabowo udh KO di 2014 @fadlizon @AndiArief__ @andre_rosiade @ustadtengkuzul @jansen_jsp @Ferdinand_Haean @kangdede78 @Dahnilanzar @saididu @permadiaktivis @Dennysiregar7 @BangPino_","1082778840659677185","","rockygerung","in","","0","0","0","https://x.com/undefined/status/1082778840659677185","81058880",
"1082778840131227648","Tue Jan 08 23:19:27 +0000 2019","0","sosialisasi prioritas penggunaan dana desa th 2019 di Kec.Suliki 50 Kota #Kemendes2019 #Kemendes2019 #Kemendes2019 #Kemendes2019 @Jokowi @EkoSandjojo @anwsanusi @taufikmadjid71 @fachrilabalado @Kemendes @febbydtbangso @UcokSyafrizal @ms_feri @Tan_Rajo https://t.co/QOriUfmMQs","1082778840131227648","https://pbs.twimg.com/media/DwbNnIgUUAAM4J7.jpg","","in","","0","0","0","https://x.com/undefined/status/1082778840131227648","983486412589682689",
"1082318869207760896","Tue Jan 08 23:19:16 +0000 2019","0","@___Ghostababil_ @anton3lie Coba capres satunya jg ditanya tanggapannya yaa..","1082778796644659200","","IATeam___","in","","0","0","0","https://x.com/undefined/status/1082778796644659200","2850074460",
"1082556710542237696","Tue Jan 08 23:19:16 +0000 2019","0","@republikaonline Bapak sering lupa janji sendiri.#2019 Prabowo Presiden RI sampean balik ning solo nggih.","1082778795998818304","","republikaonline","in","","0","0","0","https://x.com/undefined/status/1082778795998818304","907218665551966208",
"1082778788478341120","Tue Jan 08 23:19:14 +0000 2019","0","Ketika mereka yg dukung Prabowo dikatain mau aja makan Hoaxnya Ketika mereka yang dukung Jokowi dikatain mau aja diboongin janjinya Sudut pandang yg kotor sekali mereka tau manusia tdk ada yg sempurna tapi secara ga langsung mereka malah menuntut kesempurnaan pada manusia","1082778788478341120","","","in","","0","0","0","https://x.com/undefined/status/1082778788478341120","1036936488",
"1082778750490619905","Tue Jan 08 23:19:05 +0000 2019","0","INI ADLH HSL KERJA @jokowi @KSPgoid @GeneralMoeldoko @KPU_ID @bawaslu_RI YG MERUSAK CITRAMU SENDIRI #2019GantiPresiden #2019PrabowoPresidenRI #2019GantiPresiden #2019PrabowoPresidenRI #2019GantiPresiden #2019PrabowoPresidenRI @tvOneNews @akipagi_tvone","1082778750490619905","","","in","","0","0","0","https://x.com/undefined/status/1082778750490619905","1059548979711492096",
"1082454824828907522","Tue Jan 08 23:19:04 +0000 2019","0","@Surwani1 @ruhutsitompul Anda kan yg bilang ga ada Prestasi selama Jokowi Presiden berarti anda bisa jelaskan secara terperinci apa yg ga berhasil.","1082778743611899904","","Surwani1","in","","0","0","0","https://x.com/undefined/status/1082778743611899904","1079213517801021441",
"1082778709310853120","Tue Jan 08 23:18:56 +0000 2019","2","Di rapat KPU bilangnya A di depan wartawan bilangnya B. Seperti sudah menjadi kebiasaan kubu Prabowo Sandi pandai bersilat lidah. #ILCMengujiNetralitasKPU #PrabowoTakutDebat","1082778709310853120","","","in","","0","2","2","https://x.com/undefined/status/1082778709310853120","1732174656",
"1082778636967526400","Tue Jan 08 23:18:38 +0000 2019","3","Apa karena pak Prabowo sering menyebarkan hoax jadinya #PrabowoTakutDebat? #ILCMengujiNetralitasKPU #PrabowoTakutDebat","1082778636967526400","","","in","","0","1","2","https://x.com/undefined/status/1082778636967526400","1732174656",
"1082607917050748928","Tue Jan 08 23:18:36 +0000 2019","0","@tempodotco mungkin dikira habis ganti presiden sebelumnya hutang lunas.. trus jokowi hutang lagi lebih banyak.. gitu ya??","1082778629363253248","","tempodotco","in","","0","0","0","https://x.com/undefined/status/1082778629363253248","22440561",
"1082778618097364992","Tue Jan 08 23:18:34 +0000 2019","1","LIVE! Dosen Fakultas Ilmu Sosial dan Ilmu Politik Universitas Diponegoro Dr. Nur Hidayat Sardini : Keputusan KPU membocorkan kisi-kisi debat capres menuai pro dan kontra. #ElshintaEdisiPagi https://t.co/GQAkS1QhUg","1082778618097364992","https://pbs.twimg.com/media/DwbNaCgVYAAVeov.jpg","","in","","0","3","0","https://x.com/undefined/status/1082778618097364992","121640063",
"1082719132523454464","Tue Jan 08 23:18:30 +0000 2019","12","@fadlizon @prabowo Ketawain aja lah.. Biar seneng ","1082778601425010688","","fadlizon","in","","0","1","0","https://x.com/undefined/status/1082778601425010688","998527148238385152",
"1082295154751356928","Tue Jan 08 23:18:29 +0000 2019","1","@DewaMab92889480 @Wahyuliusanto2 @bang_udin19 @YunusLele @andre_rosiade @saididu @prabowo Bahas Al-Qur'an jangan di sama kan dengan bahasa Arab...ya kan pak @bantelah ..aneh rasanya begitu kita tinggal/ pernah tinggal di timteng langsung di anggap bisa ngaji...","1082778598786789376","","DewaMab92889480","in","","0","1","0","https://x.com/undefined/status/1082778598786789376","1048836117506666496",
"1082594037574455296","Tue Jan 08 23:18:29 +0000 2019","1","@anti_aksiapapun @jokowi @kaesangp @TMCPoldaMetro @bareskrim2018 Itu cm pengangguran yg kelaparan","1082778597536854016","","anti_aksiapapun","in","","0","0","0","https://x.com/undefined/status/1082778597536854016","2462163774",
"1082690217113341952","Tue Jan 08 23:18:20 +0000 2019","0","@irieki @mohmahfudmd Setuju kan ya @KPU_ID sudah jelas independen kenapa juga masih nurutin kemauan kedua capres? ","1082778561193234432","","irieki","in","","0","0","0","https://x.com/undefined/status/1082778561193234432","75206271",
"1082546547781300224","Tue Jan 08 23:18:19 +0000 2019","1","@AhlulKafir @Donny1995_ @ridwankamil @jokowi @bawaslu_RI @aniesbaswedan RIBUAN MENTERI DAN KEPALA DAERAH MENGACUNGKAN TELUNJUK TDK ADA PENGARUHNYA. DI BANDING DGN ACUNGAN TANGAN ANIES DENGAN DUA JARI. DUA JARI ANIES MEMBUAT INDONESIA MENGERTI APA ARTI ADIL DI REZIM INI","1082778555308662784","","kafiradikal","in","","0","0","0","https://x.com/undefined/status/1082778555308662784","810710534819454976",
"1080264791694880769","Tue Jan 08 23:18:16 +0000 2019","1","@ustadz_iipw Kok malah Prabowo ya?","1082778543707250688","","ustadz_iipw","in","","0","0","0","https://x.com/undefined/status/1082778543707250688","1074815957153902593",
"1082601925109927937","Tue Jan 08 23:18:16 +0000 2019","4","@Ernijasin @ASapardan @RizmaWidiono @TheArieAir @permadiaktivis @P3nj3l4j4h @FirzaHussein Iya..sy sdh bilang berulang kali..mengapa kubu prabowo sandi selalu menyebar Hoax hampir tiap hari..ini krn mereka sdh merasa KALAH dalam segala-galanya..ga bisa mencari orang JUJUR DAN BAIK seperti @jokowi ..tidak ada jalan lain ya itu menebar HOAX dan Cari Gara2.","1082778542348226560","","Ernijasin","in","","0","0","2","https://x.com/undefined/status/1082778542348226560","1047721475061440512",
"1082601356081356801","Tue Jan 08 23:18:09 +0000 2019","0","@keadiilan Tindkan kurang tepat utk waktu2 ini. Energi harusnya difokuskan utk kemenangan pemilu dlu ","1082778515429179393","","keadiilan","in","","0","0","0","https://x.com/undefined/status/1082778515429179393","252500555",
"1082778490787704832","Tue Jan 08 23:18:03 +0000 2019","0","Jokowi: Macet dan Banjir Lebih Mudah Diatasi jika Jadi Presiden https://t.co/5hzwHzkMnd","1082778490787704832","","","in","","0","0","3","https://x.com/undefined/status/1082778490787704832","74553795",
"1082765947725737985","Tue Jan 08 23:17:50 +0000 2019","1","@SartonoHutomo 20% itu dari simpatisan Demokrat yang jutaan pilihnya Prabowo setuju tak pakde?","1082778436039409664","","SartonoHutomo","in","","1","0","0","https://x.com/undefined/status/1082778436039409664","968015919107600384",
"1082778426199556097","Tue Jan 08 23:17:48 +0000 2019","0","Trus media massa yang mana yang adil menurut @prabowo ?","1082778426199556097","","","in","","0","0","0","https://x.com/undefined/status/1082778426199556097","89304466",
"1082778400245202945","Tue Jan 08 23:17:42 +0000 2019","3","Itu hanya karena rakyat pemilih Prabowo tdk mampu dan tdk mau beli apem 80 jt. Yg mampu dan mau beli hanya permadi arya dkk. Bagi mereka itu murah. Jadi memang tdk ada kemunduran ekonomi mereka. Yg ada kemunduran akhlak","1082778400245202945","","","in","","0","0","2","https://x.com/undefined/status/1082778400245202945","1032479975373295616",
"1082778392397660160","Tue Jan 08 23:17:40 +0000 2019","0","PERBEDAAN ITU UNTUK DISATUKAN MARI KITA DUKUNG PEMILU YANG AMAN DAMAI DAN SEJUK SERTA MENOLAK BERITA HOAX https://t.co/P9tfxKzpDh","1082778392397660160","","","in","","0","0","0","https://x.com/undefined/status/1082778392397660160","928475527517573120",
"1082778379655438336","Tue Jan 08 23:17:37 +0000 2019","0","Akhir² ini terjadi perengganan hubungan antar anak bangsa. Jelang Pemilu 2019 situasi semakin memanas. Banyak energi bangsa ini yang terbuang sia-sia dengan saling serang antar kubu dalam kontestasi Pilpres 2019 Tak... https://t.co/ecaiEe9rqH","1082778379655438336","","","in","","1","0","0","https://x.com/undefined/status/1082778379655438336","562538994",
"1082776635655348224","Tue Jan 08 23:17:37 +0000 2019","0","@kintannrp Dan masing2 dari mereka bilang biar pemilu nanti makin rame krn emang udah seharusnya riweuh kayak gini . Riweuh tp kurang mendidik kebanyakan cara kekanakan dan ga bnyak yg bisa d contoh? Kompetisi elit dengan standar yg sangat rendah ","1082778377981812737","","kintannrp","in","","0","1","0","https://x.com/undefined/status/1082778377981812737","189181157",
"1082680686933204992","Tue Jan 08 23:17:27 +0000 2019","0","@BiLLRaY_ Capres menasihati presiden. Persih ketika mau kepilih ngomong kita kaya kok impor trus glembuk saya mau stop impor","1082778338375036928","","BiLLRaY_","in","","0","0","0","https://x.com/undefined/status/1082778338375036928","951952690111594496",
"1082778329155960832","Tue Jan 08 23:17:25 +0000 2019","1"," Dukungan Jokowi Ma;ruf Amin terus mengalir masyarakat menyambut dgn rasa optimis Jokowi dua priode Masyarakat Pedagang Pasar pringan deklarasi dukung Jokowi Ayoo semangat sobat #Jokowi2Periode #JokowiMaruf2019","1082778329155960832","","","in","","0","0","0","https://x.com/undefined/status/1082778329155960832","1027424202041655296",
"1082778314320764928","Tue Jan 08 23:17:21 +0000 2019","1","Allahu akbar! Terus ribut2 kemarin siapa yang bikin dan untuk apa? Sepakati Bocoran Pertanyaan Debat Dahnil: Itu Resmi dari BPN Prabowo https://t.co/w1OzKmee7d","1082778314320764928","","","in","","0","0","1","https://x.com/undefined/status/1082778314320764928","359891957",
"1082778294326415360","Tue Jan 08 23:17:17 +0000 2019","0","Penyebar Hoaks 'Jokowi di Balik Impor Sabu' Dibui 1 Tahun https://t.co/7N9yXiXhR6","1082778294326415360","https://pbs.twimg.com/media/DwbNHr0VsAEg7zL.jpg","","in","","0","0","0","https://x.com/undefined/status/1082778294326415360","3288053485",
"1082598521205739522","Tue Jan 08 23:17:01 +0000 2019","0","@kaesangp Brti fix anda bukan anaknya bapak Jokowi","1082778230149398528","","kaesangp","in","","0","0","0","https://x.com/undefined/status/1082778230149398528","726517580",
"1082583168455065601","Tue Jan 08 23:16:53 +0000 2019","0","@TolakBigotRI @Airin_NZ @prabowo @BiLLRaY_ @Aryprasetyo85 @permadiaktivis @amrudinnejad_ @AgenRHS @wprasetyo73 @noeruzzaman @GagakNew @narkosun https://t.co/5oodtdcAkV","1082778196683087872","https://pbs.twimg.com/media/DwbNB03UUAAbGKz.jpg","TolakBigotRI","qme","","0","0","0","https://x.com/undefined/status/1082778196683087872","1059634856345268224",
"1082667858843205632","Tue Jan 08 23:16:47 +0000 2019","0","@ILCtv1 @AryaSinulingga @jokowi @MarufAminNU Katanya katanya","1082778172192481280","","ILCTalkshow","in","","0","0","0","https://x.com/undefined/status/1082778172192481280","67560410",
"1082778158175113216","Tue Jan 08 23:16:44 +0000 2019","0","LSI Prediksi Gerindra-Golkar Berebut Runner-Up di Pemilu 2019 https://t.co/v1feFA0lWU lewat @idpontas","1082778158175113216","","","in","","0","0","0","https://x.com/undefined/status/1082778158175113216","925959272059379712",
"1082778141129465856","Tue Jan 08 23:16:40 +0000 2019","0","upaya kritik yang dilakukan oleh @Prabowo beserta tim bukanlah kritik yang konstruktif justru mereka melakukan ini semua adalah untuk membuat masyarakat tidak percaya lagi pada KPU dan pemerintah. #ILCMengujiNetralitasKPU #PrabowoTakutDebat","1082778141129465856","","","in","","0","0","0","https://x.com/undefined/status/1082778141129465856","1071015163925422080",
"1082675577713131520","Tue Jan 08 23:16:39 +0000 2019","0","@Dennysiregar7 @prabowo PAS-02","1082778137560154112","","","und","","0","0","0","https://x.com/undefined/status/1082778137560154112","814009412394184704",
"1082448033936076800","Tue Jan 08 23:16:38 +0000 2019","1","@Parapat_Nixon SI ANDI SADARR... KALAU JOKOWI SDH PASTI TAK TERKALAHKAN DI PILPRES 2019... JADI APAPUN STRATEGI LAWAN JOKOWI PASTI MEREKA SDH KALAH. MAKANYA ADA IDE BOIKOT PEMILU... ","1082778132157845504","","Parapat_Nixon","in","","0","0","0","https://x.com/undefined/status/1082778132157845504","867430299004616704",
"1082778084544110593","Tue Jan 08 23:16:27 +0000 2019","0","Sampai hari ini air sangat kecil hanya sebentar kemudian mati sdh bbrp hari. Kenapa pdam setiap bulan bermasalah di tangerang @HumasTangerang @KementerianESDM @jokowi","1082778084544110593","","","in","","0","1","0","https://x.com/undefined/status/1082778084544110593","187597233",
"1082778082866475009","Tue Jan 08 23:16:26 +0000 2019","0","upaya kritik yang dilakukan oleh @Prabowo beserta tim bukanlah kritik yang konstruktif justru mereka melakukan ini semua adalah untuk membuat masyarakat tidak percaya lagi pada KPU dan pemerintah. #ILCMengujiNetralitasKPU #PrabowoTakutDebat","1082778082866475009","","","in","","0","0","0","https://x.com/undefined/status/1082778082866475009","1070690910516604928",
"1081726532312166400","Tue Jan 08 23:16:26 +0000 2019","2","Sosok pemimpin terbaik adalah;yg bisa menyatukan rakyatnya dan memperhatikan segala keluhan rakyatnya.ayo lanjutkan perjuanganmu pak Jokowi bersama kyai Ma'ruf Amin","1082778080857382912","","AllekKuncir","in","","0","0","0","https://x.com/undefined/status/1082778080857382912","1081591981539618816",
"1082641327383179264","Tue Jan 08 23:16:20 +0000 2019","5","@tiaspraz @CNNIndonesia sejak 2011 elite2 demokrat di tangkap KPK maka 2012 SBY jagokan Foke hasilnya kalah pilgub 2014 SBY jagokan Prabowo-Hatta hasilnya kalah pilpres 2017 SBY jagokan AHY hasilnya kalah pilgub 2018 SBY tawarkan AHY utk cawapres hasilnya gak ada partai yg mau...","1082778057000259585","","tiaspraz","in","","0","0","0","https://x.com/undefined/status/1082778057000259585","195333272",
"1082778049752363008","Tue Jan 08 23:16:18 +0000 2019","0","Terus bagaimana dengan presiden selanjutnya masa jokowi lagi haram melihat jokowi jadi presiden lagi","1082778049752363008","","","in","","0","0","0","https://x.com/undefined/status/1082778049752363008","1013039595464769536",
"1082612814726946817","Tue Jan 08 23:16:17 +0000 2019","1","@Asmara_1701 @fadlizon @prabowo Selamat bermimpi","1082778044085891072","","Asmara_1701","in","","0","0","0","https://x.com/undefined/status/1082778044085891072","128808151",
"1082184301674930176","Tue Jan 08 23:16:12 +0000 2019","1","@yusuf_dumdum Lha kl gak takut debat kenapa nolak visi/misi disampaikan capres/ cawapres?","1082778022439088129","","yusuf_dumdum","in","","0","0","0","https://x.com/undefined/status/1082778022439088129","293427823",
"1082777981888520193","Tue Jan 08 23:16:02 +0000 2019","0","Pengin Tahu Honor Petugas KPPS di Pemilu 2019? #honorPetugasKPPS https://t.co/PRdVwUh1aR","1082777981888520193","","","in","","0","0","1","https://x.com/undefined/status/1082777981888520193","79130206",
"1082777981024579584","Tue Jan 08 23:16:02 +0000 2019","0","Persiapan Jokowi dan Prabowo Hadapi Debat https://t.co/LhsPOJNy8o https://t.co/Bz1w9bHX1Y","1082777981024579584","","","in","","0","0","0","https://x.com/undefined/status/1082777981024579584","821229918302310400",
"1082777978772180992","Tue Jan 08 23:16:01 +0000 2019","0","#2019 Prabowo sandi sukses.86","1082777978772180992","","","in","","0","0","0","https://x.com/undefined/status/1082777978772180992","1002787703992094721",
"1082454824828907522","Tue Jan 08 23:15:59 +0000 2019","0","@MSalah72731006 @Nusanta94637241 @ruhutsitompul Abang Ruth ga perlu dinasihati karena kuping nya Masi tetap satu pasang Asli lagi pula kupingnya ada ga ada Rakyat ga dirugikan kalau kecebong dari Prabowo bohong bisa hancur kita termasuk ente dan bang Ruhut juga kena imbas hahahaha","1082777969364369408","","MSalah72731006","in","","0","1","0","https://x.com/undefined/status/1082777969364369408","1079213517801021441",
"1082437525317152768","Tue Jan 08 23:15:55 +0000 2019","0","@Nink47018190 @jokowi analogi yg pekokkkkk wkwkwkwk","1082777953014927361","","Nink47018190","in","","0","0","0","https://x.com/undefined/status/1082777953014927361","1400065891",
"1082777945561681920","Tue Jan 08 23:15:53 +0000 2019","0","Moeldoko: Tak Ada Pelanggaran HAM Berat di Era Presiden Jokowi https://t.co/qQwaCISAgy","1082777945561681920","","","in","","0","0","0","https://x.com/undefined/status/1082777945561681920","846715204637376513",
"1082777932915851264","Tue Jan 08 23:15:50 +0000 2019","1","Berkunjung ke Palu Prabowo Sindir Elit yang Korupsi Bantuan Bencana https://t.co/w5xjPX15Fp","1082777932915851264","","","in","","0","0","0","https://x.com/undefined/status/1082777932915851264","2340155395",
"1082777930650943488","Tue Jan 08 23:15:50 +0000 2019","1","Prabowo Sebut Ada Orangtua di Jateng Gantung Diri Tak Bisa Hidupi Anaknya https://t.co/hnLHVXobVN","1082777930650943488","","","in","","0","0","0","https://x.com/undefined/status/1082777930650943488","2340155395",
"1082277647374155777","Tue Jan 08 23:15:50 +0000 2019","0","@asyree1 @papaeray @Heri28111977 @KartikaTan4 @Gamal_Albinsaid timses sampe buzzernya sampe jungkir balik pontang panting menutup memoles ketidakmampuan sang capres.. yang oleh khalayak sdh diketahui...","1082777930432823296","","asyree1","in","","0","0","0","https://x.com/undefined/status/1082777930432823296","225288969",
"1082777920479756288","Tue Jan 08 23:15:47 +0000 2019","0","Jokowi - Ma'ruf Amin dinilai responden Alvara sebagai tokoh yang otentik tidak memoles banyak gincu untuk membangun citra politik. #2019JokowiKyaiMaruf #KerjaNyataBersamaJokowi #JUVMUN #GGMU https://t.co/bDxs4lWl0O #2019JokowiKyaiMaruf","1082777920479756288","","","in","","0","0","0","https://x.com/undefined/status/1082777920479756288","1033733483179331584",
"1082655046284783616","Tue Jan 08 23:15:47 +0000 2019","0","@budimandjatmiko @jokowi Dalemmm","1082777919888314368","","budimandjatmiko","cs","","0","0","0","https://x.com/undefined/status/1082777919888314368","915924823355752449",
"1082350373875011584","Tue Jan 08 23:15:41 +0000 2019","0","@akhmadyunianto @IndahAriani @budimandjatmiko Lha dulu Prabowo diberhentikan kenapa mas? Terus tim Mawar itu pengadilannya gimana?","1082777891664883712","","masakhmad_y","in","","0","0","0","https://x.com/undefined/status/1082777891664883712","36333164",
"1082654684639305728","Tue Jan 08 23:15:40 +0000 2019","0","@demokrasionline Gusti Allah Mboten sare ya pak @ridwankamil ..semoga betul2 tidak ada niat pun dalam hati bahwa pose 1 jari itu mengarah ke capres...","1082777888967938049","","demokrasicoid","in","","0","0","1","https://x.com/undefined/status/1082777888967938049","428730995",
"1082561161361412097","Tue Jan 08 23:15:36 +0000 2019","0","@Sutopo_PN Hayoo pak prabowo ntar klo deba harus pke data jgn ngehoax.","1082777872626937856","","OwenUpdates_1","in","","0","1","0","https://x.com/undefined/status/1082777872626937856","136534725",
"1082777847440334849","Tue Jan 08 23:15:30 +0000 2019","0","I liked a @YouTube video https://t.co/ylEeBHA09K Goyang Kredibiltas Pemilu","1082777847440334849","","","en","","0","0","0","https://x.com/undefined/status/1082777847440334849","570038461",
"1082696971041697792","Tue Jan 08 23:15:19 +0000 2019","1","@Charlespambers Makjlieb bangat itu omongan @rockygerung semoga mereka para penyelenggara pemilu segera pada insyaf dan sadar.","1082777802808582145","","","in","","0","0","0","https://x.com/undefined/status/1082777802808582145","856741371016650753",
"1082777784387321872","Tue Jan 08 23:15:15 +0000 2019","0","Komisioner KPU Mengaku Terinspirasi Akun Capres Cawapres Fiktif Nurhadi-Aldo https://t.co/AuacXwQARa https://t.co/2Mnyj1U350","1082777784387321872","https://pbs.twimg.com/media/DwbGckCUYAAAjIx.jpg","","in","","0","0","0","https://x.com/undefined/status/1082777784387321872","901622751663800320",
"1082318869207760896","Tue Jan 08 23:15:15 +0000 2019","2","@___Ghostababil_ Ni @jokowi gak di wawancara jg sama si reporter? ","1082777784374579200","","IATeam___","in","","0","1","1","https://x.com/undefined/status/1082777784374579200","164778726",
"1081736629323059200","Tue Jan 08 23:14:46 +0000 2019","1","@permadiaktivis @prabowo @sandiuno Cung @permadiaktivis tolol kok di pelihara? kl mau pelihara lbh baik kambing krn dpt mnghasilkan duit.malu2in aja","1082777662764900352","","permadiaktivis","in","","0","0","0","https://x.com/undefined/status/1082777662764900352","3648255684",
"1082282215432630272","Tue Jan 08 23:14:41 +0000 2019","0","@V_Stone_Kardol @jokowi Panik kampret","1082777642250588160","","Kumis_Separoh","in","","0","0","0","https://x.com/undefined/status/1082777642250588160","1051978452398616576",
"1082655046284783616","Tue Jan 08 23:14:40 +0000 2019","0","@budimandjatmiko @jokowi Kader2 perempuan coba lbh gencar ke lapangan mas..banyak ibu2 yg gampang kemakan hoax padahal awalnya suka jokowi..jgn konsen data di internet..di lapangan hrs dibanyakin..jd inget Ahok sy...yg tua2 byk yg ditakut2i soal jenazah gk mau disholati cth nya","1082777635661312001","","budimandjatmiko","in","","0","2","0","https://x.com/undefined/status/1082777635661312001","971718648",
"1082777603495391237","Tue Jan 08 23:14:32 +0000 2019","2","Komisioner KPU Mengaku Terinspirasi Akun Capres Cawapres Fiktif Nurhadi-Aldo https://t.co/DnxJB1TtiJ https://t.co/K5pjQs8z2r","1082777603495391237","https://pbs.twimg.com/media/DwbGckCUYAAAjIx.jpg","","in","","0","1","2","https://x.com/undefined/status/1082777603495391237","47596019",
"1082627766019751936","Tue Jan 08 23:14:23 +0000 2019","1","@chicohakim Pokoe demi Prabowo nyapres smua bisa sah dan halal. Semoga hnya sampe di capres","1082777565482278912","","chicohakim","in","","0","0","0","https://x.com/undefined/status/1082777565482278912","925563644762398721",
"1082777539926360064","Tue Jan 08 23:14:17 +0000 2019","9","Presiden Jokowi menginginkan adanya penyederhanaan manajemen &amp; sinkronisasi antarlembaga pemerintah terkait urusan transportasi. Hal itu disampaikan saat memimpin rapat terbatas mengenai pengelolaan transportasi Jabodetabek di Kantor Presiden Selasa 8/1/2019. #BeritaSonora https://t.co/OohraKfzdK","1082777539926360064","https://pbs.twimg.com/media/DwbMaT2UwAARh2A.jpg","","in","","0","0","5","https://x.com/undefined/status/1082777539926360064","180696019",
"1082277647374155777","Tue Jan 08 23:13:50 +0000 2019","1","@dw_saptarini @Miko_Aktiwan @mr_iwn @Milomilo21 @yosef_happy @Gamal_Albinsaid @HumasBappenas @SBYudhoyono @jokowi Bu @dw_saptarini buka link yg td saya kasih. Di situ jelas apa yg dibangun SBY &amp; yg statusnya groundbreaking th2014. Saya minta Ibu kasih link data yg jelas bkn cuma cover laporan spy bermanfaat. Ibu malah bawa2 marga dan blg saya tidak tahu. Ga sopan. ","1082777426210377729","","","in","","0","1","0","https://x.com/undefined/status/1082777426210377729","401442516",
"1082644360968065024","Tue Jan 08 23:13:44 +0000 2019","0","@kompasiana Tdk lazim betul kata pa JK kl spt itu yg terjadi adalah debat antar team suksesnya bukan capres dan cawapres.","1082777401371779072","","kompasiana","in","","0","0","0","https://x.com/undefined/status/1082777401371779072","371073039",
"1082777394446950401","Tue Jan 08 23:13:42 +0000 2019","0","Jokowi Sebut Kerugian Negara Setiap Tahunnya Rp65 Triliun Akibat Macet https://t.co/IgSn0HVIwX lewat @idpontas","1082777394446950401","","","in","","0","0","0","https://x.com/undefined/status/1082777394446950401","925959272059379712",
"1082777327342243841","Tue Jan 08 23:13:26 +0000 2019","0","Framing isu semakin mengkhawatirkan jelang pemilu 2019.Isu yg muncul bahkan mengarah pd Ketidakpercayaan kepd penyelenggara secara institusi","1082777327342243841","","","in","","0","0","0","https://x.com/undefined/status/1082777327342243841","884075390",
"1082640102340194304","Tue Jan 08 23:13:17 +0000 2019","1","@kompascom Lha sama2 stagnan gitu @Dahnilanzar klo riil count tetep seperti ini ya pemenangnya tetep Pak @jokowi piye wong iki","1082777289518010368","","kompascom","in","","0","1","0","https://x.com/undefined/status/1082777289518010368","270320881",
"1076073787437633538","Tue Jan 08 23:13:09 +0000 2019","0","@Dahnilanzar @SBYudhoyono @prabowo Hebatnya dimana ya?","1082777256072601600","","Dahnilanzar","in","","0","0","0","https://x.com/undefined/status/1082777256072601600","115019154",
"1082469914693165056","Tue Jan 08 23:13:04 +0000 2019","0","@TopeRendusara @ILCtv1 @karniilyas @KPU_ID @jokowi @prabowo @MarufAminNU @sandiuno @bawaslu_RI Rakyat yg mana bro....?","1082777235386392576","","TopeRendusara","in","","0","0","0","https://x.com/undefined/status/1082777235386392576","1038462529196847104",
"1082647952156438528","Tue Jan 08 23:12:33 +0000 2019","0","@PEPESOfficial @coblos_no2 @swulll @prabowo @sandiuno @nurasiauno @Fahrihamzah @fadlizon @Dahnilanzar @b_fjakarta @Ferdinand_Haean @RanupsProSandi @Ajeng__Cute16 @AsFairus @partaiemakemak @RelawanProSandi @ekagumilars @rsoekarnoputri @Gerindra Salam buat mahasiswa doktoralnya biar berimbang ada dong tesis Peran narasi Genderuwo dan thanos yg sontoloyo dlm perspektif petahana memenangankan kontestensi. Woy ada ngak sich cebong3 yg lg S3 wqwqwqqq","1082777104150716416","","PEPESOfficial","in","","0","0","0","https://x.com/undefined/status/1082777104150716416","988142588992499712",
"1082777084785770496","Tue Jan 08 23:12:28 +0000 2019","0","(Berita | Primetime News | Masyarakat Mulai Jenuh Hadapi Proses Pemilu ) https://t.co/rb9EciOTU8 #pemilu #pemilu2019","1082777084785770496","","","in","","0","0","0","https://x.com/undefined/status/1082777084785770496","968428811107819521",
"1082748957326041089","Tue Jan 08 23:12:22 +0000 2019","4","@detikcom Wasil Analisa Rakyat NKRI Men catat Prabowo - Sandi Unggul 60% - Djokowi - Ma'ruf Amin 40%","1082777059078754305","","detikcom","in","","0","2","0","https://x.com/undefined/status/1082777059078754305","850371259833516032",
"1082493267831185408","Tue Jan 08 23:12:17 +0000 2019","0","@ernestprakasa Kenapa ga coba pakai metode Blockchain ya untuk pemilu jadi bisa ngarah digital dan ngolah data lebih enak","1082777036958003200","","","in","","0","0","0","https://x.com/undefined/status/1082777036958003200","100010950",
"1082777034777088001","Tue Jan 08 23:12:16 +0000 2019","0","Moeldoko: Tak Ada Pelanggaran HAM Berat di Era Presiden Jokowi https://t.co/MDTbtQYUGA https://t.co/hjvGlpHDmT","1082777034777088001","https://pbs.twimg.com/media/DwbL-YzUUAIga4v.jpg","","in","","0","1","0","https://x.com/undefined/status/1082777034777088001","78596326",
"1082641383817498625","Tue Jan 08 23:12:15 +0000 2019","0","@DMemantau @rakhmatdipraja @ILCtv1 @jokowi @budimandjatmiko Dasar Sontoloyo..si ikan Buntel ngebacot asal gobleg..hidup diindonesia ga bakal dikejar2 kalau lu hidup bener mah..yg dikejar itu..#Koruptor #Narkoba #Rampok #Teroris #PenyebarHoax #Penjahat #Pengacau dan sejenisnya termasuk yg Jual beli M*m*k pun dikejar Koq!","1082777029936701440","","DMemantau","in","","0","0","0","https://x.com/undefined/status/1082777029936701440","1047721475061440512",
"1082604237563916289","Tue Jan 08 23:11:56 +0000 2019","0","@Gerindra Wadaw.. America banget yee.. keren. Kadang jadi Mamarica yang sepaket ama Wahyudi. Kadang dianggap musuh Arab dan Islam. Kadang jadi temen baek Arab. Skg lagi jadi temen baek capres pilihan Ulama 212.. Logika yang bagus tenan.. ","1082776951331348480","","Gerindra","in","","0","1","0","https://x.com/undefined/status/1082776951331348480","166425160",
"1082776950832128000","Tue Jan 08 23:11:56 +0000 2019","0","Survei Indikator Unggulkan Jokowi-Amin https://t.co/3RGULyfkGU lewat @idpontas","1082776950832128000","","","in","","0","0","0","https://x.com/undefined/status/1082776950832128000","925959272059379712",
"1082776929621630976","Tue Jan 08 23:11:51 +0000 2019","0","Framing Isu Di Medsos Sangat Mengkhawatirkan Jelang Pemilu","1082776929621630976","","","in","","0","0","0","https://x.com/undefined/status/1082776929621630976","884075390",
"1082776929223102464","Tue Jan 08 23:11:51 +0000 2019","0","Agar terjaga maruah kandidat Capres dan Cawapres... dan anak istri dirumah tdk ikut dibuly...","1082776929223102464","","","in","","0","0","0","https://x.com/undefined/status/1082776929223102464","1073240400763092992",
"1082776874588258305","Tue Jan 08 23:11:38 +0000 2019","0","(Liputan 6 | Tergugat Tak Hadir Sidang Mediasi Gugatan Pilbup Bogor Ditunda) https://t.co/4w8C1La9g6 #pemilu #pemilu2019","1082776874588258305","","","in","","0","0","0","https://x.com/undefined/status/1082776874588258305","968428811107819521",
"1082638974135414784","Tue Jan 08 23:11:36 +0000 2019","0","@ILCtv1 @tvOneNews @jokowi @MarufAminNU Smlm nton mas Aria Bima ex mudika perumahan komplek tempat tinggal wkt kita muda sukses jih mas gbu","1082776867210293249","","ILCTalkshow","in","","0","0","0","https://x.com/undefined/status/1082776867210293249","360388488",
"1082776806371946496","Tue Jan 08 23:11:22 +0000 2019","0","Pentolan Relawan Prabowo Diduga Pembuat Hoaks Surat Suara https://t.co/2dkJp6vL60","1082776806371946496","","","in","","0","0","0","https://x.com/undefined/status/1082776806371946496","106979673",
"1081736629323059200","Tue Jan 08 23:11:17 +0000 2019","0","@permadiaktivis @prabowo @sandiuno knp orang spt elu doyan nunjukin nyamber berita segitigaan yahhh klo dah nganuuu yahhh bisa nyaaa NGARANG","1082776784364392448","","permadiaktivis","in","","0","0","0","https://x.com/undefined/status/1082776784364392448","462782814",
"1082776754488573954","Tue Jan 08 23:11:09 +0000 2019","0","Perang saudara pasca pemilu 2019? https://t.co/YrVjFmoPPB","1082776754488573954","","","in","","0","0","0","https://x.com/undefined/status/1082776754488573954","73634992",
"1082621097009283073","Tue Jan 08 23:10:56 +0000 2019","0","@eae18 @jokowi @KHMarufAmin_ @KPU_ID @bawaslu_RI ","1082776696506347520","","effendi____","qme","","0","0","0","https://x.com/undefined/status/1082776696506347520","988238784675307520",
"1082258076479086593","Tue Jan 08 23:10:53 +0000 2019","5","@merdekadotcom Tolong jelaskan siapa yg main main Pak @GeneralMoeldoko sebab yg saya lihat tim Prabowo-Sandi tidak sedang main main. Mereka &amp; kami semua para Bumiputera pendukungnya justru sangat serius ingin selamatkan Ibu pertiwi. ada yang salah ???","1082776684103753728","","merdekadotcom","in","","0","0","0","https://x.com/undefined/status/1082776684103753728","1297160756",
"1082776658786959361","Tue Jan 08 23:10:47 +0000 2019","0","Apa pun partainya tetap Jokowi https://t.co/qUU6bw5lAj","1082776658786959361","","","in","","0","0","0","https://x.com/undefined/status/1082776658786959361","386984668",
"1082719132523454464","Tue Jan 08 23:10:46 +0000 2019","1","@fadlizon @prabowo kang @fadlizon tolong ganti PBS khawatir bakal jadi duri dalam daging","1082776657226752001","","fadlizon","in","","0","0","0","https://x.com/undefined/status/1082776657226752001","342616613",
"1082612814726946817","Tue Jan 08 23:10:44 +0000 2019","1","@Asmara_1701 @fadlizon @prabowo Wkwkwwkwk apanya yg pecah...piring apa gelas ...entar hoax lagi dikirim....","1082776648544591872","","Asmara_1701","in","","0","0","0","https://x.com/undefined/status/1082776648544591872","1042300373359190016",
"1082776541019291648","Tue Jan 08 23:10:19 +0000 2019","1","Meskipun Pak Jokowi-Amin unggul survey 20% sama pesaing terdekatnya semoga saja secara keseluruhan juga menang telak. Jangan sampe kasusnya sama seperti Pak Ahok sudah menang survey dan unggul jauh sama pesaing terdekat tapi tetep kalah. Kan aneh ya?","1082776541019291648","","","in","","0","1","1","https://x.com/undefined/status/1082776541019291648","1072063938928369664",
"1082763020789460992","Tue Jan 08 23:10:09 +0000 2019","0","@fadjroeL @jokowi Berarti Target tercapai Alhamdulillah.","1082776502352003072","","fadjroeL","in","","0","0","0","https://x.com/undefined/status/1082776502352003072","226827468",
"1082776375801503745","Tue Jan 08 23:09:39 +0000 2019","0","Berdasarkan hasil #ILCMengujiNetralitasKPU : Saya ingin capres 2024 adalah @Fahrihamzah vs @mohmahfudmd Diuji oleh @rockygerung Kepala2 daerah yg berintegritas jadi wapres dulu di 2024.","1082776375801503745","","","in","","0","0","0","https://x.com/undefined/status/1082776375801503745","1065065183196798976",
"1082640102340194304","Tue Jan 08 23:09:38 +0000 2019","0","@kompascom Waspadalah terhadap HUTANG BIAYA kegiatan Kampanye Pilpres &amp; Pileg berakhir jangan meninggalkan HUTANG @jokowi @KyaiMarufAmin @prabowo @sandiuno @RizmaWidiono @FirzaHussein @emerson_yuntho @KPU_ID @bawaslu_RI @KPK_RI @DivHumas_Polri @KejaksaanRI @bank_indonesia @ojkindonesia","1082776372215336961","","kompascom","in","","0","0","0","https://x.com/undefined/status/1082776372215336961","845878078924500992",
"1082776371573575680","Tue Jan 08 23:09:38 +0000 2019","2","Waktu terus berjalan dan takkan pernah berhenti. Pemilu semakin dekat. Pergantian adalah keniscayaan. #PKSbersamaUlama #PKSbersamaUmmat #2019PilihPKS #2019PKSMenang #PartaiIslam2019 https://t.co/8zJRL6coUE","1082776371573575680","https://pbs.twimg.com/media/DwbLWpeUwAEfc9y.jpg","","in","","0","0","1","https://x.com/undefined/status/1082776371573575680","226082238",
"1082776370336325633","Tue Jan 08 23:09:38 +0000 2019","0","Meskipun pahit ini ....yang disebut kritik dgn data harus disikapi dengan bijak dan dicari jalan keluarnya...@jokowi @PerekonomianRI","1082776370336325633","","","in","","0","0","0","https://x.com/undefined/status/1082776370336325633","1364522293",
"1082776355048173570","Tue Jan 08 23:09:34 +0000 2019","0","Kepala Daerah se-Riau Dukung Jokowi Mendagri: Boleh https://t.co/zdgJOfQ80h","1082776355048173570","","","in","","0","0","0","https://x.com/undefined/status/1082776355048173570","480889833",
"1082706445647429632","Tue Jan 08 23:09:19 +0000 2019","0","@detikcom Knp gak bikin komik Jokowi? Gak pede ya","1082776290418016256","","detikcom","in","","0","0","0","https://x.com/undefined/status/1082776290418016256","907548036",
"1082776212127154176","Tue Jan 08 23:09:00 +0000 2019","2","Tolong jelaskan siapa yg main main Jendral sebab yg saya lihat tim Prabowo-Sandi tidak sedang main main. Mereka &amp; kami semua para Bumiputera pendukungnya justru sangat serius ingin selamatkan Ibu pertiwi. ada yang salah ???","1082776212127154176","","","in","","0","0","2","https://x.com/undefined/status/1082776212127154176","1297160756",
"1082252115131559936","Tue Jan 08 23:08:54 +0000 2019","1","@JoeWongJaVa @CNNIndonesia Mari kita dukung capres no.1 yang bekerja nyata untuk meningkatkan kesejahteraan desa dan nelayan Indonesia. Pilih no.1 Jokowi Amin #01JokowimembangunIndonesia #01IndonesiaMaju https://t.co/iWLT2IRd3U","1082776186462232576","https://pbs.twimg.com/media/DwbLMYYUYAASAYT.jpg","JoeWongJaVa","in","","0","7","1","https://x.com/undefined/status/1082776186462232576","86545839",
"1082776167575281664","Tue Jan 08 23:08:50 +0000 2019","1","@01Cirebon Kurang bukti apa lagi? Bapak jokowi telah membuktikan kerjanya dengan baik.. #01metalcirebonraya #JokowiAminLebihBaik #JokowiMembangunDesa #JokowiLagi #JokowiOrangBaik #JokowiHarapanPasti #JokowiPresidenku #Indonesia https://t.co/MWh6pm0L5k","1082776167575281664","https://pbs.twimg.com/media/DwbLLlMU8AAFsYR.jpg","01Cirebon","in","","0","0","1","https://x.com/undefined/status/1082776167575281664","1080476776550129664",
"1082702715505958912","Tue Jan 08 23:08:36 +0000 2019","0","@WoroSembodro_ @jokowi Dan perjuangan blm selesai sampai di 10 jt KERJA KERJA KERJA","1082776111975608320","","MamiGenks_","in","","0","0","0","https://x.com/undefined/status/1082776111975608320","995539019839651840",
"1082776030610223104","Tue Jan 08 23:08:17 +0000 2019","3","LSI: Gerindra Diuntungkan Berkah Elektoral Prabowo https://t.co/tE0nORxKfT","1082776030610223104","","","in","","0","1","2","https://x.com/undefined/status/1082776030610223104","22126902",
"1082776029242974208","Tue Jan 08 23:08:17 +0000 2019","0","Terus kita berharap pemilu jurdil","1082776029242974208","","","in","","0","0","0","https://x.com/undefined/status/1082776029242974208","131712155",
"1082719132523454464","Tue Jan 08 23:08:13 +0000 2019","1","@fadlizon @prabowo Mimpi terus kapan sadar nya nyet","1082776016404176896","","fadlizon","in","","0","0","0","https://x.com/undefined/status/1082776016404176896","1042300373359190016",
"1082272764533256194","Tue Jan 08 23:08:02 +0000 2019","0","@BerniKusen @CNNIndonesia Itu lho...kartu yg sdh tercoblos 7 container...apa nggak bikin gaduh? Klo soal debat capres lazim nya memang harus ada","1082775966319968256","","BerniKusen","in","","0","0","0","https://x.com/undefined/status/1082775966319968256","2929312118",
"1081128393851035649","Tue Jan 08 23:07:59 +0000 2019","1","@OditMurbay @saiful_shaleh @Bintang_Satriia @anthbae @ustadtengkuzul @jokowi Gentayangan beliau bagi2 sertifikat gratis... Kemudian jalan2 dibagusin... Bikin tol baru tempat saya... Awalnya 5 jam jadi hanya 2 5 jam.... Gentayangan yang mantap... #pilihansayaitujokowi #gapedulipilihananda","1082775956480090113","","simandimalulu","in","","0","1","0","https://x.com/undefined/status/1082775956480090113","1078216462597160961",
"1082771389088555008","Tue Jan 08 23:07:54 +0000 2019","2","@telukjambe hanya di Indonesia pil pil an Tuhan ikut dilibatkan seorang rakyat bilang akan mempertajam doa untuk kemenangan Prabowo. Lah lawannya Jokowi yg capresnya Kyai dalam keseharian orang meminta doa dari beliau. Mbok yaa DOA biar Indonesia ngga punah gitu lho","1082775936578203648","","telukjambe","in","","0","0","0","https://x.com/undefined/status/1082775936578203648","134315121",
"1082568876011880448","Tue Jan 08 23:07:54 +0000 2019","1","@geloraco Org normal jg akan curiga pemilu th ini beda sm kmrn yg main2 siapa jendral? Krn perbedaan itu pst jd pertanyaan di ujung dunia manapun. Mikir?!","1082775933604454400","","geloraco","in","","0","0","0","https://x.com/undefined/status/1082775933604454400","163420507",
"1082577562268626949","Tue Jan 08 23:07:53 +0000 2019","0","@AhlulKafir @ridwankamil @bawaslu_RI Berani enak banget yg jadi Gub Jabar ini hanya karena dukung Jokowi gak pernah dipanggil apalagi diperikda..Ini hukum saudel awake dewe donk namanya?","1082775932304150528","","kafiradikal","in","","0","0","0","https://x.com/undefined/status/1082775932304150528","210015516",
"1082631892132802560","Tue Jan 08 23:07:50 +0000 2019","1","@Gerindra Team prabowo terlalu jujur utk mengalahkan kecurangan rezim sontoloyo!!! #2019PrabowaPresidenRI Prabowo menang suara tpi Belum tentu menang lawan kecurangan rezim sontoloyo !!! #2019PrabowaPresidenRI ️🇮🇩🇮🇩🇮🇩","1082775919457034240","","Gerindra","in","","0","0","0","https://x.com/undefined/status/1082775919457034240","1036470667145662464",
"1082279578159132672","Tue Jan 08 23:07:49 +0000 2019","0","@sandiuno @prabowo Makanya skr saya mau ikut partisipasi nyoblos ..selama puluhan th tidak pernah ikut nyoblos. Supaya orang jahat gak berkuasa. Saya colok #01","1082775914469941249","","sandiuno","in","","0","0","0","https://x.com/undefined/status/1082775914469941249","4879376752",
"1082719132523454464","Tue Jan 08 23:07:12 +0000 2019","0","@fadlizon @prabowo https://t.co/sNnjUxpmZv","1082775756957134848","","fadlizon","qme","","0","0","0","https://x.com/undefined/status/1082775756957134848","1037756737418219520",
"1082775720462413825","Tue Jan 08 23:07:03 +0000 2019","0","Ketua Kornas Prabowo Diduga Tersangka Hoax 7 Kontainer Surat Suara Tercoblos Ini Dia Orangnya! - https://t.co/0rKWXyKfVb https://t.co/WiQv1YW0hy","1082775720462413825","https://pbs.twimg.com/media/DwbKx3dUUAASAXz.jpg","","in","","0","0","0","https://x.com/undefined/status/1082775720462413825","712629129825222656",
"1082775678972420096","Tue Jan 08 23:06:53 +0000 2019","4","Kayak anak kuliahan yang mau Ujian sampai dikasih kisi-kisi segala. Jangan sampe deh capres-cawapres jawabnya sambil baca teks. }---&gt; #DebatCapres #PemiluWaras #Pilpres2019 #OpiniVideo https://t.co/Lih6rpaDmJ","1082775678972420096","https://pbs.twimg.com/ext_tw_video_thumb/1082775586303401985/pu/img/Rg6Q3Ik6faREhTvt.jpg","","in","","1","0","5","https://x.com/undefined/status/1082775678972420096","359364908",
"1082486887124594688","Tue Jan 08 23:06:50 +0000 2019","1","@e_pph @jokowi @Ferdinand_Haean Mending kalo msh belajar ilmu sosmed kalo belajar nya dan baca nya nike carter gmn ? ","1082775665777074176","","e_pph","in","","0","1","0","https://x.com/undefined/status/1082775665777074176","995539019839651840",
"1082775631509651456","Tue Jan 08 23:06:42 +0000 2019","0","Cocok bang richo sebaiknya skrg capres&amp;cawapres modalin bikin sertifikat tanah bagikan kepada rakyat gratis (bohong rakyat bayar) supaya keren bank ....(usul)","1082775631509651456","","","in","","0","0","0","https://x.com/undefined/status/1082775631509651456","1063923142823956481",
"1082471435556118528","Tue Jan 08 23:06:22 +0000 2019","1","@Debe82209008 @riyadhirahman @Ferdinand_Haean Ini kan acara 212? Berarti bener donk kegiatan tsb politis pendukung Prabowo? Ah akhirnya ada yg ngaku juga ","1082775549213270016","","Debe82209008","in","","0","1","0","https://x.com/undefined/status/1082775549213270016","72519846",
"1082773778277507084","Tue Jan 08 23:06:16 +0000 2019","2","Serangga halal untuk dimakan toh? Coba tanya Jokowi atau calon wakilnya.. ","1082775522646601728","","Mentimoen","in","","0","1","0","https://x.com/undefined/status/1082775522646601728","736384867181547520",
"1082775458096263169","Tue Jan 08 23:06:00 +0000 2019","0","Intelkam Polri Ungkap Kaitan Milenial dengan Ancaman bagi Pemilu 2019 https://t.co/7hON4xpHoU","1082775458096263169","","","in","","0","0","0","https://x.com/undefined/status/1082775458096263169","504488671",
"1081720216936079360","Tue Jan 08 23:05:52 +0000 2019","0","@Rangkoto15 @RAP1612RAP @malayati_hasan @jokowi @EconomistEvents Ow pantas dipuja ternyata titisan al-lah. https://t.co/EurF4qTjqV","1082775425082810371","","Rangkoto15","in","","0","1","0","https://x.com/undefined/status/1082775425082810371","1018721899768000512",
"1082775281688027146","Tue Jan 08 23:05:18 +0000 2019","1","Kubu Prabowo: Rakyat tahu siapa yang tong kosong nyaring bunyinya - https://t.co/vdPzTv302g #faktaberitafakta https://t.co/1STrrQoZnM","1082775281688027146","https://pbs.twimg.com/media/DwbKYT-X0AAljRG.jpg","","in","","0","0","2","https://x.com/undefined/status/1082775281688027146","243163214",
"1082775270627704832","Tue Jan 08 23:05:16 +0000 2019","0","Hasto Sebut Skor Jokowi Menang Telak atas Prabowo Soal Isu https://t.co/oy9ge8lDWb https://t.co/mnInsZJJJe","1082775270627704832","https://pbs.twimg.com/media/DwbKXsiUwAE-KHo.jpg","","in","","0","0","0","https://x.com/undefined/status/1082775270627704832","738610321670045696",
"1082610741696315393","Tue Jan 08 23:05:14 +0000 2019","0","@ridwankamil bilang aja kang salah @jokowi biasanya kalo dah gt sama2 senang","1082775261957914624","","ridwankamil","in","","0","0","0","https://x.com/undefined/status/1082775261957914624","3230386032",
"1082504099042516992","Tue Jan 08 23:04:54 +0000 2019","0","@Vife991 Berarti ini org udah tau paslon yg mana yg akan di permalukan pas debat nanti hahahahahha kasihan jokowi","1082775178302484482","","Vife991","in","","0","0","0","https://x.com/undefined/status/1082775178302484482","104513696",
"1082775137722793984","Tue Jan 08 23:04:44 +0000 2019","0","Berita terbaru (Cak Imin: Apapun Aturan KPU Jokowi- Ma'ruf Amin Siap Debat) telah ada di https://t.co/wFvQVXk8dR - https://t.co/V3BeXGlz2A https://t.co/NtjwdZRhGu","1082775137722793984","https://pbs.twimg.com/media/DwbKP6zU0AAZRNE.jpg","","in","","0","0","0","https://x.com/undefined/status/1082775137722793984","1046920717307076608",
"1082775075797913601","Tue Jan 08 23:04:29 +0000 2019","1","Anggotanya saja tukang sebar Hoax ini cara2 th 2014 di gunakan lagi cmn beda bentuk dulu Obor Rakyat skrg Produk Hoax @Gerindra @PKSejahtera @prabowo @sandiuno","1082775075797913601","","","in","","0","0","0","https://x.com/undefined/status/1082775075797913601","952820028839088128",
"1082471435556118528","Tue Jan 08 23:04:22 +0000 2019","0","@Ferdinand_Haean @zarazettirazr Khusus No.3 Ambil duitnya pilihnya tetap Prabowo....","1082775045112360962","","Ferdinand_Haean","in","","0","0","0","https://x.com/undefined/status/1082775045112360962","238558838",
"1082774972802551808","Tue Jan 08 23:04:05 +0000 2019","1"," Hidup itu cuman kelihatannya saja banyak orang yang kelihatannya seneng ternyata susah juga. Itu semua cuma perubahan rasa saja Nurhadi Capres","1082774972802551808","","","in","","0","0","1","https://x.com/undefined/status/1082774972802551808","1263749288",
"1082774970546171904","Tue Jan 08 23:04:04 +0000 2019","0","Saya suka video @YouTube https://t.co/fYv5seZ6FJ Tak Nyangka!! Ternyata ini Guru Ngaji Prabowo Subianto","1082774970546171904","","","in","","0","0","0","https://x.com/undefined/status/1082774970546171904","505654934",
"1082774963436834818","Tue Jan 08 23:04:02 +0000 2019","0","#BeritaIslam: Lelang Surat Utang Jokowi Tega Bebani Generasi Masa Depan https://t.co/zXSRYz6FPx","1082774963436834818","","","in","","0","0","0","https://x.com/undefined/status/1082774963436834818","997968620",
"1082559610727280641","Tue Jan 08 23:03:59 +0000 2019","2","@habiburokhman Tangan Je KaWe yaa? rupanya dia putus asa akhirnya mendukung Pak Prabowo ","1082774949738102786","","habiburokhman","in","","0","0","0","https://x.com/undefined/status/1082774949738102786","2580392234",
"1080111653578915840","Tue Jan 08 23:03:52 +0000 2019","0","@RivaTuahta @Zainall6969 @jokowi @EkoSandjojo @Pak_JK @KSPgoid @taufikmadjid71 Msh tetap gk nambah2","1082774919673348096","","RivaTuahta","in","","0","0","0","https://x.com/undefined/status/1082774919673348096","883081164478496768",
"1082719132523454464","Tue Jan 08 23:03:46 +0000 2019","1","@fadlizon @prabowo Insyaallah kita punya wakil rakyat dan pimpinan DPR yg bru","1082774895820296192","","fadlizon","in","","0","0","0","https://x.com/undefined/status/1082774895820296192","2184295338",
"1082476926596374528","Tue Jan 08 23:03:46 +0000 2019","0","@ronavioleta @jokowi @erickthohir Mungkin mau merepresentasikan diri mereka kyk tokoh2 di film itu mbak ","1082774895279271936","","ronavioleta","in","","0","0","0","https://x.com/undefined/status/1082774895279271936","855943280",
"1082774876530733057","Tue Jan 08 23:03:42 +0000 2019","0","HTI sakit hati dibubarkan @Jokowi","1082774876530733057","","","in","","0","0","0","https://x.com/undefined/status/1082774876530733057","134387351",
"1082774853684420609","Tue Jan 08 23:03:36 +0000 2019","0","Prostitusi di kalangan apapun bkn barang baru di nkri polri ga ush caper &amp; cari sensasi dgn model begini. Kayak polri punya niat serius brantas prostitusi dan trafficking dlm bentuk apapun saja.. @DivHumas_Polri @DPR_RI @jokowi @prabowo","1082774853684420609","","","in","","0","0","0","https://x.com/undefined/status/1082774853684420609","2315900136",
"1082774825284689920","Tue Jan 08 23:03:29 +0000 2019","2","Kubu Prabowo memikirkan kedepannya yaitu pasca debat kandidat makanya mengusulkan ditiadakannya debat. #PrabowoTakutDebat","1082774825284689920","","","in","","0","0","2","https://x.com/undefined/status/1082774825284689920","1732174656",
"1082774801641598983","Tue Jan 08 23:03:24 +0000 2019","0","(DETIKCOM | Persiapan Jokowi dan Prabowo Hadapi Debat) https://t.co/wYKlzSsgQq #pemilu #pemilu2019","1082774801641598983","","","in","","0","0","0","https://x.com/undefined/status/1082774801641598983","968428811107819521",
"1082655365144199173","Tue Jan 08 23:03:18 +0000 2019","1","@purnamandiri @repoebliken Saya bisa memahami publik lebih terpesona oleh retorika2 yg hebat. Namun strategi dan taktik yg diarahkan oleh pak Prabowo kpd saya tentunya rahasia. Tugas saya menjalankan misi utk kemenangan Prabowo-Sandi - bukan malah saya mencari sanjungan publik ","1082774776265887744","","purnamandiri","in","","0","2","0","https://x.com/undefined/status/1082774776265887744","184027653",
"1082279578159132672","Tue Jan 08 23:03:16 +0000 2019","0","@sandiuno @prabowo Smangat trus bapa. Smoga Allah memberikan kelancaran dan kekuatan bagimu.. #2019. Ganti presiden","1082774770788102144","","sandiuno","in","","0","0","0","https://x.com/undefined/status/1082774770788102144","728614737827663874",
"1082585019619500032","Tue Jan 08 23:03:09 +0000 2019","2","@satriohendri @hariankompas @jokowi @prabowo Kl dilihat isu ekonomi selalu dimulai dr sanduno lalu jd viral dan direspon oleh jokowi. Tempe atm harga2 dipasar pembiayaan tol dll.. Isu nya selalu dr 02.. Cm salahnya 02 tdk ada data yg mendukung jd mudah saja dipatahkan oleh 01. Cm 02 dpt lah top of mind masyrkt.","1082774738764685312","","satriohendri","in","","0","0","0","https://x.com/undefined/status/1082774738764685312","77702975",
"1082422071001370624","Tue Jan 08 23:03:06 +0000 2019","0","@haikal_hassan Pendukung Pak Prabowo lebih militan dan bernilai. Pendukung sebelah gimana mau dinilai.. Suka nyontek... Hihihi","1082774726152466433","","","in","","0","0","0","https://x.com/undefined/status/1082774726152466433","1082629745978658816",
"1082774713179328512","Tue Jan 08 23:03:03 +0000 2019","1","Apa yang membuat kubu Prabowo sampai mengusulkan ditiadakan debat pilpres pada tahun ini? apakah trauma pasca debat kandidat pilpres 2014? #PrabowoTakutDebat","1082774713179328512","","","in","","0","0","1","https://x.com/undefined/status/1082774713179328512","1732174656",
"1082774693986295808","Tue Jan 08 23:02:58 +0000 2019","1","Kubu Prabowo pasti sadar betul bahwa program dan rencana kerja adalah sesuatu yang sangat sulit dijabarkan. #PrabowoTakutDebat","1082774693986295808","","","in","","0","0","1","https://x.com/undefined/status/1082774693986295808","1732174656",
"1082774678177861633","Tue Jan 08 23:02:54 +0000 2019","0","Udah bagus2 bahas prostitusi online ILC malah bahas Pemilu. Hadeeh.","1082774678177861633","","","in","","0","0","0","https://x.com/undefined/status/1082774678177861633","207344124",
"1082774653196619776","Tue Jan 08 23:02:48 +0000 2019","1","Debat kandidat pilpres 2014 seharusnya bisa menjadi pelajaran bagi kubu Prabowo untuk lebih siap dalam debat pilpres 2019. Tapi ternyata Pak Probowo tidak dapat mengambil pelajaran. #PrabowoTakutDebat","1082774653196619776","","","in","","0","1","1","https://x.com/undefined/status/1082774653196619776","1732174656",
"1082766622887211008","Tue Jan 08 23:02:48 +0000 2019","10","Krn itulah pilihan 01 &amp; 02 tidak banyak bedanya semuanya memakai baju yg sama sekarang... Mungkin lebih baik pilih siapa presiden bkn lewat pemilu tapi lewat test ngaji ","1082774650474647552","","Mentimoen","in","","0","2","5","https://x.com/undefined/status/1082774650474647552","736384867181547520",
"1082774634024423424","Tue Jan 08 23:02:44 +0000 2019","0","Menteri PUPR Basuki Hadimuljono dan Menteri Luar Negeri Retno Marsudi melihat secara langsung progres pembangunan Proyek Gedung ASEAN Secretariat Kebayoran Baru Jakarta @KemenBUMN @KemenPU @Menlu_RI @jokowi @ASEAN @KemensetnegRI https://t.co/qeCKNzWaSS","1082774634024423424","","","in","","0","0","0","https://x.com/undefined/status/1082774634024423424","811897280563290112",
"1082719132523454464","Tue Jan 08 23:02:43 +0000 2019","0","@fadlizon @prabowo Tp kl ternyata kalah siap legowo kan?","1082774629477830657","","fadlizon","in","","0","0","0","https://x.com/undefined/status/1082774629477830657","128808151",
"1082612177335242752","Tue Jan 08 23:02:35 +0000 2019","0","@Dahnilanzar DiHaruskan pemaparan visi dan misi capres dan cawapres. Jgn memutar balikkan kata2 wahai para cebong. #SaveAniesBaswedan . Rakyat Indonesia ingin tau personal tiap Paslon.","1082774596082794497","","Dahnilanzar","in","","0","0","0","https://x.com/undefined/status/1082774596082794497","102334296",
"1082774587580899335","Tue Jan 08 23:02:33 +0000 2019","1","Pak Prabowo trauma debat #PrabowoTakutDebat","1082774587580899335","","","in","","0","0","0","https://x.com/undefined/status/1082774587580899335","1732174656",
"1082673211043545088","Tue Jan 08 23:02:28 +0000 2019","0","@ekowBoy Yang santun ngomong nya cuman @prabowo pak dan diri anda sendiri...","1082774566429110272","","ekowBoy","in","","0","0","0","https://x.com/undefined/status/1082774566429110272","744291862224068608",
"1082442665017274368","Tue Jan 08 23:02:28 +0000 2019","0","@TranceX9 Sy yakin klu pak Anies di hukum partisipasi pemilu bakal jeblok .. puaslah bawaslu ??","1082774566051540992","","MorganFreaxman","in","","0","0","0","https://x.com/undefined/status/1082774566051540992","246339028",
"1082774562448785408","Tue Jan 08 23:02:27 +0000 2019","0","Geger Video Warga yang Salam 2 Jari Diciduk dan Ditarik dari Kerumunan Menyambut Jokowi https://t.co/grsRSxMbpv","1082774562448785408","https://pbs.twimg.com/media/DwbJt_QU8AA1G5p.jpg","","in","","0","0","0","https://x.com/undefined/status/1082774562448785408","905405920137560064",
"1082594037574455296","Tue Jan 08 23:02:26 +0000 2019","2","@Boeluxs1 @erimufianto @anti_aksiapapun @jokowi @kaesangp @TMCPoldaMetro @bareskrim2018 PKI bs punya anak? Logika yg luar biasa ","1082774558212448256","","Boeluxs1","in","","0","0","0","https://x.com/undefined/status/1082774558212448256","445320716",
"1082774548120952832","Tue Jan 08 23:02:23 +0000 2019","0","Kubu Prabowo mengetahui kelemahan dari tokoh yang diusungkannya di tahun 2014 lalu setelah debat kandidat pilpres pendukung Prabowo langsung ambles #PrabowoTakutDebat","1082774548120952832","","","in","","0","0","0","https://x.com/undefined/status/1082774548120952832","1732174656",
"1082666128667824130","Tue Jan 08 23:02:17 +0000 2019","4","@AndiArief__ Trmksh pak...semakin anda berbicara se enak nya dan nyebar berita hoax. Semakin yakin utk memlih pak jokowi.","1082774521843576832","","Andiarief__","in","","1","0","0","https://x.com/undefined/status/1082774521843576832","931240409593913345",
"1082648151817900032","Tue Jan 08 23:01:54 +0000 2019","0","@BeguNur2 @BangBudiSatria @Umar_Hasibuan_ @prabowo ((((untuk apa ada KPU)))) Buset dah kalo usul gak diterima nanti KPU lagi yg salah. Yang kuat ya @KPU_ID","1082774423046782976","","BeguNur2","in","","0","0","0","https://x.com/undefined/status/1082774423046782976","2449718179",
"1082774420274458625","Tue Jan 08 23:01:53 +0000 2019","0","Diduga Lakukan Pelanggaran Pemilu ASN di Gowa Kembali Dilaporkan https://t.co/Ch6MClyNSk","1082774420274458625","","","in","","0","0","0","https://x.com/undefined/status/1082774420274458625","627232461",
"1082774347452866561","Tue Jan 08 23:01:36 +0000 2019","147","Semua rakyat mendoakan mereka begitu juga para Ulama berjuanglah bersama Prabowo dan Sandiago Uno no 2 pilihan rakyat.... https://t.co/BWL0kfGh4y","1082774347452866561","https://pbs.twimg.com/media/DwbJhSRU0AEDVti.jpg","","in","","6","5","60","https://x.com/undefined/status/1082774347452866561","1081753063986061313",
"1082774339504799744","Tue Jan 08 23:01:34 +0000 2019","0","Intelkam Polri Ungkap Kaitan Milenial dengan Ancaman bagi Pemilu 2019 https://t.co/QSK52gIAjv","1082774339504799744","","","in","","0","0","0","https://x.com/undefined/status/1082774339504799744","846715204637376513",
"1082601314377330699","Tue Jan 08 23:01:26 +0000 2019","0","@sandiuno @prabowo Itu amanah masyarakat Mas. Jangan khianati andai anda naik. Serupiahpun. Termasuk jangan diam jika ada hoaks dan kampanye negatif. Kalu anda jadi presiden dari banyak hoaks kemenangan anda cacat.","1082774306625544192","","sandiuno","in","","0","0","0","https://x.com/undefined/status/1082774306625544192","166425160",
"1082774269044518912","Tue Jan 08 23:01:17 +0000 2019","0","Debat capres selayaknya berisi saling unjuk kehebatan tanpa saling hujat. Bisakah? @jokowi @JokowiCentre @prabowo @sandiuno","1082774269044518912","","","in","","0","0","0","https://x.com/undefined/status/1082774269044518912","44118162",
"1082774229748277254","Tue Jan 08 23:01:08 +0000 2019","0","Modern Dance - Ekskul Tari SMK Cijangkar - Kegiatan Pensi Pemilu OSIS 2018: https://t.co/DdVd6T9CsA melalui @YouTube","1082774229748277254","","","in","","0","0","0","https://x.com/undefined/status/1082774229748277254","82835059",
"1082774225448910848","Tue Jan 08 23:01:06 +0000 2019","0","cek -&gt; Persiapan Jokowi dan Prabowo Hadapi Debat Masing-masing calon pun sudah mulai me https://t.co/SG8mP9taD4","1082774225448910848","","","in","","0","0","0","https://x.com/undefined/status/1082774225448910848","1184087684",
"1082774205408542720","Tue Jan 08 23:01:02 +0000 2019","0","Uang rakyat 24 Trilliun untuk Pemilu ternyata dikelola oleh orang yang tadi malam di ILC duduk kaku kedinginan dan penuh tekanan. #PurapuraPemilu","1082774205408542720","","","in","","0","0","0","https://x.com/undefined/status/1082774205408542720","342616613",
"1082774200568500225","Tue Jan 08 23:01:01 +0000 2019","0","Saya menambahkan video ke playlist @YouTube https://t.co/DdVd6T9CsA Modern Dance - Ekskul Tari SMK Cijangkar - Kegiatan Pensi Pemilu","1082774200568500225","","","in","","0","0","0","https://x.com/undefined/status/1082774200568500225","82835059",
"1082774180884447232","Tue Jan 08 23:00:56 +0000 2019","1","Semangat Pagiii Semangat Perubahan 2019 . @saididu @haikal_hassan @Ferdinand_Haean @fadlizon @sandiuno @prabowo #2019GantiPresiden #2019PrabowoPresidenRI #2019GantiPresiden #2019PrabowoPresidenRI https://t.co/pTvy2wQw1p","1082774180884447232","https://pbs.twimg.com/media/DwbJYEeVYAAvlJr.jpg","","in","","0","0","0","https://x.com/undefined/status/1082774180884447232","14951080",
"1082774170470092802","Tue Jan 08 23:00:53 +0000 2019","0","(Berita | Kejati Sulsel Apresiasi Kinerja Gakumdu saat Pilkada...) https://t.co/XqRcLM4qZz #pemilu #pemilu2019","1082774170470092802","","","in","","0","0","0","https://x.com/undefined/status/1082774170470092802","968428811107819521",
"1082587363082006528","Tue Jan 08 23:00:40 +0000 2019","0","@BantenggMuda @RizmaWidiono @jokowi @kangdede78 @addiems @ruhutsitompul https://t.co/imHlOIFNCM #JokowiMerubahIndonesia #JokowiMembangunIndonesia #JokowiMerestorasiIndonesia Ayo semangat menjelang #Pilpres17042019 @jokowi @KyaiMarufAmin @rimbawanjokowi @JagaJokowi @projopusat @RelawanProjo @psi_id @DPP_PPP @DPP_PKB @DPPGolkar @NasDem @PDI_Perjuangan","1082774114723553280","","BantenggMuda","in","","0","0","0","https://x.com/undefined/status/1082774114723553280","845878078924500992",
"1082774071887024128","Tue Jan 08 23:00:30 +0000 2019","1","#PopulerB1 5: Selalu Juara di 5 Survei LSI PDIP Akan Keluar dari Kutukan Pemilu https://t.co/Dr8ps2Wyd6","1082774071887024128","","","in","","0","0","1","https://x.com/undefined/status/1082774071887024128","154102750",
"1082669060888788993","Tue Jan 08 23:00:26 +0000 2019","0","@eko_kuntadhi Kok bisa ya burung berkicau suaranya kayak panggil nama jokowi...","1082774054724165634","","_ekokuntadhi","in","","0","0","0","https://x.com/undefined/status/1082774054724165634","1144981309",
"1082656791954112513","Tue Jan 08 23:00:26 +0000 2019","0","@demokrasionline sejak 2011 elite demokrat tertangkap KPK maka 2012 SBY jagokan Foke tapi kalah pilgub 2014 SBY jagokan Prabowo-Hatta tapi kalah pilpres 2017 SBY jagokan AHY tapi kalah pilgub 2018 SBY promosi AHY cawapres tapi gak ada partai yg ambil...","1082774054208241671","","demokrasicoid","in","","0","0","0","https://x.com/undefined/status/1082774054208241671","195333272",
"1082447541596172288","Tue Jan 08 23:00:24 +0000 2019","1","@McInt4 @XShadow20819451 @Ferdinand_Haean @bawaslu_RI @aniesbaswedan @jokowi Islam percaya kedzaliman adalah sumber dari malapetaka/bencana. Dan sekarang ketidakadilan datang dari penguasa.","1082774048105324544","","McInt4","in","","0","0","1","https://x.com/undefined/status/1082774048105324544","1070620038464331776",
"1082774024554450945","Tue Jan 08 23:00:19 +0000 2019","0","#Teranyar Respon Unik Prabowo Saat Mendengar Adzan https://t.co/jzPDNLMdxh","1082774024554450945","","","in","","0","0","3","https://x.com/undefined/status/1082774024554450945","723416653",
"1082655046284783616","Tue Jan 08 23:00:17 +0000 2019","0","@budimandjatmiko @jokowi Masih mending bego klu udah dongo akut gimana tu bro","1082774018858471427","","budimandjatmiko","in","","0","0","0","https://x.com/undefined/status/1082774018858471427","2390101632",
"1082774001213001728","Tue Jan 08 23:00:13 +0000 2019","1","#PopulerB1 8: BPN Prabowo-Sandi: KPU Adil dan Sesuai Aturan https://t.co/0XfAVHr4J5","1082774001213001728","","","in","","0","0","1","https://x.com/undefined/status/1082774001213001728","154102750",
"1082773994913226752","Tue Jan 08 23:00:12 +0000 2019","0","@null Persiapan Jokowi dan Prabowo Hadapi Debat Masing-masing calon pun sudah mulai me https://t.co/As6lUJvNag","1082773994913226752","","null","in","","0","0","0","https://x.com/undefined/status/1082773994913226752","205533274",
"1082773977804623873","Tue Jan 08 23:00:07 +0000 2019","1","#PopulerB1 9: SBY Jadi Mentor Debat Prabowo-Sandi Ini Respons TKN Jokowi-Ma'ruf https://t.co/33WkKar86X","1082773977804623873","","","in","","0","0","1","https://x.com/undefined/status/1082773977804623873","154102750",
"1082773964877901825","Tue Jan 08 23:00:04 +0000 2019","0"," #M3TAL #M3gaTotal #M3rahTotal #MenangTotal #Jokowi1Xlagi #Jokowi_KHMaruf_Amin_menang #Jokowi_KHMaruf_Amin_Amin_Amin_Amin #satusatusatuenam #jokowi #riekediahpitaloka #jejensayuti #idamulyani... https://t.co/g8XPfF6iIJ","1082773964877901825","","","und","","0","0","0","https://x.com/undefined/status/1082773964877901825","527371765",
"1082773910561538049","Tue Jan 08 22:59:51 +0000 2019","0","Kubu Prabowo mengusulkan agar pemaparan visi misi di setiap awal debat di dalam 5 sesi tapi kubu Jokowi menginginkan pembacaan visi misi hanya satu kali saja dan di dalam 5 sesi waktu untuk membeberkan program kerja lima tahun kedepannya. #PrabowoTakutDebat","1082773910561538049","","","in","","0","0","0","https://x.com/undefined/status/1082773910561538049","1732174656",
"962859976459935745","Tue Jan 08 22:59:35 +0000 2019","0","@r3zhas @tirateather @IwanKarna @M_Hafi_M @kkpunasional @dayoen80 @MediaKonsumenID @aduanBRTI @LPKKI @29permata @Vankurie02 @me_badar @triindonesia @ronggolawe415 @Nuryadi99952616 @MuzakkiFaishal @IndosatCare @subhani1104 @DevaRachman @sultankata @YLKI_ID @kemkominfo @rudiantara_id @jokowi @Pak_JK @Anggun_Cipta @IM3Ooredoo @Telkomsel @detikcom @kompascom @liputan6dotcom @okezonenews @Iradiojakarta @SonoraFM92 @gen987fm @SelularID @tabloidpulsa @kompasiana @ChangeOrg_ID @YLBHI @LBH_Jakarta @BPKN_RI @Suara_Konsumen @BeritaTerkinii @PutuArmaya @konsumen @kabarsumbarcom @ooredoo @OmbudsmanRI137 Sayang kita konsumen tdk tau validasi iklan dan kenyataan. Katanya kecepatan sekian coba ukur makin banyak yg pakai akan turun kecepatan.","1082773840495706112","","r3zhas","in","","0","1","0","https://x.com/undefined/status/1082773840495706112","1280572812",
"1082773811810820096","Tue Jan 08 22:59:28 +0000 2019","0","Pak Prabowo menginginkan pemaparan visi misi di setiap awal debat. Bukankah waktu yang diberikan tidak banyak lebih baik pemaparannya satu kali saja dan penyampaian ide dan gagasan untuk Indonesia lebih maju diintesifkan. #PrabowoTakutDebat","1082773811810820096","","","in","","0","0","0","https://x.com/undefined/status/1082773811810820096","1732174656",
"1082773808770048000","Tue Jan 08 22:59:27 +0000 2019","0","@bawaslu_RI @KPU_ID Dimana kah integritas anda sebagai penyelenggara pemilu. Berbuatlah seadil-adilnya karena setiap tanggung jawab akan diminta pertanggung jawabannya kelak di akhirat nanti. Mungkin di dunia anda bisa menang tapi d akhirat tidak","1082773808770048000","","bawaslu_RI","in","","0","0","0","https://x.com/undefined/status/1082773808770048000","109146418",
"1082773709276868608","Tue Jan 08 22:59:03 +0000 2019","0","@jokowi assalamualaikum wrwb pak presiden. tolong kami pak sebagai agent tiket pesawat dilevel bawah yg merasa terdolimi oleh kebijakan maskapai dgn menerapkan sistem komisi 0%. kami bisa makan apa sedang selama ini kami menggntungkan hidup komisi itu. maaf tlg pak bantu kami.","1082773709276868608","","jokowi","in","","0","0","0","https://x.com/undefined/status/1082773709276868608","3314740321",
"1082438023361359873","Tue Jan 08 22:58:39 +0000 2019","1","@MulyadiMade @mrshananto Utk yg nomer 1 sy yakin mksd mbaknya bkn nuduh Jokowi. Semua orang yang dulu HAM-nya dilanggar selalu berharap dpt keadilan siapapun presidennya. Tapi sm kayak presiden2 sblmnya Jokowi memilih diam. Dan sy rasa gk apalah mengritik presiden. Kalo bukan rakyat siapa lagi?","1082773608546557952","","MulyadiMade","in","","0","0","0","https://x.com/undefined/status/1082773608546557952","31418786",
"1082437333545152512","Tue Jan 08 22:58:37 +0000 2019","0","@kominfo_jtg @ganjarpranowo @info_Blora @infoMGL @InfoRembang @infotegal @KabarCepu @kabarpemalangID @KabarBBS @KabarTGL @IniMagelangKu @Jateng_Twit Bapakkk.... Jikalo nnt presidenya pak prabowo...?! Pak Ganjar ini org baixz jd ktka...?! Harapannya ninuxz saling merangkul jgn b'musuhan wlo dia sbg pilgub jateng ","1082773599377707010","","komdigi_jateng","in","","0","0","0","https://x.com/undefined/status/1082773599377707010","1044213676528492545",
"1082773578309873669","Tue Jan 08 22:58:32 +0000 2019","0","Intelkam Polri Ungkap Kaitan Milenial dengan Ancaman bagi Pemilu 2019 https://t.co/M2H0WEiY9o https://t.co/VEEBKXEndY","1082773578309873669","https://pbs.twimg.com/media/DwbI1MoUwAEp8XZ.jpg","","in","","0","0","0","https://x.com/undefined/status/1082773578309873669","78596326",
"1082693026042892288","Tue Jan 08 22:58:29 +0000 2019","0","@angkringandotco @saididu @PriyoBudiS Mbok sudah yg akan debat itu Pak JokoWi vs Prabowo. Ya sangat mungkin saja memang tdk enjoy debat krn lawan petahana. Yg terlalu yakin bahwa capres hebat itu sebenarnya adalah tim suksesnya.","1082773565630382080","","angkringandotco","in","","1","0","0","https://x.com/undefined/status/1082773565630382080","548355644",
"1082626491391700992","Tue Jan 08 22:58:24 +0000 2019","0","@bangagoeng96 @EDitektif @abiyyu231299 @Rusydi_riau @Riast10 @HotPepperminTea @KBedug @utuntauk @prabowo @Gerindra Mereka lebih takut pada manusia daripada Sang Pencipta. Allah mengancam orang2 munafik laki2 &amp; perempuan &amp; orang2 kafir dgn neraka Jahannam mrk kekal di dalamnya. Cukuplah neraka itu bagi mrk &amp; Allah melaknati mrk &amp; bagi mrk azab yg kekal. -QS. 9:68 #ILCMengujiNetralitasKPU https://t.co/KBRLGi5J3U","1082773542725246977","https://pbs.twimg.com/media/DwbIzC4UwAA1-cv.jpg","bangagoeng96","in","","0","1","0","https://x.com/undefined/status/1082773542725246977","949436919942823936",
"1082773530050097152","Tue Jan 08 22:58:21 +0000 2019","0","Kurang canggih apa lagi cobaa. Ampe debat kandidat aja prabowo minta kisi-kisi #PrabowoTakutDebat","1082773530050097152","","","in","","0","0","0","https://x.com/undefined/status/1082773530050097152","1732174656",
"1082773519040241671","Tue Jan 08 22:58:18 +0000 2019","0","Persiapan Jokowi dan Prabowo Hadapi Debat https://t.co/ChWxvAvor2","1082773519040241671","","","in","","0","0","0","https://x.com/undefined/status/1082773519040241671","18040227",
"1082773488685834240","Tue Jan 08 22:58:11 +0000 2019","0","Target selanjutnya mereka mempertahankan @jokowi utk 2 Periode. #2019PrabowoPresidenRI","1082773488685834240","","","in","","0","0","0","https://x.com/undefined/status/1082773488685834240","636869266",
"1082217606151495680","Tue Jan 08 22:58:09 +0000 2019","0","@karniilyas dgn tema tsb diangakat ada semacam keraguan netralitas pihak penyelenggara pemilu 2019 dlm hal ini pihak penyelenggra kpu","1082773483036102656","","karniilyas","in","","0","0","0","https://x.com/undefined/status/1082773483036102656","495718752",
"1082773459787165697","Tue Jan 08 22:58:04 +0000 2019","0","Biasain napah pak jangan hoax mulu. Segala apa aja nuding pak jokowi yang enggak-enggak. Lah pak jokowi mah ketauan pernah jadi presiden otomatis bekal teori apalgi pengalaman yah pasti punya jadi yah ngapain juga pak jokowi takut debat. #PrabowoTakutDebat","1082773459787165697","","","in","","0","0","0","https://x.com/undefined/status/1082773459787165697","1732174656",
"1082773455894851584","Tue Jan 08 22:58:03 +0000 2019","5","KPU kata Arief Budiman berkomitmen untuk melawan upaya mendelegitimasi penyelenggara Pemilu. https://t.co/VEOVCuKFaK","1082773455894851584","","","in","","5","3","4","https://x.com/undefined/status/1082773455894851584","23343960",
"1082773452463865857","Tue Jan 08 22:58:02 +0000 2019","2","Ingat Tol Ingat Jokowi #jokowi #jokowilagi #jokowi2periode #01metalcirebonraya #01metalindramayu #01metalkarawang #kosongsatumetal #01subangmetal https://t.co/E3PEF1BU4D","1082773452463865857","https://pbs.twimg.com/media/DwbIs3_UYAEfLZ0.jpg","","in","","0","0","1","https://x.com/undefined/status/1082773452463865857","1081172945207083008",
"1082773445895540737","Tue Jan 08 22:58:01 +0000 2019","0","Kita bangga melihat mereka yang memang cerdas dan cemerlang yang sifatnya tidak menang sendiri . Prabowo dan Sandiago memang layak jadi Pemimpin. https://t.co/iNJEv46VsH","1082773445895540737","https://pbs.twimg.com/media/DwbIr16U0AAV2oB.jpg","","in","","0","0","0","https://x.com/undefined/status/1082773445895540737","1081753063986061313",
"1082590499561648128","Tue Jan 08 22:57:59 +0000 2019","0","@P3nj3l4j4h Dah capres idaman tu DILDO","1082773437662154752","","P3nj3l4j4h","in","","0","0","0","https://x.com/undefined/status/1082773437662154752","80234677",
"1082773419995746304","Tue Jan 08 22:57:54 +0000 2019","0","Pak pak besok besok kalo tuding jokowi yang rasional dikit napah pak! #PrabowoTakutDebat","1082773419995746304","","","in","","0","0","0","https://x.com/undefined/status/1082773419995746304","1732174656",
"1082773412777418752","Tue Jan 08 22:57:53 +0000 2019","1","karena wasit udah ikut bermain pasti bakal terjadi pengaturan skor pertandingan. mungkin nanti hasil akhirnya malah jadi 10 - 0 #JKWTakutPaparkanVisiMisi #KPURasaTimses TKN Jokowi-Ma'ruf Yakin Kubu 02 Sudah Kalah Sebelum Bertanding VIVA https://t.co/vfopOrhtVU","1082773412777418752","","","in","","0","0","1","https://x.com/undefined/status/1082773412777418752","1012600627984125952",
"1082773399493996544","Tue Jan 08 22:57:50 +0000 2019","2","Lah pak jokowi mah udah pernah jadi presiden yah kali ama debat kandidat aja takut. Enggak banget deh! #PrabowoTakutDebat","1082773399493996544","","","in","","0","0","1","https://x.com/undefined/status/1082773399493996544","1732174656",
"1082773155427614720","Tue Jan 08 22:57:46 +0000 2019","1","@detikcom MI APA UDH SIAP BRO @prabowo #PrabowoTakutDebat","1082773385791266816","","detikcom","in","","0","0","0","https://x.com/undefined/status/1082773385791266816","1080899675186618368",
"1082488056597237761","Tue Jan 08 22:57:36 +0000 2019","0","@eliya_mkom @prabowo @sandiuno #2019PrabowoPresidenRI Mukidi kacungnya cina..jgn pilih #kacungdalamkarung","1082773342510170112","","eliya_mkom","in","","0","0","0","https://x.com/undefined/status/1082773342510170112","809215593874231296",
"1082249398019534851","Tue Jan 08 22:57:33 +0000 2019","0","@jokowi Yang jualan daging ayam tetanggaku pak. ","1082773331319783424","","jokowi","in","","0","0","0","https://x.com/undefined/status/1082773331319783424","2378326110",
"1082773321324859393","Tue Jan 08 22:57:31 +0000 2019","1","Relawan Nasional Sahabat Prabowo Sandi dan Prabowo Digital Team (PRIDE) Aceh menyelenggarakan lomba menulis surat untuk Prabowo-Sandiaga. Lomba tersebut boleh https://t.co/jHHIQ48kgW","1082773321324859393","","","in","","0","0","0","https://x.com/undefined/status/1082773321324859393","39452118",
"1082773317147185154","Tue Jan 08 22:57:30 +0000 2019","0","#SaveAniesBaswedan #SaveAniesBaswedan #SaveAniesBaswedan #SaveAniesBaswedan #SaveAniesBaswedan #SaveAniesBaswedan #SaveAniesBaswedan #SaveAniesBaswedan... Ya Allah semoga kemenangan DKI menular jadi Kemenangan Nasional Prabowo Sandi agar penegakkan hukum tidak tebang pilih","1082773317147185154","","","in","","0","0","0","https://x.com/undefined/status/1082773317147185154","4580313743",
"1082773301452144640","Tue Jan 08 22:57:26 +0000 2019","0","Padahal kan pihak prabowo pencetus adanya kisi-kisi di debat pilpres ini loh ko knapa sekarang menuding pak jokowi dan kiyai maruf seolah takut dengan debat yang akan datang! Udah deh pak matengin aja materinya mmpung dikasih kisi-kisi. #PrabowoTakutDebat","1082773301452144640","","","in","","0","0","0","https://x.com/undefined/status/1082773301452144640","1732174656",
"1082640111123058688","Tue Jan 08 22:57:23 +0000 2019","0","@ILCtv1 @tvOneNews @prabowo @sandiuno @karniilyas 7 kontainer kapan nih @karniilyas @ILCtv1 biar yakin aja tv one emng netral ...","1082773286402945024","","ILCTalkshow","in","","0","0","0","https://x.com/undefined/status/1082773286402945024","133543668",
"1082773267776040960","Tue Jan 08 22:57:18 +0000 2019","0","Eks Komisioner Kritik KPU Malah Berkonsultasi dengan Tim Capres https://t.co/dSlBnVhuq8 via @YouTube","1082773267776040960","","","in","","0","0","0","https://x.com/undefined/status/1082773267776040960","21610108",
"1082547957163913216","Tue Jan 08 22:57:18 +0000 2019","0","@haikal_hassan pilpres berasaa drama behh. Bersesi2 makin kesini makin ga paham. Yakin bismillah 2019 PAS Prabowo Sandi","1082773267193065472","","","in","","0","0","0","https://x.com/undefined/status/1082773267193065472","485520135",
"1082627931308847104","Tue Jan 08 22:57:16 +0000 2019","0","@Riswan2019Gant1 @prabowo @jokowi Kasih ajalah tinggal 3 bulan inih...biarkan mereka bahagia sesaat","1082773257529348097","","0m_Brewoks","in","","0","0","0","https://x.com/undefined/status/1082773257529348097","2580392234",
"1082773236838846464","Tue Jan 08 22:57:11 +0000 2019","0","Kalau Anies Baswedan kena hukuman pidana Pemilu sebaiknya batalkan saja Pemilu ini. Tdk adil bagi rakyat... Silahkan KPU &amp; Bawaslu kasih surat penunjukan kpd Jokowi sbg pemenang Pemilu. Ngabis-ngabisin waktu rakyat pergi nyoblos. Toh wasitnya gak adil. https://t.co/fYFnnuNeiF","1082773236838846464","","","in","","0","0","0","https://x.com/undefined/status/1082773236838846464","1865590470",
"1082773226869014529","Tue Jan 08 22:57:08 +0000 2019","0","Pak prabowo pasta giginya bukan pepseodent kali makannya gabrani unjuk gigi! #PrabowoTakutDebat","1082773226869014529","","","in","","0","0","0","https://x.com/undefined/status/1082773226869014529","1732174656",
"1082605822918590465","Tue Jan 08 22:57:03 +0000 2019","0","@aagym Yg gk baik udah ngumpul di kubu jokowi aa kalau jokowi menang berarti di indonesia masih banyak peluang amal sholeh","1082773202848309248","","aagym","in","","0","0","0","https://x.com/undefined/status/1082773202848309248","117322748",
"1082773198582603776","Tue Jan 08 22:57:02 +0000 2019","0","Emang dasar aja penakut apapun yang berhubungan dengan elektabilitas kedua calon kubu prabowo selalu saja tak siap untuk unjuk gigi! #PrabowoTakutDebat","1082773198582603776","","","in","","0","0","0","https://x.com/undefined/status/1082773198582603776","1732174656",
"1082773191389601793","Tue Jan 08 22:57:00 +0000 2019","0","Komisioner KPU Mengaku Terinspirasi Akun Capres Cawapres Fiktif Nurhadi-Aldo https://t.co/mHLro34CU4 https://t.co/uAzjkuHcUO","1082773191389601793","https://pbs.twimg.com/media/DwbIeqsVYAAm-HW.jpg","","in","","0","0","0","https://x.com/undefined/status/1082773191389601793","846715204637376513",
"1082773172921847809","Tue Jan 08 22:56:56 +0000 2019","0",". . . .. salah satu capres takut dipermalukan...... Yg milih aja gak malu2 ..... #2019GantiPresiden #2019PrabowoPresidenRI #KPUWasitRasaTimses #RIP_Bawaslu","1082773172921847809","","","in","","0","0","0","https://x.com/undefined/status/1082773172921847809","1035884935922348035",
"1082770965329637376","Tue Jan 08 22:56:42 +0000 2019","0","@PTJASAMARGA @BudiKaryaS @jokowi @TMCPoldaMetro @RadioElshinta @OmbudsmanRI137 @detikcom @OFFICIAL_JSMR @setkabgoid @KSPgoid Banyak truck parkir setiap hari di bahu jalan penyebab macet dan truck jalan tdk di lajurnya kemana petugasnya ?????","1082773116722409473","","PTJASAMARGA","in","","0","0","0","https://x.com/undefined/status/1082773116722409473","206668351",
"1082671560794632193","Tue Jan 08 22:56:42 +0000 2019","0","@miqdadhusein @Ferdinand_Haean Kepala daerah d Riau mendeklarasikan dukungan nya pada Jokowi pda tanggal 10/10/2018 tdk dlm keadaan cuti https://t.co/Oxk3LJ6Z32","1082773115334082561","https://pbs.twimg.com/media/DwbIY7lV4AA2Qiy.jpg","miqdadhusein","in","","0","1","0","https://x.com/undefined/status/1082773115334082561","970107148666470400",
"1082773018697437184","Tue Jan 08 22:56:19 +0000 2019","0","tentang #Dia @jokowi #Jokowi https://t.co/4s1ApoMhyF","1082773018697437184","","","in","","0","0","0","https://x.com/undefined/status/1082773018697437184","1076942387216150529",
"1082488922070933504","Tue Jan 08 22:56:17 +0000 2019","0","@roymz_13 @Gerindra @Dahnilanzar @prabowo Prabowo tak perlu foto2 udah ganteng jg beda dgn yg nganu yg kemana2 bw tukang foto bukan tenaga ahli yg dibwnya hahaha kira kira ada bw uang n 50rb g buat bg rakyat","1082773013299220480","","roymz_13","in","","0","1","0","https://x.com/undefined/status/1082773013299220480","939845315624034304",
"1082675577713131520","Tue Jan 08 22:56:12 +0000 2019","0","@Dennysiregar7 @prabowo Ah nanti juga palingan ngeles itukan relawan mrk bertindak bkn disuruh tp krn dorongan hati . Jadi inget obor rakyat itu jg RELAWAN kan yg bikin. Salahnya nggak ada sanksi tegas ke atas jd kesannya relawan itu tumbal","1082772991564369921","","","in","","0","0","0","https://x.com/undefined/status/1082772991564369921","42521314",
"1082772976724992000","Tue Jan 08 22:56:09 +0000 2019","0","Benar-benar kubu prabowo pandai berdalih. Apapun situasinya pasti akan dipolitisasi. Keterlaluan #PrabowoTakutDebat","1082772976724992000","","","in","","0","0","0","https://x.com/undefined/status/1082772976724992000","1732174656",
"1082772975349157888","Tue Jan 08 22:56:08 +0000 2019","0","I added a video to a @YouTube playlist https://t.co/4s1ApouGa5 DIA - Videotext untuk Jokowi","1082772975349157888","","","en","","0","0","0","https://x.com/undefined/status/1082772975349157888","1076942387216150529",
"1082594037574455296","Tue Jan 08 22:56:04 +0000 2019","8","@anti_aksiapapun @jokowi @kaesangp @TMCPoldaMetro @bareskrim2018 hehehe....dia mengakui kalau Jokowi Presiden RI di 2019........#Jokowilagilahbang","1082772957783515136","","anti_aksiapapun","in","","0","0","0","https://x.com/undefined/status/1082772957783515136","1063450589613490176",
"1082772938133131264","Tue Jan 08 22:56:00 +0000 2019","0","Ini bukan ujian akhir sekolah pak etiskah meminta kisi-kisi untuk debat capres cawapres mendatang?! Keterlaluan bukan. #PrabowoTakutDebat","1082772938133131264","","","in","","0","0","0","https://x.com/undefined/status/1082772938133131264","1732174656",
"1082540807167438848","Tue Jan 08 22:55:56 +0000 2019","0","@layculai @AkunTofa @bawaslu_RI @KPU_ID Lha bgmn dpt 31 jt orgil diperkenankan iku pemilu ? mendagri teamses 01 pokok nya negri aneh lha tks brown.","1082772922488373248","","luckylayculai","in","","0","0","0","https://x.com/undefined/status/1082772922488373248","801711329128001536",
"1082772916398219264","Tue Jan 08 22:55:54 +0000 2019","2","Bukankah ini keterlaluan bahkan untuk hal seperti ini saja kubu prabowo putar balikan fakta! Stop pak hentikan pembodohan publik! #PrabowoTakutDebat","1082772916398219264","","","in","","1","0","1","https://x.com/undefined/status/1082772916398219264","1732174656",
"1082605846276653056","Tue Jan 08 22:55:53 +0000 2019","0","@Karolina_bee11 @mulanbilqis @jokowi Hanya bikin janji. Dgn blm hutang 2014..kerja3 hutang menumpuk. Dgn hutang ribuan trilyun..paling tinggal janji2 lagi. Siapa yg mau percaya?","1082772910563979265","","Karolina_bee77","in","","0","0","0","https://x.com/undefined/status/1082772910563979265","243905392",
"1082584149116874753","Tue Jan 08 22:55:53 +0000 2019","0","@marierteman @Gerindra @bawaslu_RI @bawaslu_RI woy yang adil dong lu di gajih sama uang rakyat juga.. jangaann se enak jidat proses kepala daerah yang bersebrangan sama pertahana tuh proses juga yang jelas2 dukung @jokowi","1082772910161354752","","marierteman","in","","0","0","0","https://x.com/undefined/status/1082772910161354752","1079992722314784768",
"1082532325706031104","Tue Jan 08 22:55:49 +0000 2019","1","@RizmaWidiono saya harus menilai bapak ini gimana ya... ko menilai pak jokowi ini se olah olah tidak punya kemampuan untuk memaparkan visi misi... padahala pak jokowi bisa berhasil jadi presiden kan dari bawah dulu dan ber arti beliau membawa visi misi buat negri ini...","1082772894348763138","","RizmaWidiono","in","","0","0","1","https://x.com/undefined/status/1082772894348763138","1035842966932226048",
"1082772893258272768","Tue Jan 08 22:55:49 +0000 2019","0","Pasti nya Prabowo yg selalu kalah? terserah anda mau bilang kalah k.o atau angka pasti nya dia selalu terkapar setiap ikut pertandingan .","1082772893258272768","","","in","","0","0","0","https://x.com/undefined/status/1082772893258272768","744291862224068608",
"1082772887306592256","Tue Jan 08 22:55:47 +0000 2019","1","Maklumi saja jika makin hari tingkahnya keterlaluan. Bukankah kita tak aneh dengan kubu prabowo yang memng terbiasa menuding pak jokowi yang bukan bukan. #PrabowoTakutDebat","1082772887306592256","","","in","","0","0","1","https://x.com/undefined/status/1082772887306592256","1732174656",
"1082572012071993344","Tue Jan 08 22:55:45 +0000 2019","0","@GunRomli @AminSiregar75 Sekedar info tolong di cek kebenaranx @prabowo @Gerindra mau dibawa kemana bangsa ini klu kader partai anda spt ini","1082772879001960448","","GunRomli","in","","0","0","0","https://x.com/undefined/status/1082772879001960448","1370056795",
"1082681102802665472","Tue Jan 08 22:55:44 +0000 2019","0","@ILCtv1 @rockygerung @karniilyas He he he cocok punya julukan prof dungu asal ngoceh ngga tau duduk perkara UU pemilu juga ngga pernah baca jadi kelompok yg anti demokrasi itu yg takut debat &amp; minta bocoran pertanyaan. https://t.co/NXmTtg3fAo","1082772872534286336","https://pbs.twimg.com/media/DwbILRtVYAAZMGz.jpg","ILCTalkshow","in","","0","0","0","https://x.com/undefined/status/1082772872534286336","2413612495",
"1082772859141804032","Tue Jan 08 22:55:41 +0000 2019","0","Bener kata pak arya jubir TKN Jokowi-KH.Maruf Amin. Sudahlah jangan bikin kegaduhan politik . Toh publik pun tahu bahwa selama ini kubu prabowo gada habisnya mencari sensasi. #PrabowoTakutDebat","1082772859141804032","","","in","","0","0","0","https://x.com/undefined/status/1082772859141804032","1732174656",
"1082771152282370048","Tue Jan 08 22:55:35 +0000 2019","1","@darsosantani @prabowo @sandiuno @SBYudhoyono @ZUL_Hasan Terima kasih @darsosantani seharusnya tidak bermain kotor dgn hoax ","1082772833644625920","","darsosantani","in","","0","0","0","https://x.com/undefined/status/1082772833644625920","184027653",
"1082770965329637376","Tue Jan 08 22:55:34 +0000 2019","0","@PTJASAMARGA @BudiKaryaS @jokowi @TMCPoldaMetro @RadioElshinta @OmbudsmanRI137 @detikcom @OFFICIAL_JSMR @setkabgoid @KSPgoid Penanganan lambat !!! Tdk bergerak sdh 1 jam penanganan seperti apa ???","1082772833032232960","","PTJASAMARGA","in","","0","0","0","https://x.com/undefined/status/1082772833032232960","206668351",
"1082772803365957633","Tue Jan 08 22:55:27 +0000 2019","0","https://t.co/ln8OpUQ1q7 Mohon dibangun pak jembatan indiana jones @KemenPU @jokowi","1082772803365957633","","","in","","0","0","0","https://x.com/undefined/status/1082772803365957633","85835402",
"1082772775901716480","Tue Jan 08 22:55:21 +0000 2019","0","Belum debat aja kubu prabowo udah keblinger sampai lupa bahwa justru merekalah yang takut akan adanya debat dua arah. Lucu sekali kau ini pak! #PrabowoTakutDebat","1082772775901716480","","","in","","0","0","0","https://x.com/undefined/status/1082772775901716480","1732174656",
"1081888472317612032","Tue Jan 08 22:55:15 +0000 2019","0","@AnthaYudha @KPU_ID @mas_abudiman @hsym_asyari @viryanazis @novida_evi @PramonoUtan @masws1533 @arifhakim66 @robie2u @K_Setyawan Ini bukan tentang tim 02... Ini tentang hak rakyat... Teknis Debat Capres itu sudah ada di SK KPU 1096 tahun 2018... 01 dan 02 tinggal menjalani saja... tidak ada hak membahas teknis...","1082772749880193024","","AnthaYudha","in","","0","1","0","https://x.com/undefined/status/1082772749880193024","2471105910",
"1082772742338801664","Tue Jan 08 22:55:13 +0000 2019","0","Karena kasihan pak jokowi","1082772742338801664","","","in","","0","0","0","https://x.com/undefined/status/1082772742338801664","1077236067202326528",
"1082772730896822273","Tue Jan 08 22:55:10 +0000 2019","0","Makin herannya lagi ketika kubu prabowo justru meminta kisi-kisi debat rupanya debat capres dan cawapres Indonesia tak ubahnya seperti ujian sekolah. Dimana murid meminta kisi-kisi untuk soal ujian yang tak lain untuk memudahkan mereka. Sesulit itukah pak? #PrabowoTakutDebat","1082772730896822273","","","in","","0","0","0","https://x.com/undefined/status/1082772730896822273","1732174656",
"1082667858843205632","Tue Jan 08 22:55:06 +0000 2019","0","@MonkeyDLuffy_id @ILCtv1 @AryaSinulingga @jokowi @MarufAminNU Sok ngegas tp tangannya gemeteran","1082772715352682496","","","in","","0","0","0","https://x.com/undefined/status/1082772715352682496","923086806198902784",
"1082772697946312704","Tue Jan 08 22:55:02 +0000 2019","0","Itu prabowo g kapokRT @_ibaadurrahmaan: Debat pemilu itu seperti tinju harus ada yang K.O (cont) https://t.co/QtSatI7ABx","1082772697946312704","","","in","","0","0","0","https://x.com/undefined/status/1082772697946312704","1573889629",
"1082772620985143299","Tue Jan 08 22:54:44 +0000 2019","0","Saya suka video @YouTube https://t.co/1HbiXosb2b Bagus Bawana Putra kornas Prabowo Pembuat Voice Chat 7 Kontainer Resmi Terciduk!","1082772620985143299","","","in","","0","0","0","https://x.com/undefined/status/1082772620985143299","576287136",
"1082290995755020288","Tue Jan 08 22:54:12 +0000 2019","0","@vs_shans @pramitha_clara @ewinkz @Asmara_1701 Berita itu opini dari Prabowo langsung atau opini dari TKN?","1082772488843489280","","vs_shans","in","","0","0","0","https://x.com/undefined/status/1082772488843489280","87137178",
"1082772469134417920","Tue Jan 08 22:54:08 +0000 2019","0","Eks Komisioner Kritik KPU Malah Berkonsultasi dengan Tim Capres harusnya independen penyampaian visi misi itu wajib bukan sunah. https://t.co/KjyCRVRI53","1082772469134417920","","","in","","0","0","0","https://x.com/undefined/status/1082772469134417920","268566692",
"1082153032811372549","Tue Jan 08 22:53:44 +0000 2019","0","@Ferdinand_Haean Karena Jokowo tdk Jaim dan pencitraan. Karena Jokowi sangat demokratis. Karena Jokowi kerja kerja kerja .","1082772370249592833","","Ferdinand_Haean","in","","0","0","0","https://x.com/undefined/status/1082772370249592833","1126988684",
"1082672957015519232","Tue Jan 08 22:53:38 +0000 2019","0","@faizalassegaf Yang memenangkan Pak Prabowo nanti adalah Allah swt bukan elektabilitas dari karya survey manusia... Silahkan kalian pongah dengan hasil survey. Kami sandarkan semua hasil usaha kami mendukung Pak Prabowo kepada Allah swt. #02insyaAllahmenang","1082772343913537539","","faizalassegaf","in","","1","1","0","https://x.com/undefined/status/1082772343913537539","1082629745978658816",
"1082471435556118528","Tue Jan 08 22:53:26 +0000 2019","0","@Ferdinand_Haean Yg waras pilih yg jujur bersih bersahaja jokowi","1082772294366162944","","Ferdinand_Haean","in","","0","0","0","https://x.com/undefined/status/1082772294366162944","1370056795",
"1081415115344207872","Tue Jan 08 22:53:22 +0000 2019","0","@HelenDay88 @ibsir2018 @Robotu71 @penyairbatavia @jboyo1889 @CNNIndonesia @KPU_ID Silahkan BPN mau ambil langkah apapun ttp bagi saya... sbg rakyat kami ingin adanya pemaparan visi misi scr langsung oleh capres-cawapres didepan audience scr 2 arah bkn hanya monolog alias 1 arah. Reformasi sdh lbh 20 thn semestinya demokrasi makin maju &amp; tinggi kualitasnya.","1082772278281031680","","HelenDay88","in","","0","0","0","https://x.com/undefined/status/1082772278281031680","321900113",
"1082736684104540160","Tue Jan 08 22:53:19 +0000 2019","0","@Kulu_kilir @DiniKurnia23 anda tidak lupa kan tahun 2014 juga ada debat capres dan yang memenngkan itu siapa ya?? sekedar mengingkatkan aja sii wkwk #ILCMengujiNetralitasKPU #PrabowoTakutDebat","1082772265291268096","","Kulu_kilir","in","","0","0","0","https://x.com/undefined/status/1082772265291268096","1070690910516604928",
"1082488922070933504","Tue Jan 08 22:53:18 +0000 2019","0","@Gerindra @Dahnilanzar @prabowo ?????","1082772260421693440","","Gerindra","qam","","0","0","0","https://x.com/undefined/status/1082772260421693440","1423452565",
"1082612177335242752","Tue Jan 08 22:53:13 +0000 2019","0","@wijaya_hrs @Dahnilanzar @PriyoBudiS @rockygerung @KPU_ID @prabowo @sandiuno Pihak kampus? Emang dimana rocky gerung mengajar? Dia dikeluarkan dari kampus. Dia bukan profesor. Gene hari masih juga gagal paham.","1082772240943394816","","tanoe094","in","","0","0","0","https://x.com/undefined/status/1082772240943394816","341280800",
"1082772222341607424","Tue Jan 08 22:53:09 +0000 2019","0","Pa @ridwankamil Pa @jokowi kapan reaktivasi jalur kereta api cibatu - garut @KAI121 Saya lihat msh blm ada lg progrees nya?! Nuhun.","1082772222341607424","","","in","","0","0","0","https://x.com/undefined/status/1082772222341607424","1042199593675444224",
"1082772120185106432","Tue Jan 08 22:52:45 +0000 2019","0","Mau Nulis Politik sekali-kali.. Pasangan 01 dg Konsep Kampanye menyerang telah berhasil... Pasangan 02 gak ada Inovasi lagi dalam Kampanye... @fadlizon @Asmara_1701 @prabowo @sudirmansaid","1082772120185106432","","","in","","0","0","0","https://x.com/undefined/status/1082772120185106432","348272558",
