"conversation_id_str","created_at","favorite_count","full_text","id_str","image_url","in_reply_to_screen_name","lang","location","quote_count","reply_count","retweet_count","tweet_url","user_id_str","username"
"1088224851188301824","Wed Jan 23 23:59:57 +0000 2019","0","Rakyat Indonesia tentunya #AkuMauKamuLagi Untuk pak @jokowi kembali menjadi presiden Indonesia ! Ayo kita bangun Indonesia bersama pak Jokowi lagi kita bisa!!","1088224851188301824","","","in","","0","0","0","https://x.com/undefined/status/1088224851188301824","1050341951810154496",
"1087711113511239680","Wed Jan 23 23:59:49 +0000 2019","0","@RamliRizal @EdiKeceput @jokowi @prabowo Jadinya menari2 dg ABB mengharap Kangguru ikut Pesta...","1088224818611159040","","RamliRizal","in","","0","0","0","https://x.com/undefined/status/1088224818611159040","927071419405496320",
"1088224799720038400","Wed Jan 23 23:59:45 +0000 2019","0","Yaaa memang pakde @jokowi layak 2 periode sudah jelas terbukti dari hasil kinerja nya #AkuMauKamuLagi","1088224799720038400","","","in","","0","0","0","https://x.com/undefined/status/1088224799720038400","1050341951810154496",
"1088217308487503873","Wed Jan 23 23:59:35 +0000 2019","0","@mrs_enci @estananto Aku ga yakin Jokowi tahu kelakuan buzzer yang satu itu","1088224760528461824","","mrs_enci","in","","0","2","0","https://x.com/undefined/status/1088224760528461824","15177656",
"1088224755218444289","Wed Jan 23 23:59:34 +0000 2019","0","Yaaa memang pakde @jokowi layak 2 periode sudah jelas terbukti dari hasil kinerja nya #AkuMauKamuLagi","1088224755218444289","","","in","","0","0","0","https://x.com/undefined/status/1088224755218444289","1050055796170448896",
"1088215098076721152","Wed Jan 23 23:59:28 +0000 2019","1","@Yettidewi @jokowi Aku msh prcya hatimu gak bisa brpaling dr pak jokowi","1088224728353890304","","Yettidewi","in","","0","0","0","https://x.com/undefined/status/1088224728353890304","2307860928",
"1088224728211513344","Wed Jan 23 23:59:28 +0000 2019","0","(Berita | Perjalanan Kasus Ahok Bermula dari Pidato hingga Akhirnya di Penjara) https://t.co/tjxcDJY6QT #pemilu #pemilu2019","1088224728211513344","","","in","","0","0","0","https://x.com/undefined/status/1088224728211513344","968428811107819521",
"1088224721680793600","Wed Jan 23 23:59:26 +0000 2019","0","Kerja nya udah terbukti prestasi nya di akui dunia memang kebanggaan rakyat Indonesia kita masih membutuhkan mu pakde @jokowi #AkuMauKamuLagi","1088224721680793600","","","in","","0","0","0","https://x.com/undefined/status/1088224721680793600","1050055796170448896",
"1087997701185249281","Wed Jan 23 23:59:26 +0000 2019","2","@saididu @27Matahati Beberapa kali ketemu cebong mereka merekaNgeluh BBM mahal TDL mahal apalagi sembako tpi tetap bela si anu kan dungu kata Prof @rockygerung tp ada juga bbrp cebong yg sadar mnjd pendukungnya jenderal @prabowo","1088224719982145536","","saididu","in","","0","0","0","https://x.com/undefined/status/1088224719982145536","706500903147143168",
"1088222716614762496","Wed Jan 23 23:59:22 +0000 2019","0","@miskiy28 @prabowo @tempodotco Pendidikan tinggi yg dikejar gelarnya","1088224706501607425","","miskiy28","in","","0","0","0","https://x.com/undefined/status/1088224706501607425","59022354",
"1088224687585255425","Wed Jan 23 23:59:18 +0000 2019","0","Pakdeee @jokowi #AkuMauKamuLagi yaaaaa semangat terus yaa paakkkk doa ku selalu menyertai mu","1088224687585255425","","","in","","0","0","0","https://x.com/undefined/status/1088224687585255425","1050055796170448896",
"1087762011650289664","Wed Jan 23 23:59:14 +0000 2019","0","@chicohakim @jokowi mngkin maksudnya agar siapapun yg telah dibantu agar TAHU DIRI... itu aja... ","1088224672062132224","","chicohakim","in","","0","0","0","https://x.com/undefined/status/1088224672062132224","2362314078",
"1088224670229250048","Wed Jan 23 23:59:14 +0000 2019","1","Pak Jokowi #AkuMauKamuLagi yg jadi Presiden https://t.co/FJW1UjrGCw","1088224670229250048","https://pbs.twimg.com/media/DxomdbBUYAIFUzd.jpg","","in","","0","0","0","https://x.com/undefined/status/1088224670229250048","950955457287307264",
"1088224651208155136","Wed Jan 23 23:59:09 +0000 2019","0","Aku ga mau berpaling aku udah yakin aku aku udah percaya banget! aku mau presidenku pakde @jokowi lagi #AkuMauKamuLagi","1088224651208155136","","","in","","0","0","0","https://x.com/undefined/status/1088224651208155136","1050055796170448896",
"1088224643121467392","Wed Jan 23 23:59:07 +0000 2019","0","@muannas_alaidid @MemeTanpaHurufK @jokowi @DivHumas_Polri @CCICPolri ini org patut diblejekin n dicyduk","1088224643121467392","","muannas_alaidid","in","","0","0","0","https://x.com/undefined/status/1088224643121467392","1033510680236777473",
"1088221427201757185","Wed Jan 23 23:59:03 +0000 2019","0","@johanadhi @blogdokter @BPJSKesehatanRI @KemenkesRI @jokowi tapi tetep aja rasanya aneh. saya yang bayar kelas 1 mandiri per bulan kok tetep juga bayar tiap kunjungan rawat jalan ke rs","1088224626985988097","","johanadhi","in","","0","0","0","https://x.com/undefined/status/1088224626985988097","229776362",
"1088224606580686848","Wed Jan 23 23:58:59 +0000 2019","0","Dari prediksi saya sih pak @jokowi yang akan menang di pemilu ini dan pastinya #AkuMauKamuLagi","1088224606580686848","","","in","","0","0","0","https://x.com/undefined/status/1088224606580686848","1050055796170448896",
"1087950942174171137","Wed Jan 23 23:58:52 +0000 2019","0","@Ferdinand_Haean @Ingin_Bersuara @jokowi K a c a u","1088224580957696000","","Ferdinand_Haean","in","","0","0","0","https://x.com/undefined/status/1088224580957696000","1084668621991768066",
"1088224570350292993","Wed Jan 23 23:58:50 +0000 2019","0","Kenangan yg indah memang sulit dilupakan bersama pak @jokowi kita bisa membangun Indonesia! #AkuMauKamuLagi","1088224570350292993","","","in","","0","0","0","https://x.com/undefined/status/1088224570350292993","1050055796170448896",
"1088220648390836225","Wed Jan 23 23:58:49 +0000 2019","0","@DityaDiku @psi_id Cuma buat bisa ikut pemilu aja butuh kantor di 3/4 provinsi dan 2/3 Kabupaten klo ga salah. Itu aja udah abis berapa? Haha","1088224566558638080","","ay_ditya","in","","0","1","0","https://x.com/undefined/status/1088224566558638080","76984137",
"1088224549186035712","Wed Jan 23 23:58:45 +0000 2019","61","Capres dan cawapres nomor urut 2 Prabowo Subianto-Sandiaga Uno memberi perhatian serius pada utang pemerintah. Mereka punya 'jurus' untuk kurangi utang. https://t.co/ZXy91QoZEl","1088224549186035712","","","in","","22","98","21","https://x.com/undefined/status/1088224549186035712","69183155",
"1088224534111477760","Wed Jan 23 23:58:41 +0000 2019","0","Daripada pilih yg ga pasti #AkuMauKamuLagi jadi presiden ku yaaa pak @jokowi hehe love you full pakde","1088224534111477760","","","in","","0","0","0","https://x.com/undefined/status/1088224534111477760","1050055796170448896",
"1088142582729854976","Wed Jan 23 23:58:36 +0000 2019","0","@detikcom @jokowi Tidak... Cukup...","1088224512879915009","","detikcom","in","","0","0","0","https://x.com/undefined/status/1088224512879915009","629193087",
"1088224497386192896","Wed Jan 23 23:58:33 +0000 2019","0","Pilih jokowi 2 priode #PilihYangPastiJokowi #01JokowiLagi https://t.co/fM5rGiW1h6","1088224497386192896","https://pbs.twimg.com/media/DxhKGTwU8AAbyUK.jpg","","in","","0","0","0","https://x.com/undefined/status/1088224497386192896","1079632270045077505",
"1088224492520857602","Wed Jan 23 23:58:31 +0000 2019","0","Pakde @jokowi #AkuMauKamuLagi lanjutkan perjuanganmu pak ! rakyat Indonesia selalu mendukung mu","1088224492520857602","","","in","","0","0","0","https://x.com/undefined/status/1088224492520857602","1050055796170448896",
"1088224482794196992","Wed Jan 23 23:58:29 +0000 2019","0","Pak jokowi #AkuMauKamuLagi lanjutkan semunya pak","1088224482794196992","","","in","","0","0","0","https://x.com/undefined/status/1088224482794196992","1081205809713836033",
"1088224457825501185","Wed Jan 23 23:58:23 +0000 2019","0","Dijelaskan Said pada tahun 2012 lalu Prabowo sempat memesan beberapa unit mobil Esemka. Namun sampai saat ini mobil tersebut tidak kunjung datang. --- Sebelum dibohongi hoaks Ratna beliau juga kena dibohongi pembuat hoaks legend. ","1088224457825501185","","","in","","0","0","0","https://x.com/undefined/status/1088224457825501185","747132798255960064",
"1088224452570099712","Wed Jan 23 23:58:22 +0000 2019","0","Aku mau pak @jokowi 2 periode hehe #AkuMauKamuLagi","1088224452570099712","","","in","","0","0","0","https://x.com/undefined/status/1088224452570099712","1050055796170448896",
"1087734479622291456","Wed Jan 23 23:58:21 +0000 2019","5","@PriyoBudiS @RanupsProSandi @Ndon08Back @prabowo @sandiuno Inget Bung @PriyoBudiS Peran ANON Lokal itu sangat Berpengaruh besar dlm Perpolitkan Dalam Negeri Khusunya Itu Alasnya knp LBP Memelihara &amp; Memfasilitasi mereka Para Hacker SadarLah bung Ini tentang CyberWar ...!!! #02 Hrus Mempersiapkan Sblm terlambat..!!!","1088224450439303169","","PriyoBudiS","in","","0","1","0","https://x.com/undefined/status/1088224450439303169","1076098752",
"1087964271558955011","Wed Jan 23 23:58:21 +0000 2019","0","@mohmahfudmd Tgl 17 April besok tdk hanya perang suara tapi bagi kami adalah perang akidah hidup NKRI hidup jokowi","1088224448891609088","","mohmahfudmd","in","","0","0","0","https://x.com/undefined/status/1088224448891609088","1083242186638913538",
"1087941409611628545","Wed Jan 23 23:58:20 +0000 2019","2","@GenotNoto @susipudjiastuti @jokowi Selamat Ibu Susi semoga tambah sukses aamiin aamiin Yaa Rabbal Aalamiin","1088224444206657537","","GenotNoto","in","","0","0","1","https://x.com/undefined/status/1088224444206657537","1242623971",
"1088224440457015297","Wed Jan 23 23:58:19 +0000 2019","0","(Liputan 6 | Ahok Bebas Ganjar Pranowo: Semoga Gabung Jokowi-Ma'ruf Amin) https://t.co/SGpOqhRzXt #pemilu #pemilu2019","1088224440457015297","","","in","","0","0","0","https://x.com/undefined/status/1088224440457015297","968428811107819521",
"1088224423923003392","Wed Jan 23 23:58:15 +0000 2019","0","Jutaan cita2 dan impian bersama pak jokowi. #AkuMauKamuLagi https://t.co/Y9LZI2dYkf","1088224423923003392","https://pbs.twimg.com/media/DxomVfDUwAA4Gx0.jpg","","in","","0","0","0","https://x.com/undefined/status/1088224423923003392","1017972395011801091",
"1088224395586240512","Wed Jan 23 23:58:08 +0000 2019","201","Ini pa @prabowo @Gerindra salah satu bukti bagaimana pendukung bapa berjibaku dibawah... Skarang tinggal bgaimana bapa bisa hantam lawan d debat slanjutnya.. Bikin para pendukung bapa bangga.. Buktikan bapa layak diperjuangkan..","1088224395586240512","","","in","","3","7","88","https://x.com/undefined/status/1088224395586240512","945950744666030080",
"1088224383791915009","Wed Jan 23 23:58:05 +0000 2019","1","pak @prabowo mengaumlah sebagai macan asia Muhammad Ali TIDAK akan menjadi juara dunia jika dia TIDAK TEGA ke lawan2nya","1088224383791915009","","","in","","0","0","0","https://x.com/undefined/status/1088224383791915009","88725453",
"1088224361708847104","Wed Jan 23 23:58:00 +0000 2019","0","@Jokowi dari rakyat untuk rakyat #2019PilihJokowi #01IndonesiaMaju #JokowiLagi #PilihYangPastiJokowi https://t.co/f4SHFzI9BT","1088224361708847104","","jokowi","in","","0","0","0","https://x.com/undefined/status/1088224361708847104","1079632270045077505",
"1088224336551407616","Wed Jan 23 23:57:54 +0000 2019","0","Rakyat Indonesia tentunya #AkuMauKamuLagi Untuk pak @jokowi kembali menjadi presiden Indonesia ! Ayo kita bangun Indonesia bersama pak Jokowi lagi kita bisa!!","1088224336551407616","","","in","","0","0","0","https://x.com/undefined/status/1088224336551407616","1050055796170448896",
"1087923044570578949","Wed Jan 23 23:57:52 +0000 2019","0","@Andy_Budiman_ @jokowi Ooo pantes Psi lo ya pantes dungu","1088224326048874496","","Andy_Budiman_","in","","0","0","0","https://x.com/undefined/status/1088224326048874496","1023538573629218816",
"1087762462986854401","Wed Jan 23 23:57:50 +0000 2019","0","@PriyoBudiS @tawajkt @prabowo Ya bang Priyo jangan khawatir tak ada percaya apalagi yg bicara dulunya mantan pandemo.","1088224318159446016","","PriyoBudiS","in","","0","0","0","https://x.com/undefined/status/1088224318159446016","1084668621991768066",
"1087939648553447425","Wed Jan 23 23:57:49 +0000 2019","0","@arsul_sani @Dahnilanzar @jokowi https://t.co/zqDuQOGFBQ","1088224315558875137","https://pbs.twimg.com/media/DxomPx8V4AAJlds.jpg","arsul_sani","qme","","0","0","0","https://x.com/undefined/status/1088224315558875137","763655137155960832",
"1088147853279559680","Wed Jan 23 23:57:48 +0000 2019","0","@Dennysiregar7 @jokowi @prabowo semoga","1088224311922458624","","","in","","0","0","0","https://x.com/undefined/status/1088224311922458624","906417980979929088",
"1088224308260888576","Wed Jan 23 23:57:47 +0000 2019","0","Indonesia should hv this @jokowi","1088224308260888576","","","en","","0","0","2","https://x.com/undefined/status/1088224308260888576","17422270",
"1087317701901541376","Wed Jan 23 23:57:45 +0000 2019","0","@jokowi Saya pilih anda pak.... 2014 lalu.... kini ganti","1088224297494097920","","jokowi","in","","0","0","0","https://x.com/undefined/status/1088224297494097920","1088205837338796032",
"1088224292943216640","Wed Jan 23 23:57:44 +0000 2019","0","Cc pemimpin pemimpin masa depan @aniesbaswedan @sandiuno @prabowo @AgusYudhoyono","1088224292943216640","","","in","","0","0","0","https://x.com/undefined/status/1088224292943216640","169355483",
"1088224286752423936","Wed Jan 23 23:57:42 +0000 2019","0","Rakyat Indonesia tentunya #AkuMauKamuLagi Untuk pak @jokowi kembali menjadi presiden Indonesia ! Ayo kita bangun Indonesia bersama pak Jokowi lagi kita bisa!!","1088224286752423936","","","in","","0","0","0","https://x.com/undefined/status/1088224286752423936","1050027206108299265",
"1088224278879715328","Wed Jan 23 23:57:40 +0000 2019","0","Jaka sembung naik kereta.. Saya Jokowi Saja.. #AkuMauKamuLagi @AnasDarul","1088224278879715328","","","in","","0","0","0","https://x.com/undefined/status/1088224278879715328","1050413852607664130",
"1088048318008049664","Wed Jan 23 23:57:38 +0000 2019","0","@Fahrihamzah @sandiuno @jokowi @KPK_RI Karna sibuk ngurusin @jokowi JD bnyk gak selesai tu UU..","1088224270323376128","","Fahrihamzah","in","","0","0","0","https://x.com/undefined/status/1088224270323376128","624892614",
"1088224265948655616","Wed Jan 23 23:57:37 +0000 2019","0","Alhamdulillah Pemerintahan Jokowi Impor Jagung https://t.co/ot1Uf0qOFq","1088224265948655616","","","in","","0","0","0","https://x.com/undefined/status/1088224265948655616","1248637736",
"1088224264854024192","Wed Jan 23 23:57:37 +0000 2019","0","Perusahaan properti milik Bobby Nasution menantu Presiden Joko Widodo (Jokowi) ikut membangun hunian untuk program Kredit Kepemilikan Rumah (KPR) Bersubsidi yang merupakan program pemerintah.","1088224264854024192","","","in","","0","0","1","https://x.com/undefined/status/1088224264854024192","74553795",
"1088224251398615040","Wed Jan 23 23:57:34 +0000 2019","0","Yaaa memang pakde @jokowi layak 2 periode sudah jelas terbukti dari hasil kinerja nya #AkuMauKamuLagi","1088224251398615040","","","in","","0","0","0","https://x.com/undefined/status/1088224251398615040","1050027206108299265",
"1088142998871764992","Wed Jan 23 23:57:33 +0000 2019","0","@francmohede @prabowo @sandiuno sepakat. #2019PrabowoPresidenRI","1088224247724498944","","francmohede","in","","0","0","0","https://x.com/undefined/status/1088224247724498944","825109901328338952",
"1088224226979373056","Wed Jan 23 23:57:28 +0000 2019","5","Kenapa Jokowi minta @Kemenag_RI @lukmansaifuddin utk mengkaji urusan hukum? Apakah Jokowi sudah meragukan kemampuan pak Wiranto? Kok.blunder lagi sih ah? @kemenhan @Kemenkumham_RI @wiranto1947","1088224226979373056","","","in","","1","13","7","https://x.com/undefined/status/1088224226979373056","542263382",
"1088224225523949568","Wed Jan 23 23:57:28 +0000 2019","0","Garansi dr mana baru Capres saja sdh heboh yg hoakslah yg hina warga &amp; wilayah tertentulah yg hina profesi kesehatan &amp; ojek onlinelah yg boikot medialah yg PHP Ijtima' Ulama &amp; rekan koalisilah yg marah2lah yg grusa-grusulah bayangkan jika jadi Presiden pasti lbh heboh.","1088224225523949568","","","in","","0","0","0","https://x.com/undefined/status/1088224225523949568","933134903733919745",
"1088224220901851137","Wed Jan 23 23:57:27 +0000 2019","0","Kerja nya udah terbukti prestasi nya di akui dunia memang kebanggaan rakyat Indonesia kita masih membutuhkan mu pakde @jokowi #AkuMauKamuLagi","1088224220901851137","","","in","","0","0","0","https://x.com/undefined/status/1088224220901851137","1050027206108299265",
"1088024186658811905","Wed Jan 23 23:57:26 +0000 2019","0","@habibthink @evndari @muannas_alaidid @MemeTanpaHurufK @jokowi mungkin bisa bantu apain gitu ini org. Gemess..!! @DivHumas_Polri @CCICPolri semoga segera dicyduk","1088224219807154176","","habibthink","in","","0","0","0","https://x.com/undefined/status/1088224219807154176","1033510680236777473",
"1088224184734367744","Wed Jan 23 23:57:18 +0000 2019","0","Pakdeee @jokowi #AkuMauKamuLagi yaaaaa semangat terus yaa paakkkk doa ku selalu menyertai mu","1088224184734367744","","","in","","0","0","0","https://x.com/undefined/status/1088224184734367744","1050027206108299265",
"1088214612187668480","Wed Jan 23 23:57:16 +0000 2019","0","@Arekkampung5 @jokowi @kitkitkatkit @nyenyenggg @VinsaMama Aku juga mau pak @jokowi aja yang tulus&amp;kerja kerja kerja #AkuMauKamuLagi","1088224174311563264","","Arekkampung5","in","","0","1","0","https://x.com/undefined/status/1088224174311563264","84343988",
"1088073198959157248","Wed Jan 23 23:57:12 +0000 2019","2","@Gerindra @okewaee Harus serang total kalo sampai Pak Prabowo menang kan gawat. Koruptor2 diasingkan suruh nambang pasir! Koruptor mana yg ga jengah? Pasti ketar-ketir.","1088224159673475072","","Gerindra","in","","0","0","0","https://x.com/undefined/status/1088224159673475072","1030025737577803776",
"1088224153008652288","Wed Jan 23 23:57:10 +0000 2019","0","Aku ga mau berpaling aku udah yakin aku aku udah percaya banget! aku mau presidenku pakde @jokowi lagi #AkuMauKamuLagi","1088224153008652288","","","in","","0","0","0","https://x.com/undefined/status/1088224153008652288","1050027206108299265",
"1088170401539059712","Wed Jan 23 23:57:09 +0000 2019","0","@Quvvatt SBY nambah Utang untuk konsumtif via BLT Jokowi nambah Utang utk bayar Warisan Utang SBY 44% dan Bangun INFRASTRUKTUR Jadi mudah kena SPIN orang ini.","1088224146268405760","","Quvvatt","in","","1","2","0","https://x.com/undefined/status/1088224146268405760","59022354",
"1088224132330860550","Wed Jan 23 23:57:06 +0000 2019","0","Tasikmalaya - Bawaslu menemukan ribuan eksemplar tabloid politik 'Indonesia Barokah' di sejumlah masjid di Ciamis dan Tasikmalaya. Tabloid itu berisi tulisan yang diduga menyudutkan salahsatu pasangan capres.... https://t.co/fcgpUUmVmK","1088224132330860550","","","in","","0","0","0","https://x.com/undefined/status/1088224132330860550","394514583",
"1087923044570578949","Wed Jan 23 23:57:05 +0000 2019","0","@Andy_Budiman_ @jokowi Barisan para mantan nih kayaknya dungu tak bertepi","1088224131747729408","","Andy_Budiman_","in","","0","0","0","https://x.com/undefined/status/1088224131747729408","1023538573629218816",
"1088224123317153792","Wed Jan 23 23:57:03 +0000 2019","0","Dari prediksi saya sih pak @jokowi yang akan menang di pemilu ini dan pastinya #AkuMauKamuLagi","1088224123317153792","","","in","","0","0","0","https://x.com/undefined/status/1088224123317153792","1050027206108299265",
"1088145087740096512","Wed Jan 23 23:57:03 +0000 2019","0","@Odysseybulba jawaban dijawab jawaban. cebong emang goblok dan panik. gw ulang ya pertanyaannya apa prestasi jokowi? dari janji kampanye 2014 brp yg udah ditepati?","1088224122046312448","","Odysseybulba","in","","1","1","0","https://x.com/undefined/status/1088224122046312448","537130570",
"1088123124451700737","Wed Jan 23 23:57:01 +0000 2019","1","@Abdulra61765129 @susipudjiastuti @kemenluRI @DPR_RI @KomisiIX @jokowi @pemerintah Nah loe kmane aje...mo pilpres baru bkoar.....da dibayarin kan ama BPN..wkwkwkwk","1088224111887675393","","Abdulra61765129","in","","0","1","0","https://x.com/undefined/status/1088224111887675393","1043345471836585984",
"1088224110411313152","Wed Jan 23 23:57:00 +0000 2019","0","PRABOWO SANDY TERIKAT DENGAN ANTEK2 ASING ASENG. KONSULTAN KAMPANYE HITAM DARI RUSIA AMRIK YAHUNI ANTI ISLAM. MAU JADI #BUBAR2025NKRI ITU PASTI KUMAHA JENDERAL @jokosantoso__ @jsprabowo @marierteman @GeneralMoeldoko @wiranto1947 @SBYudhoyono JANGAN BIARKAN NKRI TERKOYAK https://t.co/B6IRaXE6fn","1088224110411313152","https://pbs.twimg.com/media/Dxol1ZpU0AAy26p.jpg","","in","","0","0","0","https://x.com/undefined/status/1088224110411313152","1038984968150503426",
"1088101713351864330","Wed Jan 23 23:57:00 +0000 2019","0","@fullmoonfolks saya kira capres Nur Hadi tronjal-tronjol","1088224109358505984","","fullmoonfolks","in","","0","0","0","https://x.com/undefined/status/1088224109358505984","551663430",
"1088224089129373696","Wed Jan 23 23:56:55 +0000 2019","0","Resep Pemilu tu gampang -kalo lo gamau negara terus2an ancur kaya gini jangan pilih jokowi -kalo lo ga suka prabowo mending lo golput -kalo lo ga suka dua2nya pastiin lo golput -kalo lo ga suka jokowi ajakin kerabat sahabat dan orang terdekat buat nyoblos Prabowo","1088224089129373696","","","in","","0","0","0","https://x.com/undefined/status/1088224089129373696","100383112",
"1088078563293650944","Wed Jan 23 23:56:55 +0000 2019","0","@Vife991 @SurveiPolitikRI Hnya karena Prabowo bilang rakyat skrg susah apa berarti Prabowo lg susah ? ","1088224087950876672","","Vife991","in","","0","3","0","https://x.com/undefined/status/1088224087950876672","141577242",
"1088131458269556736","Wed Jan 23 23:56:55 +0000 2019","2","@addiems Beberapa kali Aku baca tulisan ini. Ya memang begitulah Jokowi.","1088224086931562496","","addiems","in","","0","0","0","https://x.com/undefined/status/1088224086931562496","714319692697980928",
"1088224081453830144","Wed Jan 23 23:56:53 +0000 2019","0","Kenangan yg indah memang sulit dilupakan bersama pak @jokowi kita bisa membangun Indonesia! #AkuMauKamuLagi","1088224081453830144","","","in","","0","0","0","https://x.com/undefined/status/1088224081453830144","1050027206108299265",
"1088224076613615617","Wed Jan 23 23:56:52 +0000 2019","0","Dana Beli Sabun Simpang Siur KPK Harus Periksa Jokowi https://t.co/saccdm4ndA","1088224076613615617","","","in","","0","0","0","https://x.com/undefined/status/1088224076613615617","1248637736",
"1088224042539114497","Wed Jan 23 23:56:44 +0000 2019","0","Daripada pilih yg ga pasti #AkuMauKamuLagi jadi presiden ku yaaa pak @jokowi hehe love you full pakde","1088224042539114497","","","in","","0","0","0","https://x.com/undefined/status/1088224042539114497","1050027206108299265",
"1087939648553447425","Wed Jan 23 23:56:39 +0000 2019","0","@arsul_sani @Dahnilanzar @jokowi Auto bodoh ","1088224020254711808","","arsul_sani","und","","0","0","0","https://x.com/undefined/status/1088224020254711808","3238035197",
"1087939648553447425","Wed Jan 23 23:56:36 +0000 2019","0","@arsul_sani @Dahnilanzar @jokowi Wah ternyata umur tua itu tidak menjamin bisa berpikir bijak.. Ngomongin KEPASTIAN HUKUM koq mencla-mencle Pak?! dan itu sudah sering sekali terjadi di regime ini!! Kenapa kubu Anda kalau buat pernyataan sukanya nampol sendiri sih??!!","1088224006379991040","","arsul_sani","in","","0","0","0","https://x.com/undefined/status/1088224006379991040","454537457",
"1088224004274413568","Wed Jan 23 23:56:35 +0000 2019","0","Pakde @jokowi #AkuMauKamuLagi lanjutkan perjuanganmu pak ! rakyat Indonesia selalu mendukung mu","1088224004274413568","","","in","","0","0","0","https://x.com/undefined/status/1088224004274413568","1050027206108299265",
"1087673505930346502","Wed Jan 23 23:56:33 +0000 2019","0","@KosongSatuMetal @jakartapusat01 Terbukti kerja pak jokowi bukan asbun #01menangtotal #01metaljakpus","1088223995780984832","","KosongSatuMetal","in","","0","0","0","https://x.com/undefined/status/1088223995780984832","1086300561475956736",
"1087946308965535744","Wed Jan 23 23:56:33 +0000 2019","1","@yosproperty Si @RestyCayah mau pake ava asli pake ava tityd curut pake ava bokong kampet pake ava toket onta pake ava prabowo joged pake ava wan abud pake ava wan bango .... E G P!! KETAKER ORANG YANG DIBALIK AKUN FITNAHAN ITU CURUT PKS.","1088223994996711424","","caloproperty","in","","0","1","0","https://x.com/undefined/status/1088223994996711424","829953625489170432",
"1088212740592660480","Wed Jan 23 23:56:31 +0000 2019","1","@Cici_qu @SultanHsnddn @jokowi @PowerEmak @Awal_pejuang @mumu_qyu @Bhybobanang @KamAlfarysi @lin_her2 @Widyaastuti_Hai @astutibizzle Tanda untuk dua periode #AkuMauKamuLagi","1088223987254026240","","Cici_qu","in","","0","0","1","https://x.com/undefined/status/1088223987254026240","1062315792895635457",
"1088028800774955008","Wed Jan 23 23:56:31 +0000 2019","1","@Umar_Hasibuan_ @R_JagaIndonesia @KPK_RI @MRomahurmuziy Mungkin Pak Romi kesulitan cari kesalahannnya pak Prabowo bahkan diasensiri belum bisa mengatur dirinya sendiri? iya sih kayaknya benar atau tidak ku jg ga tahu..","1088223985794338817","","UmarHasibuan__","in","","0","0","0","https://x.com/undefined/status/1088223985794338817","2819409644",
"1087990155078701057","Wed Jan 23 23:56:30 +0000 2019","2","@ronavioleta I love manado Lanjut opa sate pa jokowi cuma janji dia beking yanda ada depe realisasi #PrabowoSandiSolusiNKRI","1088223984146034689","","ronavioleta","in","","0","0","0","https://x.com/undefined/status/1088223984146034689","1017334748832620546",
"1088223963715518464","Wed Jan 23 23:56:25 +0000 2019","0","Aku mau pak @jokowi 2 periode hehe #AkuMauKamuLagi","1088223963715518464","","","in","","0","0","0","https://x.com/undefined/status/1088223963715518464","1050027206108299265",
"1087983363015757830","Wed Jan 23 23:56:24 +0000 2019","1","@uncle_ahmadkhan @marierteman @jokowi Ane nyumbang suara untuk Pak Prabowo.","1088223956400664576","","uncle_ahmadkhan","in","","0","0","0","https://x.com/undefined/status/1088223956400664576","1032601088006864896",
"1088223930626727936","Wed Jan 23 23:56:17 +0000 2019","0","Aku mau pak @jokowi 2 periode hehe #AkuMauKamuLagi","1088223930626727936","","","in","","0","0","0","https://x.com/undefined/status/1088223930626727936","1049973796445159424",
"1088089970785411072","Wed Jan 23 23:56:17 +0000 2019","2","@P3nj3l4j4h @jokowi Siap memenangkan pak @jokowi membali.","1088223927640289280","","P3nj3l4j4h","in","","0","0","0","https://x.com/undefined/status/1088223927640289280","330389494",
"1087520195915075584","Wed Jan 23 23:56:16 +0000 2019","0","@jokowi Hanya yang buta aksara buta hati serta miskin iman yang tidak merestui pergerakan Indonesia untuk lebih maju.","1088223923433496576","","jokowi","in","","0","0","0","https://x.com/undefined/status/1088223923433496576","826277278464118785",
"1088223916537991168","Wed Jan 23 23:56:14 +0000 2019","0","Hadiri Musrenbangdes Bhabinkamtibmas Desa Gandang Ajak Jaga Kedamaian Pemilu 2019 https://t.co/lQNvW3tCy5","1088223916537991168","","","in","","0","0","0","https://x.com/undefined/status/1088223916537991168","3258872665",
"1088223878826971136","Wed Jan 23 23:56:05 +0000 2019","0","Rakyat Indonesia tentunya #AkuMauKamuLagi Untuk pak @jokowi kembali menjadi presiden Indonesia ! Ayo kita bangun Indonesia bersama pak Jokowi lagi kita bisa!!","1088223878826971136","","","in","","0","0","0","https://x.com/undefined/status/1088223878826971136","1049973796445159424",
"1087854166523834368","Wed Jan 23 23:55:59 +0000 2019","0","@arsul_sani @Dahnilanzar @republikaonline @jokowi Beda kelas Om kalau posko sebelah ramainya pas ada bungkus ","1088223852608585730","","arsul_sani","in","","0","0","0","https://x.com/undefined/status/1088223852608585730","1034596478952435712",
"1088223838784020480","Wed Jan 23 23:55:56 +0000 2019","0","Yaaa memang pakde @jokowi layak 2 periode sudah jelas terbukti dari hasil kinerja nya #AkuMauKamuLagi","1088223838784020480","","","in","","0","0","0","https://x.com/undefined/status/1088223838784020480","1049973796445159424",
"1088070192490561537","Wed Jan 23 23:55:55 +0000 2019","0","@nay_shihab @Irul55Irul @jokowi Tak tau diri. Bukan cm dipromosikan tp dibiayai habis2an. Gila..... Ada ya manusia seperti itu...?","1088223836728844288","","nay_shihab","in","","0","0","0","https://x.com/undefined/status/1088223836728844288","532911245",
"1088223832513568768","Wed Jan 23 23:55:54 +0000 2019","0","Animasi yg hebat seindah kerja nyatanya @jokowi #PilihYangPastiJokowi https://t.co/tg1LiGPsHH","1088223832513568768","","","in","","0","0","0","https://x.com/undefined/status/1088223832513568768","1079632270045077505",
"1088223822606725126","Wed Jan 23 23:55:52 +0000 2019","0","PWNU jatim dukung prabowo sandi klarifikasi HOAX biar menang semua halal: https://t.co/Fzonv3py1p via @YouTube","1088223822606725126","","","in","","0","0","0","https://x.com/undefined/status/1088223822606725126","949209245567803392",
"1087939648553447425","Wed Jan 23 23:55:49 +0000 2019","0","@arsul_sani @Dahnilanzar @jokowi Arsul? Maaf gak kenal dan gak pingin kenalan","1088223811231612928","","arsul_sani","in","","0","0","0","https://x.com/undefined/status/1088223811231612928","87210441",
"1088223803849695232","Wed Jan 23 23:55:47 +0000 2019","1","Jokowi yang selalu di idam2kan rakyat #AkuMauKamuLagi https://t.co/BqftOF5p1E","1088223803849695232","https://pbs.twimg.com/media/DxolwyAUwAAA1oN.jpg","","in","","0","0","1","https://x.com/undefined/status/1088223803849695232","953299173331226624",
"1088223797163900928","Wed Jan 23 23:55:46 +0000 2019","0","Kerja nya udah terbukti prestasi nya di akui dunia memang kebanggaan rakyat Indonesia kita masih membutuhkan mu pakde @jokowi #AkuMauKamuLagi","1088223797163900928","","","in","","0","0","0","https://x.com/undefined/status/1088223797163900928","1049973796445159424",
"1088223782764978176","Wed Jan 23 23:55:42 +0000 2019","0","BPN : Tabloid Indonesia Barokah sudutkan Prabowo-Sandiaga https://t.co/geoOar6TNI","1088223782764978176","","","in","","0","0","0","https://x.com/undefined/status/1088223782764978176","846715204637376513",
"1087959752460722176","Wed Jan 23 23:55:41 +0000 2019","2","@Owaala @28Tantidewiana @KompasTV @Metro_TV @TheArieAir BPN sm Prabowo sama saja","1088223777735888896","","Owaala","in","","0","0","0","https://x.com/undefined/status/1088223777735888896","2229536641",
"1088223776561483776","Wed Jan 23 23:55:41 +0000 2019","0","Beliau sangat m3mperhatikan Kaum disabilitas siap lg klw bukan pak jokowi. #AkuMauKamuLagi https://t.co/NJn14dCQeU","1088223776561483776","https://pbs.twimg.com/media/DxolvzwUwAA9IUW.jpg","","in","","0","0","0","https://x.com/undefined/status/1088223776561483776","1017972395011801091",
"1087854166523834368","Wed Jan 23 23:55:40 +0000 2019","0","@arsul_sani @Dahnilanzar @republikaonline @jokowi Anget-anget PUP ayam ya pak...lah wong cuma gertak saos doang yang penting punya posko hehehehe","1088223774317531136","","arsul_sani","in","","0","0","0","https://x.com/undefined/status/1088223774317531136","776620209532645376",
"1087707903752978433","Wed Jan 23 23:55:40 +0000 2019","1","@TeddyGusnaidi @habibthink @prabowo Saya heran knp @jokowi yg di bilang kafir","1088223773663256577","","TeddyGusnaidi","in","","0","0","0","https://x.com/undefined/status/1088223773663256577","4478693353",
"1087887858935881729","Wed Jan 23 23:55:39 +0000 2019","0","@TeddyGusnaidi @prabowo Dan semoga anakmu tidak di culik orang gila","1088223770823688192","","TeddyGusnaidi","in","","0","0","0","https://x.com/undefined/status/1088223770823688192","1013281787127029761",
"1088223764188356608","Wed Jan 23 23:55:38 +0000 2019","0","Pakdeee @jokowi #AkuMauKamuLagi yaaaaa semangat terus yaa paakkkk doa ku selalu menyertai mu","1088223764188356608","","","in","","0","0","0","https://x.com/undefined/status/1088223764188356608","1049973796445159424",
"1087673505930346502","Wed Jan 23 23:55:31 +0000 2019","0","@KosongSatuMetal @jakartapusat01 Gua yakin pasti diurusin sama pak jokowi peka sangat beliau #01MenangTotal #01metaljakpus","1088223737642504193","","KosongSatuMetal","in","","0","0","0","https://x.com/undefined/status/1088223737642504193","1086300561475956736",
"1088223734748438528","Wed Jan 23 23:55:31 +0000 2019","0","Aku ga mau berpaling aku udah yakin aku aku udah percaya banget! aku mau presidenku pakde @jokowi lagi #AkuMauKamuLagi","1088223734748438528","","","in","","0","0","0","https://x.com/undefined/status/1088223734748438528","1049973796445159424",
"1088222716614762496","Wed Jan 23 23:55:30 +0000 2019","0","@powerxbr88 @prabowo @tempodotco Pantesan pinter2 bikin hoax ya","1088223732542234624","","powerxbr88","in","","0","1","1","https://x.com/undefined/status/1088223732542234624","960773334",
"1088223731468644358","Wed Jan 23 23:55:30 +0000 2019","0"," Ngatain Prabowo Grasa-grusu Eh Dia Dikatain Grasa-grusu sama Menterinya https://t.co/YCNPllbsJt","1088223731468644358","","","in","","0","0","0","https://x.com/undefined/status/1088223731468644358","1540547372",
"1088223711365193729","Wed Jan 23 23:55:25 +0000 2019","0","Cerita Adik Prabowo soal Bantuan Uang untuk Jokowi di Pilkada DKI https://t.co/lq7K3wEL90","1088223711365193729","","","in","","0","0","0","https://x.com/undefined/status/1088223711365193729","2238854166",
"1088223699294023680","Wed Jan 23 23:55:22 +0000 2019","0","Dari prediksi saya sih pak @jokowi yang akan menang di pemilu ini dan pastinya #AkuMauKamuLagi","1088223699294023680","","","in","","0","0","0","https://x.com/undefined/status/1088223699294023680","1049973796445159424",
"1088223669078306817","Wed Jan 23 23:55:15 +0000 2019","0","Kenangan yg indah memang sulit dilupakan bersama pak @jokowi kita bisa membangun Indonesia! #AkuMauKamuLagi","1088223669078306817","","","in","","0","0","0","https://x.com/undefined/status/1088223669078306817","1049973796445159424",
"1088181123426017282","Wed Jan 23 23:55:13 +0000 2019","0","@PadahalNggak @el_badr07 @aiman4168 @_denBagus @seline43340570 @detikcom @detikoto @jokowi @saididu @RestyCayah Kayak gini? https://t.co/CQvjtCfDMh","1088223660689711105","","","in","","0","1","0","https://x.com/undefined/status/1088223660689711105","882506640410521600",
"1088223659712438272","Wed Jan 23 23:55:13 +0000 2019","2","Hormatku Jenderal @prabowo https://t.co/BloGWMrCAa","1088223659712438272","https://pbs.twimg.com/ext_tw_video_thumb/1088223389792141312/pu/img/0bLA_K6d-St_ANWO.jpg","","in","","0","0","1","https://x.com/undefined/status/1088223659712438272","579089730",
"1087868309972733952","Wed Jan 23 23:55:09 +0000 2019","3","@LusiHQ Pola pikir mutung kaya sono kalo ada apa2 yg Salah PKI ato Jokowi. Logika empuk buat dibabat kaum atheist https://t.co/asUMWB3HBu","1088223642893209601","https://pbs.twimg.com/media/DxoloFkV4AA8oEf.jpg","LusiHQ","in","","1","1","8","https://x.com/undefined/status/1088223642893209601","704263871716921344",
"1088223642201145344","Wed Jan 23 23:55:09 +0000 2019","0","Daripada pilih yg ga pasti #AkuMauKamuLagi jadi presiden ku yaaa pak @jokowi hehe love you full pakde","1088223642201145344","","","in","","0","0","0","https://x.com/undefined/status/1088223642201145344","1049973796445159424",
"1088223626296315904","Wed Jan 23 23:55:05 +0000 2019","1","Pejabat Istana Saling Lempar soal Grasi Jokowi untuk Pembunuh Wartawan https://t.co/IhVIMMUvmK","1088223626296315904","","","in","","0","1","1","https://x.com/undefined/status/1088223626296315904","316259606",
"1088223616494260229","Wed Jan 23 23:55:03 +0000 2019","0","Indonesia berbenah bersama@jokowi #PilihYangPastiJokowi https://t.co/8T1tnei3Bn","1088223616494260229","","","in","","0","0","0","https://x.com/undefined/status/1088223616494260229","1079632270045077505",
"1088223608374095872","Wed Jan 23 23:55:01 +0000 2019","0","Pakde @jokowi #AkuMauKamuLagi lanjutkan perjuanganmu pak ! rakyat Indonesia selalu mendukung mu","1088223608374095872","","","in","","0","0","0","https://x.com/undefined/status/1088223608374095872","1049973796445159424",
"1087978137089163264","Wed Jan 23 23:54:56 +0000 2019","0","@Ferdinand_Haean @jokowi Perintah Mak Nyak kaleee bg... #PrabowoSandiBawaSolusi #PrabowoSandiBawaSolusi","1088223589722030080","","Ferdinand_Haean","in","","0","0","0","https://x.com/undefined/status/1088223589722030080","4851876149",
"1088223570017189893","Wed Jan 23 23:54:51 +0000 2019","0","Pakde @jokowi #AkuMauKamuLagi lanjutkan perjuanganmu pak ! rakyat Indonesia selalu mendukung mu","1088223570017189893","","","in","","0","0","0","https://x.com/undefined/status/1088223570017189893","1049687707172012034",
"1088223531777744896","Wed Jan 23 23:54:42 +0000 2019","0","Aku mau pak @jokowi 2 periode hehe #AkuMauKamuLagi","1088223531777744896","","","in","","0","0","0","https://x.com/undefined/status/1088223531777744896","1049687707172012034",
"1088223517294788608","Wed Jan 23 23:54:39 +0000 2019","0","Jokowi pemimpin harapan kita #AkuMauKamuLagi https://t.co/2lYPpISm8H","1088223517294788608","https://pbs.twimg.com/media/Dxolf4xU0AITmWt.jpg","","in","","0","0","0","https://x.com/undefined/status/1088223517294788608","953299173331226624",
"1088221980363448320","Wed Jan 23 23:54:39 +0000 2019","4","@echaluceria @jokowi @addiems @P3nj3l4j4h @RizmaWidiono @TheArieAir @SammiSoh @habibthink @makLambeTurah @JajangRidwan19 @DjanChoek Sepertinya ini hoax juga tuhh mbak echa! Itu udah jelas keterangan dari pihak NU #01IndonesiaMaju","1088223516904718336","","echaluceria","in","","1","1","3","https://x.com/undefined/status/1088223516904718336","1066254051275231233",
"1088037200527151104","Wed Jan 23 23:54:37 +0000 2019","0","@ProfYLH @SBYudhoyono @PDemokrat @Ferdinand_Haean @jokowi Si peler kebanyakan bacooottt hancuuurrr lu..!!!","1088223509073936386","","ProfYLH","in","","0","0","0","https://x.com/undefined/status/1088223509073936386","720551311469481985",
"1088223503541653504","Wed Jan 23 23:54:36 +0000 2019","286","Hmmm sy baru hanya katakan respek pada Ahok yg sdh jalani hukumannya &amp; doakan dia jadi lbh baik kalian marah2 ke saya. Wong pak @prabowo masih bersedia terima napi korupsi jadi caleg @Gerindra kalian maklumi. Koq aneh kalian ya. Orang sdh jalani hukuman itu kita hargai dong.","1088223503541653504","","","in","","10","40","107","https://x.com/undefined/status/1088223503541653504","24893875",
"1088223484579241984","Wed Jan 23 23:54:31 +0000 2019","0","Ini apakah bukan Hoaks oleh Presiden ya? @marierteman @rockygerung @budimandjatmiko @jokowi mole","1088223484579241984","","","in","","0","0","0","https://x.com/undefined/status/1088223484579241984","3221894660",
"1087673505930346502","Wed Jan 23 23:54:24 +0000 2019","0","@KosongSatuMetal @jakartapusat01 Pak jokowi memang sangat memperhatikan warganya pilih jokowi wei! #01menangtotal #01metaljakpus","1088223456443871232","","KosongSatuMetal","in","","0","0","0","https://x.com/undefined/status/1088223456443871232","1086300561475956736",
"1088223450978607104","Wed Jan 23 23:54:23 +0000 2019","0","Rakyat Indonesia tentunya #AkuMauKamuLagi Untuk pak @jokowi kembali menjadi presiden Indonesia ! Ayo kita bangun Indonesia bersama pak Jokowi lagi kita bisa!!","1088223450978607104","","","in","","0","0","0","https://x.com/undefined/status/1088223450978607104","1049687707172012034",
"1088209744295329793","Wed Jan 23 23:54:23 +0000 2019","0","@CintaNKRI12 @aniesbaswedan @prabowo Atas keberhasilan gawe Gubernur Indonesia ternyata banyak yg tdk mengakui dan nyinyir .... selamat untuk Pak Anies","1088223449871409152","","CintaNKRI12","in","","0","0","0","https://x.com/undefined/status/1088223449871409152","855937470763999232",
"1088095300072271872","Wed Jan 23 23:54:20 +0000 2019","0","@kenyem70 @Ferdinand_Haean Hei begu jangan kau bikin hoax dengan mendubbing vidio Pak @Jokowi Nnti mewek-mewek kau kalo sudah ditangkap sama @CCICPolri Bersainglah dgn cara yg sportif!!!","1088223436529258496","","kenyem70","in","","0","0","0","https://x.com/undefined/status/1088223436529258496","746558899214417920",
"1088223429659000833","Wed Jan 23 23:54:18 +0000 2019","0","Nanti #AkuMauKamuLagi pak @jokowi jadi pemimpin bangsa","1088223429659000833","","","in","","0","0","0","https://x.com/undefined/status/1088223429659000833","941513330748882944",
"1088223417088634881","Wed Jan 23 23:54:15 +0000 2019","0","Yaaa memang pakde @jokowi layak 2 periode sudah jelas terbukti dari hasil kinerja nya #AkuMauKamuLagi","1088223417088634881","","","in","","0","0","0","https://x.com/undefined/status/1088223417088634881","1049687707172012034",
"1087734479622291456","Wed Jan 23 23:54:09 +0000 2019","0","@PriyoBudiS @Ndon08Back @prabowo @sandiuno Pak kemarin anaknya kang @Ndon08Back tebotol ultah lho ","1088223392887492608","","PriyoBudiS","in","","0","0","0","https://x.com/undefined/status/1088223392887492608","3312461652",
"1088223388420603905","Wed Jan 23 23:54:08 +0000 2019","0","Kerja nya udah terbukti prestasi nya di akui dunia memang kebanggaan rakyat Indonesia kita masih membutuhkan mu pakde @jokowi #AkuMauKamuLagi","1088223388420603905","","","in","","0","0","0","https://x.com/undefined/status/1088223388420603905","1049687707172012034",
"1088124713379844097","Wed Jan 23 23:54:04 +0000 2019","7","@republikaonline Bukan hanya cawapres...sekalian aja capres nya jg boleh tdk hadir...","1088223371437826048","","republikaonline","in","","0","2","0","https://x.com/undefined/status/1088223371437826048","907548036",
"1088223361052729344","Wed Jan 23 23:54:02 +0000 2019","0","Pakdeee @jokowi #AkuMauKamuLagi yaaaaa semangat terus yaa paakkkk doa ku selalu menyertai mu","1088223361052729344","","","in","","0","0","0","https://x.com/undefined/status/1088223361052729344","1049687707172012034",
"1088223338491633664","Wed Jan 23 23:53:56 +0000 2019","0","Selamat pagi... Nomer #1 urusan ngopi.. Urusan capres dan caleg nomer #2 saja... . . Sudah ngopi apa pagi ini? https://t.co/Q4n26RE0sP","1088223338491633664","","","in","","0","0","0","https://x.com/undefined/status/1088223338491633664","87234890",
"1088223331516526592","Wed Jan 23 23:53:55 +0000 2019","0","Aku ga mau berpaling aku udah yakin aku aku udah percaya banget! aku mau presidenku pakde @jokowi lagi #AkuMauKamuLagi","1088223331516526592","","","in","","0","0","0","https://x.com/undefined/status/1088223331516526592","1049687707172012034",
"1088223319969587200","Wed Jan 23 23:53:52 +0000 2019","0","Penertiban atribut pemilu branding stiker diangkutan umum lok sub mulyoharo tngabul pecgaan https://t.co/v1NdOvLpuS","1088223319969587200","https://pbs.twimg.com/media/DxolVBVUYAAJ_TO.jpg","","in","","0","0","0","https://x.com/undefined/status/1088223319969587200","631855112",
"1086801832188366848","Wed Jan 23 23:53:44 +0000 2019","0","@jokowi janji tinggal kanji. janji lama tak ditepati. janji baru diumbar kembali. #OrdeSabun","1088223286251552768","","jokowi","in","","0","0","0","https://x.com/undefined/status/1088223286251552768","1059994821954232321",
"1087673505930346502","Wed Jan 23 23:53:36 +0000 2019","0","@KosongSatuMetal @jakartapusat01 Kasian petani jadi kena bahan hoax mulu :( jokowi 2 periode! #01MenangTotal #01metaljakpus","1088223252458070016","","KosongSatuMetal","in","","0","0","0","https://x.com/undefined/status/1088223252458070016","1086300561475956736",
"1088223248297291776","Wed Jan 23 23:53:35 +0000 2019","0","Dari prediksi saya sih pak @jokowi yang akan menang di pemilu ini dan pastinya #AkuMauKamuLagi","1088223248297291776","","","in","","0","0","0","https://x.com/undefined/status/1088223248297291776","1049687707172012034",
"1088142998871764992","Wed Jan 23 23:53:34 +0000 2019","0","@francmohede @prabowo @sandiuno Betul Bang cuekin aja si pangeran mako itu. Ga penting juga. Eh emang siapa sih dia?? ","1088223245235511296","","francmohede","in","","0","0","0","https://x.com/undefined/status/1088223245235511296","1122227797",
"1088223237538893824","Wed Jan 23 23:53:32 +0000 2019","5","Salah lagi satu team kerja @jokowi berkaliber dunia... Tolong bedakan dengan yg hanya bisa cocot dimedsos saja... https://t.co/43PyPYIu6F","1088223237538893824","https://pbs.twimg.com/media/DxolO3mVAAATpd4.jpg","","in","","0","0","1","https://x.com/undefined/status/1088223237538893824","191333254",
"1088223217854996480","Wed Jan 23 23:53:28 +0000 2019","3","Soal bhs Inggris pak Jokowi dan pilih orang baik yg lurus sejak dari Walikota Gubernur hingga jadi Presiden RI. Jangan cari kesempurnaan u/ kau pilih jadi presiden karena tak akan pernah ada orang seperti itu. Tak kan juga ada kesempurnaan pada pasangan dan lingkunganmu.","1088223217854996480","","","in","","0","0","0","https://x.com/undefined/status/1088223217854996480","7366722",
"1088147853279559680","Wed Jan 23 23:53:27 +0000 2019","0","@Dennysiregar7 @jokowi @prabowo Ini sekelas sama ngabalin si denox... wkwkwk #NgabalinOtakBelumPentium","1088223216844267526","","","in","","0","0","0","https://x.com/undefined/status/1088223216844267526","218426063",
"1088223215569199104","Wed Jan 23 23:53:27 +0000 2019","0","Kenangan yg indah memang sulit dilupakan bersama pak @jokowi kita bisa membangun Indonesia! #AkuMauKamuLagi","1088223215569199104","","","in","","0","0","0","https://x.com/undefined/status/1088223215569199104","1049687707172012034",
"1087716650856509441","Wed Jan 23 23:53:22 +0000 2019","0","@RamliRizal @saididu @AndiArief__ @AkunTofa @Ndon08Back Modus mereka memang menggelembung kan hutang jadi menjadi beban buat siapapun yg ingin nyapres Jangan takut Prabowo Sandi .....Rakyat bersama kalian!","1088223193691635712","","RamliRizal","in","","0","0","0","https://x.com/undefined/status/1088223193691635712","448969313",
"1088223185500135424","Wed Jan 23 23:53:20 +0000 2019","0","Daripada pilih yg ga pasti #AkuMauKamuLagi jadi presiden ku yaaa pak @jokowi hehe love you full pakde","1088223185500135424","","","in","","0","0","0","https://x.com/undefined/status/1088223185500135424","1049687707172012034",
"1088223155993210880","Wed Jan 23 23:53:13 +0000 2019","3","Jelang pemilu frekuensi penambahan teman di aplikasi facebook saya tiba-tiba ramai. Bukan akun pembesar dan pemanjang tapi akun milik calon-calon legislatif. Mereka pada berburu gitu ya? Kenapa pakai facebook? You know lah.","1088223155993210880","","","in","","0","0","0","https://x.com/undefined/status/1088223155993210880","2358302065",
"1088223144958033920","Wed Jan 23 23:53:10 +0000 2019","0","Daripada pilih yg ga pasti #AkuMauKamuLagi jadi presiden ku yaaa pak @jokowi hehe love you full pakde","1088223144958033920","","","in","","0","0","0","https://x.com/undefined/status/1088223144958033920","1049314213393391618",
"1088223116407406592","Wed Jan 23 23:53:03 +0000 2019","0","Jokowi Resmi Berhentikan Gubernur Jambi Zumi Zola https://t.co/Jcefigzjtd via @po_st Alumni 212 HARUS demo-in Jokowi !!! Berani2nya berhentiin salah satu Alumni mereka..!!! #BTPpulang","1088223116407406592","","","in","","0","1","0","https://x.com/undefined/status/1088223116407406592","463006914",
"1088223108501143552","Wed Jan 23 23:53:01 +0000 2019","0","Pakde @jokowi #AkuMauKamuLagi lanjutkan perjuanganmu pak ! rakyat Indonesia selalu mendukung mu","1088223108501143552","","","in","","0","0","0","https://x.com/undefined/status/1088223108501143552","1049314213393391618",
"1087875993686044672","Wed Jan 23 23:53:00 +0000 2019","1","@DennyJA_WORLD knp gk jadi timses jokowi aja sekalian pak.. jgn hanya berteriak di balik lembaga surveimu yg eror'a sampai 300%","1088223101291134982","","DennyJA_WORLD","in","","0","0","0","https://x.com/undefined/status/1088223101291134982","400851460",
"1087670028579684352","Wed Jan 23 23:52:58 +0000 2019","0","@i299625 @CH_chotimah @Yusrilihza_Mhd @jokowi Tidak tergerus tapi membuat saya golput aja","1088223094026555393","","i299625","in","","0","0","0","https://x.com/undefined/status/1088223094026555393","806301843898802176",
"1088223081288482816","Wed Jan 23 23:52:55 +0000 2019","0","Aku mau pak @jokowi 2 periode hehe #AkuMauKamuLagi","1088223081288482816","","","in","","0","0","0","https://x.com/undefined/status/1088223081288482816","1049314213393391618",
"1088003410253598720","Wed Jan 23 23:52:48 +0000 2019","0","@rmolco Said didu dendam kusumat JK cari aman... kalau2 prabowo menang dia bisa selamat syukur2 dipakai lagi... siapa tahu?","1088223054050713600","","rmol_id","in","","0","0","0","https://x.com/undefined/status/1088223054050713600","993006108368252928",
"1088223048946221058","Wed Jan 23 23:52:47 +0000 2019","0","Dari lubuk hati #AkuMauKamuLagi dan pak Jokowi tetap jadi orang nomor satu","1088223048946221058","","","in","","0","0","0","https://x.com/undefined/status/1088223048946221058","1061521097189773314",
"1088223043283898368","Wed Jan 23 23:52:46 +0000 2019","0","Rakyat Indonesia tentunya #AkuMauKamuLagi Untuk pak @jokowi kembali menjadi presiden Indonesia ! Ayo kita bangun Indonesia bersama pak Jokowi lagi kita bisa!!","1088223043283898368","","","in","","0","0","0","https://x.com/undefined/status/1088223043283898368","1049314213393391618",
"1088223012355158016","Wed Jan 23 23:52:39 +0000 2019","0","Yaaa memang pakde @jokowi layak 2 periode sudah jelas terbukti dari hasil kinerja nya #AkuMauKamuLagi","1088223012355158016","","","in","","0","0","0","https://x.com/undefined/status/1088223012355158016","1049314213393391618",
"1088221427201757185","Wed Jan 23 23:52:35 +0000 2019","0","@johanadhi @blogdokter @BPJSKesehatanRI @KemenkesRI @jokowi Apapun itu selama internalnya masih sama akan terulang lagi dan lagi. #defisitbpjs","1088222998274797568","","johanadhi","in","","0","0","0","https://x.com/undefined/status/1088222998274797568","3317590512",
"1088222965471141888","Wed Jan 23 23:52:27 +0000 2019","0","Kerja nya udah terbukti prestasi nya di akui dunia memang kebanggaan rakyat Indonesia kita masih membutuhkan mu pakde @jokowi #AkuMauKamuLagi","1088222965471141888","","","in","","0","0","0","https://x.com/undefined/status/1088222965471141888","1049314213393391618",
"1088222953781641216","Wed Jan 23 23:52:25 +0000 2019","0","intinya aku mau @jokowi #AkuMauKamuLagi https://t.co/unH0wpYEKj","1088222953781641216","https://pbs.twimg.com/media/Dxok_mVV4AAa7YW.jpg","","in","","0","0","1","https://x.com/undefined/status/1088222953781641216","1072000887642447872",
"1088222938954747905","Wed Jan 23 23:52:21 +0000 2019","0","Jaka sembung naik becak.. Jokowi mane cak.. #akuMauKamuLagi @AnasDarul","1088222938954747905","","","in","","0","0","0","https://x.com/undefined/status/1088222938954747905","1050413852607664130",
"1088222938795372544","Wed Jan 23 23:52:21 +0000 2019","0","Pak Jokowi adalah fenomena pemimpin terbaik saat ini #AkuMauKamuLagi","1088222938795372544","","","in","","0","0","29","https://x.com/undefined/status/1088222938795372544","961492600787107840",
"1088222935637061632","Wed Jan 23 23:52:20 +0000 2019","0","Pakdeee @jokowi #AkuMauKamuLagi yaaaaa semangat terus yaa paakkkk doa ku selalu menyertai mu","1088222935637061632","","","in","","0","0","0","https://x.com/undefined/status/1088222935637061632","1049314213393391618",
"1088222908856451073","Wed Jan 23 23:52:14 +0000 2019","1","Apakah di @Gerindra ada demokra si ?seperti itulah kira - kira alasan lain saya tdk bisa memilih @prabowo ....semua kekuasaan. terpusat pd beliau...","1088222908856451073","","","in","","0","0","0","https://x.com/undefined/status/1088222908856451073","88876470",
"1088222902040780800","Wed Jan 23 23:52:12 +0000 2019","0","Aku ga mau berpaling aku udah yakin aku aku udah percaya banget! aku mau presidenku pakde @jokowi lagi #AkuMauKamuLagi","1088222902040780800","","","in","","0","0","0","https://x.com/undefined/status/1088222902040780800","1049314213393391618",
"1088222889675960320","Wed Jan 23 23:52:09 +0000 2019","0","Aneh Kedatangan Sandi di Luar Kendali Badan Pemenangan Prabowo-Sandi Jambi https://t.co/ikXjME6DIO https://t.co/v37P9ebpZ4","1088222889675960320","https://pbs.twimg.com/media/Dxok774U8AAITBo.jpg","","in","","1","0","0","https://x.com/undefined/status/1088222889675960320","202559038",
"1088222871476785152","Wed Jan 23 23:52:05 +0000 2019","0","Dari prediksi saya sih pak @jokowi yang akan menang di pemilu ini dan pastinya #AkuMauKamuLagi","1088222871476785152","","","in","","0","0","0","https://x.com/undefined/status/1088222871476785152","1049314213393391618",
"1088095300072271872","Wed Jan 23 23:52:05 +0000 2019","1","@Ferdinand_Haean @JeremiKausar Mklum nmx petugas partai.. pemilu 2014 modal kompanye mukidi dr mana yaa.....","1088222870885478400","","Ferdinand_Haean","in","","0","0","0","https://x.com/undefined/status/1088222870885478400","1070695018283683840",
"1086560215955210240","Wed Jan 23 23:52:05 +0000 2019","0","@Krinoo2 @Kitaoptimisme @HappyNe33566483 @nurasiauno @sandiuno @prabowo Kayak kalian ga pny aib aja","1088222870533107712","","Krinoo2","in","","0","0","0","https://x.com/undefined/status/1088222870533107712","938328116459552768",
"1088222864350703617","Wed Jan 23 23:52:03 +0000 2019","0","Abis baca ini gue mikir masih ada gasih orang tolol yg mau pilih jokowi lagi??","1088222864350703617","","","in","","0","0","0","https://x.com/undefined/status/1088222864350703617","100383112",
"1088222839847567360","Wed Jan 23 23:51:57 +0000 2019","0","Kenangan yg indah memang sulit dilupakan bersama pak @jokowi kita bisa membangun Indonesia! #AkuMauKamuLagi","1088222839847567360","","","in","","0","0","0","https://x.com/undefined/status/1088222839847567360","1049314213393391618",
"1087299406435475456","Wed Jan 23 23:51:54 +0000 2019","0","@sudjiwotedjo @KPU_ID Gk usah debat Nobar janji capres tahun 2014 aja.","1088222824643190784","","sudjiwotedjo","in","","0","0","0","https://x.com/undefined/status/1088222824643190784","887127198167031808",
"1088222820801294336","Wed Jan 23 23:51:53 +0000 2019","0","Sudah Jelas Pak Jokowi membangun Negeri.#PilihYangPastiJokowi #JokowiMantapBetul https://t.co/HyH2tWBDsA","1088222820801294336","","","in","","0","0","0","https://x.com/undefined/status/1088222820801294336","1079632270045077505",
"1088222806678982656","Wed Jan 23 23:51:49 +0000 2019","0","Kenangan yg indah memang sulit dilupakan bersama pak @jokowi kita bisa membangun Indonesia! #AkuMauKamuLagi","1088222806678982656","","","in","","0","0","0","https://x.com/undefined/status/1088222806678982656","1049678902090653696",
"1088150773806944257","Wed Jan 23 23:51:48 +0000 2019","0","@Dennysiregar7 @prabowo Gk jauh2 dengan salam colok dubur nya.","1088222802186911744","","","in","","0","0","0","https://x.com/undefined/status/1088222802186911744","914630441210015744",
"1088109557069443072","Wed Jan 23 23:51:43 +0000 2019","0","@ArdiR98 @Nautika85 dari janji janji kampanye jokowi dulu berapa yg udah ditepati??","1088222780842102785","","ArdiR98","in","","0","0","0","https://x.com/undefined/status/1088222780842102785","537130570",
"1088222777901903872","Wed Jan 23 23:51:43 +0000 2019","0","Daripada pilih yg ga pasti #AkuMauKamuLagi jadi presiden ku yaaa pak @jokowi hehe love you full pakde","1088222777901903872","","","in","","0","0","0","https://x.com/undefined/status/1088222777901903872","1049678902090653696",
"1088049627184545793","Wed Jan 23 23:51:38 +0000 2019","7","@ferrykoto @budimandjatmiko @jokowi @SBYudhoyono @alvinlie21 Bpjs bagus..kel ku smw klw ke rmh sakit pake bpjs ga bayar ko...","1088222760302571520","","ferrykoto","in","","0","0","0","https://x.com/undefined/status/1088222760302571520","1274446830",
"1088222740375433216","Wed Jan 23 23:51:34 +0000 2019","0","Pakde @jokowi #AkuMauKamuLagi lanjutkan perjuanganmu pak ! rakyat Indonesia selalu mendukung mu","1088222740375433216","","","in","","0","0","0","https://x.com/undefined/status/1088222740375433216","1049678902090653696",
"1088222737145856001","Wed Jan 23 23:51:33 +0000 2019","0","Basis massa PKS dan PAN terbelah ke kubu Jokowi-Ma'ruf. Sekitar 21-26 persen memilih nomor urut 01 '' kata Peneliti Senior Indikator Politik Indonesia Rizka Halida saat memaparkan hasil surveinya di Kantor Indikator Politik Indonesia Jakarta Rabu (23/1).","1088222737145856001","","","in","","1","0","1","https://x.com/undefined/status/1088222737145856001","74553795",
"1088028800774955008","Wed Jan 23 23:51:32 +0000 2019","0","@JokoSis74440383 @UdinJambul81 @Umar_Hasibuan_ @nilamerah1 @KPK_RI @MRomahurmuziy @jokowi https://t.co/wR1PrwgUVG","1088222733891039234","https://pbs.twimg.com/media/DxokztdU8AAedz_.jpg","JokoSis74440383","qme","","0","0","0","https://x.com/undefined/status/1088222733891039234","1122227797",
"1088222732305616896","Wed Jan 23 23:51:32 +0000 2019","0","Kalau mau melihat bangsa ini maju jangan salah pilih makanya. No urut 1 ingat ya!!! Pak @Jokowi &amp; Ma'aruf amin #AkuMauKamuLagi @OnesSinus","1088222732305616896","","","in","","0","0","0","https://x.com/undefined/status/1088222732305616896","1067756985993453568",
"1088083647561752576","Wed Jan 23 23:51:29 +0000 2019","0","@batokapua @sheknowshoney @ernestprakasa Klo pemerintah bertindak yg ada habislah minoritas. Itu yg kalian mau?? Batu vs Batu = kerikil Mk nya Jokowi malah melawan dgn merangkul agar mrk gak kepancing. Silakan paksa pemerintah utk melawan intoleran itu hak anda sbg warga negara. Tujuan mrk tercapai ","1088222720158969857","","Rhiner97","in","","0","1","0","https://x.com/undefined/status/1088222720158969857","724201609874403328",
"1088222716614762496","Wed Jan 23 23:51:28 +0000 2019","1","Pendukung @prabowo kata @tempodotco berpendidikan TINGGI tapi ternyata paling BANYAK tebar HOAX.","1088222716614762496","","","in","","0","1","0","https://x.com/undefined/status/1088222716614762496","59022354",
"1088035330328977408","Wed Jan 23 23:51:28 +0000 2019","0","@Suandyii @DadangLH @prabowo @sandiuno #PrabowoSandiBawaSolusi","1088222714941169664","","Suandyii","qme","","0","0","0","https://x.com/undefined/status/1088222714941169664","898896707634606080",
"1088222712017825792","Wed Jan 23 23:51:27 +0000 2019","0","Memimpin keluarga berhasil memimpin daerah besar berhasil memimpin negara Indonesia juga berhasil. Jadi gak usah pilih yang lain deh. Pak @Jokowi tetap di hati #AkuMauKamuLagi @OnesSinus","1088222712017825792","","","in","","0","0","0","https://x.com/undefined/status/1088222712017825792","1067756985993453568",
"1088222711409565696","Wed Jan 23 23:51:27 +0000 2019","2","Deklarasi Pemilu Damai 2019 SMKN 6 Majene Desa Mekkatta Kec. Malunda https://t.co/C3MWISphrE","1088222711409565696","https://pbs.twimg.com/ext_tw_video_thumb/1088222600923238400/pu/img/YJ5-m-WKNn-BqYY9.jpg","","in","","0","0","0","https://x.com/undefined/status/1088222711409565696","845094332856119296",
"1088222708138074112","Wed Jan 23 23:51:26 +0000 2019","0","Aku mau pak @jokowi 2 periode hehe #AkuMauKamuLagi","1088222708138074112","","","in","","0","0","0","https://x.com/undefined/status/1088222708138074112","1049678902090653696",
"1088064868043747328","Wed Jan 23 23:51:25 +0000 2019","0","@raja_adiel @JajangRidwan19 @CH_chotimah Napa hutang ORBA dan SBY yg sampai saat ini jadi beban Jokowi tidak diperlihatkan. Bodoh kok dipelihara ","1088222704203816960","","raja_adiel","in","","0","1","0","https://x.com/undefined/status/1088222704203816960","74107911",
"1088222686847758336","Wed Jan 23 23:51:21 +0000 2019","0","Beliau orang yang sederhana tak muluk-muluk untuk 1 tujuan yaitu mensukseskan negri ini. Jadi tetap ya pilihan kita semua pak @Jokowi #AkuMauKamuLagi @OnesSinus","1088222686847758336","","","in","","0","0","0","https://x.com/undefined/status/1088222686847758336","1067756985993453568",
"1080813591182229504","Wed Jan 23 23:51:21 +0000 2019","2","@KHMarufAmin_ @jokowi @KPU_ID @PDI_Perjuangan @NasDem @fadjroeL @Deddy_Mizwar_ @DPP_PKB @kangdede78 @MRomahurmuziy @cakimiNOW @addiems Pilihan kali ini hitam dan putih Warna putih warna kesukaan Nabi Muhammad SAW. Putih adalah simbol kesucian perjuangan. Maka wajar warna putih salah satu Dar dwi warna bendera negeriku #JokowiAmin #01IndonesiaMaju #JokowiLagi #Pilpres2019 #MenujuIndonesiaMaju","1088222685929209857","","KHMarufAmin_","in","","0","0","0","https://x.com/undefined/status/1088222685929209857","915424863203946497",
"1088089970785411072","Wed Jan 23 23:51:21 +0000 2019","2","@P3nj3l4j4h @jokowi tinggal bagaimana membangun sistem yang baiknya... jayalah jokowi","1088222685203619842","","P3nj3l4j4h","in","","0","0","0","https://x.com/undefined/status/1088222685203619842","1057863575853662208",
"1088222671421067264","Wed Jan 23 23:51:17 +0000 2019","0","Rakyat Indonesia tentunya #AkuMauKamuLagi Untuk pak @jokowi kembali menjadi presiden Indonesia ! Ayo kita bangun Indonesia bersama pak Jokowi lagi kita bisa!!","1088222671421067264","","","in","","0","0","0","https://x.com/undefined/status/1088222671421067264","1049678902090653696",
"1088222663409954816","Wed Jan 23 23:51:15 +0000 2019","0","Hanya Orang Gila Yang Katakan Jokowi Anti Islam #JokowiOrangBaik #jokowimantapbetul #PilihYangPastiJokowi #JokowiSatukanIndonesia https://t.co/f3An4UWYjv","1088222663409954816","","","in","","0","0","0","https://x.com/undefined/status/1088222663409954816","1079632270045077505",
"1088222663359623168","Wed Jan 23 23:51:15 +0000 2019","0","Pilih yang udah ketauan bibitw bebet bobotnya untuk memimpin bangsa ini. Kaya pak @Jokowi yang udah jelas bukti kerja kerasnya. Sooo #AkuMauKamuLagi @OnesSinus","1088222663359623168","","","in","","0","0","0","https://x.com/undefined/status/1088222663359623168","1067756985993453568",
"1088222661665206272","Wed Jan 23 23:51:15 +0000 2019","0","Biarkan video ini berbicara siapa sesungguhnya Orang Baik @jokowi...","1088222661665206272","","","in","","0","0","0","https://x.com/undefined/status/1088222661665206272","4508452999",
"1088222660650135553","Wed Jan 23 23:51:15 +0000 2019","0","Cara cebong menggiring opini rakyat agar tidak ikut memilih (golput) lalu surat suara mrk yg golput digunakan untuk melakukan kecurangan TSM yg sudah mereka siapkan @marierteman @rockygerung @prabowo @sandiuno","1088222660650135553","","","in","","0","0","0","https://x.com/undefined/status/1088222660650135553","3221894660",
"1088222642937593856","Wed Jan 23 23:51:10 +0000 2019","0","Yaaa memang pakde @jokowi layak 2 periode sudah jelas terbukti dari hasil kinerja nya #AkuMauKamuLagi","1088222642937593856","","","in","","0","0","0","https://x.com/undefined/status/1088222642937593856","1049678902090653696",
"1088035330328977408","Wed Jan 23 23:51:09 +0000 2019","0","@Suandyii @DadangLH @prabowo @sandiuno #PolitikAkalSehat","1088222636461576193","","Suandyii","qme","","0","0","0","https://x.com/undefined/status/1088222636461576193","898896707634606080",
"1088222634905526273","Wed Jan 23 23:51:09 +0000 2019","0","Kinerja pak @Jokowi gak usah diragukan lagi lah ya semua nyata dikerjakan. Jadi kalau aku sih tetep #AkuMauKamuLagi @OnesSinus","1088222634905526273","","","in","","0","0","0","https://x.com/undefined/status/1088222634905526273","1067756985993453568",
"1088222613606809602","Wed Jan 23 23:51:03 +0000 2019","0","Kerja nya udah terbukti prestasi nya di akui dunia memang kebanggaan rakyat Indonesia kita masih membutuhkan mu pakde @jokowi #AkuMauKamuLagi","1088222613606809602","","","in","","0","0","0","https://x.com/undefined/status/1088222613606809602","1049678902090653696",
"1088222607630000129","Wed Jan 23 23:51:02 +0000 2019","0","Kalau #AkuMauKamuLagi kalau yang lain pasti juga kan mau pak @Jokowi lagi??? @OnesSinus","1088222607630000129","","","in","","0","0","0","https://x.com/undefined/status/1088222607630000129","1067756985993453568",
"1087778658368901120","Wed Jan 23 23:50:58 +0000 2019","0","@LusiHQ @DPP_BMI @heningkosong @AntonChristiano @Aryprasetyo85 @evndari @PDI_Perjuangan @enylove2 @tjahjo_kumolo @budimandjatmiko @kemkominfo @joxzin_jogja @rudiantara_id @jokowi Karena BMI adalah sayap PDIP sementara ada orang PDIP yg di tuduh PKI apakah BMI bersedia melaporkan kasus tersebut? Kalau orang terdekatnya saja tdk melaporkan masa harus saya.","1088222589674090496","","LusiHQ","in","","0","1","0","https://x.com/undefined/status/1088222589674090496","1537226546",
"1088222582212485120","Wed Jan 23 23:50:56 +0000 2019","0","#AkuMauKamuLagi aku mau Pak @Jokowi memeruskan harapannya untuk memajukan bangsa ini. Semangat ya pak @OnesSinus","1088222582212485120","","","in","","0","0","0","https://x.com/undefined/status/1088222582212485120","1067756985993453568",
"1088222553036840960","Wed Jan 23 23:50:49 +0000 2019","0","Pak @Jokowi aja setia sama rakyatnya masa kita rakyatnya gak setia sama beliau?! #AkuMauKamuLagi @OnesSinus","1088222553036840960","","","in","","0","0","0","https://x.com/undefined/status/1088222553036840960","1067756985993453568",
"1088222550407012352","Wed Jan 23 23:50:48 +0000 2019","0","Pakdeee @jokowi #AkuMauKamuLagi yaaaaa semangat terus yaa paakkkk doa ku selalu menyertai mu","1088222550407012352","","","in","","0","0","0","https://x.com/undefined/status/1088222550407012352","1049678902090653696",
"1088222529196576768","Wed Jan 23 23:50:43 +0000 2019","0","Kerja bersama jokowi ","1088222529196576768","","","in","","0","0","0","https://x.com/undefined/status/1088222529196576768","1344454435",
"1088222523139878913","Wed Jan 23 23:50:42 +0000 2019","0","Disaat yang lain memiliki yg gak pasti pilihan aku tetap yang pasti² aja. Yaitu pak @Jokowi #AkuMauKamuLagi @OnesSinus","1088222523139878913","","","in","","0","0","0","https://x.com/undefined/status/1088222523139878913","1067756985993453568",
"1088222516236083200","Wed Jan 23 23:50:40 +0000 2019","0","Aku ga mau berpaling aku udah yakin aku aku udah percaya banget! aku mau presidenku pakde @jokowi lagi #AkuMauKamuLagi","1088222516236083200","","","in","","0","0","0","https://x.com/undefined/status/1088222516236083200","1049678902090653696",
"1088222492953501698","Wed Jan 23 23:50:35 +0000 2019","0","Pokoknya 2019 aku gak mau ganti presiden pokoknyaaaa Pak @Jokowi #AkuMauKamuLagi @OnesSinus","1088222492953501698","","","in","","0","0","0","https://x.com/undefined/status/1088222492953501698","1067756985993453568",
"1088222479330336768","Wed Jan 23 23:50:31 +0000 2019","0","Dari prediksi saya sih pak @jokowi yang akan menang di pemilu ini dan pastinya #AkuMauKamuLagi","1088222479330336768","","","in","","0","0","0","https://x.com/undefined/status/1088222479330336768","1049678902090653696",
"1088150773806944257","Wed Jan 23 23:50:30 +0000 2019","1","@Dennysiregar7 @prabowo Dan selalu akun palsu Bang Den.. Semua penuh kepalsuan dari yang dipuja dan pemujanya.. penyuka hoax.","1088222472036528128","","","in","","0","0","0","https://x.com/undefined/status/1088222472036528128","229316686",
"1088222468106416128","Wed Jan 23 23:50:29 +0000 2019","0","Capres dan cawapres nomor urut 2 Prabowo Subianto-Sandiaga Uno memberi perhatian serius pada utang pemerintah. Mereka punya 'jurus' untuk kurangi utang. masya Allah..... dikira semua orang kaya kali ya https://t.co/4OrJGL3Yx7","1088222468106416128","","","in","","0","0","0","https://x.com/undefined/status/1088222468106416128","43282128",
"1088222457696202752","Wed Jan 23 23:50:26 +0000 2019","0","Pokoknya 2019 aku gak mau ganti presiden pokoknyaaaa Pak @Jokowi #AkuMauKamuLagi @OnesSinus","1088222457696202752","","","in","","0","0","0","https://x.com/undefined/status/1088222457696202752","1065247857517592576",
"1088222448607055873","Wed Jan 23 23:50:24 +0000 2019","0","Dari prediksi saya sih pak @jokowi yang akan menang di pemilu ini dan pastinya #AkuMauKamuLagi","1088222448607055873","","","in","","0","0","0","https://x.com/undefined/status/1088222448607055873","1049668917377916929",
"1088222436296773633","Wed Jan 23 23:50:21 +0000 2019","0","Disaat yang lain memiliki yg gak pasti pilihan aku tetap yang pasti² aja. Yaitu pak @Jokowi #AkuMauKamuLagi @OnesSinus","1088222436296773633","","","in","","0","0","0","https://x.com/undefined/status/1088222436296773633","1065247857517592576",
"1088222409503768576","Wed Jan 23 23:50:15 +0000 2019","1","JOKOWI ORANG BAIK https://t.co/6Jg3U5T7rr via @YouTube","1088222409503768576","","","in","","0","0","0","https://x.com/undefined/status/1088222409503768576","762272580686393344",
"1088222408580915202","Wed Jan 23 23:50:15 +0000 2019","0","Pak @Jokowi aja setia sama rakyatnya masa kita rakyatnya gak setia sama beliau?! #AkuMauKamuLagi @OnesSinus","1088222408580915202","","","in","","0","0","0","https://x.com/undefined/status/1088222408580915202","1065247857517592576",
"1088222399365959680","Wed Jan 23 23:50:12 +0000 2019","0","Kenangan yg indah memang sulit dilupakan bersama pak @jokowi kita bisa membangun Indonesia! #AkuMauKamuLagi","1088222399365959680","","","in","","0","0","0","https://x.com/undefined/status/1088222399365959680","1049668917377916929",
"1088222381204598784","Wed Jan 23 23:50:08 +0000 2019","0","#AkuMauKamuLagi aku mau Pak @Jokowi memeruskan harapannya untuk memajukan bangsa ini. Semangat ya pak @OnesSinus","1088222381204598784","","","in","","0","0","0","https://x.com/undefined/status/1088222381204598784","1065247857517592576",
"1088221192215908352","Wed Jan 23 23:50:06 +0000 2019","1","@AmranApt @P3nj3l4j4h @jokowi Siap pa","1088222374741168128","","AmranApt","in","","0","0","1","https://x.com/undefined/status/1088222374741168128","1082125719730176001",
"1088222364486098944","Wed Jan 23 23:50:04 +0000 2019","0","Daripada pilih yg ga pasti #AkuMauKamuLagi jadi presiden ku yaaa pak @jokowi hehe love you full pakde","1088222364486098944","","","in","","0","0","0","https://x.com/undefined/status/1088222364486098944","1049668917377916929",
"1088222358588993536","Wed Jan 23 23:50:03 +0000 2019","0","Kalau #AkuMauKamuLagi kalau yang lain pasti juga kan mau pak @Jokowi lagi??? @OnesSinus","1088222358588993536","","","in","","0","0","0","https://x.com/undefined/status/1088222358588993536","1065247857517592576",
"1088222334853427200","Wed Jan 23 23:49:57 +0000 2019","0","Pakde @jokowi #AkuMauKamuLagi lanjutkan perjuanganmu pak ! rakyat Indonesia selalu mendukung mu","1088222334853427200","","","in","","0","0","0","https://x.com/undefined/status/1088222334853427200","1049668917377916929",
"1088222331376300032","Wed Jan 23 23:49:56 +0000 2019","0","Kinerja pak @Jokowi gak usah diragukan lagi lah ya semua nyata dikerjakan. Jadi kalau aku sih tetep #AkuMauKamuLagi @OnesSinus","1088222331376300032","","","in","","0","0","0","https://x.com/undefined/status/1088222331376300032","1065247857517592576",
"1087854166523834368","Wed Jan 23 23:49:55 +0000 2019","0","@arsul_sani @Dahnilanzar @republikaonline @jokowi Mungkin pendukung jokowi yg lalu lalang itu penesarang kok bisa bisanya pendukung prabowo banyak di solo","1088222324766081024","","arsul_sani","in","","0","0","0","https://x.com/undefined/status/1088222324766081024","1130488453",
"1088222318910992387","Wed Jan 23 23:49:53 +0000 2019","0","Debat Sengit Ngabalin di TV Sampai Fadli Zon Putar Rekaman Suara Jokowi https://t.co/yJ5vB6JWDB","1088222318910992387","","","in","","0","0","0","https://x.com/undefined/status/1088222318910992387","846715204637376513",
"1088222313814712320","Wed Jan 23 23:49:52 +0000 2019","0","Aku mau pak @jokowi 2 periode hehe #AkuMauKamuLagi","1088222313814712320","","","in","","0","0","0","https://x.com/undefined/status/1088222313814712320","1049668917377916929",
"1088222306055286784","Wed Jan 23 23:49:50 +0000 2019","0","Pilih yang udah ketauan bibitw bebet bobotnya untuk memimpin bangsa ini. Kaya pak @Jokowi yang udah jelas bukti kerja kerasnya. Sooo #AkuMauKamuLagi @OnesSinus","1088222306055286784","","","in","","0","0","0","https://x.com/undefined/status/1088222306055286784","1065247857517592576",
"1088003609206214657","Wed Jan 23 23:49:46 +0000 2019","0","@nongandah @jokowi #SelamatTinggalJKW salam AkaL sehat ️️️️️🇮🇩🇮🇩🇮🇩🇮🇩🇮🇩","1088222290477703168","","nongandah","in","","0","0","0","https://x.com/undefined/status/1088222290477703168","1036470667145662464",
"1088222279685689344","Wed Jan 23 23:49:44 +0000 2019","0","Beliau orang yang sederhana tak muluk-muluk untuk 1 tujuan yaitu mensukseskan negri ini. Jadi tetap ya pilihan kita semua pak @Jokowi #AkuMauKamuLagi @OnesSinus","1088222279685689344","","","in","","0","0","0","https://x.com/undefined/status/1088222279685689344","1065247857517592576",
"1088222272203026433","Wed Jan 23 23:49:42 +0000 2019","0","Rakyat Indonesia tentunya #AkuMauKamuLagi Untuk pak @jokowi kembali menjadi presiden Indonesia ! Ayo kita bangun Indonesia bersama pak Jokowi lagi kita bisa!!","1088222272203026433","","","in","","0","0","0","https://x.com/undefined/status/1088222272203026433","1049668917377916929",
"1088222258072453121","Wed Jan 23 23:49:39 +0000 2019","0","Memimpin keluarga berhasil memimpin daerah besar berhasil memimpin negara Indonesia juga berhasil. Jadi gak usah pilih yang lain deh. Pak @Jokowi tetap di hati #AkuMauKamuLagi @OnesSinus","1088222258072453121","","","in","","0","0","0","https://x.com/undefined/status/1088222258072453121","1065247857517592576",
"1088112548107317253","Wed Jan 23 23:49:37 +0000 2019","2","@amir_atazena @muhtauf09 @prabowo @jokowi @sandiuno @Partai_Santri @RoemahSandi @SofieBorneo62 Rupanya nasib anda sama dgn saya di 2014 jiakakakakak . Insya Allah 2019 coblos @prabowo @sandiuno utk menang. . #2019PrabowoSandiMenang","1088222250455560192","","mirsa_risa","in","","0","1","0","https://x.com/undefined/status/1088222250455560192","1016739136189825024",
"1087939648553447425","Wed Jan 23 23:49:36 +0000 2019","0","@arsul_sani @Dahnilanzar @jokowi kalo kakanda Dahnil mo mikir sebetulnya jawabannya bisa disamakam dengan ketika 02 mengganti visi-misinya: 'Setelah menangkap aspirasi masyarakat.' Tapi apaa untuk urusan gini dia mo mikir? Mikirrrrr...!!","1088222245770616832","","arsul_sani","in","","0","0","0","https://x.com/undefined/status/1088222245770616832","137896040",
"1088222240833921024","Wed Jan 23 23:49:35 +0000 2019","0","Yaaa memang pakde @jokowi layak 2 periode sudah jelas terbukti dari hasil kinerja nya #AkuMauKamuLagi","1088222240833921024","","","in","","0","0","0","https://x.com/undefined/status/1088222240833921024","1049668917377916929",
"1088222240326463489","Wed Jan 23 23:49:34 +0000 2019","0","Repnas Jelajah Nusantara... Nantikan selalu ceritanya di IG: repnasaofficial dan FB: Repnas Untuk Jokowi Ma'ruf #RepnasJokowiMaruf #repnasbergerak #repnas #JokowiMaruf2109 https://t.co/EsYnKvDSqO","1088222240326463489","","","in","","0","0","0","https://x.com/undefined/status/1088222240326463489","59446275",
"1087520195915075584","Wed Jan 23 23:49:34 +0000 2019","0","@Seprialdi18 @jokowi ya iyalah kaga siapa jg yg perlu photo km??? Jokowi kan Presiden mo kmana pun jg di pasti di photo.","1088222238908641280","","Seprialdi18","in","","0","1","0","https://x.com/undefined/status/1088222238908641280","2471555738",
"1088222236379512833","Wed Jan 23 23:49:34 +0000 2019","0","Kalau mau melihat bangsa ini maju jangan salah pilih makanya. No urut 1 ingat ya!!! Pak @Jokowi &amp; Ma'aruf amin #AkuMauKamuLagi @OnesSinus","1088222236379512833","","","in","","0","0","0","https://x.com/undefined/status/1088222236379512833","1065247857517592576",
"1088028800774955008","Wed Jan 23 23:49:33 +0000 2019","8","@JokoSis74440383 @UdinJambul81 @Umar_Hasibuan_ @nilamerah1 @KPK_RI @MRomahurmuziy @jokowi Nol prestasi?? Sebelum km bisa pakai celana sendiri Prabowo sdh berprestasi dn berkorban bnyk utk negara ini. Lha junjunganmu apa prestasinya? Menipu rakyat? Produsen hoax? Bangun jln tol hasil hutang jor2an? Junjunganmu yg minus prestasi bkn nol lg. #PrabowoSandiBawaSolusi https://t.co/jFoHrQvU5s","1088222233816756224","https://pbs.twimg.com/media/DxokWKwUwAIuNE-.jpg","JokoSis74440383","in","","0","0","1","https://x.com/undefined/status/1088222233816756224","1122227797",
"1088222210483838976","Wed Jan 23 23:49:27 +0000 2019","0","Kerja nya udah terbukti prestasi nya di akui dunia memang kebanggaan rakyat Indonesia kita masih membutuhkan mu pakde @jokowi #AkuMauKamuLagi","1088222210483838976","","","in","","0","0","0","https://x.com/undefined/status/1088222210483838976","1049668917377916929",
"1087673505930346502","Wed Jan 23 23:49:27 +0000 2019","0","@KosongSatuMetal @jakartapusat01 Yhahahahahahaha kalian warga indo harusnya udah bisa liat dari kejadian seperti ini udah pilih jokowi aja #01metaljakpus #01MenangTotal","1088222209489817600","","KosongSatuMetal","in","","0","0","0","https://x.com/undefined/status/1088222209489817600","1086300561475956736",
"1088222201931677696","Wed Jan 23 23:49:25 +0000 2019","0","Kalau mau melihat bangsa ini maju jangan salah pilih makanya. No urut 1 ingat ya!!! Pak @Jokowi &amp; Ma'aruf amin #AkuMauKamuLagi @OnesSinus","1088222201931677696","","","in","","0","0","0","https://x.com/undefined/status/1088222201931677696","1062118314485248000",
"1088145087740096512","Wed Jan 23 23:49:24 +0000 2019","0","@Odysseybulba apa ya prestasi jokowi? ada gak sih? kok lu gabisa jawab? gimana sih?","1088222195958988800","","Odysseybulba","in","","0","1","0","https://x.com/undefined/status/1088222195958988800","537130570",
"1088222163490897920","Wed Jan 23 23:49:16 +0000 2019","0","Memimpin keluarga berhasil memimpin daerah besar berhasil memimpin negara Indonesia juga berhasil. Jadi gak usah pilih yang lain deh. Pak @Jokowi tetap di hati #AkuMauKamuLagi @OnesSinus","1088222163490897920","","","in","","0","0","0","https://x.com/undefined/status/1088222163490897920","1062118314485248000",
"1087776482418556928","Wed Jan 23 23:49:10 +0000 2019","0","@DemasGavriel @JKFC23456789 @RizmaWidiono @TheArieAir @jokowi Hahahhahaa ada sakit hati..... faktany uno bgituuuuuuu ","1088222139331751937","","DemasGavriel","in","","0","0","0","https://x.com/undefined/status/1088222139331751937","949801697035010048",
"1088222133048627201","Wed Jan 23 23:49:09 +0000 2019","0","Trusla membangun negeri tunjukkan prestasimu @jokowi #PilihYangPastiJokowi https://t.co/qy2XEAJrWN","1088222133048627201","","","in","","0","0","1","https://x.com/undefined/status/1088222133048627201","1079649068186398721",
"1088222128376180736","Wed Jan 23 23:49:08 +0000 2019","0","Beliau orang yang sederhana tak muluk-muluk untuk 1 tujuan yaitu mensukseskan negri ini. Jadi tetap ya pilihan kita semua pak @Jokowi #AkuMauKamuLagi @OnesSinus","1088222128376180736","","","in","","0","0","0","https://x.com/undefined/status/1088222128376180736","1062118314485248000",
"1088222124844625921","Wed Jan 23 23:49:07 +0000 2019","0","Pakdeee @jokowi #AkuMauKamuLagi yaaaaa semangat terus yaa paakkkk doa ku selalu menyertai mu","1088222124844625921","","","in","","0","0","0","https://x.com/undefined/status/1088222124844625921","1049668917377916929",
"1088222107442458625","Wed Jan 23 23:49:03 +0000 2019","0","Pilih yang udah ketauan bibitw bebet bobotnya untuk memimpin bangsa ini. Kaya pak @Jokowi yang udah jelas bukti kerja kerasnya. Sooo #AkuMauKamuLagi @OnesSinus","1088222107442458625","","","in","","0","0","0","https://x.com/undefined/status/1088222107442458625","1062118314485248000",
"1088222082909913088","Wed Jan 23 23:48:57 +0000 2019","0","Kinerja pak @Jokowi gak usah diragukan lagi lah ya semua nyata dikerjakan. Jadi kalau aku sih tetep #AkuMauKamuLagi @OnesSinus","1088222082909913088","","","in","","0","0","0","https://x.com/undefined/status/1088222082909913088","1062118314485248000",
"1087939648553447425","Wed Jan 23 23:48:55 +0000 2019","0","@Arlensaad @arsul_sani @Dahnilanzar @jokowi Sudah baca tweet pak @mohmahfudmd ..?","1088222073833410560","","arsad110","in","","0","0","0","https://x.com/undefined/status/1088222073833410560","260224873",
"1088222055458168832","Wed Jan 23 23:48:50 +0000 2019","0","Kalau #AkuMauKamuLagi kalau yang lain pasti juga kan mau pak @Jokowi lagi??? @OnesSinus","1088222055458168832","","","in","","0","0","0","https://x.com/undefined/status/1088222055458168832","1062118314485248000",
"1088222047329632257","Wed Jan 23 23:48:48 +0000 2019","0","Aku ga mau berpaling aku udah yakin aku aku udah percaya banget! aku mau presidenku pakde @jokowi lagi #AkuMauKamuLagi","1088222047329632257","","","in","","0","0","0","https://x.com/undefined/status/1088222047329632257","1049668917377916929",
"1088222033979142145","Wed Jan 23 23:48:45 +0000 2019","0","#AkuMauKamuLagi aku mau Pak @Jokowi memeruskan harapannya untuk memajukan bangsa ini. Semangat ya pak @OnesSinus","1088222033979142145","","","in","","0","0","0","https://x.com/undefined/status/1088222033979142145","1062118314485248000",
"1088222022713262080","Wed Jan 23 23:48:43 +0000 2019","0","Warga Tampaksiring mendukung Pemilu damai dan menolak hoak https://t.co/4czqufisGv","1088222022713262080","https://pbs.twimg.com/ext_tw_video_thumb/1088221362840166400/pu/img/1irWsw-J44mTaqNo.jpg","","in","","0","0","0","https://x.com/undefined/status/1088222022713262080","1038398479767298049",
"1088093629506191360","Wed Jan 23 23:48:40 +0000 2019","0","@bang_dw @prabowo @Fahrihamzah @anismatta @marierteman Sy demen abang yg dulu kritis plus ngetwit 2013..ulang boleh dong hehehe. Tapi ttp keren..","1088222013045452800","","RealKetuaProDEM","in","","0","0","0","https://x.com/undefined/status/1088222013045452800","108837700",
"1088222007836139520","Wed Jan 23 23:48:39 +0000 2019","0","Aku ga mau berpaling aku udah yakin aku aku udah percaya banget! aku mau presidenku pakde @jokowi lagi #AkuMauKamuLagi","1088222007836139520","","","in","","0","0","0","https://x.com/undefined/status/1088222007836139520","1053647993050558466",
"1088221996138151937","Wed Jan 23 23:48:36 +0000 2019","0","Pak @Jokowi aja setia sama rakyatnya masa kita rakyatnya gak setia sama beliau?! #AkuMauKamuLagi @OnesSinus","1088221996138151937","","","in","","0","0","0","https://x.com/undefined/status/1088221996138151937","1062118314485248000",
"1087949994076893184","Wed Jan 23 23:48:36 +0000 2019","0","@RizmaWidiono Mbak daripada nge-tweet keburukan oposan tapi malah seolah-olah bantuin kampanye ..... Mending nge-tweet kebaikan JOKOWI yuuuk ...","1088221995303501824","","RizmaWidiono","in","","0","0","0","https://x.com/undefined/status/1088221995303501824","1037518330863599616",
"1088221980363448320","Wed Jan 23 23:48:32 +0000 2019","174","Ini fakta ini 100% berita benar cuma #SandiwaraUno #PraboHoax Cuma pak @jokowi yang #JelasIslamnya @addiems @P3nj3l4j4h @RizmaWidiono @TheArieAir @SammiSoh @habibthink @makLambeTurah @JajangRidwan19 @DjanChoek https://t.co/FO2RAyPw0e","1088221980363448320","https://pbs.twimg.com/ext_tw_video_thumb/1088221548090089473/pu/img/qGba8DHlVMyAoxuJ.jpg","","in","","9","41","96","https://x.com/undefined/status/1088221980363448320","57328078",
"1088221971643478016","Wed Jan 23 23:48:30 +0000 2019","0","Disaat yang lain memiliki yg gak pasti pilihan aku tetap yang pasti² aja. Yaitu pak @Jokowi #AkuMauKamuLagi @OnesSinus","1088221971643478016","","","in","","0","0","0","https://x.com/undefined/status/1088221971643478016","1062118314485248000",
"1088221969890258945","Wed Jan 23 23:48:30 +0000 2019","0","selamat pagi sobat net kita jelang pemilu 2019 yang aman damai dan sejuk #kapolri #divisihumaspolri #polisi_sumsel #pemiludamai2019 #PemiluAmanDamaiSejuk https://t.co/jpzzLJI9jR","1088221969890258945","https://pbs.twimg.com/media/DxokGzNUwAEFXYp.jpg","","in","","0","0","0","https://x.com/undefined/status/1088221969890258945","1077961678333960192",
"1088221964085354496","Wed Jan 23 23:48:29 +0000 2019","0","Dari prediksi saya sih pak @jokowi yang akan menang di pemilu ini dan pastinya #AkuMauKamuLagi","1088221964085354496","","","in","","0","0","0","https://x.com/undefined/status/1088221964085354496","1053647993050558466",
"1088221949128454144","Wed Jan 23 23:48:25 +0000 2019","0","Pokoknya 2019 aku gak mau ganti presiden pokoknyaaaa Pak @Jokowi #AkuMauKamuLagi @OnesSinus","1088221949128454144","","","in","","0","0","0","https://x.com/undefined/status/1088221949128454144","1062118314485248000",
"1088221926676357120","Wed Jan 23 23:48:20 +0000 2019","0","Kenangan yg indah memang sulit dilupakan bersama pak @jokowi kita bisa membangun Indonesia! #AkuMauKamuLagi","1088221926676357120","","","in","","0","0","0","https://x.com/undefined/status/1088221926676357120","1053647993050558466",
"1088221900096958464","Wed Jan 23 23:48:13 +0000 2019","2","JOKOWI ORANG BAIK https://t.co/6Jg3U6aIiZ via @YouTube","1088221900096958464","","","in","","0","0","0","https://x.com/undefined/status/1088221900096958464","762272580686393344",
"1088221895437078528","Wed Jan 23 23:48:12 +0000 2019","0","Pokoknya 2019 aku gak mau ganti presiden pokoknyaaaa Pak @Jokowi #AkuMauKamuLagi @OnesSinus","1088221895437078528","","","in","","0","0","0","https://x.com/undefined/status/1088221895437078528","1055455632357093376",
"1088221889519005697","Wed Jan 23 23:48:11 +0000 2019","22","Weizzz.... Cakepp.. Habis JkW... Terbitlah Prabowo .. #PrabowoIndonesiaMenang #PrabowoSandiSolusiNKRI #SelamatTinggalJKW #DustamuAbadi https://t.co/dj2YSmPhEt","1088221889519005697","https://pbs.twimg.com/ext_tw_video_thumb/1088221794480214016/pu/img/l2ejJrlzzu06y0tV.jpg","","in","","0","1","6","https://x.com/undefined/status/1088221889519005697","1075384977112494080",
"1088181123426017282","Wed Jan 23 23:48:10 +0000 2019","4","@aiman4168 @_denBagus @seline43340570 @detikcom @detikoto @jokowi @saididu @RestyCayah Eh tololl yang dibahas itu MOBIL ESEMKA. Emang ESEMKA ada? Mana? Di mana pabriknya? Huhahuha","1088221885144289281","","aiman4168","in","","0","2","0","https://x.com/undefined/status/1088221885144289281","984847661550321664",
"1088072939721740288","Wed Jan 23 23:48:10 +0000 2019","0","@korantempo Cara cebong menggiring opini rakyat agar gk milih lalu surat suara mereka yg golput digunakan oleh mereka melakukan kecurangan mereka #NgurusNegarakokAmatiran @jokowi mole @rockygerung @marierteman @Gerindra @prabowo @sandiuno","1088221884565635077","","Tempo_Plus","in","","0","1","0","https://x.com/undefined/status/1088221884565635077","3221894660",
"1088221881751109632","Wed Jan 23 23:48:09 +0000 2019","1","#NUJatimTolakHoax Viral Video PWNU Jatim Dukung Prabowo Ini Sikap Tegas Ansor - https://t.co/VUyMFCBxKt https://t.co/vqcEU3O8Op","1088221881751109632","","","in","","0","0","1","https://x.com/undefined/status/1088221881751109632","992915869377310720",
"1088221872691372034","Wed Jan 23 23:48:07 +0000 2019","0","Daripada pilih yg ga pasti #AkuMauKamuLagi jadi presiden ku yaaa pak @jokowi hehe love you full pakde","1088221872691372034","","","in","","0","0","0","https://x.com/undefined/status/1088221872691372034","1053647993050558466",
"1088221870216732672","Wed Jan 23 23:48:06 +0000 2019","0","Disaat yang lain memiliki yg gak pasti pilihan aku tetap yang pasti² aja. Yaitu pak @Jokowi #AkuMauKamuLagi @OnesSinus","1088221870216732672","","","in","","0","0","0","https://x.com/undefined/status/1088221870216732672","1055455632357093376",
"1088221846816735232","Wed Jan 23 23:48:01 +0000 2019","0","Pak @Jokowi aja setia sama rakyatnya masa kita rakyatnya gak setia sama beliau?! #AkuMauKamuLagi @OnesSinus","1088221846816735232","","","in","","0","0","0","https://x.com/undefined/status/1088221846816735232","1055455632357093376",
"1088221844719554561","Wed Jan 23 23:48:00 +0000 2019","0","Pakde @jokowi #AkuMauKamuLagi lanjutkan perjuanganmu pak ! rakyat Indonesia selalu mendukung mu","1088221844719554561","","","in","","0","0","0","https://x.com/undefined/status/1088221844719554561","1053647993050558466",
"1088221819910316032","Wed Jan 23 23:47:54 +0000 2019","0","#AkuMauKamuLagi aku mau Pak @Jokowi memeruskan harapannya untuk memajukan bangsa ini. Semangat ya pak @OnesSinus","1088221819910316032","","","in","","0","0","0","https://x.com/undefined/status/1088221819910316032","1055455632357093376",
"1088221818836606976","Wed Jan 23 23:47:54 +0000 2019","0","Aku mau pak @jokowi 2 periode hehe #AkuMauKamuLagi","1088221818836606976","","","in","","0","0","0","https://x.com/undefined/status/1088221818836606976","1053647993050558466",
"1087923044570578949","Wed Jan 23 23:47:53 +0000 2019","0","@Andy_Budiman_ @jokowi Mungkin penglihatan anda yg sudah berantakan","1088221816210972672","","Andy_Budiman_","in","","0","0","0","https://x.com/undefined/status/1088221816210972672","56601919",
"1088221813044318208","Wed Jan 23 23:47:53 +0000 2019","0","Sudah Jelas Pak Jokowi membangun Negeri.#PilihYangPastiJokowi #JokowiMantapBetul https://t.co/FWZ0hgEaVV","1088221813044318208","","","in","","0","0","1","https://x.com/undefined/status/1088221813044318208","1079649068186398721",
"1088221796606763009","Wed Jan 23 23:47:49 +0000 2019","0","Kalau #AkuMauKamuLagi kalau yang lain pasti juga kan mau pak @Jokowi lagi??? @OnesSinus","1088221796606763009","","","in","","0","0","0","https://x.com/undefined/status/1088221796606763009","1055455632357093376",
"1088221782086021120","Wed Jan 23 23:47:45 +0000 2019","0","Setahu saya yang kedua ini hanya (debat) capres saja. Namun bisa saja (cawapres) diundang nanti ujar Ilham kepada wartawan di Kantor DKPP Thamrin Jakarta Pusat Rabu (23/1).","1088221782086021120","","","in","","0","0","0","https://x.com/undefined/status/1088221782086021120","74553795",
"1088221777912688641","Wed Jan 23 23:47:44 +0000 2019","0","Rakyat Indonesia tentunya #AkuMauKamuLagi Untuk pak @jokowi kembali menjadi presiden Indonesia ! Ayo kita bangun Indonesia bersama pak Jokowi lagi kita bisa!!","1088221777912688641","","","in","","0","0","0","https://x.com/undefined/status/1088221777912688641","1053647993050558466",
"1088221775949787136","Wed Jan 23 23:47:44 +0000 2019","0","Kinerja pak @Jokowi gak usah diragukan lagi lah ya semua nyata dikerjakan. Jadi kalau aku sih tetep #AkuMauKamuLagi @OnesSinus","1088221775949787136","","","in","","0","0","0","https://x.com/undefined/status/1088221775949787136","1055455632357093376",
"1088221773374484480","Wed Jan 23 23:47:43 +0000 2019","0","Begitu rindu nya rakyat kepada sosok pak jokowi #AkuMauKamuLagi https://t.co/0QgdhCouTs","1088221773374484480","https://pbs.twimg.com/media/Dxoj7JHVAAEH_zV.jpg","","in","","0","0","0","https://x.com/undefined/status/1088221773374484480","956707697440604160",
"1087776482418556928","Wed Jan 23 23:47:42 +0000 2019","0","@JKFC23456789 @RizmaWidiono @TheArieAir Hahahhaamu sakit hati ya kalo ngomongin si uno emang kenyataannya gitu.kalo mau ganti ya ganti aja presiden prabowo mu ","1088221770602049536","","JKFC23456789","in","","0","0","0","https://x.com/undefined/status/1088221770602049536","949801697035010048",
"1087939648553447425","Wed Jan 23 23:47:41 +0000 2019","0","@arsul_sani @Dahnilanzar @jokowi Jleeeeb.... Ilmu itu tidak berguna lagi jika hatinya hitam karena iri dengki... Karena hati yg demikian tidak bisa berkata waras","1088221766256713728","","arsul_sani","in","","0","0","0","https://x.com/undefined/status/1088221766256713728","260224873",
"1087673505930346502","Wed Jan 23 23:47:41 +0000 2019","0","@KosongSatuMetal @jakartapusat01 Jokowi selalu dihati mau curi hatiku kamu gabakal bisa oi tetangga :p #01metaljakpus #01menangtotal","1088221763798880256","","KosongSatuMetal","in","","0","0","0","https://x.com/undefined/status/1088221763798880256","1086300561475956736",
"1088208445377900544","Wed Jan 23 23:47:40 +0000 2019","3","@habiburokhman @LisaAmartaTara Satu lagi oleh oleh hasil revolusi menta; pendukung @jokowi","1088221762121166849","","habiburokhman","in","","0","1","0","https://x.com/undefined/status/1088221762121166849","942610234643644417",
"1088221751773782016","Wed Jan 23 23:47:38 +0000 2019","0","Yaaa memang pakde @jokowi layak 2 periode sudah jelas terbukti dari hasil kinerja nya #AkuMauKamuLagi","1088221751773782016","","","in","","0","0","0","https://x.com/undefined/status/1088221751773782016","1053647993050558466",
"1088221750448418816","Wed Jan 23 23:47:38 +0000 2019","0","Pilih yang udah ketauan bibitw bebet bobotnya untuk memimpin bangsa ini. Kaya pak @Jokowi yang udah jelas bukti kerja kerasnya. Sooo #AkuMauKamuLagi @OnesSinus","1088221750448418816","","","in","","0","0","0","https://x.com/undefined/status/1088221750448418816","1055455632357093376",
"1088221728684142593","Wed Jan 23 23:47:32 +0000 2019","0","Beliau orang yang sederhana tak muluk-muluk untuk 1 tujuan yaitu mensukseskan negri ini. Jadi tetap ya pilihan kita semua pak @Jokowi #AkuMauKamuLagi @OnesSinus","1088221728684142593","","","in","","0","0","0","https://x.com/undefined/status/1088221728684142593","1055455632357093376",
"1088200059030650882","Wed Jan 23 23:47:32 +0000 2019","0","@Neva89769209 @dimasmu07006526 100persen keislaman jokowi Baru presiden jokowi ada hari santri #AhokBebas #jokowiyess #JokowiUdahKasihBukti","1088221728482897920","","Neva89769209","in","","0","0","0","https://x.com/undefined/status/1088221728482897920","1066254051275231233",
"1088221719565725696","Wed Jan 23 23:47:30 +0000 2019","0","Kerja nya udah terbukti prestasi nya di akui dunia memang kebanggaan rakyat Indonesia kita masih membutuhkan mu pakde @jokowi #AkuMauKamuLagi","1088221719565725696","","","in","","0","0","0","https://x.com/undefined/status/1088221719565725696","1053647993050558466",
"1088221710136991745","Wed Jan 23 23:47:28 +0000 2019","0","@jokowi #17AprilCobolsNomor01 #PilihYangPastiJokowi #JokowiSatukanIndonesia #JokowiOrangBaik #JokowiUdahKasihBukti #01IndonesiaMaju #01JokowiLagi #JokowiMembangunDesa #RidwanKamilMenangkanJokowi #JokowiHarapanPasti https://t.co/nFgKwGXFYr","1088221710136991745","","jokowi","qme","","0","0","1","https://x.com/undefined/status/1088221710136991745","1079649068186398721",
"1088221704424382464","Wed Jan 23 23:47:27 +0000 2019","0","Memimpin keluarga berhasil memimpin daerah besar berhasil memimpin negara Indonesia juga berhasil. Jadi gak usah pilih yang lain deh. Pak @Jokowi tetap di hati #AkuMauKamuLagi @OnesSinus","1088221704424382464","","","in","","0","0","0","https://x.com/undefined/status/1088221704424382464","1055455632357093376",
"1088221693787529216","Wed Jan 23 23:47:24 +0000 2019","0","Pakdeee @jokowi #AkuMauKamuLagi yaaaaa semangat terus yaa paakkkk doa ku selalu menyertai mu","1088221693787529216","","","in","","0","0","0","https://x.com/undefined/status/1088221693787529216","1053647993050558466",
"1087957987791171584","Wed Jan 23 23:47:23 +0000 2019","0","@MasBro02549916 @Ferdinand_Haean @jokowi https://t.co/Va0diPtIiH","1088221689932967936","https://pbs.twimg.com/media/Dxoj2qbUcAAZfgI.jpg","rajahuta86","qme","","0","0","0","https://x.com/undefined/status/1088221689932967936","217086556",
"1088221536740204544","Wed Jan 23 23:46:47 +0000 2019","0","Kalau #AkuMauKamuLagi kalau yang lain pasti juga kan mau pak @Jokowi lagi??? @OnesSinus","1088221536740204544","","","in","","0","0","0","https://x.com/undefined/status/1088221536740204544","1055453493530509312",
"1088221526619377665","Wed Jan 23 23:46:44 +0000 2019","0","Daripada pilih yg ga pasti #AkuMauKamuLagi jadi presiden ku yaaa pak @jokowi hehe love you full pakde","1088221526619377665","","","in","","0","0","0","https://x.com/undefined/status/1088221526619377665","1050245884330397696",
"1088221522500579328","Wed Jan 23 23:46:43 +0000 2019","0","Dear @KPU_ID Bisakah menyisipkan materi bagaimana mengatasi kangen sebagai bahan debat capres mendatang ? Trims. #AkuMauKamuLagi #LDR","1088221522500579328","","","in","","0","1","0","https://x.com/undefined/status/1088221522500579328","242590101",
"1088217625375592448","Wed Jan 23 23:46:43 +0000 2019","1","@yunsitroh2014 @prabowo @sandiuno @Gerindra @Dr_IBHRS @aagym @roemahdjoeang @RoemahSandi @MacanPADl @florielicious @TPranawisanty @NoBody_0602 @_argentalya @Ndon08Back @budihidayat20 @dadang_adp @_arifisme_ https://t.co/IGy49ZBvIZ","1088221522009804800","https://pbs.twimg.com/media/Dxojr72UcAAIylr.jpg","yunsitroh2014","qme","","0","0","0","https://x.com/undefined/status/1088221522009804800","1027394711932137474",
"1088164969324179458","Wed Jan 23 23:46:43 +0000 2019","0","@Mentimoen Hargai korban Bali walau kami minoritas pak Ahok aja nggak minta remisi mana perasaan bpk @jokowi &amp; @Yusrilihza_Mhd ...utk pata korban bom Bali...??","1088221521477160960","","Mentimoen","in","","0","0","0","https://x.com/undefined/status/1088221521477160960","2163894440",
"1087939648553447425","Wed Jan 23 23:46:42 +0000 2019","0","@arsul_sani @Dahnilanzar @jokowi Maaf ya pak. Mestinya sbgai seorang Presiden sbelum ngomong mesti memprtimbngkan semua aspek. jgn selalu tarik ulur. Ini omongan seorang presiden lho. Kesannya jd tdk profesional apalagi yg membantah menteri nya. Ini ngurus negara bkn perusahaan kecil.","1088221517098315776","","arsul_sani","in","","0","0","0","https://x.com/undefined/status/1088221517098315776","176257541",
"1088221509498241025","Wed Jan 23 23:46:40 +0000 2019","0","Kinerja pak @Jokowi gak usah diragukan lagi lah ya semua nyata dikerjakan. Jadi kalau aku sih tetep #AkuMauKamuLagi @OnesSinus","1088221509498241025","","","in","","0","0","0","https://x.com/undefined/status/1088221509498241025","1055453493530509312",
"1088220254302494720","Wed Jan 23 23:46:40 +0000 2019","0","@Dandhy_Laksono Tahun 2014 adik ipar sy pendukung salah satu capres..tp pas pilpres dia gak nyoblos..begitu jg pas pilwalkot pilgub gak pernah nyoblos..menurutku itu golput sejati yg gak pernah mengumumkan bahwa dia seorang golputers ","1088221506780327936","","Dandhy_Laksono","in","","1","1","0","https://x.com/undefined/status/1088221506780327936","212153908",
"1088083425808928774","Wed Jan 23 23:46:39 +0000 2019","0","@republikaonline Basis pemilih Jokowi Amin.. berbondong bondong berpindah mendukung Prabowo sandi ini selalu terlihat dari ribuan orang yg hadir dan mengawal kemana saja pasangan no urut 02 hadir di seluruh Indonesia","1088221505408839680","","republikaonline","in","","0","0","0","https://x.com/undefined/status/1088221505408839680","1428120085",
"1087920002798366721","Wed Jan 23 23:46:39 +0000 2019","0","@Dahnilanzar @arsul_sani Jadi apa yg mau dipegang dari omongan TKN @prabowo ? Mau percaya RatnaSPaet di pukuli dianiaya? Anda ini contoh Intelek bergaya telek.","1088221504280514560","","Dahnilanzar","in","","0","0","0","https://x.com/undefined/status/1088221504280514560","1007678847586742272",
"1087363447854006273","Wed Jan 23 23:46:38 +0000 2019","0","@JHON_COBRA08 @biem_tr @m_t_hidayat @pemimpinBODOH @panliness @samurai_tenro @decky_joise @sarju2170 @masyanos @Fahrihamzah @jokowi @tgbID Bila ank umur 7 thun mnta dibelikan motor untuk dikendarai sndri lntas bpknya tidak mw menuruti keinginan anaknya itu bukan brarti bpk lbih baik mncintai uangnya drpd anaknya. Sampai dsini anda hrus cerdas mnyikapi permasalahan.. jgn sesuka hti mnyimpulkn.","1088221500354654208","","Parhuta_hutaa","in","","0","0","0","https://x.com/undefined/status/1088221500354654208","1085706833929560070",
"1088221499406745600","Wed Jan 23 23:46:38 +0000 2019","0","Selamat Hari Kamis Buat Kamu yang termanis Senyum Bpk Presiden @jokowi yang selalu membawa kebahagian buat rakyatnya #AkuMauKamuLagi https://t.co/wRBJd73RjE","1088221499406745600","https://pbs.twimg.com/media/DxojrWxUwAEDWMA.jpg","","in","","0","0","0","https://x.com/undefined/status/1088221499406745600","1052538656299212800",
"1088221487784325121","Wed Jan 23 23:46:35 +0000 2019","0","#AkuMauKamuLagi aku mau Pak @Jokowi memeruskan harapannya untuk memajukan bangsa ini. Semangat ya pak @OnesSinus","1088221487784325121","","","in","","0","0","0","https://x.com/undefined/status/1088221487784325121","1055453493530509312",
"1088221480083550208","Wed Jan 23 23:46:33 +0000 2019","0","Pakde @jokowi #AkuMauKamuLagi lanjutkan perjuanganmu pak ! rakyat Indonesia selalu mendukung mu","1088221480083550208","","","in","","0","0","0","https://x.com/undefined/status/1088221480083550208","1050245884330397696",
"1088221465508368384","Wed Jan 23 23:46:30 +0000 2019","0","Dua Sahabat.. Dua Anak Bangsa. Mereka berdua berantas koruptor @jokowi @basuki_btp #PilihYangPastiJokowi #AhokBebas #2019JokowiKyaiMaruf https://t.co/YXgwN7Qra2","1088221465508368384","","","in","","0","0","0","https://x.com/undefined/status/1088221465508368384","1079649068186398721",
"1088221463562280960","Wed Jan 23 23:46:29 +0000 2019","0","Pak @Jokowi aja setia sama rakyatnya masa kita rakyatnya gak setia sama beliau?! #AkuMauKamuLagi @OnesSinus","1088221463562280960","","","in","","0","0","0","https://x.com/undefined/status/1088221463562280960","1055453493530509312",
"1088221460831891457","Wed Jan 23 23:46:29 +0000 2019","0","Jokowi wajib di dukung #TeJo #TetapJokowi #Jokowi2Periode","1088221460831891457","","","in","","0","0","0","https://x.com/undefined/status/1088221460831891457","1025278791730380805",
"1087965013975932928","Wed Jan 23 23:46:28 +0000 2019","0","@ADSastrawidjaja @kangdede78 @TolakBigotRI @fahraniee @Kartikaribet @ridlwandjogja @NCI4RI @RelawanBersama daripada jokowi. Presiden rasa babu. disetir kiri kanan","1088221458956861440","","ADSastrawidjaja","in","","0","0","0","https://x.com/undefined/status/1088221458956861440","833750748341022720",
"1088042482032504832","Wed Jan 23 23:46:27 +0000 2019","1","@Ferdinand_Haean @psi_id @jokowi Sudahlah ga usah berharap banyak itu ga mungkin terjadi. Jelas kok dimana @psi_id memposisikan diri. Pada akhirnya Rakyat tau yg di lakukan PSI selama ini hanya sensasi dan tidak punya komitmen yg jelas.","1088221454330617856","","Ferdinand_Haean","in","","0","0","0","https://x.com/undefined/status/1088221454330617856","541140673",
"1088221452992532480","Wed Jan 23 23:46:27 +0000 2019","1","Mau ku kamu jadi presidenku lagi pakdhe jokowi yg lain no wayy! #AkuMauKamuLagi","1088221452992532480","","","in","","0","0","0","https://x.com/undefined/status/1088221452992532480","1063058967453032449",
"1088221450111074304","Wed Jan 23 23:46:26 +0000 2019","0","Aku mau pak @jokowi 2 periode hehe #AkuMauKamuLagi","1088221450111074304","","","in","","0","0","0","https://x.com/undefined/status/1088221450111074304","1050245884330397696",
"1088037200527151104","Wed Jan 23 23:46:24 +0000 2019","1","@ProfYLH @SBYudhoyono @PDemokrat @Ferdinand_Haean @jokowi Kalau Cebong..pasti akan menjadi Katak..beginilah @Ferdinand_Haean Mantan Cebong yg besarnya jadi Kampret..otaknya sdh kotor terkontaminasi Kampret2 gerombolan pencemooh..hajar trs @ProfYLH ..krn fakta ijasahnya siluman pasti dia ga berani melaporkan @ProfYLH","1088221441802231810","","ProfYLH","in","","0","0","0","https://x.com/undefined/status/1088221441802231810","1047721475061440512",
"1088221440887803904","Wed Jan 23 23:46:24 +0000 2019","0","Jgn hanya pak jokowi dong krna kita semua memang sepatutnya menghormati para kiai dan ulama. #AkuMauKamuLagi","1088221440887803904","","","in","","0","0","0","https://x.com/undefined/status/1088221440887803904","963090027143032833",
"1088221440061534216","Wed Jan 23 23:46:24 +0000 2019","0","Disaat yang lain memiliki yg gak pasti pilihan aku tetap yang pasti² aja. Yaitu pak @Jokowi #AkuMauKamuLagi @OnesSinus","1088221440061534216","","","in","","0","0","0","https://x.com/undefined/status/1088221440061534216","1055453493530509312",
"1088142998871764992","Wed Jan 23 23:46:22 +0000 2019","1","@akhmadd82 @francmohede @prabowo @sandiuno heran ada aja perempuan sesat cinta sama manusia satu itu apa gak jijik pas di kamar ntar hiiyyy","1088221434776711168","","ariarjiwinata02","in","","0","0","0","https://x.com/undefined/status/1088221434776711168","131354731",
"1088221427201757185","Wed Jan 23 23:46:21 +0000 2019","18","Apa itu Urun Biaya JKN? @blogdokter @BPJSKesehatanRI @KemenkesRI @jokowi https://t.co/RV8nAO9mSv","1088221427201757185","https://pbs.twimg.com/media/Dxojma2V4AAaVyE.jpg","","in","","0","2","23","https://x.com/undefined/status/1088221427201757185","272722956",
"1088221414933520386","Wed Jan 23 23:46:18 +0000 2019","0","Pokoknya 2019 aku gak mau ganti presiden pokoknyaaaa Pak @Jokowi #AkuMauKamuLagi @OnesSinus","1088221414933520386","","","in","","0","0","0","https://x.com/undefined/status/1088221414933520386","1055453493530509312",
"1088221413981339648","Wed Jan 23 23:46:17 +0000 2019","0","Rakyat Indonesia tentunya #AkuMauKamuLagi Untuk pak @jokowi kembali menjadi presiden Indonesia ! Ayo kita bangun Indonesia bersama pak Jokowi lagi kita bisa!!","1088221413981339648","","","in","","0","0","0","https://x.com/undefined/status/1088221413981339648","1050245884330397696",
"1087939648553447425","Wed Jan 23 23:46:12 +0000 2019","1","@arsul_sani @Dahnilanzar @jokowi Jgn di PHP donk...beresin dulu dalemnya br diumumkan...cb bgmn kl di posisi Ybs dan keluarga? Udh dpt berita baik terus di tarik kmbali...Sering bgt y trjd tnp koordinasi..Satu yg ngomong gini satu lg beda lagi..Apa nm nya kl bkn tdk terkoordinasi? #NgurusNegaraKokAmatiran","1088221390426189824","","arsul_sani","in","","0","0","0","https://x.com/undefined/status/1088221390426189824","45772167",
"1087691858241679360","Wed Jan 23 23:46:11 +0000 2019","0","@marsiagian @cnbcindonesia @jokowi urgensinya mbangun tol itu apa sih? #seriusnanya","1088221387427274752","","marsiagian","in","","0","1","0","https://x.com/undefined/status/1088221387427274752","1965227282",
"1088221381618065409","Wed Jan 23 23:46:10 +0000 2019","0","Yaaa memang pakde @jokowi layak 2 periode sudah jelas terbukti dari hasil kinerja nya #AkuMauKamuLagi","1088221381618065409","","","in","","0","0","0","https://x.com/undefined/status/1088221381618065409","1050245884330397696",
"1088221363356090369","Wed Jan 23 23:46:05 +0000 2019","0","Pokoknya 2019 aku gak mau ganti presiden pokoknyaaaa Pak @Jokowi #AkuMauKamuLagi @OnesSinus","1088221363356090369","","","in","","0","0","0","https://x.com/undefined/status/1088221363356090369","1055452047980425217",
"1088221342745292801","Wed Jan 23 23:46:00 +0000 2019","0","Disaat yang lain memiliki yg gak pasti pilihan aku tetap yang pasti² aja. Yaitu pak @Jokowi #AkuMauKamuLagi @OnesSinus","1088221342745292801","","","in","","0","0","0","https://x.com/undefined/status/1088221342745292801","1055452047980425217",
"1088221341478600704","Wed Jan 23 23:46:00 +0000 2019","0","Kerja nya udah terbukti prestasi nya di akui dunia memang kebanggaan rakyat Indonesia kita masih membutuhkan mu pakde @jokowi #AkuMauKamuLagi","1088221341478600704","","","in","","0","0","0","https://x.com/undefined/status/1088221341478600704","1050245884330397696",
"1088219022972182528","Wed Jan 23 23:45:59 +0000 2019","0","@fadhli_ilyas @jokowi @EkoSandjojo @anwsanusi @taufikmadjid71 @HasanZulfahmi @mukhlisbireuen @tmyusuf3 Desa atau gampong maju mandiri Indonesia Sejahtera Lanjutkan #JokowiMembangunDesa #pencegahstunting","1088221337477238785","","fadhli_ilyas","in","","0","0","0","https://x.com/undefined/status/1088221337477238785","915424863203946497",
"1087673505930346502","Wed Jan 23 23:45:56 +0000 2019","0","@KosongSatuMetal @jakartapusat01 Jokowi harus menang! #01metaljakpus #01menangtotal","1088221323191410692","","KosongSatuMetal","in","","0","0","0","https://x.com/undefined/status/1088221323191410692","1086300561475956736",
"1088221322285539328","Wed Jan 23 23:45:56 +0000 2019","0","Pak @Jokowi aja setia sama rakyatnya masa kita rakyatnya gak setia sama beliau?! #AkuMauKamuLagi @OnesSinus","1088221322285539328","","","in","","0","0","0","https://x.com/undefined/status/1088221322285539328","1055452047980425217",
"1087717326378672129","Wed Jan 23 23:45:51 +0000 2019","0","@putrabanten80 @fadlizon Prabowo pasti keok.","1088221304665206784","","Oku__records","in","","0","0","0","https://x.com/undefined/status/1088221304665206784","496853679",
"1087939648553447425","Wed Jan 23 23:45:51 +0000 2019","0","@boediwee @browamena @arsul_sani @Dahnilanzar @jokowi Stop import...HOAX Stop hutang...HOAX","1088221303734099969","","boedi_wie","in","","0","0","0","https://x.com/undefined/status/1088221303734099969","1079542129951531008",
"1088221296817668096","Wed Jan 23 23:45:49 +0000 2019","0","#AkuMauKamuLagi aku mau Pak @Jokowi memeruskan harapannya untuk memajukan bangsa ini. Semangat ya pak @OnesSinus","1088221296817668096","","","in","","0","0","0","https://x.com/undefined/status/1088221296817668096","1055452047980425217",
"1087925555683422208","Wed Jan 23 23:45:49 +0000 2019","0","@ZemaInsurgent @riska_meliaaG @ASapardan @RizmaWidiono @TheArieAir @Aryprasetyo85 @permadiaktivis @P3nj3l4j4h @JajangRidwan19 @projopusat @yusuf_dumdum YouTube bro Jokowi Orang Baik","1088221296507334656","","ZemaInsurgent","in","","0","1","0","https://x.com/undefined/status/1088221296507334656","762272580686393344",
"1087957987791171584","Wed Jan 23 23:45:49 +0000 2019","0","@simbolonmarudu1 @Ferdinand_Haean @jokowi Kardus durian..","1088221293990752256","","simbolonmarudu1","lt","","0","0","0","https://x.com/undefined/status/1088221293990752256","217086556",
"1087950942174171137","Wed Jan 23 23:45:49 +0000 2019","0","@Ferdinand_Haean @jokowi Setuju sy bg.. prestasi yg blm prnh ada d rezim sblm2nya.","1088221293382578176","","Ferdinand_Haean","in","","0","0","0","https://x.com/undefined/status/1088221293382578176","934594041576013824",
"1088221273153359872","Wed Jan 23 23:45:44 +0000 2019","0","Kalau #AkuMauKamuLagi kalau yang lain pasti juga kan mau pak @Jokowi lagi??? @OnesSinus","1088221273153359872","","","in","","0","0","0","https://x.com/undefined/status/1088221273153359872","1055452047980425217",
"1088221266106970112","Wed Jan 23 23:45:42 +0000 2019","0","Ya emang debat kedua untuk Capres doang","1088221266106970112","","","in","","0","1","0","https://x.com/undefined/status/1088221266106970112","1127088422",
"1088221249824686080","Wed Jan 23 23:45:38 +0000 2019","0","Kinerja pak @Jokowi gak usah diragukan lagi lah ya semua nyata dikerjakan. Jadi kalau aku sih tetep #AkuMauKamuLagi @OnesSinus","1088221249824686080","","","in","","0","0","0","https://x.com/undefined/status/1088221249824686080","1055452047980425217",
"1088221225988440064","Wed Jan 23 23:45:33 +0000 2019","0","Pilih yang udah ketauan bibitw bebet bobotnya untuk memimpin bangsa ini. Kaya pak @Jokowi yang udah jelas bukti kerja kerasnya. Sooo #AkuMauKamuLagi @OnesSinus","1088221225988440064","","","in","","0","0","0","https://x.com/undefined/status/1088221225988440064","1055452047980425217",
"1088220151202234368","Wed Jan 23 23:45:29 +0000 2019","0","@IHakim007 @jokowi Boneka mmg gak mungkin diharapkan","1088221209857150977","","IHakim007","in","","0","0","0","https://x.com/undefined/status/1088221209857150977","1004921130971303936",
"1087887729788997632","Wed Jan 23 23:45:27 +0000 2019","0","@republikaonline Its about useless debt @jokowi @KemenkeuRI @PerekonomianRI @ojkindonesia @BappenasRI @BPKPgoid @KPK_RI @KADIN_Indonesia @YLKI_ID @univ_indonesia @bps_statistics @UIIYogyakarta @Unair_Official @itbofficial @ipbofficial @UGMYogyakarta @unpad @unsri @dewanpers","1088221204089991173","","republikaonline","en","","0","0","0","https://x.com/undefined/status/1088221204089991173","777273518",
"1088221203129458688","Wed Jan 23 23:45:27 +0000 2019","0","Beliau orang yang sederhana tak muluk-muluk untuk 1 tujuan yaitu mensukseskan negri ini. Jadi tetap ya pilihan kita semua pak @Jokowi #AkuMauKamuLagi @OnesSinus","1088221203129458688","","","in","","0","0","0","https://x.com/undefined/status/1088221203129458688","1055452047980425217",
"1088221196447932416","Wed Jan 23 23:45:26 +0000 2019","0","Pak jokowi bermain giring ban tweeps","1088221196447932416","","","in","","0","0","0","https://x.com/undefined/status/1088221196447932416","1073768860883443712",
"1088221192215908352","Wed Jan 23 23:45:25 +0000 2019","49","Mari Memilih Orang Baik #JokowiOrangBaik Jurnalis ini menceritakn kisah singkat ttg sosok Pak @jokowi dulu sblm mnjd presiden 🇮🇩 #01IndonesiaMajuTerus #JokowiUdahKasihBukti","1088221192215908352","","","in","","1","1","22","https://x.com/undefined/status/1088221192215908352","787552252420431872",
"1088221180031430656","Wed Jan 23 23:45:22 +0000 2019","0","Memimpin keluarga berhasil memimpin daerah besar berhasil memimpin negara Indonesia juga berhasil. Jadi gak usah pilih yang lain deh. Pak @Jokowi tetap di hati #AkuMauKamuLagi @OnesSinus","1088221180031430656","","","in","","0","0","0","https://x.com/undefined/status/1088221180031430656","1055452047980425217",
"1087747344194387969","Wed Jan 23 23:45:21 +0000 2019","0","@RestyCayah @raj_agus @jokowi Jangan tanya uang nya dari mana.. Kita bersyukur sabun yg 2M itu buat nyuci otak cebong yg udah berkarat.. Biarin aja.. Suka2 dia.. Nyuruh jujurpun percuma..","1088221178127249410","","RestyCayah","in","","0","0","0","https://x.com/undefined/status/1088221178127249410","1031409734643986432",
"1087957987791171584","Wed Jan 23 23:45:20 +0000 2019","0","@komangramantya @Ferdinand_Haean @jokowi Baru rezim ini bumn sampai teler.. https://t.co/fTin1ydbOu","1088221171835781121","https://pbs.twimg.com/media/DxojYexUcAAVD55.jpg","komangramantya","in","","0","0","0","https://x.com/undefined/status/1088221171835781121","217086556",
"1088150773806944257","Wed Jan 23 23:45:19 +0000 2019","1","@Dennysiregar7 @prabowo Mahfud MD sudah jahit baju gagal jadi cawapres. Ustaz Baasyir sudah kemas-kemas baju gagal bebas. Rakyat Indonesia diberi puluhan janji gagal ditepati. Ribuan konsumen pesan Esemka tertipu semua. Kita lihat apakah tukang sabun cuci akan kena tipu.","1088221167293366272","","","in","","0","1","0","https://x.com/undefined/status/1088221167293366272","967054835601235968",
"1088221155633258496","Wed Jan 23 23:45:16 +0000 2019","0","Kalau mau melihat bangsa ini maju jangan salah pilih makanya. No urut 1 ingat ya!!! Pak @Jokowi &amp; Ma'aruf amin #AkuMauKamuLagi @OnesSinus","1088221155633258496","","","in","","0","0","0","https://x.com/undefined/status/1088221155633258496","1055452047980425217",
"1088221144992235521","Wed Jan 23 23:45:13 +0000 2019","0","@jokowi gmn?masuk gak? :D","1088221144992235521","","jokowi","in","","0","0","0","https://x.com/undefined/status/1088221144992235521","247140127",
"1088221114214436864","Wed Jan 23 23:45:06 +0000 2019","0","Kalau mau melihat bangsa ini maju jangan salah pilih makanya. No urut 1 ingat ya!!! Pak @Jokowi &amp; Ma'aruf amin #AkuMauKamuLagi @OnesSinus","1088221114214436864","","","in","","0","0","0","https://x.com/undefined/status/1088221114214436864","1055447118305841152",
"1088221103770632192","Wed Jan 23 23:45:03 +0000 2019","0","Demi Indonesia MAJU #AkuMauKamuLagi Jokowi krn TERBUKTI jadikan negara kuat dengan reformasi sistem dan penegakan hukum yang bebas korupsi @asepjovirs @pbsp30 @DodiFebriansya8","1088221103770632192","","","in","","0","0","0","https://x.com/undefined/status/1088221103770632192","1054369378186063873",
"1088220827336626176","Wed Jan 23 23:43:58 +0000 2019","0","Pakdeee @jokowi #AkuMauKamuLagi yaaaaa semangat terus yaa paakkkk doa ku selalu menyertai mu","1088220827336626176","","","in","","0","0","0","https://x.com/undefined/status/1088220827336626176","1050274900122861569",
"1088214277201088512","Wed Jan 23 23:43:49 +0000 2019","0","@metall011 Jokowi lebih baik maju terus pak","1088220792515584000","","metall011","in","","0","0","0","https://x.com/undefined/status/1088220792515584000","1085942759729422336",
"1088220789751463936","Wed Jan 23 23:43:49 +0000 2019","0","Aku ga mau berpaling aku udah yakin aku aku udah percaya banget! aku mau presidenku pakde @jokowi lagi #AkuMauKamuLagi","1088220789751463936","","","in","","0","0","0","https://x.com/undefined/status/1088220789751463936","1050274900122861569",
"1088220783397072896","Wed Jan 23 23:43:47 +0000 2019","0","Pokoknya 2019 aku gak mau ganti presiden pokoknyaaaa Pak @Jokowi #AkuMauKamuLagi @OnesSinus","1088220783397072896","","","in","","0","0","0","https://x.com/undefined/status/1088220783397072896","1038778822093488128",
"1088217380600242176","Wed Jan 23 23:43:45 +0000 2019","0","@ferrykoto @BPJSKesehatanRI @jokowi Ngaca Om ...","1088220775738310656","","ferrykoto","in","","0","0","0","https://x.com/undefined/status/1088220775738310656","636278070",
"1088220767806939136","Wed Jan 23 23:43:43 +0000 2019","0","Pilpres 2019 ini #AkuMauKamuLagi Jokowi krn TERBUKTI jadikan negara kuat dengan reformasi sistem dan penegakan hukum yang bebas korupsi","1088220767806939136","","","in","","0","0","0","https://x.com/undefined/status/1088220767806939136","1052199248484167681",
"1088220761410625536","Wed Jan 23 23:43:42 +0000 2019","0","Disaat yang lain memiliki yg gak pasti pilihan aku tetap yang pasti² aja. Yaitu pak @Jokowi #AkuMauKamuLagi @OnesSinus","1088220761410625536","","","in","","0","0","0","https://x.com/undefined/status/1088220761410625536","1038778822093488128",
"1088220758562598912","Wed Jan 23 23:43:41 +0000 2019","0","Dari prediksi saya sih pak @jokowi yang akan menang di pemilu ini dan pastinya #AkuMauKamuLagi","1088220758562598912","","","in","","0","0","0","https://x.com/undefined/status/1088220758562598912","1050274900122861569",
"1088220737507287040","Wed Jan 23 23:43:36 +0000 2019","0","Pak @Jokowi aja setia sama rakyatnya masa kita rakyatnya gak setia sama beliau?! #AkuMauKamuLagi @OnesSinus","1088220737507287040","","","in","","0","0","0","https://x.com/undefined/status/1088220737507287040","1038778822093488128",
"1088220731958128641","Wed Jan 23 23:43:35 +0000 2019","1","Salah satu pendukung militan pak @jokowi @JKFC23456789 https://t.co/fEWqLNlXCW","1088220731958128641","https://pbs.twimg.com/ext_tw_video_thumb/1088218434733670400/pu/img/Gc1V4Dxjy7MgYinB.jpg","","in","","0","0","0","https://x.com/undefined/status/1088220731958128641","802853792207097857",
"1088220731396087808","Wed Jan 23 23:43:35 +0000 2019","0","Kenangan yg indah memang sulit dilupakan bersama pak @jokowi kita bisa membangun Indonesia! #AkuMauKamuLagi","1088220731396087808","","","in","","0","0","0","https://x.com/undefined/status/1088220731396087808","1050274900122861569",
"1088220709942259714","Wed Jan 23 23:43:30 +0000 2019","0","#AkuMauKamuLagi aku mau Pak @Jokowi memeruskan harapannya untuk memajukan bangsa ini. Semangat ya pak @OnesSinus","1088220709942259714","","","in","","0","0","0","https://x.com/undefined/status/1088220709942259714","1038778822093488128",
"1087831863127928833","Wed Jan 23 23:43:29 +0000 2019","1","@Mentimoen Ga usah terlalu dipikirkan nasib pak Jokowi mah. Pikirkan saja nasib sendiri. Kita masing2 sudah punya jalan kehidupan.","1088220708583292928","","Mentimoen","in","","0","2","0","https://x.com/undefined/status/1088220708583292928","95520869",
"1088049627184545793","Wed Jan 23 23:43:28 +0000 2019","8","@ferrykoto @budimandjatmiko @jokowi @SBYudhoyono @alvinlie21 Pak jokowi di jadikn tumbal stlh presiden sblumny sama dgn bngunan2 yg mangkrak...itu tukang hoak adem2 saja knp sbgitu brnciny ke pak jokowi....tolong buka hati nurani kalian wahai pndukung pas no 2..jgn di putar balik pakta","1088220705068478464","","ferrykoto","in","","0","0","1","https://x.com/undefined/status/1088220705068478464","1274446830",
"1088220704539959297","Wed Jan 23 23:43:28 +0000 2019","0","Daripada pilih yg ga pasti #AkuMauKamuLagi jadi presiden ku yaaa pak @jokowi hehe love you full pakde","1088220704539959297","","","in","","0","0","0","https://x.com/undefined/status/1088220704539959297","1050274900122861569",
"1086475959086112768","Wed Jan 23 23:43:25 +0000 2019","0","@Dennysiregar7 @prabowo Lu dukung jokowi dapat apa skrg. Dapat bayaran berapa. Ntar junjungan lu nyunsep lu bs apa desy ..???","1088220691801862144","","","in","","0","0","0","https://x.com/undefined/status/1088220691801862144","3159952908",
"1087949410166804480","Wed Jan 23 23:43:25 +0000 2019","0","@PartaiSocmed @BudiKaryaS Pak @jokowi jgn diam saja mentri satu ini kebanyakan gaya kemarin hanya pamer saja yg turun cm bbrp destinasi sdr saya kemarin dr pekan baru bilang ke jkt via sin lebih murah","1088220691726458880","","PartaiSocmed","in","","0","0","0","https://x.com/undefined/status/1088220691726458880","125329429",
"1088220670608035841","Wed Jan 23 23:43:20 +0000 2019","0","Pakde @jokowi #AkuMauKamuLagi lanjutkan perjuanganmu pak ! rakyat Indonesia selalu mendukung mu","1088220670608035841","","","in","","0","0","0","https://x.com/undefined/status/1088220670608035841","1050274900122861569",
"1088220670159278080","Wed Jan 23 23:43:20 +0000 2019","0","Kalau #AkuMauKamuLagi kalau yang lain pasti juga kan mau pak @Jokowi lagi??? @OnesSinus","1088220670159278080","","","in","","0","0","0","https://x.com/undefined/status/1088220670159278080","1038778822093488128",
"1088220651779907589","Wed Jan 23 23:43:16 +0000 2019","0","Beginilah pemimpin yg merakyat banyak yg syang pak @jokowi @Try_waweng #AkuMauKamuLagi https://t.co/b6TqcFUrJ1","1088220651779907589","https://pbs.twimg.com/media/Dxoi5uyUwAAdbE9.jpg","","in","","0","0","0","https://x.com/undefined/status/1088220651779907589","1065438596700635137",
"1088220639901544448","Wed Jan 23 23:43:13 +0000 2019","0","Aku mau pak @jokowi 2 periode hehe #AkuMauKamuLagi","1088220639901544448","","","in","","0","0","0","https://x.com/undefined/status/1088220639901544448","1050274900122861569",
"1088220639813525504","Wed Jan 23 23:43:13 +0000 2019","0","Kinerja pak @Jokowi gak usah diragukan lagi lah ya semua nyata dikerjakan. Jadi kalau aku sih tetep #AkuMauKamuLagi @OnesSinus","1088220639813525504","","","in","","0","0","0","https://x.com/undefined/status/1088220639813525504","1038778822093488128",
"1088220613255225344","Wed Jan 23 23:43:07 +0000 2019","0","Pilih yang udah ketauan bibitw bebet bobotnya untuk memimpin bangsa ini. Kaya pak @Jokowi yang udah jelas bukti kerja kerasnya. Sooo #AkuMauKamuLagi @OnesSinus","1088220613255225344","","","in","","0","0","0","https://x.com/undefined/status/1088220613255225344","1038778822093488128",
"1088220608360402944","Wed Jan 23 23:43:05 +0000 2019","0","Rakyat Indonesia tentunya #AkuMauKamuLagi Untuk pak @jokowi kembali menjadi presiden Indonesia ! Ayo kita bangun Indonesia bersama pak Jokowi lagi kita bisa!!","1088220608360402944","","","in","","0","0","0","https://x.com/undefined/status/1088220608360402944","1050274900122861569",
"1088220584901730304","Wed Jan 23 23:43:00 +0000 2019","0","Beliau orang yang sederhana tak muluk-muluk untuk 1 tujuan yaitu mensukseskan negri ini. Jadi tetap ya pilihan kita semua pak @Jokowi #AkuMauKamuLagi @OnesSinus","1088220584901730304","","","in","","0","0","0","https://x.com/undefined/status/1088220584901730304","1038778822093488128",
"1088220577020563456","Wed Jan 23 23:42:58 +0000 2019","0","Rakyat Indonesia tentunya #AkuMauKamuLagi Untuk pak @jokowi kembali menjadi presiden Indonesia ! Ayo kita bangun Indonesia bersama pak Jokowi lagi kita bisa!!","1088220577020563456","","","in","","0","0","0","https://x.com/undefined/status/1088220577020563456","1049283559670702080",
"1088147853279559680","Wed Jan 23 23:42:55 +0000 2019","0","@Dennysiregar7 @jokowi @prabowo Takut ga bisa cair bulanan jadi buzzer kalo @prabowo jadi presiden","1088220566585110529","","","in","","0","0","0","https://x.com/undefined/status/1088220566585110529","950709479535857664",
"1062661496847577088","Wed Jan 23 23:42:55 +0000 2019","0","@Kukundeng @LRS_ati @doyanmeremmelek Ya Gitu Dong kayak pendukung prabowo ih ngeyel terus","1088220566111191040","","Kukundeng","in","","0","0","0","https://x.com/undefined/status/1088220566111191040","75007944",
"1088220561275117568","Wed Jan 23 23:42:54 +0000 2019","0","Memimpin keluarga berhasil memimpin daerah besar berhasil memimpin negara Indonesia juga berhasil. Jadi gak usah pilih yang lain deh. Pak @Jokowi tetap di hati #AkuMauKamuLagi @OnesSinus","1088220561275117568","","","in","","0","0","0","https://x.com/undefined/status/1088220561275117568","1038778822093488128",
"1087950942174171137","Wed Jan 23 23:42:52 +0000 2019","0","@Ferdinand_Haean @fadlizon @jokowi Yg lalu juga bisa di sebut rezim kampret . Kasus antasari Kasus bank century Ada kekuatan hukum yg di genggam bukan.","1088220553310171136","","Ferdinand_Haean","in","","0","1","0","https://x.com/undefined/status/1088220553310171136","1086478644350865408",
"1088220548448976896","Wed Jan 23 23:42:51 +0000 2019","0","Yaaa memang pakde @jokowi layak 2 periode sudah jelas terbukti dari hasil kinerja nya #AkuMauKamuLagi","1088220548448976896","","","in","","0","0","0","https://x.com/undefined/status/1088220548448976896","1049283559670702080",
"1088220537145290754","Wed Jan 23 23:42:48 +0000 2019","0","Kalau mau melihat bangsa ini maju jangan salah pilih makanya. No urut 1 ingat ya!!! Pak @Jokowi &amp; Ma'aruf amin #AkuMauKamuLagi @OnesSinus","1088220537145290754","","","in","","0","0","0","https://x.com/undefined/status/1088220537145290754","1038778822093488128",
"1088220515985108992","Wed Jan 23 23:42:43 +0000 2019","0","Kerja nya udah terbukti prestasi nya di akui dunia memang kebanggaan rakyat Indonesia kita masih membutuhkan mu pakde @jokowi #AkuMauKamuLagi","1088220515985108992","","","in","","0","0","0","https://x.com/undefined/status/1088220515985108992","1049283559670702080",
"1088220490068455424","Wed Jan 23 23:42:37 +0000 2019","0","Kalau mau melihat bangsa ini maju jangan salah pilih makanya. No urut 1 ingat ya!!! Pak @Jokowi &amp; Ma'aruf amin #AkuMauKamuLagi @OnesSinus","1088220490068455424","","","in","","0","0","0","https://x.com/undefined/status/1088220490068455424","1048566464767127552",
"1088220489250615296","Wed Jan 23 23:42:37 +0000 2019","0","Pakdeee @jokowi #AkuMauKamuLagi yaaaaa semangat terus yaa paakkkk doa ku selalu menyertai mu","1088220489250615296","","","in","","0","0","0","https://x.com/undefined/status/1088220489250615296","1049283559670702080",
"1088220487627333632","Wed Jan 23 23:42:37 +0000 2019","0","Pemilu 2019 Aman Sejuk dan Damai #PolriHumanis #polripromoter #thebestPol #Poldapapua #Divisihumaspolri #biromultimedia https://t.co/XUmfq3o3l4","1088220487627333632","https://pbs.twimg.com/media/DxoiwDBUYAImBpu.jpg","","in","","0","0","0","https://x.com/undefined/status/1088220487627333632","808547021821005825",
"1087923044570578949","Wed Jan 23 23:42:36 +0000 2019","0","@ndoro__Putri @Andy_Budiman_ @jokowi Hahaa.. asleeee mba","1088220486205562880","","","tr","","0","0","0","https://x.com/undefined/status/1088220486205562880","788754942756581377",
"1088220477070311424","Wed Jan 23 23:42:34 +0000 2019","0","Tetap #AkuMauKamuLagi mantap pak Jokowi","1088220477070311424","","","in","","0","0","0","https://x.com/undefined/status/1088220477070311424","1061521097189773314",
"1087734479622291456","Wed Jan 23 23:42:33 +0000 2019","0","@PriyoBudiS @Ndon08Back @prabowo @sandiuno #PrabowoSandiBawaSolusi","1088220471890305025","","PriyoBudiS","qme","","0","0","0","https://x.com/undefined/status/1088220471890305025","1040624965840596993",
"1088220457264795648","Wed Jan 23 23:42:29 +0000 2019","0","Memimpin keluarga berhasil memimpin daerah besar berhasil memimpin negara Indonesia juga berhasil. Jadi gak usah pilih yang lain deh. Pak @Jokowi tetap di hati #AkuMauKamuLagi @OnesSinus","1088220457264795648","","","in","","0","0","0","https://x.com/undefined/status/1088220457264795648","1048566464767127552",
"1088220453812920320","Wed Jan 23 23:42:29 +0000 2019","0","Aku ga mau berpaling aku udah yakin aku aku udah percaya banget! aku mau presidenku pakde @jokowi lagi #AkuMauKamuLagi","1088220453812920320","","","in","","0","0","0","https://x.com/undefined/status/1088220453812920320","1049283559670702080",
"1088220431062953985","Wed Jan 23 23:42:23 +0000 2019","0","Beliau orang yang sederhana tak muluk-muluk untuk 1 tujuan yaitu mensukseskan negri ini. Jadi tetap ya pilihan kita semua pak @Jokowi #AkuMauKamuLagi @OnesSinus","1088220431062953985","","","in","","0","0","0","https://x.com/undefined/status/1088220431062953985","1048566464767127552",
"1088220427040710656","Wed Jan 23 23:42:22 +0000 2019","0","Dari prediksi saya sih pak @jokowi yang akan menang di pemilu ini dan pastinya #AkuMauKamuLagi","1088220427040710656","","","in","","0","0","0","https://x.com/undefined/status/1088220427040710656","1049283559670702080",
"1088147853279559680","Wed Jan 23 23:42:22 +0000 2019","0","@Dennysiregar7 @jokowi @prabowo Lucu lo","1088220426805796864","","","in","","0","0","0","https://x.com/undefined/status/1088220426805796864","1011121285546500096",
"1087939648553447425","Wed Jan 23 23:42:22 +0000 2019","0","@arsul_sani @Dahnilanzar @jokowi https://t.co/QN5orqxUrv","1088220425593614337","https://pbs.twimg.com/media/Dxoir65VYAAHWHl.jpg","arsul_sani","qme","","0","0","0","https://x.com/undefined/status/1088220425593614337","77150635",
"1088220415288401920","Wed Jan 23 23:42:19 +0000 2019","0","Teroris tidak mengakui Pancasila capres tidak hafal Pancasila. https://t.co/3jKuZxOCE2","1088220415288401920","","","in","","0","0","0","https://x.com/undefined/status/1088220415288401920","134539066",
"1088220400582979585","Wed Jan 23 23:42:16 +0000 2019","0","Kenangan yg indah memang sulit dilupakan bersama pak @jokowi kita bisa membangun Indonesia! #AkuMauKamuLagi","1088220400582979585","","","in","","0","0","0","https://x.com/undefined/status/1088220400582979585","1049283559670702080",
"1088220399823859712","Wed Jan 23 23:42:16 +0000 2019","0","Pilih yang udah ketauan bibitw bebet bobotnya untuk memimpin bangsa ini. Kaya pak @Jokowi yang udah jelas bukti kerja kerasnya. Sooo #AkuMauKamuLagi @OnesSinus","1088220399823859712","","","in","","0","0","0","https://x.com/undefined/status/1088220399823859712","1048566464767127552",
"1088220378038624256","Wed Jan 23 23:42:10 +0000 2019","0","Daripada pilih yg ga pasti #AkuMauKamuLagi jadi presiden ku yaaa pak @jokowi hehe love you full pakde","1088220378038624256","","","in","","0","0","0","https://x.com/undefined/status/1088220378038624256","1049283559670702080",
"1088220376331563008","Wed Jan 23 23:42:10 +0000 2019","0","Kinerja pak @Jokowi gak usah diragukan lagi lah ya semua nyata dikerjakan. Jadi kalau aku sih tetep #AkuMauKamuLagi @OnesSinus","1088220376331563008","","","in","","0","0","0","https://x.com/undefined/status/1088220376331563008","1048566464767127552",
"1088030780469592069","Wed Jan 23 23:42:06 +0000 2019","0","@marlina_idha @fadlizon @PEPESOfficial @prabowo @sandiuno @evvylamora @b_fjakarta @swulll @umibasyar @LisaAmartaTara @dewkemalahayati @rsoekarnoputri Cuma segitu dibanggain paling kelas 1 sma yang tak bisa memiliki hak pilih di 2019 auto ngakak","1088220361517236224","","marlina_idha","in","","0","0","0","https://x.com/undefined/status/1088220361517236224","1087994015537078272",
"1088220347994824704","Wed Jan 23 23:42:03 +0000 2019","0","Pakde @jokowi #AkuMauKamuLagi lanjutkan perjuanganmu pak ! rakyat Indonesia selalu mendukung mu","1088220347994824704","","","in","","0","0","0","https://x.com/undefined/status/1088220347994824704","1049283559670702080",
"1088220346833035264","Wed Jan 23 23:42:03 +0000 2019","0","Kalau #AkuMauKamuLagi kalau yang lain pasti juga kan mau pak @Jokowi lagi??? @OnesSinus","1088220346833035264","","","in","","0","0","0","https://x.com/undefined/status/1088220346833035264","1048566464767127552",
"1087978137089163264","Wed Jan 23 23:42:00 +0000 2019","0","@Ferdinand_Haean @jokowi Artinya bai rekues ya Lae ?","1088220333243457536","","Ferdinand_Haean","in","","0","0","0","https://x.com/undefined/status/1088220333243457536","3568946420",
"1088220321654530048","Wed Jan 23 23:41:57 +0000 2019","0","#AkuMauKamuLagi aku mau Pak @Jokowi memeruskan harapannya untuk memajukan bangsa ini. Semangat ya pak @OnesSinus","1088220321654530048","","","in","","0","0","0","https://x.com/undefined/status/1088220321654530048","1048566464767127552",
"1088220316646567937","Wed Jan 23 23:41:56 +0000 2019","0","Aku mau pak @jokowi 2 periode hehe #AkuMauKamuLagi","1088220316646567937","","","in","","0","0","0","https://x.com/undefined/status/1088220316646567937","1049283559670702080",
"1088216366492971008","Wed Jan 23 23:41:51 +0000 2019","0","@metall011 @jokowi @KHMarufAmin_ @prabowo Serem","1088220297730306048","","metall011","en","","0","0","0","https://x.com/undefined/status/1088220297730306048","1085942759729422336",
"1088220288725135361","Wed Jan 23 23:41:49 +0000 2019","0","Pak @Jokowi aja setia sama rakyatnya masa kita rakyatnya gak setia sama beliau?! #AkuMauKamuLagi @OnesSinus","1088220288725135361","","","in","","0","0","0","https://x.com/undefined/status/1088220288725135361","1048566464767127552",
"1088220287726841856","Wed Jan 23 23:41:49 +0000 2019","0","Pagi2 udah main bola aja pak jokowi nih. Semangat pak de untuk mengawali pagi ini. #AkuMauKamuLagi https://t.co/ebOvVKEKNT","1088220287726841856","https://pbs.twimg.com/media/Dxoik6MU0AAXtja.jpg","","in","","0","0","0","https://x.com/undefined/status/1088220287726841856","963090027143032833",
"1088220262623924225","Wed Jan 23 23:41:43 +0000 2019","0","Disaat yang lain memiliki yg gak pasti pilihan aku tetap yang pasti² aja. Yaitu pak @Jokowi #AkuMauKamuLagi @OnesSinus","1088220262623924225","","","in","","0","0","0","https://x.com/undefined/status/1088220262623924225","1048566464767127552",
"1070505361260535808","Wed Jan 23 23:41:42 +0000 2019","0","@noperhan @tirta_helena @burunghantu1813 @fariz1234 @wijaya_karenina @Ken2steve @zonk_brain @Orilomi1 @ZABUTARIQ @TheArieAir @rudijanto7067 @engkongniy @PRAMANA77987984 @PapuanV @SalmaBrecht @alumniakbar_212 @Kehidup10048825 @BHD_58 @shda_agatha @INTANHambaAllah @DjanChoek @FrennyPahibe @Helmi67711233 @SiharMHSitorus @SatriaAru @suaraIit02 @nimidnec @Meshal91459745 @Genesis7173 @Helooowww @Nunung35Aza @DenyCaprion @Karolina_bee11 @banaspati65 @yan_tanuwidjaya @EliasAdi79 @MuhSujarw4 @avatarcs99 @Ferdinand_Haean @AndiArief__ @Winardhi2617 @prabowo @ustadtengkuzul @fadlizon @AfifFuadS @ArdianZidanAH @Alif68330369 @vita_diahErv @jokowi Kalau gitu penjarakan Jokowi dalam hatimu","1088220258672926720","","noperhan","in","","0","2","1","https://x.com/undefined/status/1088220258672926720","825166174723772416",
"1087532825731948544","Wed Jan 23 23:41:41 +0000 2019","0","@wahyudicato @AnisAbd39587612 @putrabanten80 Jelas dia melanggar undan2 pemilu boss anda ikuti aja kasusnya sangat jelas.","1088220254679924736","","wahyudicato","in","","0","0","0","https://x.com/undefined/status/1088220254679924736","1048490181932675074",
"1088220233075109895","Wed Jan 23 23:41:36 +0000 2019","0","Pokoknya 2019 aku gak mau ganti presiden pokoknyaaaa Pak @Jokowi #AkuMauKamuLagi @OnesSinus","1088220233075109895","","","in","","0","0","0","https://x.com/undefined/status/1088220233075109895","1048566464767127552",
"1088220220433395712","Wed Jan 23 23:41:33 +0000 2019","0","Kiai Sepuh NU Isyaratkan All Out Menangkan Jokowi-Ma'ruf https://t.co/AusuIrE3Ob","1088220220433395712","","","in","","0","0","0","https://x.com/undefined/status/1088220220433395712","1446719833",
"1088220185901830150","Wed Jan 23 23:41:25 +0000 2019","1","RT @AekSigeaon1: RT @AekSigeaon1: RT @AekSigeaon1: RT @AekSigeaon1: RT @FeberWelly: @AekSigeaon1 @langkatcyber @RudySitohang05 @jokowi @Piliangzhou2078 @ahmadbimanusa @ritonga_upas @PatarNababan @MahesaTiwi @m Good","1088220185901830150","","","en","","0","0","0","https://x.com/undefined/status/1088220185901830150","930342423103860737",
"1088220173444829184","Wed Jan 23 23:41:22 +0000 2019","0","Ahok Bebas Ganjar Pranowo: Semoga Gabung Jokowi-Ma ruf Amin https://t.co/CiozZP8aot https://t.co/VVFgKZmfZH","1088220173444829184","https://pbs.twimg.com/media/DxoiewSUwAAXqyh.jpg","","in","","0","0","0","https://x.com/undefined/status/1088220173444829184","846715204637376513",
"1088220153072906240","Wed Jan 23 23:41:17 +0000 2019","0","Kurang tepat ridwan kail ahy ganjar mungkin akan mengekor jokowi. Yg beraninbertarung dengan jokowi itu prabowo.yg lain belum sadar aja","1088220153072906240","","","in","","0","0","0","https://x.com/undefined/status/1088220153072906240","713391719186714625",
"1088220151202234368","Wed Jan 23 23:41:16 +0000 2019","4","Tdk perlu meragukan lagi bhwa @jokowi tdk mempunyai kewenangan sbg kepala negara. Bukan dia pemegang kebijakan itu krn dia hanya petugas partai. Presiden sesungguhnya adalah para pemilik partai koalisi yg dipimpin oleh mak banteng","1088220151202234368","","","in","","1","1","1","https://x.com/undefined/status/1088220151202234368","1036131015847079936",
"1088089970785411072","Wed Jan 23 23:41:16 +0000 2019","0","@P3nj3l4j4h @RizmaWidiono @jokowi Kirain tukang ngibul","1088220149256151045","","P3nj3l4j4h","in","","0","0","0","https://x.com/undefined/status/1088220149256151045","1058599868594176002",
"1088220047447900160","Wed Jan 23 23:40:52 +0000 2019","0","Apasi emang jokowi ngurusin kek beginian? Bentar mau ngakak https://t.co/aipdyxVATd","1088220047447900160","","","in","","0","0","0","https://x.com/undefined/status/1088220047447900160","1542283952",
"1087998435742105602","Wed Jan 23 23:40:47 +0000 2019","0","@metall011 @prabowo Melindungi yang salah","1088220027596095488","","metall011","in","","0","0","0","https://x.com/undefined/status/1088220027596095488","1085942759729422336",
"1087950942174171137","Wed Jan 23 23:40:45 +0000 2019","0","@Ferdinand_Haean @jokowi Demi merauk suara apa saja di lakukan. #jokowigelapmata","1088220021703114752","","Ferdinand_Haean","in","","0","0","0","https://x.com/undefined/status/1088220021703114752","1066207200605958144",
"1088063409009025024","Wed Jan 23 23:40:43 +0000 2019","0","@vincentrcrd @Cittairlanie @jokowi Sy bkn timses hanya pendukung. Di Twitter anonim krn suami pilih Prabowo. Males ribut. Kalau memang ngga sreg di hati ya ngga usah dipilih. Keluarga sy mayoritas Prabowo. Teman2 di Fb Prabowo. Ya sudah... Mau golput golput aja. Suara mayoritas ttp menang","1088220011116654592","","vincentrcrd","in","","0","1","0","https://x.com/undefined/status/1088220011116654592","1081209958622846976",
"1088083647561752576","Wed Jan 23 23:40:39 +0000 2019","0","@yudhaesamantha @sheknowshoney @ernestprakasa Kalo org luar ga mau balik mah alasan lain bukan krna jokowi","1088219993253175296","","KiYudhaBagong","in","","0","0","0","https://x.com/undefined/status/1088219993253175296","1039059697",
"1088219990858199041","Wed Jan 23 23:40:38 +0000 2019","0","Aku aja pilih pak jokowi masa kamu engga hehehe #AkuMauKamuLagi","1088219990858199041","","","in","","0","0","0","https://x.com/undefined/status/1088219990858199041","956707697440604160",
"1088080647279656963","Wed Jan 23 23:40:36 +0000 2019","0","@nephilaxmus Mau bagaimana lagi calon cuma 2. Pa Jokowi tak bisa lagi diharapkan negeri ini bakal lebih baik. Pa @prabowo kemungkinan 50:50. Solusi ekonomi dia lebih baik . Soal pelanggaran HAM Pa @prabowo hrs menawarkan solusi yg jitu jangan mau ikut genderang orang lain.","1088219980737310720","","NephilaXmus","in","","0","0","0","https://x.com/undefined/status/1088219980737310720","221197073",
"1087950942174171137","Wed Jan 23 23:40:35 +0000 2019","0","@Ferdinand_Haean @jokowi Anda mantan tim sukses yang sakit hati....kasihan jika gaya anda terus begini yakinlah anda juga akan tak dpt apa-apa jika BOWO menang kedua anda tidal akan jd DPR","1088219979307147265","","Ferdinand_Haean","in","","0","0","0","https://x.com/undefined/status/1088219979307147265","923954641145958400",
"1088219840639168513","Wed Jan 23 23:40:02 +0000 2019","0","Kasihan bangsa ini berutang utk bayar bunga utang. Apa yang bisa ditawarkan oleh pihak oposisi @prabowo @sandiuno @Dahnilanzar mengatasi masalah ini? Apakah efisiensi adalah jalan keluar Pak @ChatibBasri? #Austerity? https://t.co/U1Ba2KybS8","1088219840639168513","","","in","","0","0","0","https://x.com/undefined/status/1088219840639168513","613737730",
"1088107089744908294","Wed Jan 23 23:40:01 +0000 2019","0","@sudjiwotedjo masalah ABB akhirnya bisa diselesaikan oleh Presiden Wiranto yg dg cepat menganulir keputusan bawahaannya Sdr Jokowi yg mengambil keputusan tanpa berfikir. semoga ke depan presiden Wiranto dapat membimbing Sdr jokowi menjadi pejabat yg visioner","1088219833773117440","","sudjiwotedjo","in","","0","0","0","https://x.com/undefined/status/1088219833773117440","1297339788",
"1088070192490561537","Wed Jan 23 23:39:58 +0000 2019","0","@nay_shihab @jokowi Tidak punya adab etikanya jeblok. Manusia yang tidak tahu rasa terima adalah ciri manusia yang mentalnya sudah sakit.","1088219821110513664","","nay_shihab","in","","0","0","0","https://x.com/undefined/status/1088219821110513664","2905814730",
"1088147853279559680","Wed Jan 23 23:39:55 +0000 2019","0","@Dennysiregar7 @jokowi @prabowo Amin.","1088219809706201088","","","en","","0","0","0","https://x.com/undefined/status/1088219809706201088","1059237749234909184",
"1088210795660337152","Wed Jan 23 23:39:52 +0000 2019","1","@dodgeduh_ Saya sudah divaksin untuk menghadapi buzzer Ahok buzzer reklamasi buzzer properti semen Ganjar sawit dan sekarang buzzer Jokowi. Varian virus yang sama. Tak perlu vaksin baru :)","1088219799090425856","","","in","","0","0","0","https://x.com/undefined/status/1088219799090425856","159919812",
"1088150773806944257","Wed Jan 23 23:39:52 +0000 2019","2","@Dennysiregar7 @prabowo Hahaha.....mrk suka ngomong Ahok ngomongnya kasar. Ga ngaca ke diri sndiri yak...kampret emank gituh","1088219798742298624","","","in","","0","0","0","https://x.com/undefined/status/1088219798742298624","2949879630",
"1088219759764623360","Wed Jan 23 23:39:43 +0000 2019","0","PSI Ragukan Komitmen Prabowo dalam Pemberantasan Korupsi : Okezone News https://t.co/va4gr9WLRg","1088219759764623360","","","in","","0","0","0","https://x.com/undefined/status/1088219759764623360","22629914",
"1088208826640125953","Wed Jan 23 23:39:41 +0000 2019","0","@LusiHQ Jokowi pengkhianat","1088219752047112193","","LusiHQ","in","","0","2","0","https://x.com/undefined/status/1088219752047112193","816114538361667584",
"1088172654815719425","Wed Jan 23 23:39:29 +0000 2019","0","@detikcom @prabowo @jokowi Dibalikin dulu pak panci dkk nya ke kemenpora","1088219700109094912","","detikcom","in","","0","0","0","https://x.com/undefined/status/1088219700109094912","46845138",
"1088218595555893248","Wed Jan 23 23:39:28 +0000 2019","0","@walhinasional @jokowi @Walhikalteng @WALHI_Kaltim @WalhiSumsel @walhisumut @walhijabar @Walhi_Sumut @WalhiJatim @walhi_jambi @WALHIRiau @walhilampung Presiden Jokowi org baik .. tau masalah ini berlaku .. tetapi tidak dapat membuat keputusan tampa ijin dari mereka yg terlibat !!","1088219698213249025","","walhinasional","in","","0","0","0","https://x.com/undefined/status/1088219698213249025","978163856273887233",
"1087653701504749569","Wed Jan 23 23:39:18 +0000 2019","0","@stevanihuangg @OesmanIpink Hehehehe ..sama dgn harapanku berharap mutlak Prabowo Sandi menang pilpres 2019 dan berharap total jokowi tumbang di 17 April 2019 nanti.","1088219653095092224","","vaniepink","in","","0","0","0","https://x.com/undefined/status/1088219653095092224","861060315932315648",
"1088219652235452416","Wed Jan 23 23:39:17 +0000 2019","0","BPN Prabowo Sandi T44kut Jika Najwa Shihab Yang Jadi Moderator Debat Kedua TIDAK NETRAL ! Najwa Shihab... https://t.co/V6l13T43ph","1088219652235452416","","","in","","0","0","0","https://x.com/undefined/status/1088219652235452416","719576507148935168",
"1088120889760145408","Wed Jan 23 23:39:01 +0000 2019","0","@hamdanatox99 @RizmaWidiono @nahdlatululama @jokowi @KHMarufAmin_ @P3nj3l4j4h @JajangRidwan19 @4Y4NKZ @JKFC23456789 Tenang pk sepuh...","1088219584618885120","","hamdanatox99","in","","0","0","0","https://x.com/undefined/status/1088219584618885120","1084606692803801088",
"1088081285568901121","Wed Jan 23 23:38:54 +0000 2019","0","@ASapardan @hanjenif @jokowi Lah emang bandara yg lain dibangun jaman belanda?","1088219552092057601","","ASapardan","in","","0","0","0","https://x.com/undefined/status/1088219552092057601","4714048670",
"1088049627184545793","Wed Jan 23 23:38:53 +0000 2019","1","@itsmealaann @LuckyajaLu @ferrykoto @budimandjatmiko @jokowi @SBYudhoyono @alvinlie21 Solusinya nanti di denger2 ","1088219550175309829","","itsmealaann","in","","0","1","0","https://x.com/undefined/status/1088219550175309829","1078620298893656065",
"1087188773186658305","Wed Jan 23 23:38:48 +0000 2019","0","@agungruud @SubowoFachrudin @beby_johana @nathanaelmu Kemanusiaan yg adil &amp; bermotif ??? Jgn Jokowi mengorbankan perasaan klg korban bom Bali &amp; masyarakat Bali untuk elektabilitas itu sangat hina.","1088219529493106688","","ruudsurya","in","","0","1","0","https://x.com/undefined/status/1088219529493106688","3367645213",
"1088091113309663234","Wed Jan 23 23:38:48 +0000 2019","0","@DMedianacinta @jokowi ga sekalian dikasi kisi2 dok..?","1088219527681196032","","DMedianacinta","in","","0","0","0","https://x.com/undefined/status/1088219527681196032","1003913120098574336",
"1088048318008049664","Wed Jan 23 23:38:44 +0000 2019","0","@dyla_se @Fahrihamzah @sandiuno @jokowi @KPK_RI Caleg aja di kampung babe gua msh bagi2 uang sebelum hr pencoblosan..ada 50rb ada 20rb..","1088219511264702464","","","in","","0","0","0","https://x.com/undefined/status/1088219511264702464","1027940567907352576",
"1088219508613869568","Wed Jan 23 23:38:43 +0000 2019","0","PASTINYO #AkuMauKamuLagi Jokowi krn telah BUKTIKAN pemerintah tidak absen dengan membangun tata kelola pemerintahan yang bersih","1088219508613869568","","","in","","0","0","0","https://x.com/undefined/status/1088219508613869568","1051813035872940032",
"1087885780477829120","Wed Jan 23 23:38:38 +0000 2019","0","@Julian303 Oooh ... jadi cintanya @jokowi kepada ulama masih dikaji ulang thoh ??? Lho ... kenapa kok ada kajian ulang ? Apakah diragukan kecintaan pak Jokowi kepada ulama ? Bagaimana pendapat anda ?","1088219485184548864","","Julian303","in","","0","0","0","https://x.com/undefined/status/1088219485184548864","482761374",
"1088208960585314304","Wed Jan 23 23:38:35 +0000 2019","1","@republikaonline Rakyat Indonesia Tidak ada yg pesimis hny waspada untuk tidak tertipu ke 3x 1.1965 jargon PKI 2.2014-18 Jargon pembohong plintat-plintut @jokowi pangan mahal&amp;ketimpangan sosial 3. 2019 hrus ganti presiden @DPR_RI @PolitikLIPI @univ_indonesia @PBIDI","1088219473792757760","","republikaonline","in","","0","0","0","https://x.com/undefined/status/1088219473792757760","777273518",
"1088003609206214657","Wed Jan 23 23:38:34 +0000 2019","0","@richrocksoff @nongandah @AntoniRaja @jokowi Ahok bang","1088219468881289216","","richrocksoff","tl","","0","1","0","https://x.com/undefined/status/1088219468881289216","980758642466041857",
"1088219468386320384","Wed Jan 23 23:38:34 +0000 2019","0","dukung jokowi 2 periode #JokowiLebihBaik #01metaljakpus","1088219468386320384","","","in","","0","0","0","https://x.com/undefined/status/1088219468386320384","1086297638566162433",
"1088219466654146561","Wed Jan 23 23:38:33 +0000 2019","0","JELAS #AkuMauKamuLagi Jokowi krn telah BUKTIKAN pemerintah tidak absen dengan membangun tata kelola pemerintahan yang bersih","1088219466654146561","","","in","","0","0","0","https://x.com/undefined/status/1088219466654146561","1052209382438535168",
"1088147853279559680","Wed Jan 23 23:38:32 +0000 2019","0","@Dennysiregar7 @jokowi @prabowo Mental penjilat lu desy","1088219462354882560","","","in","","0","0","0","https://x.com/undefined/status/1088219462354882560","3159952908",
"1088219406075920384","Wed Jan 23 23:38:19 +0000 2019","0","I added a video to a @YouTube playlist https://t.co/V6l13T43ph BPN Prabowo Sandi Takut Jika Najwa Shihab Yang Jadi Moderator Debat","1088219406075920384","","","in","","0","0","0","https://x.com/undefined/status/1088219406075920384","719576507148935168",
"1088219369044348929","Wed Jan 23 23:38:10 +0000 2019","0","Thailand akan Gelar Pemilu Perdana Sejak Kudeta Militer https://t.co/aPEpjOhSc8","1088219369044348929","","","in","","0","0","0","https://x.com/undefined/status/1088219369044348929","2329327184",
"1088219367983235072","Wed Jan 23 23:38:10 +0000 2019","0","Mengapa Elektabilitas Jokowi Terus Turun? https://t.co/2WsVmlnPAc","1088219367983235072","","","in","","0","0","0","https://x.com/undefined/status/1088219367983235072","2590042351",
"1087854166523834368","Wed Jan 23 23:38:05 +0000 2019","0","@arsul_sani @Dahnilanzar @republikaonline @jokowi makin ditinggal aja nih partai #NgurusNegaraKokAmatiran","1088219349221990401","","arsul_sani","in","","0","0","0","https://x.com/undefined/status/1088219349221990401","907042412232454144",
"1088219284285734912","Wed Jan 23 23:37:50 +0000 2019","0","PASTINYO #AkuMauKamuLagi Jokowi krn telah berikan rasa aman pada seluruh warga negara","1088219284285734912","","","in","","0","0","0","https://x.com/undefined/status/1088219284285734912","1051813035872940032",
"1088063409009025024","Wed Jan 23 23:37:49 +0000 2019","0","@vincentrcrd @Cittairlanie @jokowi wkwkwk","1088219283123912704","","vincentrcrd","in","","0","0","0","https://x.com/undefined/status/1088219283123912704","103336664",
"1088038049424928773","Wed Jan 23 23:37:47 +0000 2019","0","@bebek_garing @alankokbrut @sandiuno @prabowo @TitiekSoeharto @nurasiauno Siap kang insyaallah","1088219272839450624","","bebek_garing","in","","0","0","0","https://x.com/undefined/status/1088219272839450624","1035775527020199937",
"1087939648553447425","Wed Jan 23 23:37:45 +0000 2019","0","@arsul_sani @Dahnilanzar @jokowi Bapak juga saking pengen jokowi menang meski salah dibela.","1088219263163260928","","arsul_sani","in","","0","0","0","https://x.com/undefined/status/1088219263163260928","806281151492988928",
"1088219262773149696","Wed Jan 23 23:37:45 +0000 2019","2","PWNU Jatim tidak pernah menyatakan mendukung salah satu Capres. #NUJatimTolakHoax https://t.co/LlJSsrdmkv","1088219262773149696","","","in","","0","0","0","https://x.com/undefined/status/1088219262773149696","748859361171165184",
"1088219249703772161","Wed Jan 23 23:37:41 +0000 2019","0","JELAS #AkuMauKamuLagi Jokowi krn telah berikan rasa aman pada seluruh warga negara","1088219249703772161","","","in","","0","0","0","https://x.com/undefined/status/1088219249703772161","1052209382438535168",
"1088206488475119616","Wed Jan 23 23:37:40 +0000 2019","1","@Teguh__007 @SartonoHutomo Gara2 bapak mu Kang elektabilitas jokowi hari ini turun 3%","1088219244305702912","","samhugget","in","","0","1","0","https://x.com/undefined/status/1088219244305702912","178707598",
"1088219239939358720","Wed Jan 23 23:37:39 +0000 2019","0","Bukan hal yg sulit bagi pak @jokowi memberikan aura positif #AkuMauKamuLagi https://t.co/Ncrip2MWPw","1088219239939358720","https://pbs.twimg.com/media/DxohbbLVYAAoKSQ.jpg","","in","","0","0","0","https://x.com/undefined/status/1088219239939358720","61211453",
"1088003609206214657","Wed Jan 23 23:37:35 +0000 2019","0","@daru73 @nongandah @jokowi Moso orang kaya disubsidi malu sama orang tidak mampu ngerti ga sih subsidi dicabut","1088219224470806528","","daru73","in","","0","0","0","https://x.com/undefined/status/1088219224470806528","980758642466041857",
"1088049627184545793","Wed Jan 23 23:37:30 +0000 2019","0","@deddywidayanto @lovly4all @ferrykoto @jokowi @SBYudhoyono @alvinlie21 Jgn heran begitu memang ciri2 warga negara berkembang.","1088219201506992128","","deddywidayanto","in","","0","0","0","https://x.com/undefined/status/1088219201506992128","1078620298893656065",
"1087716771895918592","Wed Jan 23 23:37:15 +0000 2019","0","@Dennysiregar7 @RizmaWidiono @prabowo @jokowi @PSSI Gak pantes lo komen 08 ngomong aja ma ini https://t.co/QLGMOGh0Wz","1088219140790185984","https://pbs.twimg.com/ext_tw_video_thumb/1088218871901806592/pu/img/6hhtlvxIi_zMDAQh.jpg","","in","","0","0","0","https://x.com/undefined/status/1088219140790185984","1058599868594176002",
"1088219118476582912","Wed Jan 23 23:37:10 +0000 2019","0","PASTINYO #AkuMauKamuLagi Jokowi krn telah TERBUKTI hadirkan kembali negara untuk melindungi bangsa","1088219118476582912","","","in","","0","0","0","https://x.com/undefined/status/1088219118476582912","1051813035872940032",
"1088219100449390597","Wed Jan 23 23:37:06 +0000 2019","0","Mengapa Elektabilitas Jokowi Terus Turun? https://t.co/QxLR9ABBUU https://t.co/lH3dIAy9j9","1088219100449390597","https://pbs.twimg.com/media/DxohgTUVsAAX0ja.jpg","","in","","0","0","3","https://x.com/undefined/status/1088219100449390597","591332946",
"1088219078932623360","Wed Jan 23 23:37:01 +0000 2019","0","Jelas #AkuMauKamuLagi Jokowi krn telah TERBUKTI hadirkan kembali negara untuk melindungi bangsa","1088219078932623360","","","in","","0","0","0","https://x.com/undefined/status/1088219078932623360","1052209382438535168",
"1088219064923648000","Wed Jan 23 23:36:57 +0000 2019","0","#AkuMauKamuLagi aku mau Pak @Jokowi memeruskan harapannya untuk memajukan bangsa ini. Semangat ya pak @OnesSinus","1088219064923648000","","","in","","0","0","0","https://x.com/undefined/status/1088219064923648000","1037942160400646144",
"1088008774676168710","Wed Jan 23 23:36:54 +0000 2019","0","@Je_Ly @Jokowi_inside @jokowi Yg menolak abb bebas ya nilai lah sendiri . Pemerintahan pak jokowi sdh memberi jalan krn demi kemanusia an dan usia nya sdh lanjut .dan biarkan lah keluarga abb bisa menilai sendiri dan tdk menyalah kan pemerintah .","1088219049425694720","","Je_Ly","in","","0","0","0","https://x.com/undefined/status/1088219049425694720","162551100",
"1088219038226952192","Wed Jan 23 23:36:51 +0000 2019","0","Pak @Jokowi aja setia sama rakyatnya masa kita rakyatnya gak setia sama beliau?! #AkuMauKamuLagi @OnesSinus","1088219038226952192","","","in","","0","0","0","https://x.com/undefined/status/1088219038226952192","1037942160400646144",
"1088219022972182528","Wed Jan 23 23:36:47 +0000 2019","2","Proses fasilitasi Musrenbangdes desa Ie Rhob Barat kec Simpang Mamplam Bireuen Aceh #JokowiMembangunDesa #pencegahanstunting @jokowi @EkoSandjojo @anwsanusi @taufikmadjid71 @HasanZulfahmi @mukhlisbireuen @tmyusuf3 https://t.co/lSDBZT6oj7","1088219022972182528","https://pbs.twimg.com/media/DxohbXKU0AARnwv.jpg","","in","","0","1","1","https://x.com/undefined/status/1088219022972182528","2288250217",
"1088219017418960897","Wed Jan 23 23:36:46 +0000 2019","0","Tentunya aku jawab #AkuMauKamuLagi Jokowi menjadi pemimpin ku~~","1088219017418960897","","","in","","0","0","0","https://x.com/undefined/status/1088219017418960897","2813162719",
"1088219015170875393","Wed Jan 23 23:36:46 +0000 2019","0","Disaat yang lain memiliki yg gak pasti pilihan aku tetap yang pasti² aja. Yaitu pak @Jokowi #AkuMauKamuLagi @OnesSinus","1088219015170875393","","","in","","0","0","0","https://x.com/undefined/status/1088219015170875393","1037942160400646144",
"1088218978634199040","Wed Jan 23 23:36:37 +0000 2019","0","Pokoknya 2019 aku gak mau ganti presiden pokoknyaaaa Pak @Jokowi #AkuMauKamuLagi @OnesSinus","1088218978634199040","","","in","","0","0","0","https://x.com/undefined/status/1088218978634199040","1037942160400646144",
"1088218959785078784","Wed Jan 23 23:36:32 +0000 2019","0","Pak @jokowi tau gak apa yang ada dipikiran mereka? Saya kasi tau pak. #AkuMauKamuLagi jadi presidenku!! Begitu katanya pak. Percayalah pak rakyatmu mencintaimu selalu!! @Arekkampung5 @ridlwandjogja https://t.co/eWxk9jZgjh","1088218959785078784","https://pbs.twimg.com/media/DxohXbOUUAA9WBO.jpg","","in","","1","1","1","https://x.com/undefined/status/1088218959785078784","1055330344486887424",
"1088218935705493506","Wed Jan 23 23:36:27 +0000 2019","0","PASTINYO #AkuMauKamuLagi Jokowi krn berhasil merebut kembali PT Freeport ke tangan Indonesia yang tidak berhasil dilakukan pemimpin sebelumnya","1088218935705493506","","","in","","0","0","0","https://x.com/undefined/status/1088218935705493506","1051813035872940032",
"1088218928717824001","Wed Jan 23 23:36:25 +0000 2019","0","@jokowi ayo maen","1088218928717824001","","jokowi","tl","","0","0","0","https://x.com/undefined/status/1088218928717824001","1064453027455631361",
"1088217450733162496","Wed Jan 23 23:36:21 +0000 2019","1","@FaGtng @jokowi JOKOWI &amp; BTP =DUET MAUT","1088218910556471297","","FaGtng","in","","0","0","0","https://x.com/undefined/status/1088218910556471297","1082893048508370944",
"1088218892042829824","Wed Jan 23 23:36:16 +0000 2019","0","salam jokowi untuk selamannya #01metaljakpus #01menangtotal","1088218892042829824","","","in","","0","0","0","https://x.com/undefined/status/1088218892042829824","1086297638566162433",
"1088218887005454337","Wed Jan 23 23:36:15 +0000 2019","0","Jelas #AkuMauKamuLagi Jokowi krn berhasil merebut kembali PT Freeport ke tangan Indonesia yang tidak berhasil dilakukan pemimpin sebelumnya","1088218887005454337","","","in","","0","0","0","https://x.com/undefined/status/1088218887005454337","1052209382438535168",
"1088218886040838144","Wed Jan 23 23:36:15 +0000 2019","0","Indonesia makin maju saat kamu menjadi Presiden #AkuMauKamuLagi yang jd presidennya pakde @jokowi","1088218886040838144","","","in","","0","0","0","https://x.com/undefined/status/1088218886040838144","74124986",
"1088207513818808320","Wed Jan 23 23:36:08 +0000 2019","16","@ProfYLH @PurbaHermanto @Ferdinand_Haean @PDemokrat @jokowi @SBYudhoyono mungkin bapak tertipu dengan gelar panjang ferdinan..","1088218858060636160","","ProfYLH","in","","0","0","3","https://x.com/undefined/status/1088218858060636160","971765433706586113",
"1088218819129004033","Wed Jan 23 23:35:59 +0000 2019","2","Kedekatan Ahok-Jokowi dan Batu Sandungan Dukungan di Pilpres https://t.co/LfKKLBj0I1","1088218819129004033","","","in","","1","0","0","https://x.com/undefined/status/1088218819129004033","17128975",
"1087303712861650945","Wed Jan 23 23:35:58 +0000 2019","0","@don_rahmad @BigBoss63821554 @saeful_kafi @saididu @jokowi Si DONgok NGIBUL LAGI https://t.co/09Xgbq5Cj7","1088218817321299970","","don_rahmad","in","","0","0","0","https://x.com/undefined/status/1088218817321299970","1037586879044960256",
"1088003609206214657","Wed Jan 23 23:35:58 +0000 2019","0","@daru73 @nongandah @jokowi Boleh monggo","1088218816872476672","","daru73","in","","0","0","0","https://x.com/undefined/status/1088218816872476672","980758642466041857",
"1085488126645088256","Wed Jan 23 23:35:47 +0000 2019","0","@LeaAccu @MbahUyok @prabowo GUE MENGHORMATI ULAMANYA GUE YAKIN KAUMNYA INI ORANG BUTA MATA BUTA HATI DEMI BERKUASA. #SALAM2PERIODE #PrabowoTakutNgaji #JokowiOrangBaik #PrabowoLagiMabar #IndonesiaBukanPermainan #INDONESIAMENANGLOEKIRANKRIPERMAINAN https://t.co/j4Pqq7eUUL","1088218768562507776","https://pbs.twimg.com/media/DxohMc7UcAA6DAb.jpg","","in","","0","0","0","https://x.com/undefined/status/1088218768562507776","2181211400",
"1088218768445079552","Wed Jan 23 23:35:47 +0000 2019","0","PASTINYO #AkuMauKamuLagi Jokowi karena pembangunan infrastruktur di berbagai daerah terus digencarkan untuk memacu pertumbuhan ekonomi","1088218768445079552","","","in","","0","0","0","https://x.com/undefined/status/1088218768445079552","1051813035872940032",
"1087520195915075584","Wed Jan 23 23:35:44 +0000 2019","0","@jokowi #MajulahIndonesiaku Good job sir","1088218756763906048","","jokowi","en","","0","0","0","https://x.com/undefined/status/1088218756763906048","1083674151682854913",
"1088218735222185984","Wed Jan 23 23:35:39 +0000 2019","0","Di balik kisah Pembebasan ABUBAKAR BAASYIR aksi Jokowi yang menarik sejumlah tokoh representatif kelompok Muslim konservatif ke kubunya; mulai dari pasangannya sendiri di pilpres ... https://t.co/48kKYuiYzn","1088218735222185984","","","in","","0","0","0","https://x.com/undefined/status/1088218735222185984","717048857180246016",
"1087923044570578949","Wed Jan 23 23:35:36 +0000 2019","8","@iskandar__fauzi @justogavin @Andy_Budiman_ @jokowi Baaaandar bangkruttt....bandarrrrrrr baaaangkruuuuut .","1088218723758989312","","iskandar__fauzi","in","","0","0","0","https://x.com/undefined/status/1088218723758989312","1016739136189825024",
"1088066150443888640","Wed Jan 23 23:35:34 +0000 2019","0","@KosongSatuMetal @jokowi @KHMarufAmin_ @prabowo Udah klop sama nomor 01 Pemimpin yang Merakyat dan Cinta Ulama ga kaya pak Wowo #PrabowoHoax #Ahok #01MenangTotal #JokowiLebihBaik","1088218716897107968","","KosongSatuMetal","in","","0","0","0","https://x.com/undefined/status/1088218716897107968","1083708912539295746",
"1088073889790324736","Wed Jan 23 23:35:33 +0000 2019","0","@rockygerung @Edo_Kombatan Tdk bs ditampik bahwasanya mencuatnya pak rocky ini menjadi magnet bagi masyarakat. Namun jg perlu diketahui banyak masyarakat yg suka dg sosok pak rocky tetapi berbeda pandangan ttg capres cawapres. Semoga pak Rocky memaklumi itu dan menganggapkn sbg bagian dr demokrasi...","1088218710018387968","","rockygerung","in","","0","0","0","https://x.com/undefined/status/1088218710018387968","1027513167805440000",
"1088218689336311808","Wed Jan 23 23:35:28 +0000 2019","0","Sy stuju bang. Orang baik wajib dukung JOKOWI-AMIN agar para mafia dan klompok intoleran tdk kuasai indonesia #01JokowiLagi ","1088218689336311808","","","in","","0","0","0","https://x.com/undefined/status/1088218689336311808","1958653772",
"1088218676753399808","Wed Jan 23 23:35:25 +0000 2019","0","JELAS #AkuMauKamuLagi Jokowi karena pembangunan infrastruktur di berbagai daerah terus digencarkan untuk memacu pertumbuhan ekonomi","1088218676753399808","","","in","","0","0","0","https://x.com/undefined/status/1088218676753399808","1052209382438535168",
"1088078877107187712","Wed Jan 23 23:35:18 +0000 2019","0","@kn_bangdol karena kenaikan harganya kayak ga mengikuti standard apa2. ngikutin inflasi? masak kenaikan sampe 100 persen dalam sebulan. trus bentar lagi pemilu increment nya bisa jadi buat setoran.","1088218649570099200","","kn_bangdol","in","","0","1","0","https://x.com/undefined/status/1088218649570099200","255092142",
"1088172654815719425","Wed Jan 23 23:35:12 +0000 2019","0","@detikcom @prabowo @jokowi Ketawaa az la...","1088218624764960768","","detikcom","in","","0","0","0","https://x.com/undefined/status/1088218624764960768","1027977966670606336",
"1088003609206214657","Wed Jan 23 23:35:12 +0000 2019","0","@satMAG5 @nongandah @GunRomli @jokowi Jangankan Sayurnya gerobaknya juga boleh","1088218623980654592","","satMAG5","in","","0","0","0","https://x.com/undefined/status/1088218623980654592","980758642466041857",
"1088218595555893248","Wed Jan 23 23:35:09 +0000 2019","4","Perusakan hutan di Kalimantan Tengah akn trus trjdi apabila pemerintah abai dan biarkan pmbukaan lahan tanpa ijin sisi lain pemerintah dianggap tidak mampu dalam menegakkan dan menjalankan mandat atas pelanggaran undang-undang yang saat ini terjadi di Kotawaringin Barat @jokowi https://t.co/NTVebGaXR8","1088218609724190720","https://pbs.twimg.com/media/DxohDNTVsAEZrrp.jpg","walhinasional","in","","0","1","6","https://x.com/undefined/status/1088218609724190720","201309164",
"1088218598705815552","Wed Jan 23 23:35:06 +0000 2019","0","Assalamualaikum Gue heran ya pemilu belum mulai rumah sakit jiwa sudah bersiap siap dan sudah mempersiapkan ruangan khusus .... Ada apa ya #bingung.com","1088218598705815552","","","in","","0","0","0","https://x.com/undefined/status/1088218598705815552","473688528",
"1088218595555893248","Wed Jan 23 23:35:05 +0000 2019","13","23/1/2019. Jutaan hutan Kalimantan Tengah rusak akibat pembukaan lahan untuk industri ekstraktif seperti perkebunan kelapa sawit dan pertambangan maupun industri kehutanan. Namun kondisi ini tidak lantas menghentikan perluasan kawasan untuk investasi yang terus terjadi @jokowi https://t.co/OLxoh4fGGr","1088218595555893248","https://pbs.twimg.com/media/DxohCWvVsAAtMH0.jpg","","in","","0","2","12","https://x.com/undefined/status/1088218595555893248","201309164",
"1088218583073615872","Wed Jan 23 23:35:02 +0000 2019","0","Pakkkkk #AkuMauKamuLagi yang terus memimpin negeri ini. Kami butuh kamu pak @jokowi : ) @Arekkampung5 https://t.co/pqR5MZoNWe","1088218583073615872","https://pbs.twimg.com/media/DxohBovU8AEBg8z.jpg","","in","","1","1","1","https://x.com/undefined/status/1088218583073615872","1055330344486887424",
"1088218580150378497","Wed Jan 23 23:35:02 +0000 2019","0","Debat Sengit Ngabalin di TV Sampai Fadli Zon Putar Rekaman Suara Jokowi https://t.co/fkqbNxkefD","1088218580150378497","","","in","","0","0","0","https://x.com/undefined/status/1088218580150378497","846715204637376513",
"1088218559652728832","Wed Jan 23 23:34:57 +0000 2019","0","Hadiri Rapat Minggon Kecamatan Kapolsek Cibarusah Beri Pemahaman Peran Serta Polri Jelang Pemilu 2019 https://t.co/NoCuwJk2gt https://t.co/yuhXPc1eFL","1088218559652728832","https://pbs.twimg.com/media/DxohA0LUwAAtqZa.jpg","","in","","0","0","0","https://x.com/undefined/status/1088218559652728832","1044141470851244032",
"1088218533522231296","Wed Jan 23 23:34:51 +0000 2019","0","Saya suka video @YouTube https://t.co/Gg5dIJT4TD Kick Andy Wawancara ekslusif Prabowo: Habibie Prabowo dan Wiranto bersaksi","1088218533522231296","","","in","","0","0","0","https://x.com/undefined/status/1088218533522231296","2317825008",
"1088218526098219008","Wed Jan 23 23:34:49 +0000 2019","0","PASTINYO #AkuMauKamuLagi Jokowi sebab beliau cepat dalam merespons sesuatu sehingga pertumbuhan ekonomi di dalam negeri relatif baik","1088218526098219008","","","in","","0","0","0","https://x.com/undefined/status/1088218526098219008","1051813035872940032",
"1088209912335785984","Wed Jan 23 23:34:49 +0000 2019","0","@NiPutujelantik @prabowo @sandiuno Aamiin Yaa Mujibas Saailiin Rakyat Senang Pemimpin Tenang hanya bersama @prabowo @sandiuno Indonesia Adil Makmur","1088218524999245824","","","in","","0","0","0","https://x.com/undefined/status/1088218524999245824","833303895254323201",
"1087950942174171137","Wed Jan 23 23:34:48 +0000 2019","0","@tans_trisna @Ferdinand_Haean @jokowi Pangen bebas ya patuhi nkri","1088218523732664320","","tans_trisna","in","","0","0","0","https://x.com/undefined/status/1088218523732664320","1087994015537078272",
"1088049627184545793","Wed Jan 23 23:34:48 +0000 2019","9","@ferrykoto @budimandjatmiko @jokowi @SBYudhoyono @alvinlie21 Setelah beberapa lama menyimak dan mengamati akhirnya saya sampai pada kesimpulan bahwa tipe manusia yg mendukung paslon no. 2 adalah tipe manusia yg ketika di kasih hoax/berita palsu di telan mentah2 tp di kasih data yg valid malah ga mau nerima.","1088218523724263424","","ferrykoto","in","","0","1","0","https://x.com/undefined/status/1088218523724263424","1078620298893656065",
"1088218512256946176","Wed Jan 23 23:34:46 +0000 2019","22","Pak Jokowi bilang kasihan ustadz Abu bakar Ba'asyir . Sudah Udzur Tua dan sakit sakitan.. Jadi ke ingat Kya Ma'ruf Amin sayah #PrabowoIndonesiaMenang","1088218512256946176","","","in","","0","0","2","https://x.com/undefined/status/1088218512256946176","1182582278",
"1088218476693475329","Wed Jan 23 23:34:37 +0000 2019","0","Jokowi harus tumbang Ulama aja di PHP'in apa lagi rakyat kecil .... #Cukup1Priode mau nambah perbaiki visi misi Pro Rakyat","1088218476693475329","","","in","","0","0","0","https://x.com/undefined/status/1088218476693475329","1139097679",
"1087902577922981889","Wed Jan 23 23:34:20 +0000 2019","1","@teazmee Plin plan mending rungokne simple plan daripada @jokowi","1088218404345937920","","teazmee","in","","0","0","0","https://x.com/undefined/status/1088218404345937920","940963743550152704",
"1088081277377343488","Wed Jan 23 23:34:20 +0000 2019","0","@HarnawaBudi @Fahrihamzah @jokowi Nganu.. itu nganu .. ngacir dulu ah","1088218403796447233","","HarnawaBudi","in","","0","0","0","https://x.com/undefined/status/1088218403796447233","435191629",
"1088074419820421120","Wed Jan 23 23:34:18 +0000 2019","0","@nirmayuliansyah Seremm euy pk ayat quran yakin calon pilhannya bukan termasuk golongan penipu?? Bersihh??... Prabowo sandi pernah memimpin apa siy di indonesia?? Blum pernah!!! Yg ini dh kliatan infra struktur... Emang g mgakuin kl infrastruktur dibangun??","1088218397253427200","","nirmamarina","in","","0","0","0","https://x.com/undefined/status/1088218397253427200","112352828",
"1087603612694368256","Wed Jan 23 23:34:13 +0000 2019","0","@AdeNursaadah @MbiringD @gunanuddin @IndraJPiliang @prabowo Belajar lagi sejarah masa sejarah baru ajha ngak paham Atau emang loe suka memalukan diri loe sendiri?","1088218374486712320","","AdeNursaadah","in","","0","0","0","https://x.com/undefined/status/1088218374486712320","876531582",
"1088153030325764096","Wed Jan 23 23:34:08 +0000 2019","0","@lembagaPI untung saja presiden wiranto cepat mengatasi keruwetan yg di akibatkan bawahannya sdr jokowi yg telah bikin blunder tsb","1088218354341404674","","bonihargens_","in","","0","0","0","https://x.com/undefined/status/1088218354341404674","1297339788",
"1088218344430268416","Wed Jan 23 23:34:06 +0000 2019","1","skali lagi @jokowi #AkuMauKamuLagi https://t.co/255lTIswFw","1088218344430268416","https://pbs.twimg.com/media/DxogyqfUYAAlQs-.jpg","","in","","0","0","2","https://x.com/undefined/status/1088218344430268416","1072000887642447872",
"1088218328370274306","Wed Jan 23 23:34:02 +0000 2019","0","#AkuMauKamuLagi pak Jokowi yang jadi presiden Indonesia sekali lagi","1088218328370274306","","","in","","0","0","0","https://x.com/undefined/status/1088218328370274306","1061521097189773314",
"1088218285601021952","Wed Jan 23 23:33:52 +0000 2019","0","Yusril Ihza Mahendra Beberkan Perbincangannya dengan Jokowi terkait Pembebasan Abu Bakar Baasyir https://t.co/L0kn5ENfed","1088218285601021952","","","in","","0","0","0","https://x.com/undefined/status/1088218285601021952","988195989793091584",
"1088218279347273729","Wed Jan 23 23:33:50 +0000 2019","0","PASTINYO #AkuMauKamuLagi Jokowi sebab beliau lebih senang memimpin sesuai tata aturan hukum yang ada @asepjovirs @pbsp30 @DodiFebriansya8","1088218279347273729","","","in","","0","0","0","https://x.com/undefined/status/1088218279347273729","1051813035872940032",
"1088218215530999808","Wed Jan 23 23:33:35 +0000 2019","0","Jelas #AkuMauKamuLagi Jokowi sebab beliau lebih senang memimpin sesuai tata aturan hukum yang ada @asepjovirs @pbsp30 @DodiFebriansya8","1088218215530999808","","","in","","0","0","0","https://x.com/undefined/status/1088218215530999808","1052209382438535168",
"1087920002798366721","Wed Jan 23 23:33:34 +0000 2019","7","@UNITEDFANS91 @Dahnilanzar @arsul_sani @jokowi Goblok bener. Kalo emg presiden tinggal perintah trs merintahin buat ngebasmi orang2 kayak u emang mau?","1088218210975965184","","","in","","0","1","0","https://x.com/undefined/status/1088218210975965184","1453706761",
"1088218173235695617","Wed Jan 23 23:33:25 +0000 2019","0","(BBC | Remisi terpidana pembunuhan wartawan dan kasus Ba'asyir: Langkah politis?) https://t.co/8ZsUAkRfTN #pemilu #pemilu2019","1088218173235695617","","","in","","0","0","0","https://x.com/undefined/status/1088218173235695617","968428811107819521",
"1088095064415453184","Wed Jan 23 23:33:17 +0000 2019","1","@NajwaShihab ka nana kapan pimpin debat capres? ","1088218140733927424","","NajwaShihab","in","","0","0","0","https://x.com/undefined/status/1088218140733927424","1048272406819745794",
"1088218076070391808","Wed Jan 23 23:33:02 +0000 2019","0","Gak ragu aku jawab #AkuMauKamuLagi Pak Jokowi.","1088218076070391808","","","in","","0","0","0","https://x.com/undefined/status/1088218076070391808","2813162719",
"1088218071586590721","Wed Jan 23 23:33:01 +0000 2019","0","Oh jadi buzzer jokowi ahok kompakan mau jelek2in @aniesbaswedan @SuaraAnies demi narasi jangan golput tuh liat jakarta karena anda golput sekarang jakarta jadi berantakan huahahaha bener bung @rockygerung ini semua soal akal sehat yg hilang sejak munculnya jokowi ahok.","1088218071586590721","","","in","","0","0","0","https://x.com/undefined/status/1088218071586590721","169355483",
"1088218058349412352","Wed Jan 23 23:32:57 +0000 2019","0","PATINYO #AkuMauKamuLagi Jokowi krn Jokowi suka mengakomodir pendapat orang yang selama ini dianggap baik @asepjovirs @pbsp30 @DodiFebriansya8","1088218058349412352","","","in","","0","0","0","https://x.com/undefined/status/1088218058349412352","1051813035872940032",
"1087997701185249281","Wed Jan 23 23:32:56 +0000 2019","0","@saididu Kapan yaa PSI ngasi AWARD buat pak Jokowi","1088218051416272897","","saididu","in","","0","0","0","https://x.com/undefined/status/1088218051416272897","232045620",
"1088003609206214657","Wed Jan 23 23:32:50 +0000 2019","0","@AndankKdi @nongandah @sahaL_AS @jokowi Jokowi dong biar ga dikibulin ...........masa selang dibilang tabung","1088218027256999936","","Naikkkkkk","in","","0","0","0","https://x.com/undefined/status/1088218027256999936","980758642466041857",
"1088218007287914497","Wed Jan 23 23:32:45 +0000 2019","2","SATU Kali lagi jadi Presiden untuk pak @jokowi Awan pagi ini di Semarang ... Eeeeeeaaaa #AkuMauKamuLagi https://t.co/988pmQZ74q","1088218007287914497","https://pbs.twimg.com/ext_tw_video_thumb/1088217847338168320/pu/img/x6JJ-fZ8znDxhhhu.jpg","","in","","0","0","2","https://x.com/undefined/status/1088218007287914497","58711038",
"1088218006671380480","Wed Jan 23 23:32:45 +0000 2019","0","Jelas #AkuMauKamuLagi Jokowi krn Jokowi suka mengakomodir pendapat orang yang selama ini dianggap baik @asepjovirs @pbsp30 @DodiFebriansya8","1088218006671380480","","","in","","0","0","0","https://x.com/undefined/status/1088218006671380480","1052209382438535168",
"1087303712861650945","Wed Jan 23 23:32:42 +0000 2019","0","@don_rahmad @BigBoss63821554 @saeful_kafi @saididu @jokowi Orang Bule aja tau https://t.co/uhRYUduWRo","1088217991794241536","https://pbs.twimg.com/media/DxogfrSUYAASIt8.jpg","don_rahmad","in","","0","0","0","https://x.com/undefined/status/1088217991794241536","1037586879044960256",
"1088217982973530112","Wed Jan 23 23:32:39 +0000 2019","0","Baru ngeliat video ini ternyata udah di naikin beritanya sama detik di bulan september. Demi Tuhan dan setan manapun dadaku sakit melihat ini. Aku selalu mengapresiasi presiden terpilih wahai Mr @jokowi berbicaralah dan klarifikasi atau kritikku akan terus terang kepadamu. https://t.co/hRb8rjbF8s","1088217982973530112","https://pbs.twimg.com/ext_tw_video_thumb/1088216966836322304/pu/img/WFjGUHaQ9k6gKpoz.jpg","","in","","0","0","1","https://x.com/undefined/status/1088217982973530112","299996969",
"1088142998871764992","Wed Jan 23 23:32:26 +0000 2019","0","@francmohede @prabowo @sandiuno Betul bang...fokus pemenangan 02 jgn bahas isu yg ga penting #PrabowoSandiSolusiNKRI","1088217927088693248","","francmohede","in","","0","0","0","https://x.com/undefined/status/1088217927088693248","2944003356",
"1088003609206214657","Wed Jan 23 23:32:24 +0000 2019","1","@nongandah @jokowi #JKWBatalCintaUlama","1088217916984614912","","nongandah","qme","","0","0","0","https://x.com/undefined/status/1088217916984614912","917268655905243136",
"1088199149625851905","Wed Jan 23 23:32:23 +0000 2019","3","@HideiaFaza @ridlwandjogja @MurtadhaOne @Hello_Reya @NusaDiany @Suhadakae Membiru indraku. Sempat ku tertipu dengan yang lainnya. Tapi #AkuMauKamuLagi pak @jokowi","1088217913771798528","","Bukan_ngUstadz","in","","0","0","2","https://x.com/undefined/status/1088217913771798528","1055330344486887424",
"1088217903642468353","Wed Jan 23 23:32:20 +0000 2019","0","Keren bangaaatt nich pendukung pak @prabowo dan bang @sandiuno Kreatif kreatif dan kreatif Ajak nich kalau lg kampanyar bisa membakar semangat hahaha #2019GantiPresiden","1088217903642468353","","","in","","0","0","0","https://x.com/undefined/status/1088217903642468353","1076966887295115264",
"1088217830493892609","Wed Jan 23 23:32:03 +0000 2019","0","PASTINYO #AkuMauKamuLagi Jokowi sebab beliau bukan orang yang otoriter dan totaliter yang gampang memberangus siapa saja yang menentangnya #AkuMauKamuLagi @asepjovirs @pbsp30 @DodiFebriansya8","1088217830493892609","","","in","","1","0","0","https://x.com/undefined/status/1088217830493892609","1051813035872940032",
"1087303712861650945","Wed Jan 23 23:32:02 +0000 2019","0","@don_rahmad @BigBoss63821554 @saeful_kafi @saididu @jokowi https://t.co/5zIuDu2jKE","1088217827301978112","","don_rahmad","qme","","0","0","0","https://x.com/undefined/status/1088217827301978112","1037586879044960256",
"1088057729833287680","Wed Jan 23 23:31:48 +0000 2019","0","@RizmaWidiono @woelannnn Emangnya Jokowi dkk ga di Jakarta ya... Apa dah pulang ke solo...?","1088217767520530432","","RizmaWidiono","in","","0","0","0","https://x.com/undefined/status/1088217767520530432","1079542129951531008",
"1087923044570578949","Wed Jan 23 23:31:41 +0000 2019","0","@Andy_Budiman_ @jokowi saya tidak gol put ... dan saya pastikan tdk pilih PSI","1088217738059763712","","Andy_Budiman_","in","","0","0","0","https://x.com/undefined/status/1088217738059763712","883571607377108992",
"1088073198959157248","Wed Jan 23 23:31:39 +0000 2019","0","@Gerindra Penyesalan terbesar dalam pemilu milih adalah partai merah berbulu ijo","1088217728727556097","","Gerindra","in","","0","0","0","https://x.com/undefined/status/1088217728727556097","47540637",
"1088015972139597824","Wed Jan 23 23:31:38 +0000 2019","0","@infogarut @PemdaGarut @bappedagarut Omean jalan ... sataun ge encan aspal ges barolong deui .ongkoh kota pariwisata tapi infrastruktur taipedut tah pa @ridwankamil @jokowi","1088217725837598721","","infogarut","in","","0","1","0","https://x.com/undefined/status/1088217725837598721","68369530",
"1088153722843090944","Wed Jan 23 23:31:35 +0000 2019","1","@beny_lombok @ridlwandjogja @jokowi @mumu_qyu @Putra_PRP @The_Zhendi @HideiaFaza @aji_karno @nyenyenggg @PowerEmak @kitkitkatkit @Ofysasak Kalau aku mau sama kamu aja #AkuMauKamuLagi","1088217711191064576","","beny_lombok","in","","0","0","0","https://x.com/undefined/status/1088217711191064576","1055330344486887424",
"1088073979879841792","Wed Jan 23 23:31:25 +0000 2019","0","@mohmahfudmd @saididu Cocok nih jadi capres cawapres 2024...","1088217670917316608","","mohmahfudmd","in","","0","0","0","https://x.com/undefined/status/1088217670917316608","1355616132",
"1088217666051989505","Wed Jan 23 23:31:24 +0000 2019","0","Jelas #AkuMauKamuLagi Jokowi krn Beliau bukan orang yang otoriter dan totaliter yang gampang memberangus siapa saja yang menentangnya Makanya @asepjovirs @pbsp30 @DodiFebriansya8","1088217666051989505","","","in","","0","0","0","https://x.com/undefined/status/1088217666051989505","1052209382438535168",
"1088214520646914048","Wed Jan 23 23:31:24 +0000 2019","0","@herikus70 @RamadanAfdi @SWD_Wolverine @jokowi @Iceu_suryani @Namaku_Mei @sedyautamaandin @leonsys0305 @Next_J2P @Y_Radianto @BHD_58 Mauliate ","1088217665196384256","","herikus70","it","","0","0","0","https://x.com/undefined/status/1088217665196384256","892290867582468097",
"1088142998871764992","Wed Jan 23 23:31:20 +0000 2019","0","@francmohede @prabowo @sandiuno bebas gmn mas dipenjara jg ga","1088217650008809472","","francmohede","in","","0","0","0","https://x.com/undefined/status/1088217650008809472","2249919381",
"1088217625375592448","Wed Jan 23 23:31:14 +0000 2019","423"," Ayoo qta Goyang 2 Jari Biar qta happy #PilihPrabowoSandi Cc @prabowo @sandiuno @Gerindra @Dr_IBHRS @aagym @roemahdjoeang @RoemahSandi @MacanPADl @florielicious @TPranawisanty @NoBody_0602 @_argentalya @Ndon08Back @budihidayat20 @dadang_adp @_arifisme_ https://t.co/L8TI7IErPv","1088217625375592448","https://pbs.twimg.com/ext_tw_video_thumb/1088217515690344456/pu/img/4i6ReNFoIEAUsxK6.jpg","","in","","7","13","200","https://x.com/undefined/status/1088217625375592448","939491568",
"1087698932417712130","Wed Jan 23 23:31:13 +0000 2019","0","@gm_gm @Rtihb @lukmansaifuddin @jokowi jangan ikutan ngeles seperti junjunganmu Mbah ingat kamu cuman Jinjinganya.","1088217619906256896","","gm_gm","in","","0","0","0","https://x.com/undefined/status/1088217619906256896","995004696170414080",
"1088217591598833665","Wed Jan 23 23:31:06 +0000 2019","0","Kebersamaan dan keceriaan senantiasa bersama pak @jokowi @JagaJokowi #AkuMauKamuLagi https://t.co/97bSiNDZJ8","1088217591598833665","https://pbs.twimg.com/media/Dxof30-VYAAagu-.jpg","","in","","0","0","0","https://x.com/undefined/status/1088217591598833665","61211453",
"1087950942174171137","Wed Jan 23 23:31:02 +0000 2019","2","@Ferdinand_Haean @fadlizon @jokowi Apapun yg dijlnkan presiden akan ditanggapi macam2..dgn berbagai persepsi. tp yg terpenting jgn sampai presiden yg melanggar hukum itu sendiri.","1088217575811538945","","Ferdinand_Haean","in","","0","1","0","https://x.com/undefined/status/1088217575811538945","226419269",
"1088217572569272320","Wed Jan 23 23:31:02 +0000 2019","8","Jokowi Beri Remisi Pembunuh Wartawan Yasonna: Enggak Muat Itu Lapas Kalau Gak Ada Remisi #NgurusNegaraKokAmatiran https://t.co/HXDS9bgxC1","1088217572569272320","","","in","","1","6","8","https://x.com/undefined/status/1088217572569272320","2991557823",
"1088217555464970241","Wed Jan 23 23:30:57 +0000 2019","0","Debat ke 2..pertanyaan dari @prabowo lebih baik pake bhs inggris..kemaren debat pertama pertanyaan pake bhs ind dijawab ngawur sama pak @jokowi .mungkin pak jokowi kurang faham dgn bhs indonesia","1088217555464970241","","","in","","0","0","0","https://x.com/undefined/status/1088217555464970241","2994425568",
"1088217553158242310","Wed Jan 23 23:30:57 +0000 2019","0","BPN Prabowo-Sandiaga himpun masukan ahli hadapi debat kedua https://t.co/t7CQChaoJo","1088217553158242310","","","in","","0","0","0","https://x.com/undefined/status/1088217553158242310","846715204637376513",
"1088217544601722880","Wed Jan 23 23:30:55 +0000 2019","0","PASTINYO #AkuMauKamuLagi Jokowi sebab leadership Jokowi selalu menerapkan pendekatan persuasif sesuai dengan prinsip prinsip demokrasi Makanya @asepjovirs @pbsp30 @DodiFebriansya8","1088217544601722880","","","in","","0","0","0","https://x.com/undefined/status/1088217544601722880","1051813035872940032",
"1087923044570578949","Wed Jan 23 23:30:53 +0000 2019","0","@Andy_Budiman_ @jokowi Otak luh aja yang brantakan kalieee","1088217535353245697","","Andy_Budiman_","in","","0","0","0","https://x.com/undefined/status/1088217535353245697","898896707634606080",
"1087923000815599618","Wed Jan 23 23:30:52 +0000 2019","0","@raffelino @detikfinance @susipudjiastuti @prabowo @Gerindra @sandiuno ","1088217534216601600","","raffelino","qme","","0","0","0","https://x.com/undefined/status/1088217534216601600","1346943878",
"1088217480999268352","Wed Jan 23 23:30:40 +0000 2019","1","HT Deklarasi Pemenangan Ribuan Caleg Perindo: Pak Jokowi Presidenku https://t.co/UbhWeXrjCh","1088217480999268352","","","in","","0","0","0","https://x.com/undefined/status/1088217480999268352","4393472592",
"1088217450733162496","Wed Jan 23 23:30:33 +0000 2019","17","Perhatikan setiap sudut mimik wajah mata dan senyum @Jokowi saat berbicara dengan jurnalis.. Saya kagum padamu pak... Rasa hormat.. Rasa sayang... Pada #BTP terlihat samar dimimik wajah.. DUET MANTAP PUTRA BANGSA #BTPsahabatJKW1 #JKW1sahabatBTP #SalamSatuJempol","1088217450733162496","","","in","","0","3","6","https://x.com/undefined/status/1088217450733162496","972357839279673344",
"1088217444852862976","Wed Jan 23 23:30:31 +0000 2019","0","(Berita | Jokowi Klaim Tak Keluar Duit di Pilgub DKI BPN Sebut Bohong) https://t.co/x3zlANxBd9 #pemilu #pemilu2019","1088217444852862976","","","in","","0","0","0","https://x.com/undefined/status/1088217444852862976","968428811107819521",
"1088217430059409408","Wed Jan 23 23:30:28 +0000 2019","0","Jelas #AkuMauKamuLagi Jokowi sebab leadership Jokowi selalu menerapkan pendekatan persuasif sesuai dengan prinsip prinsip demokrasi Makanya @asepjovirs @pbsp30 @DodiFebriansya8","1088217430059409408","","","in","","0","0","0","https://x.com/undefined/status/1088217430059409408","1052209382438535168",
"1087603612694368256","Wed Jan 23 23:30:23 +0000 2019","0","@sukronmadilog @MbiringD @gunanuddin @IndraJPiliang @prabowo Ya mana mungkin mertua dia yg pecat dia... Hahaha","1088217409020817408","","sukronmadilog","in","","0","1","0","https://x.com/undefined/status/1088217409020817408","403225919",
"1088217380600242176","Wed Jan 23 23:30:16 +0000 2019","14","Heran saya mengoreksi hoaks dan fitnah yg ditujukan ke @BPJSKesehatanRI dan Pak @jokowi koq malah ada yg marah2 ya? Bukan kah dlm agama apapun jg sangat jelas di dalam Islam kita diperintah menyampaikan kebenaran? Sebenarnya kalian ini bergama atau hanya dipenuhi kebencian?","1088217380600242176","","","in","","1","13","3","https://x.com/undefined/status/1088217380600242176","24893875",
"1088217339303145472","Wed Jan 23 23:30:06 +0000 2019","2","Debat Sengit Ngabalin di TV Sampai Fadli Zon Putar Rekaman Suara Jokowi https://t.co/pFE7Ja37VI","1088217339303145472","","","in","","0","0","1","https://x.com/undefined/status/1088217339303145472","456426648",
"1087983363015757830","Wed Jan 23 23:30:05 +0000 2019","0","@marierteman betul bgt. biarpu pak prabowo nya ikhlas dan ga ngungkit2 tp kn kita tau kejadiannya terlalu dungu klo kita mw milih penghianat. penghianat satu barisan sama penghianat lainnya.","1088217336119611392","","marierteman","in","","0","0","0","https://x.com/undefined/status/1088217336119611392","2249919381",
"1088217246479015937","Wed Jan 23 23:29:44 +0000 2019","0","Pasti Jokowi pemimpin sejati selalu memikirkan rakyatnya #AkuMauKamuLagi","1088217246479015937","","","in","","1","0","0","https://x.com/undefined/status/1088217246479015937","1048109847206449152",
"1087762011650289664","Wed Jan 23 23:29:43 +0000 2019","0","@chicohakim @jokowi Wah itu pertanyaan yg menohok bang @chicohakim Krn umumnya seperti yg lalu² mungkin ada kompensasi kalo SDH ks sponsor Alhamdulillah misi Presiden jelas prioritas utk RAKYAT KECIL UMKM KEMANDIRIAN EKONOMI NASIONAL","1088217243702325248","","chicohakim","in","","0","0","0","https://x.com/undefined/status/1088217243702325248","1024145167064821762",
"1088217204904976385","Wed Jan 23 23:29:34 +0000 2019","0","Mau mengganti pak Jokowi mah susah #AkuMauKamuLagi","1088217204904976385","","","in","","0","0","0","https://x.com/undefined/status/1088217204904976385","1057987564211077120",
"1087939648553447425","Wed Jan 23 23:29:32 +0000 2019","0","@arsul_sani @Dahnilanzar @jokowi Hemmmm sepertinya @arsul_sani ngefans berat sama bang @Dahnilanzar ....","1088217197376229376","","arsul_sani","in","","0","0","0","https://x.com/undefined/status/1088217197376229376","170928956",
"1087603612694368256","Wed Jan 23 23:29:00 +0000 2019","0","@BahanaRahayu2 @gunanuddin @IndraJPiliang Samaaa.... Justru sekarang lebih banyak pendukung prabowo yang beralih ke Jokowi sama seperti keluarga saya di Riau yg skrg tdk merasakan lagi kabut asap...","1088217060721647616","","Silvana_hayden","in","","0","0","0","https://x.com/undefined/status/1088217060721647616","403225919",
"1087939648553447425","Wed Jan 23 23:28:53 +0000 2019","0","@arsul_sani @Dahnilanzar @jokowi Mau tanya pak Asrul.. kapasitas YIM ke gn. Sindur itu sebagai apa? kalo sbg pengacara Jokowi-MA knp dia.. bukankah presiden punya pembantu? minimal dirjenlah yg dikirim..","1088217035048275968","","arsul_sani","in","","0","0","0","https://x.com/undefined/status/1088217035048275968","1047847725490790400",
"1088049627184545793","Wed Jan 23 23:28:46 +0000 2019","1","@deddywidayanto @lovly4all @ferrykoto @jokowi @SBYudhoyono @alvinlie21 Mampus Khan ? Sudah enak cuma bayar 80 rb hampir semua penyakit ditanggung tanpa harus ada pengecekan riwayat kesehatan asuransi kesehatan mana yang bisa kayak bpjs","1088217005595873280","","deddywidayanto","in","","0","0","0","https://x.com/undefined/status/1088217005595873280","125029932",
"1088095300072271872","Wed Jan 23 23:28:32 +0000 2019","0","@Ferdinand_Haean Yg lucu lagi KATAKAN TIDAK PADAhal KORUPSI Alhamdulillah jaman pa Jokowi ga seperti itu","1088216943465623554","","Ferdinand_Haean","in","","0","0","0","https://x.com/undefined/status/1088216943465623554","998810724708241408",
"1088216942593200128","Wed Jan 23 23:28:31 +0000 2019","0","@jokowi masih ada juga kah nyalinya","1088216942593200128","","jokowi","in","","0","0","0","https://x.com/undefined/status/1088216942593200128","3162935384",
"1087726357101060097","Wed Jan 23 23:28:22 +0000 2019","0","@dulatips Jokowi gagal banget.","1088216903959498753","","farahmagz","in","","0","0","0","https://x.com/undefined/status/1088216903959498753","1010549457165811714",
"1087939648553447425","Wed Jan 23 23:28:21 +0000 2019","0","@arsul_sani @Dahnilanzar @jokowi Adikku yg lulusan SD aja tahu...ini Doktor lhoo..koq.lebih bloon yaa...","1088216897215070209","","arsul_sani","in","","0","0","0","https://x.com/undefined/status/1088216897215070209","1051779512692690945",
"1088216883009007616","Wed Jan 23 23:28:17 +0000 2019","0","Pak Jokowi Pilihanku #AkuMauKamuLagi","1088216883009007616","","","in","","0","0","30","https://x.com/undefined/status/1088216883009007616","961492600787107840",
"1088214520646914048","Wed Jan 23 23:28:16 +0000 2019","0","@herikus70 @SWD_Wolverine @jokowi @Iceu_suryani @Namaku_Mei @sedyautamaandin @leonsys0305 @Next_J2P @Y_Radianto @valencia_amara @BHD_58 absen dulu ahaye hadir bro https://t.co/KvL9oVFn7V","1088216880064516096","https://pbs.twimg.com/media/Dxofe-MV4AEqUMP.jpg","herikus70","in","","0","2","0","https://x.com/undefined/status/1088216880064516096","708344797937831937",
"1088044330550317056","Wed Jan 23 23:28:11 +0000 2019","0","@Mas2CILEDUG @kuyupmenggigil @zoelfick @Dahnilanzar @prabowo Mantuuul..","1088216855267831808","","Mas2CILEDUG","in","","0","0","0","https://x.com/undefined/status/1088216855267831808","3270403033",
"1088216835852402688","Wed Jan 23 23:28:06 +0000 2019","0","ayo kita menangkan pak Jokowi-Ma'ruf #AkuMauKamuLagi","1088216835852402688","","","in","","0","0","28","https://x.com/undefined/status/1088216835852402688","961492600787107840",
"1088216832513699840","Wed Jan 23 23:28:05 +0000 2019","0"," Bapak Jokowi tuh apa? Guru ato Presiden? Artis :'''))) auto sholawatan. Kenapaa baru tauu sayeeee","1088216832513699840","","","in","","0","0","0","https://x.com/undefined/status/1088216832513699840","465563098",
"1088216831171584001","Wed Jan 23 23:28:05 +0000 2019","0","Pk @jokowi Pecinta anak. #AkuMauKamuLagi https://t.co/6jynI5PuLp","1088216831171584001","https://pbs.twimg.com/media/DxofZYHUYAAIwKO.jpg","","in","","0","0","0","https://x.com/undefined/status/1088216831171584001","1058382281553788928",
"1088216706059689984","Wed Jan 23 23:27:35 +0000 2019","6","Selain itu pak Jokowi juga mendorong kerjasama antara perusahaan besar dgn organisasi Islam dalam rangka meningkatkan ekonomi umat https://t.co/EYCvBq9wPr #JelasIslamnya","1088216706059689984","","","in","","0","0","3","https://x.com/undefined/status/1088216706059689984","57328078",
"1088089970785411072","Wed Jan 23 23:27:27 +0000 2019","6","@QqLnV7eJWp3ta6Z @P3nj3l4j4h @addiems @jokowi Anda yakin dengan memaksakan kehendak mengganti presiden Indonesia pasti akan lebih maju? Darimana letak keyakinan tersebut? Tolong diberikan contoh yang membangun ya... Damailah Indonesiaku 🇮🇩🇮🇩🇮🇩","1088216673885159424","","QqLnV7eJWp3ta6Z","in","","0","1","0","https://x.com/undefined/status/1088216673885159424","863047773603602433",
"1088216670781562880","Wed Jan 23 23:27:27 +0000 2019","0","Hina Presiden Jokowi di Medsos Remaja di Mataram NTB Ditahan #1tahuninewsdotid #ujarankebencian #medsos #imransasmi #hinapresidenjokowi #remaja #polresmataram #ntb https://t.co/tL7vWTslHh","1088216670781562880","","","in","","0","0","0","https://x.com/undefined/status/1088216670781562880","23080938",
"1088216669749559297","Wed Jan 23 23:27:26 +0000 2019","0","Anak yang sebutin ikan kontol ndak salah loh. @jokowi aja yang kurang tau","1088216669749559297","","","in","","0","0","0","https://x.com/undefined/status/1088216669749559297","1082463634507235330",
"1088216665513385984","Wed Jan 23 23:27:25 +0000 2019","0","Memperkuat restorasi sosial Indonesia melalui penguatan kebhinekaan dan menciptakan ruang dialog antar wargajadi VISI MISI Jokowi makanya #AkuMauKamuLagi","1088216665513385984","","","in","","0","0","0","https://x.com/undefined/status/1088216665513385984","1056464793270276096",
"1088037200527151104","Wed Jan 23 23:27:15 +0000 2019","1","@ProfYLH @RizmaWidiono @SBYudhoyono @PDemokrat @Ferdinand_Haean @jokowi Maju terus Prof... Semangat !!!","1088216620244160513","","ProfYLH","in","","0","0","0","https://x.com/undefined/status/1088216620244160513","746558899214417920",
"1088216614607085571","Wed Jan 23 23:27:13 +0000 2019","5","Selamat datang pak @SBYudhoyono Presiden RI yang ke 6 kunjungan pak SBY tentu akan menambah semangat dan energi positif pak Gubernur @niriansyah dalam membangun Aceh dan tentu juga akan menambah semangat juang kader Demokrat di Aceh dlm menyongsong pemilu https://t.co/CsBevtL74K","1088216614607085571","https://pbs.twimg.com/media/DxofOp3U8AI93o5.jpg","","in","","0","0","0","https://x.com/undefined/status/1088216614607085571","318423107",
"1088137227895431169","Wed Jan 23 23:27:12 +0000 2019","0","@iichaiii @mumu_qyu @malintanjidin @NonaCarina @felagonna @nyenyenggg @SatyaJogja12 @Putraramadani21 @Hfitriya_ @Deniputrisartik @AgustinLyvia @Makciak27 @AbduelAziez96 @jokowi Tetap setia pilih dan dukung Pak Jokowi dan Kyai Maruf Amin #AkuMauKamuLagi","1088216610744070144","","iichaiii","in","","0","0","0","https://x.com/undefined/status/1088216610744070144","382522068",
"1086984302749876224","Wed Jan 23 23:27:08 +0000 2019","0","@FioSarvenaza @AT_AbdillahToha @prabowo Sy setuju...","1088216594805747712","","annabellaxie","in","","0","0","0","https://x.com/undefined/status/1088216594805747712","1082412634777935873",
"1088216559175122944","Wed Jan 23 23:27:00 +0000 2019","0","Jokowi memperkuat restorasi sosial Indonesia melalui penguatan kebhinekaan dan menciptakan ruang dialog antar warga makanya #AkuMauKamuLagi","1088216559175122944","","","in","","0","0","0","https://x.com/undefined/status/1088216559175122944","1050660309961076736",
"1088216556956336128","Wed Jan 23 23:26:59 +0000 2019","0","#AkuMauKamuLagi teruskan membangun Indonesia Jokowi.","1088216556956336128","","","in","","0","0","0","https://x.com/undefined/status/1088216556956336128","2813162719",
"1087931278673002496","Wed Jan 23 23:26:50 +0000 2019","0","@Ferdinand_Haean @prabowo @jokowi @pertamina manusia yg hidupx tidak jelas klo dia jelek2an lawan politik itu sdh biasa. ohaaaa istrix sj dijelek2in dimedia.","1088216515734757376","","Ferdinand_Haean","in","","0","0","0","https://x.com/undefined/status/1088216515734757376","989467885696270336",
"1088216484831088641","Wed Jan 23 23:26:42 +0000 2019","1","Kebhinekaan oleh Jokowi semakin diperteguh makanya #AkuMauKamuLagi","1088216484831088641","","","in","","0","0","0","https://x.com/undefined/status/1088216484831088641","1056464793270276096",
"1088214520646914048","Wed Jan 23 23:26:34 +0000 2019","0","@herikus70 @RamadanAfdi @SWD_Wolverine @jokowi @Iceu_suryani @Namaku_Mei @sedyautamaandin @leonsys0305 @Next_J2P @Y_Radianto @BHD_58 Morning too","1088216449628291072","","herikus70","en","","0","1","0","https://x.com/undefined/status/1088216449628291072","892290867582468097",
"1088216410323595265","Wed Jan 23 23:26:24 +0000 2019","0","Ba'asyir Batal Bebas Jokowi Dinilai Lemah dan Tidak Paham Mengelola Pemerintah https://t.co/YwxAgggsAH","1088216410323595265","","","in","","0","0","0","https://x.com/undefined/status/1088216410323595265","962348570",
"1088216394733314048","Wed Jan 23 23:26:21 +0000 2019","0","Jokowi FOKUS Memperteguh Kebhinekaan makanya #AkuMauKamuLagi","1088216394733314048","","","in","","0","0","0","https://x.com/undefined/status/1088216394733314048","1050660309961076736",
"1088048318008049664","Wed Jan 23 23:26:20 +0000 2019","0","@Fahrihamzah @sandiuno @jokowi @KPK_RI Itu yg terang2an minta sumbngan bagaimana","1088216391734284288","","Fahrihamzah","in","","0","0","0","https://x.com/undefined/status/1088216391734284288","128073182",
"1087863898370232320","Wed Jan 23 23:26:16 +0000 2019","0","@FiersaBesari @Fitriatirahman_ Bakwan tdk bisa berpikir makanya tdk ada emosional masyarakat .. klo capres mempunyai pemikiran untuk Indonesia makanya ada emosional yg terkandung dalam pemilihnya. That's logic","1088216373459746816","","FiersaBesari","in","","0","0","0","https://x.com/undefined/status/1088216373459746816","920816424636968960",
"1088216371886993408","Wed Jan 23 23:26:15 +0000 2019","0","Remisi Jokowi bagi terpidana Susrama tuai polemik https://t.co/C3ImkZwrFo","1088216371886993408","","","in","","0","0","0","https://x.com/undefined/status/1088216371886993408","882496159327043584",
"1088216321840435201","Wed Jan 23 23:26:03 +0000 2019","0","Keseriusan Jokowi Melakukan revolusi karakter bangsa melalu penataan kembali kurikulum pendidikan nasional telah buahkan HASIL makanya #AkuMauKamuLagi @asepjovirs @pbsp30 @DodiFebriansya8","1088216321840435201","","","in","","0","0","0","https://x.com/undefined/status/1088216321840435201","1056464793270276096",
"1087648855011713025","Wed Jan 23 23:26:03 +0000 2019","0","@masbambang188 @tokoburuilmu @Arie_Kriting @jokowi Pro teroris.","1088216321609760768","","masbambang188","es","","0","0","0","https://x.com/undefined/status/1088216321609760768","1410511380",
"1087347204887523328","Wed Jan 23 23:26:02 +0000 2019","0","@Joko96270848 @JohnDo08621180 @jokowi D era Jokowi Komunis cina meraja lela","1088216315414757376","","Joko96270848","in","","0","1","0","https://x.com/undefined/status/1088216315414757376","827264544154144770",
"1088216305067450368","Wed Jan 23 23:25:59 +0000 2019","0","Memilih sesuai suara hati mari ciptakan pemilu 2019 aman damai dan sejuk https://t.co/TlOeayycnY","1088216305067450368","https://pbs.twimg.com/media/Dxoe9GGVYAAA8WL.jpg","","in","","0","0","0","https://x.com/undefined/status/1088216305067450368","868478716787048448",
"1088216295181570049","Wed Jan 23 23:25:57 +0000 2019","0","beranda w isinya pada ngegas semua soal capres cawapres. maasih w pahamilah maklum mesih hidup di negara berflower jadi ya iyakan saja :D","1088216295181570049","","","in","","0","0","0","https://x.com/undefined/status/1088216295181570049","1040209817405513728",
"1088216290274299904","Wed Jan 23 23:25:56 +0000 2019","0","jangan kemana-mana tentukan masa depan #Indonesiamu #17april #pemilu #indonesiamaju https://t.co/YNTTyPg7Ot","1088216290274299904","","","in","","0","0","0","https://x.com/undefined/status/1088216290274299904","45012641",
"1088216250755440640","Wed Jan 23 23:25:46 +0000 2019","0","Semoga sehat selalu ya Pak Jokowi #AkuMauKamuLagi untuk memimpin Indonesia.","1088216250755440640","","","in","","0","0","0","https://x.com/undefined/status/1088216250755440640","2813162719",
"1088216222846443520","Wed Jan 23 23:25:40 +0000 2019","0","Jokowi serius Melakukan revolusi karakter bangsa melalu penataan kembali kurikulum pendidikan nasional makanya #AkuMauKamuLagi @asepjovirs @pbsp30 @DodiFebriansya8","1088216222846443520","","","in","","0","0","0","https://x.com/undefined/status/1088216222846443520","1050660309961076736",
"1088216208858480640","Wed Jan 23 23:25:36 +0000 2019","0","Bukan yg lain pak @jokowi Aja. #AkuMauKamuLagi https://t.co/pTm2n2NZyV","1088216208858480640","https://pbs.twimg.com/media/Dxoe3DBU8AA4cBm.jpg","","in","","0","0","0","https://x.com/undefined/status/1088216208858480640","1058382281553788928",
"1087950942174171137","Wed Jan 23 23:25:36 +0000 2019","0","@Ferdinand_Haean @jokowi Hanya untuk pembebasan pembahasan remisi koruptor","1088216206023094272","","Ferdinand_Haean","in","","0","0","0","https://x.com/undefined/status/1088216206023094272","723672095599652866",
"1088055575945011202","Wed Jan 23 23:25:35 +0000 2019","4","@Teguh__007 @LisaAmartaTara Bapak anda memang top memberi nama anda Teguh&amp;akhirnya anda teguh pendirian untuk meyakinkan bapak anda berubah pilihan ke PRABOWO SANDI...","1088216203183575040","","samhugget","in","","0","0","0","https://x.com/undefined/status/1088216203183575040","1028916692275978240",
"1088216188365074432","Wed Jan 23 23:25:32 +0000 2019","0","Wahhhh jangan kan Asap Rupiah kita aje semakin kuat Pak Menteri #01 Jokowi gitu loh ‍️🇮🇩️","1088216188365074432","","","in","","0","0","0","https://x.com/undefined/status/1088216188365074432","985904511083425792",
"1087503715689324544","Wed Jan 23 23:25:24 +0000 2019","0","@Bukanbrandalanz @_shaqa @aldhiraaa Rezim jokowi yg memusuhi Ulama. .","1088216156668743681","","semauguela","in","","0","0","0","https://x.com/undefined/status/1088216156668743681","572077214",
"1088106283897577472","Wed Jan 23 23:25:16 +0000 2019","18","@Elina_Vay @jokowi @basuki_btp Gesture tubuh tidak bisa menipu wajah pak jokowi juga terlihat cerah sepertinya senang temannya kembali bebas #WelcomeBackBTP","1088216121973473281","","Elina_Vay","in","","0","0","1","https://x.com/undefined/status/1088216121973473281","1139287374",
"1088124713379844097","Wed Jan 23 23:25:16 +0000 2019","1","@republikaonline Katanya debat Capres - Cawapres.","1088216121755369472","","republikaonline","in","","0","2","0","https://x.com/undefined/status/1088216121755369472","972689672785690624",
"1088216120023076865","Wed Jan 23 23:25:15 +0000 2019","0","#JelasIslamnya apalagi KH Ma'ruf Amin adalah Calon Wakil Presiden Jokowi https://t.co/NnOWAPvCEX","1088216120023076865","https://pbs.twimg.com/media/DxoewbVU0AAuD-I.jpg","","in","","0","0","0","https://x.com/undefined/status/1088216120023076865","267195658",
"1088216116726587394","Wed Jan 23 23:25:14 +0000 2019","0","Ba'asyir Batal Bebas Jokowi Dinilai Lemah dan Tidak Paham Mengelola Pemerintah https://t.co/IrsWg2bfec","1088216116726587394","","","in","","0","0","0","https://x.com/undefined/status/1088216116726587394","1442695026",
"1087854166523834368","Wed Jan 23 23:25:13 +0000 2019","0","@arsul_sani @Dahnilanzar @republikaonline @jokowi Nek arek cari kntr sing rame ke kntr Samsat ae pakde.... Akeh uwong bang kono...... ️","1088216112251031552","","arsul_sani","in","","0","0","0","https://x.com/undefined/status/1088216112251031552","999871261747527680",
"1087887858935881729","Wed Jan 23 23:25:04 +0000 2019","0","@TeddyGusnaidi @prabowo Sarapan pagi buat Sepedunguan.","1088216074540044288","","TeddyGusnaidi","in","","0","0","0","https://x.com/undefined/status/1088216074540044288","1032225444878110720",
"1088216068626075648","Wed Jan 23 23:25:03 +0000 2019","0","Keren Jokowi mewujudkan kemandirian ekonomi dengan menggerakkan sektor-sektor strategis ekonomi dan domestik makanya #AkuMauKamuLagi @asepjovirs @pbsp30 @DodiFebriansya8","1088216068626075648","","","in","","0","0","0","https://x.com/undefined/status/1088216068626075648","1056464793270276096",
"1087520195915075584","Wed Jan 23 23:24:54 +0000 2019","0","@jokowi https://t.co/e3z7CA97L2","1088216030487339008","","jokowi","qme","","0","0","0","https://x.com/undefined/status/1088216030487339008","2406955750",
"1088216027303792641","Wed Jan 23 23:24:53 +0000 2019","0","Semangat Pak Jokowi karena #AkuMauKamuLagi jadi pemimpin Indonesia.","1088216027303792641","","","in","","0","0","0","https://x.com/undefined/status/1088216027303792641","2813162719",
"1088049627184545793","Wed Jan 23 23:24:52 +0000 2019","0","@Sofiandra5 @ferrykoto @jokowi @SBYudhoyono @alvinlie21 Bukan saat ini..tp sejak di undangkan saya rasa blm pernah di terapkan","1088216022853640192","","Sofiandra5","in","","0","1","0","https://x.com/undefined/status/1088216022853640192","73580779",
"1088216022207758336","Wed Jan 23 23:24:52 +0000 2019","0","Jokowi mewujudkan kemandirian ekonomi dengan menggerakkan sektor-sektor strategis ekonomi dan domestik makanya #AkuMauKamuLagi @asepjovirs @pbsp30 @DodiFebriansya8","1088216022207758336","","","in","","0","0","0","https://x.com/undefined/status/1088216022207758336","1050660309961076736",
"1088215986187075584","Wed Jan 23 23:24:43 +0000 2019","6","Baru kali ini ada capres tukang joget #01MenangTotal #01metalmajalengka #jokowilebihbaik https://t.co/z2XBS2ySCg","1088215986187075584","https://pbs.twimg.com/ext_tw_video_thumb/1088215563518636033/pu/img/azikwjJdlue8AbY3.jpg","","in","","0","0","5","https://x.com/undefined/status/1088215986187075584","866091712635994112",
"1088215933406011392","Wed Jan 23 23:24:31 +0000 2019","1","Pemilu kali ini agak unik. Yahhhh Alasan UU no. 7 th 2017 pemilu Orang gila bisa memilih (beberapa RSJ pun akan disiapkan tempat untuk menyoblos). Kira-kira apa alasannya?? Tapi yang jelas alasannya bukan karena orang gila ga butuh duit. Loh...","1088215933406011392","","","in","","0","0","0","https://x.com/undefined/status/1088215933406011392","522853400",
"1088215914988789761","Wed Jan 23 23:24:26 +0000 2019","0"," Rakyat Kecil di pedesaan bisa punya wisdom dibandingkan kaum elite (urban) dlm konteks demokrasi (pemilu). Gus Dur mencermati ini. #BTPpulang","1088215914988789761","","","in","","0","0","0","https://x.com/undefined/status/1088215914988789761","463006914",
"1088215867991576576","Wed Jan 23 23:24:15 +0000 2019","0","Strategi Prabowo-Sandi Naikkan Rasio Pajak 16% https://t.co/jpRibufEJU https://t.co/HX1Qz4CzKD","1088215867991576576","https://pbs.twimg.com/media/DxoejhPVAAAf_QA.jpg","","in","","0","0","1","https://x.com/undefined/status/1088215867991576576","202559038",
"1088215864644493314","Wed Jan 23 23:24:14 +0000 2019","0","Sudah TERBUKTI Jokowi Meningkatkan produktivitas rakyat dan daya saing di pasar internasional makanya #AkuMauKamuLagi @asepjovirs @pbsp30 @DodiFebriansya8","1088215864644493314","","","in","","0","0","0","https://x.com/undefined/status/1088215864644493314","1056464793270276096",
"1088215864178962437","Wed Jan 23 23:24:14 +0000 2019","0","Waahh pantesan aja banyak yang mau Jokowi lagi jadi presiden. #AkuMauKamuLagi","1088215864178962437","","","in","","0","0","0","https://x.com/undefined/status/1088215864178962437","2813162719",
"1088215818863669248","Wed Jan 23 23:24:03 +0000 2019","0","Jokowi Meningkatkan produktivitas rakyat dan daya saing di pasar internasional makanya #AkuMauKamuLagi @asepjovirs @pbsp30 @DodiFebriansya8","1088215818863669248","","","in","","0","0","0","https://x.com/undefined/status/1088215818863669248","1050660309961076736",
"1088049627184545793","Wed Jan 23 23:24:03 +0000 2019","0","@deddywidayanto @ferrykoto @jokowi @SBYudhoyono @alvinlie21 Saya perpanjang STNK setiap tahun dr jaman pak SBY dulu gak pernah tuh di tanya ttg BPJS... Anda pernah??","1088215818490470402","","deddywidayanto","in","","0","1","1","https://x.com/undefined/status/1088215818490470402","73580779",
"1088215803776778240","Wed Jan 23 23:24:00 +0000 2019","0","Jokowi berharap dengan acara MTQ Tingkat Nasional dapat menjadikan salah satu sumber kesejukan menjadi sumber mata air melimpahnya Ukhuwah Islamiyah Ukhuwah Wathaniyah dan Ukhuwah Basyariyah. #JelasIslamnya ***","1088215803776778240","","","in","","0","0","0","https://x.com/undefined/status/1088215803776778240","1080434695974772736",
"1088024186658811905","Wed Jan 23 23:23:56 +0000 2019","0","@habibthink @woelannnn @evndari Makanya jangan pilih Jokowi... Penipu ulung...","1088215786030682112","","habibthink","in","","0","0","0","https://x.com/undefined/status/1088215786030682112","1079542129951531008",
"1088173353146281984","Wed Jan 23 23:23:54 +0000 2019","0","@TanYoana Mantaap mbk teruslah menyuarakan kebenaran demi Indonesia adil dan makmur bersama Prabowo Sandi...","1088215778720022529","","TanYoana","in","","0","0","0","https://x.com/undefined/status/1088215778720022529","1058314571495010306",
"1087957987791171584","Wed Jan 23 23:23:53 +0000 2019","0","@MasBro02549916 @Ferdinand_Haean @jokowi dia penjilat palsu yg pindah2 hanya tuk cari makan. gelarnya tdk mampu dijelaskan tuh.","1088215774521511936","","rajahuta86","in","","0","0","0","https://x.com/undefined/status/1088215774521511936","989467885696270336",
"1088095035957104640","Wed Jan 23 23:23:50 +0000 2019","2","@w_runturambi @Ndon08Back @RamliRizal @jokowi Yoi oom.... https://t.co/yYLR2mpYgx","1088215762496479232","https://pbs.twimg.com/media/DxoedhBV4AEQ6oj.png","w_runturambi","in","","0","0","0","https://x.com/undefined/status/1088215762496479232","986467168580616193",
"1087939648553447425","Wed Jan 23 23:23:38 +0000 2019","0","@arsul_sani @Dahnilanzar @jokowi Iya gak nyambung nggggh.....","1088215712789741568","","arsul_sani","in","","0","0","0","https://x.com/undefined/status/1088215712789741568","3074469835",
"1087974499881009152","Wed Jan 23 23:23:38 +0000 2019","0","@Gerindra @BPart02 @prabowo @sandiuno ️️","1088215710306717696","","Gerindra","qme","","0","0","0","https://x.com/undefined/status/1088215710306717696","991343101670117376",
"1088215706728972288","Wed Jan 23 23:23:37 +0000 2019","0","Jokowi Meningkatkan kualitas hidup manusia Indonesia melalui program Indonesia Pintar dengan wajib belajar 12 tahun bebas pungutan makanya #AkuMauKamuLagi @asepjovirs @pbsp30 @DodiFebriansya8","1088215706728972288","","","in","","0","0","0","https://x.com/undefined/status/1088215706728972288","1056464793270276096",
"1087931278673002496","Wed Jan 23 23:23:30 +0000 2019","0","@AriestaricoRico @Ferdinand_Haean @prabowo @jokowi @pertamina Cebong bodoh dan dungu sudah jelas itu bukan dia yg buat..","1088215677062733826","","AriestaRiico_","in","","0","1","0","https://x.com/undefined/status/1088215677062733826","83057023",
"1088047146635415552","Wed Jan 23 23:23:29 +0000 2019","0","@ADacie Ga ada prestasinya....import banyak hutang banyak tarif listrik naik tiket pesawat naik harga2 naik trus apa istimewanya jokowi???....GANTI PRESIDEN solusinya","1088215674239954944","","","in","","0","2","0","https://x.com/undefined/status/1088215674239954944","51648535",
"1087971990521212929","Wed Jan 23 23:23:25 +0000 2019","0","@karniilyas Apak karni semoga manarimo jadi moderator debat capres yo pakk. @romybareno","1088215657424908288","","karniilyas","in","","0","0","0","https://x.com/undefined/status/1088215657424908288","1080443061484773376",
"1088215652081401857","Wed Jan 23 23:23:24 +0000 2019","0","Meningkatkan kualitas hidup manusia Indonesia melalui program Indonesia Pintar dengan wajib belajar 12 tahun bebas pungutan FOKUS JOKOWI makanya #AkuMauKamuLagi @asepjovirs @pbsp30 @DodiFebriansya8","1088215652081401857","","","in","","0","0","0","https://x.com/undefined/status/1088215652081401857","1050660309961076736",
"1087902577922981889","Wed Jan 23 23:23:17 +0000 2019","1","@teazmee @CakKhum Perkataan pak wirantooo Se akan² bilang kalok pak jokowi itu BOHONG ","1088215623581216773","","teazmee","in","","0","0","0","https://x.com/undefined/status/1088215623581216773","1082814926056386562",
"1087303712861650945","Wed Jan 23 23:23:15 +0000 2019","0","@don_rahmad @BigBoss63821554 @saeful_kafi @saididu @jokowi Si DONgok manipulasi data lagi... krn dijamannya si JAE penurunan kemiskinan paling kecil dibanding pemerintahan2 sebelumnya. Si DONgok kalo ngga NGIBUL ngga makan https://t.co/KCarnyyLSs","1088215614433353728","https://pbs.twimg.com/media/DxoeUljU0AAg015.jpg","don_rahmad","in","","0","0","0","https://x.com/undefined/status/1088215614433353728","1037586879044960256",
"1085733841208131589","Wed Jan 23 23:23:10 +0000 2019","0","@bima_____ @RamliRizal @jokowi Pak RR Lupa barter kalau indonesia import beras dari vietnam Vietnam import sesuatu dari Indonesia yang perlu dilihat balancing perdagangan kedua negara.","1088215594069946368","","bima_____","in","","0","0","0","https://x.com/undefined/status/1088215594069946368","1053069425652318208",
"1088049627184545793","Wed Jan 23 23:23:05 +0000 2019","0","@Dsffandy22 @ferrykoto @jokowi @SBYudhoyono @alvinlie21 Emang jaman pak SBY diterapkan sangsi nya??","1088215575002660865","","Dsffandy22","in","","0","1","0","https://x.com/undefined/status/1088215575002660865","73580779",
"1088009903237521408","Wed Jan 23 23:22:47 +0000 2019","0","@fadlizon Anda terlalu grasa grusu Bung! Sy sama sekali blm pernah mendengar pernyataan Pa @jokowi yg akan membebaskan ABB. Beda jauh-lah sama konspirasi oplas yg keburu terbongkar.","1088215496179109889","","fadlizon","in","","0","0","0","https://x.com/undefined/status/1088215496179109889","916241212817924096",
"1088215494019010560","Wed Jan 23 23:22:46 +0000 2019","0","VISI Jokowi yg membangun pemerintahan bermartabat dan terpercaya telah membuahkan HASIL makanya #AkuMauKamuLagi @asepjovirs @pbsp30 @DodiFebriansya8","1088215494019010560","","","in","","0","0","0","https://x.com/undefined/status/1088215494019010560","1056464793270276096",
"1088215456417120256","Wed Jan 23 23:22:37 +0000 2019","0","Judul FTV Hidayah edisi 2019 Aku Dimusuhi Keluarga karena Beda Capres ","1088215456417120256","","","in","","0","0","0","https://x.com/undefined/status/1088215456417120256","40793265",
"1088147853279559680","Wed Jan 23 23:22:35 +0000 2019","0","@Dennysiregar7 @jokowi @prabowo Mimpi yang warrr biasa","1088215447315505152","","","in","","0","0","0","https://x.com/undefined/status/1088215447315505152","1420849278",
"1088215444387901440","Wed Jan 23 23:22:34 +0000 2019","0","Senyum ceria pak @jokowi #AkuMauKamuLagi https://t.co/bSIxK5S8c3","1088215444387901440","https://pbs.twimg.com/media/DxoeJj4VAAAqd_H.jpg","","in","","0","0","0","https://x.com/undefined/status/1088215444387901440","1058382281553788928",
"1087939648553447425","Wed Jan 23 23:22:29 +0000 2019","0","@arsul_sani @Dahnilanzar @jokowi Si Arsul ini siapa sih bang @Dahnilanzar ?","1088215423093432320","","arsul_sani","in","","0","0","0","https://x.com/undefined/status/1088215423093432320","3074469835",
"1088215421797289984","Wed Jan 23 23:22:29 +0000 2019","0","AKu senang dgn VISI Jokowi yg membangun pemerintahan bermartabat dan terpercaya makanya #AkuMauKamuLagi @asepjovirs @pbsp30 @DodiFebriansya8","1088215421797289984","","","in","","0","0","0","https://x.com/undefined/status/1088215421797289984","1050660309961076736",
"1087957987791171584","Wed Jan 23 23:22:28 +0000 2019","0","@Ferdinand_Haean @jokowi he goblok kau ini politisi yg baik dan benar atau kau hanyalah situkang fitnah yg kerjanya nyinyir dan mencari2 kesalahan orang. kau seperti penjilat dimana ada makan enak disitu kau merapat.","1088215417909260289","","Ferdinand_Haean","in","","0","0","0","https://x.com/undefined/status/1088215417909260289","989467885696270336",
"1087656805407219712","Wed Jan 23 23:22:26 +0000 2019","1","@Rusydi_riau40 @Romelah_mel @Dody_Lukas___ @aisyah_silviah @KdEzone @Mamadhika5 @mr_joeesa @HotPepperminTea @AndrianReynal @Vife991 @SusandraWardan1 @HajrahDouboegis @aiek_esthreem @BasukiAyu @Mulyana2013 @mad_nurjaman @fariomeda @harysantana @hermana_t @NoessChe @Teh_telor78 @riani_212 @Valhalla_Asgard @ArwahMilitan @Michell97446898 @NeoWisanggeni @CintaNKRI12 @IpungLombok @Gemacan70 @ices_tea @HendryBatubara @LuluTege @RatuAnissah @bosanin @kebabturkey_ @Silvy_riau @UtuhWibowo @bengkeldodo @TaurusAdalahAku @okewaee @peju4ng @HaqYang @RPSACEH @KS05923561 @Bambang44159536 @MarioSjono @Arlyanti2 @latiansya @prabowo @sandiuno pingin juga ntar di gituin #PrabowoSandiBawaSolusi#PrabowoSandiBawaSolusi","1088215410644664320","","Rusydi_riau40","in","","0","0","0","https://x.com/undefined/status/1088215410644664320","1043094886570807296",
"1087923044570578949","Wed Jan 23 23:22:24 +0000 2019","3","@Andy_Budiman_ @jokowi Sama dong saya juga ngga akan Golput dan saya akan Pilih Prabowo-Sandi","1088215402751025152","","Andy_Budiman_","in","","0","0","0","https://x.com/undefined/status/1088215402751025152","895319986595520513",
"1088215395801026560","Wed Jan 23 23:22:23 +0000 2019","0","Adik Prabowo Singgung Dana Kampanye Jokowi Ini Jawaban PDIP https://t.co/XMfvccpH4Z https://t.co/JTRB87GxCf","1088215395801026560","https://pbs.twimg.com/media/DxoeIQUVYAAMkTn.jpg","","in","","0","0","0","https://x.com/undefined/status/1088215395801026560","202559038",
"1088215340922789888","Wed Jan 23 23:22:09 +0000 2019","0","Aku memilih setia #AkuMauKamuLagi iya aku mau Jokowi jadi pemimpin Indonesia kembali.","1088215340922789888","","","in","","0","0","0","https://x.com/undefined/status/1088215340922789888","2813162719",
"1088215340205494272","Wed Jan 23 23:22:09 +0000 2019","0","semangat bpk jokowi lanjutkan hasil kerja mu dthn ini #JokowiLebihBaik #01metaljakpus #01menangtotal","1088215340205494272","","","in","","0","0","0","https://x.com/undefined/status/1088215340205494272","1086297638566162433",
"1087939648553447425","Wed Jan 23 23:22:06 +0000 2019","0","@arsul_sani @Dahnilanzar @jokowi Kasus ABB bisa masuk hoaks of the year... Efektif BOHONGnya Satu lagi dalil @rockygerung terbukti. Kalau rakyat yang bikin hoaks langsung di penjara... !","1088215327052161029","","arsul_sani","in","","0","0","0","https://x.com/undefined/status/1088215327052161029","60179790",
"1088215303136235520","Wed Jan 23 23:22:00 +0000 2019","0","Pak jokowi mana yaa d stu?? #AkuMauKamuLagi https://t.co/qzQiZDiltT","1088215303136235520","https://pbs.twimg.com/media/DxoeCqOVAAAK81f.jpg","","in","","0","0","0","https://x.com/undefined/status/1088215303136235520","963090027143032833",
"1088215291090235392","Wed Jan 23 23:21:58 +0000 2019","107","بسم الله الرحمن الرحيم Insya Allah 17 Oktober Bapak Prabowo Subianto berulang tahun 17 Januari Bapak Prabowo Subianto dan Bang Sandiaga Salahuddin Uno Debat pilpres 17 April @prabowo dan @sandiuno menjadi presiden dan wakil presiden. Aamiin Ya Robbal'alaamiin ","1088215291090235392","","","ca","","8","18","24","https://x.com/undefined/status/1088215291090235392","1552243112",
"1087773552504238080","Wed Jan 23 23:21:57 +0000 2019","1","@Kunto_Drummer @Ardani101066 @prabowo @sandiuno Semangat bung semogs Allah senantiasa melindungi dan memberi kesehatan. amin","1088215288183541762","","Kunto_Drummer","in","","0","0","0","https://x.com/undefined/status/1088215288183541762","969501042239942657",
"1088215287659253760","Wed Jan 23 23:21:57 +0000 2019","0","Ini memang kekuatan Jokowi yaitu Membangun Indonesia dari pinggiran dengan memperkuat daerah-daerah dan desa dalam kerangka negara kesatuan makanya #AkuMauKamuLagi @asepjovirs @pbsp30 @DodiFebriansya8","1088215287659253760","","","in","","0","0","0","https://x.com/undefined/status/1088215287659253760","1056464793270276096",
"1088215287453802496","Wed Jan 23 23:21:57 +0000 2019","0","#AkuMauKamuLagi pak @jokowi karena sudah terbukti kerja nyatanya membangun negara.","1088215287453802496","","","in","","0","0","0","https://x.com/undefined/status/1088215287453802496","1052963760598474752",
"1088209912335785984","Wed Jan 23 23:21:55 +0000 2019","0","@NiPutujelantik @prabowo @sandiuno Kereeen","1088215278561812482","","","hu","","0","0","0","https://x.com/undefined/status/1088215278561812482","833303895254323201",
"1088215219829039106","Wed Jan 23 23:21:41 +0000 2019","0","Jokowi Membangun Indonesia dari pinggiran dengan memperkuat daerah-daerah dan desa dalam kerangka negara kesatuan makanya #AkuMauKamuLagi @asepjovirs @pbsp30 @DodiFebriansya8","1088215219829039106","","","in","","0","0","0","https://x.com/undefined/status/1088215219829039106","1050660309961076736",
"1088215211260010496","Wed Jan 23 23:21:39 +0000 2019","0","setiap hari aku akan konsisten untuk mendukung pak Jokowi #AkuMauKamuLagi","1088215211260010496","","","in","","0","0","29","https://x.com/undefined/status/1088215211260010496","961492600787107840",
"1088215210467328000","Wed Jan 23 23:21:38 +0000 2019","0","Yang saya kagumi dari pak @jokowi adalah kesederhanaan dan kesabarannya. Salut pak !!","1088215210467328000","","","in","","0","0","0","https://x.com/undefined/status/1088215210467328000","136850898",
"1088215152015470592","Wed Jan 23 23:21:24 +0000 2019","1","Iyaa bener banget rakyat Indonesia begitu antusias untuk memenangkan Jokowi lagi #AkuMauKamuLagi","1088215152015470592","","","in","","1","0","0","https://x.com/undefined/status/1088215152015470592","2813162719",
"1088066150443888640","Wed Jan 23 23:21:24 +0000 2019","1","@KosongSatuMetal @jokowi @KHMarufAmin_ @prabowo Emang slalu ngaco pak Wowo ini #PrabowoHoax #Ahok #01MenangTotal #Jokow","1088215148597137408","","KosongSatuMetal","in","","0","0","1","https://x.com/undefined/status/1088215148597137408","1048604733923971072",
"1088106283897577472","Wed Jan 23 23:21:21 +0000 2019","1","@Elina_Vay @jokowi @basuki_btp Cari aman dulu pak sampe april... fokus kerja dan buat pak ahok liburan dulu sampe tgl 16 april besoknya baru nyoblos jokowi","1088215138509905920","","Elina_Vay","in","","0","0","0","https://x.com/undefined/status/1088215138509905920","98415488",
"1087887858935881729","Wed Jan 23 23:21:21 +0000 2019","0","@TeddyGusnaidi @prabowo Sabun mana sabun..... #OrdeSabun","1088215136467218432","","TeddyGusnaidi","tl","","0","0","0","https://x.com/undefined/status/1088215136467218432","1003913120098574336",
"1088215095736299521","Wed Jan 23 23:21:11 +0000 2019","0","Pak @jokowi Memang mantep uyyy #AkuMauKamuLagi https://t.co/LoBdrrmpKo","1088215095736299521","https://pbs.twimg.com/media/Dxod1mkU0AAf9g1.jpg","","in","","1","0","0","https://x.com/undefined/status/1088215095736299521","1058382281553788928",
"1088215087448379392","Wed Jan 23 23:21:09 +0000 2019","0","Membangun tata kelola pemerintahan efektif demokratis dan terpercaya menjadi FOKUS Jokowi makanya #AkuMauKamuLagi","1088215087448379392","","","in","","0","0","0","https://x.com/undefined/status/1088215087448379392","1056464793270276096",
"1088215055408160768","Wed Jan 23 23:21:01 +0000 2019","38","Slmat pagi tweps mari sejenak kita dengar adk kita ini nyanyi yg lirik nya penuh dgn dukungan terhadap pak jokowi SATUKAN TEKAT DUKUNG PAK JOKOWI... @andreOPA @dr_tompi #01JokowiLagi #JokowiOrangBaik #JelasIslamnya https://t.co/3jYdcEoJdw","1088215055408160768","https://pbs.twimg.com/ext_tw_video_thumb/1088212773492875264/pu/img/rkxC42Nm7k5Q09ft.jpg","","in","","1","1","32","https://x.com/undefined/status/1088215055408160768","2520613604",
"1088215050471366656","Wed Jan 23 23:21:00 +0000 2019","2349","Fixed ya. Mantunya Jokowi menggarap proyek pemerintah. Boleh aja. Tapi berhenti tepuk dada untuk bilang keluarga Jokowi ngga cari duit dari negara. https://t.co/R1WgyngUrr","1088215050471366656","","","in","","127","221","1413","https://x.com/undefined/status/1088215050471366656","228724587",
"1088215048823033856","Wed Jan 23 23:21:00 +0000 2019","0","Insallah Jokowi mampu mengatasi persatuan dan kesatuan dalam kerukunan khususnya pada ummat islam . #JelasIslamnya ***","1088215048823033856","","","in","","0","0","0","https://x.com/undefined/status/1088215048823033856","1080434695974772736",
"1088215014224232449","Wed Jan 23 23:20:52 +0000 2019","0","Jokowi membangun tata kelola pemerintahan efektif demokratis dan terpercaya makanya #AkuMauKamuLagi","1088215014224232449","","","in","","0","0","0","https://x.com/undefined/status/1088215014224232449","1050660309961076736",
"1087923044570578949","Wed Jan 23 23:20:51 +0000 2019","7","@iskandar__fauzi @Andy_Budiman_ @jokowi Isu Kebohongan di hembusan dengan ststematis terstruktur dan masif kepada oposisi padahal rakyat sangat paham siapa yg berbohong isu Jkt tak terurus dikabarkan terus padahal rakyat Jakarta lagi bahagia karena skrg JKT sejuk dan aman","1088215011397255168","","iskandar__fauzi","in","","0","1","0","https://x.com/undefined/status/1088215011397255168","1428120085",
"1088089970785411072","Wed Jan 23 23:20:45 +0000 2019","1","@P3nj3l4j4h @jokowi Harus yg baik dan benar...","1088214987049332736","","P3nj3l4j4h","in","","0","0","0","https://x.com/undefined/status/1088214987049332736","2552153869",
"1088214963913613312","Wed Jan 23 23:20:40 +0000 2019","0","Kepemimpinan Jokowi itu Menolak negara lemah dengan reformasi sistem dan penegakan hukum yang bebas korupsi makanya #AkuMauKamuLagi","1088214963913613312","","","in","","0","0","0","https://x.com/undefined/status/1088214963913613312","1056464793270276096",
"1088214894376214529","Wed Jan 23 23:20:23 +0000 2019","0","Menolak negara lemah dengan reformasi sistem dan penegakan hukum yang bebas korupsi adl komitmen Jokowi makanya #AkuMauKamuLagi","1088214894376214529","","","in","","0","0","0","https://x.com/undefined/status/1088214894376214529","1050660309961076736",
"1087303712861650945","Wed Jan 23 23:20:16 +0000 2019","0","@don_rahmad @BigBoss63821554 @saeful_kafi @saididu @jokowi Itungan sederhana aja lu kagak ngerti DONgok? P.A. lu NGOK https://t.co/5k1fBwtvLw","1088214864521191424","https://pbs.twimg.com/media/DxodpYSV4AA3vn3.jpg","don_rahmad","in","","0","0","0","https://x.com/undefined/status/1088214864521191424","1037586879044960256",
"1088064186024742913","Wed Jan 23 23:20:16 +0000 2019","0","@MbahUyok RESIM JOKOWI MSH LEBIH BAIK DR RESIM ORBA.DEMOKRASI BERTUMBUH.DGN BAIK PEMBANFUNAN MERATA SELURUH INDONESIA.RESIM ORBA CUMA KAWASAN BARAT.HARGA BRG SAMA DIJKT DGN PAPUA.SELISIH CUMA 20 P.PREMIUM RP.10.000.ORBA SELISIH 150.P.PREMIUM RP.25.000.JLN DESA SKARANG SDH ASPAL.ORBA TDK","1088214863472517121","","MbahUyok","in","","0","0","0","https://x.com/undefined/status/1088214863472517121","1082106485469900801",
"1088214855402700800","Wed Jan 23 23:20:14 +0000 2019","0","jokowi i like it love love #01metaljakpus #01menangtotal #JokowiLebihBaik","1088214855402700800","","","en","","0","0","0","https://x.com/undefined/status/1088214855402700800","1086297638566162433",
"1088214839183327232","Wed Jan 23 23:20:10 +0000 2019","0","Semakin yakin #AkuMauKamuLagi jadi presiden Pak Jokowi.","1088214839183327232","","","in","","0","0","0","https://x.com/undefined/status/1088214839183327232","2813162719",
"1087854166523834368","Wed Jan 23 23:20:03 +0000 2019","0","@2019_ganti @arsul_sani @Dahnilanzar @republikaonline @jokowi Amin.....","1088214810032955394","","NgilmuKantiLaku","en","","0","0","0","https://x.com/undefined/status/1088214810032955394","999871261747527680",
"1088214802680311808","Wed Jan 23 23:20:01 +0000 2019","0","Respon Balasan Najwa Shihab yang Ditolak Jadi Moderator Debat Capres Oleh BPN Prabowo-Sandi https://t.co/Nig8l3Z1H3","1088214802680311808","","","in","","0","0","1","https://x.com/undefined/status/1088214802680311808","337529500",
"1088214768102518785","Wed Jan 23 23:19:53 +0000 2019","1","Di pasar ketemu pak @jokowi #AkuMauKamuLagi https://t.co/IDB2IWZLCk","1088214768102518785","https://pbs.twimg.com/media/DxodiGbUcAEVJXR.jpg","","in","","0","0","0","https://x.com/undefined/status/1088214768102518785","1058382281553788928",
"1088035330328977408","Wed Jan 23 23:19:49 +0000 2019","0","@Suandyii @prabowo @sandiuno Mantaaap lanjutkan karya2xnya..","1088214750515781632","","Suandyii","in","","0","0","0","https://x.com/undefined/status/1088214750515781632","115418134",
"1088049627184545793","Wed Jan 23 23:19:45 +0000 2019","0","@LuckyajaLu @ferrykoto @budimandjatmiko @jokowi @SBYudhoyono @alvinlie21 Solusinya gmna tuh ?","1088214733574959104","","LuckyajaLu","in","","0","1","0","https://x.com/undefined/status/1088214733574959104","2404694171",
"1088049821074649089","Wed Jan 23 23:19:42 +0000 2019","0","@Adelia68738532 @agungTG @Fahrihamzah Haha....itu karena jokowi punya track record yg baik sehingga laku buat di tawarkan ke masyarakat.Coba anda lihat junjunganMu CAPRES TERUS gk jadi2 kan.itu karena mayoritas masyarakat indonesia WARAS gk kaya loe macam KAMPRET OTAKNYA TERBALIK.FAHAM. !!","1088214723055603712","","Adelia28711","in","","0","0","0","https://x.com/undefined/status/1088214723055603712","1364454308",
"1088214722514567168","Wed Jan 23 23:19:42 +0000 2019","1","Bupati dan Kapolres Karawang bantah @sandiuno #AkuMauKamuLagi pak Jokowi!","1088214722514567168","","","in","","0","0","4","https://x.com/undefined/status/1088214722514567168","878121098075791361",
"1087923044570578949","Wed Jan 23 23:19:38 +0000 2019","3","@Andy_Budiman_ @jokowi sepertinya muka dan otak anda yg berantakan","1088214707301842949","","Andy_Budiman_","in","","0","0","0","https://x.com/undefined/status/1088214707301842949","1011388136",
"1088123124451700737","Wed Jan 23 23:19:36 +0000 2019","0","@Abdulra61765129 @susipudjiastuti @kemenluRI @DPR_RI @KomisiIX @jokowi @pemerintah Semoga dimudahkan urusannya. Aamiin","1088214696279257088","","Abdulra61765129","in","","0","0","0","https://x.com/undefined/status/1088214696279257088","1082443371023458304",
"1087472575540686848","Wed Jan 23 23:19:33 +0000 2019","0","@Marioglg1 @ustadtengkuzul Ammiinn InsyaAllah Jokowi","1088214686259015681","","Marioglg1","in","","0","0","0","https://x.com/undefined/status/1088214686259015681","980758642466041857",
"1088214664175992833","Wed Jan 23 23:19:28 +0000 2019","0","Hasil Survei Median Prabowo-Sandi Unggul di Medsos VIVA https://t.co/adfrId01wd","1088214664175992833","","","in","","0","0","0","https://x.com/undefined/status/1088214664175992833","1499990204",
"1088083647561752576","Wed Jan 23 23:19:24 +0000 2019","2","@taufiqaris @yunartowijaya Ya ga usah bujuk sama kayak golput juga ga bertanggung jawab kalo JKW kalah. Gitu aja kok repot. Yang butuh suara bukan golput tapi capres. ","1088214647621074945","","taufiqaris","in","","0","2","2","https://x.com/undefined/status/1088214647621074945","293711629",
"1088214619171082240","Wed Jan 23 23:19:17 +0000 2019","6","Baca dan makin yakin sama pak Jokowi #AkuMauKamuLagi","1088214619171082240","","","in","","1","2","7","https://x.com/undefined/status/1088214619171082240","99495638",
"1088214612187668480","Wed Jan 23 23:19:16 +0000 2019","0","Jadi km mau putus? Loh kita kan blm pernah pacaran.. oh iya seh. Yaudah aku pilih Pak @jokowi lg aja #AkuMauKamuLagi @kitkitkatkit @nyenyenggg @VinsaMama @Little_Ika https://t.co/zeVSAUrznB","1088214612187668480","https://pbs.twimg.com/media/DxodafMVYAAZz_P.jpg","","in","","0","2","0","https://x.com/undefined/status/1088214612187668480","1062144607692050437",
"1088214581116252160","Wed Jan 23 23:19:08 +0000 2019","0","Optimis pak jokowi menang #AkuMauKamuLagi","1088214581116252160","","","in","","0","1","0","https://x.com/undefined/status/1088214581116252160","1052571655602491392",
"1087909871876419584","Wed Jan 23 23:19:05 +0000 2019","0","@tamrintomagola @jokowi SESAMA? SESAMA SIAPA?","1088214568931737600","","tamrintomagola","in","","0","0","0","https://x.com/undefined/status/1088214568931737600","1023621413750501377",
"1088214554914504705","Wed Jan 23 23:19:02 +0000 2019","1","Iyaa tak hanya #AkuMauKamuLagi tapi kamu dia mereka kuga mau Jokowi presiden lagi.","1088214554914504705","","","in","","1","0","0","https://x.com/undefined/status/1088214554914504705","2813162719",
