"conversation_id_str","created_at","favorite_count","full_text","id_str","image_url","in_reply_to_screen_name","lang","location","quote_count","reply_count","retweet_count","tweet_url","user_id_str","username"
"1089953221026541569","Tue Jan 29 23:59:58 +0000 2019","0","@ridwan_zai @RajaPurwa @amrullah_sk Bagaimana beragama dan bermoral capres aja agamanya gak jelas isinya sebarin hoaxs","1090399184056795136","","ridwan_zai","in","","0","0","0","https://x.com/undefined/status/1090399184056795136","2841882974",
"1090399177580851200","Tue Jan 29 23:59:57 +0000 2019","0","Tetap di pagi pendapat pak JK ttg Jokowi. #PakJKDukungJokowi https://t.co/3SGjn87Yus","1090399177580851200","https://pbs.twimg.com/media/DyHgQk3V4AA2Q5e.jpg","","in","","0","0","0","https://x.com/undefined/status/1090399177580851200","3592293072",
"1090399164343570432","Tue Jan 29 23:59:54 +0000 2019","0","Ibu Iriana setia mendukung dan mendampingi Presiden Joko Widodo dalam berbagai tugas kenegaraan #IbuNegaraAsyik #Jogja4Jokowi #Jokowi https://t.co/7GEJgFnxG2","1090399164343570432","https://pbs.twimg.com/media/DyHgQIhV4AArgMk.jpg","","in","","0","0","0","https://x.com/undefined/status/1090399164343570432","423104666",
"1090399155007057920","Tue Jan 29 23:59:51 +0000 2019","0","Program pembagian sertifikat oleh Presiden Jokowi di Apresiasi oleh Anies Baswedan #2019PilihJokowi #01JokowiLagi #01IndonesiaMaju https://t.co/JH7dq9GLf4","1090399155007057920","https://pbs.twimg.com/media/DyHgPyVU0AEFr5x.jpg","","in","","0","0","0","https://x.com/undefined/status/1090399155007057920","1003092530206932992",
"1090397966517428224","Tue Jan 29 23:59:50 +0000 2019","0","@Masreddy1 Cc @jokowi lucu yaa ?","1090399148044541952","","","in","","0","0","0","https://x.com/undefined/status/1090399148044541952","865771538833752064",
"1090274605724356613","Tue Jan 29 23:59:30 +0000 2019","0","@MemeTanpaHurufK @RizmaWidiono @prabowo @sandiuno Wkwkwk.....bongkar saja bossku..","1090399067304189952","","MemeTanpaHurufK","in","","0","0","0","https://x.com/undefined/status/1090399067304189952","1083706942491488256",
"1090399053156732928","Tue Jan 29 23:59:27 +0000 2019","0","#CakiminMenangkanJokowi #Brigade01Riau #Brigade01Siak @Jokowi @EkoSandjojo @DodiShawana @SazaliSofyan @IndraNoveri2 https://t.co/WvQ3ctOlrT","1090399053156732928","https://pbs.twimg.com/media/DyHgJ52VAAAnVOs.jpg","","qme","","0","0","0","https://x.com/undefined/status/1090399053156732928","920872241939673090",
"1089837127339147266","Tue Jan 29 23:59:21 +0000 2019","0","@rockygerung @TeddyGusnaidi @prabowo Teddy disuapin dulu pak rocky.. aaaaaaaa https://t.co/E1BixvsHTq","1090399029245108224","https://pbs.twimg.com/media/DyHgIj4VsAEmhrf.jpg","rockygerung","in","","0","0","0","https://x.com/undefined/status/1090399029245108224","2289457316",
"1090252467034501120","Tue Jan 29 23:59:16 +0000 2019","0","@harysantana @AHMADDHANIPRAST @prabowo @sandiuno @nurasiauno @Dahnilanzar @RamliRizal @fadlizon #AhmadDhaniKorbanRezim #AhmadDhaniKorbanRezim #AhmadDhaniKorbanRezim #AhmadDhaniKorbanRezim","1090399008810385408","","harysantana","qme","","0","0","0","https://x.com/undefined/status/1090399008810385408","1052512057747095553",
"1090136812067024901","Tue Jan 29 23:59:03 +0000 2019","0","@yuliantyindah @vaiyo @jokowi Wkwkwk..","1090398953281966080","","yuliantyindah","in","","0","0","0","https://x.com/undefined/status/1090398953281966080","2370398700",
"1089955795490328577","Tue Jan 29 23:58:48 +0000 2019","1","@Hasan47045931 @Idink_Samiun @Pendamping @sihabrm @Surthywahyuni @hasanrofiki1 @5ihabali @Suprion01108227 @jokowi @KhofifahIP @EkoSandjojo Beneran nih cak kemarin koq pulang duluan","1090398891294416896","","Hasan47045931","in","","0","0","0","https://x.com/undefined/status/1090398891294416896","752923027625512960",
"1090398882175963137","Tue Jan 29 23:58:46 +0000 2019","0","Saya Pendukung Pak @jokowi dan saya tidak suka @prabowo tapi saya sangat tdk suka jika dlm kontestasi pilpres ini ada serangan ke arah kondisi pribadi capres tsb menurut saya tdk bermoral. Biarlah kubu 02 menyerang Pribadi 01 kita jgn sama tidak bermoralnya. #IbuNegaraAsyik","1090398882175963137","","","in","","0","0","0","https://x.com/undefined/status/1090398882175963137","219548433",
"1090380413166530560","Tue Jan 29 23:58:40 +0000 2019","4","@Dahnilanzar Setelah subenehu watuulo hulaihi muncullah Warkatu ini kah capres yang di sebut pilihan ulama. Kau pembohong...... https://t.co/v2nJdgtucA","1090398857572245504","https://pbs.twimg.com/ext_tw_video_thumb/1090398795022557184/pu/img/ngeuuS3nOCI97eAT.jpg","Dahnilanzar","in","","0","0","0","https://x.com/undefined/status/1090398857572245504","2990024707",
"1090398856762646528","Tue Jan 29 23:58:40 +0000 2019","1","#CakiminMenangkanJokowi #Brigade01Riau @Jokowi @EkoSandjojo @DodiShawana @SazaliSofyan @indranoveri2 https://t.co/211aiTKOh7","1090398856762646528","https://pbs.twimg.com/media/DyHf-cdVYAAzG6k.jpg","","qme","","0","0","2","https://x.com/undefined/status/1090398856762646528","933955932731535363",
"1090221774107684864","Tue Jan 29 23:58:40 +0000 2019","0","@jokowi Presidennya disamping pak Tito ","1090398854728474624","","jokowi","in","","0","0","0","https://x.com/undefined/status/1090398854728474624","496589540",
"1090398837674409984","Tue Jan 29 23:58:36 +0000 2019","0","Puskaptis menilai Prabowo-Sandi berpotensi unggul dari Jokowi-Ma'ruf di sisa kampanye yang tersisa. https://t.co/FaRdaVTFnz #Ponorogo #Madiun #Ngawi #Pacitan #Trenggalek #Jatim #JawaTimur #Indonesia #IndonesiaMenang #2019GantiPresiden #2019PrabowoSandi","1090398837674409984","","","in","","0","0","0","https://x.com/undefined/status/1090398837674409984","959859070575394816",
"1090026938268307460","Tue Jan 29 23:58:31 +0000 2019","0","@CintaNKRI12 @DivHumas_Polri kemana anak ini bisa bebas ya ? ( Tanya aja ) @jokowi Bisa bantu jawab Pak PRESIDEN REPUBLIK INDONESIA ..???","1090398818489720832","","CintaNKRI12","in","","0","1","0","https://x.com/undefined/status/1090398818489720832","960024627488542721",
"1090398789611843584","Tue Jan 29 23:58:24 +0000 2019","0","Ingat Jokowi ingat penjara","1090398789611843584","","","in","","0","0","0","https://x.com/undefined/status/1090398789611843584","985744642946646016",
"1090273821909692418","Tue Jan 29 23:58:20 +0000 2019","0","@dr_tompi Pokoknya yg penting salah Jokowi dan Jokowi harus salah itu yg ada di pikiran mereka Bang","1090398773182791680","","dr_tompi","in","","0","0","0","https://x.com/undefined/status/1090398773182791680","1242623971",
"1090398770968182784","Tue Jan 29 23:58:20 +0000 2019","0","#CakiminMenangkanJokowi #Brigade01Riau #Brigade01Siak @Jokowi @EkoSandjojo @DodiShawana @SazaliSofyan @IndraNoveri2 https://t.co/vRzzcyJl4H","1090398770968182784","https://pbs.twimg.com/media/DyHf5dsUwAAQde-.jpg","","qme","","0","0","0","https://x.com/undefined/status/1090398770968182784","920872241939673090",
"1090398739993251840","Tue Jan 29 23:58:12 +0000 2019","0","https://t.co/DL1T05CgfP Pembangunan Infrastruktur @jokowi @KemenPU yg sebagian dibiayai UTANG @KemenkeuRI akan sia-sia jika tdk menarik bagi Investor @bkpm yg dpt membuka lapangan kerja baru krn BIROKRASI yg BURUK&amp;KORUP @kempanrb @H_SYAFRUDDIN_ @KPK_RI @BappenasRI @SatgasPungli","1090398739993251840","","","in","","0","0","0","https://x.com/undefined/status/1090398739993251840","845878078924500992",
"1089915741468413952","Tue Jan 29 23:58:12 +0000 2019","0","@Dahnilanzar @AHMADDHANIPRAST @fadlizon @prabowo @sandiuno Semoga cepat membusuk di penjara krn hukum adalah panglima","1090398736683917312","","Dahnilanzar","in","","0","0","0","https://x.com/undefined/status/1090398736683917312","995539019839651840",
"1090164753807228929","Tue Jan 29 23:58:05 +0000 2019","0","@bangsawarior55 @Nofdiwal1 @fadlizon Klo kita mauenikmati sesuatu yang enak harus bayar saudaraku jangan suka yang gratisan makanya kerja..kerja cari uang jangan mengharap uang jatuh dari langit..lihat Pak Jokowi kerja kerja kerja.","1090398709945270273","","bangsawarior55","in","","1","1","0","https://x.com/undefined/status/1090398709945270273","1089823763766472709",
"1090192575074430976","Tue Jan 29 23:57:57 +0000 2019","74","@estananto Hahaha.... Kl semuanya ditiliti rasanya apa2 di keluarkan oleh kubu @prabowo selalu terjawab oleh kubu @jokowi gimana nggak terjawab kubu Hoaks lawan kubu kerja yaaa beda dong","1090398675572944896","","estananto","in","","0","1","7","https://x.com/undefined/status/1090398675572944896","1680373105",
"1090398654559531008","Tue Jan 29 23:57:52 +0000 2019","0","Sering berbohong @jokowi masih ngeyel 2periode ehhhh pak gua babu saja harus JUJUR loh https://t.co/LE38WLqQHY","1090398654559531008","https://pbs.twimg.com/media/DyHfy3zVsAEGNsc.jpg","","in","","0","0","0","https://x.com/undefined/status/1090398654559531008","1075602531202396160",
"1090201374808129536","Tue Jan 29 23:57:52 +0000 2019","0","@Ferdinand_Haean wes wayahe @prabowo @sandi #IndonesiaMenang","1090398654123278336","","Ferdinand_Haean","en","","0","0","0","https://x.com/undefined/status/1090398654123278336","1027929286580133891",
"1090274605724356613","Tue Jan 29 23:57:48 +0000 2019","2","@MemeTanpaHurufK @RizmaWidiono @prabowo @sandiuno Bongkar ajaaaa.. biar pada tau sarangnya kriminal di 02...itu apa aja. Masa penjahat mau mimpin negara yg indah ini? Lawan !!!!","1090398637606109185","","MemeTanpaHurufK","in","","0","0","0","https://x.com/undefined/status/1090398637606109185","979857787684466688",
"1090393971904241665","Tue Jan 29 23:57:48 +0000 2019","0","@MbahUyok @prabowo @sandiuno Ngeh Pak !! https://t.co/qtLy8WqfRN","1090398636037423105","https://pbs.twimg.com/media/DyHfxf_UcAAwSCx.jpg","MbahUyok","in","","0","0","0","https://x.com/undefined/status/1090398636037423105","978163856273887233",
"1090398612264243201","Tue Jan 29 23:57:42 +0000 2019","0"," 2019 PRABOWO PRESIDENT https://t.co/JHChsronrO","1090398612264243201","","","in","","0","0","0","https://x.com/undefined/status/1090398612264243201","405353339",
"1090211687221710848","Tue Jan 29 23:57:31 +0000 2019","0","@Ferdinand_Haean @jokowi @SBYudhoyono Kelebihan sby membangun candi termegah di indonesia.. Bahkan masuk 8 keajaiban dunia mengalahkan candi borobudur... Korupsi berjamaah.. Podahal jargonya katakan tidak pada(hal) korupsi..","1090398567947096065","","Ferdinand_Haean","in","","0","0","0","https://x.com/undefined/status/1090398567947096065","1893625874",
"1089827440770207744","Tue Jan 29 23:57:26 +0000 2019","0","@ZeanJena @KosongSatuMetal @jokowi 01 pasti dong","1090398547105574912","","ZeanJena","in","","0","0","0","https://x.com/undefined/status/1090398547105574912","1079711625232273408",
"1090398520996065280","Tue Jan 29 23:57:20 +0000 2019","1","Presiden Joko Widodo (Jokowi) membuat sejumlah kebijakan untuk TNI. Jokowi menyediakan pos baru untuk 60 jenderal hingga menaikkan masa pensiun tamtama. https://t.co/4RKlNiAod1","1090398520996065280","","","in","","0","0","0","https://x.com/undefined/status/1090398520996065280","155980624",
"1090137941165232128","Tue Jan 29 23:56:47 +0000 2019","1","@TeddyGusnaidi @rockygerung @prabowo Skrg melebarkan sayap ke masjid dan ponpes. Jamaah....oooo jamaah.... ","1090398382294614016","","TeddyGusnaidi","in","","0","0","0","https://x.com/undefined/status/1090398382294614016","1053112849696874496",
"1090398369355165696","Tue Jan 29 23:56:44 +0000 2019","2","Ibu Iriana sll mendampingi PakDe Jokowi dlm keadaan apapun #IbuNegaraAsyik https://t.co/lzs54ToqVW","1090398369355165696","https://pbs.twimg.com/media/DyHfh2DVYAADm2w.jpg","","in","","0","2","2","https://x.com/undefined/status/1090398369355165696","3236704392",
"1090398365546774528","Tue Jan 29 23:56:43 +0000 2019","0","Padahal keliatan nafsu pengen berkuasa tapi gak sebanding dengan kapasitasnya sebagai capres. Mengambil jalan pintas dengan menghalalkan segala cara. Mungkin sudah kehabisan ide untuk mendongkrak elektabilitas.","1090398365546774528","","","in","","0","0","0","https://x.com/undefined/status/1090398365546774528","703130713",
"1090187413371015168","Tue Jan 29 23:56:38 +0000 2019","0","@WahhabiCC Loh kan presiden jokowi sdh memimpin dari 2014 dari kemaren aja kl mau macem2 knp nunggu 2019?","1090398345057656833","","ResistancesAxis","in","","0","0","0","https://x.com/undefined/status/1090398345057656833","1949607252",
"1090245070798766080","Tue Jan 29 23:56:21 +0000 2019","3","@kangdede78 @yusuf_dumdum @Dahnilanzar Seharusnya semua pihak menahan diri dlm mengeluarkan isue2 ato cuitan2 yg ga berhubungan lsg.. apa coba krn games of thrones pernah disebut jokowi. Jd dasar sebuah cuitan terkait LGBT hanya krn dlm scenenya ada adegan tsb.. come on grown up..sampah bgt sih otaknya","1090398274370977792","","kangdede78","in","","0","0","0","https://x.com/undefined/status/1090398274370977792","559987985",
"1090398274102673410","Tue Jan 29 23:56:21 +0000 2019","0","SURABAYA - Pengasuh Pondok Pesantren (Ponpes) As-Shomadiyah Burneh Kabupaten Bangkalan KH Abdul Muhaimin Makki menilai Presiden Joko Widodo (Jokowi) telah sukses membangun Pulau Madura.... https://t.co/fafpqKVOLk","1090398274102673410","","","in","","0","0","0","https://x.com/undefined/status/1090398274102673410","71467837",
"1090385503818461184","Tue Jan 29 23:56:19 +0000 2019","24","@kawanFH @swulll @fadlizon @Ajeng__Cute16 @MenejerKaravan @danubudi54 @hasmi_bakhtiar @dulatips @maspiyuuu @AkunTofa @haikal_hassan EMPU GANDRING : Di Suspend ! Akun Baru. #IndonesiaMenang Wahai RAKYATPUTIHKU Demi INDONESIA Adil Makmur &amp;Damai Pilihlah @prabowo @sandiuno u/Pemimpin Negeri 2019. Tinggalkan SONTOLOYO&amp; Tenggelamkan Parpol KEBOGIRO Penjual&amp; Perampok Negeri. Salam Dr. DK⭐ https://t.co/27l58xcamk","1090398264816369664","","kawanFH","in","","1","6","6","https://x.com/undefined/status/1090398264816369664","1090119239950692352",
"1090028349991223296","Tue Jan 29 23:56:15 +0000 2019","0","@AliLuthfi5 @Abe76324038 @Fahrihamzah Kasus penipuannya banyak bukan cuma satu. Bkn tdk ada bukti menipu. Ada yg sdh selesai damai. Pelapor dibayar ganti rugi. Ada yg masih ditunda gara2 Pemilu. Kalau gak nipu ngapain bayar &amp; gak melaporkan telah difitnah? Cari info yg benar. Jgn yg lu suka. Bego itu pilihan","1090398248492240896","","ente_ajh","in","","0","1","0","https://x.com/undefined/status/1090398248492240896","2541716540",
"1090398247389184001","Tue Jan 29 23:56:15 +0000 2019","1","Haris Azhar Minta Panelis Debat Capres Dari Kalangan Aktifis Jangan Genit #DebatCapres #HarisAzhar #JanganGenit #KalanganAktifis #MintaPanelis #pt.msm https://t.co/NT7yQlakou https://t.co/zeBig26t8O","1090398247389184001","https://pbs.twimg.com/media/DyHfbU6XQAADeXR.jpg","","in","","0","0","1","https://x.com/undefined/status/1090398247389184001","292696137",
"1090398245757411328","Tue Jan 29 23:56:15 +0000 2019","0","Keakraban terlihat saat seorang istri @jokowi ibu iriana bersama peserta harlah muslimat fatayat NU beberapa hari lalu hal itu terlihat jelas bahwa ibu iriana selalu bersahaja #IbuNegaraAsyik https://t.co/hZTjmZN4uX","1090398245757411328","https://pbs.twimg.com/media/DyHfanqVsAAX1fn.jpg","","in","","0","0","0","https://x.com/undefined/status/1090398245757411328","993202477200650241",
"1089837127339147266","Tue Jan 29 23:56:11 +0000 2019","0","@TeddyGusnaidi @prabowo @rockygerung Cebong mah kayak penyembah berhala udah tau gk bisa ngapa ngapain tetep aja disembah","1090398228950921217","","TeddyGusnaidi","in","","0","0","0","https://x.com/undefined/status/1090398228950921217","1010468915875479552",
"1090398222940401664","Tue Jan 29 23:56:09 +0000 2019","0","#CakiminMenangkanJokowi #Brigade01Riau @Jokowi @EkoSandjojo @DodiShawana @SazaliSofyan @IndraNoveri2 https://t.co/h5rvlqwRS9","1090398222940401664","https://pbs.twimg.com/media/DyHfZhFUwAAoQcK.jpg","","qme","","0","0","0","https://x.com/undefined/status/1090398222940401664","920872241939673090",
"1090398218771296257","Tue Jan 29 23:56:08 +0000 2019","0","Begini Reaksi Sri Mulyani Disebut Prabowo Subianto sebagai Menteri Pencetak Utang https://t.co/MpiwyXeoaJ via @tribunkaltim","1090398218771296257","","","in","","0","0","0","https://x.com/undefined/status/1090398218771296257","103551225",
"1090398212299485184","Tue Jan 29 23:56:07 +0000 2019","0","Berita Terkini: Soal Ba asyir Rocky Gerung: Jokowi Bikin Hoax","1090398212299485184","","","in","","0","0","0","https://x.com/undefined/status/1090398212299485184","2934629720",
"1090102429863993344","Tue Jan 29 23:55:57 +0000 2019","0","@Ferdinand_Haean KARENA ITU MARI KITA PILIH PAK JOKOWI PEMIMPIN YANG RENDAH HATI PEMIMPIN YANG TULUS MEMIMPIN NEGERI INI.","1090398171329486848","","Ferdinand_Haean","in","","0","0","0","https://x.com/undefined/status/1090398171329486848","1089823763766472709",
"1090398157345714177","Tue Jan 29 23:55:53 +0000 2019","0","Foto ini menunjukkan kedekatan Cak Imin dan pak Jokowi. Semangat dan keikhlasan mereka untuk bersama2 membangun Indonesia yang lebih baik. #CakIminMenangkanJokowi #Brigade01Riau https://t.co/6DDqzTcm6I #cakiminmenangkanjokowi","1090398157345714177","","","in","","0","0","0","https://x.com/undefined/status/1090398157345714177","334433874",
"1090398149372342272","Tue Jan 29 23:55:52 +0000 2019","8","Kesadaran bersama untuk membangun bangsa dan negara. Kebersamaan Cak Imin dan Pak Jokowi menunjukkan bahwa Indonesia dibangun bersama2 untuk kehidupan bangsa yang lebih baik. #CakIminMenangkanJokowi #CakIminMenangkanJokowi #CakIminMenangkanJokowi https://t.co/qyJvDPa6B5","1090398149372342272","https://pbs.twimg.com/media/DyHfVAjUcAAjC78.jpg","","in","","0","1","13","https://x.com/undefined/status/1090398149372342272","817276418719518720",
"1090398112894509056","Tue Jan 29 23:55:43 +0000 2019","1","#CakIminMenangkanJokowi Keseriusan PKB mendukung 01 JokowiMa'rufAmin dipilpres kali ini sangat serius PKB tdk mau mencalonkan mantan napi di calengnya agar perjuangan ini bersih dan mendapat Ridha dari Allah SWA... aaamiin @jokowi","1090398112894509056","","","in","","0","0","0","https://x.com/undefined/status/1090398112894509056","333236812",
"1090398110763765760","Tue Jan 29 23:55:42 +0000 2019","0","#CakiminMenangkanJokowi #Brigade01Riau @Jokowi @EkoSandjojo @DodiShawana @SazaliSofyan @indranoveri2 https://t.co/1dWtfIwiBb","1090398110763765760","https://pbs.twimg.com/media/DyHfS1BU0AAmVHR.jpg","","qme","","0","0","0","https://x.com/undefined/status/1090398110763765760","536995119",
"1090167180539260928","Tue Jan 29 23:55:40 +0000 2019","0","@kumparan Tiada hari tanpa Lembaga Survey bayaran jika prabowo Nyapres..","1090398099711774720","","kumparan","in","","0","0","0","https://x.com/undefined/status/1090398099711774720","1047721475061440512",
"1090137941165232128","Tue Jan 29 23:55:39 +0000 2019","0","@TeddyGusnaidi @rockygerung @prabowo Dan apa lagi yg blm pernah jadi kepala keluarga alias combroo yak","1090398098298269696","","TeddyGusnaidi","in","","0","0","0","https://x.com/undefined/status/1090398098298269696","2765803070",
"1090393971904241665","Tue Jan 29 23:55:37 +0000 2019","0","@MbahUyok @prabowo @sandiuno Perhatikan Captionya bang tidak cocok dengan kondisi jalan .. ganti ja .. ️","1090398087900610561","","MbahUyok","in","","0","0","0","https://x.com/undefined/status/1090398087900610561","940302303524818944",
"1090320991635423232","Tue Jan 29 23:55:34 +0000 2019","0","@Gus_cingkrang @jokowi @PeterAliman @Mentimoen @Takviri @PartaiSocmed @Sarah_Pndj @AmbarwatiRexy @P3nj3l4j4h @kangdede78 @ulinyusron @GunRomli Ogah!","1090398077129641984","","oke__surya","in","","0","0","0","https://x.com/undefined/status/1090398077129641984","542263382",
"1090234255760809984","Tue Jan 29 23:55:33 +0000 2019","0","@QBAY_suqi @BanasPaijo @JRX_SID @jokowi Kamu yang kurang pintar yang di tanyakan band rock lokal yg paling disukai..rhoma irama dangdut wali melayu...paham?","1090398069575770113","","Javanica_007","in","","0","1","0","https://x.com/undefined/status/1090398069575770113","114747298",
"1090271604842541056","Tue Jan 29 23:55:29 +0000 2019","0","@HotPepperminTea @prabowo @sandiuno #SulselPilihPrabowoSandi #SulselPilihPrabowoSandi","1090398053444378624","","HotP3pp3rminTea","qme","","0","0","0","https://x.com/undefined/status/1090398053444378624","841673196998815745",
"1090066887147323392","Tue Jan 29 23:55:28 +0000 2019","1","@realGDEb @simkuringporsea @AndiArief__ @rockygerung Bahkan jika ada dari mereka yg susah buang angin yg salah tetep pak jokowi.. Hadduh.. Pak jokowi harus 2 periode biar sekalian mereka gak bisa nafas..","1090398050063835136","","IGNB07","in","","0","0","0","https://x.com/undefined/status/1090398050063835136","934333530124967936",
"1090140632201322496","Tue Jan 29 23:55:26 +0000 2019","0","@hariadhi Jangankan yg lokal ...yg di Saudi itu loh....crane jatuh katanya salah Jokowi. Ampun.........","1090398043675930627","","hariadhi","in","","0","0","0","https://x.com/undefined/status/1090398043675930627","275986367",
"1089348265319907328","Tue Jan 29 23:55:21 +0000 2019","0","@ustadtengkuzul sttt...capres sendiri dijelekin dilempar hp nanti","1090398021060222976","","ustadtengkuzul","in","","0","0","0","https://x.com/undefined/status/1090398021060222976","30661525",
"1090137941165232128","Tue Jan 29 23:55:18 +0000 2019","0","@TeddyGusnaidi @rockygerung @prabowo Hahha dia pantasnya nyapres saja","1090398007235760129","","TeddyGusnaidi","in","","0","0","0","https://x.com/undefined/status/1090398007235760129","2765803070",
"1090397995571601416","Tue Jan 29 23:55:15 +0000 2019","0","Ace: Kubu Prabowo Jangan Asal Bicara soal Utang Harus Disertai Data dan Fakta https://t.co/9RKLeEhlZL https://t.co/SfZu9eUuUT","1090397995571601416","https://pbs.twimg.com/media/DyHfMsvVYAAbtPj.jpg","","in","","0","0","0","https://x.com/undefined/status/1090397995571601416","988195989793091584",
"1090166214024806402","Tue Jan 29 23:55:06 +0000 2019","0","@ulinyusron @GunRomli Tak pikir2 Para Jomblo dan brokenhome pada merapat ke situ. Ahmad Dhani ex jomblo duda. Rocky Gerung @rockygerung yg masih Jomblo. Pak @prabowo juga jomblo. Dan seterusnya... Apakah juga karena kondisi ekonomi ???","1090397958015672320","","ulinyusron","in","","0","0","0","https://x.com/undefined/status/1090397958015672320","930314691317870593",
"1090391518987280387","Tue Jan 29 23:54:49 +0000 2019","2","@muthi_mutmainah @Azkashellin1 @Fahrihamzah @RatnaSpaet Tak terbayangkan fitnah keji yang ditebar andai sandiwara ratna tak terbongkar. berapa institusi negara yang didiskriminasi oleh press con oleh tim capres. Dan berapa byk orang bodoh yg percaya dgn tipu dan hasut krn dengki","1090397887085797377","","muthi_mutmainah","in","","0","1","0","https://x.com/undefined/status/1090397887085797377","955083481",
"1090397875400519680","Tue Jan 29 23:54:46 +0000 2019","0","Ayo cari tau bagaimana Prabowo jd presiden kalau jelek 2024 janganpilih bareng bareng. Sekarang 2019 dukung bareng bareng https://t.co/yF0hIEhrpf","1090397875400519680","","","in","","0","0","0","https://x.com/undefined/status/1090397875400519680","262178449",
"1090397850473717760","Tue Jan 29 23:54:40 +0000 2019","0","#2019 tetep jokowi https://t.co/tlAvVQzMsu","1090397850473717760","","","in","","0","0","0","https://x.com/undefined/status/1090397850473717760","2884359212",
"1090307654377852928","Tue Jan 29 23:54:36 +0000 2019","0","@muannas_alaidid @jokowi @psi_id Kirain acara melopor kan hehehehehe","1090397833503465473","","muannas_alaidid","in","","0","0","0","https://x.com/undefined/status/1090397833503465473","1069231129788469253",
"1090397832668884992","Tue Jan 29 23:54:36 +0000 2019","1","Jokowi pemimpin bagi semua kalangan. Rakyat Indonesia masib butuh Jokowi 5 tahun ke depan. #CakIminMenangkanJokowi https://t.co/bkaxjYb6GF","1090397832668884992","https://pbs.twimg.com/media/DyHZ2-yU8AAKOlP.jpg","","in","","0","0","1","https://x.com/undefined/status/1090397832668884992","2427915714",
"1089837127339147266","Tue Jan 29 23:54:36 +0000 2019","0","@TeddyGusnaidi @prabowo @rockygerung Kumat lagi dah....sarapan micin dulu bong!","1090397831955795968","","TeddyGusnaidi","in","","0","0","0","https://x.com/undefined/status/1090397831955795968","1082471233852035072",
"1090046348576022528","Tue Jan 29 23:54:34 +0000 2019","0","@jarotkharisman @PBB2019 @2019Kontemplasi bro sekalipun pak @prabowo yg jadi presiden tetap saja akan sekuler. Yg jadi masalah skrng ini bukanlah siapa yg didukung tapi bagaimana cara pendukung dlm mendukung.","1090397824460644353","","jarotkharisman","in","","0","1","0","https://x.com/undefined/status/1090397824460644353","2574537384",
"1090228886166679552","Tue Jan 29 23:54:32 +0000 2019","7","@bintangku206 @roninkhalid @prabowo Ngga mungkin pilih anak kodok","1090397814184501249","","bintangku206","in","","0","0","0","https://x.com/undefined/status/1090397814184501249","980721648310534145",
"1090397780416389120","Tue Jan 29 23:54:24 +0000 2019","0","(Berita | Pemilu 2019 Politik Bobol Tembok Sekolah) https://t.co/OTuWaItFGP #pemilu #pemilu2019","1090397780416389120","","","in","","0","0","0","https://x.com/undefined/status/1090397780416389120","968428811107819521",
"1090185056952274945","Tue Jan 29 23:54:10 +0000 2019","0","@PriyoBudiS @AHMADDHANIPRAST Apalagi seperti dana desa yg melimpah. Temen2ku dan tetangga juga g ngerti pdhl mreka sendiri hidupnya kesusahan. Butuh ketegasan pak prabowo dan pak sandiuno. Mereka solusi bangsa kedepan karena ketulusan membangun negara. Ceritakan biografi p prabowo bang sandi kemereka.","1090397724892028928","","zulfannindya","in","","0","0","0","https://x.com/undefined/status/1090397724892028928","1039798857205350412",
"1090272270193352704","Tue Jan 29 23:54:07 +0000 2019","41","@MalaekaNabilah @BangPino_ Simpan Dokumen ini &amp;. tunggu Prabowo Presiden Laporkan kasus ini biar diproses bikin dia nangis darah .","1090397712514576389","","","in","","0","5","5","https://x.com/undefined/status/1090397712514576389","960024627488542721",
"1089938762488922112","Tue Jan 29 23:54:02 +0000 2019","0","@Dennysiregar7 @zulfikarreza @jokowi @MahkamahAgung @BareskrimPolri ada revisi uu ite di tahun 2016 https://t.co/g5h8DrWOoq","1090397688372154368","","","in","","0","0","0","https://x.com/undefined/status/1090397688372154368","46792233",
"1090369183664066560","Tue Jan 29 23:53:52 +0000 2019","4","@P3nj3l4j4h Lanjutkan sebarkan tirukan siapapun yg lewat teriaknya JOKOWI JOKOWI JOKOWI #01IndonesiaMaju","1090397646513102848","","P3nj3l4j4h","in","","0","0","2","https://x.com/undefined/status/1090397646513102848","1107620514",
"1090397642352340992","Tue Jan 29 23:53:51 +0000 2019","1","Sejak 2014 terbukti bahwa Cak Imin ingin bersama2 Pak Jokowi memajukan bangsa Indonesia. Mengajak masyarakat untuk ikut andil dalam membangun Indonesia. #CakIminMenangkanJokowi https://t.co/X4yrhMRpUf #cakiminmenangkanjokowi","1090397642352340992","","","in","","0","0","4","https://x.com/undefined/status/1090397642352340992","334433874",
"1089911854963425285","Tue Jan 29 23:53:49 +0000 2019","0","@RiuRizkiUtomo Tuh kan... sekelas tokoh hukum Tata Negara Bapak Yusril Iza Mahendra aja kini hadir mendukung Bapak Jokowi + Amin. Ini bukti bhw Pak Jokowi itu OKE.!!! Sangat pantas 2 Periode. Apalagi yg kalian ragukan dari Pak Jokowi. Orang cerdas pasti BERPIKIR JERNIH utk pilih 01.","1090397637168160768","","RiuRizkiUtomo","in","","0","0","0","https://x.com/undefined/status/1090397637168160768","883556105044897792",
"1090221774107684864","Tue Jan 29 23:53:45 +0000 2019","0","@jokowi TNI &amp; Polri tetap setia kpd Negara Ke-SATU-an Republik Indonesia tidak ada duanya","1090397617811406849","","jokowi","in","","0","0","0","https://x.com/undefined/status/1090397617811406849","105736654",
"1089887293194887168","Tue Jan 29 23:53:41 +0000 2019","1","@dodol2019 @fadlizon @prabowo @sandiuno Dani msk bui dengan sia2 bukan karna memperjuangkan sesuatu yg berguna bagi diri nya keluarganya atau masyarakat tp karna gk bisa jaga lidah nya","1090397603169091584","","MangDodoll","in","","0","0","0","https://x.com/undefined/status/1090397603169091584","1048473563366285314",
"1090397589026078720","Tue Jan 29 23:53:38 +0000 2019","0","(Liputan 6 | Tim Pakar Debat Sesi Kedua Sebut Akan Ada Kejutan dari Jokowi) https://t.co/jjBc2wo3Kr #pemilu #pemilu2019","1090397589026078720","","","in","","0","0","0","https://x.com/undefined/status/1090397589026078720","968428811107819521",
"1090397577776779265","Tue Jan 29 23:53:35 +0000 2019","2","Pemilu 2019 akan tetap terlaksana sesuai jadwal yang telah ditetapkan. https://t.co/iWEsadAkAG","1090397577776779265","","","in","","1","0","1","https://x.com/undefined/status/1090397577776779265","759692754985242625",
"1090137941165232128","Tue Jan 29 23:53:18 +0000 2019","0","@dkarhita @TeddyGusnaidi @rockygerung @prabowo Betul tu paling taunya marah2 ama maki2 aja","1090397505441808384","","dkarhita","in","","0","0","0","https://x.com/undefined/status/1090397505441808384","878898930142003200",
"1090397500538728448","Tue Jan 29 23:53:17 +0000 2019","0","@PT_TransJakarta admin t11 bunsen -palem semi posisi sudah dmn? Saya sudah 15 menit di bunsen belum lewat2x juga dan penumpang sudah numpuk. FYI di trafi td terlihat. Cc @aniesbaswedan @jokowi","1090397500538728448","","PT_Transjakarta","in","","0","1","0","https://x.com/undefined/status/1090397500538728448","37311072",
"1090118144490799105","Tue Jan 29 23:53:14 +0000 2019","0","@Qshareina @Dennysiregar7 @rockygerung Loh...kenapa tidak RG aja yg dicalonin jadi capres kemarin?","1090397486479372288","","QshareinaIfada","in","","0","0","0","https://x.com/undefined/status/1090397486479372288","102658859",
"1090397481773326336","Tue Jan 29 23:53:12 +0000 2019","0","Dipersekusi Pendukung Jokowi Sandiaga Tersenyum: Salam untuk Pak Jokowi - Islampos https://t.co/UQiSkdVXKz","1090397481773326336","","","in","","0","0","0","https://x.com/undefined/status/1090397481773326336","197046834",
"1090397473552556032","Tue Jan 29 23:53:10 +0000 2019","0","Pemilu 2019 sudah dekat belum ada deep fakes. Tunggu di 2023.","1090397473552556032","","","in","","0","0","0","https://x.com/undefined/status/1090397473552556032","12594862",
"1090396392776847360","Tue Jan 29 23:53:00 +0000 2019","0","@Fahrihamzah Thanks pak jokowi dikau dibully eh kau bangun infrastructure desa eh kau bangun jalan sawah eh kau buat saung tani eh kau buat irigasi.. Allah buat hatimu dari apa pak de https://t.co/UUbbTxmZqZ","1090397430976135168","https://pbs.twimg.com/media/DyHeqdMVAAAkZg7.jpg","Fahrihamzah","in","","0","0","0","https://x.com/undefined/status/1090397430976135168","139278503",
"1090164753807228929","Tue Jan 29 23:52:52 +0000 2019","15","@rajanamira @Nofdiwal1 @fadlizon Emang infrastruktur jalan gratis apa bayar ??. Bukan dirasakan Kalo bayar kecuali gratis lo aja pendukung ya Kalo gk pny duit gk bs rasakan jalan tol yg Mahal itu.. emang jokowi yg pny uang yg bangun lo banggain ??. Oe dari jaman nenekmu msh kcl jalanan sdh di bangun sm negara","1090397397841149952","","rajanamira","in","","0","6","0","https://x.com/undefined/status/1090397397841149952","950617217527197696",
"1090397394032906242","Tue Jan 29 23:52:51 +0000 2019","0","Sipasan masuak koran mudah² dibaco dan disampaikan k semua kalangan untuk memenangkan bapak prabowo #2019prabowopresiden #2019prabowosandi #sipasan #pas #padi https://t.co/MYgBGcRsQT","1090397394032906242","","","in","","0","0","0","https://x.com/undefined/status/1090397394032906242","4791635005",
"1090397328119234560","Tue Jan 29 23:52:36 +0000 2019","0","Apa lg prabowo....hadeh ..lbh parah lg.","1090397328119234560","","","in","","0","0","0","https://x.com/undefined/status/1090397328119234560","2887087309",
"1090263034021404672","Tue Jan 29 23:52:30 +0000 2019","0","@chicohakim @jokowi ","1090397304056508417","","chicohakim","qme","","0","0","0","https://x.com/undefined/status/1090397304056508417","1048472119854518272",
"1090397244799340545","Tue Jan 29 23:52:16 +0000 2019","3","Konsistensi dukungan pkb dan cak imin trhdp @jokowi sejak 2014 hingga saat ini mrpkn bukti militansi gerakan yg konsisten dr seorang panglima santri @AhmadYaniBS @manika_ARB @sihabrm @panji_pradana99 @KornasBrigade01 @fatahkumis @SandjojoCenter @JabanKae #CakIminMenangkanJokowi https://t.co/gF2lvaUWV4","1090397244799340545","https://pbs.twimg.com/media/DyHegoPU8AAGrpX.jpg","","in","","0","0","3","https://x.com/undefined/status/1090397244799340545","752923027625512960",
"1090397240563101697","Tue Jan 29 23:52:15 +0000 2019","8","Dul bapak lu di penjara krn melanggar hukum ini jamannya @jokowi dul hukum mulai ditegakan beda dgn jaman @SBYudhoyono boss nya si @AndiArief__ wkt elu dul nabrak orang sampai 7 orang yg mati dan 9 orang luka2 elo aman2 aja kan hukum jaman @sby bisa dibeli dul.","1090397240563101697","","","in","","0","1","0","https://x.com/undefined/status/1090397240563101697","1680373105",
"1090397237920690176","Tue Jan 29 23:52:14 +0000 2019","2","#CakiminMenangkanJokowi #Brigade01Riau @Jokowi @EkoSandjojo @DodiShawana @SazaliSofyan @indranoveri2 https://t.co/qwrlKGSv5B","1090397237920690176","https://pbs.twimg.com/media/DyHegJOUUAAE8_O.jpg","","qme","","0","0","1","https://x.com/undefined/status/1090397237920690176","536995119",
"1090375023116705792","Tue Jan 29 23:52:13 +0000 2019","0","@hariyantoselo @Fahrihamzah Bagi jokowi dan pendukungnya pokoknya yg salah hanya oposisi","1090397233596358656","","hariyantoselo","in","","0","1","0","https://x.com/undefined/status/1090397233596358656","979300849091407872",
"1090379003720957952","Tue Jan 29 23:52:12 +0000 2019","0","@jetsilvers Masalahnya siapa yg buat spanduk itu? Krn seringnya sandiwara dan hoax jd orang sulit percaya bhw itu asli buatan relawan pak Jokowi","1090397229695660033","","jetsilvers","in","","0","1","0","https://x.com/undefined/status/1090397229695660033","2872998758",
"1090397213157552128","Tue Jan 29 23:52:08 +0000 2019","1","#IbuNegaraAsyik yang setia mendampingi Prisiden @jokowi https://t.co/i51EYVPd9d","1090397213157552128","https://pbs.twimg.com/media/DyHeeekU8AALBl-.jpg","","in","","0","0","1","https://x.com/undefined/status/1090397213157552128","212506085",
"1090397208006995968","Tue Jan 29 23:52:07 +0000 2019","1","BLAK-BLAKAN! Rocky Gerung Jelaskan Motif Politik Presiden Jokowi Soal Pe... https://t.co/cgJY3wM46k via @YouTube","1090397208006995968","","","in","","0","0","0","https://x.com/undefined/status/1090397208006995968","704169733",
"1090397179661991936","Tue Jan 29 23:52:00 +0000 2019","0","PDI Perjuangan: Tema Debat Kedua Tidak Sulit Buat Jokowi https://t.co/hcIYhNllcl https://t.co/ClWmO0ZuQP","1090397179661991936","https://pbs.twimg.com/media/DyHedM2VYAAWz-h.jpg","","in","","0","0","0","https://x.com/undefined/status/1090397179661991936","3313361804",
"1090397115077947392","Tue Jan 29 23:51:45 +0000 2019","0","Orang waras pilihannya pasti no 01 Jokowi https://t.co/7eUqjdDoEO","1090397115077947392","https://pbs.twimg.com/ext_tw_video_thumb/1090396698633891840/pu/img/I-BqjZHsZHcVpZZZ.jpg","","in","","0","1","0","https://x.com/undefined/status/1090397115077947392","2229536641",
"1090263034021404672","Tue Jan 29 23:51:42 +0000 2019","0","@chicohakim @jokowi Mudah2an bab per bab dibuka...","1090397103308693504","","chicohakim","in","","0","0","0","https://x.com/undefined/status/1090397103308693504","825166174723772416",
"1090397079921352704","Tue Jan 29 23:51:37 +0000 2019","2","Panggung politik terbesar Ahmad Dhani sudah dibuka https://t.co/bBZLtwDto6 @fadlizon @sandiuno @prabowo #2019PrabowoPresidenRI #AhmadDhaniKorbanRezim","1090397079921352704","","","in","","0","1","0","https://x.com/undefined/status/1090397079921352704","990215121560485888",
"1090391299289563137","Tue Jan 29 23:51:36 +0000 2019","6","@wr200465 @fadlizon Semua yg di lakukan Fadli Zon demi Prabowo makan kotoran Prabowo pun Fadli Zon TDK keberatan sob.","1090397075374714880","","__LOVE_AG4EVER","in","","1","2","2","https://x.com/undefined/status/1090397075374714880","929118862192230400",
"1085100405342621696","Tue Jan 29 23:51:32 +0000 2019","0","@PriyoBudiS @prabowo @sandiuno Tetap prabowo sandi... Kami lelah dengan rezim boneka ini","1090397059885092864","","PriyoBudiS","in","","0","0","0","https://x.com/undefined/status/1090397059885092864","2653976755",
"1090397054176817154","Tue Jan 29 23:51:30 +0000 2019","24","Armando Flores Alemán quien ocupó el cargo de ministro de Economía hasta al 31 de mayo de 2014. Antes de llegar al cargo de ministro Capres emitió un pago a nombre de Flores un recibo por $2 000 con fecha de enero de 2010 cuando ocupaba el cargo de presidente de la DPC. https://t.co/WyQbJKKm8T","1090397054176817154","https://pbs.twimg.com/media/DyHeUeGU0AAIGg3.jpg","","es","","1","2","15","https://x.com/undefined/status/1090397054176817154","634068818",
"1090051969312468993","Tue Jan 29 23:51:30 +0000 2019","0","@omdonnys @mediaindonesia Banyak benar ya.. padahal Janji Prabowo - Sandi mau lunasi utang negara kesejahteraan rakyat ADIL dan MAKMUR. AKU JADI BINGUNG","1090397053727825922","","omdonnys","in","","0","0","0","https://x.com/undefined/status/1090397053727825922","902925548099215360",
"1090397050816978945","Tue Jan 29 23:51:30 +0000 2019","0","#CakIminMenangkanJokowi Bersama umat cak imin siap menangkan jokowi ma'ruf Amin pkb tentuntunya yang terdepan https://t.co/nZevrBX6XL","1090397050816978945","https://pbs.twimg.com/media/DyHeVOjVsAAdy5W.jpg","","in","","0","0","0","https://x.com/undefined/status/1090397050816978945","811066196170637312",
"1090397047952334848","Tue Jan 29 23:51:29 +0000 2019","0","#CakiminMenangkanJokowi #Brigade01Riau @Jokowi @EkoSandjojo @DodiShawana @SazaliSofyan @indranoveri2 https://t.co/lrTCeoKxfw","1090397047952334848","https://pbs.twimg.com/media/DyHeVdjUwAA4hKy.jpg","","qme","","0","0","1","https://x.com/undefined/status/1090397047952334848","536995119",
"1090397037378424832","Tue Jan 29 23:51:26 +0000 2019","0","Bahagia bisa dirasa jika rasa syukur itu ada dengan berbagi waktu @jokowi bertemu ratusan ribu warga yang ingin bersua bahkan kadang harus mengurangi waktu untuk keluarga #IbuNegaraAsyik https://t.co/QBxuMlMT4I","1090397037378424832","https://pbs.twimg.com/media/DyHeUNoU8AA4PCA.jpg","","in","","0","0","0","https://x.com/undefined/status/1090397037378424832","993202477200650241",
"1090272270193352704","Tue Jan 29 23:51:24 +0000 2019","3","@MalaekaNabilah @BangPino_ Kata pak jokowi laporkan jika sudah di laporkan tidak di proses juga berarti menambah bukti omongan pemimpin sekarang di bisa di percaya.","1090397025403756544","","","in","","0","0","0","https://x.com/undefined/status/1090397025403756544","149046227",
"1090262535293423616","Tue Jan 29 23:51:15 +0000 2019","5","@PriyoBudiS @smkar Salah satu yg dirindukan surga adl pemimpin yg adil. Insya Alloh mereka2 yg tidak adil ini termasuk yg diharamkan masuk surga bahkan dirindukan aja tidak. Pak jika nanti Prabowo-Sandi memimpin adillah. Termasuk thd lawan2 politiknya ","1090396987617304576","","PriyoBudiS","in","","0","1","1","https://x.com/undefined/status/1090396987617304576","167691852",
"1090274685529382912","Tue Jan 29 23:51:12 +0000 2019","1","@NurSyahbana9 Satu kelas dengan ulama prabowo dan ulamasandi.mereka masih magang. mengikuti guru gurunya yang lebih dahulu cari makan di ijtima ulama.","1090396977857101825","","NurSyahbana9","in","","0","0","0","https://x.com/undefined/status/1090396977857101825","1063435750744571904",
"1090396392776847360","Tue Jan 29 23:50:53 +0000 2019","0","@Fahrihamzah Yang berakal sehat pilih Jokowi-KH Ma'ruf Amien ya Kang....","1090396897641021442","","Fahrihamzah","in","","0","0","0","https://x.com/undefined/status/1090396897641021442","460038675",
"1090396895644508160","Tue Jan 29 23:50:53 +0000 2019","0","Sejujurnya ketakutan yg dulu disebar andai Prabowo mnjadi presiden mewujud saat ini. Aneh... aneh. Sungguh petugas yg baik.","1090396895644508160","","","in","","0","0","0","https://x.com/undefined/status/1090396895644508160","76535193",
"1090137941165232128","Tue Jan 29 23:50:52 +0000 2019","0","@TeddyGusnaidi @rockygerung @prabowo Gerung didengerin orang g jelas.ustad bkn pendeta bkn","1090396891517411328","","TeddyGusnaidi","in","","0","0","0","https://x.com/undefined/status/1090396891517411328","878898930142003200",
"1086246005924782080","Tue Jan 29 23:50:49 +0000 2019","2","@RPSSULSEL @vhelly74 @Angelyca_Nayoan @andaa_p @ifalcrew @Malw1ka @riani_212 @omibb @HaryonoAby @iwanthearcher @Riast10 @onettazuaoze @okewaee @wijaya_ento @Valkyreism @endang_nz @aswin_fadillah @shabahate @deasy12deasy @acoxduko @Ngebet_Kaya @Vife991 @Arlyanti2 @02Sandiaga @Danwahyudi1 @Laskar_surajaya @SusandraWardan1 @silmy_afiqa @HajrahDouboegis @IpungLombok @dherma98 @bangagoeng96 @HotPepperminTea @NoessChe @HarryRidwan_Ay @MasYudi90703440 @BasukiAyu @getcokelat @Dio_Nzee @Larry39359271 @prabowo @sandiuno @Valhalla_Asgard @Rizki44874585 @wongAlas901 @endrapoer @Anggraini_4yu @Dody_Lukas___ Saatnya anak bangsa bersatu menangkan @prabowo @sandiuno dari sabang sampai merouke Indonesia menang adil makmur #SulselPilihPrabowoSandi #SulselPilihPrabowoSandi","1090396878208872448","","Zabaniah_","in","","0","1","2","https://x.com/undefined/status/1090396878208872448","833303895254323201",
"1090396862236872704","Tue Jan 29 23:50:45 +0000 2019","2","@rockygerung @karniilyas @fadlizon @sandiuno @prabowo @BangFajran212 @AzhariRusdi @hariadhi https://t.co/uYeESe0TLD","1090396862236872704","https://pbs.twimg.com/media/DyHeKTCVsAAUhHM.jpg","rockygerung","qme","","1","5","0","https://x.com/undefined/status/1090396862236872704","1085287340715560960",
"1090185599435235328","Tue Jan 29 23:50:43 +0000 2019","0","@DamarKencana8 Emang yg saya sebut di atas bukan ujaran kebencian yah?? Laiskodat ngajak bunuh2an prabowo di katain asu sama pejabat daerah...menurutmmu itu delik atau bukan? Anda itu terlalu munafik...","1090396854259339264","","Bahana36723795","in","","0","0","0","https://x.com/undefined/status/1090396854259339264","1085436012845707264",
"1089915741468413952","Tue Jan 29 23:50:42 +0000 2019","0","@Dahnilanzar @AHMADDHANIPRAST @fadlizon @prabowo @sandiuno Framing anti pemerintah...dari mantan tum pemuda muh","1090396850325053440","","Dahnilanzar","in","","0","0","0","https://x.com/undefined/status/1090396850325053440","2655510318",
"1090034192019308550","Tue Jan 29 23:50:39 +0000 2019","0","@wigglejuel @maspiyuuu Gimana dengan si abu janda laiskodat ade armando si anak china yg mau mampusin jokowi dan cuitan sarkas lainya???...otak mana otak?!","1090396837800890368","","idfcaboutlovee","in","","0","0","0","https://x.com/undefined/status/1090396837800890368","1082471233852035072",
"1090396828741189633","Tue Jan 29 23:50:37 +0000 2019","0","#CakiminMenangkanJokowi #Brigade01Riau @Jokowi @EkoSandjojo @DodiShawana @SazaliSofyan @indranoveri2 https://t.co/zJLNTE40ee","1090396828741189633","https://pbs.twimg.com/media/DyHeIcCUwAESj5S.jpg","","qme","","0","0","0","https://x.com/undefined/status/1090396828741189633","536995119",
"1090394314406912000","Tue Jan 29 23:50:21 +0000 2019","3","@RPSSULSEL @YatiKomalasari2 @prabowo @sandiuno Up up #SulselPilihPrabowoSandi","1090396763549093889","","Zabaniah_","en","","0","1","2","https://x.com/undefined/status/1090396763549093889","755893995394387968",
"1090396735724126208","Tue Jan 29 23:50:15 +0000 2019","7","ibu Iriana merupakan cerminan dari bapak Jokowi pak Jokowi merupakan orang baik maka bertemulah dengan ibu Iriana yg juga baik hati #IbuNegaraAsyik https://t.co/s7rWE9YdFs","1090396735724126208","https://pbs.twimg.com/media/DyHeCf3UcAAwO55.jpg","","in","","0","1","3","https://x.com/undefined/status/1090396735724126208","1080782652112662528",
"1090247917846245376","Tue Jan 29 23:50:12 +0000 2019","0","@SyifaZ6 @Fahrihamzah @jokowi Otak gila kaliii yaa pada...punya presiden sebaik itu humble bekerja...masih dibilang zalim....masyaaa Allahh....kok parahhh amaatttt otak loe padeee","1090396725972365312","","SyifaZ6","in","","0","0","0","https://x.com/undefined/status/1090396725972365312","1043345471836585984",
"1090396721815797760","Tue Jan 29 23:50:11 +0000 2019","3","Maunya PSI ADP dipenjara rakyat salahkan HRS dan tidak salahkan Jkw kali ? Hahaha.. #AhmadDhaniKorbanRezim Fadli Zon Bikin Puisi 'Ahmad Dhani' PSI: Agar Rakyat Menyalahkan Jokowi https://t.co/zkJmEFB1Gz","1090396721815797760","","","in","","0","0","3","https://x.com/undefined/status/1090396721815797760","308824504",
"1090396708180189184","Tue Jan 29 23:50:08 +0000 2019","0","#2019 tetep jokowi https://t.co/cT8wwDOdxF","1090396708180189184","","","in","","0","0","0","https://x.com/undefined/status/1090396708180189184","2884359212",
"1090219305092866049","Tue Jan 29 23:50:00 +0000 2019","0","@mkusumawijaya @prabowo https://t.co/yvHqTqF588","1090396673723981825","https://pbs.twimg.com/tweet_video_thumb/DyHd_PqVsAAv1nC.jpg","mkusumawijaya","qme","","0","0","0","https://x.com/undefined/status/1090396673723981825","215564302",
"1090396646867750917","Tue Jan 29 23:49:53 +0000 2019","0","Rizal Ramli: Jokowi Anda Bekerja Untuk Siapa? VIVA https://t.co/0GJlb92U1D","1090396646867750917","","","in","","0","0","0","https://x.com/undefined/status/1090396646867750917","197046834",
"1090232144755011585","Tue Jan 29 23:49:51 +0000 2019","0","@korantempo Jokowi Piala dari ALLAH jangan diganti. Ahok dihancurkan dan bangkit ditinggikan ALLAH kelak hingga menyaksikan yg menghancurkan di Tumbangkan ALLAH.","1090396639016103939","","Tempo_Plus","in","","0","0","0","https://x.com/undefined/status/1090396639016103939","482587322",
"1090396603767185409","Tue Jan 29 23:49:43 +0000 2019","0","#CakiminMenangkanJokowi #Brigade01Riau @Jokowi @EkoSandjojo @DodiShawana @SazaliSofyan @indranoveri2 https://t.co/wgXa9jpvMk","1090396603767185409","https://pbs.twimg.com/media/DyHd7OkU0AAQU9x.jpg","","qme","","0","0","0","https://x.com/undefined/status/1090396603767185409","536995119",
"1090323062694674432","Tue Jan 29 23:49:34 +0000 2019","1","@pujangga1123 @P3nj3l4j4h Yg punya akal sehat dukung @jokowi ....","1090396565561196544","","Great_Pujangga","in","","0","0","0","https://x.com/undefined/status/1090396565561196544","793634402651602944",
"1090396560309944320","Tue Jan 29 23:49:33 +0000 2019","0","Ibu Iriana yang telah mendukung Pak jokowi tentunya sangat disayang oleh pak @jokowi","1090396560309944320","","","in","","0","0","0","https://x.com/undefined/status/1090396560309944320","1089144701788155905",
"1090396556040302592","Tue Jan 29 23:49:32 +0000 2019","0","SURABAYA - Dukungan untuk pasangan capres/cawapres Joko Widodo-Ma'ruf Amin terus mengalir di Jawa Timur. Kali ini dukungan datang dari Majelis Pimpinan Wilayah (MPW) Pemuda Pancasila (PP) Jatim.... https://t.co/xLjAjJrMe3","1090396556040302592","","","in","","0","0","0","https://x.com/undefined/status/1090396556040302592","71467837",
"1089723561432862720","Tue Jan 29 23:49:23 +0000 2019","0","@HeriSNarya @YuztineK @Ferdinand_Haean @prabowo @sandiuno @arlex_wu Alhmdulilah ki msh bs main twter.. bs ngikuti perkmbngn politk. Dan yg psti msh tau yg baik &amp; buruk !.. Artinya sht jasmni &amp; rohani.. Sy doakan nak juga sht sprti aki. Krna sakit gk lht umur.. ","1090396517549010944","","BukanGolMunafik","in","","0","0","0","https://x.com/undefined/status/1090396517549010944","1045470512447545345",
"1089845181799493633","Tue Jan 29 23:49:18 +0000 2019","0","@Fahrihamzah @AHMADDHANIPRAST @prabowo Ttg ketaatan pd hukum bolehkah kita belajar pd bp BTP? Sportif dan gentle sekali beliau ","1090396498410463232","","Fahrihamzah","in","","0","0","0","https://x.com/undefined/status/1090396498410463232","1639852435",
"1090396443364323328","Tue Jan 29 23:49:05 +0000 2019","0","BPN Prabowo - Sandi menganggap perpindahan dukungan di negara demokrasi adalah hal yang wajar. https://t.co/AknhxdA4jt","1090396443364323328","","","in","","0","2","1","https://x.com/undefined/status/1090396443364323328","759692754985242625",
"1090391299289563137","Tue Jan 29 23:49:05 +0000 2019","6","@wr200465 @fadlizon Fadli Zon TDK usah nemenin ADP di penjara jadi badut di rumah Prabowo aja.","1090396443062415360","","__LOVE_AG4EVER","in","","0","3","3","https://x.com/undefined/status/1090396443062415360","929118862192230400",
"1090393269228396544","Tue Jan 29 23:48:57 +0000 2019","0","@mouldie_sep Tujuan milan beli Piatek : Meraup suara milanisti agar memilih prabowo. #PrabowoBersamaMilanisti #KonspirasiWahyudi","1090396411223404544","","","in","","0","0","0","https://x.com/undefined/status/1090396411223404544","2577810691",
"1090396399324155904","Tue Jan 29 23:48:54 +0000 2019","0","#CakiminMenangkanJokowi #Brigade01Riau @Jokowi @EkoSandjojo @DodiShawana @SazaliSofyan @indranoveri2 https://t.co/plBDhvT02y","1090396399324155904","https://pbs.twimg.com/media/DyHdvawUYAAFC14.jpg","","qme","","0","0","0","https://x.com/undefined/status/1090396399324155904","536995119",
"1090396395666894851","Tue Jan 29 23:48:53 +0000 2019","0","Saat rata-rata partisipasi pemilu di negara yang mewajibkan memilih sebanyak 86 13 persen negara yang tidak mewajibkan hanya 65 44 persen pada 1990-an. https://t.co/Rz6F1N6rBk","1090396395666894851","","","in","","0","0","0","https://x.com/undefined/status/1090396395666894851","617957318",
"1090396385520709632","Tue Jan 29 23:48:51 +0000 2019","0","Kata ICW soal Data Caleg Eks Koruptor yang Ditanya Jokowi ke Prabowo https://t.co/Un8Mn0ekl5","1090396385520709632","https://pbs.twimg.com/media/DyHdu84WkAULUpi.jpg","","in","","0","0","0","https://x.com/undefined/status/1090396385520709632","3288053485",
"1090396375890636801","Tue Jan 29 23:48:49 +0000 2019","40","#CakIminMenangkanJokowi Csk imin besarkan pkb dan mensnhksn jokowi ma'ruf Amin https://t.co/lxG39fdBFu","1090396375890636801","https://pbs.twimg.com/media/DyHduTNVAAANxgX.jpg","","in","","2","1","36","https://x.com/undefined/status/1090396375890636801","811066196170637312",
"1090393971904241665","Tue Jan 29 23:48:38 +0000 2019","0","@MbahUyok @prabowo @sandiuno mereka berjuang untuk kelanjutan hidup.....walaupun usia tdk produktif lagi tapi mereka terus berjuang untuk hidup yg lebih layak andai kemakmuran bisa mereka rasakan......usia senja bisa mereka nikmati tanpa harus bekerja keras.","1090396331909165056","","MbahUyok","in","","0","0","0","https://x.com/undefined/status/1090396331909165056","283412486",
"1090396326238539778","Tue Jan 29 23:48:37 +0000 2019","0","Danny Pomanto Yakin NasDem Menang Pemilu di Makassar https://t.co/8wUAD283Mr https://t.co/48oCcjaf9n","1090396326238539778","https://pbs.twimg.com/media/DyHdrgKUYAEU1VW.jpg","","in","","0","0","0","https://x.com/undefined/status/1090396326238539778","965545710576844801",
"1089915741468413952","Tue Jan 29 23:48:31 +0000 2019","0","@Dahnilanzar @AHMADDHANIPRAST @fadlizon @prabowo @sandiuno Bahhhhh....!!","1090396303018741761","","Dahnilanzar","und","","0","0","0","https://x.com/undefined/status/1090396303018741761","925563644762398721",
"1090396254004072448","Tue Jan 29 23:48:20 +0000 2019","3","Sejak 2014 terbukti bahwa Cak Imin ingin bersama2 Pak Jokowi memajukan bangsa Indonesia. Mengajak masyarakat untuk ikut andil dalam membangun Indonesia. @WawanPurwandl @kangdede78 #CakIminMenangkanJokowi https://t.co/kvLqoM57dY","1090396254004072448","","","in","","0","0","6","https://x.com/undefined/status/1090396254004072448","841604158373351424",
"1090396250019713025","Tue Jan 29 23:48:19 +0000 2019","0","(Okezone | Jawaban Sri Mulyani Disebut Menteri Pencetak Utang oleh Prabowo : Okezone Economy) https://t.co/G401EiFiEB #pemilu #pemilu2019","1090396250019713025","","","in","","0","0","0","https://x.com/undefined/status/1090396250019713025","968428811107819521",
"1090396178225610752","Tue Jan 29 23:48:02 +0000 2019","0","#CakiminMenangkanJokowi #Brigade01Riau @Jokowi @EkoSandjojo @DodiShawana @SazaliSofyan @indranoveri2 https://t.co/49APoS7GHL","1090396178225610752","https://pbs.twimg.com/media/DyHdi1gVAAAvz9s.jpg","","qme","","0","0","0","https://x.com/undefined/status/1090396178225610752","536995119",
"1090396169417572352","Tue Jan 29 23:48:00 +0000 2019","0","Sebagai istri dan ibu dari anak-anak Pak jokowi ibu iriana sudah mendampingi pak jokowi sejak masih susah sampai sekarang menginjak istana","1090396169417572352","","","in","","0","0","0","https://x.com/undefined/status/1090396169417572352","1089144701788155905",
"1090137941165232128","Tue Jan 29 23:47:59 +0000 2019","0","@TeddyGusnaidi @rockygerung @prabowo Pa RG gagal paham arti kepemimpinan.","1090396168931045376","","TeddyGusnaidi","in","","0","0","0","https://x.com/undefined/status/1090396168931045376","1082457488065056769",
"1090185266105446400","Tue Jan 29 23:47:45 +0000 2019","0","@laskar_minang Ayo Al.....kita tamatkan rezim ini dengan KEMENGANGAN MUTLAK di Pemilu ini","1090396107673296896","","demoCRAZY_id","in","","0","0","0","https://x.com/undefined/status/1090396107673296896","953330310300688384",
"1090387696629903360","Tue Jan 29 23:47:44 +0000 2019","0","@lukmansaifuddin Apakah agama mengajarkan seorang pemimpin untuk memberikan hak seseorang yang di Ramapas ? Kalo mengajarkan pak Menag nasehati pemimpin agar memberikan hak masyarakat Balaraja kab Tangerang yg di rampas mafia tanah @jokowi @KSPgoid @atr_bpn @djalil_sofyan","1090396103487348736","","lukmansaifuddin","in","","0","0","0","https://x.com/undefined/status/1090396103487348736","742255026400165888",
"1090164753807228929","Tue Jan 29 23:47:44 +0000 2019","6","@bangsawarior55 @Nofdiwal1 @fadlizon Pemerintah ngutang untuk membangun negri ini dan hasilnya sudah kita rasakan dan salah satu infrastruktur sy sangat rasakan pulang ke jawa perjalanan sangat cepat..Pak Jokowi luar biasa DEH patut kita berterima kasih.","1090396102228996097","","bangsawarior55","in","","1","8","0","https://x.com/undefined/status/1090396102228996097","1089823763766472709",
"1090264690322595846","Tue Jan 29 23:47:43 +0000 2019","1","@CH_chotimah @BiLLRaY_ Beruntung di kubu Jokowi gak punya org bermental kardus... Ngarang cerita demi manipulasi data &amp; fakta....dasar dungu","1090396098294820864","","ChusnulCh__","in","","0","0","0","https://x.com/undefined/status/1090396098294820864","1061663520859668480",
"1090273821909692418","Tue Jan 29 23:47:25 +0000 2019","0","@SiraitUdur @satchafunk Nambah lg bocah yg mau nembak jokowi tu gimana kabarnya ndur?","1090396023514587136","","sofia_nurhayati","in","","0","1","0","https://x.com/undefined/status/1090396023514587136","984780578389020672",
"1090395981370187778","Tue Jan 29 23:47:15 +0000 2019","0","Dukungan Jokowi Ma;ruf Amin terus mengalir masyarakat menyambut dgn rasa optimis Jokowi dua priode Masyarakat Pedagang Pasar pringan deklarasi dukung Jokowi Ayoo semangat sobat #Jokowi2Periode #JokowiMaruf2019","1090395981370187778","","","in","","0","0","0","https://x.com/undefined/status/1090395981370187778","1036464505943818241",
"1090395959366889472","Tue Jan 29 23:47:09 +0000 2019","0","@FaldoMaldini @prabowo @fadlizon coba kampanye tanpa hoax bohong fitnah bisa tidak? mana program original anda2?","1090395959366889472","","FaldoMaldini","in","","0","0","0","https://x.com/undefined/status/1090395959366889472","1070794896162746368",
"1090312623118200833","Tue Jan 29 23:47:09 +0000 2019","0","@EndjahH @pramonoanung @jokowi @evndari @AnakLolina @BamsBulaksumur @joko_maryadi @PANDHITADHYASA1 @PDI_Perjuangan Hati2 kung nanti dilaporkan sama @JackBoydLapian lho.","1090395958074994688","","EndjahH","in","","0","1","0","https://x.com/undefined/status/1090395958074994688","167691852",
"1090395933492170752","Tue Jan 29 23:47:03 +0000 2019","13","#CakIminMenangkanJokowi Pkb dalam pimpinan panglima santri siap mengkan jokowi ma'ruf Amin https://t.co/hivlxaJBBz","1090395933492170752","https://pbs.twimg.com/media/DyHdUQCVYAAY9y1.jpg","","in","","0","0","11","https://x.com/undefined/status/1090395933492170752","811066196170637312",
"1090395928664563712","Tue Jan 29 23:47:02 +0000 2019","0","#CakiminMenangkanJokowi #Brigade01Riau @Jokowi @EkoSandjojo @DodiShawana @SazaliSofyan @indranoveri2 https://t.co/TlBo7P5o1h","1090395928664563712","https://pbs.twimg.com/media/DyHdT9CV4AAQ1Il.jpg","","qme","","0","0","0","https://x.com/undefined/status/1090395928664563712","536995119",
"1090395916966580224","Tue Jan 29 23:46:59 +0000 2019","0","mantul RELAWAN JOKOWI : SUDAH DIBERI UANG MAKAN DAN BAJU MEREKA TETAP TAK DATANG https://t.co/e331tEBRwC","1090395916966580224","","","in","","0","0","0","https://x.com/undefined/status/1090395916966580224","2373747230",
"1090395912378081280","Tue Jan 29 23:46:58 +0000 2019","0","Tak akan goyah yah Pak Buk ...tetap Jokowi yang terbaik!","1090395912378081280","","","in","","0","0","0","https://x.com/undefined/status/1090395912378081280","877095693738926081",
"1090395909450420225","Tue Jan 29 23:46:58 +0000 2019","0","#CakIminMenangkanJokowi @jokowi @cakimiNOW @DPP_PKB https://t.co/Hwg5NhOge8","1090395909450420225","https://pbs.twimg.com/media/DyHdQrqU0AEDcaN.jpg","","qme","","0","0","0","https://x.com/undefined/status/1090395909450420225","1034592530753441792",
"1090395886578888704","Tue Jan 29 23:46:52 +0000 2019","0","Jika Jadi Presiden Prabowo Akan Batalkan Remisi Untuk Pembantai Wartawan https://t.co/egBDfL2SIF","1090395886578888704","","","in","","0","0","0","https://x.com/undefined/status/1090395886578888704","197046834",
"1090395878945378304","Tue Jan 29 23:46:50 +0000 2019","2"," Ampun mbedakaken marang lintune (maksudnya yaitu jangan membeda-bedakan antara sesama manusia hargailah perbedaan) - Pemilu 2019 Damai dan Sejuk Tanpa Hoax dan Ujaran Kebencian -","1090395878945378304","","","in","","0","0","0","https://x.com/undefined/status/1090395878945378304","740058303816863745",
"1090167180539260928","Tue Jan 29 23:46:50 +0000 2019","0","@kumparan Pak jokowi yang menang...insya Allah..","1090395875849920512","","kumparan","in","","0","0","0","https://x.com/undefined/status/1090395875849920512","1043051495585792000",
"1090221774107684864","Tue Jan 29 23:46:47 +0000 2019","2","@jokowi Kasian yaaaaaa Buat dpt Pujian saja Haris Berbayar.. Akun Palsu dg Pujian Palsu..!!! Elektabilatas Terjun Bebas Alias Nyungsep..!!! #CUKUP1Periode","1090395865984823298","","jokowi","in","","0","0","1","https://x.com/undefined/status/1090395865984823298","1076098752",
"1090395861564059649","Tue Jan 29 23:46:46 +0000 2019","4","NU akan selalu bersama Jokowi dan Jokowi juga akan selalu bersama NU... #01IndonesiaMaju #JokowiOrangBaik https://t.co/OHoe6ZbiCw","1090395861564059649","https://pbs.twimg.com/media/DyHdQZsUwAArq4g.jpg","","in","","1","0","1","https://x.com/undefined/status/1090395861564059649","968700111357399045",
"1090395849450897408","Tue Jan 29 23:46:43 +0000 2019","2","Semoga 02 Menang dan langsung menetapkan Hari Nasional Kemerdekaan Akal Sehat utk selalu diperingati tiap tahun spy tdk ada lagi kebodohan dan ketidakadilan dipertontonkan secara massive dan vulgar di bumi tercinta ini cc @Gerindra @prabowo @fadlizon @Fahrihamzah @hanumrais","1090395849450897408","","","in","","0","0","1","https://x.com/undefined/status/1090395849450897408","454537457",
"1089664304159182849","Tue Jan 29 23:46:43 +0000 2019","1","@EMINMUH84524602 jokowi sekali lagi","1090395846569414656","","EMINMUH84524602","in","","0","0","0","https://x.com/undefined/status/1090395846569414656","1082079315250933761",
"1090391299289563137","Tue Jan 29 23:46:42 +0000 2019","10","@HipHop74934648 @fadlizon Si zonk selalu menista dan menyudutkan jokowi.. Kapan ya dia nyusul nemenin DHani??","1090395845936087040","","bukan_penjilat_","in","","0","5","5","https://x.com/undefined/status/1090395845936087040","799023207294504960",
"1090395531002621952","Tue Jan 29 23:46:33 +0000 2019","0","@lisa_charisma @prabowo @sandiuno Sultra kapan @sandiuno","1090395806740361217","","cakra_vale","in","","0","0","0","https://x.com/undefined/status/1090395806740361217","1048644709319491584",
"1090379254628376576","Tue Jan 29 23:46:26 +0000 2019","0","@arsul_sani @jokowi Politisi dari partai Yg logonya mulia tapi hatinya munafiq","1090395775354322944","","arsul_sani","in","","0","0","0","https://x.com/undefined/status/1090395775354322944","1069774665457926144",
"1089662657882275842","Tue Jan 29 23:46:22 +0000 2019","0","@CNNIndonesia Sepakat jika dibandingkan penantang keislaman pak Jokowi lebih jelas","1090395761827766274","","CNNIndonesia","in","","0","0","0","https://x.com/undefined/status/1090395761827766274","1085313874717433856",
"1090392915300503552","Tue Jan 29 23:46:18 +0000 2019","0","@merdekadotcom Siapa takut lawan pakde @jokowi","1090395744794640384","","merdekadotcom","in","","0","0","0","https://x.com/undefined/status/1090395744794640384","1058177799045828608",
"1090251275155865600","Tue Jan 29 23:46:16 +0000 2019","0","@imanlagi Pak Jokowi itu tinggi yaa ternyata. Ngga kalah sama jenderal2","1090395734606675968","","","in","","0","2","0","https://x.com/undefined/status/1090395734606675968","1081209958622846976",
"1090251207048802305","Tue Jan 29 23:46:15 +0000 2019","1","@sandiuno Berkunjunglah Bapak @sandiuno ke sp1 kecamatan sirondorung kabupaten tapanuli tengah disini jalannya rusak. Sudah 4 tahun pak jokowi menjaban tidak ada perbaikan atau pembangun jalan. Jalan kami disini sudah di bangun di erapa pimpinan bapak suharto dan belum ada perbaikan. https://t.co/LUXBoHXZ8E","1090395732547297280","https://pbs.twimg.com/media/DyHdHv2UcAAXnPi.jpg","sandiuno","in","","0","1","0","https://x.com/undefined/status/1090395732547297280","924922569907568640",
"1090377409021435905","Tue Jan 29 23:46:11 +0000 2019","0","@TjahjantoHadi @narkosun @jokowi Pake mensen ke jokowi ... Ya pak","1090395714343952384","","TjahjantoHadi","in","","0","0","0","https://x.com/undefined/status/1090395714343952384","979580653351051264",
"1090077102492119041","Tue Jan 29 23:46:10 +0000 2019","1","@agung_nusanjaya @HukumDan Prabowo terpilih si @GunRomli harus diproses laporannya ... Keadilan hrs ditegakkan","1090395708232892416","","agung_nusanjaya","in","","0","0","0","https://x.com/undefined/status/1090395708232892416","1027464395759136768",
"1090122307735973889","Tue Jan 29 23:46:04 +0000 2019","1","@zaenalkase @jokowi Jokowi mantap #01IndonesiaMaju","1090395686061789185","","zaenalkase","in","","0","0","0","https://x.com/undefined/status/1090395686061789185","1046931758543818752",
"1090395671981477888","Tue Jan 29 23:46:01 +0000 2019","8","mohon bantu share dan infaqnya tuk saudara2 kita di gaza colek @prabowo @sandiuno @haikal_hassan @Fahrihamzah @LisaAmartaTara @zarazettirazr @RajaPurwa @AkunTofa @swulll @ustadtengkuzul @Gemacan70 @aagym @adv_supyadi @ArieKuntung","1090395671981477888","","","in","","0","0","3","https://x.com/undefined/status/1090395671981477888","811124273762795520",
"1090395645054054400","Tue Jan 29 23:45:55 +0000 2019","0","#CakIminMenangkanJokowi @jokowi @cakimiNOW @DPP_PKB https://t.co/oTw4l6aJ0b","1090395645054054400","https://pbs.twimg.com/media/DyHdB2PVsAAm9F-.jpg","","qme","","0","0","0","https://x.com/undefined/status/1090395645054054400","986046281586896896",
"1090395642185150464","Tue Jan 29 23:45:54 +0000 2019","0","Tidak mungkin kalau ga ada ketulusan cinta keduanya pasangan ini sampai sekarang ini jika jabatan yang jadi alasan @jokowi Bisa saja berbagi cinta diluar sana dan mungkin tinggal pilih #IbuNegaraAsyik https://t.co/LYHrlqEzga","1090395642185150464","https://pbs.twimg.com/media/DyHdCv_UcAAMkqr.jpg","","in","","0","0","0","https://x.com/undefined/status/1090395642185150464","993202477200650241",
"1090395626393657344","Tue Jan 29 23:45:50 +0000 2019","0","#CakiminMenangkanJokowi #Brigade01Riau @Jokowi @EkoSandjojo @DodiShawana @SazaliSofyan @indranoveri2 https://t.co/L4dK8nn5up","1090395626393657344","https://pbs.twimg.com/media/DyHdCsrU0AA9x83.jpg","","qme","","0","0","0","https://x.com/undefined/status/1090395626393657344","536995119",
"1090395547737907201","Tue Jan 29 23:45:31 +0000 2019","2","TKN: Masyarakat Aceh Dukung Jokowi untuk Majukan Bangsa. https://t.co/miB7n5bpko","1090395547737907201","","","in","","0","1","0","https://x.com/undefined/status/1090395547737907201","47274731",
"1090395485569871872","Tue Jan 29 23:45:16 +0000 2019","0","#CakIminMenangkanJokowi @jokowi @DPP_PKB https://t.co/DD5jI2PJ0S","1090395485569871872","https://pbs.twimg.com/media/DyHc3yfU0AAZJRb.jpg","","qme","","0","0","0","https://x.com/undefined/status/1090395485569871872","986046281586896896",
"1090395416477130752","Tue Jan 29 23:45:00 +0000 2019","0","#CakiminMenangkanJokowi #Brigade01Riau @Jokowi @EkoSandjojo @DodiShawana @SazaliSofyan @indranoveri2 https://t.co/p2fJiXmt4A","1090395416477130752","https://pbs.twimg.com/media/DyHc2F5VAAEvlm3.jpg","","qme","","0","0","0","https://x.com/undefined/status/1090395416477130752","536995119",
"1090395396570927105","Tue Jan 29 23:44:55 +0000 2019","0","Perbedaan Jokowi Vs Sby - Postur Badan Beda - Gantengnya Beda - Berat Badan Beda Jauh","1090395396570927105","","","in","","0","0","0","https://x.com/undefined/status/1090395396570927105","62399153",
"1089741093845884928","Tue Jan 29 23:44:54 +0000 2019","0","@BaskoroAziz @SanwaniRr @RamliRizal Iya karena ngawur mentweet berita. Apalagi tidak memberikan edukasi yg benar apalagi itu selevel profesor Yg paham betul soal hutang dan undang2. Bahkan hutang kiani kertas 7 2 T serta hutang LN pak Prabowo 142Milyar. Andil kan junjungannya bikin hutang pemerintah !!!","1090395392825421824","","Nuhinainuinainu","in","","0","0","0","https://x.com/undefined/status/1090395392825421824","1047679190869336064",
"1090395375683330048","Tue Jan 29 23:44:50 +0000 2019","0","Tim @prabowo : Koalisi Sebelah Dibangun dengan Kesepakatan Bagi-bagi Kursi https://t.co/pMrpKr0KNS","1090395375683330048","","","in","","0","0","0","https://x.com/undefined/status/1090395375683330048","1082992095361609728",
"1089837127339147266","Tue Jan 29 23:44:49 +0000 2019","0","@TeddyGusnaidi @prabowo @rockygerung Aku sering di laut malas berfoto dengan latar belakang laut dan aku jarang ke gunung dan kalo aku ke gunung dengan pemandangan hijau aku berfoto dengan latar belakang gunung","1090395371069526017","","TeddyGusnaidi","in","","0","0","0","https://x.com/undefined/status/1090395371069526017","2911551846",
"1090075246395191296","Tue Jan 29 23:44:42 +0000 2019","1","@Derurudi1 Putra2 Ahmad Dhani sudah mengikrarkan diri utk mengibarkan bendera perjuangan guna mendukung Prabowo Sandi dikalangan milenial. Alhamdulillah memang KEKUASAAN ALLAH SWT lbh tinggi dari keinginan manusia. #AhmadDhaniKorbanRezim #SaveAhmadDhani","1090395341910769665","","Derurudi1","in","","0","0","0","https://x.com/undefined/status/1090395341910769665","1057569248082452480",
"1090395338697990144","Tue Jan 29 23:44:41 +0000 2019","49","#CakIminMenangkanJokowi Cak Imin Full dukung Jokowi dengan seluruh kader kader nya @jokowi @cakimiNOW @SyaifulHooda @SidkonDjampi @KornasBrigade01 https://t.co/bX7Cq29KWp","1090395338697990144","https://pbs.twimg.com/media/DyHcxkhUUAEMYPI.jpg","","in","","3","2","37","https://x.com/undefined/status/1090395338697990144","1076279099046285312",
"1089915741468413952","Tue Jan 29 23:44:40 +0000 2019","0","@Dahnilanzar @AHMADDHANIPRAST @fadlizon @prabowo @sandiuno Insyaallah masih akan lebih lama lagi dipenjara karena masih ada kasus yang belum vonis inilah pentingnya menjaga lisan karena amal yng paling dicintai Allah SWT adl menjaga lisan(HR.Bukhari) #Salamwaras #Jokowi2periode","1090395333123665920","","Dahnilanzar","in","","0","0","0","https://x.com/undefined/status/1090395333123665920","1048576743689211904",
"1090377409021435905","Tue Jan 29 23:44:32 +0000 2019","0","@TjahjantoHadi @jokowi Sukses Panglima @TjahjantoHadi kawal NKRI dri segelintir orang orang yg berniat memecah belah dengan berbagai dalih dan alasan","1090395298587762688","","TjahjantoHadi","in","","0","0","0","https://x.com/undefined/status/1090395298587762688","799143211356696577",
"1090263034021404672","Tue Jan 29 23:44:23 +0000 2019","0","@chicohakim @budimandjatmiko @jokowi ohhh ya. apaa itu","1090395259710799872","","chicohakim","in","","0","0","0","https://x.com/undefined/status/1090395259710799872","1073208683067109376",
"1090395254883213312","Tue Jan 29 23:44:21 +0000 2019","0","#CakIminMenangkanJokowi Pkb siap menjafi yang terdepan untuk menangkan jokowi ma'ruf Amin https://t.co/1IMzEv2Tbr","1090395254883213312","https://pbs.twimg.com/media/DyHcsrRVYAAOMOo.jpg","","in","","0","0","0","https://x.com/undefined/status/1090395254883213312","811066196170637312",
"1090191260449558528","Tue Jan 29 23:44:21 +0000 2019","0","@JackTheRock4 @ronavioleta @jokowi Mohon pencerahan om soal ngerinya..","1090395253163479040","","JackTheRock4","in","","0","0","0","https://x.com/undefined/status/1090395253163479040","940402673374838784",
"1090395245655650304","Tue Jan 29 23:44:19 +0000 2019","0","Kpd yg deket dgn @jokowi tolong sampaikan dan minta untuk segera penuhi janjinya @na_dirs @yennywahid @AlissaWahid @savicali @permadiaktivis @bambangelf @cakimiNOW @jengkelin__ @makLambeTurah @FaGtng @RizmaWidiono @sukmahapsari","1090395245655650304","","","in","","1","0","0","https://x.com/undefined/status/1090395245655650304","979580653351051264",
"1090395243730497536","Tue Jan 29 23:44:19 +0000 2019","0","#KAMPRET ada benarnya cuman leadership @jokowi tidak akan biarkan nya tuk miskin pastinya #INDONESIA maju pesat dan dinamis. https://t.co/TpPgdhiwEX","1090395243730497536","https://pbs.twimg.com/media/DyHcsDNVsAAfijU.jpg","","in","","0","0","0","https://x.com/undefined/status/1090395243730497536","1004668410704232449",
"1090395225686790144","Tue Jan 29 23:44:15 +0000 2019","1"," kadang mripat iso salah ndelok kuping salah krungu lambe iso salah ngomong tapi ati ora iso bakal diapusi ( Terkadang mata bisa salah melihat telinga salah mendengar mulut bisa salah bicara tetapi hati tidak mungkin bisa di bohongi ) - Pemilu 2019 Damai dan Sejuk -","1090395225686790144","","","in","","0","0","0","https://x.com/undefined/status/1090395225686790144","740058303816863745",
"1090395221911728129","Tue Jan 29 23:44:14 +0000 2019","0","#CakiminMenangkanJokowi #Brigade01Riau @Jokowi @EkoSandjojo @DodiShawana @SazaliSofyan @indranoveri2 https://t.co/eNsD4rogrI","1090395221911728129","https://pbs.twimg.com/media/DyHcq63VAAAyRNP.jpg","","qme","","0","0","0","https://x.com/undefined/status/1090395221911728129","536995119",
"1090395189351374848","Tue Jan 29 23:44:06 +0000 2019","0","Masukan tersebut nantinya akan diolah menjadi bahan debat capres yang berbobot. https://t.co/J0tRfhVtgh","1090395189351374848","","","in","","0","0","0","https://x.com/undefined/status/1090395189351374848","759692754985242625",
"1090134499999002624","Tue Jan 29 23:44:01 +0000 2019","0","@maspiyuuu @jokowi Suatu masa dmn mukidi yg berkuasa akan ada istilah baru lo ngibul aja kyk mukidi dan lo tukang bohong udah kyk mukidi tuhkan janji lo palsu persis kyk mukidi muke lu ndeso tp hati bejat kyk mukidi lu tukang PHP nih kyk mukidi lu!!!. #AhmadDhaniKorbanRezim","1090395168434319360","","mas_piyuuu","in","","0","0","0","https://x.com/undefined/status/1090395168434319360","930291158705520645",
"1090066887147323392","Tue Jan 29 23:43:53 +0000 2019","0","@AndiArief__ Hahaha mkn sebaliknya mas ente fendam bgt angkat jempolla buat Jokowi ya mas.","1090395137052557312","","Andiarief__","in","","0","1","0","https://x.com/undefined/status/1090395137052557312","1023975824813252614",
"1090276379969576961","Tue Jan 29 23:43:46 +0000 2019","3","@TanYoana Satu lagi yg sebentar lgi akan Turun @jokowi Lengseeeeeeeer.....!!!","1090395104806719488","","TanYoana","in","","0","0","0","https://x.com/undefined/status/1090395104806719488","1076098752",
"1090395096506384384","Tue Jan 29 23:43:44 +0000 2019","0","I liked a @YouTube video https://t.co/5t3FZD9mvY BLAK-BLAKAN! Rocky Gerung Jelaskan Motif Politik Presiden Jokowi Soal Pembebasan","1090395096506384384","","","in","","0","0","0","https://x.com/undefined/status/1090395096506384384","812083886",
"1090395049026772992","Tue Jan 29 23:43:32 +0000 2019","0","#CakiminMenangkanJokowi #Brigade01Riau @Jokowi @EkoSandjojo @DodiShawana @SazaliSofyan @indranoveri2 https://t.co/kwknHV0zkb","1090395049026772992","https://pbs.twimg.com/media/DyHcgywV4AEFeb9.jpg","","qme","","0","0","0","https://x.com/undefined/status/1090395049026772992","536995119",
"1090395021663121408","Tue Jan 29 23:43:26 +0000 2019","67","Yuk Prabowo-Sandi Aja...!!! @RPSSULSEL #SulselPilihPrabowoSandi #SulselPilihPrabowoSandi https://t.co/8uvY74YLZd","1090395021663121408","https://pbs.twimg.com/media/DyHce3nV4AIhe9_.jpg","","in","","1","6","30","https://x.com/undefined/status/1090395021663121408","1027852670902525953",
"1044558997615927301","Tue Jan 29 23:43:18 +0000 2019","0","@FidiansyahReza @RenataSyarif @juventini_3rwin @MerdekaBrojoe @IbraThalib1 @Anak_Perantau_ @HalloMaman @gio_tugi @SalmaBrecht @SetiaAdy_p @lidya_wrw @JackTheRock4 @utipahkia @Nink47018190 @anyaeuuy @bobolidos @FernandaLetiva @hardi_anton @Swarnadiva9 @AnissaVerawaty @DYoesouf @AdiahmadAdi5 @arekgubeng2 @BhogaKent @CahilGerry @antozlatan @JokSusi2019 @annisarama9 @__ANDRE_OCTA__ @kaprikurt @KingTukijan @LebahBorneo @Winsontrotz1 @vintenas @Ninnocyber @sugi_0706 @BocoroRoman @JalanYangTerjal @ebugogo2periode @XihxhouxExchou @alpinkori @Midjan_La @dya_11677 @suka_komen @himawan1978 @Igedemanuke9 @dewantara_adjie @Sandro87732049 @prabowo @jokowi Mas loe blm level kalau bicara yang logis dan etis...nyimak saja lebih bagus....","1090394988368736259","","FidiansyahReza","in","","0","0","0","https://x.com/undefined/status/1090394988368736259","3114621140",
"1090394972795297793","Tue Jan 29 23:43:14 +0000 2019","0","02 Prabowo Sandi #2019PrabowoPresidenRI","1090394972795297793","","","in","","0","0","0","https://x.com/undefined/status/1090394972795297793","1028817382318338049",
"1090382186878971904","Tue Jan 29 23:43:05 +0000 2019","0","@RPSSULSEL @sandiuno @prabowo @Gerindra Insya Allah Indonesia akan Jaya dipimpin oleh orang yg mempunyai keturunan dari para ulama dan sejarah mencatatnya. #PrabowoSandiNo2","1090394932206960641","","Zabaniah_","in","","0","1","0","https://x.com/undefined/status/1090394932206960641","243207991",
"1089827440770207744","Tue Jan 29 23:42:31 +0000 2019","1","@KosongSatuMetal 01 selalu yg terbaik #jokowilebihbaik #jokowikotaserang @jokowi","1090394790154330112","","KosongSatuMetal","in","","0","1","1","https://x.com/undefined/status/1090394790154330112","1079343195937431552",
"1090394360758251520","Tue Jan 29 23:42:25 +0000 2019","0","Padahal merekalah yang buta politik. Menganggap politik sebatas pilih siapa di pemilu seperti ngefans ke klub bola. Memilih berdasarkan emosi dan favoritisme padahal tidak pernah mengkaji baik-buruknya.","1090394764514455552","","prodygeer","in","","0","1","0","https://x.com/undefined/status/1090394764514455552","121041284",
"1090394751042371584","Tue Jan 29 23:42:21 +0000 2019","0","Dhani Dipenjara Al Disebut Bakal Gabung ke Kubu Prabowo https://t.co/DhEi0s6QUy","1090394751042371584","","","in","","0","0","0","https://x.com/undefined/status/1090394751042371584","905914381",
"1090116922686013445","Tue Jan 29 23:42:11 +0000 2019","0","@detikcom @prabowo @sandiuno @jokowi Ulama FPI yang kecewa","1090394709413920768","","detikcom","in","","0","0","0","https://x.com/undefined/status/1090394709413920768","1078898676674715648",
"1090221774107684864","Tue Jan 29 23:42:10 +0000 2019","1","@jokowi Panjat mulu pak","1090394702686257153","","jokowi","in","","0","0","0","https://x.com/undefined/status/1090394702686257153","1089526816472092673",
"1090394673565204480","Tue Jan 29 23:42:03 +0000 2019","1","#CakiminMenangkanJokowi #Brigade01Riau @Jokowi @EkoSandjojo @DodiShawana @SazaliSofyan @indranoveri2 https://t.co/ZeBBUdvPHm","1090394673565204480","https://pbs.twimg.com/media/DyHcK9JVYAADvbW.jpg","","qme","","0","0","0","https://x.com/undefined/status/1090394673565204480","536995119",
"1090394663079501824","Tue Jan 29 23:42:00 +0000 2019","1","He Juki @jokowi Agama itu di atas segalanya ! Klo kau msh bertahan dlm kekakuan dan tak bs berbuat apa2 / cm bs di stir.. apa perlu Kau di ludahi ? Presiden macam apa kau ??? #SaveAhmadDhani #SaveRockyGerung","1090394663079501824","","","in","","0","0","0","https://x.com/undefined/status/1090394663079501824","210670052",
"1090394637112504320","Tue Jan 29 23:41:54 +0000 2019","0","Pada bego semua pk masak setiap kejadian sllu pk jokowi yg d salahkan","1090394637112504320","","","in","","0","0","0","https://x.com/undefined/status/1090394637112504320","757353049635434496",
"1090057939669270528","Tue Jan 29 23:41:51 +0000 2019","0","@teddnov @ustadtengkuzul @prabowo Langsung dikandangin....","1090394623531397120","","teddnov","in","","0","0","0","https://x.com/undefined/status/1090394623531397120","79395239",
"1069995969440141312","Tue Jan 29 23:41:48 +0000 2019","0","@Ofikkkkk @jokowi fakultas akal sehat xoxo","1090394611275653122","","opikabadi","in","","0","1","0","https://x.com/undefined/status/1090394611275653122","2326615812",
"1090394589255483392","Tue Jan 29 23:41:43 +0000 2019","0","@null Jawaban Sri Mulyani Disebut Menteri Pencetak Utang oleh Prabowo Menteri Keua https://t.co/WohXJxgCMm","1090394589255483392","","null","in","","0","0","0","https://x.com/undefined/status/1090394589255483392","940602434",
"1090391939558588416","Tue Jan 29 23:41:38 +0000 2019","2","@detikcom Haaa.. Haaa.. #FarjiHamsyong sudah menganut pemikiran terbalik. Yang benar adalah elektabilitas Jokowi naik 5% dengan penahanan AD. #JokowiLagi #01IndonesiaMaju","1090394570372739072","","detikcom","in","","0","0","0","https://x.com/undefined/status/1090394570372739072","1064293212351655936",
"1090394565108936705","Tue Jan 29 23:41:37 +0000 2019","0","Pak @sandiuno tlonglah jgan bersandiwara teruss.... jgn membodohi umat... berikn contoh politik yg baik... @sandiuno @prabowo https://t.co/j5VMfuJPTt","1090394565108936705","","","in","","0","0","0","https://x.com/undefined/status/1090394565108936705","2156606190",
"1090221774107684864","Tue Jan 29 23:41:36 +0000 2019","0","@jokowi Rapat di pelataran Dunia https://t.co/J0gr3Ecpen","1090394559635283968","https://pbs.twimg.com/media/DyHcEM1UYAAmNMl.jpg","jokowi","in","","0","0","0","https://x.com/undefined/status/1090394559635283968","4493339832",
"1090221774107684864","Tue Jan 29 23:41:33 +0000 2019","0","@jokowi Mau menindak lanjuti laporan ini ya pak? https://t.co/IER6NexdzB","1090394549254467584","https://pbs.twimg.com/media/DyHcC9UUcAEjM1G.jpg","jokowi","in","","0","0","0","https://x.com/undefined/status/1090394549254467584","165283906",
"1090394541662789632","Tue Jan 29 23:41:31 +0000 2019","0","#CakIminMenangkanJokowi @jokowi @DPP_PKB https://t.co/4G0f0bjD0y","1090394541662789632","https://pbs.twimg.com/media/DyHcACIU0AAuxrj.jpg","","qme","","0","0","0","https://x.com/undefined/status/1090394541662789632","973715600668205056",
"1090394537837527040","Tue Jan 29 23:41:31 +0000 2019","0","Mau cebong mau kampret semua ga ada otaknya kalo model kampanye nya saling menjelekan capres lain. Ga ada otaknya.","1090394537837527040","","","in","","0","0","0","https://x.com/undefined/status/1090394537837527040","852412800",
"1090391299289563137","Tue Jan 29 23:41:27 +0000 2019","8","@fadlizon kau sebagai wakil rakyat Mala bikin bodoh rakyat kau menghalalkan segala macam cara demi ambisi Prabowo . Sebagai wakil rakyat seharusnya mengiring opini mendidik bukan menyesatkan. Saya sarankan LBH kau jadi badut di rumah prabowo mungkin itu LBH menghibur rakyat. https://t.co/60eVvLRWZj","1090394523929202688","https://pbs.twimg.com/media/DyHcAWuVsAA_HDc.jpg","bukan_penjilat_","in","","0","4","4","https://x.com/undefined/status/1090394523929202688","929118862192230400",
"1087151151764533248","Tue Jan 29 23:41:21 +0000 2019","0","@kartikachannel @LastianiWuland @prabowo @sandiuno Aamiin yaaa Allah yaaa robbal'aalamiin","1090394499702878209","","","in","","0","0","0","https://x.com/undefined/status/1090394499702878209","1046369013813501954",
"1090394487501787136","Tue Jan 29 23:41:19 +0000 2019","0","(CNN Indonesia | Jokowi Minta TNI-Polri Netral dan Sigap Hadapi Perubahan) https://t.co/oNqsl7e0B1 #pemilu #pemilu2019","1090394487501787136","","","in","","0","0","0","https://x.com/undefined/status/1090394487501787136","968428811107819521",
"1090370538348761088","Tue Jan 29 23:41:13 +0000 2019","0","@marierteman WANDA HAMIDAH SALAH SATU ARTIS PENDUKUNG SETIA PAK JOKOWI DARI TAHUN 2014 HINGGA SEKARANG KENAPA WANDA HAMIDAH MENDUKUNG PAK JOKOWI..KARENA PAK JOKOWI BUKAN TIPE PEMIMPIN OTORITER TAPI PEMIMPIN YANG RENDAH HATI PEMIMPIN YANG TULUS MEMIMPIN NEGERI INI.","1090394465506738176","","marierteman","in","","0","1","0","https://x.com/undefined/status/1090394465506738176","1089823763766472709",
"1090394462671400960","Tue Jan 29 23:41:13 +0000 2019","0","langgeng terus pakdee jokowi #IbuNegaraAsyik","1090394462671400960","","","in","","0","0","0","https://x.com/undefined/status/1090394462671400960","1080782652112662528",
"1051266272069996546","Tue Jan 29 23:41:04 +0000 2019","1","@CakKhum Hati2 KAMU BISA DIGAMPAR PRABOWO!!","1090394426042593280","","suaragagap","in","","0","0","0","https://x.com/undefined/status/1090394426042593280","61422931",
"1088991115607306240","Tue Jan 29 23:41:01 +0000 2019","1","@kembang_tebu21 @SkidipapapY @bagjahasanah @emarlasmono @Juliaaarahma @putrabanten80 @jokowi Udah pake teks ini ya Tonton niihh lulusan UGM (ngakunya..) Dengerin ya Tolo... https://t.co/X2kYLMnC1Z","1090394415351226368","https://pbs.twimg.com/ext_tw_video_thumb/1090394181560725505/pu/img/IwDm_OP8xOP10vqD.jpg","oranekonekoya","in","","0","1","0","https://x.com/undefined/status/1090394415351226368","493330598",
"1090310127582769152","Tue Jan 29 23:40:59 +0000 2019","2","@primahadibrs73 @r_martomo @prabowo @sandiuno Mantap bener..","1090394406018985984","","primahadibrs73","in","","0","0","0","https://x.com/undefined/status/1090394406018985984","1004921130971303936",
"1090394395533144065","Tue Jan 29 23:40:57 +0000 2019","0","#CakIminMenangkanJokowi @jokowi @DPP_PKB @cakimiNOW https://t.co/tWAJoYFX8M","1090394395533144065","https://pbs.twimg.com/media/DyHb2wjV4AA6sbD.jpg","","qme","","0","0","0","https://x.com/undefined/status/1090394395533144065","974069310560780288",
"1090217321874915328","Tue Jan 29 23:40:53 +0000 2019","0","@yusuf_dumdum @sandiuno @jokowi Ngikutin Pendukung @sandiuno yaa cieee kaum plagiarisme ","1090394381721395200","","yusuf_dumdum","in","","0","0","0","https://x.com/undefined/status/1090394381721395200","932915897978589184",
"1090394374733615104","Tue Jan 29 23:40:52 +0000 2019","0","Pasangan keluarga separti @jokowi hanya Tuhan yang bisa memisahkan mereka berangkat dari keluarga biasa dan sederhana tapi hingga ke istana itu sebabnya banyak yang iri kepadanya #IbuNegaraAsyik https://t.co/fjwxb5Gl7o","1090394374733615104","https://pbs.twimg.com/media/DyHb5M6U8AAQyfX.jpg","","in","","0","0","0","https://x.com/undefined/status/1090394374733615104","993202477200650241",
"1090394345209946112","Tue Jan 29 23:40:45 +0000 2019","0","Sosialisi pemilu 2019 https://t.co/cdnartfxn9","1090394345209946112","","","in","","0","0","0","https://x.com/undefined/status/1090394345209946112","1696712754",
"1090394282756698113","Tue Jan 29 23:40:30 +0000 2019","0","Berpisah karena maut yang memisahkan...Langgeng ampe tuek. Insya Allah Jokowi Amin Menang #IbuNegaraAsyik @WawanPurwan @kangdede78 https://t.co/nvsbjOb5iw","1090394282756698113","https://pbs.twimg.com/media/DyHb0IzVsAU5bVS.jpg","","in","","0","0","1","https://x.com/undefined/status/1090394282756698113","811066196170637312",
"1090394257410539520","Tue Jan 29 23:40:24 +0000 2019","1","#IbuNegaraAsyik Kompak merakyat bersama @jokowi @wanda_hamidah @OlgaLy_DIA @GlennFredly @dr_tompi @raniraisa @ashantysiddik https://t.co/QmL7lE2gqF","1090394257410539520","https://pbs.twimg.com/media/DyHbLwvU8AAPNWp.jpg","","in","","0","1","1","https://x.com/undefined/status/1090394257410539520","1683915469",
"1090394243628056581","Tue Jan 29 23:40:20 +0000 2019","0","@null Jawaban Sri Mulyani Disebut Menteri Pencetak Utang oleh Prabowo Menteri Keua https://t.co/j6cxb3gma6","1090394243628056581","","null","in","","0","0","0","https://x.com/undefined/status/1090394243628056581","1938200054",
"1090368752619708418","Tue Jan 29 23:40:18 +0000 2019","0","@jokowi_k @AnggaSyarifin pokonya pa jokowi deh 2 priode #JokowiLagi #JokowiLebihBaik #JokowiMenangTotal #01MenangTotal #01MetalSumedang","1090394233414905856","","","in","","0","0","0","https://x.com/undefined/status/1090394233414905856","1079970942325911553",
"1090394228599906305","Tue Jan 29 23:40:17 +0000 2019","0","Ayo Jae...! Sekalian penjarain Prabowo dan Sandi biar menang. Kalo penjarain RG mah nanggung..!","1090394228599906305","","","in","","0","0","0","https://x.com/undefined/status/1090394228599906305","2886400460",
"1090264690322595846","Tue Jan 29 23:40:16 +0000 2019","1","@CH_chotimah @Dr_HLuck15 Akal sehat anonim dengan kedunguan. itu memang ciri menonjol tetangga sebelah. nyinyir ladang usahanya mencari nafkah kita@jokowi 01 bukan orang dungu. kita @sehat akal.","1090394226217480192","","ChusnulCh__","in","","0","0","0","https://x.com/undefined/status/1090394226217480192","1063435750744571904",
"1090394195985018880","Tue Jan 29 23:40:09 +0000 2019","1","#CakIminMenangkanJokowi @jokowi @cakimiNOW @DPP_PKB https://t.co/uu7ew42Ox5","1090394195985018880","https://pbs.twimg.com/media/DyHbtOPVYAA1G0_.jpg","","qme","","0","0","1","https://x.com/undefined/status/1090394195985018880","882013230440128512",
"1089152165879242752","Tue Jan 29 23:40:08 +0000 2019","2","@Angelyca_Nayoan @RPSSULSEL @zachary_ahmad @riani_212 @NoessChe @Dody_Lukas___ @AndeeYohandi @apiaw @YusufHilmi2 @ali_wardana1982 @Ahiddin2st @Wiragora02 @YudieZabuza @KhamellieaD @02pastimenang @alvinameriani @revaraihan330 @twitwar_data @Hidayat90123661 @IchaSamallo @SasiKiron0 @MujahidAlfatih1 @AhmadStyaki @zulfahmibahyar @afifahsuhadi @ahista_perdana @Franky_msl @FdinKoppee @MHadiSpdi2019 @lisa_charisma @deasy12deasy @cintahyoo @PutriJambu @_no3nk_ @batubara02 @Abysatria9 @RPSACEH @noesc @gueprabowosandi @goeshai @KangEmeel @epr2710 @wayoek @janggo_puta @Laskar_surajaya @Yoesabady2 @EHeriprayogi @Ofikkkkk @prabowo @sandiuno Ok Nyai siiip ja #SulselPilihPrabowoSandi #SulselPilihPrabowoSandi","1090394193682325504","","Angelyca_Nayoan","in","","0","2","0","https://x.com/undefined/status/1090394193682325504","3102114553",
"1090394167560220672","Tue Jan 29 23:40:02 +0000 2019","0","TKN Jokowi-Ma'ruf Harus Tangkal Hoaks Secara Kreatif https://t.co/KbiWX6IJfF","1090394167560220672","","","in","","0","0","0","https://x.com/undefined/status/1090394167560220672","1064740530",
"1090262535293423616","Tue Jan 29 23:39:53 +0000 2019","0","@PriyoBudiS Siap..ntar gantian ya 2018 Prabowo Presiden...krn kelakuan rezim","1090394129039683584","","PriyoBudiS","in","","0","0","0","https://x.com/undefined/status/1090394129039683584","940240508776935424",
"1044558997615927301","Tue Jan 29 23:39:48 +0000 2019","0","@hardi_anton @RenataSyarif @juventini_3rwin @MerdekaBrojoe @IbraThalib1 @Anak_Perantau_ @HalloMaman @gio_tugi @SalmaBrecht @SetiaAdy_p @lidya_wrw @JackTheRock4 @utipahkia @Nink47018190 @anyaeuuy @bobolidos @FernandaLetiva @Swarnadiva9 @AnissaVerawaty @DYoesouf @AdiahmadAdi5 @Delpiero_2006 @arekgubeng2 @BhogaKent @CahilGerry @antozlatan @JokSusi2019 @annisarama9 @__ANDRE_OCTA__ @kaprikurt @KingTukijan @LebahBorneo @Winsontrotz1 @vintenas @Ninnocyber @sugi_0706 @BocoroRoman @JalanYangTerjal @ebugogo2periode @XihxhouxExchou @alpinkori @Midjan_La @dya_11677 @suka_komen @himawan1978 @Igedemanuke9 @dewantara_adjie @Sandro87732049 @prabowo @jokowi Paling terharu gw kalo nonton ini video","1090394106893721600","","hardi_anton","in","","0","0","0","https://x.com/undefined/status/1090394106893721600","1085375803934851072",
"1090368752619708418","Tue Jan 29 23:39:44 +0000 2019","0","@jokowi_k @AnggaSyarifin Wkwkwk dasar pa prabowo kmna aja bcaranya wk #JokowiLagi #JokowiLebihBaik #JokowiMenangTotal #01MenangTotal #01MetalSumedang","1090394092180107264","","","in","","0","0","0","https://x.com/undefined/status/1090394092180107264","1079970942325911553",
"1090126636102471680","Tue Jan 29 23:39:26 +0000 2019","1","@SutanbulungHrp @trinugroho162 @jokowi @Kemdikbud_RI @fahiraidris @Fahrihamzah @putrabanten80 @RajaPurwa @CakKhum @PriyoBudiS @adv_supyadi @ZAEffendy Guru tolol tuh memberi sangsi over limit... harus di tes kejiwaannya jgn jgn sdh dungu....","1090394015160094720","","SutanbulungHrp","in","","0","0","0","https://x.com/undefined/status/1090394015160094720","1070695018283683840",
"1090254985051267073","Tue Jan 29 23:39:22 +0000 2019","1","@5Y5_one_70 @P3nj3l4j4h #Mardeka #Mardeka #Mardeka @jokowi @KHMarufAmin_ @prabowo @sandiuno @SBYudhoyono @PDI_Perjuangan @Gerindra @PKSejahtera @FPKSDPRRI @DPP_PPP @PDemokrat Mari kita ciptakan pemili damai pemilu yg cerdas pemilu yg memiliki harkat &amp; martabat di Indonesia ini #MardekaMardeka.","1090393996977889280","","5Y5_one_70","in","","0","0","0","https://x.com/undefined/status/1090393996977889280","1046931758543818752",
"1090107977485316096","Tue Jan 29 23:39:00 +0000 2019","0","@Boneng76789244 @Nova0219 @jokoedy6 @prabowo @sandiuno Coba share videonya ngeres denger kata2 yg terucap....","1090393905139314688","","Boneng76789244","in","","0","0","0","https://x.com/undefined/status/1090393905139314688","67744309",
"1090393845882249216","Tue Jan 29 23:38:46 +0000 2019","0","Cak imin : Instruksikan Kader PKB Dukung Jokowi-Ma'ruf #cakiminmenangkanjokowi @kangdede78 https://t.co/3UqPyResMg","1090393845882249216","","","in","","0","0","0","https://x.com/undefined/status/1090393845882249216","1328149478",
"1090393833420902401","Tue Jan 29 23:38:43 +0000 2019","0","Kalu udah CINTA pasti Dukungan PKB kepada Paslon No Urut 01 Jokowi - K.H Ma'ruf Amin. Insya Allah Jokowi Amin Menang #CakIminMenangkanJokowi @jokowi @WawanPurwandl @kangdede78 #IbuNegaraAsyik https://t.co/sGPcZGWqNs","1090393833420902401","https://pbs.twimg.com/media/DyHbaEuUcAAosyJ.jpg","","in","","0","0","0","https://x.com/undefined/status/1090393833420902401","811066196170637312",
"1090393827171430400","Tue Jan 29 23:38:41 +0000 2019","0","#CakIminMenangkanJokowi @jokowi @cakimiNOW @DPP_PKB https://t.co/yagwH7skkO","1090393827171430400","https://pbs.twimg.com/media/DyHbXwUVYAELbjl.jpg","","qme","","0","0","0","https://x.com/undefined/status/1090393827171430400","882013230440128512",
"1090393809416941568","Tue Jan 29 23:38:37 +0000 2019","0","Prabowo Dinilai Tak Paham Soal Utang Indonesia https://t.co/xWZFstLbxh","1090393809416941568","","","in","","0","0","0","https://x.com/undefined/status/1090393809416941568","1302897152",
"1090393801829474306","Tue Jan 29 23:38:35 +0000 2019","5","Demokrat percaya elektabilitas Prabowo-Sandi terus meningkat. https://t.co/bnrGypGaRR","1090393801829474306","","","in","","1","0","0","https://x.com/undefined/status/1090393801829474306","759692754985242625",
"1090120145148686338","Tue Jan 29 23:38:34 +0000 2019","0","@anonLokal Ingat ketidak Adilan hukum ini.kami akan bikin negeri ini memiliki hukum yg adil bagi seluruh rakyat Indonesia di Pemilu #2019 ganti Presiden dgn Bpk Prabowo Subianto dan Sandiaga Salahuddin Uno. Agar negeri ini Adil dan Makmur.","1090393796024520704","","anonLokal","in","","0","0","0","https://x.com/undefined/status/1090393796024520704","186716443",
"1090393749283192834","Tue Jan 29 23:38:23 +0000 2019","4","Ibu Iriana selalu mendampingi Presiden Jokowi dalam berbagai kesempatan #IbuNegaraAsyik","1090393749283192834","","","in","","1","0","2","https://x.com/undefined/status/1090393749283192834","1084043651414556672",
"1090393738373779456","Tue Jan 29 23:38:20 +0000 2019","0","Jokowi Undang Ratusan Nelayan Makan Siang di Istana https://t.co/nhnveOhaFS","1090393738373779456","https://pbs.twimg.com/media/DyHbU1tX4AIgnmd.jpg","","in","","0","0","0","https://x.com/undefined/status/1090393738373779456","3288053485",
"1090078960010944513","Tue Jan 29 23:38:14 +0000 2019","0","@maspiyuuu @tempodotco Fitnah apa lg yg engkau alamat kan ke kubu prabowo-sandi ada yg panik niye smpai2 menghalalkan sgala cara..hahaha #2019PrabowoPresidenRI","1090393715011510272","","mas_piyuuu","in","","0","0","0","https://x.com/undefined/status/1090393715011510272","1479433615",
"1090161430135861249","Tue Jan 29 23:38:07 +0000 2019","0","@PriyoBudiS @AHMADDHANIPRAST @prabowo @sandiuno Andaikan Timses 02 Kampanye&amp;mengkritiknya sprt mas Pri pasti Bakal Seru tuh kontestasi Pilpres 2019 tp sayang kebanyakan main KASAR...","1090393682765701120","","PriyoBudiS","in","","0","0","0","https://x.com/undefined/status/1090393682765701120","967404847145168896",
"1090393678516871168","Tue Jan 29 23:38:06 +0000 2019","0","@jokowi sehat hari ini ... Jg kesehatan ya.. Karena banyak rakyat menginginkan #2019GantiPresiden #2019PrabowoPresidenRI @emerson_yuntho @na_dirs @yennywahid @iwanfals @addiems @ruhutsitompul","1090393678516871168","","jokowi","in","","0","0","0","https://x.com/undefined/status/1090393678516871168","979580653351051264",
"1090393664956686336","Tue Jan 29 23:38:02 +0000 2019","0","Satu menit setelah @prabowo dilantik yg hrs dipecat si tito dia ini otak dari semua kriminalisasi aktivis dan ulama","1090393664956686336","","","in","","0","0","0","https://x.com/undefined/status/1090393664956686336","1023219548118343680",
"1090290784346157057","Tue Jan 29 23:38:02 +0000 2019","1","@militumcyber @TolakBigotRI @rockygerung @prabowo @sandiuno @Gerindra Alumni Padepokan Silat Lidah... NATO... only and only TALK..","1090393663002181632","","militumcyber","en","","0","0","1","https://x.com/undefined/status/1090393663002181632","711402955493212160",
"1090368752619708418","Tue Jan 29 23:38:01 +0000 2019","0","@jokowi_k sehat trus pa jokowi #JokowiLagi #JokowiLebihBaik #JokowiMenangTotal #01MenangTotal #01MetalSumedang","1090393658317189120","","","in","","0","0","0","https://x.com/undefined/status/1090393658317189120","1043298049806675968",
"1090228886166679552","Tue Jan 29 23:38:00 +0000 2019","0","@Dhafa_Alluka11 @Gyoucancallme @bintangku206 @prabowo Emang nya lo siapa terus bisa apa hah?","1090393654760398848","","Dhafa_Alluka11","in","","0","1","0","https://x.com/undefined/status/1090393654760398848","917640392111091712",
"1090119527042445312","Tue Jan 29 23:37:51 +0000 2019","0","@mohmahfudmd @GunRomli Assalamu alaikum dan selamat pagi..disini jam 7.38 https://t.co/81yowhfTuZ cuma berdasar bahawa H Jokowi sdh bersedia menerima Kh Makruf sbg wakil dr ulama utk membantu memimpin RI.2024 peluang ini terserah kpd para cendiawan muslim termasuk bpk mahfud.semoga pintu terbuka lebar.","1090393615472316416","","mohmahfudmd","in","","0","0","0","https://x.com/undefined/status/1090393615472316416","1027957017896316928",
"1090393597608951808","Tue Jan 29 23:37:48 +0000 2019","0","Puncaknya ialah ketika isu sara pilkada dki 2017 lalu. Toh bs dilumpuhkan scr senyap oleh jkw dan tim. Mlh kekuatan lawan jd limbung dan mjn terserak. Siapa sangka elektabilitas jkw terpaut smp 20% dan dlm debat prabowo tdk segarang pidato2ny atopun jg penampilannya...","1090393602818076677","","LukmanNu12","in","","0","1","0","https://x.com/undefined/status/1090393602818076677","2316611240",
"1090263034021404672","Tue Jan 29 23:37:45 +0000 2019","0","@chicohakim @daniplacetohide @jokowi Ngancam ni ye","1090393591921307648","","chicohakim","in","","0","0","0","https://x.com/undefined/status/1090393591921307648","207307802",
"1090393581381025792","Tue Jan 29 23:37:42 +0000 2019","1","#CakIminMenangkanJokowi @jokowi @cakimiNOW @DPP_PKB https://t.co/jjUi7mBqNp","1090393581381025792","https://pbs.twimg.com/media/DyHbHjdVsAAOxKB.jpg","","qme","","0","0","0","https://x.com/undefined/status/1090393581381025792","881837039569707011",
"1044558997615927301","Tue Jan 29 23:37:39 +0000 2019","0","@RenataSyarif @juventini_3rwin @MerdekaBrojoe @IbraThalib1 @Anak_Perantau_ @HalloMaman @gio_tugi @SalmaBrecht @SetiaAdy_p @lidya_wrw @JackTheRock4 @utipahkia @Nink47018190 @anyaeuuy @bobolidos @FernandaLetiva @hardi_anton @Swarnadiva9 @AnissaVerawaty @DYoesouf @AdiahmadAdi5 @Delpiero_2006 @arekgubeng2 @BhogaKent @CahilGerry @antozlatan @JokSusi2019 @annisarama9 @__ANDRE_OCTA__ @kaprikurt @KingTukijan @LebahBorneo @Winsontrotz1 @vintenas @Ninnocyber @sugi_0706 @BocoroRoman @JalanYangTerjal @ebugogo2periode @XihxhouxExchou @alpinkori @Midjan_La @dya_11677 @suka_komen @himawan1978 @Igedemanuke9 @dewantara_adjie @Sandro87732049 @prabowo @jokowi Ketimbang yg udah 4 tahun lebih ngehoax melulu tapi merasa iyes aja gak pernah ngaku","1090393568047390720","","RenataSyarif","in","","0","2","0","https://x.com/undefined/status/1090393568047390720","1085375803934851072",
"1089386206687678464","Tue Jan 29 23:37:36 +0000 2019","0","@nufransa Situ blg prabowo mencederai perasaan situ! Eh dgr ya situ gk merasa mncederai bangsa dg utang yg ugal2an? Smntra rakyat jg yg hrs nanggung??!!! Ngaca donk","1090393552993931264","","nufransa","in","","0","1","0","https://x.com/undefined/status/1090393552993931264","960144101407469569",
"1090385565415948289","Tue Jan 29 23:37:30 +0000 2019","3","@narkosun Mereka menilai kepemimpinan Jokowi mengutamakan kepentingan rakyat! #01IndonesiaMaju","1090393527970783232","","narkosun","in","","0","0","0","https://x.com/undefined/status/1090393527970783232","838413792677507072",
"1089537858623291392","Tue Jan 29 23:37:29 +0000 2019","0","@saidiman Sy NU sy lebih suka Reuni 212 lebih santun dengan keberagaman saya pilih 02 Prabowo Sandi","1090393523822546945","","saidiman","in","","0","0","0","https://x.com/undefined/status/1090393523822546945","1003913120098574336",
"1090379254628376576","Tue Jan 29 23:37:25 +0000 2019","6","@arsul_sani @jokowi Pelajaran sebaik apapun TDK akan pernah bisa diterima oleh orang2 yang akal sehatnya sudah tertutup lhawong ada ustadz maki2 ngomong kotor dan menghina pemimpin saja buat kelompok mrk terdengar spt suara surga kebenaran shg saat berurusan hukum mrk berteriak kriminalisasi ulama","1090393507573841920","","arsul_sani","in","","0","4","2","https://x.com/undefined/status/1090393507573841920","1048576743689211904",
"1090290784346157057","Tue Jan 29 23:37:23 +0000 2019","0","@militumcyber @rockygerung @prabowo @sandiuno @Gerindra Survey internal = semau sendiri. Goreng pki = ditampung sendiri. Goreng ulama = menjauhi ulama. Goreng agama= gak mau di tes shalat. Goreng hoax = khilaf berjamaah. Goreng bicor = koruptor du calegkan lagi. Goreng hutang = pabrik kertas cicil 20 tahun dari kebangkrutan.","1090393500296704000","","militumcyber","in","","0","0","0","https://x.com/undefined/status/1090393500296704000","482587322",
"1090393409234161665","Tue Jan 29 23:37:01 +0000 2019","0","TUH KAN SATU PERSATU KE JOKOWI https://t.co/nZtrAFFRV7","1090393409234161665","","","in","","0","0","0","https://x.com/undefined/status/1090393409234161665","170686670",
"1090221774107684864","Tue Jan 29 23:36:59 +0000 2019","0","@jokowi sehat terus pakde","1090393397162958848","","jokowi","in","","0","0","0","https://x.com/undefined/status/1090393397162958848","567114825",
"1090393373972717568","Tue Jan 29 23:36:53 +0000 2019","0","@prabowo @Dahnilanzar @fadlizon @TitiekSoeharto @FaldoMaldini @sandiuno","1090393373972717568","","prabowo","qam","","0","0","0","https://x.com/undefined/status/1090393373972717568","843157189",
"1090137941165232128","Tue Jan 29 23:36:52 +0000 2019","0","@TeddyGusnaidi @rockygerung @prabowo #2019prabowotetepjomblo #2019gantiotak #2019jokowilagi","1090393370579464192","","TeddyGusnaidi","qme","","0","0","0","https://x.com/undefined/status/1090393370579464192","1159794468",
"1089723561432862720","Tue Jan 29 23:36:50 +0000 2019","0","@Ferdinand_Haean @prabowo @sandiuno @arlex_wu SAMPAH","1090393360475447296","","Ferdinand_Haean","in","","0","0","0","https://x.com/undefined/status/1090393360475447296","709183653876600832",
"1090393315906793472","Tue Jan 29 23:36:39 +0000 2019","1","Cak Imin: PKB Tetap Dukung Jokowi #cakiminmenangkanjokowi @galuh_kancil https://t.co/VBtLmzlZF8","1090393315906793472","","","in","","0","0","1","https://x.com/undefined/status/1090393315906793472","1328149478",
"1090382550151909377","Tue Jan 29 23:36:29 +0000 2019","5","kalo orang-orang lebih tertarik sama capres fiktif atau golput ya artinya kampanye lo atau calon lo gak berhasil meyakinkan orang buat milih sekian.","1090393271644368899","","kchulhu","in","","0","2","14","https://x.com/undefined/status/1090393271644368899","4856229328",
"1090358281753821184","Tue Jan 29 23:36:26 +0000 2019","3","@Henryflorestv @anliker1980 @HugoMartinezSV @nayibbukele @PatriciaGodinz @AlejandroZelay9 @sociedadcivilsv @TeamNayibLL @Real_JoseValdez @rogeliorivasSS @TeamNayib @Anlikerinfante Son recibos no declarados al fisco eso era para llevar un control de aquí le daban dicho bono de la partida secreta de Capres la firma puede o no ser igual porque no es documento legal ","1090393258889494528","","HenryFloresST","es","","0","0","1","https://x.com/undefined/status/1090393258889494528","919565090860527616",
"1089948345005572096","Tue Jan 29 23:36:25 +0000 2019","0","@Dahnilanzar Kuatan Tauhidnya Pak Jokowi apa Prabowo yach......mikir??????","1090393255601029121","","Dahnilanzar","in","","0","0","0","https://x.com/undefined/status/1090393255601029121","89892132",
"1090393220721209344","Tue Jan 29 23:36:17 +0000 2019","0","Komitmen bersama Jokowi. Menangkan Jokowi. #CakaIminMenangkanJokowi https://t.co/a2ewDvxBkf","1090393220721209344","https://pbs.twimg.com/media/DyHa2G9U8AAZAKQ.jpg","","in","","0","0","0","https://x.com/undefined/status/1090393220721209344","1027512446691368960",
"1090389419767386112","Tue Jan 29 23:35:58 +0000 2019","2","@Pjm96382494 Ojo Lali Jokowi Wae Ojo Liyane ","1090393141545295872","","Pjm96382494","in","","0","0","0","https://x.com/undefined/status/1090393141545295872","762272580686393344",
"1090136812067024901","Tue Jan 29 23:35:48 +0000 2019","0","@vaiyo @jokowi ","1090393100705386496","","vaiyo","qme","","0","0","0","https://x.com/undefined/status/1090393100705386496","47285486",
"1090170439198957568","Tue Jan 29 23:35:39 +0000 2019","0","@EkoWahyuanto @Umar_Hasibuan_ @saididu @jokowi Tol kan berbayar Pak? Kenapa tidak bangun infrastruktur jalan gratis? Coba bapak balik logikanya lagi... Dan kewajiban pemerintah menyediakan jalan yg layak. ... #HariAkalSehat","1090393062537256960","","akuikieko","in","","0","1","0","https://x.com/undefined/status/1090393062537256960","1004211781164662784",
"1090221774107684864","Tue Jan 29 23:35:27 +0000 2019","0","@jokowi Semakin dekat pilpres bnyk gangguan keamanan bpk hrs tegas jk ada ganggyan keamanan tindak sesuai prosedur dan aturan","1090393014600679424","","jokowi","in","","0","0","0","https://x.com/undefined/status/1090393014600679424","1085531934480977921",
"1090391939558588416","Tue Jan 29 23:35:18 +0000 2019","1","@detikcom Apa aja kan salah jokowi gitu aja kok repot","1090392973357895680","","detikcom","in","","0","1","0","https://x.com/undefined/status/1090392973357895680","2241237911",
"1090274370629525505","Tue Jan 29 23:35:16 +0000 2019","0","@zarazettirazr @MardaniAliSera @jokowi Seperti ada komando.. Semua tim debatnya jago interupsi tujuannya utk merusak konsentrasinya akhirnya lawan gak fokus materi yg sdh dipersiapkan menguap karena lupa atau macam2","1090392968064716801","","","in","","0","0","0","https://x.com/undefined/status/1090392968064716801","784202057456549892",
"1090136812067024901","Tue Jan 29 23:35:16 +0000 2019","0","@vaiyo @jokowi Gak malu ya pamer kedunguan","1090392967427194880","","vaiyo","in","","0","0","0","https://x.com/undefined/status/1090392967427194880","985523954403000320",
"1090381328275501056","Tue Jan 29 23:35:15 +0000 2019","0","@mouldie_sep @TimoeB08 Piatek aja pilih prabowo","1090392962414964736","","","in","","0","1","1","https://x.com/undefined/status/1090392962414964736","2577810691",
"1090221774107684864","Tue Jan 29 23:35:07 +0000 2019","0","@jokowi Semua rasa dan kehendak baik telah mempersatukan mengerakan hati tuk jaga Indonesia. Kalau sudah mengeratkan jalinan komunikasi berbagi gagasan memberi masukan dan koreksi positif kami rakyat kecil akan benar-benar yakin Indonesia ini akan lebih maju. Salam hormat.","1090392930504699904","","jokowi","in","","0","0","0","https://x.com/undefined/status/1090392930504699904","880790716561072129",
"1089938762488922112","Tue Jan 29 23:35:05 +0000 2019","0","@Dennysiregar7 @1RAWANAJA @jokowi SD bang...gue udh ngajarin murid gue di SD tentang trias politika","1090392921222705152","","","in","","0","0","0","https://x.com/undefined/status/1090392921222705152","80471667",
"1090392915300503552","Tue Jan 29 23:35:04 +0000 2019","3","Fahri Ingin Jokowi &amp; Prabowo Bertarung 90 Menit di Debat Tanpa Jeda Iklan https://t.co/E5BgYySpdx","1090392915300503552","","","in","","0","1","0","https://x.com/undefined/status/1090392915300503552","456426648",
"1090392909017374720","Tue Jan 29 23:35:02 +0000 2019","0","Pimpin Rapim TNI dan Polri Jokowi Perpanjang Usia Pensiun Prajurit https://t.co/ovxhDcFHWI","1090392909017374720","","","in","","0","0","0","https://x.com/undefined/status/1090392909017374720","379217034",
"1090334407926403072","Tue Jan 29 23:34:56 +0000 2019","0","@detikcom @jokowi https://t.co/eaJYudafVb","1090392882702237696","https://pbs.twimg.com/tweet_video_thumb/DyHaiiMVsAAUskS.jpg","detikcom","qme","","0","0","0","https://x.com/undefined/status/1090392882702237696","78256476",
"1090125231685922816","Tue Jan 29 23:34:39 +0000 2019","1","@Macan_PADI_IND @muSlimATjkt @prabowo @sandiuno @BPNrelawan02 @PutraJayaHusin @zarazettirazr @odoyody @TPranawisanty @akukanayamira @malaaanaim @FloriliciousNew @_ritasadino11 #AhmadDhaniKorbanRezim","1090392811776561152","","Macan_PADI_IND","qme","","0","0","0","https://x.com/undefined/status/1090392811776561152","1067220805115764736",
"1090243563974094849","Tue Jan 29 23:34:28 +0000 2019","0","@siputrabatubara @Dahnilanzar @prabowo @sandiuno #AhmadDhaniKorbanRezim #AhmadDhaniKorbanRezim #SaveAhmadDhani #SaveAhmadDhani","1090392765635031040","","","qme","","0","0","0","https://x.com/undefined/status/1090392765635031040","939108696474320902",
"1090392760052473856","Tue Jan 29 23:34:27 +0000 2019","0","Sedangkan dengan perkara ABB saja Jokowi tidak ambil pusing dengan elektabilitasnya. Apalagi cuma AD. // #TehTelur","1090392760052473856","","","in","","0","0","0","https://x.com/undefined/status/1090392760052473856","868012148",
"1089029987976368128","Tue Jan 29 23:34:22 +0000 2019","1","@mas_andripw @TehTJEMPLUNG @PEPESOfficial @swulll @LisaAmartaTara @PEPESSoloRaya @marlina_idha @francmohede @stevanihuangg @nurasiauno @KelopakPadi @sandiuno @prabowo thanks mas Andre utk partisipasinya...semoga kita bisa bareng2 lg mentelenggarakan acara spt ini di kecamatan lain...utk menggugah semangat para pendukung #PrabowoSandi agar lbh masiv dlm bersosialisasi.. bismillah #indonesiamenang #PrabowoIndonesiaMenang","1090392738665656320","","masandripw","in","","0","0","0","https://x.com/undefined/status/1090392738665656320","1031865616276180994",
"1090392725902438400","Tue Jan 29 23:34:19 +0000 2019","0","Cc @DivHumas_Polri @jokowi @marierteman @mahendradatta","1090392725902438400","","","und","","0","0","0","https://x.com/undefined/status/1090392725902438400","44017444",
"1090392698521972736","Tue Jan 29 23:34:12 +0000 2019","65","Keluarga PKB komitmen mendukung dan menangkan Jokowi sebagai Capres 2019-2024. #CakIminMenangkanJokowi https://t.co/gyOmaGxGFY","1090392698521972736","https://pbs.twimg.com/media/DyHaXy5VsAAk_MC.jpg","","in","","11","10","52","https://x.com/undefined/status/1090392698521972736","1027512446691368960",
"1090221774107684864","Tue Jan 29 23:34:09 +0000 2019","0","@jokowi Sehat selalu pak apapun yg terjadi focus kerja2 rakyat Indonesia menanti tangan dikpiawaian Bpk. dalam memimpin","1090392685318295552","","jokowi","in","","0","0","0","https://x.com/undefined/status/1090392685318295552","994331058",
"1089837127339147266","Tue Jan 29 23:34:08 +0000 2019","0","@TeddyGusnaidi @prabowo @rockygerung Udah tolol lu hidup lagi ted","1090392679827922944","","TeddyGusnaidi","in","","0","0","0","https://x.com/undefined/status/1090392679827922944","936634254141693953",
"1090232046918615041","Tue Jan 29 23:34:03 +0000 2019","0","@RamliRizal @aheryawan Buser sewot sayangnya @RamliRizal terbawa arus emosional juga. Sehingga sayang setingkat Bapak terbawa pusaran seolah ingin menjatuhkan lawan bicara dan ini karakter tim Prabowo - sandi yang tdk disukai rakyat . Maka berfikirlah","1090392659644973056","","RamliRizal","in","","0","0","0","https://x.com/undefined/status/1090392659644973056","1077940581110755330",
"1089141800051212288","Tue Jan 29 23:34:02 +0000 2019","0","@ganjarpranowo @eae18 @jokowi Kalau Ngelmu tahapannya gimana Pak Gubernur ?.","1090392654766952448","","ganjarpranowo","in","","0","0","0","https://x.com/undefined/status/1090392654766952448","1032564301398036481",
"1090375023116705792","Tue Jan 29 23:33:59 +0000 2019","0","@Fahrihamzah Segera deklarasi dukung jokowi dijamin batal diperiksa","1090392645266857984","","Fahrihamzah","in","","0","0","0","https://x.com/undefined/status/1090392645266857984","451134294",
"1090274605724356613","Tue Jan 29 23:33:55 +0000 2019","0","@MemeTanpaHurufK @prabowo @sandiuno Lapak &amp; dagangannya sisain dikit utk geli2an","1090392627843743746","","MemeTanpaHurufK","in","","0","0","0","https://x.com/undefined/status/1090392627843743746","52327569",
"1090323234359132160","Tue Jan 29 23:33:48 +0000 2019","1","@ikan_asin01 @jokowi @iqiroy @RizmaWidiono @andreOPA #KalauSudahSayang kemanapun didampingi #IbuNegaraAsyik","1090392598626295808","","azizwaza95","in","","0","1","0","https://x.com/undefined/status/1090392598626295808","762272580686393344",
"1090392586332758016","Tue Jan 29 23:33:45 +0000 2019","5","Membangun desa dari pinggiran dg memberdayakan partisipasi masyarakat dan potensi SDA @jokowi @EkoSandjojo @fachrilabalado @taufikmadjid71 @SatgasDanaDesa @DpmdKepri @P3mdPidKepri https://t.co/f4FrJnTLgn","1090392586332758016","https://pbs.twimg.com/media/DyHaNjvVYAE1mpF.jpg","","in","","0","1","3","https://x.com/undefined/status/1090392586332758016","884357592096555009",
"1090180693240365056","Tue Jan 29 23:33:45 +0000 2019","0","@CNNIndonesia Si @cakimiNOW ini kepedean dan suka nekan2 @jokowi pakai NU dan PKB seolah2 dia itu org hebat dan disenengin rakyat indonesia . Padahal rakyat ngetawain lu imin banyak bercermin imin #AhmadDhaniKorbanRezim","1090392585955246080","","CNNIndonesia","in","","0","0","0","https://x.com/undefined/status/1090392585955246080","1023219548118343680",
"1090191260449558528","Tue Jan 29 23:33:43 +0000 2019","0","@ronavioleta @jokowi Calm down folks... Bijimana gx kaya jajannya cilok omzet bisnis anaknya aja triliunan.. https://t.co/2Gp7BAD6wd","1090392577763770369","https://pbs.twimg.com/media/DyHaQ0gVYAAAPp9.jpg","ronavioleta","in","","0","0","0","https://x.com/undefined/status/1090392577763770369","289111046",
"1090392537465044993","Tue Jan 29 23:33:34 +0000 2019","0","(Okezone | Gerindra Anggap Peredaran Tabloid Indonesia Barokah Melibatkan Dana Besar : ...) https://t.co/w3VJLaDqgx #pemilu #pemilu2019","1090392537465044993","","","in","","0","0","0","https://x.com/undefined/status/1090392537465044993","968428811107819521",
"1090392508952043520","Tue Jan 29 23:33:27 +0000 2019","0","Om @jokowi ???? https://t.co/QoVMbO8oee","1090392508952043520","https://pbs.twimg.com/media/DyHaM7wV4AAGGVa.jpg","","und","","0","0","0","https://x.com/undefined/status/1090392508952043520","54572060",
"1090252467034501120","Tue Jan 29 23:33:22 +0000 2019","0","@harysantana @Rizki44874585 @AHMADDHANIPRAST @prabowo @sandiuno @nurasiauno @Dahnilanzar @RamliRizal @fadlizon #SaveAhmadDhani","1090392487535886336","","harysantana","qme","","0","0","0","https://x.com/undefined/status/1090392487535886336","968776295592050689",
"1089858550900285440","Tue Jan 29 23:33:15 +0000 2019","0","@RajaPurwa @muSlimATjkt @prabowo @sandiuno #AhmadDhaniKorbanRezim","1090392459773767680","","RajaPurwa","qme","","0","0","0","https://x.com/undefined/status/1090392459773767680","1067220805115764736",
"1090292987874238464","Tue Jan 29 23:33:08 +0000 2019","0","@detikcom @RamliRizal @jokowi Orang yg Ikut Menyebar HOAX tanpa merasa bersalah untuk sementara apapun apapun yg diucapkannya harus dianggap HOAX.","1090392428870160384","","detikcom","in","","0","0","0","https://x.com/undefined/status/1090392428870160384","2596178198",
"1090392422792581120","Tue Jan 29 23:33:06 +0000 2019","0","TNI-Polri Dan Pemkab Indramayu Deklarasikan Pemilu Damai - RMOL Jabar https://t.co/iLD2PckQRF","1090392422792581120","","","in","","0","0","0","https://x.com/undefined/status/1090392422792581120","592943323",
"1088991115607306240","Tue Jan 29 23:33:05 +0000 2019","0","@kembang_tebu21 @SkidipapapY @bagjahasanah @emarlasmono @Juliaaarahma @putrabanten80 @jokowi Di situlah lo gak nyambung. Segampang itu lo ngeles bilang sudah klarifikasi..sudah clear. Mata lo picek..!! Itu masyarakat yg kecolongan tau tau suda ada begitu karena junjungan lo tunduk. kalo masyarakat termasuk kami kami ini diam mungkin nambah jd markas militer. Gak mikir","1090392418648653824","","oranekonekoya","in","","0","0","0","https://x.com/undefined/status/1090392418648653824","493330598",
"1090375023116705792","Tue Jan 29 23:33:03 +0000 2019","1","@_geng @Fahrihamzah @fadlizon Yang menentukan dua orang BLOON @fadlizon sama @Fahrihamzah jadi wakil ketua di DPR-RI kan bukan pak @jokowi tapi sesama orang bego yang ada di DPR-RI @AHMADDHANIPRAST kena pasal UU ITE trs dipenjara lah Duo BLOON nyalahin presiden sedangkan UU itu mreka yg buat BLOON bngt ","1090392408410353665","","_geng","in","","0","0","0","https://x.com/undefined/status/1090392408410353665","1061552966916657153",
"1090130469834780673","Tue Jan 29 23:33:02 +0000 2019","0","@04Nakula @bangzul_1988 @prabowo @KemenkeuRI @RamliRizal @shinichikudo991 @Airin_NZ @BadjaNuswantara @CH_chotimah @P3nj3l4j4h @ASapardan @RiuRizkiUtomo @pujangga1123 @SantiLim14 @RizmaWidiono Hellooww @RamliRizal bisa jelaskan???","1090392406833262592","","04Nakula","in","","0","0","0","https://x.com/undefined/status/1090392406833262592","228771697",
"1090377409021435905","Tue Jan 29 23:32:59 +0000 2019","0","@TjahjantoHadi @jokowi Sukses Panglima ","1090392393248006145","","TjahjantoHadi","in","","0","1","0","https://x.com/undefined/status/1090392393248006145","131370752",
"1044558997615927301","Tue Jan 29 23:32:57 +0000 2019","0","@Anak_Perantau_ @IbraThalib1 @MerdekaBrojoe @HalloMaman @gio_tugi @RenataSyarif @SalmaBrecht @SetiaAdy_p @lidya_wrw @JackTheRock4 @utipahkia @Nink47018190 @FidiansyahReza @anyaeuuy @bobolidos @FernandaLetiva @hardi_anton @Swarnadiva9 @AnissaVerawaty @DYoesouf @AdiahmadAdi5 @arekgubeng2 @BhogaKent @CahilGerry @juventini_3rwin @antozlatan @JokSusi2019 @annisarama9 @__ANDRE_OCTA__ @kaprikurt @KingTukijan @LebahBorneo @Winsontrotz1 @vintenas @Ninnocyber @sugi_0706 @BocoroRoman @JalanYangTerjal @ebugogo2periode @XihxhouxExchou @alpinkori @Midjan_La @dya_11677 @suka_komen @himawan1978 @Igedemanuke9 @dewantara_adjie @Sandro87732049 @prabowo Mbak/mas @mpuanon pada kenyataan nya tidak seperti yang anda cuitkan...Ibarat Menepuk Air didulang Terpercik Muka Sendiri.. https://t.co/QrqQXyvl2K","1090392382657376256","https://pbs.twimg.com/media/DyHaEKwVsAAArnI.jpg","Anak_Termanu","in","","0","0","0","https://x.com/undefined/status/1090392382657376256","3114621140",
"1090064102725042176","Tue Jan 29 23:32:55 +0000 2019","0","@P3nj3l4j4h Capres yg tdk mmliki wibawa sm se sekalie mmalukaan","1090392377250836480","","P3nj3l4j4h","in","","0","0","0","https://x.com/undefined/status/1090392377250836480","1082437803709849600",
"1090392144538488832","Tue Jan 29 23:32:00 +0000 2019","24","Imin mengajak para pendukungnya untuk mengkampanyekan Jokowi-Ma'ruf Amin #cakiminmenangkanjokowi https://t.co/LZDlNfRadE","1090392144538488832","https://pbs.twimg.com/media/DyHXgY7UcAEaE3w.jpg","","in","","0","1","26","https://x.com/undefined/status/1090392144538488832","2192045418",
"1090392144492285953","Tue Jan 29 23:32:00 +0000 2019","30","pasangan Jokowi-Ma'ruf Amin bakal membawa kemaslahatan untuk umat. #cakiminmenangkanjokowi https://t.co/YXPqxwQrWb","1090392144492285953","https://pbs.twimg.com/media/DyHZDavU0AAiPOG.jpg","","in","","4","1","27","https://x.com/undefined/status/1090392144492285953","604185875",
"1090392144479748096","Tue Jan 29 23:32:00 +0000 2019","0","prinsipnya Jokowi Kiai Ma'ruf menang #cakiminmenangkanjokowi https://t.co/dHdpAgWQtk","1090392144479748096","","","in","","0","0","1","https://x.com/undefined/status/1090392144479748096","440090311",
"1090392144362328065","Tue Jan 29 23:32:00 +0000 2019","0","Jokowi : nama Cak Imin ada disaku #cakiminmenangkanjokowi https://t.co/S2RNrMDVq0","1090392144362328065","","","in","","0","0","4","https://x.com/undefined/status/1090392144362328065","618626846",
"1090392144332902401","Tue Jan 29 23:32:00 +0000 2019","0","cak imin mengajak agar para santri tetap memberikan dukungannya ke Jokowi dan Ma'ruf Amin 3cakiminmenangkanjokowi https://t.co/yfVUn6EoCX","1090392144332902401","https://pbs.twimg.com/media/DyHY5z7UcAAkiym.jpg","","in","","0","0","0","https://x.com/undefined/status/1090392144332902401","2534513977",
"1090392144274063360","Tue Jan 29 23:32:00 +0000 2019","0","Ayo kita berjuang ayo kita bersama-sama sukseskan pak Joko Widodo dengan Kiai Ma'ruf Amin. Tidak berubah tetap JOIN Jokowi-Ma'ruf Amin #cakiminmenangkanjokowi https://t.co/PzDBiFHA5U","1090392144274063360","https://pbs.twimg.com/media/DyHXVp9UUAE-0zY.jpg","","in","","0","0","0","https://x.com/undefined/status/1090392144274063360","624685618",
"1090392144265822211","Tue Jan 29 23:32:00 +0000 2019","0","Cak Imin: PKB Tetap Dukung Jokowi #cakiminmenangkanjokowi https://t.co/Si3b0pN5td","1090392144265822211","","","in","","0","0","0","https://x.com/undefined/status/1090392144265822211","1434699673",
"1090392144253206529","Tue Jan 29 23:32:00 +0000 2019","0","Cak Imin: Instruksikan Kader PKB Dukung Jokowi-Ma'ruf #cakiminmenangkanjokowi https://t.co/3AvtGizlI8","1090392144253206529","","","in","","0","0","0","https://x.com/undefined/status/1090392144253206529","1125103963",
"1090392144202784768","Tue Jan 29 23:32:00 +0000 2019","2","cak imin meminta para santrinya untuk memenangkan Jokowi-Ma'ruf Amin di Pilpres 2019 #cakiminmenangkanjokowi https://t.co/EREoKJB1wA","1090392144202784768","https://pbs.twimg.com/media/DyHXrrqUUAAZjsn.jpg","","in","","0","0","4","https://x.com/undefined/status/1090392144202784768","298447259",
"1090392133943451648","Tue Jan 29 23:31:57 +0000 2019","0","Jokowi pemimpin bagi semua kalangan. Rakyat Indonesia masib butuh Jokowi 5 tahun ke depan. #CakIminMenangkanJokowi https://t.co/4ZzBQyqLgg","1090392133943451648","https://pbs.twimg.com/media/DyHZ2-yU8AAKOlP.jpg","","in","","0","0","3","https://x.com/undefined/status/1090392133943451648","1027512446691368960",
"1090392113747976192","Tue Jan 29 23:31:53 +0000 2019","1","Pak @jokowi kalau semua pengkritik keras anda berujung di prodeo akibat kreativitas para pendukung plus reward yg mungkin didapat oknum2 tertentu. Rezim anda tak lebih dr rezim yg anti kritik. Bukan utk itu anda dipilih... memalukan.","1090392113747976192","","","in","","0","0","0","https://x.com/undefined/status/1090392113747976192","883600441",
"1090392069883887616","Tue Jan 29 23:31:42 +0000 2019","0","Pemilu makin seru ini kalo anaknya Ahmad Dani ikut kampanye pemilu jd pengganti bapaknya selamat berjuang mencerdaskan bangsa Al Ghazali salute buat Ahmad Dhani yg berani dipenjara di LP Cipinang tdk seperti politikus2 yang lain ","1090392069883887616","","","in","","0","0","0","https://x.com/undefined/status/1090392069883887616","2708079486",
"1090392060933206016","Tue Jan 29 23:31:40 +0000 2019","0","Ahmad Dhani bisa menjadi martir yang memicu perlawanan besar terhadap Jokowi yang saat ini tengah berjuang mempertahankan elektabilitasnya yang terus menurun. https://t.co/q3qItyOfQr","1090392060933206016","","","in","","0","0","0","https://x.com/undefined/status/1090392060933206016","953330310300688384",
"1090169702922342401","Tue Jan 29 23:31:39 +0000 2019","0","@jokowi Terima kasih Liliyana Natsir atas prestasinya melalui bulu tangkis kamu telah mengumandangkan lagu Indonesia Raya di bbrp belahan dunia sbg wakil Negara RI siapapun Presiden nya. Kami bangga. Terima kasih pak @jokowi atas penghargaan yang diberikan kpd sang juara","1090392057456119808","","jokowi","in","","0","0","0","https://x.com/undefined/status/1090392057456119808","105736654",
"1090323062694674432","Tue Jan 29 23:31:36 +0000 2019","4","@pujangga1123 @P3nj3l4j4h Yang waras pasti mendukung Jokowi Amin colek @hanumrais Yg berakal tdk waras","1090392043472351232","","Great_Pujangga","in","","0","1","0","https://x.com/undefined/status/1090392043472351232","958659749511290880",
"1090392015601262592","Tue Jan 29 23:31:29 +0000 2019","0","Se engga sukanya gw sama capres yg onoh...maenin isu LGBT ke anaknya bagi gw rendah banget","1090392015601262592","","","in","","0","0","0","https://x.com/undefined/status/1090392015601262592","2241586044",
"1090323958652645376","Tue Jan 29 23:31:26 +0000 2019","0","@detikcom Hanya terjadi di era JOKOWI https://t.co/So6nimphdt","1090392004104601601","https://pbs.twimg.com/media/DyHZvlrU8AAiquw.jpg","detikcom","in","","0","0","0","https://x.com/undefined/status/1090392004104601601","1650633949",
"1090391939558588416","Tue Jan 29 23:31:11 +0000 2019","10","Elektabilitas Jokowi dibawa-bawa pasca Ahmad Dhani dijebloskan ke penjara. https://t.co/GRrG3KxFtE","1090391939558588416","","","in","","5","28","3","https://x.com/undefined/status/1090391939558588416","69183155",
"1090379254628376576","Tue Jan 29 23:30:51 +0000 2019","4","@arsul_sani @jokowi Sblm rezim in ngga ada yg seprti in SBY 10 tahun hukum seimbang sama rata baik untuk kelompok penguasa maupun oposisi mentripun masuk penjara! Rezim in setiap laporan buat pengkritik pemerintah maka cepat masuk penjara yg mendukung satupun tak ada! #AhmadDhaniDiKriminalisasi","1090391855655641089","","arsul_sani","in","","0","3","0","https://x.com/undefined/status/1090391855655641089","567974337",
"1090391794066640896","Tue Jan 29 23:30:36 +0000 2019","0","Hoax ke Jokowi-Ma'ruf Amin Makin Masif Bisa Dilawan dangan Data Keberhasilan https://t.co/TZzMOweyCn","1090391794066640896","","","in","","0","0","0","https://x.com/undefined/status/1090391794066640896","4393472592",
"1090389563434913792","Tue Jan 29 23:30:28 +0000 2019","2","@4Y4NKZ Jomblo itu Berat Biar @prabowo aja","1090391760944095233","","4Y4NKZ","in","","0","1","1","https://x.com/undefined/status/1090391760944095233","993114371692769280",
"1090183761998766081","Tue Jan 29 23:30:25 +0000 2019","2","@ferrykoto @prabowo @sandiuno Yg saya lihat di media yg suka Ngamukan fisik itu bukan pendukung Prabowo pak @ferrykoto ?? Coba cek deh.. kalau di medsosmah ga sampai lempar masjid buat bising dan lain lain.. Sy berharap penulis di media itu netral karena jaman bisa berubah dan jejak digital itu ada..","1090391747400675328","","ferrykoto","in","","0","0","0","https://x.com/undefined/status/1090391747400675328","992998720571502592",
"1090391746155085826","Tue Jan 29 23:30:25 +0000 2019","0","(DETIKCOM | Elektabilitas Jokowi Dibawa-bawa Pasca Ahmad Dhani Dibui) https://t.co/SaA3Bi7Vnr #pemilu #pemilu2019","1090391746155085826","","","in","","0","0","0","https://x.com/undefined/status/1090391746155085826","968428811107819521",
"1090391646825439232","Tue Jan 29 23:30:01 +0000 2019","0","Cak Imin: PKB Tetap Dukung Jokowi #cakiminmenangkanjokowi https://t.co/jg8ZAX1x95","1090391646825439232","","","in","","0","0","0","https://x.com/undefined/status/1090391646825439232","2534700145",
"1090391642261970944","Tue Jan 29 23:30:00 +0000 2019","0","Cak Imin Tepati Janji : Instruksikan Kader PKB Dukung Jokowi-Ma'ruf #cakiminmenangkanjokowi https://t.co/ROSqbP8jiD","1090391642261970944","","","in","","0","0","0","https://x.com/undefined/status/1090391642261970944","565930134",
"1090391642064924672","Tue Jan 29 23:30:00 +0000 2019","3","Jokowi Disebut Jadi Orang Terkaya Nomor 18 di Asia Ini Fakta Sebenarnya! https://t.co/ltaeIzRTi0","1090391642064924672","","","in","","0","0","1","https://x.com/undefined/status/1090391642064924672","375995332",
"1090391641855123456","Tue Jan 29 23:30:00 +0000 2019","0","cak imin yakin pasangan Jokowi-Ma'ruf Amin bakal membawa kemaslahatan untuk umat. #cakiminmenangkanjokowi","1090391641855123456","","","in","","0","0","0","https://x.com/undefined/status/1090391641855123456","252421720",
"1090391641763078146","Tue Jan 29 23:30:00 +0000 2019","1","Cak Imin mengajak para pendukungnya untuk mengkampanyekan Jokowi-Ma'ruf Amin. Dia meminta para santrinya untuk memenangkan Jokowi-Ma'ruf Amin di Pilpres 2019. #cakiminmenangkanjokowi https://t.co/xM4o3r12iq","1090391641763078146","https://pbs.twimg.com/media/DyHUEAAUYAQqISx.jpg","","in","","0","0","4","https://x.com/undefined/status/1090391641763078146","1889093269",
"1090391640685117440","Tue Jan 29 23:30:00 +0000 2019","2","Jokowi : nama Cak Imin ada disaku saya #cakiminmenangkanjokowi https://t.co/VmCyOnIQFB","1090391640685117440","","","in","","0","0","5","https://x.com/undefined/status/1090391640685117440","2527178882",
"1090241867650920449","Tue Jan 29 23:29:57 +0000 2019","0","@RiaMarisa15 @jokowi @MahesaTiwi @RizmaWidiono @MasCEPUK @DemplonMak @Nugraha00370251 @AdaCebong @dwisetiawan_stw @Neng_Geulis_ @CH_chotimah @kangdede78 2019JokowiLagi 01 2Periode.","1090391629322641408","","RiaMarisa15","in","","0","0","0","https://x.com/undefined/status/1090391629322641408","720157921003180033",
"1089921654593974273","Tue Jan 29 23:29:39 +0000 2019","0","@Angelyca_Nayoan @CakKhum @prabowo @sandiuno @Gerindra Tidak diperiksa ya","1090391554508779520","","Angelyca_Nayoan","in","","0","0","0","https://x.com/undefined/status/1090391554508779520","990206350855581696",
"1090217321874915328","Tue Jan 29 23:29:37 +0000 2019","0","@kopral_jon00 @yusuf_dumdum @Hansent77 @sandiuno @jokowi Dapet aja lu ","1090391547076440065","","kopral_jonooo","in","","0","1","0","https://x.com/undefined/status/1090391547076440065","997803339558436865",
"1090137941165232128","Tue Jan 29 23:29:33 +0000 2019","0","@TeddyGusnaidi @rockygerung @prabowo Generasi @rockygerung dan @prabowo adalah generasi retorika generasi menyusun kata2 generasi omong kosong hasilnya adalah khayalan belaka Generasi @jokowi adalah kerja kerja dan kerja ","1090391527203889153","","TeddyGusnaidi","in","","0","0","0","https://x.com/undefined/status/1090391527203889153","1680373105",
"1044558997615927301","Tue Jan 29 23:29:31 +0000 2019","0","@Delpiero_2006 @Anak_Perantau_ @IbraThalib1 @MerdekaBrojoe @HalloMaman @gio_tugi @RenataSyarif @SalmaBrecht @SetiaAdy_p @lidya_wrw @JackTheRock4 @utipahkia @Nink47018190 @anyaeuuy @bobolidos @FernandaLetiva @hardi_anton @Swarnadiva9 @AnissaVerawaty @DYoesouf @AdiahmadAdi5 @arekgubeng2 @BhogaKent @CahilGerry @juventini_3rwin @antozlatan @JokSusi2019 @annisarama9 @__ANDRE_OCTA__ @kaprikurt @KingTukijan @LebahBorneo @Winsontrotz1 @vintenas @Ninnocyber @sugi_0706 @BocoroRoman @JalanYangTerjal @ebugogo2periode @XihxhouxExchou @alpinkori @Midjan_La @dya_11677 @suka_komen @himawan1978 @Igedemanuke9 @dewantara_adjie @Sandro87732049 @prabowo @mpuanon apa yg salah dgn cuitan belio neng ?","1090391521537343488","","Anak_Termanu","in","","0","0","0","https://x.com/undefined/status/1090391521537343488","1085375803934851072",
"1089948345005572096","Tue Jan 29 23:29:19 +0000 2019","0","@Dahnilanzar Pak Prabowo (maaf) merayakan Natal itu termasuk Tauhid bukan?? Saya yakin Anda tau Tauhid itu apa... Dan tidak tepat Anda menggunakan tauhid untuk sebuah pembelaan.","1090391470450794497","","Dahnilanzar","in","","0","0","0","https://x.com/undefined/status/1090391470450794497","912512998668775425",
"1090391458727645184","Tue Jan 29 23:29:16 +0000 2019","0","PEMILU ADALAH MASTURBASI MORAL #A","1090391458727645184","","","in","","0","0","0","https://x.com/undefined/status/1090391458727645184","296738711",
"1090391409167818752","Tue Jan 29 23:29:05 +0000 2019","0","Tim Advoaksi Badan Pemenangan Pemilu (BPN) Prabowo-Sandi mengaku mereka telah melaporkan 20 kasus pencemaran nama baik dan fitnah ke Bawaslu dan Bareskrim Polri sebagian besar kepada Paslon nomor 02 tapi sampai sekarang belum satupun diproses. https://t.co/q3qItyOfQr","1090391409167818752","","","in","","0","0","0","https://x.com/undefined/status/1090391409167818752","953330310300688384",
"1090391341614301184","Tue Jan 29 23:28:48 +0000 2019","18","Poster pas jaman copras capres adalah berarti melawan militerisme. Sebentar lagi nampaknya akan keluar poster yang ngegoblok2in dan ngetai2in orang gak yg gak milih. Karena Alit Ambara kehabisan konten anti-militerisme.","1090391341614301184","","","in","","0","1","31","https://x.com/undefined/status/1090391341614301184","2379948344",
"1090391283456229376","Tue Jan 29 23:28:35 +0000 2019","0","(Vivanews | Buni Yani Bicara Kemenangan Sudah Dekat hingga Alarm Bahaya Jokowi VIVA) https://t.co/QEtE8d3pJq #pemilu #pemilu2019","1090391283456229376","","","in","","0","0","0","https://x.com/undefined/status/1090391283456229376","968428811107819521",
"1090391271695208448","Tue Jan 29 23:28:32 +0000 2019","4","Siap mendukung dan menangkan Jokowi untuk 5 tahun lagi. Jokowi top. Dahsyat. #CakIminMenangkanJokowi https://t.co/gcVnoXbcrN","1090391271695208448","https://pbs.twimg.com/media/DyHZE1dVYAAO7JQ.jpg","","in","","0","0","8","https://x.com/undefined/status/1090391271695208448","1027512446691368960",
"1044558997615927301","Tue Jan 29 23:28:32 +0000 2019","0","@RenataSyarif @Delpiero_2006 @Anak_Perantau_ @MerdekaBrojoe @IbraThalib1 @HalloMaman @gio_tugi @SalmaBrecht @SetiaAdy_p @lidya_wrw @JackTheRock4 @utipahkia @Nink47018190 @anyaeuuy @bobolidos @FernandaLetiva @hardi_anton @Swarnadiva9 @AnissaVerawaty @DYoesouf @AdiahmadAdi5 @arekgubeng2 @BhogaKent @CahilGerry @juventini_3rwin @antozlatan @JokSusi2019 @annisarama9 @__ANDRE_OCTA__ @kaprikurt @KingTukijan @LebahBorneo @Winsontrotz1 @vintenas @Ninnocyber @sugi_0706 @BocoroRoman @JalanYangTerjal @ebugogo2periode @XihxhouxExchou @alpinkori @Midjan_La @dya_11677 @suka_komen @himawan1978 @Igedemanuke9 @dewantara_adjie @Sandro87732049 @prabowo @jokowi si om ngaku cerdas tapi cuitan nya spt anak sekolah SLB deh","1090391270759882752","","RenataSyarif","in","","0","1","0","https://x.com/undefined/status/1090391270759882752","1085375803934851072",
"1090391208768155653","Tue Jan 29 23:28:17 +0000 2019","0","Demokrasi jangan pengen menang sendiri Semua orang berhak ngepost pilihannya Klo mau mencibir tunggu setelah pemilu","1090391208768155653","","","in","","0","0","0","https://x.com/undefined/status/1090391208768155653","717754226",
"1089948345005572096","Tue Jan 29 23:28:13 +0000 2019","0","@Dahnilanzar Takbir qu pilih jokowi ape lo ape lo","1090391193567948801","","Dahnilanzar","in","","0","0","0","https://x.com/undefined/status/1090391193567948801","1212066433",
"1090111326003748864","Tue Jan 29 23:28:09 +0000 2019","0","@KornasBrigade01 @IdhamArsyad_GT @jokowi @cakimiNOW Topkb","1090391175490490368","","tpp_kemendes","pl","","0","0","0","https://x.com/undefined/status/1090391175490490368","811066196170637312",
"1090160362228375552","Tue Jan 29 23:28:07 +0000 2019","3","@Bapak2Padi @HaerumanUman Ustat ABB jadi gagal bebas karena dikaji ulang. Pertanyaanya kenapa bisa dikaji ulang? Dikaji ulang karena wiranto tersinggung soal ucapan jkowi pada mlm debat cawapres. jokowi bilang saya tidak punya beban masalau. Kenapa wiranto tersinggun karena wiranto merasa terpojok","1090391169169641473","","Bapak2Padi","in","","0","1","0","https://x.com/undefined/status/1090391169169641473","1044212309986406400",
"1090296580286992384","Tue Jan 29 23:28:01 +0000 2019","1","@RPSSULSEL @prabowo @sandiuno #SulselPilihPrabowoSandi #SulselPilihPrabowoSandi","1090391143697678337","","Zabaniah_","qme","","0","1","1","https://x.com/undefined/status/1090391143697678337","1027852670902525953",
"1090167137505660928","Tue Jan 29 23:27:55 +0000 2019","1","@meteng_ngetem @jokowi @ChangeOrg_ID Malas ah.. tanda tangan sendiri aja..kalau buat berita berat sebelah sih.. pas perlu aja baru nyari bantuan..tuh minta bantuan ke jurnalis TV/media sebelah..","1090391117185470464","","meteng_ngetem","in","","0","0","0","https://x.com/undefined/status/1090391117185470464","106742774",
"1090391102002065408","Tue Jan 29 23:27:51 +0000 2019","0","Jujur ya !!! SAYA LEBIH DUKUNG PRABOWO SUBIANTO jadi cawapres Dia itu orangnya tegas! Kekeh!! suka ngeyel. Dan coba kita lihat daftar hasil kerja nya.... . . . . . . . . . . . . . Gak ada kan? jadi biarkan dia kekeh nyapres terus.dan kita lihat tingkahnya yg makin ngk karuan.","1090391102002065408","","","in","","0","0","0","https://x.com/undefined/status/1090391102002065408","926228743013638145",
"1044558997615927301","Tue Jan 29 23:27:42 +0000 2019","0","@Anak_Perantau_ @IbraThalib1 @MerdekaBrojoe @HalloMaman @gio_tugi @RenataSyarif @SalmaBrecht @SetiaAdy_p @lidya_wrw @JackTheRock4 @utipahkia @Nink47018190 @FidiansyahReza @anyaeuuy @bobolidos @FernandaLetiva @hardi_anton @Swarnadiva9 @AnissaVerawaty @DYoesouf @AdiahmadAdi5 @Delpiero_2006 @arekgubeng2 @BhogaKent @CahilGerry @juventini_3rwin @antozlatan @JokSusi2019 @annisarama9 @__ANDRE_OCTA__ @kaprikurt @KingTukijan @Winsontrotz1 @vintenas @Ninnocyber @sugi_0706 @BocoroRoman @JalanYangTerjal @ebugogo2periode @XihxhouxExchou @alpinkori @Midjan_La @dya_11677 @suka_komen @himawan1978 @Igedemanuke9 @dewantara_adjie @Sandro87732049 @prabowo Kata pak @Dahnilanzar skrg ini Rezim Hutang ","1090391061795467265","","Anak_Perantau_","in","","0","0","0","https://x.com/undefined/status/1090391061795467265","902518154701586432",
"1090389396895887360","Tue Jan 29 23:27:42 +0000 2019","0","@RustamIbrahim Tahu saya arahnya... Pastilah yg dianggap ideal itu @jokowi ...","1090391061313183744","","RustamIbrahim","in","","0","0","0","https://x.com/undefined/status/1090391061313183744","2931426926",
"1090391038508752896","Tue Jan 29 23:27:36 +0000 2019","0","Ada satu pelajaran berharga dan penting yang dapat kita petik dari kasus musisi Ahmad Dhani Prasetyo. Di negeri ini Anda boleh berbuat apa saja termasuk memiliki seorang capres tapi jangan pernah jadi oposisi. https://t.co/q3qItyOfQr","1090391038508752896","","","in","","0","0","0","https://x.com/undefined/status/1090391038508752896","953330310300688384",
"1044558997615927301","Tue Jan 29 23:27:28 +0000 2019","0","@Anak_Perantau_ @IbraThalib1 @MerdekaBrojoe @HalloMaman @gio_tugi @RenataSyarif @SalmaBrecht @SetiaAdy_p @lidya_wrw @JackTheRock4 @utipahkia @Nink47018190 @FidiansyahReza @anyaeuuy @bobolidos @FernandaLetiva @hardi_anton @Swarnadiva9 @AnissaVerawaty @DYoesouf @AdiahmadAdi5 @arekgubeng2 @BhogaKent @CahilGerry @juventini_3rwin @antozlatan @JokSusi2019 @annisarama9 @__ANDRE_OCTA__ @kaprikurt @KingTukijan @LebahBorneo @Winsontrotz1 @vintenas @Ninnocyber @sugi_0706 @BocoroRoman @JalanYangTerjal @ebugogo2periode @XihxhouxExchou @alpinkori @Midjan_La @dya_11677 @suka_komen @himawan1978 @Igedemanuke9 @dewantara_adjie @Sandro87732049 @prabowo Ini manusia paling bodoh di Indonesia...@mpuanon saya harap mbak / mas bisa klarifikasi...yang jadi perhatian begitu banyak yg like dan Rt mereka juga gak punya otak...?? https://t.co/DBeveSdUwe","1090391004895571969","https://pbs.twimg.com/media/DyHY0r9VsAAF3Na.jpg","Anak_Perantau_","in","","1","4","0","https://x.com/undefined/status/1090391004895571969","3114621140",
"1090201374808129536","Tue Jan 29 23:27:17 +0000 2019","0","@Ferdinand_Haean Walaupun bumi berguncang dan langit runtuh gue ga bakalan pilih si wowo dan si uno. Sekali #Jokowi tetap #Jokowi01. #PilihJokowiAmin #Pilih01 #JokowiLagi #JokowiMenang","1090390957592322048","","Ferdinand_Haean","in","","0","0","0","https://x.com/undefined/status/1090390957592322048","2348224044",
"1089858550900285440","Tue Jan 29 23:27:09 +0000 2019","0","@RajaPurwa @prabowo @sandiuno #AhmadDhaniKorbanRezim #AhmadDhaniKorbanRezim #AhmadDhaniKorbanRezim #AhmadDhaniKorbanRezim #AhmadDhaniKorbanRezim #AhmadDhaniKorbanRezim #AhmadDhaniKorbanRezim #AhmadDhaniKorbanRezim #AhmadDhaniKorbanRezim #AhmadDhaniKorbanRezim #AhmadDhaniKorbanRezim","1090390922402029568","","RajaPurwa","qme","","0","0","0","https://x.com/undefined/status/1090390922402029568","1052512057747095553",
"1090390919008796674","Tue Jan 29 23:27:08 +0000 2019","10","Harapan pemimpin millenial. Jokowi lagi 5 tahun ke depan. #CakIminMenangkanJokowi https://t.co/dDPvheNV3y","1090390919008796674","https://pbs.twimg.com/media/DyHYwShU0AA8Z_p.jpg","","in","","0","0","11","https://x.com/undefined/status/1090390919008796674","1027512446691368960",
"1089921654593974273","Tue Jan 29 23:26:49 +0000 2019","1","@Angelyca_Nayoan @prabowo @sandiuno @Gerindra kita bikin tweet #prosesViktorLaiskodat karena lebih berbahaya ucapannya ketimbang tweet ADP. #AhmadDhaniKorbanRezim kita mao liat beneran di proses engga seperti janji mukidi waktu kampanye. kalo engga di proses juga ya artinya cuma janji busuk biar rakyat menilai..","1090390840395030528","","Angelyca_Nayoan","in","","1","1","0","https://x.com/undefined/status/1090390840395030528","496958087",
"1090167717955399680","Tue Jan 29 23:26:49 +0000 2019","0","@Pakurmatan1 @Ferdinand_Haean @jokowi https://t.co/wBRMKrDKvO","1090390840160055296","https://pbs.twimg.com/media/DyHYrpRV4AAvQ6y.jpg","Pakurmatan1","qme","","0","0","0","https://x.com/undefined/status/1090390840160055296","1078216462597160961",
"1089858550900285440","Tue Jan 29 23:26:47 +0000 2019","0","@RajaPurwa @prabowo @sandiuno Korban UU ITE yg paling tepat...anggota DPR yg terhormat ngapain aza?koq Ndak ada evaluasi?","1090390831540908032","","RajaPurwa","in","","0","0","0","https://x.com/undefined/status/1090390831540908032","827491753703804928",
"1090390801178218496","Tue Jan 29 23:26:40 +0000 2019","0","ULAMA pilih Prabowo di Pilpres 2019 | Gusdur Mbah Maimun Habib Latfi Mah... https://t.co/K1CY1GKick lewat @YouTube","1090390801178218496","","","in","","0","0","0","https://x.com/undefined/status/1090390801178218496","1399075130",
"1090375023116705792","Tue Jan 29 23:26:18 +0000 2019","0","@FahrizalHusain5 @Fahrihamzah @fadlizon Harusnya dia bersyukur di jaman Jokowi org bego bisa jd waketum DPR","1090390708668624897","","FahrizalHusain5","in","","0","1","0","https://x.com/undefined/status/1090390708668624897","230937672",
"1090137941165232128","Tue Jan 29 23:26:16 +0000 2019","0","@TeddyGusnaidi @rockygerung @prabowo Yakin Rocky G hasratnya tidak tersalurkan bg? menurut saya hasratnya selalu tersalur selalu tapi metode apa yg digunakanya masi misteri...haha","1090390700317847554","","TeddyGusnaidi","in","","0","0","0","https://x.com/undefined/status/1090390700317847554","956544031877558272",
"1089837127339147266","Tue Jan 29 23:26:07 +0000 2019","0","@TeddyGusnaidi @prabowo @rockygerung Lho....Ted masih ngetwit ya...","1090390662766153728","","TeddyGusnaidi","in","","0","0","0","https://x.com/undefined/status/1090390662766153728","805601876422987776",
"1090390662040629248","Tue Jan 29 23:26:06 +0000 2019","0","Pasti #jokowilebihbaik #jokowikotaserang @jokowi #01 metal","1090390662040629248","","","lt","","0","0","0","https://x.com/undefined/status/1090390662040629248","1079652225683582976",
"1090066887147323392","Tue Jan 29 23:26:05 +0000 2019","0","@AndiArief__ Cucunya pak jokowi gak disebut2 juga bos? Kurang komplit. Ibunya pak jokowi juga. Politisi ayam sayur...","1090390657384894465","","Andiarief__","in","","0","0","0","https://x.com/undefined/status/1090390657384894465","197101589",
"1090380413166530560","Tue Jan 29 23:25:58 +0000 2019","7","@ms_muammar @Dahnilanzar Bukan bangga tapi Negara mana yang tdk punya hutang. Dan ratio utang RI masih aman. Yang disayangkan capres Prabowo omongannya salah melulu dan selalu hrs ada yang klarifikasi. Tlng ingatkan Prabowo ya agar jangan makai gaya Amerika krn ini Indonesia yang berbudaya.","1090390626527436800","","","in","","0","1","0","https://x.com/undefined/status/1090390626527436800","1077940581110755330",
"1090390615248883712","Tue Jan 29 23:25:55 +0000 2019","0","Hanya terjadi di era Jokowi https://t.co/vL4X7mo7yw","1090390615248883712","https://pbs.twimg.com/media/DyHYevKU8AA2bez.jpg","","in","","0","1","0","https://x.com/undefined/status/1090390615248883712","1650633949",
"1089933954428235776","Tue Jan 29 23:25:53 +0000 2019","0","@yusuf_dumdum Rocky ilmunya di atas BTP Beliau masuk kriteria kriteria dewan penasihat capres Dg ilmu fiksinya","1090390604830273536","","yusuf_dumdum","in","","0","0","0","https://x.com/undefined/status/1090390604830273536","2431771309",
"1090167717955399680","Tue Jan 29 23:23:04 +0000 2019","0","@Pakurmatan1 @Ferdinand_Haean @jokowi https://t.co/u5f3VwmJK7","1090389898106818560","https://pbs.twimg.com/media/DyHX02GU8AALDET.jpg","Pakurmatan1","qme","","0","0","0","https://x.com/undefined/status/1090389898106818560","1078216462597160961",
"1090389864581718016","Tue Jan 29 23:22:56 +0000 2019","0","Suatu saat kita bisa kalah kita bisa jatuh tp kita terus belajar dan terus paham bahwa diatas segala2nya kita hrs berserah diri kepada sang pencipta raja semua kerajaan... @prabowo @jokowi","1090389864581718016","","","in","","0","0","0","https://x.com/undefined/status/1090389864581718016","424218292",
"1090228886166679552","Tue Jan 29 23:22:50 +0000 2019","0","@bintangku206 @ArumiNawaBidara @prabowo Si all..? ngak lah.. si all pamit amir dah.","1090389839717912576","","bintangku206","in","","0","0","0","https://x.com/undefined/status/1090389839717912576","865794970791231488",
"1090389797288402946","Tue Jan 29 23:22:40 +0000 2019","0","Ibu Iriana dan Pakde Jokowi merupakan contoh pasangan suami istri yg saling menguatkan #IbuNegaraAsyik https://t.co/T4XOBexGP7","1090389797288402946","https://pbs.twimg.com/media/DyHXu59UUAA4pb2.jpg","","in","","0","0","0","https://x.com/undefined/status/1090389797288402946","3236704392",
"1090334407926403072","Tue Jan 29 23:22:28 +0000 2019","0","@detikcom @jokowi Mbahhh.. mending urusin anak cucu aja di rmh.. jgn nyinyir. Semua dibutuhkan impor dan eksport utk keseimbangan pasar. Yg penting harga msh wajar bisa dibeli dan barang bagus.","1090389743664156672","","detikcom","in","","0","0","0","https://x.com/undefined/status/1090389743664156672","3259771502",
"1090135037318705153","Tue Jan 29 23:22:26 +0000 2019","0","@maspiyuuu @TwitterID Pak gini amat paniknya team bapak ya @jokowi kalau gak mau image rusak bilangin sama team bapak jangan aneh2 dengan masyarkat..","1090389737704050688","","mas_piyuuu","in","","0","0","0","https://x.com/undefined/status/1090389737704050688","60838363",
"1090389720763383808","Tue Jan 29 23:22:22 +0000 2019","0","Dandan Ala Capres-Cawapres 2019 Saat Pawai Foto Bocah-bocah Ini Viral Lihat pose para bocah itu. Berusaha tampil semirip mungkin dengan para Capres-Cawapres. https://t.co/5FFv4mZgtq https://t.co/5FFv4mZgtq","1090389720763383808","","","in","","0","0","0","https://x.com/undefined/status/1090389720763383808","30430486",
"1044558997615927301","Tue Jan 29 23:22:13 +0000 2019","1","@FidiansyahReza @Anak_Perantau_ @MerdekaBrojoe @IbraThalib1 @HalloMaman @gio_tugi @RenataSyarif @SalmaBrecht @SetiaAdy_p @lidya_wrw @JackTheRock4 @utipahkia @Nink47018190 @anyaeuuy @bobolidos @FernandaLetiva @hardi_anton @Swarnadiva9 @AnissaVerawaty @DYoesouf @AdiahmadAdi5 @arekgubeng2 @BhogaKent @CahilGerry @juventini_3rwin @antozlatan @JokSusi2019 @annisarama9 @__ANDRE_OCTA__ @kaprikurt @KingTukijan @LebahBorneo @Winsontrotz1 @vintenas @Ninnocyber @sugi_0706 @BocoroRoman @JalanYangTerjal @ebugogo2periode @XihxhouxExchou @alpinkori @Midjan_La @dya_11677 @suka_komen @himawan1978 @Igedemanuke9 @dewantara_adjie @Sandro87732049 @prabowo @jokowi Simple sdh diralat...semoga belio tdk kebanyakan makan lalat..kalau sombong mengakui diri pintar tapi tdk ada akal sehat..sia sia namanya.... https://t.co/wBMf0SPukV","1090389684767739905","https://pbs.twimg.com/media/DyHXn4dUcAAIK_V.jpg","FidiansyahReza","in","","1","2","0","https://x.com/undefined/status/1090389684767739905","3114621140",
"1090384019810701312","Tue Jan 29 23:22:12 +0000 2019","3","@AugustinRinda Sedang dalam Bahasa Romawi Kuno istri Prabowo artinya Oraono","1090389678988001280","","AugustinRinda","in","","0","1","0","https://x.com/undefined/status/1090389678988001280","1087388578441703424",
"1090389607500267521","Tue Jan 29 23:21:55 +0000 2019","1","Sejak 2014 terbukti bahwa Cak Imin bersama2 Pak @Jokowi memajukan bangsa Indonesia. Mengajak masyarakat untuk ikut andil dalam membangun Indonesia. #CakIminMenangkanJokowi https://t.co/ACc8jh1HT1","1090389607500267521","https://pbs.twimg.com/media/DyHXjEkV4AA_Wzi.jpg","","in","","0","0","2","https://x.com/undefined/status/1090389607500267521","199251790",
"1090389598960828416","Tue Jan 29 23:21:53 +0000 2019","0","Beginilah NASIB para Pengkritik Jokowi.... *** https://t.co/U5yC62XDwg","1090389598960828416","","","in","","0","0","0","https://x.com/undefined/status/1090389598960828416","953330310300688384",
"1090389545697198080","Tue Jan 29 23:21:40 +0000 2019","0","Pakde Jokowi selalu terlihat sumringah jika bersama ibu Iriana #IbuNegaraAsyik https://t.co/y6HoUezzZO","1090389545697198080","https://pbs.twimg.com/media/DyHXgQcUwAMhUvz.jpg","","in","","0","0","0","https://x.com/undefined/status/1090389545697198080","3236704392",
"1089915741468413952","Tue Jan 29 23:21:27 +0000 2019","0","@Dahnilanzar @AHMADDHANIPRAST @fadlizon @prabowo @sandiuno korban rezim? ntar lagi ratna sarumpaer divonis teriak korban rezim?","1090389491041222656","","Dahnilanzar","in","","0","0","0","https://x.com/undefined/status/1090389491041222656","765676749522739200",
"1090167137505660928","Tue Jan 29 23:21:24 +0000 2019","4","@kangsemproel @meteng_ngetem @jokowi @ChangeOrg_ID @EndjahH Giliran di dzolimi minta dukungan selama ini JAHAT DAN BERPIHAK KE REZIM halaahhh preeetttt","1090389479045586945","","KangSemproel","in","","0","0","2","https://x.com/undefined/status/1090389479045586945","170520206",
"1090389472628199425","Tue Jan 29 23:21:23 +0000 2019","0","Survei Puskaptis: @jokowi Tertinggal Jauh Dari @prabowo di Sumatera dan Jawa https://t.co/ViSG2PYl5P","1090389472628199425","","","in","","0","0","0","https://x.com/undefined/status/1090389472628199425","1082992095361609728",
"1089830031264604161","Tue Jan 29 23:21:10 +0000 2019","0","@permadiaktivis Baru jadi capres sj sdh SANDIWARA apalgi Jd Presiden Jd Penghayal berat","1090389418534305793","","permadiaktivis","in","","0","0","0","https://x.com/undefined/status/1090389418534305793","1082828062939463680",
"1090137941165232128","Tue Jan 29 23:20:54 +0000 2019","0","@TeddyGusnaidi @rockygerung @prabowo Gerung udah laku kawin??","1090389351035367424","","TeddyGusnaidi","in","","0","0","0","https://x.com/undefined/status/1090389351035367424","1080802423524839430",
"1090221774107684864","Tue Jan 29 23:20:46 +0000 2019","0","@jokowi Seneng liat nya presiden Jokowi bisa jalan bareng sama semua ratusan perwira penuh keakrab pan dan kekeluarga bgt .","1090389318906990593","","jokowi","in","","0","0","0","https://x.com/undefined/status/1090389318906990593","162551100",
"1090389303560040448","Tue Jan 29 23:20:43 +0000 2019","0","Ngomongin soal anak istri dan cucu kok saya jadi kasihan sm capres no.2","1090389303560040448","","","in","","0","0","0","https://x.com/undefined/status/1090389303560040448","2696877306",
"1090267853943533568","Tue Jan 29 23:20:34 +0000 2019","0","@Zulkifllubis71 Al itu DJ dan anak band. Pergaulan nya luas dikalangan anak muda supel dan luwes. Insya Allah bisa menaikkan elektabilitas pak @prabowo dan pak @sandiuno dari segmen pemilih anak muda. 🇮🇩 #2019PilihPKS #2019PrabowoSandiMenang","1090389266549506048","","Zulkiflilubis71","in","","0","0","0","https://x.com/undefined/status/1090389266549506048","998313848699432960",
"1090389266322972672","Tue Jan 29 23:20:34 +0000 2019","0","Ibu Iriana sll tersenyum dan sll mendampingi Pakde Jokowi kpnpun kehadirannya diperlukan #IbuNegaraAsyik","1090389266322972672","","","in","","0","0","0","https://x.com/undefined/status/1090389266322972672","3236704392",
"1090389263143690245","Tue Jan 29 23:20:33 +0000 2019","11","kalian jangan iri yaaa ini dia potret kebahagiaan keluarga pak Jokowi dan Ibu Iriana serta anak-anak tercinta mereka. semua itu karena kesabaran dan kelembutan ibu Iriana dalam mengurusi keluarganya. adem ayem liatnya bukaan?? #IbuNegaraAsyik @TheArieAir https://t.co/VZEgUWQ8qj","1090389263143690245","https://pbs.twimg.com/media/DyHW0pIVYAAgR2N.jpg","","in","","1","1","4","https://x.com/undefined/status/1090389263143690245","1080782652112662528",
"1090057564564291584","Tue Jan 29 23:20:33 +0000 2019","0","@3m4kZ @laskar_minang @SukaBasaBasi @prabowo @sandiuno @fadlizon @PriyoBudiS @AHMADDHANIPRAST Pak priyo juga sdh","1090389262820769792","","3m4kZ","in","","0","0","0","https://x.com/undefined/status/1090389262820769792","785032098",
"1090134499999002624","Tue Jan 29 23:20:18 +0000 2019","0","@maspiyuuu @jokowi Kata jokowi kalau ada bukti laporkan saja. Itu banyak yg sudah dilaporkan beserta bukti buktinya tp mana???","1090389199432237056","","mas_piyuuu","in","","0","0","0","https://x.com/undefined/status/1090389199432237056","1081864363512782848",
"1090389198492848131","Tue Jan 29 23:20:18 +0000 2019","0","Divif 2 Kostrad Selenggarakan Latihan Pengamanan Pemilu Legislatif dan Presiden https://t.co/UJD6lJF5Ko https://t.co/X7urGePLGJ","1090389198492848131","https://pbs.twimg.com/media/DyHXMn5VAAAJTIr.jpg","","in","","0","0","0","https://x.com/undefined/status/1090389198492848131","150598107",
"1088660213282988032","Tue Jan 29 23:20:11 +0000 2019","0","@fadlizon @SangAlang_107 @jokowi Plagiat pencintran","1090389170923569152","","fadlizon","in","","0","0","0","https://x.com/undefined/status/1090389170923569152","290921864",
"1090389163155714048","Tue Jan 29 23:20:09 +0000 2019","0","Klo kritik jokowi penjara langsung bro. Kwkwkwkwkkwk","1090389163155714048","","","in","","0","0","0","https://x.com/undefined/status/1090389163155714048","904582782504001541",
"1090086472017825792","Tue Jan 29 23:20:09 +0000 2019","0","@Airin_NZ Orang kalau udah trima upeti apapun keinginan junjungan ya pasti di ikuti. Mikirnya aja pada kebalik pa lagi nanti kalau 02 jd pemimpin. Dunia di balik jadi tambah hancur... Jokowi tetap presidenku","1090389161662541824","","Airin_NZ","in","","0","0","0","https://x.com/undefined/status/1090389161662541824","1047498443877281793",
"1090380413166530560","Tue Jan 29 23:20:06 +0000 2019","0","@Dahnilanzar Gak Mas tetap saja tidak bisa di tolerir pernyataan Prabowo yang intoleransi dengan menyebut Menteri keuangan yang membawahi ASN bgt besar sangat tendensius dan tdk ada tata Krama serta sopan santunnya. Sangat disesalkan calon spt itu","1090389151000682496","","Dahnilanzar","in","","0","0","0","https://x.com/undefined/status/1090389151000682496","1077940581110755330",
"1090389110739619840","Tue Jan 29 23:19:57 +0000 2019","13","Hi #SobatBUMN Bapak Presiden Joko Widodo turun langsung ke lapangan untuk tinjau langsung keadaan para nasabah Program Mekaar oleh @pnm_persero. Di sana Presiden Jokowi berdialog dengan https://t.co/hvv39Opo4y","1090389110739619840","","","in","","0","0","4","https://x.com/undefined/status/1090389110739619840","3184723542",
"1089907072013987840","Tue Jan 29 23:19:50 +0000 2019","0","@TeddyGusnaidi @marierteman @prabowo @Gerindra Sdh ada yg coba cek ke jalan tsb pak tapi nama jln itu ga ada","1090389083417759744","","TeddyGusnaidi","in","","0","0","0","https://x.com/undefined/status/1090389083417759744","2173221480",
"1090389053898338305","Tue Jan 29 23:19:43 +0000 2019","4","Sejak 2014 terbukti bahwa Cak Imin bersama2 Pak @Jokowi memajukan bangsa Indonesia. Mengajak masyarakat untuk ikut andil dalam membangun Indonesia. #CakIminMenangkanJokowi https://t.co/ytxWBzw2gj","1090389053898338305","https://pbs.twimg.com/media/DyHXCeEU8AAHqS_.jpg","","in","","0","0","7","https://x.com/undefined/status/1090389053898338305","199251790",
"1090389041009197057","Tue Jan 29 23:19:40 +0000 2019","7","Everything in the world is Beaautiful if you Love them ~Jokowi","1090389041009197057","","","en","","0","0","0","https://x.com/undefined/status/1090389041009197057","1087388578441703424",
"1090389018527686657","Tue Jan 29 23:19:35 +0000 2019","2","Cc @prabowo","1090389018527686657","","","und","","0","0","2","https://x.com/undefined/status/1090389018527686657","2905814730",
"1090228886166679552","Tue Jan 29 23:19:18 +0000 2019","0","@bintangku206 @prabowo Yang kiri donk","1090388948885487616","","bintangku206","in","","0","0","0","https://x.com/undefined/status/1090388948885487616","428899478",
"1090388943768453120","Tue Jan 29 23:19:17 +0000 2019","1","Analisis Sederhana Billboard Tol Jokowi https://t.co/66m9qVil2C","1090388943768453120","","","in","","0","0","0","https://x.com/undefined/status/1090388943768453120","38598471",
"1090388937737068545","Tue Jan 29 23:19:15 +0000 2019","0","Rumah tangga yg adem dan nyaris tanpa gosip ini membuat PakDe Jokowi dpt menjalankan tugasnya sbg presiden dg optimal #IbuNegaraAsyik https://t.co/Ciwz253cVy","1090388937737068545","https://pbs.twimg.com/media/DyHW9ElUYAEys8w.jpg","","in","","0","0","0","https://x.com/undefined/status/1090388937737068545","3236704392",
"1090388930984210432","Tue Jan 29 23:19:14 +0000 2019","0","Presiden Jokowi melalui misi pembangunan Nawacitanya menjadikan desa sebagai subyek pembangunan dengan kata lain membangun Indonesia dari wilayah pinggiran. #2019JokowiKyaiMaruf #IndonesiaMajuJokowiRI1 #JokowiPisan https://t.co/BygBq6Dmu3","1090388930984210432","","","in","","0","0","0","https://x.com/undefined/status/1090388930984210432","1036458406846943232",
"1090379101154635777","Tue Jan 29 23:19:01 +0000 2019","0","@heeiioo Iy sa ae tuh pak jokowi pagi dah nglawak aj","1090388876231729152","","heeiioo","in","","0","0","0","https://x.com/undefined/status/1090388876231729152","934465254959878144",
"1090388825036091392","Tue Jan 29 23:18:48 +0000 2019","1","Kembali CINTA pastikan Dukungan PKB kepada Paslon No Urut 01 Jokowi - K.H Ma'ruf Amin. Insya Allah Jokowi Amin Menang #CakIminMenangkanJokowi @jokowi @WawanPurwandl @kangdede78 #IbuNegaraAsyik https://t.co/w8TJxFXUtU","1090388825036091392","https://pbs.twimg.com/media/DyHWpgxVYAAF1po.jpg","","in","","0","0","1","https://x.com/undefined/status/1090388825036091392","951299173004886016",
"1090228886166679552","Tue Jan 29 23:18:47 +0000 2019","8","@bintangku206 @cubby_ghum @prabowo Jgn dibandingin deh ga cocok yg satunya artis sdh mandiri fansnya bany talenta oke penghasilannya jg bany. Yg satuny penjual pisang fansny siapa kl jual pisang talenta blm kebukti msh aji mumpung jd anak pres penghasilannya meragukan/ga realistis","1090388820363603968","","bintangku206","in","","1","1","0","https://x.com/undefined/status/1090388820363603968","593802930",
"1090388784133230594","Tue Jan 29 23:18:39 +0000 2019","0","Kembali CINTA pastikan Dukungan PKB kepada Paslon No Urut 01 Jokowi - K.H Ma'ruf Amin. Insya Allah Jokowi Amin Menang #CakIminMenangkanJokowi @jokowi @WawanPurwandl @kangdede78 #IbuNegaraAsyik https://t.co/InOfpk57oG","1090388784133230594","https://pbs.twimg.com/media/DyHWpgxVYAAF1po.jpg","","in","","0","0","0","https://x.com/undefined/status/1090388784133230594","943039797387337728",
"1089948345005572096","Tue Jan 29 23:18:37 +0000 2019","2","@shodiq86 @fuadfaud @abu_fallah @ncputri_ @TiaSari_93 @Dahnilanzar Walaupun ada calon selain jokowi penantang pak prabowo saya akan tetap pilih lawannya pak prabowo titik. Kalo d tanya alasan yaaa gak suka aja sama bapak itu","1090388778168905728","","shodiq86","in","","0","1","0","https://x.com/undefined/status/1090388778168905728","933397797889499136",
"1090388726738444288","Tue Jan 29 23:18:25 +0000 2019","0","Kembali CINTA pastikan Dukungan PKB kepada Paslon No Urut 01 Jokowi - K.H Ma'ruf Amin. Insya Allah Jokowi Amin Menang #CakIminMenangkanJokowi @jokowi @WawanPurwandl @kangdede78 #IbuNegaraAsyik https://t.co/grRaFuGYiy","1090388726738444288","https://pbs.twimg.com/media/DyHWpgxVYAAF1po.jpg","","in","","0","0","0","https://x.com/undefined/status/1090388726738444288","934096006890659840",
"1090334407926403072","Tue Jan 29 23:18:20 +0000 2019","0","@detikcom @jokowi Iyain aja umur orang ga ada yg tau..","1090388705804574721","","detikcom","in","","0","0","0","https://x.com/undefined/status/1090388705804574721","203803776",
"1090388704730857473","Tue Jan 29 23:18:20 +0000 2019","0","TNI Netral di Pemilu Prajurit Marinir Diingatkan Tak Pose Jari Khas Paslon https://t.co/F9gs6TWrDl","1090388704730857473","https://pbs.twimg.com/media/DyHWv3BX4AQB_HW.jpg","","in","","0","0","0","https://x.com/undefined/status/1090388704730857473","3288053485",
"1090388704437374981","Tue Jan 29 23:18:20 +0000 2019","0","Dandan Ala Capres-Cawapres 2019 Saat Pawai Foto Bocah-bocah Ini Viral Lihat pose para bocah itu. Berusaha tampil semirip mungkin dengan para Capres-Cawapres. https://t.co/99DGdBNQW2 https://t.co/99DGdBNQW2","1090388704437374981","","","in","","0","0","0","https://x.com/undefined/status/1090388704437374981","235422629",
"1090388690193473536","Tue Jan 29 23:18:16 +0000 2019","1","Kembali CINTA pastikan Dukungan PKB kepada Paslon No Urut 01 Jokowi - K.H Ma'ruf Amin. Insya Allah Jokowi Amin Menang #CakIminMenangkanJokowi @jokowi @WawanPurwandl @kangdede78 #IbuNegaraAsyik https://t.co/WNYxgo5nGG","1090388690193473536","https://pbs.twimg.com/media/DyHWpgxVYAAF1po.jpg","","in","","0","0","1","https://x.com/undefined/status/1090388690193473536","889413775391989760",
"1090089951356538880","Tue Jan 29 23:18:13 +0000 2019","0","@jokowi Jgn lupa jg tempat ibadah umat lain yg merasa susah mendirikan rnh ibadahnya","1090388676561915904","","jokowi","in","","0","0","0","https://x.com/undefined/status/1090388676561915904","731697591813967872",
"1090133508629000193","Tue Jan 29 23:18:01 +0000 2019","0","@Fahrihamzah ingin Sukarno hadir ....ya dukung Joko Widodo ingin Suharto hadir...ya dukung prabowo. ...gitu aja kok repot","1090388624783241216","","Fahrihamzah","in","","0","0","0","https://x.com/undefined/status/1090388624783241216","826281705434550276",
"1090388614452670464","Tue Jan 29 23:17:58 +0000 2019","0","Kembali CINTA pastikan Dukungan PKB kepada Paslon No Urut 01 Jokowi - K.H Ma'ruf Amin. Insya Allah Jokowi Amin Menang #CakIminMenangkanJokowi @jokowi @WawanPurwandl @kangdede78 #IbuNegaraAsyik https://t.co/fEdRwz3oLm","1090388614452670464","https://pbs.twimg.com/media/DyHWpgxVYAAF1po.jpg","","in","","0","0","0","https://x.com/undefined/status/1090388614452670464","956491553819607040",
"1090154778296868864","Tue Jan 29 23:17:40 +0000 2019","0","@Dahnilanzar @AHMADDHANIPRAST Klo sampean yang jadi capres nya saya dukung bang .. ..tapi kali ini mohon maaf .","1090388535742353408","","Dahnilanzar","in","","0","0","0","https://x.com/undefined/status/1090388535742353408","887436807570284544",
"1090388521058062336","Tue Jan 29 23:17:36 +0000 2019","0","Kawan2 jangan hiraukan oleh pasukan golput yg cuitanya memojokan pasangan Capres &amp; cawapres jokowi&amp; Hk Ma'ruf Amin. Bila perlu Ras dan blokir akun 2 mereka. Cuitan ujaran kebencian &amp; provokasi blokir! #JokowiMarufAmin2019 #Jokowi2Periode #2019KitaPilihJokowiAja","1090388521058062336","","","in","","0","0","0","https://x.com/undefined/status/1090388521058062336","1036464505943818241",
"1090388516507312128","Tue Jan 29 23:17:35 +0000 2019","0"," buat kami cukup sudah Ahok yang kalian fitnah.. Jika kalian mengganggu pak Jokowi Kami akan fight ingat : ini Presiden Jokowi yg dicintai rakyatnya CATAT!!! #2019PilihJokowi #2019TetapJokowi","1090388516507312128","","","in","","0","0","0","https://x.com/undefined/status/1090388516507312128","1027424202041655296",
"1090388510559752193","Tue Jan 29 23:17:34 +0000 2019","0","PakDe Jokowi dan Ibu Riana telah menikah selama kurang lebih 30 tahun #IbuNegaraAsyik","1090388510559752193","","","in","","0","0","0","https://x.com/undefined/status/1090388510559752193","3236704392",
"1090388401835012096","Tue Jan 29 23:17:08 +0000 2019","0","menurut kalian orang yang suka nyinyiran capres cawapres besok diapakan tuh kalau ternyata yang dinyinyiran menang?","1090388401835012096","","","in","","0","2","0","https://x.com/undefined/status/1090388401835012096","475849952",
"1090388358478491648","Tue Jan 29 23:16:57 +0000 2019","0","#RakyatTanya Kenapa sihh KPK Gak pernah Usut Korupsi Jokowi? ~ https://t.co/wensIOdVQP Jenderal08 Presiden2014com","1090388358478491648","https://pbs.twimg.com/media/BuNOyhCCcAAlYbN.jpg","","in","","0","0","0","https://x.com/undefined/status/1090388358478491648","2719094473",
"1090191260449558528","Tue Jan 29 23:16:53 +0000 2019","0","@ronavioleta @jokowi Duit dr mana?? Bisa dikalkulasi dr gaji jabatan nya brp..","1090388341361598464","","ronavioleta","in","","0","0","0","https://x.com/undefined/status/1090388341361598464","400693366",
"1090388291755491328","Tue Jan 29 23:16:41 +0000 2019","0","Yg paling Cocok Jadi Presiden Itu prabowo Ya? Jokowi Jadi Apa dong? ~ jenderal08 presiden2014com","1090388291755491328","","","in","","0","0","0","https://x.com/undefined/status/1090388291755491328","2720784768",
"1090289431469117440","Tue Jan 29 23:16:32 +0000 2019","1","@Kunto_Drummer @BPNrelawan02 @FloriliciousNew @prabowo @sandiuno Betul setuju mas. Terkesan yg banyak bergerak justru prabowo &amp; sandi tim nya tdk begitu aktif. Malah emak2 yg aktif bertemu dg rakyat bawah","1090388252522033153","","Kunto_Drummer","in","","0","0","0","https://x.com/undefined/status/1090388252522033153","277918704",
"1090253345288216576","Tue Jan 29 23:16:32 +0000 2019","5","@fadlizon @jokowi Justru jaman pak Jokowi integritas hukum benar- benar ditegakkan.ingat tiga sobat anda diadili karena korupsi.","1090388251343433728","","fadlizon","in","","0","0","0","https://x.com/undefined/status/1090388251343433728","1023153014910025729",
"1090246945229045760","Tue Jan 29 23:16:31 +0000 2019","0","@Yess_Jkw2019_ hahaha yg pasti bukan indonesia lach jgn mau dengerin ocehan @Fahrihamzah Cs sesaaaaaat semua menghalalkan seribu cara agar Bp @jokowi lengseeeer @Fahrihamzah preeeeet","1090388248348643329","","","in","","0","0","0","https://x.com/undefined/status/1090388248348643329","876098912456658945",
"1090137941165232128","Tue Jan 29 23:16:31 +0000 2019","0","@picadilida @si_euy @TeddyGusnaidi @Willseind @rockygerung @prabowo Cebong ga ada yg muslim?","1090388248206073856","","","in","","0","0","0","https://x.com/undefined/status/1090388248206073856","2834946012",
"1090379254628376576","Tue Jan 29 23:16:28 +0000 2019","1","@arsul_sani @jokowi Inget umur ... Inget umur malu ama cucu nanti ach","1090388235501547521","","arsul_sani","in","","0","0","0","https://x.com/undefined/status/1090388235501547521","951265436728836096",
"1089426035039322112","Tue Jan 29 23:16:26 +0000 2019","1","@purwo82092883 @jokowi #01JokowiLagi #01IndonesiaMaju #MuslimatMenangkanJokowi","1090388228052418560","","Purwo_Pawiro","qme","","0","0","1","https://x.com/undefined/status/1090388228052418560","762272580686393344",
"1090388197127872512","Tue Jan 29 23:16:19 +0000 2019","0","Suka duka selalu bersama perjalanan hidup sudah sedemikian jauhnya kekompakan makin mantap. Kebanggaan bangsa deh pokoknya Pak Jokowi dan Bu Iriana #IbuNegaraAsyik","1090388197127872512","","","in","","0","0","0","https://x.com/undefined/status/1090388197127872512","1084043651414556672",
"1090167717955399680","Tue Jan 29 23:16:16 +0000 2019","0","@Pakurmatan1 @Ferdinand_Haean @jokowi Berarti udah ada dari dulu... Dan beliau hanya nambahin + bayarin yang zaman dulu... Aneh malah beliau disalahin... Harusnya salahin jiga zaman old dong","1090388185186656256","","Pakurmatan1","in","","0","0","0","https://x.com/undefined/status/1090388185186656256","1078216462597160961",
"1090137941165232128","Tue Jan 29 23:16:14 +0000 2019","0","@picadilida @si_euy @TeddyGusnaidi @Willseind @rockygerung @prabowo Jokowi bkn muslim?","1090388177427226624","","","in","","0","0","0","https://x.com/undefined/status/1090388177427226624","2834946012",
"1090228886166679552","Tue Jan 29 23:16:09 +0000 2019","0","@bintangku206 @fadlizon @prabowo Kaesang kerja dan usaha sendiri dengan berjualan","1090388155075719168","","bintangku206","in","","0","0","0","https://x.com/undefined/status/1090388155075719168","1050196200152915968",
"1090134499999002624","Tue Jan 29 23:16:08 +0000 2019","0","@maspiyuuu @jokowi Ngata-ngatain yg di cc-in itu boleh kah mas? Lidah gatal tapi takut juga ke cyduk. Bukan Karena takut sama mereka(polisi dll) takut Aja di cyduk terus di PHK.","1090388152404008960","","mas_piyuuu","in","","0","0","0","https://x.com/undefined/status/1090388152404008960","983733026",
"1090388140001394689","Tue Jan 29 23:16:05 +0000 2019","0","Nama Besar Prabowo-Sandi Dongkrak Elektabilitas Caleg Parpol Koalisi https://t.co/C99NbOAveL https://t.co/Bpm0DdxBxD","1090388140001394689","https://pbs.twimg.com/media/DyHWPA6U8AAWCJQ.jpg","","in","","0","0","0","https://x.com/undefined/status/1090388140001394689","118371948",
"1090388122968350720","Tue Jan 29 23:16:01 +0000 2019","0"," Pak Jokowi juga shalat di awal waktu sering puasa Senin-Kamis. Kalau ulama berdoa minta pemimpin yang takut Allah maka pilih Jokowi katanya. #2019JokowiKyaiMaruf #RakyatMenyukaiKinerjaJokowi #JumatBerkah #PersibDay https://t.co/gNPQRr4iGS #2019JokowiKyaiMaruf","1090388122968350720","","","in","","0","0","0","https://x.com/undefined/status/1090388122968350720","1033733483179331584",
"1089938762488922112","Tue Jan 29 23:15:46 +0000 2019","3","@Dennysiregar7 @mbahliem24 @jokowi Maaf kasus bu Suk..... telah lengkap bukti tetapi SP3 yg keluar bagaimana tuh Dens.","1090388057767866368","","","in","","0","0","1","https://x.com/undefined/status/1090388057767866368","775041571",
"1090388026415558662","Tue Jan 29 23:15:38 +0000 2019","0","PRAJURIT YONMARHANLAN IX AMBON IKUTI UPACARA LATIHAN PRATUGAS PAM PEMILU 2019 https://t.co/xeyCGwktUb https://t.co/ocyRAZSBLv","1090388026415558662","https://pbs.twimg.com/media/DyHWIZKVAAAkyas.jpg","","in","","0","0","0","https://x.com/undefined/status/1090388026415558662","150598107",
"1090323062694674432","Tue Jan 29 23:15:38 +0000 2019","1","@pujangga1123 @P3nj3l4j4h @SBYudhoyono @prabowo @sandiuno @MardaniAliSera @Ferdinand_Haean Mari kita buka mata buka hati untuk melaksanakan demokrasi yg lebih baik lagi dan berkwalitas di negri ini mari kita ciptakan suasana aman damai tentram harmonis.Jangan ada dusta di antara kita #MardekaMardeka","1090388025278754817","","Great_Pujangga","in","","0","0","0","https://x.com/undefined/status/1090388025278754817","1046931758543818752",
"1089837127339147266","Tue Jan 29 23:15:34 +0000 2019","0","@TeddyGusnaidi @prabowo @rockygerung Sini bang@ kalau gelantungannya susah biar saya yg gantung. Kepala diatas ng pp kan gantung dileher juga sini","1090388010330251264","","TeddyGusnaidi","in","","0","0","0","https://x.com/undefined/status/1090388010330251264","1081864363512782848",
"1090274605724356613","Tue Jan 29 23:15:31 +0000 2019","3","@MemeTanpaHurufK @prabowo @sandiuno Bongkaaaarrr","1090387996333899776","","MemeTanpaHurufK","in","","0","1","0","https://x.com/undefined/status/1090387996333899776","794238553",
"1090387984052940801","Tue Jan 29 23:15:28 +0000 2019","1","Sejak dahulu Jokowi menjabat sbg Gubernur DKI Jakarta Bu Iriana sdh dikenal ramah. https://t.co/1dsuqxD2hq #IbuNegaraAsyik","1090387984052940801","","","in","","0","0","0","https://x.com/undefined/status/1090387984052940801","1035804488009826304",
"1090372662927466497","Tue Jan 29 23:15:26 +0000 2019","0","@maspiyuuu @prabowo @sandiuno UU ITE jadi Pasal karet multi tafsir makanya mereka jga bikin ASG (aturan Suka2 Gue)","1090387977426001921","","mas_piyuuu","in","","0","0","0","https://x.com/undefined/status/1090387977426001921","829122325157064704",
"1090387912670162949","Tue Jan 29 23:15:11 +0000 2019","0","https://t.co/RReyvGjKrQ apakah akan terjadi di indonesia? @jokowi","1090387912670162949","","","in","","0","0","0","https://x.com/undefined/status/1090387912670162949","2310114253",
"1090181770299854848","Tue Jan 29 23:14:57 +0000 2019","10","Yg ini apa masih di Wonogiri? Sandi Uno dateng warga malah meneriakkan Jokowi . Rakyat sdh pintar sekarang tau mana yg cuma nggedabrus mana yg bener2 kerja. https://t.co/UqVhCFETzU","1090387852909719552","https://pbs.twimg.com/ext_tw_video_thumb/1090323681576775680/pu/img/8H9jrc5QhTM7ocKg.jpg","narkosun","in","","0","1","3","https://x.com/undefined/status/1090387852909719552","84221579",
"1090387790611722240","Tue Jan 29 23:14:42 +0000 2019","0","Iriana Jokowi sosok istri sederhana yang datang dari kalangan sederhana juga. Maka sangat pantas mendampingi Jokowi yg jg datang dr kalangan sederhana. #IbuNegaraAsyik https://t.co/I70bwR9gpK","1090387790611722240","https://pbs.twimg.com/media/DyHV6G6U8AEZBgD.jpg","","in","","0","0","0","https://x.com/undefined/status/1090387790611722240","1035804488009826304",
"1090387780213960704","Tue Jan 29 23:14:39 +0000 2019","1","Siapa bilang di era presiden @jokowi raja hutang perlu di pahami jangan membodohi rakyat indonesia sekarang media terbuka lebar jadi cara pengibulan sudah tidak laku lagi cc: @prabowo @sandiuno @Dahnilanzar @FaldoMaldini @Ferdinand_Haean @AkunTofa @AgusYudhoyono @hincapandjaitan","1090387780213960704","","","in","","0","0","0","https://x.com/undefined/status/1090387780213960704","1577112956",
"1090377409021435905","Tue Jan 29 23:14:37 +0000 2019","0","@TjahjantoHadi @bangzul_1988 @jokowi Semangat jendral","1090387768381825024","","TjahjantoHadi","in","","0","0","0","https://x.com/undefined/status/1090387768381825024","1069810472948383744",
"1090169702922342401","Tue Jan 29 23:14:24 +0000 2019","0","@SWantania @hwkmi_info @jokowi @Gerindra @fadlizon @AHMADDHANIPRAST @Pak_JK Bodohnya diri anda Mana aku bilang membela Tuhan Makanya jangan dibiasakan makan nasbung biar ngak bodoh Tuhan itu tak perlu pembelaan tpi syariat Islam harus dibela dan tetap harus tegak #AhmadDhaniKorbanRezim","1090387716179513345","","SWantania","in","","0","1","0","https://x.com/undefined/status/1090387716179513345","1026105818603638784",
"1090268455540932610","Tue Jan 29 23:14:16 +0000 2019","0","@RiuRizkiUtomo @Dahnilanzar Sadar atau tidak sadar tagar #AhmadDhaniKorbanRezim akan melemahkan posisi Jokowi dlm pilpres. Karena ada perbuatan serupa dr golongan kubu penguasa yg tidak diproses secara sama Mengalahkan lawan dari dalam Mengalahkan lawan dg tangannya Lawan ","1090387684156104704","","RiuRizkiUtomo","in","","0","0","1","https://x.com/undefined/status/1090387684156104704","395774573",
"1090263034021404672","Tue Jan 29 23:14:13 +0000 2019","0","@chicohakim @jokowi Lah gimana mau punya cucu kalau konon katanya anaknya begono","1090387668632952832","","chicohakim","in","","0","0","0","https://x.com/undefined/status/1090387668632952832","971332831602356225",
"1065539686792232960","Tue Jan 29 23:14:06 +0000 2019","4","@JhonKosmik_ @prabowo Dimulai dengan anak Prabowo dulu lah wik wik wik","1090387642200481792","","AiTrainerHub","in","","0","1","0","https://x.com/undefined/status/1090387642200481792","1630767416",
"1090387637125312513","Tue Jan 29 23:14:05 +0000 2019","0","ADP Dipenjara Al-Ghazali akan Gabung Prabowo Terjun Kampanye https://t.co/scutzf5JcM https://t.co/54DPHqGQh9","1090387637125312513","https://pbs.twimg.com/media/DyHVxvNU8AAogYG.jpg","","in","","0","0","0","https://x.com/undefined/status/1090387637125312513","796910443155468289",
"1088284715906326528","Tue Jan 29 23:14:04 +0000 2019","0","@tehniadinata @jokowi @lebihbaikjokowi Akal sehat nya dimana? padahal udh beli sabun 2 milyar..","1090387632444436480","","tehniadinata","in","","0","0","0","https://x.com/undefined/status/1090387632444436480","43856245",
"1090387595991822338","Tue Jan 29 23:13:55 +0000 2019","0","Orang baik pasti ad musuhnya pak jokowi.. Jangankan anda misalkn malaikan jadi presiden juga sama akan dihina dan dicaci maki... https://t.co/7i0BTZAcUZ","1090387595991822338","","","in","","0","0","0","https://x.com/undefined/status/1090387595991822338","432642071",
"1090387555890032640","Tue Jan 29 23:13:46 +0000 2019","0","Mending buat Maklumat saja.... Semua Oposisi silahkan lapor ke Lapas terdekat guna efesiensi waktu pemilu sudah dekat. @sudjiwotedjo @saididu @ustadtengkuzul @haikal_hassan @marierteman @Fahrihamzah @fadlizon @rockygerung @maspiyuuu @effendigazali https://t.co/5SJKvNrL8M","1090387555890032640","https://pbs.twimg.com/media/DyHVsrQUUAA5zG4.jpg","","in","","0","0","0","https://x.com/undefined/status/1090387555890032640","1039778717147353088",
"1090379254628376576","Tue Jan 29 23:13:39 +0000 2019","6","@arsul_sani @jokowi Tanya hati kecil anda pak apakah hukum dinegeri ini sudah baik dan tidak tebang pilih...? Tidak ada yg luput dr yg maha melihat.","1090387526198616064","","arsul_sani","in","","0","2","0","https://x.com/undefined/status/1090387526198616064","3448390879",
"1090228886166679552","Tue Jan 29 23:13:35 +0000 2019","0","@bintangku206 @fadlizon @prabowo All?","1090387509660463104","","bintangku206","und","","0","0","0","https://x.com/undefined/status/1090387509660463104","1050196200152915968",
"1090387503343955969","Tue Jan 29 23:13:33 +0000 2019","0","(Vivanews | Politisi Pengusaha dan Eks Wakil Wali Kota VIVA) https://t.co/UPTeWBPBVZ #pemilu #pemilu2019","1090387503343955969","","","in","","0","0","0","https://x.com/undefined/status/1090387503343955969","968428811107819521",
"1090181770299854848","Tue Jan 29 23:13:24 +0000 2019","10","Ini di mana lagi? Sepanjang jalan kok diteriaki Jokowi . No Uno nasibmu...https://t.co/2eeAQe5Vf2","1090387462973583360","https://pbs.twimg.com/ext_tw_video_thumb/1090320994332336128/pu/img/ngwZgDCCq_s9KkrH.jpg","narkosun","in","","0","2","2","https://x.com/undefined/status/1090387462973583360","84221579",
"1090240923739406336","Tue Jan 29 23:13:13 +0000 2019","1","@Umnia77 @rockygerung Saya usulkan ketika Prabowo jadi presiden sebaiknya inventarisir pejabat2 yg sewenang2 &amp; Tidak Mampu berlaku adil terhadap hukum sebaiknya dibuang ke perbatasan negara &amp; Miskinkan","1090387419419963393","","Umnia77","in","","0","0","0","https://x.com/undefined/status/1090387419419963393","960024627488542721",
"1090191260449558528","Tue Jan 29 23:13:13 +0000 2019","2","@ronavioleta @JuliaEv34616966 @jokowi Pa jae?... Ga nyangka sederhananya org indonesia","1090387415896809472","","ronavioleta","in","","0","1","0","https://x.com/undefined/status/1090387415896809472","1652691517",
"1090387412872658944","Tue Jan 29 23:13:12 +0000 2019","1","Jangan hanya di Medsos...penggalangan saksi berlapis di setiap TPS hingga ke KPU harus bener² SOLID. Sistem kerjanya mudah dan cepat. Minimalisir kebocoran suara! Kalah SATU suara tetep aja bakal dinyatakan KALAH! Jangan terlena! @prabowo @sandiuno @fadlizon @Ferdinand_Haean","1090387412872658944","","","in","","0","1","0","https://x.com/undefined/status/1090387412872658944","2428338378",
"1090387394036142080","Tue Jan 29 23:13:07 +0000 2019","0","#JokowiCakImin #JoinKepri2019 #NasionalisReligius FOLLOW | RETWEET | LIKE | KOMEN Jokowi-CakImin https://t.co/q1gAIkklVx","1090387394036142080","","","in","","0","0","0","https://x.com/undefined/status/1090387394036142080","951299907083681792",
"1090379101154635777","Tue Jan 29 23:13:06 +0000 2019","0","@heeiioo Ke kamu dong masa ke pak jokowi?","1090387388717658112","","heeiioo","in","","0","1","0","https://x.com/undefined/status/1090387388717658112","934465254959878144",
"1090239072734343169","Tue Jan 29 23:12:51 +0000 2019","0","@KosongSatuMetal @jakartapusat01 Jokowi presidenku lanjutkan paa jokowi #01metaljakpus #jokowilebihbaik","1090387325412986880","","KosongSatuMetal","in","","0","0","0","https://x.com/undefined/status/1090387325412986880","1086905479253581824",
"1090154778296868864","Tue Jan 29 23:12:43 +0000 2019","0","@Dahnilanzar @AHMADDHANIPRAST Tujuannya? Ya biar org2 memilih capres yg membawa narasi bisa restore order dong. Mirip2 kayak Apple-lah org dibuat merasa butuh dg sesuatu (mis: headphone jack) dan ketika org2 nyari tinggal bilang aja kalau mereka punya solusinya (jual dongle) shg org memilih mereka.","1090387291418193920","","HerjunoTisnoaji","in","","0","0","0","https://x.com/undefined/status/1090387291418193920","50660599",
"1090228886166679552","Tue Jan 29 23:12:25 +0000 2019","0","@bintangku206 @fadlizon @prabowo Yah... calon penjara lagi nich lebih baik dengar kata bunda. Jangan mama tiri.","1090387217309028352","","bintangku206","in","","0","0","0","https://x.com/undefined/status/1090387217309028352","3128809746",
"1090198039900241920","Tue Jan 29 23:12:25 +0000 2019","0","@LibraJakarta @BangPino_ @CakKhum Slank pecandu jg dipake jokowi kampanye lo diem aj bro","1090387215627079680","","","in","","0","0","0","https://x.com/undefined/status/1090387215627079680","1035089833910128640",
"1090387210153541633","Tue Jan 29 23:12:23 +0000 2019","2","Sahabat2 semangat pagi mari kita doakan pak @jokowi 2 periode.#jokowi2periode #CakIminMenangkanJokowi @dwinantho88","1090387210153541633","","","in","","0","0","1","https://x.com/undefined/status/1090387210153541633","2378372204",
"1090170439198957568","Tue Jan 29 23:12:22 +0000 2019","0","@koen_tj03 @Umar_Hasibuan_ @saididu @jokowi tol bayarlah kalau mengobati otakmu agar ga dungu itu gratis.","1090387202171752448","","koen_tj03","in","","0","0","0","https://x.com/undefined/status/1090387202171752448","427145331",
"1090387198841704448","Tue Jan 29 23:12:21 +0000 2019","0","Adian Napitupulu Dan Ade Armando Sebar Hoax FPI Stop Dukung Prabowo - Sandi https://t.co/i0IHLy6SZz","1090387198841704448","","","in","","0","0","0","https://x.com/undefined/status/1090387198841704448","1041959303798644736",
"1090104379967823872","Tue Jan 29 23:12:17 +0000 2019","0","@fatih_bintoro @Ferdinand_Haean @prabowo Nanti kalo Jokowi kalah Lo kejang-kejang","1090387181145808897","","fatih_bintoro","in","","0","1","0","https://x.com/undefined/status/1090387181145808897","1073246199006679040",
"1090217847165411333","Tue Jan 29 23:12:11 +0000 2019","6","@BPart02 @AdhieMassardi @iwanfals sekarang sedang membaca cuitan tentang @AHMADDHANIPRAST sambil berpikir (sedangkan cuitan begitu hasilnya apalagi lagu. untung saya sudah nempel sama jokowi)","1090387159037632512","","BPart02","in","","0","0","1","https://x.com/undefined/status/1090387159037632512","283412486",
"1090375023116705792","Tue Jan 29 23:12:05 +0000 2019","0","@Fahrihamzah tolong dijelaskan bang kenapa kader Nasdem terpilih di NTT bisa kebal hukum??? VL akronim nya @jokowi @dpr @OmbudsmanRI137 @Kemendagri_RI @NasDem","1090387132672176128","","Fahrihamzah","in","","0","0","0","https://x.com/undefined/status/1090387132672176128","1280855023",
"1090282838732099585","Tue Jan 29 23:12:03 +0000 2019","0","@PndRzk @jokowi Owh oke oke jd paham gue","1090387123935428608","","Partikelir_","in","","0","0","0","https://x.com/undefined/status/1090387123935428608","737844127",
"1090387105761521665","Tue Jan 29 23:11:59 +0000 2019","0","#SaveAhmadDani #saveRockyGerung @marierteman @prabowo @Hilmi28 @haikal_hassan @mahendradatta @Fahrihamzah #AhmadDhaniKorbanRezim","1090387105761521665","","","qme","","0","0","0","https://x.com/undefined/status/1090387105761521665","941835474502541313",
"1090239072734343169","Tue Jan 29 23:11:56 +0000 2019","0","@KosongSatuMetal @jakartapusat01 @prabowo Lqnjutkan pak jokowi #01metaljakpus #jokowilebihbaik","1090387096739635200","","KosongSatuMetal","in","","0","0","0","https://x.com/undefined/status/1090387096739635200","1086905479253581824",
"1090387069451624448","Tue Jan 29 23:11:50 +0000 2019","0","Jika Prabowo-Sandi Menang Novel Didorong Jadi Ketua KPK | Republika Online https://t.co/lA6D5gD4y1","1090387069451624448","","","in","","0","0","0","https://x.com/undefined/status/1090387069451624448","97826703",
"1090252830563336192","Tue Jan 29 23:11:40 +0000 2019","0","@detikcom jadi pak nanti kalau prabowo menang dhani bisa bebas ya?... kalau ya saat itu hukum mati.","1090387028603092992","","detikcom","in","","0","0","0","https://x.com/undefined/status/1090387028603092992","488968326",
"1090386995396788224","Tue Jan 29 23:11:32 +0000 2019","0","@prabowo @sandiuno @fadlizon @Fahrihamzah @AkunTofa pak Prabowo cs debate berikutnya bawa suara rakyay bukan kami rakyat menolak brb na ik 12x pln naik terus daya beli turun pekerjaan susah sumber nafkah tak jelas.","1090386995396788224","","prabowo","in","","0","0","0","https://x.com/undefined/status/1090386995396788224","2379128718",
"1044558997615927301","Tue Jan 29 23:11:26 +0000 2019","0","@Delpiero_2006 @Anak_Perantau_ @MerdekaBrojoe @IbraThalib1 @HalloMaman @gio_tugi @RenataSyarif @SalmaBrecht @SetiaAdy_p @lidya_wrw @JackTheRock4 @utipahkia @Nink47018190 @anyaeuuy @bobolidos @FernandaLetiva @hardi_anton @Swarnadiva9 @AnissaVerawaty @DYoesouf @AdiahmadAdi5 @arekgubeng2 @BhogaKent @CahilGerry @juventini_3rwin @antozlatan @JokSusi2019 @annisarama9 @__ANDRE_OCTA__ @kaprikurt @KingTukijan @LebahBorneo @Winsontrotz1 @vintenas @Ninnocyber @sugi_0706 @BocoroRoman @JalanYangTerjal @ebugogo2periode @XihxhouxExchou @alpinkori @Midjan_La @dya_11677 @suka_komen @himawan1978 @Igedemanuke9 @dewantara_adjie @Sandro87732049 @prabowo @jokowi Itu sudah diralat kan oleh belio","1090386969882853376","","Anak_Termanu","in","","0","1","0","https://x.com/undefined/status/1090386969882853376","1085375803934851072",
"1090061673367400448","Tue Jan 29 23:11:16 +0000 2019","0","@PTakbersayap @jokowi @EkoSandjojo @ganjarpranowo Sak bendino aku kudu nyabrang kali nmpk prahu mas","1090386925960089600","","PTakbersayap","in","","0","0","0","https://x.com/undefined/status/1090386925960089600","768988169358364673",
"1090267348013965312","Tue Jan 29 23:11:15 +0000 2019","0","@helmifelis cerita ksana kemari yg ujungnya malah kampanye jokowi...","1090386921191178241","","HelmiFelis_","in","","0","0","0","https://x.com/undefined/status/1090386921191178241","230902863",
"1090166180784926721","Tue Jan 29 23:11:14 +0000 2019","0","@fajrinamaya @prabowo @Gamal_Albinsaid Brrpa bnyak yg tajir?","1090386917399490560","","fjrnmaya","in","","0","0","0","https://x.com/undefined/status/1090386917399490560","1540116980",
"1090137941165232128","Tue Jan 29 23:11:13 +0000 2019","0","@TeddyGusnaidi @rockygerung @prabowo Pengagum kejombloan karena Tuhan tdk rela para perempuan diperistri oleh mereka yg arogan","1090386912718667777","","TeddyGusnaidi","in","","0","0","0","https://x.com/undefined/status/1090386912718667777","1069810472948383744",
"1090386896918724608","Tue Jan 29 23:11:09 +0000 2019","0","Acara yang sangat urgent mengingat hoax dan pornografi sgt bebas beredar saat ini. Semoga acara ini jg diikuti oleh daerah2 lain. Dan yg paling penting Ibu Iriana jg turut hadir agar anak2 sekolah dpt mengenal Bu Iriani @jokowi https://t.co/IAPKHgYAiC #IbuNegaraAsyik","1090386896918724608","","","in","","0","0","0","https://x.com/undefined/status/1090386896918724608","1035804488009826304",
"1090386895459119105","Tue Jan 29 23:11:08 +0000 2019","0","Maaf yg GOBLOK yg buat UU apa yg nyalahin JOKOWI","1090386895459119105","","","in","","0","0","0","https://x.com/undefined/status/1090386895459119105","746852491",
"1090237083224948737","Tue Jan 29 23:11:08 +0000 2019","0","@rockygerung @Dennysiregar7 Thanks pak jokowi walaupun dibully gerung tapi beliau tetap bekerja buat kami.. Infrastructure desa dibangun jalan kesawah dibangun baruga tani dibangun irigasi full berfungsi setahun penuh.. https://t.co/5GJUdTEvbB","1090386892367978496","https://pbs.twimg.com/media/DyHVE__U0AA-mQw.jpg","rockygerung","in","","0","0","0","https://x.com/undefined/status/1090386892367978496","139278503",
"1090239072734343169","Tue Jan 29 23:11:08 +0000 2019","0","@KosongSatuMetal @jakartapusat01 @prabowo Tidak mencerminkan kebaikan sama sekali #01metaljakpus #JokowiLebihBaik","1090386891868786688","","KosongSatuMetal","in","","0","0","0","https://x.com/undefined/status/1090386891868786688","1086905479253581824",
"1090217960537346048","Tue Jan 29 23:11:06 +0000 2019","1","@SubAldrich @King54fir @prabowo @sandiuno @PriyoBudiS @Ferdinand_Haean @fadlizon @Gamal_Albinsaid @Dahnilanzar @AkunTofa @jokowi Aing sunda asli pilih @prabowo &amp; @sandiuno ","1090386883543089159","","aingKECEbong","in","","0","1","0","https://x.com/undefined/status/1090386883543089159","968464782469742592",
"1090386052911587328","Tue Jan 29 23:10:58 +0000 2019","0","@Alfati_Nova @jokowi dan kekuatan itu yang membuat pak Jokowi selalu bersemangat dalam memimpin negri menjadi lebih maju lagi.. pak jokowi punya ibu Iriana #IbuNegaraAsyik kalau wowo siapa yg mau nyemangatin?? masa kudanya?? ","1090386851389595648","","Alfati_Nova","in","","0","0","0","https://x.com/undefined/status/1090386851389595648","1071473354576543744",
"1090386824554438657","Tue Jan 29 23:10:52 +0000 2019","2","ILC tadi malam kayak debat capres seri I gak seru pak rocky pelipur lara yang tersisa.","1090386824554438657","","","in","","0","0","2","https://x.com/undefined/status/1090386824554438657","1035749863500083201",
"1090179871676948480","Tue Jan 29 23:10:49 +0000 2019","0","@korantempo Lho gambar nike pendukung capres no.2 lho!","1090386814169374721","","Tempo_Plus","in","","0","0","0","https://x.com/undefined/status/1090386814169374721","3128809746",
"1090386802739953665","Tue Jan 29 23:10:46 +0000 2019","2","Selamat pagi warga Sukoharjo dan sekitarnya... Jika Anda ingin berjalan cepat berjalanlah sendirian. Tetapi jika Anda ingin berjalan jauh maka berjalanlah bersama-sama. . . . - Pemilu 2019 Damai dan Sejuk Tanpa Hoax dan Ujaran Kebencian -","1090386802739953665","","","in","","0","0","0","https://x.com/undefined/status/1090386802739953665","740058303816863745",
"1090386797366898689","Tue Jan 29 23:10:45 +0000 2019","0","CAPRES KAMPRET YA BEGINI..STRESSS !cc @MardaniAliSera @ProfAmienRais @sandiuno @HMSoeharto1921 @TitiekSoeharto @SBYudhoyono @AgusYudhoyono @AndiArief__ nih capres kalian yg buat kalian pd buat pabrik hoax?kelebihannya apa @prabowo aplg @sandiuno ?selain ngarang crt?","1090386797366898689","","","in","","0","0","0","https://x.com/undefined/status/1090386797366898689","708892264223735808",
"1090202113383297026","Tue Jan 29 23:10:32 +0000 2019","0","@lho_koq @UfronArifin @detikcom @hnurwahid Mereka tuh geblek banget emang Gak boleh main sama cucu dan kumpul keluarga. Semua2 dipermasalahkan ... bagaimana kalau seandainya keluarga Jokowi terjun ke politik?! Mereka adem2 wae tuh","1090386743956623361","","lho_koq","in","","0","0","0","https://x.com/undefined/status/1090386743956623361","221003870",
"1090386742836903936","Tue Jan 29 23:10:32 +0000 2019","0","STRATEGI MEMENANGKAN PRABOWO SANDI RUMUS 6 (WATAK INGIN STRATEGI DIDIK OTOT OTAK MANAJEMEN/WISDOM) OTAK DAN OTOT https://t.co/6mGRZBNhpA","1090386742836903936","","","in","","0","0","0","https://x.com/undefined/status/1090386742836903936","724363688979779584",
"1089752925004431360","Tue Jan 29 23:10:31 +0000 2019","0","@RajaPurwa @prabowo @sandiuno #PapuaMemilihPrabowoSandi","1090386738189459456","","RajaPurwa","qme","","0","0","0","https://x.com/undefined/status/1090386738189459456","754528048456736768",
"1090167137505660928","Tue Jan 29 23:10:31 +0000 2019","1","@meteng_ngetem @jokowi @ChangeOrg_ID Monggo mandiri.","1090386736444727297","","meteng_ngetem","in","","0","0","0","https://x.com/undefined/status/1090386736444727297","714644673487175681",
"1086246005924782080","Tue Jan 29 23:10:26 +0000 2019","0","@RPSSULSEL @Angelyca_Nayoan @andaa_p @ifalcrew @Malw1ka @riani_212 @omibb @HaryonoAby @iwanthearcher @Riast10 @onettazuaoze @okewaee @wijaya_ento @Valkyreism @endang_nz @aswin_fadillah @shabahate @deasy12deasy @acoxduko @Ngebet_Kaya @Vife991 @TrisnaKSasmita @Arlyanti2 @02Sandiaga @Danwahyudi1 @Laskar_surajaya @SusandraWardan1 @silmy_afiqa @HajrahDouboegis @IpungLombok @dherma98 @bangagoeng96 @HotPepperminTea @NoessChe @HarryRidwan_Ay @MasYudi90703440 @BasukiAyu @getcokelat @Dio_Nzee @Larry39359271 @prabowo @sandiuno @Valhalla_Asgard @Rizki44874585 @wongAlas901 @endrapoer @Anggraini_4yu @Dody_Lukas___ Sengka ki daeng......... Hahahahihihi https://t.co/YHN9iQ8XZY","1090386717519958017","https://pbs.twimg.com/media/DyHU7lmU0AETIan.jpg","Zabaniah_","tl","","0","1","0","https://x.com/undefined/status/1090386717519958017","99278902",
"1090386667876188160","Tue Jan 29 23:10:14 +0000 2019","0","Sebagai Ibu Negara @jokowi yang memberi panutan maka tak salah bahwa Ibu Iriana kembali menjadi Ibu Negara utk bangsa ini. #IbuNegaraAsyik https://t.co/F4D08rHltn","1090386667876188160","https://pbs.twimg.com/media/DyHU4mKU0AAiBTj.jpg","","in","","0","0","0","https://x.com/undefined/status/1090386667876188160","1035804488009826304",
"1090386649807237120","Tue Jan 29 23:10:10 +0000 2019","0","(Liputan 6 | Prihatin Marak Hoaks Dadang Nekad Luncurkan Bersatu Kita Teguh) https://t.co/bjCju5UpOH #pemilu #pemilu2019","1090386649807237120","","","in","","0","0","0","https://x.com/undefined/status/1090386649807237120","968428811107819521",
"1090386625966821376","Tue Jan 29 23:10:04 +0000 2019","0","ADP Dipenjara Al-Ghazali akan Gabung Prabowo Terjun Kampanye https://t.co/LcMljKntxV","1090386625966821376","","","in","","0","0","0","https://x.com/undefined/status/1090386625966821376","2913405960",
"1090137941165232128","Tue Jan 29 23:10:03 +0000 2019","0","@TeddyGusnaidi @rockygerung @prabowo Hadewww.... Nalar RG Koplak","1090386620799315968","","TeddyGusnaidi","in","","0","0","0","https://x.com/undefined/status/1090386620799315968","1415835367",
"1090197179682062336","Tue Jan 29 23:10:01 +0000 2019","0","@Angelina0191 @jokowi @andreOPA @RizmaWidiono @MahesaTiwi Jangan percaya omongannya....Kalau berani kasih nilainya kalau saya pimpin harga telur Rp. 100 -perbutir dan harga daging Rp. 5000 -perkilo!!!! Kalau tidak terjadi saya siap mengantungkan diri saya sendiri di Monas. Karena ngomongnya tidak benar dan penuh kebohongan.begitu dech","1090386614671437824","","ArizonaStp","in","","0","0","0","https://x.com/undefined/status/1090386614671437824","2709887899",
"1090228886166679552","Tue Jan 29 23:09:54 +0000 2019","0","@bintangku206 @fadlizon @prabowo Wah loe ngk imbang...ini konstelasi antara prabowo dan jokowi. Harusnya yang u bandingin itu kaesang anak jokowi dan Didiet anak prabowo. Gimna kabar didiet...dah punya anak kah dia dsna","1090386582153048064","","bintangku206","in","","0","0","0","https://x.com/undefined/status/1090386582153048064","971332831602356225",
"1090386575182094339","Tue Jan 29 23:09:52 +0000 2019","2","Kami rakyat juga resah dg UU ITE biarkan dunia Maya dg kemayaannya ga usah diatur2 Cabut UU ITE...! @prabowo @DPR_RI @hnurwahid @Fahrihamzah @AndiArief__ @helmifelis @jokoedy6 @saididu @ustadtengkuzul @marierteman @musniumar @Ferdinand_Haean #AhmadDhaniKorbanRezim","1090386575182094339","","","in","","1","0","3","https://x.com/undefined/status/1090386575182094339","1443279410",
"1090386566290333696","Tue Jan 29 23:09:50 +0000 2019","0","STRATEGI MEMENANGKAN PRABOWO SANDI RUMUS 6 (WATAK INGIN STRATEGI DIDIK OTOT OTAK MANAJEMEN/WISDOM)- DIDIK https://t.co/sIiqcY4bB2","1090386566290333696","","","in","","0","0","0","https://x.com/undefined/status/1090386566290333696","724363688979779584",
"1090386565786791936","Tue Jan 29 23:09:50 +0000 2019","0","@KosongSatuMetal #01 jokowi lebih baik https://t.co/hteyaB09t1","1090386565786791936","https://pbs.twimg.com/media/DyHUyq8UUAA1HWq.jpg","KosongSatuMetal","in","","0","0","0","https://x.com/undefined/status/1090386565786791936","1085885874313736193",
"1090384251885768704","Tue Jan 29 23:09:49 +0000 2019","0","@Beritasatu Tau puskaptis? Inilah lembaga survey yg bikin prabowo-hatta sujud syukur live di tv one krn dibilang menang pilpres 2014 dulu..hasil aja ngawur apalagi survey","1090386562695581696","","Beritasatu","in","","0","0","0","https://x.com/undefined/status/1090386562695581696","176003622",
"1090291318872518656","Tue Jan 29 23:09:48 +0000 2019","0","@AhmadYaniBS @jokowi @cakimiNOW @puan_maharani @EkoSandjojo @Menkeu @Kemendagri_RI @bowoGRAK Mantaapp..","1090386558467751936","","SahabatDesa_","nl","","0","0","0","https://x.com/undefined/status/1090386558467751936","920240408583475200",
"1090136812067024901","Tue Jan 29 23:09:46 +0000 2019","0","@vaiyo @jokowi Ngakunya Marketing Communication tapi membodohi orang pakai data ya cuk. Ini buat bayar BUNGA DOANG POKOK BELUM!!! https://t.co/cMTAsHyjEy","1090386551551320064","","vaiyo","in","","0","0","0","https://x.com/undefined/status/1090386551551320064","479373839",
"1090377409021435905","Tue Jan 29 23:09:42 +0000 2019","0","@TjahjantoHadi @jokowi TNI dan Polri garda terdepan NKRI 🇮🇩","1090386533864026112","","TjahjantoHadi","in","","0","0","0","https://x.com/undefined/status/1090386533864026112","23181306",
"1090386445133463555","Tue Jan 29 23:09:21 +0000 2019","7","Kalu udah CINTA pasti Dukungan PKB kepada Paslon No Urut 01 Jokowi - K.H Ma'ruf Amin. Insya Allah Jokowi Amin Menang #CakIminMenangkanJokowi @jokowi @WawanPurwandl @kangdede78 #IbuNegaraAsyik https://t.co/0rK4fHmCHV","1090386445133463555","https://pbs.twimg.com/media/DyHUcx-U8AAz4wB.jpg","","in","","1","0","6","https://x.com/undefined/status/1090386445133463555","951299173004886016",
"1090386418055172096","Tue Jan 29 23:09:15 +0000 2019","0","Head to Head Suara Jokowi vs Prabowo dalam 2 Bulan Terakhir https://t.co/2KRxdNXji1 https://t.co/JbHPgsWdj6","1090386418055172096","https://pbs.twimg.com/media/DyHUqxvVAAAEbEs.jpg","","in","","0","0","0","https://x.com/undefined/status/1090386418055172096","78596326",
"1090210778710339585","Tue Jan 29 23:09:10 +0000 2019","7","@AndiArief__ Ini salah satu orang parpolnya @PDemokrat yg didirikan oleh @SBYudhoyono yg gak ngerti hukum...yg lapor siapa yg menjarain siapa... Ehh...yg kena @jokowi Beggggoooooo!!!!!","1090386398325006337","","Andiarief__","in","","0","1","0","https://x.com/undefined/status/1090386398325006337","759658890",
"1090386395183476736","Tue Jan 29 23:09:09 +0000 2019","3","Kalu udah CINTA pasti Dukungan PKB kepada Paslon No Urut 01 Jokowi - K.H Ma'ruf Amin. Insya Allah Jokowi Amin Menang #CakIminMenangkanJokowi @jokowi @WawanPurwandl @kangdede78 #IbuNegaraAsyik https://t.co/yMv5SS4DCQ","1090386395183476736","https://pbs.twimg.com/media/DyHUcx-U8AAz4wB.jpg","","in","","0","0","3","https://x.com/undefined/status/1090386395183476736","943039797387337728",
"1089864896030752768","Tue Jan 29 23:09:07 +0000 2019","0","@laskar_minang @Dennysiregar7 @prabowo @fadlizon @Ferdinand_Haean @zarazettirazr Kandangkan mas desi @Dennysiregar7","1090386386396409856","","demoCRAZY_id","in","","0","0","0","https://x.com/undefined/status/1090386386396409856","154485802",
"1090386345908830209","Tue Jan 29 23:08:57 +0000 2019","1","Kalu udah CINTA pasti Dukungan PKB kepada Paslon No Urut 01 Jokowi - K.H Ma'ruf Amin. Insya Allah Jokowi Amin Menang #CakIminMenangkanJokowi @jokowi @WawanPurwandl @kangdede78 #IbuNegaraAsyik https://t.co/LoQtmMPJnD","1090386345908830209","https://pbs.twimg.com/media/DyHUcx-U8AAz4wB.jpg","","in","","0","0","1","https://x.com/undefined/status/1090386345908830209","934096006890659840",
"1090386312333426689","Tue Jan 29 23:08:49 +0000 2019","3","Dibalik kesuksesan sosok pak @jokowi ada perempuan luar biasa disampingnya #IbuNegaraAsyik https://t.co/AzZgIEp5VH","1090386312333426689","https://pbs.twimg.com/media/DyHUjZlV4AARY1A.jpg","","in","","1","0","0","https://x.com/undefined/status/1090386312333426689","1013008796849860608",
"1090386302623657984","Tue Jan 29 23:08:47 +0000 2019","0","Jangan Tanya Prestasi Jokowi pada Rocky Gerung! https://t.co/yOd5DHTj02","1090386302623657984","","","in","","0","0","0","https://x.com/undefined/status/1090386302623657984","38598471",
"1089768101229424640","Tue Jan 29 23:08:43 +0000 2019","0","@Gerindra @B450YU @prabowo @sandiuno yo ndak bisa jawab fakta kok dijawab","1090386284957188096","","Gerindra","in","","0","0","0","https://x.com/undefined/status/1090386284957188096","443836597",
"1090386269807362049","Tue Jan 29 23:08:39 +0000 2019","1","Kalu udah CINTA pasti Dukungan PKB kepada Paslon No Urut 01 Jokowi - K.H Ma'ruf Amin. Insya Allah Jokowi Amin Menang #CakIminMenangkanJokowi @jokowi @WawanPurwandl @kangdede78 #IbuNegaraAsyik https://t.co/gO9yLb5nmX","1090386269807362049","https://pbs.twimg.com/media/DyHUcx-U8AAz4wB.jpg","","in","","0","0","1","https://x.com/undefined/status/1090386269807362049","889413775391989760",
"1090133508629000193","Tue Jan 29 23:08:37 +0000 2019","0","@Fahrihamzah Jokowi pak","1090386260919607297","","Fahrihamzah","in","","0","0","0","https://x.com/undefined/status/1090386260919607297","18301941",
"1090368752619708418","Tue Jan 29 23:08:36 +0000 2019","0","@jokowi_k Jokowi 2 periode #JokowiLagi #01menangtotal #jokowimenangtotal #jokowilebihbaik","1090386255135690752","","","in","","0","0","0","https://x.com/undefined/status/1090386255135690752","1079715593069064192",
"1090386247736938497","Tue Jan 29 23:08:34 +0000 2019","0","Dibalik sosok Jokowi yang optimis ada Ibu Iriana yang manis #IbuNegaraAsyik https://t.co/ERkBg5vkTW","1090386247736938497","https://pbs.twimg.com/media/DyHUgTjUYAAKTBa.jpg","","in","","0","0","0","https://x.com/undefined/status/1090386247736938497","1035804488009826304",
"1090198039900241920","Tue Jan 29 23:08:24 +0000 2019","0","@jimmy_atp @BangPino_ Anak jokowi kapan","1090386206108438529","","jimmy_atp","in","","0","0","0","https://x.com/undefined/status/1090386206108438529","1035089833910128640",
"1088988748656738304","Tue Jan 29 23:08:22 +0000 2019","0","@BangRoyGanteng @hnurwahid @jokowi @bawaslu_RI @Bangroy_ganteng Lo kebanyakan nge war sih bang","1090386196990025728","","Joker_gantenk","in","","0","0","0","https://x.com/undefined/status/1090386196990025728","244593139",
"1090386183387983872","Tue Jan 29 23:08:19 +0000 2019","6","Kalu udah CINTA pasti Dukungan PKB kepada Paslon No Urut 01 Jokowi - K.H Ma'ruf Amin. Insya Allah Jokowi Amin Menang #CakIminMenangkanJokowi @jokowi @WawanPurwandl @kangdede78 #IbuNegaraAsyik https://t.co/b85icLGFsA","1090386183387983872","https://pbs.twimg.com/media/DyHUcx-U8AAz4wB.jpg","","in","","0","0","4","https://x.com/undefined/status/1090386183387983872","956491553819607040",
"1090228886166679552","Tue Jan 29 23:08:16 +0000 2019","0","@bintangku206 @fadlizon @prabowo Yang satu (kaesang) dari keluarga harmonis lagi bahagia kalau yang satunya (Al ghazali) dari keluarga yang gundah gulana karena perceraian orang tua","1090386173111889920","","bintangku206","in","","0","0","0","https://x.com/undefined/status/1090386173111889920","971332831602356225",
"1090091582676787200","Tue Jan 29 23:08:04 +0000 2019","0","@AnnaSuezann @mukmin_mighty @jokowi @RestyCayah Kehulu membawa pukat Jahe di tanam bersisian Kalau pemilu sudah dekat Si Jae jadi perhatian","1090386120255275008","","AnnaSuezann","in","","0","0","0","https://x.com/undefined/status/1090386120255275008","1399463478",
"1090239263982190593","Tue Jan 29 23:08:01 +0000 2019","0","@joxzin_jogja @prabowo Kebanyakan nonton Dunia Terbalik mereka....","1090386108511223808","","joxzin_jogja","in","","0","0","0","https://x.com/undefined/status/1090386108511223808","953916943844560896",
"1089135494074515456","Tue Jan 29 23:07:42 +0000 2019","0","@Bagio37180804 @revanheryan08 @Gerindra @rockygerung @prabowo Sy gak mau terbawa arus pemikiran anda yg semakin dungu logika sj bong menilai seseorang itu dari kejujuranx konsistensix prinsip hidupx dan track recordx nah klo cuman pinokio (dah boneka tukang tipu pula) ngapain milih orang yg telah ingkar janji Salam Akal Sehat..","1090386029968744449","","Bagio37180804","in","","0","1","0","https://x.com/undefined/status/1090386029968744449","972653403066089472",
"1090385968849346561","Tue Jan 29 23:07:28 +0000 2019","0","STRATEGI MEMENANGKAN PRABOWO SANDI RUMUS 6 (WATAK INGIN STRATEGI DIDIK OTOT OTAK MANAJEMEN/WISDOM) https://t.co/7QlXKsUj8I","1090385968849346561","","","in","","0","0","0","https://x.com/undefined/status/1090385968849346561","724363688979779584",
"1090385944539066369","Tue Jan 29 23:07:22 +0000 2019","0","Tooooop Dukungan PKB kepada Paslon No Urut 01 Jokowi - K.H Ma'ruf Amin. Insya Allah Jokowi Amin Menang #CakIminMenangkanJokowi @jokowi @WawanPurwandl @kangdede78 #IbuNegaraAsyik https://t.co/18uMR2EIPz","1090385944539066369","https://pbs.twimg.com/media/DyHUDZIUwAAbbUc.jpg","","in","","0","0","0","https://x.com/undefined/status/1090385944539066369","956491553819607040",
"1090202113383297026","Tue Jan 29 23:07:16 +0000 2019","1","@Marsudi__ @NaneDianti @detikcom @jokowi Tambah lagi GEBLEK ","1090385918488305670","","kangrongsok__","in","","0","0","0","https://x.com/undefined/status/1090385918488305670","221003870",
"1090385912578531328","Tue Jan 29 23:07:14 +0000 2019","8","Tooooop Dukungan PKB kepada Paslon No Urut 01 Jokowi - K.H Ma'ruf Amin. Insya Allah Jokowi Amin Menang #CakIminMenangkanJokowi @jokowi @WawanPurwandl @kangdede78 #IbuNegaraAsyik https://t.co/mQFXQ7FB3b","1090385912578531328","https://pbs.twimg.com/media/DyHUDZIUwAAbbUc.jpg","","in","","0","0","7","https://x.com/undefined/status/1090385912578531328","889413775391989760",
"1090385885928087552","Tue Jan 29 23:07:08 +0000 2019","0","Peran Humas Sebagai Garda Terdepan Dalam Menangkal Konten Negatif Menjelang Pelaksanaan Pemilu 2019. https://t.co/RLVMGxa6fL https://t.co/ienkByudmp","1090385885928087552","https://pbs.twimg.com/media/DyHULzkV4AATI4u.jpg","","in","","0","0","0","https://x.com/undefined/status/1090385885928087552","908560584672546817",
"1090257732660211713","Tue Jan 29 23:07:06 +0000 2019","0","@fadlizon @prabowo Presiden tidak bisa ikut campur soal hukum jika anda menuduh itu ulah pemerintah bisa dipastikan jika pak Prabowo berkuasa akan melakukan ikut campur soal hukum dgn kekuasaannya. Yang melaporkan Ahmad Dani bukan presiden kok bisa pemerintah yg dituduh.","1090385878684323840","","fadlizon","in","","0","0","0","https://x.com/undefined/status/1090385878684323840","1047679190869336064",
"1090385872589967361","Tue Jan 29 23:07:05 +0000 2019","0","Tooooop Dukungan PKB kepada Paslon No Urut 01 Jokowi - K.H Ma'ruf Amin. Insya Allah Jokowi Amin Menang #CakIminMenangkanJokowi @jokowi @WawanPurwandl @kangdede78 #IbuNegaraAsyik https://t.co/vlmDwLsN2W","1090385872589967361","https://pbs.twimg.com/media/DyHUDZIUwAAbbUc.jpg","","in","","0","0","0","https://x.com/undefined/status/1090385872589967361","934096006890659840",
"1090384302242590720","Tue Jan 29 23:07:02 +0000 2019","1","@Beritasatu Ini lembaga survei yg bikin Prabowo-Hatta njengking 4 tahun yang lalu...","1090385861777092608","","Beritasatu","in","","0","0","0","https://x.com/undefined/status/1090385861777092608","1052120592",
"1090385839937380352","Tue Jan 29 23:06:57 +0000 2019","0","Urusan Prabowo orang ini selalu bilang : fahami konteksny. Urusan jokowi dia bego gk mau peduli konteks. Segininy politik mnurunkn level lo ya.","1090385839937380352","","","in","","0","0","0","https://x.com/undefined/status/1090385839937380352","870591472306864129",
"1089837127339147266","Tue Jan 29 23:06:55 +0000 2019","0","@TeddyGusnaidi @arswendo_atmo @prabowo @rockygerung Kalau gak melintir bukan cebong..","1090385832698032128","","TeddyGusnaidi","in","","0","0","0","https://x.com/undefined/status/1090385832698032128","523826287",
"1090385832127619072","Tue Jan 29 23:06:55 +0000 2019","0","Tooooop Dukungan PKB kepada Paslon No Urut 01 Jokowi - K.H Ma'ruf Amin. Insya Allah Jokowi Amin Menang #CakIminMenangkanJokowi @jokowi @WawanPurwandl @kangdede78 #IbuNegaraAsyik https://t.co/5D9QHPyb9w","1090385832127619072","https://pbs.twimg.com/media/DyHUDZIUwAAbbUc.jpg","","in","","0","0","0","https://x.com/undefined/status/1090385832127619072","943039797387337728",
"1090385769980616704","Tue Jan 29 23:06:40 +0000 2019","0","Aku juga Jokowi ya","1090385769980616704","","","in","","0","0","0","https://x.com/undefined/status/1090385769980616704","1060903566800379904",
"1090385752507076609","Tue Jan 29 23:06:36 +0000 2019","2","Tooooop Dukungan PKB kepada Paslon No Urut 01 Jokowi - K.H Ma'ruf Amin. Insya Allah Jokowi Amin Menang #CakIminMenangkanJokowi @jokowi @WawanPurwandl @kangdede78 #IbuNegaraAsyik https://t.co/Zi8YarGE7V","1090385752507076609","https://pbs.twimg.com/media/DyHUDZIUwAAbbUc.jpg","","in","","0","0","1","https://x.com/undefined/status/1090385752507076609","951299173004886016",
"1090191260449558528","Tue Jan 29 23:06:35 +0000 2019","0","@ronavioleta @jokowi Ah gak mungkin hoax itu diakan sederhana","1090385750305079296","","ronavioleta","in","","0","0","0","https://x.com/undefined/status/1090385750305079296","221404563",
"1090385740209553415","Tue Jan 29 23:06:33 +0000 2019","0","Prabowo Diminta Berkaca Sebelum Bicara Utang https://t.co/52l1e4dnaF","1090385740209553415","","","in","","0","0","0","https://x.com/undefined/status/1090385740209553415","345891935",
"1090115070284066817","Tue Jan 29 23:06:32 +0000 2019","0","@RPSMALUKU @KasanMulyono @prabowo @sandiuno Hampir bersamaan hestek dan Dhani dg hestek ini pernah pula TT. Maluku pilih Prabowo Sandi... https://t.co/sXWwjM6B4M","1090385734698074112","https://pbs.twimg.com/tweet_video_thumb/DyHUCcUU8AEz543.jpg","RPSMALUKU","in","","0","0","0","https://x.com/undefined/status/1090385734698074112","1026058447593164800",
"1090312246792642560","Tue Jan 29 23:06:29 +0000 2019","0","@republikaonline Peestasi KPK sudah terukir di jaman SBY dong..era jokowi tinggal meneruskan dan tetep terbanyak dari PDIP jago korupsi","1090385722895360001","","republikaonline","in","","0","0","0","https://x.com/undefined/status/1090385722895360001","589684666",
"1090274605724356613","Tue Jan 29 23:06:29 +0000 2019","4","@MemeTanpaHurufK @prabowo @sandiuno Ayo blejekin sampe mampuss","1090385722752684032","","MemeTanpaHurufK","in","","0","0","0","https://x.com/undefined/status/1090385722752684032","779186610",
"1090247664636092416","Tue Jan 29 23:06:26 +0000 2019","0","@CNNIDdaily @Ferdinand_Haean @prabowo @sandiuno Tepatnya: hukuman hanya dijatuhkan kpd oposisi!","1090385712258543616","","CNNIDdaily","in","","0","0","0","https://x.com/undefined/status/1090385712258543616","134705434",
"1090136812067024901","Tue Jan 29 23:06:23 +0000 2019","0","@amarghubi @vaiyo @jokowi Makan 3 ngaku 2 bayar 1 gitu maksudnya bro? Dungunya natural atau niatnya yang lucu?","1090385696756445184","","","in","","0","0","0","https://x.com/undefined/status/1090385696756445184","479373839",
"1086246005924782080","Tue Jan 29 23:06:12 +0000 2019","3","@RPSSULSEL @wijaya_ento @HaryonoAby @Rizki44874585 @vhelly74 @Angelyca_Nayoan @andaa_p @ifalcrew @Malw1ka @riani_212 @omibb @iwanthearcher @Riast10 @onettazuaoze @okewaee @Valkyreism @endang_nz @aswin_fadillah @shabahate @deasy12deasy @acoxduko @Ngebet_Kaya @Vife991 @Arlyanti2 @02Sandiaga @Danwahyudi1 @Laskar_surajaya @SusandraWardan1 @silmy_afiqa @HajrahDouboegis @IpungLombok @dherma98 @bangagoeng96 @HotPepperminTea @NoessChe @HarryRidwan_Ay @MasYudi90703440 @BasukiAyu @getcokelat @Dio_Nzee @Larry39359271 @prabowo @sandiuno @Valhalla_Asgard @wongAlas901 @endrapoer @Anggraini_4yu @Dody_Lukas___ Tetap semangat #SulselPilihPrabowoSandi #SulselPilihPrabowoSandi","1090385652258983936","","Zabaniah_","in","","0","2","0","https://x.com/undefined/status/1090385652258983936","833303895254323201",
"1090385643555803136","Tue Jan 29 23:06:10 +0000 2019","0","31 Kepala Daerah Deklarasi Dukung Jokowi Bawaslu Jateng Segera Panggil Gubernur Ganjar https://t.co/Kdd3VW3Gy0 https://t.co/tcjvBB64JT","1090385643555803136","https://pbs.twimg.com/media/DyHT9qYUwAA-Z9T.jpg","","in","","0","0","0","https://x.com/undefined/status/1090385643555803136","990590666",
"1090119085893926913","Tue Jan 29 23:06:02 +0000 2019","0","@imam_nahrawi @bulutangkisRI @jokowi Siaran rutin bulutangkis pak biar anak anak kecil mkin terdoktrin dan tertarik jadi atlet bulutangkis. Bola karena sering ada di tv mungkim tiap hari jadinya anak bnyk bgt yg mau jdi pemain bola. Terimakasih pak","1090385611209359366","","imam_nahrawi","in","","0","0","0","https://x.com/undefined/status/1090385611209359366","2343595500",
"1090122307735973889","Tue Jan 29 23:05:54 +0000 2019","0","@zaenalkase @jokowi Bangun bong lo msh di Republik Impian","1090385574735765504","","zaenalkase","in","","0","0","0","https://x.com/undefined/status/1090385574735765504","86013593",
"1090385565415948289","Tue Jan 29 23:05:51 +0000 2019","233","Mantan Menteri SBY dukung capres paslon 01 Jokowi-Ma ruf. https://t.co/yNJH17znP3","1090385565415948289","","","in","","11","13","62","https://x.com/undefined/status/1090385565415948289","84221579",
"1090380413166530560","Tue Jan 29 23:05:51 +0000 2019","2","@Dahnilanzar Sama aja lah dengan mertuanya prabowo yang utangnya lebih parah sampai Krisis ekonomi melanda. Hahahaha menantu oh menantu....MERTUA loe paling parah ekonomi hancur rupiah anjlok aktivis di culik harga harga naik.","1090385564719693824","","Dahnilanzar","in","","0","1","0","https://x.com/undefined/status/1090385564719693824","971332831602356225",
"1090385563859992576","Tue Jan 29 23:05:51 +0000 2019","0","JOKOWI YUSRIL DAN UST. BAASYIR https://t.co/CCBNonnuhp","1090385563859992576","","","in","","0","0","0","https://x.com/undefined/status/1090385563859992576","724363688979779584",
"1090385551256109061","Tue Jan 29 23:05:48 +0000 2019","0","#BeritaIslam: ADP Dipenjara Al-Ghazali akan Gabung Prabowo Terjun Kampanye https://t.co/1T8kepgNDf","1090385551256109061","","","in","","0","0","0","https://x.com/undefined/status/1090385551256109061","997968620",
"1090385511632523265","Tue Jan 29 23:05:39 +0000 2019","0","Gatot Tak Instruksikan Relawan Dukung Capres https://t.co/eBqA6A0q9B","1090385511632523265","","","in","","0","0","0","https://x.com/undefined/status/1090385511632523265","504488671",
"1090385476576575489","Tue Jan 29 23:05:30 +0000 2019","0","STRATEGI MEMENANGKAN PRABOWO SANDI RUMUS 6 (WATAK INGIN STRATEGI DIDIK OTOT OTAK MANAJEMEN/WISDOM) https://t.co/5QY0s8beG4","1090385476576575489","","","in","","0","0","0","https://x.com/undefined/status/1090385476576575489","724363688979779584",
"1090385476077346816","Tue Jan 29 23:05:30 +0000 2019","0","#IbuNegaraAsyik yg selalu hadir dimanapun pak @jokowi berada. Salut buu https://t.co/iuw3PLAKxO","1090385476077346816","https://pbs.twimg.com/media/DyHTy-wUUAAfQGD.jpg","","in","","0","0","0","https://x.com/undefined/status/1090385476077346816","1035804488009826304",
"1090385447799255041","Tue Jan 29 23:05:23 +0000 2019","1","Dukungan PKB kepada Paslon No Urut 01 Jokowi - K.H Ma'ruf Amin. Insya Allah Jokowi Amin Menang #CakIminMenangkanJokowi @jokowi @WawanPurwandl @kangdede78 #IbuNegaraAsyik https://t.co/7DH5IymQNc","1090385447799255041","https://pbs.twimg.com/media/DyHTj8oUYAAJMSI.jpg","","in","","0","0","1","https://x.com/undefined/status/1090385447799255041","951299173004886016",
"1090169702922342401","Tue Jan 29 23:05:16 +0000 2019","0","@jokowi Yeayy","1090385415331180544","","jokowi","en","","0","0","0","https://x.com/undefined/status/1090385415331180544","1090131317289738240",
"1090385405919125504","Tue Jan 29 23:05:13 +0000 2019","0","Dukungan PKB kepada Paslon No Urut 01 Jokowi - K.H Ma'ruf Amin. Insya Allah Jokowi Amin Menang #CakIminMenangkanJokowi @jokowi @WawanPurwandl @kangdede78 #IbuNegaraAsyik https://t.co/N6ARPpwn63","1090385405919125504","https://pbs.twimg.com/media/DyHTj8oUYAAJMSI.jpg","","in","","0","0","0","https://x.com/undefined/status/1090385405919125504","943039797387337728",
"1090210778710339585","Tue Jan 29 23:05:10 +0000 2019","0","@AndiArief__ Banyak jomblo juga salah Jokowi pak?","1090385391264227328","","Andiarief__","in","","0","0","0","https://x.com/undefined/status/1090385391264227328","187468036",
"1090385368019419136","Tue Jan 29 23:05:04 +0000 2019","0","Dukungan PKB kepada Paslon No Urut 01 Jokowi - K.H Ma'ruf Amin. Insya Allah Jokowi Amin Menang #CakIminMenangkanJokowi @jokowi @WawanPurwandl @kangdede78 #IbuNegaraAsyik https://t.co/sNSWRSF6C6","1090385368019419136","https://pbs.twimg.com/media/DyHTj8oUYAAJMSI.jpg","","in","","0","0","0","https://x.com/undefined/status/1090385368019419136","934096006890659840",
"1090228886166679552","Tue Jan 29 23:05:03 +0000 2019","0","@bintangku206 @CakKhum @prabowo Semoga nga kuat nga pingsan bro https://t.co/mtzgBHiMW3","1090385362130690049","https://pbs.twimg.com/media/DyHTtOqVsAAccTT.jpg","bintangku206","in","","0","0","0","https://x.com/undefined/status/1090385362130690049","139278503",
"1089915741468413952","Tue Jan 29 23:04:59 +0000 2019","0","@Dahnilanzar @fadlizon @AHMADDHANIPRAST @prabowo @sandiuno Akal mu yg tdk sehat...","1090385347580592128","","Dahnilanzar","in","","0","0","0","https://x.com/undefined/status/1090385347580592128","1086478644350865408",
"1090380413166530560","Tue Jan 29 23:04:54 +0000 2019","0","@Irfanjavanese @Dahnilanzar Terus apa yang akan di lakukan jokowi ketika 17 april akan bernasib seperti ahok ","1090385326848131073","","","in","","0","0","0","https://x.com/undefined/status/1090385326848131073","990952443964866561",
"1090385304161202176","Tue Jan 29 23:04:49 +0000 2019","0","Dukungan PKB kepada Paslon No Urut 01 Jokowi - K.H Ma'ruf Amin. Insya Allah Jokowi Amin Menang #CakIminMenangkanJokowi @jokowi @WawanPurwandl @kangdede78 #IbuNegaraAsyik https://t.co/thK64IIMF3","1090385304161202176","https://pbs.twimg.com/media/DyHTj8oUYAAJMSI.jpg","","in","","0","0","0","https://x.com/undefined/status/1090385304161202176","889413775391989760",
"1090134499999002624","Tue Jan 29 23:04:47 +0000 2019","0","@maspiyuuu @LembagaF @jokowi Iiih ternyata sdh banyak ya yg sdh dilaporkan.","1090385295906754560","","mas_piyuuu","in","","0","0","0","https://x.com/undefined/status/1090385295906754560","4813221568",
"1090375023116705792","Tue Jan 29 23:04:36 +0000 2019","2","@Fahrihamzah Bagi oposisi.pokoknya salah jokowi..","1090385249593257984","","Fahrihamzah","in","","0","1","0","https://x.com/undefined/status/1090385249593257984","774024867662487552",
"1090385207306334208","Tue Jan 29 23:04:26 +0000 2019","0","Dukungan PKB kepada Paslon No Urut 01 Jokowi - K.H Ma'ruf Amin. Insya Allah Jokowi Amin Menang #CakIminMenangkanJokowi @jokowi @WawanPurwandl @kangdede78 #IbuNegaraAsyik https://t.co/ptqoUlhrPW","1090385207306334208","https://pbs.twimg.com/media/DyHTj8oUYAAJMSI.jpg","","in","","0","0","0","https://x.com/undefined/status/1090385207306334208","956491553819607040",
"1086246005924782080","Tue Jan 29 23:04:25 +0000 2019","2","@SusandraWardan1 @RPSSULSEL @Angelyca_Nayoan @andaa_p @ifalcrew @Malw1ka @riani_212 @omibb @HaryonoAby @iwanthearcher @Riast10 @onettazuaoze @okewaee @wijaya_ento @Valkyreism @endang_nz @aswin_fadillah @shabahate @deasy12deasy @acoxduko @Ngebet_Kaya @Vife991 @Arlyanti2 @02Sandiaga @Danwahyudi1 @Laskar_surajaya @silmy_afiqa @HajrahDouboegis @IpungLombok @dherma98 @bangagoeng96 @HotPepperminTea @NoessChe @HarryRidwan_Ay @MasYudi90703440 @BasukiAyu @getcokelat @Dio_Nzee @Larry39359271 @prabowo @sandiuno @Valhalla_Asgard @Rizki44874585 @wongAlas901 @endrapoer @Anggraini_4yu @Dody_Lukas___ @fariomeda Assalamualaikum met pagi met beraktifitas kembali mba jangan lupa kopi pahit lokal tanpa gula importnya Saatnya anak bangsa bersatu dukung @prabowo @sandiuno untuk Indonesia menang Adil Makmur #SulselPilihPrabowoSandi #SulselPilihPrabowoSandi","1090385203791507456","","SusandraWardan1","in","","0","7","3","https://x.com/undefined/status/1090385203791507456","833303895254323201",
"1089884246397747201","Tue Jan 29 23:04:17 +0000 2019","0","@Ochi_Oc09 Hahahah harusnya di rhenald kasali suruh debat capres di kampus.... Itu baru benar","1090385167972093952","","Ochi_Queen09_1","in","","0","0","0","https://x.com/undefined/status/1090385167972093952","1080591149717381120",
"1090246218217775104","Tue Jan 29 23:04:11 +0000 2019","0","@King54fir @Edut28 Pekabe sdah kavling jatah 10 mentri giliran ketum nya kepingin jd ketum PSSI. Pemilu belum dah banyak tuntutan ","1090385144622374912","","","in","","0","0","0","https://x.com/undefined/status/1090385144622374912","717627618808373248",
"1090385123889954816","Tue Jan 29 23:04:06 +0000 2019","1","Karding menganggap Jokowi-Ma'ruf tetap unggul jauh dari Prabowo-Sandi. https://t.co/SsquEzaj3Y","1090385123889954816","","","in","","0","2","0","https://x.com/undefined/status/1090385123889954816","759692754985242625",
"1090385121968943104","Tue Jan 29 23:04:06 +0000 2019","2","Timses Jokowi tidak percaya penuh pada hasil survei elektabilitas. https://t.co/WdEkIUSRS3","1090385121968943104","","","in","","0","1","2","https://x.com/undefined/status/1090385121968943104","759692754985242625",
"1090379254628376576","Tue Jan 29 23:04:03 +0000 2019","1","@Jons_212 @arsul_sani @jokowi Org bodoh tp merasa pintar ya gini ni","1090385112464670722","","","in","","0","1","0","https://x.com/undefined/status/1090385112464670722","816321120",
"1090385105657315328","Tue Jan 29 23:04:02 +0000 2019","3","Semangat pagi awali harimu dengan penuh semangat dan berharap semua aktivitas yang kita jalankan hari ini diberi kelancaran olehNya serta jangan lupa ayo gunakan hak pilihmu dalam pemilu serentak 17 April 2019. 77 hari lagi loh... #ojokgolputrek #ganyoblosgakeren https://t.co/BQbpjZqni4","1090385105657315328","https://pbs.twimg.com/media/DyHTdzcUwAAQYYW.jpg","","in","","0","0","1","https://x.com/undefined/status/1090385105657315328","1089160506483462146",
"1090385101706354688","Tue Jan 29 23:04:01 +0000 2019","1","Dibalik sosok Jokowi yang optimis ada Ibu Iriana yang manis @jokowi #IbuNegaraAsyik","1090385101706354688","","","in","","0","0","0","https://x.com/undefined/status/1090385101706354688","1013008796849860608",
"1090065166777995264","Tue Jan 29 23:03:54 +0000 2019","0","@Jefri_DPS @adrian_ptra @Arie_Kriting @prabowo Saya kira @Gerindra yg mengajukan 6 orang caleg bekas koruptor sangatlah tepat itu guna menekan jumlah koruptor bertambah kalo bisa calon dpr bekas napi semua","1090385074657214464","","kokabongga","in","","0","1","0","https://x.com/undefined/status/1090385074657214464","1406383945",
"1090169702922342401","Tue Jan 29 23:03:51 +0000 2019","0","@jokowi Mbak @LN_909 Jadi ASN yha pak? Yeeea....seangkatan sama saya donk #ASNangkatan2019 ","1090385058790141958","","jokowi","in","","0","0","0","https://x.com/undefined/status/1090385058790141958","1065073316782735360",
"1090385027643387915","Tue Jan 29 23:03:43 +0000 2019","0","(Okezone | 31 Kepala Daerah Deklarasi Dukung Jokowi Bawaslu Jateng Segera Panggil ...) https://t.co/GbhKJRWVlQ #pemilu #pemilu2019","1090385027643387915","","","in","","0","0","0","https://x.com/undefined/status/1090385027643387915","968428811107819521",
"1090385013231607809","Tue Jan 29 23:03:40 +0000 2019","0","Ayo berjuag lbh keras.. Suara Prabowo di Sunbar tertinggal jauh dr suara ri ACEh. Di Aceh Mukidi cnn dpt 5% https://t.co/FRr55JSWou","1090385013231607809","","","in","","0","0","0","https://x.com/undefined/status/1090385013231607809","2570261558",
"1090212344750235648","Tue Jan 29 23:03:20 +0000 2019","0","@ellameilia @humaira979 @selphieusagi @SoundOfYogi @prabowo Yang pendukung kubu sebelah sih emg dr dulu uda sampah yaa.. Padahal didit gibran kaesang pya talenta dibidang masing2.. Mksd saya disini ada pndukung JKW yg tutup mata soal prestasi didit. Itu aja sih.","1090384932478668800","","ellameilia","in","","0","1","0","https://x.com/undefined/status/1090384932478668800","211680522",
"1090384896017616896","Tue Jan 29 23:03:12 +0000 2019","1","Ingat Pemilu Serentak 17 April 2019 #PemiluSerentak #PilpresPileg #17April2019 #Pukul07_13 #AyokeTPS #GunakanHakPilihmu #TolakGolput #TolakPolitikUang #TolakHoax #PemilihBerdaulatNegaraKuat https://t.co/gbSXiu9pE7","1090384896017616896","https://pbs.twimg.com/ext_tw_video_thumb/1090384834428456960/pu/img/OPewe97jlUj0ybWL.jpg","","in","","0","0","0","https://x.com/undefined/status/1090384896017616896","897658657424396288",
"1090384882037997568","Tue Jan 29 23:03:08 +0000 2019","5","https://t.co/naN9LHEhe9 #DarmadiDurianto #DPRRI #PDIPerjuangan #TingkatkanExport #Jokowi #PDIP","1090384882037997568","","","qme","","0","0","5","https://x.com/undefined/status/1090384882037997568","45547112",
"1090136812067024901","Tue Jan 29 23:03:02 +0000 2019","0","@Zamanimarwan1 @vaiyo @jokowi Biarkan dia senang bang hargai usahanya udah belajar hitung utang. Kasian.. ","1090384853932007425","","Zamanimarwan1","in","","0","0","0","https://x.com/undefined/status/1090384853932007425","357647633",
"1089837127339147266","Tue Jan 29 23:03:00 +0000 2019","1","@TeddyGusnaidi @_afri94 @prabowo @rockygerung kita harus pura pura jadi orang bodoh buat memahami gerombolan wowo yang bodoh","1090384844918407168","","TeddyGusnaidi","in","","0","0","0","https://x.com/undefined/status/1090384844918407168","994598362321055744",
"1090254919259500544","Tue Jan 29 23:02:54 +0000 2019","0","@valencia_amara So !!... sedemikian buruknyakah era Jokowi ini ?!","1090384819614150656","","Rosses1Black","in","","0","1","0","https://x.com/undefined/status/1090384819614150656","107291672",
"1090384813280751616","Tue Jan 29 23:02:52 +0000 2019","1","sama seperti sosok pak jokowi ibu Iriana juga sangat cocok untuk semua kalangan mulai dari kalangan anak muda sampai yang tua #IbuNegaraAsyik https://t.co/GaTCeegxsU","1090384813280751616","https://pbs.twimg.com/media/DyHS3yHUcAAIgEh.jpg","","in","","0","0","0","https://x.com/undefined/status/1090384813280751616","1080782652112662528",
"1090384803407355904","Tue Jan 29 23:02:50 +0000 2019","0","#aksikamisan Pak @jokowi @haris_azhar @mohmahfudmd @AksiKamisan","1090384803407355904","","","und","","0","0","0","https://x.com/undefined/status/1090384803407355904","569015958",
"1089152165879242752","Tue Jan 29 23:02:45 +0000 2019","1","@Angelyca_Nayoan @RPSSULSEL @zachary_ahmad @riani_212 @NoessChe @Dody_Lukas___ @AndeeYohandi @apiaw @YusufHilmi2 @ali_wardana1982 @Ahiddin2st @Wiragora02 @YudieZabuza @KhamellieaD @02pastimenang @alvinameriani @revaraihan330 @twitwar_data @Hidayat90123661 @IchaSamallo @SasiKiron0 @MujahidAlfatih1 @AhmadStyaki @zulfahmibahyar @afifahsuhadi @ahista_perdana @Franky_msl @FdinKoppee @MHadiSpdi2019 @lisa_charisma @deasy12deasy @cintahyoo @PutriJambu @_no3nk_ @batubara02 @Abysatria9 @RPSACEH @noesc @gueprabowosandi @goeshai @KangEmeel @epr2710 @wayoek @janggo_puta @Laskar_surajaya @Yoesabady2 @EHeriprayogi @Ofikkkkk @prabowo @sandiuno Ada pak ada om nti aki ya #SulselPilihPrabowoSandi #SulselPilihPrabowoSandi","1090384784071643136","","Angelyca_Nayoan","in","","0","1","0","https://x.com/undefined/status/1090384784071643136","3102114553",
"1090274605724356613","Tue Jan 29 23:02:40 +0000 2019","11","@MemeTanpaHurufK @prabowo @sandiuno Mardani aloe vera masuk gak el","1090384764282884096","","MemeTanpaHurufK","in","","0","1","2","https://x.com/undefined/status/1090384764282884096","183911341",
"1090321355386413056","Tue Jan 29 23:02:38 +0000 2019","3","@chicohakim when buzzer pusing mau ngebuzz jokowi tp udah ga ada bahan..","1090384754472411137","","chicohakim","in","","0","1","0","https://x.com/undefined/status/1090384754472411137","242776559",
"1090375023116705792","Tue Jan 29 23:02:32 +0000 2019","0","@jokopujakesuma @Fahrihamzah Bung buta ya. Anggaran habis utk apa bung jngan kaya pak prabowo 2030 NKRI bubar jokowi membangun bung. Santai dan nikmati saja oke bung.","1090384728757137408","","jokopujakesuma","in","","0","1","0","https://x.com/undefined/status/1090384728757137408","1042066463635296256",
"1090228886166679552","Tue Jan 29 23:02:30 +0000 2019","0","@bitterhammen @NicoDM_97 @bintangku206 @prabowo Latar fotomu dengan bahasamu nggak nyambung blassss....","1090384722029568000","","bitterhammen","in","","0","1","0","https://x.com/undefined/status/1090384722029568000","1071755666111352832",
"1090233260305657858","Tue Jan 29 23:02:16 +0000 2019","4","@BangPino_ @KingJava12 Sampai saat ini saya yg org awam sangat menduga org org yg tadinya mendukung Pak Prabowo sekarang membela 01 mati2 an sepertinya mereka terpaksa dan tersandera oleh suatu masalah. Sehingga mereka mengorbankan malu dan harga diri mereka...","1090384663539924992","","BangPino_","in","","0","0","0","https://x.com/undefined/status/1090384663539924992","1082629745978658816",
"1090379542332461056","Tue Jan 29 23:02:16 +0000 2019","0","@BangJoko17 @jokowi @RizmaWidiono @kangdede78 @razzmon_ @kangbaper_oh @ameliasananta @NandeGinting ibu Iriana gregetan mau benerin rambut pak Jokowi.. #IbuNegaraAsyik","1090384662910791682","","bangbuyy","in","","0","0","1","https://x.com/undefined/status/1090384662910791682","1071473354576543744",
"1090384631835242496","Tue Jan 29 23:02:09 +0000 2019","0","Gamasuk program kerja capres ya: )","1090384631835242496","","","in","","0","0","0","https://x.com/undefined/status/1090384631835242496","366029677",
"1090384625883475968","Tue Jan 29 23:02:07 +0000 2019","0","Perusahaan Kertas Prabowo Juga Punya Utang Luar Negeri https://t.co/W09Ufl0AkI https://t.co/q3TceypttB","1090384625883475968","https://pbs.twimg.com/media/DyHTCdTU8AAoiQp.jpg","","in","","0","0","2","https://x.com/undefined/status/1090384625883475968","528590547",
"1090384621299265536","Tue Jan 29 23:02:06 +0000 2019","0","Jelang Pemilu 2019 Dandim 0204/DS Ingatkan Sejumlah Larangan Kepada Jajaran https://t.co/SLjZ3z9Lej https://t.co/ocfPIdGPAv","1090384621299265536","https://pbs.twimg.com/media/DyHTCMIUwAA3Iwx.jpg","","in","","0","0","0","https://x.com/undefined/status/1090384621299265536","150598107",
"1090375023116705792","Tue Jan 29 23:02:01 +0000 2019","0","@Fahrihamzah Thanks to pak jokowi infrastructure desa bagus jalan sampai kesawah sanggar tani dibangun pengairan bwrfungsi full tanpa kendala https://t.co/n09p8XVBzo","1090384600113721344","https://pbs.twimg.com/media/DyHTARFU8AAV4j8.jpg","Fahrihamzah","in","","0","0","0","https://x.com/undefined/status/1090384600113721344","139278503",
"1090384556731985921","Tue Jan 29 23:01:51 +0000 2019","0","Pasangan Jokowi-Ma'ruf Amin sudah mewakili kebutuhan untuk menjadikan bangsa lebih baik dan bermartabat. #2019JokowiKyaiMaruf #JokowiBekerjaTanpaLelah #tnimarathon2018 #tniinternationalmarathon2018 https://t.co/rAefwQSaxF #2019JokowiKyaiMaruf","1090384556731985921","","","in","","0","0","0","https://x.com/undefined/status/1090384556731985921","1033733483179331584",
"1090192575074430976","Tue Jan 29 23:01:43 +0000 2019","1","@estananto saya kagum dengan kesabaran petani2 kita yg saat sedang musim panen pemerintahan Jokowi malah impor bahan pangan besar2an dan akhirnya panen mereka tidak laku. Kesabaran mereka luar biasa. Gak bikin kudeta macam2 tapi sabar sampai #2019PrabowoPresiden #AhmadDhaniKorbanRezim","1090384524695851008","","estananto","in","","0","1","1","https://x.com/undefined/status/1090384524695851008","864278025541566465",
"1090384519515955200","Tue Jan 29 23:01:42 +0000 2019","0","Beruntung sekali bapak @jokowi memiliki istri yg luar biasa dan selalu mendukung #IbuNegaraAsyik https://t.co/7qYFMT1alm","1090384519515955200","https://pbs.twimg.com/media/DyHS7CjUYAA6-IM.jpg","","in","","0","0","0","https://x.com/undefined/status/1090384519515955200","1013008796849860608",
"1090384515900485633","Tue Jan 29 23:01:41 +0000 2019","0","@null Survei Selalu di Bawah Jokowi Gerindra Optimis Prabowo Menang Pilpres Ia mengkl https://t.co/BsGT10EVKH","1090384515900485633","","null","in","","0","0","0","https://x.com/undefined/status/1090384515900485633","940602434",
"1090267348013965312","Tue Jan 29 23:01:32 +0000 2019","0","@helmifelis Setelah Prabowo-Sandi dilantik segera tito diganti karena dia menjadi tsk di kpk!","1090384478080397312","","HelmiFelis_","in","","0","0","0","https://x.com/undefined/status/1090384478080397312","134705434",
"1089837127339147266","Tue Jan 29 23:01:28 +0000 2019","12","@TeddyGusnaidi @prabowo @rockygerung 1. Nyari photoku apalagi....wajah saja agak males dipamer2in. 2. Jangan...nggak bakal kuat Iman.","1090384461458374656","","TeddyGusnaidi","in","","0","0","1","https://x.com/undefined/status/1090384461458374656","497615025",
"1090221774107684864","Tue Jan 29 23:01:23 +0000 2019","0","@jokowi salah langkah pak? harus nya mahmud ya pak :-) tapi syng .... nurut ibu :-) ... ya wis ... monggo ....","1090384440738557954","","jokowi","in","","0","0","0","https://x.com/undefined/status/1090384440738557954","2310114253",
"1090221774107684864","Tue Jan 29 23:01:16 +0000 2019","0","@jokowi @PDI_Perjuangan Kuatkan barisan NKRI harga mati","1090384411609096192","","jokowi","in","","0","0","0","https://x.com/undefined/status/1090384411609096192","111554249",
"1090384397491040256","Tue Jan 29 23:01:13 +0000 2019","0","Kedaulatan itu Penting. Supaya negara Asing tidak berani untuk membuat Propaganda di Indonesia. Kalau pun ada. Ya tanya JOKOWI ","1090384397491040256","","","in","","0","0","0","https://x.com/undefined/status/1090384397491040256","62693819",
"1090384367371911168","Tue Jan 29 23:01:06 +0000 2019","0","I liked a @YouTube video https://t.co/8OlauVfIMG BLAK-BLAKAN! Rocky Gerung Jelaskan Motif Politik Presiden Jokowi Soal Pembebasan","1090384367371911168","","","in","","0","0","0","https://x.com/undefined/status/1090384367371911168","113503718",
"1090381980171030529","Tue Jan 29 23:01:01 +0000 2019","0","@ridlwandjogja mas ridwan inj buzzer jokowi apa buzzernya hashim?","1090384349738876928","","ridlwandjogja","in","","0","0","0","https://x.com/undefined/status/1090384349738876928","242776559",
"1090384302242590720","Tue Jan 29 23:00:50 +0000 2019","5","#PopulerB1 2: Puskaptis: Prabowo-Sandi Kuasai 4 Provinsi di Jawa https://t.co/mA3tgC6LY8","1090384302242590720","","","in","","0","4","0","https://x.com/undefined/status/1090384302242590720","154102750",
"1090197651620950016","Tue Jan 29 23:00:49 +0000 2019","0","@iwanfals Jomblo Memang Berat Biar @prabowo aja","1090384296701902848","","iwanfals","in","","0","0","0","https://x.com/undefined/status/1090384296701902848","993114371692769280",
"1090384283196375041","Tue Jan 29 23:00:46 +0000 2019","0","Tim Sukses Jokowi Minta Kubu Prabowo Berhenti Mainkan Isu Utang https://t.co/8uDIUOMhZO","1090384283196375041","","","in","","0","0","0","https://x.com/undefined/status/1090384283196375041","4393472592",
"1090384277051564032","Tue Jan 29 23:00:44 +0000 2019","5","#PopulerB1 3: Hadiri Rapim TNI-Polri Gatot Duduk Sebaris dengan Jokowi https://t.co/zDBixMkNDA","1090384277051564032","","","in","","0","1","1","https://x.com/undefined/status/1090384277051564032","154102750",
"1090169702922342401","Tue Jan 29 23:00:44 +0000 2019","0","@jokowi :-) action pak :-)","1090384275243847680","","jokowi","en","","0","0","0","https://x.com/undefined/status/1090384275243847680","2310114253",
"1090384251885768704","Tue Jan 29 23:00:38 +0000 2019","0","#PopulerB1 4: Puskaptis: Selisih Elektabilitas Jokowi dan Prabowo Makin Tipis https://t.co/7FQmR1y7Bz","1090384251885768704","","","in","","0","2","0","https://x.com/undefined/status/1090384251885768704","154102750",
"1090369053074452480","Tue Jan 29 23:00:33 +0000 2019","0","@emerson_yuntho @prabowo Xixixi","1090384230620647424","","emerson_yuntho","in","","0","0","0","https://x.com/undefined/status/1090384230620647424","87377455",
"1090384226677977088","Tue Jan 29 23:00:32 +0000 2019","1","#PopulerB1 5: Dedi Mulyadi Harap Duet Yusril-BTP di Bangka-Belitung Menangkan Jokowi-Ma'ruf https://t.co/F54jnDyLJm","1090384226677977088","","","in","","0","0","0","https://x.com/undefined/status/1090384226677977088","154102750",
"1090377409021435905","Tue Jan 29 23:00:31 +0000 2019","0","@TjahjantoHadi @jokowi Keren","1090384220025847808","","TjahjantoHadi","hu","","0","0","0","https://x.com/undefined/status/1090384220025847808","1075785477133885440",
"1090384214954921985","Tue Jan 29 23:00:29 +0000 2019","0","Hei Presiden Plongohhh @jokowi 2019 Pulang ke Cina ya.. sorry . Rakyat gak butuh boneka Cino Ireng kek loe","1090384214954921985","","","in","","0","0","0","https://x.com/undefined/status/1090384214954921985","210670052",
"1090089951356538880","Tue Jan 29 23:00:26 +0000 2019","0","@jokowi action .....","1090384200937533440","","jokowi","en","","0","0","0","https://x.com/undefined/status/1090384200937533440","2310114253",
"1090384197775253504","Tue Jan 29 23:00:25 +0000 2019","0","Sobatku https://t.co/pJ8h8excKp #indonesia #kalimantan #medan #sumatera #jakarta #jokowi #prabowo #Jokowi2Periode #2019gantipresiden #Singapore #malaysia #surabaya #bandung #France #spain #thailand #italy #russia #England #mexico #canada #brazil #argentine #Slovakia","1090384197775253504","","","in","","0","0","0","https://x.com/undefined/status/1090384197775253504","1223440249",
"1090383595980521473","Tue Jan 29 23:00:16 +0000 2019","0","@MbahUyok Hasilnya Dana BPJS dibuat amburadul oleh jokowi","1090384160479338498","","MbahUyok","in","","0","0","0","https://x.com/undefined/status/1090384160479338498","988252217328132096",
"1090384100270104577","Tue Jan 29 23:00:02 +0000 2019","0","#IbuNegaraAsyik @jokowi https://t.co/Me5lIu7Fy6","1090384100270104577","https://pbs.twimg.com/media/DyHSiu7UYAIgYAk.jpg","","qme","","0","0","0","https://x.com/undefined/status/1090384100270104577","1013008796849860608",
"1090384098777067521","Tue Jan 29 23:00:02 +0000 2019","0","Jokowi Kumpulkan Para Jenderal di Istana Minta Dukungan? - Warta Ekonomi https://t.co/MyR9e8aiAS","1090384098777067521","","","in","","0","0","0","https://x.com/undefined/status/1090384098777067521","30617522",
"1090384091583672320","Tue Jan 29 23:00:00 +0000 2019","0","TKN Fokus Garap Dukungan Jokowi-Ma'ruf di Sumbar dan Riau https://t.co/KBtlqkq260","1090384091583672320","","","in","","0","0","0","https://x.com/undefined/status/1090384091583672320","543264218",
"1090252467034501120","Tue Jan 29 22:59:53 +0000 2019","1","@harysantana @AHMADDHANIPRAST @prabowo @sandiuno @nurasiauno @Dahnilanzar @RamliRizal @fadlizon 17 April 2019 Mukidi gulung tikar. #WesWayaheMOLE #AhmadDhaniKorbanRezim #AhmadDhaniKorbanRezim #AhmadDhaniKorbanRezim #SaveAhmadDhani #SaveAhmadDhani #SaveAhmadDhani #SaveAhmadDhani","1090384061514706944","","harysantana","in","","0","0","0","https://x.com/undefined/status/1090384061514706944","74747647",
"1089831599619727361","Tue Jan 29 22:59:51 +0000 2019","2","@FaldoMaldini sayang sebetulnya anak2 muda kaya faldo untuk meraih sesuatu harus melakukan hal yg ga perlu seperti kebohongan diatas klo bisa jangan lah kau tiru atasanmu prabowo dan sandi yg selalu bikin sandiwara sayang ilmu dan kepintaranmu do jadi diri sendiri itu lebih keren","1090384054610882560","","FaldoMaldini","in","","0","0","0","https://x.com/undefined/status/1090384054610882560","994598362321055744",
"1089835309062283264","Tue Jan 29 22:59:41 +0000 2019","0","@jayapuraupdate @lukman_anshory @hdverry @purwo82092883 @jokowi Ko bicara banyak ada yang mau datang bangun Papua malah ko pertanyakan Ko nih anak Papua ka bukan???","1090384012558794752","","jayapuraupdate","in","","0","1","0","https://x.com/undefined/status/1090384012558794752","951459964437938176",
"1090384009358540800","Tue Jan 29 22:59:40 +0000 2019","1","Orang baik harus didukung orang pintar pilih Jokowi Amin @zuhairimisrawi @KandaliLubis https://t.co/7LosNqv64d","1090384009358540800","https://pbs.twimg.com/media/DyHSeIOU8AEcucB.jpg","","in","","0","1","1","https://x.com/undefined/status/1090384009358540800","162270980",
"1090089951356538880","Tue Jan 29 22:59:37 +0000 2019","0","@FirmanFahmie @jokowi Ini namanya orang sirik. 73 THN merdeka kok gak di urus??? Urus saja urusan mu Krn kementarmu menyakiti hati orang lain... Sirik dipiara... Belajar lagi kau agar bisa menghargai hasil kerja orang ...","1090383996549136384","","FirmanFahmie","in","","0","0","0","https://x.com/undefined/status/1090383996549136384","1029982622976364546",
"1090379254628376576","Tue Jan 29 22:59:31 +0000 2019","0","@arsul_sani @jokowi lha mmg strateginya gtu apa sj diseret ke situ. apa sj.","1090383971995799552","","arsul_sani","in","","0","0","0","https://x.com/undefined/status/1090383971995799552","104378543",
"1090383958745837568","Tue Jan 29 22:59:28 +0000 2019","0","https://t.co/jwyaCvOCGw Msh anak SD sdh dihukum push up yg ada malah takut pak ga mau sekolah lagi..Knp ga panggil ortunya kesekolah? Kepseknya perlu diberi hukuman nih pak.. @Kemdikbud_RI @muhadjir_ef @jokowi","1090383958745837568","","","in","","0","0","0","https://x.com/undefined/status/1090383958745837568","85835402",
"1090383951850434560","Tue Jan 29 22:59:27 +0000 2019","0","Berubah Keras Jokowi Dicap Otoriter https://t.co/ocbmTYZF1G","1090383951850434560","","","in","","0","0","0","https://x.com/undefined/status/1090383951850434560","229363411",
"1090377184089276416","Tue Jan 29 22:59:10 +0000 2019","0","@triwul82 Biar saja jokowi mbah anggap raja impor masih ada gunanya untuk rakyat Ketimbang mbah JADI RAJA NYINYIRRRRR Eling mbah wis sepuh jangan banyak mikir yg tidak baik nanti setruk Segrobak saja bahaya apa lagi setruk","1090383883697238018","","triwul82","in","","0","1","0","https://x.com/undefined/status/1090383883697238018","797358583155298304",
"1090383876189433857","Tue Jan 29 22:59:09 +0000 2019","0","Membandingkan Jokowi Dan Prabowo sama saja membandingkan Sri Mulyani dengan Rizal Ramli. Prabowo Dan Rizal Ramli tidak Ada rekam jejak dan prestasi selain penebar hoax.","1090383876189433857","","","in","","0","0","0","https://x.com/undefined/status/1090383876189433857","85390931",
"1090172226861654017","Tue Jan 29 22:59:08 +0000 2019","0","@Dennysiregar7 @jokowi Dungu yaaa https://t.co/Km9LBTvnCt","1090383872481607680","https://pbs.twimg.com/media/DyHSWhIUwAAxKmP.jpg","","in","","0","0","0","https://x.com/undefined/status/1090383872481607680","800027074282950658",
"1090383865191923712","Tue Jan 29 22:59:06 +0000 2019","1","Jokowi ingin TNI dan Polri fokus menjaga keamanan di Pilpres. https://t.co/1eIptWH0FI","1090383865191923712","","","in","","0","1","0","https://x.com/undefined/status/1090383865191923712","759692754985242625",
"1090383855519858688","Tue Jan 29 22:59:04 +0000 2019","0","Di Rezim @jokowi Reformasi di rubah jadi Rem pol aksi ato #Rempolaksi... Artinya akan membungkam lawan politik yg kritis sbagai tahanan...","1090383855519858688","","","in","","0","0","0","https://x.com/undefined/status/1090383855519858688","988252217328132096",
"1090372662927466497","Tue Jan 29 22:58:59 +0000 2019","0","@maspiyuuu @prabowo @sandiuno Yubs...!! Harusnya gitu.!! Kalo gk kuat dikritik jgn jadi pemimpin. UU ITE adalah benteng penguasa dikala mendapat sentilan dari rakyat yg notabene pemilik sah negeri ini. Kebebasan mengutarakan pendapat kian terbelenggu dgn Uu ITE ini.","1090383835991175169","","mas_piyuuu","in","","0","0","0","https://x.com/undefined/status/1090383835991175169","906582836500619264",
"1090383821546020865","Tue Jan 29 22:58:56 +0000 2019","5","dari semua wawancara pak @jokowi dan ibu iriana saya paling suka yg ini apa adanya gak dibuat2 #IbuNegaraAsyik https://t.co/FLxYrS4pnB","1090383821546020865","https://pbs.twimg.com/ext_tw_video_thumb/1090383762280468480/pu/img/dEzlXcuCf2Rkpwdh.jpg","","in","","0","1","2","https://x.com/undefined/status/1090383821546020865","105973371",
"1090274605724356613","Tue Jan 29 22:58:52 +0000 2019","0","@MemeTanpaHurufK @RizmaWidiono @prabowo @sandiuno Bongkar aja dah nanggung.","1090383806152855552","","MemeTanpaHurufK","in","","0","0","0","https://x.com/undefined/status/1090383806152855552","70922312",
"1090382603096444928","Tue Jan 29 22:58:51 +0000 2019","0","@VIVAcoid LUDAHI JOKOWI","1090383802570989568","","VIVAcoid","in","","0","0","0","https://x.com/undefined/status/1090383802570989568","210670052",
"1090367097249525760","Tue Jan 29 22:58:43 +0000 2019","0","@emerson_yuntho @prabowo Hahaha...","1090383767997374464","","emerson_yuntho","tl","","0","0","0","https://x.com/undefined/status/1090383767997374464","87377455",
"1090246945229045760","Tue Jan 29 22:58:17 +0000 2019","0","@Yess_Jkw2019_ Kadang saking senengnya tidak cuma meneteskan air mata tapi menangis gero2 kayak ibu2 yang ketemu pak Jokowi itu. Hehehe Bagiku air mata terlalu mahal untuk diteteskan buat si dani yg sering menusuk perasaan orang.","1090383661336129536","","","in","","0","0","0","https://x.com/undefined/status/1090383661336129536","944164814615494656",
"1089837127339147266","Tue Jan 29 22:58:11 +0000 2019","0","@TeddyGusnaidi @prabowo @rockygerung #2019PrabowoPresidenRI","1090383636417769472","","TeddyGusnaidi","qme","","0","1","0","https://x.com/undefined/status/1090383636417769472","1006586391893950464",
"1090046261082767361","Tue Jan 29 22:58:06 +0000 2019","0","@PBB2019 Tenggelamkan Sekian kali ikut pemilu tdk lolos senayan Kalu ini kelihatannya juga tdk akn lolos lagi","1090383614070513665","","OfficialDPP_PBB","in","","0","0","0","https://x.com/undefined/status/1090383614070513665","1002568703387422720",
"1090221774107684864","Tue Jan 29 22:58:03 +0000 2019","2","@SuryaLubis77 @jokowi Pendapat bang haji pst akan ada yg mmbenarkan tp pst akan ada yg mnyalahkan pula. #savepejuangagama #savepejuangpolitik #savepejuangdemokrasi #savepejuangNKRI","1090383600715886592","","SuryaLubis77","in","","0","0","0","https://x.com/undefined/status/1090383600715886592","1087398850518691840",
"1090383586992128001","Tue Jan 29 22:58:00 +0000 2019","0","ada pengalihan isu seperatinya biar lupa ya allah buru2 kelar dah ni pemilu banyak setan yang nebarin racun kalau gini gak usah sampai 2035 #saveINDONESIARAYA","1090383586992128001","","","in","","0","0","0","https://x.com/undefined/status/1090383586992128001","176622407",
"1090383562967150592","Tue Jan 29 22:57:54 +0000 2019","0","Sinergitas TNI Polri wujudkan pemilu serentak tahun 2019 aman damai dan sejuk di kota Bontang https://t.co/Bi1eaSZns7","1090383562967150592","https://pbs.twimg.com/media/DyHSDV1VYAErfCY.jpg","","in","","0","0","0","https://x.com/undefined/status/1090383562967150592","898360064590860288",
"1090383559171293185","Tue Jan 29 22:57:53 +0000 2019","0","Pengamat Asing: Jokowi Berubah Menjadi Otoriter https://t.co/qHllrf1zUE","1090383559171293185","","","in","","0","0","0","https://x.com/undefined/status/1090383559171293185","229363411",
"1090210778710339585","Tue Jan 29 22:57:44 +0000 2019","0","@AndiArief__ @Ferdinand_Haean Sya heran pak @SBYudhoyono kok ada ya kader bapak yang Goblok nya ngk ketulungan macam @AndiArief__ ini?? Apa salahnya coba @jokowi dilibatkan dengan dipenjara nya @AHMADDHANIPRAST . Memangnya @jokowi itu yng buat UU??","1090383520843784194","","Andiarief__","in","","1","0","0","https://x.com/undefined/status/1090383520843784194","971332831602356225",
"1090379254628376576","Tue Jan 29 22:57:41 +0000 2019","0","@arsul_sani @jokowi Kadang nalar @fadlizon sbg wakil Anggota DPR itu tidak dipakai atau jangan2 gak ada nalar sehingga seolah-olah pemerintah sekarang adalah monster dipikirannya.","1090383508390871040","","arsul_sani","in","","0","0","0","https://x.com/undefined/status/1090383508390871040","1415835367",
"1090383470633734145","Tue Jan 29 22:57:32 +0000 2019","0","trending topic kalau pagi begini terpantau masih seputar bola coba agak siang pasti tagar dari kedua capres yg nongol pengen cepet2 18 april rasanya","1090383470633734145","","","in","","0","0","0","https://x.com/undefined/status/1090383470633734145","232034898",
"1090274605724356613","Tue Jan 29 22:57:30 +0000 2019","0","@MemeTanpaHurufK @prabowo @sandiuno Buser tai lah!!!","1090383460835909632","","MemeTanpaHurufK","in","","0","0","0","https://x.com/undefined/status/1090383460835909632","101291609",
"1090122307735973889","Tue Jan 29 22:57:19 +0000 2019","0","@zaenalkase @jokowi Great idea.","1090383415499804672","","zaenalkase","en","","0","0","0","https://x.com/undefined/status/1090383415499804672","122186558",
"1089915741468413952","Tue Jan 29 22:57:14 +0000 2019","0","@Dahnilanzar @AHMADDHANIPRAST @fadlizon @prabowo @sandiuno Nunggu giliran ente berkemah di cipinang yaa..sadarilahh sejauh ini anda adalah koruptor temporary","1090383393706012673","","Dahnilanzar","in","","0","0","0","https://x.com/undefined/status/1090383393706012673","176003622",
"1090221774107684864","Tue Jan 29 22:57:11 +0000 2019","1","@jokowi Menjelang pemilu ya pak segala cara tapi denger2 kebanyakan mereka tetep ga suka bapak sih ...","1090383384684093441","","jokowi","in","","0","0","0","https://x.com/undefined/status/1090383384684093441","197777238",
"1089938762488922112","Tue Jan 29 22:57:06 +0000 2019","0","@AchieManroe @Dennysiregar7 @jokowi Butuh ruqiyah mungkin kampret2 itu Pokoknya aku sk dani masuk hotel bintang 5","1090383364069052416","","AchieManroe","in","","0","0","0","https://x.com/undefined/status/1090383364069052416","942992385016864768",
"1090383329969332224","Tue Jan 29 22:56:58 +0000 2019","0"," Pemilu Era Big Data - https://t.co/5roQlbQw8I https://t.co/AMNIriazGy","1090383329969332224","https://pbs.twimg.com/media/DZ1oP_sVoAAwzlc.jpg","","in","","0","0","0","https://x.com/undefined/status/1090383329969332224","4597954936",
"1089835309062283264","Tue Jan 29 22:56:57 +0000 2019","0","@Thedhan11 @purwo82092883 @jokowi Mangkrak sejak 2012 dan baru dikerjakan baru ini Sayang kalau dibiarkan","1090383323057147904","","Thedhan11","in","","0","0","0","https://x.com/undefined/status/1090383323057147904","951459964437938176",
"1090166839512973312","Tue Jan 29 22:56:55 +0000 2019","1","@CakKhum Saya dan keluarga juga confirmed gak pilih pbb di pemilu depan..","1090383314895003648","","suaragagap","in","","0","0","0","https://x.com/undefined/status/1090383314895003648","4472452752",
"1090383273212010496","Tue Jan 29 22:56:45 +0000 2019","0","#IbuNegaraAsyik Kagumi Sosok Ibu Negara Astrid Tiar Sebut Sinar Mata Iriana Jokowi Memancarkan Kedamaian https://t.co/0TlZ4foSfH","1090383273212010496","","","in","","0","0","0","https://x.com/undefined/status/1090383273212010496","1027584500",
"1090185718289186816","Tue Jan 29 22:56:40 +0000 2019","0","@mediaindonesia Media katrok ga ngaruh jokowi mo puny cucu ga pengaruh sama ekonomi masy harga2 tinggi tol mahal. Pengaruh tuh punya cucu kerja.. Kerja.. Kerja..","1090383252508954629","","mediaindonesia","in","","0","0","0","https://x.com/undefined/status/1090383252508954629","86013593",
"1090041723248504832","Tue Jan 29 22:56:19 +0000 2019","0","@fadlizon Jokowi - Makruf... ini adalah simbol kami untuk kubu nomor 1 sebelum pengambilan nomor urut pemilu meant LANJUTKAN!!! Inshallah #2019JokowiPresidenRI lagi https://t.co/I5cRnfDDjF","1090383165472960513","https://pbs.twimg.com/media/DyHRtJJV4AAU2bd.jpg","fadlizon","in","","0","0","0","https://x.com/undefined/status/1090383165472960513","221003870",
"1089141800051212288","Tue Jan 29 22:56:13 +0000 2019","1","@eae18 @hardwind21 @ganjarpranowo @jokowi Cie....cie....palsu yeeeee","1090383140919504896","","effendi____","lv","","0","0","0","https://x.com/undefined/status/1090383140919504896","469004809",
"1090383115824971776","Tue Jan 29 22:56:07 +0000 2019","0","Menantu pak Jokowi pemain game ML? Cek ID ML nya disini https://t.co/h1zZnPou3n","1090383115824971776","","","in","","0","0","1","https://x.com/undefined/status/1090383115824971776","538854927",
"1090228886166679552","Tue Jan 29 22:55:57 +0000 2019","0","@bintangku206 @fadlizon @prabowo Yang kanan omaigad dilihat dari sudut manapun nggak ada indahnya wkwk","1090383071801536512","","bintangku206","in","","0","1","0","https://x.com/undefined/status/1090383071801536512","197777238",
"1090383070874677248","Tue Jan 29 22:55:57 +0000 2019","0","aduuuh ibu Iriana perhatian sekali dengan pak Jokowi dalam hal sekecil apapun sosok idola bangeeet #IbuNegaraAsyik https://t.co/oF1idAVBga","1090383070874677248","https://pbs.twimg.com/media/DyHRdb8UYAEBXH0.jpg","","in","","0","0","0","https://x.com/undefined/status/1090383070874677248","1080782652112662528",
"1090137941165232128","Tue Jan 29 22:55:49 +0000 2019","0","@TeddyGusnaidi @rockygerung @prabowo ia mas orang stres emang ngaco","1090383038515576832","","TeddyGusnaidi","in","","0","0","0","https://x.com/undefined/status/1090383038515576832","885128124475691012",
"1090228886166679552","Tue Jan 29 22:55:45 +0000 2019","0","@bintangku206 @ndoro__Putri @prabowo Orang jelek ngapain dipilih. Jelas Al donk yg saya pilih. Udh ganteng jago bermusik.","1090383021427965953","","bintangku206","in","","0","0","0","https://x.com/undefined/status/1090383021427965953","236004490",
"1090091294553063424","Tue Jan 29 22:55:44 +0000 2019","2","@IBLIS_SERAYU @Teguh__007 @TopToross @zarazettirazr @kiwalipitu @wongAlas901 @bengkeldodo @Winihasih @MbahMangir @HPurwanto231 @Hansip__TL @GEDANGGODOG4 @jokowi @SBYudhoyono @prabowo @sandiuno @RanupsProSandi @swulll @hincapandjaitan @BennyHarmanID #2019PrabowoPresidenRI #AhmadDhaniKorbanRezim #AhmadDhaniDiKriminalisasi #SaveAhmadDhani","1090383017229438976","","CARUBE_POL","qme","","0","1","1","https://x.com/undefined/status/1090383017229438976","1006586391893950464",
"1090383015228960768","Tue Jan 29 22:55:43 +0000 2019","0","Galang Dukungan Joko Widodo Ma ruf Amin Komunitas Sahabat Jokowi Segera Dideklarasikan Di Malang Raya https://t.co/407LJgc3qy #kilasbangsa","1090383015228960768","","","in","","0","0","0","https://x.com/undefined/status/1090383015228960768","2671958161",
"1090382186878971904","Tue Jan 29 22:55:34 +0000 2019","1","@RPSSULSEL @sandiuno @prabowo @Gerindra Jelas nasabnya #PrabowoIndonesiaMenang","1090382976146300928","","Zabaniah_","in","","0","1","0","https://x.com/undefined/status/1090382976146300928","243207991",
"1090379254628376576","Tue Jan 29 22:55:30 +0000 2019","0","@arsul_sani @jokowi Memang tujuan mereka itu Pak..","1090382958244941824","","arsul_sani","in","","0","0","0","https://x.com/undefined/status/1090382958244941824","1070967091",
