"conversation_id_str","created_at","favorite_count","full_text","id_str","image_url","in_reply_to_screen_name","lang","location","quote_count","reply_count","retweet_count","tweet_url","user_id_str","username"
"1082426653412753408","Mon Jan 07 23:59:59 +0000 2019","5","Ngapain milih capres yang suka hoax #UdahNurhadiAja","1082426653412753408","","","in","","0","0","9","https://x.com/undefined/status/1082426653412753408","878121098075791361",
"1082224910787727367","Mon Jan 07 23:59:59 +0000 2019","0","@EpraBejoe @AgusSul49471440 @ILCtv1 @karniilyas @KPU_ID @jokowi @prabowo @MarufAminNU @sandiuno Masa akun dinas di pakai pribadi ya kita hargai tni au spy tidak terseret institusinya. 65 akan terulang ingat oemardani?","1082426652775206912","","","in","","0","0","0","https://x.com/undefined/status/1082426652775206912","819027163277971456",
"1082426630113583105","Mon Jan 07 23:59:53 +0000 2019","0","Tim Kampanye Daerah Targetkan Jokowi-Ma ruf Mampu Keruk Suara 80 Persen di Kampungnya Jokowi https://t.co/ijXjSbiEZs https://t.co/GnnTRumTuo","1082426630113583105","https://pbs.twimg.com/media/DwWNSJUXcAE89tl.jpg","","in","","0","0","0","https://x.com/undefined/status/1082426630113583105","1066779906086850563",
"1082245764456349696","Mon Jan 07 23:59:45 +0000 2019","1","@joxzin_jogja @prabowo @KPU_ID @kangdede78 Kasian wowo...uda uzur..diajak debat ntr jantungan kn panitia yg repot","1082426596085002241","","joxzin_jogja","in","","0","1","0","https://x.com/undefined/status/1082426596085002241","1062451324233469952",
"1082224910787727367","Mon Jan 07 23:59:37 +0000 2019","0","@ILCtv1 @karniilyas @KPU_ID @jokowi @prabowo @MarufAminNU @sandiuno Trims....manttaapp","1082426561880453120","","ILCTalkshow","et","","0","0","0","https://x.com/undefined/status/1082426561880453120","2833313587",
"1082426537238966272","Mon Jan 07 23:59:32 +0000 2019","0","Eh tapi nyakalau disuruh dialog dua arah biasanya Prabowo akan selalu membuat blunder apalagi orangnya emosional. Duh #PrabowoTakutDebat","1082426539709349888","","jasminespeedy90","in","","0","0","0","https://x.com/undefined/status/1082426539709349888","1070973416109305856",
"1082426537238966272","Mon Jan 07 23:59:31 +0000 2019","0","Penyampaian visi misi itu engga terlalu penting. Karena masyarakat bisa membaca. Cuma ya kita tahulah kalau soal pidato itu Prabowo memang hobi sekali. #PrabowoTakutDebat","1082426538455257089","","jasminespeedy90","in","","0","1","0","https://x.com/undefined/status/1082426538455257089","1070973416109305856",
"1082426537238966272","Mon Jan 07 23:59:31 +0000 2019","0","Menurut @AryaSinulingga tim Prabowo itu engga mau ada debat. Maunya cuma pemaparan visi misi alias pidato searah #PrabowoTakutDebat","1082426537238966272","","","in","","0","1","0","https://x.com/undefined/status/1082426537238966272","1070973416109305856",
"1082312683976708099","Mon Jan 07 23:59:29 +0000 2019","3","@Aryprasetyo85 @FaGtng @AndiArief__ @prabowo @sandiuno @enylove2 @AlvinoLulu Antisipasi alasan kekalahan sebelum pilpres dan sesudah pilpres adalah kecurangan pada surat suara. Terbaca sekali pergerakan kubu mereka","1082426526174330880","","Aryprasetyo85","in","","0","0","1","https://x.com/undefined/status/1082426526174330880","1056109746976055296",
"1082350940173127680","Mon Jan 07 23:59:28 +0000 2019","1","@RestyCayah @KPU_ID Lah kl memang kapasitas nda mumpuni ngapain maju menjadi Capres kl nggak mau malu ya mesti tau diri atas ketidak mampuan untuk menjadi Presiden RI.ini negara besar bung bukan Negara2an....sampai sini paham kemampuan si Mukidi...","1082426524001693697","","RestyCayah","in","","0","0","0","https://x.com/undefined/status/1082426524001693697","167214958",
"1082426511347437568","Mon Jan 07 23:59:25 +0000 2019","0","Selama Masuk Dalam Gerbong Cinaisasi Indonesia Semua Bebas Mereka Lakukan. Semua Orang Tahu Jokowi Pelaksana CINAISASI INDONESIA.","1082426511347437568","","","in","","0","0","0","https://x.com/undefined/status/1082426511347437568","1081076650744242176",
"1082426491546157056","Mon Jan 07 23:59:20 +0000 2019","0","@prabowo sangat teruji https://t.co/ojy4uC6wtO","1082426491546157056","https://pbs.twimg.com/ext_tw_video_thumb/1082426380313350144/pu/img/IfZOMa-rrcwFC_0v.jpg","prabowo","in","","0","0","0","https://x.com/undefined/status/1082426491546157056","2419112178",
"1082415313679835136","Mon Jan 07 23:59:17 +0000 2019","0","@RustamIbrahim @jokowi Dukung pakde debat tanpa contekan ya mbah.....","1082426479915352064","","RustamIbrahim","in","","0","1","0","https://x.com/undefined/status/1082426479915352064","182230600",
"1082341169550389249","Mon Jan 07 23:59:17 +0000 2019","0","@ChikaNindy @jokowi Kocak jg tuh mahluk.","1082426478300549120","","CindyBexter","in","","0","0","0","https://x.com/undefined/status/1082426478300549120","1037485901939585026",
"1082426475951710208","Mon Jan 07 23:59:17 +0000 2019","4","Ngapain milih capres yg suka marah2 #UdahNurhadiAja","1082426475951710208","","","in","","0","0","9","https://x.com/undefined/status/1082426475951710208","878121098075791361",
"1081743177181061120","Mon Jan 07 23:59:14 +0000 2019","0","@ramdaniy7 @EV220622 Inilah ratu hoaxs penyebar hoaxs. Koalisi hoaxs prabowo raja hoaxs dan prabowo pecatan abri ini fakta https://t.co/tfjXRRhSMe","1082426466439094272","https://pbs.twimg.com/media/DwWNH3rWsAMveDC.jpg","ramdaniy7","in","","0","0","0","https://x.com/undefined/status/1082426466439094272","1069614928946900992",
"1082249398019534851","Mon Jan 07 23:59:09 +0000 2019","0","@jokowi Lanjutkan Bpk.Jokowi....kerja...kerja...kerja","1082426444322463745","","jokowi","in","","0","0","0","https://x.com/undefined/status/1082426444322463745","838204042614493184",
"1082168068720144394","Mon Jan 07 23:59:03 +0000 2019","0","@Gerindra @prabowo @sandiuno ","1082426420817682432","","Gerindra","qme","","0","0","0","https://x.com/undefined/status/1082426420817682432","2306581730",
"1082426328677212160","Mon Jan 07 23:58:41 +0000 2019","0","Baguslag klu Anis diancam hukuman Pidana Penjara 3 tahun jadi Akan banyak Gubernur bupati dan Walikota yg masuk penjara krn hal yg sama mendukung Jokowi Ma'ruf.","1082426328677212160","","","in","","0","0","0","https://x.com/undefined/status/1082426328677212160","3195246374",
"1082182672623915008","Mon Jan 07 23:58:40 +0000 2019","0","@rohib_ibnuali @Dennysiregar7 @prabowo Setuju bang...cuma orang gak waras yang seneng sama nenek oplas dan gerombolannya...","1082426322041729024","","rohib_ibnuali","in","","0","1","0","https://x.com/undefined/status/1082426322041729024","1079402704135323650",
"1082286917079699456","Mon Jan 07 23:58:38 +0000 2019","0","@kangdede78 @makLambeTurah @KPU_ID Kok bikin gaduh terus ya ? Apa ini ada kaitan dgn pidato prabowo ? Kpu dibuat seolah-olah tdk netral ? Semoga tdk chaos. https://t.co/nqo7qwBPXN https://t.co/ccJGu0iY70","1082426315364458496","https://pbs.twimg.com/media/DwWM_J3XQAAiU-G.jpg","kangdede78","in","","0","0","0","https://x.com/undefined/status/1082426315364458496","937828966479511552",
"1082217606151495680","Mon Jan 07 23:58:27 +0000 2019","0","@simkuringporsea @bhairawamanu @karniilyas @saididu @rockygerung @jokowi Jd anda cari makan y ...","1082426266781765632","","simkuringporsea","in","","0","1","0","https://x.com/undefined/status/1082426266781765632","197780437",
"1082426265028591616","Mon Jan 07 23:58:26 +0000 2019","0","DARI MEKAH AJA TAHU MASAK KALIAN GAK TAHU ...PEDAGANG MEKAH TERIAK PRABOWO;SALAM DUA JARI;JAMAAH UMROH;GANTI PRESIDEN... https://t.co/VF1ufWUV73 lewat @YouTube","1082426265028591616","","","in","","0","0","0","https://x.com/undefined/status/1082426265028591616","4897580641",
"1082245764456349696","Mon Jan 07 23:58:22 +0000 2019","0","@ianirawan21 @joxzin_jogja @prabowo @KPU_ID @kangdede78 nganu hemmmm nganu nuu anu si anu anuuu preet.... kampret² mulai kejang² ntar lg juga koit rame²","1082426247244726272","","ianirawan21","in","","0","0","0","https://x.com/undefined/status/1082426247244726272","937805565379543040",
"1082249398019534851","Mon Jan 07 23:58:17 +0000 2019","0","@RajaAngku @jokowi Wwkkwkw diatas 7% pak","1082426224390098945","","RajaAngku","in","","0","0","0","https://x.com/undefined/status/1082426224390098945","1048928449983725570",
"1082171228184403969","Mon Jan 07 23:58:13 +0000 2019","0","@Takviri @JakartaStar @prabowo @sandiuno Lah..Klau jd @sandiuno yg sdh banyak habis uangnya gmn !? Gebukin juga !?","1082426210817212416","","Takviri","in","","0","0","0","https://x.com/undefined/status/1082426210817212416","357280603",
"1082263990107959296","Mon Jan 07 23:58:11 +0000 2019","0","@Asmara_1701 @putrabanten80 @aniesbaswedan Ridwan kamil dan kepala daerah lain yang dukung jokowi itu ga sebanding sama anisbaswedan 1 anis sama puluhan kepala daerah lain itu yang 1 nilainya seribu yang puluhan itu ga ada nilainya haahhahaahh rezim panik silahkan bong mainkan permainanmu ga di azab dunia ada akhirat","1082426199438110720","","Asmara_1701","in","","0","0","0","https://x.com/undefined/status/1082426199438110720","1079992722314784768",
"1082253739199672320","Mon Jan 07 23:58:11 +0000 2019","2","@purwo82092883 beta pung sudara tra bisa tergoyahkan #JokowiLagi su pasti seng mungkin pindah ke lain hati prabowo su kasih goyang cakalele lai biar kasih picah punya kepala","1082426199257812993","","Purwo_Pawiro","in","","0","0","0","https://x.com/undefined/status/1082426199257812993","869889090107326465",
"1082180985381240832","Mon Jan 07 23:58:06 +0000 2019","2","@rnjae16 @siImamR @jokowi Entar kebanyakn bacot lu akhirnya lupa bayar utang nah elu sm pakpres gak beda dong tp sygnya di presiden gak akan penjara krn banyak manfaatnya dan juga tdk korupsi lah situ banyak burukin pemerintah lupa diri lupa hutang eh di balik jeruji ingaatt gunakan waktumu dg baik","1082426179527667712","","rnjae16","in","","0","1","0","https://x.com/undefined/status/1082426179527667712","1081435799109853184",
"1082279578159132672","Mon Jan 07 23:58:05 +0000 2019","0","@sandiuno @prabowo Hoax..","1082426176843309057","","sandiuno","es","","0","0","0","https://x.com/undefined/status/1082426176843309057","1058990733053460480",
"1082249398019534851","Mon Jan 07 23:58:04 +0000 2019","0","@jokowi Keren pak de... Sehat terus","1082426173613731840","","jokowi","in","","0","1","0","https://x.com/undefined/status/1082426173613731840","1072683879532658690",
"1082426160208723968","Mon Jan 07 23:58:01 +0000 2019","3","LBH Jakarta: Jokowi-Ahok Pakai TNI-Polri Gusur Warga Jakarta https://t.co/NO8fJUCYPB","1082426160208723968","","","in","","0","0","2","https://x.com/undefined/status/1082426160208723968","275838322",
"1082425173976834048","Mon Jan 07 23:57:54 +0000 2019","0","@merdekadotcom doa sakinah mawadah warohmah utk keluarga Pak @jokowi","1082426129703612416","","merdekadotcom","in","","0","0","1","https://x.com/undefined/status/1082426129703612416","170171658",
"1082258007944118272","Mon Jan 07 23:57:51 +0000 2019","0","@heriarthafm @saididu @KPU_ID Video Pembohong dibuat oleh org2 pembohong dan disebarluaskan oleh keluarga besar pembohong juga. @KPU_ID saja mengakui kalau kubu @jokowi menolak penyampai visi misi lsng oleh capres-copresnya. #StopTipuTipu sudah...!","1082426117045157890","","herisuwarna68","in","","0","1","0","https://x.com/undefined/status/1082426117045157890","99898628",
"1082426065773944833","Mon Jan 07 23:57:39 +0000 2019","2","KontraS: Jokowi dan Prabowo Adalah Pelanggar HAM https://t.co/vgSfev6QE9","1082426065773944833","","","in","","0","1","6","https://x.com/undefined/status/1082426065773944833","275838322",
"1082426061244194816","Mon Jan 07 23:57:38 +0000 2019","1","#2019PrabowoPresidenRI #2019PrabowoPresidenRI #2019PrabowoPresidenRI Yuks gaes... Habib Rizieq Minta Gerakan 2019 Ganti Presiden Diganti 2019 Prabowo Presiden https://t.co/kKP9rG35l6","1082426061244194816","","","in","","0","0","0","https://x.com/undefined/status/1082426061244194816","828772893517418496",
"1082426052599734272","Mon Jan 07 23:57:36 +0000 2019","2"," BPN disarankan untuk memperkenalkan program-program prabowo dari pada me makai isu agama apalagi hoax #2019PrabowoKalahLagi","1082426052599734272","","","in","","1","0","0","https://x.com/undefined/status/1082426052599734272","1071015163925422080",
"1082301450632323072","Mon Jan 07 23:57:27 +0000 2019","0","@republikaonline Siapa yang di kwatirkan bakal di permalukan? Prabowo? Sandi? Atas dasar apa mereeka bakal di permalukan.. Mereka capable untuk menjawab semua pertanyaan in Sya Allah. Atau kpu kwatir sama 01? Yang jelas dong kalo ngomong.","1082426017455648768","","republikaonline","in","","0","0","0","https://x.com/undefined/status/1082426017455648768","1124587543",
"1082180947720556545","Mon Jan 07 23:57:23 +0000 2019","0","@febzajjah @PartaiSocmed Woii.. o'on pake bahasa asing itu tambahan tau..biar keliatan..capres mana yg siap go international..","1082426001332662277","","febzajjah","in","","0","0","0","https://x.com/undefined/status/1082426001332662277","40838788",
"1082425996672974848","Mon Jan 07 23:57:22 +0000 2019","0","Siapa yang mempermalukan paspon. Justru paslon itu sendiri yang mempermalukan dirinya. Makin dekat pemilu plin plannya dan semua kekurangannya memang sudah... https://t.co/dzjjP5wrnf","1082425996672974848","","","in","","0","0","0","https://x.com/undefined/status/1082425996672974848","450344595",
"1082420285469421568","Mon Jan 07 23:57:22 +0000 2019","0","@poutmonz @prabowo ","1082425993850015749","","poutmonz","qme","","0","1","0","https://x.com/undefined/status/1082425993850015749","996826469400629248",
"1082425958353666050","Mon Jan 07 23:57:13 +0000 2019","0"," BPN disarankan untuk memperkenalkan program-program prabowo #2019PrabowoKalahLagi","1082425958353666050","","","in","","0","0","0","https://x.com/undefined/status/1082425958353666050","1070690910516604928",
"1082425930151149569","Mon Jan 07 23:57:08 +0000 2019","2","Kok lucu ya mereka itu minta2 sendiri tapi setelah rapat selesai di luar malah menuding kalau KPU jadi timsesnya Jokowi dan membuat narasi kalau Jokowi takut debat. Membingungkan #PrabowoTakutDebat","1082425935708581888","","jasminespeedy90","in","","0","0","2","https://x.com/undefined/status/1082425935708581888","1070973416109305856",
"1081985218142060544","Mon Jan 07 23:57:07 +0000 2019","0","@deandry @ekojayz @francmohede @marierteman @jokowi Cebi pura pura budeg kalo dikasih kebenaran","1082425931665264640","","deandry","in","","0","0","0","https://x.com/undefined/status/1082425931665264640","1013748950367531008",
"1082425930151149569","Mon Jan 07 23:57:06 +0000 2019","0","Pak prabowo takut debat penyebabnya sangat komplek mengingat moderator Ira Koesno adalah seorang wartawan Prabowo bisa aja bakal diserang oleh moderator karena pernah menyakiti para jurnalis. https://t.co/YVjCTGOhul #PrabowoTakutDebat","1082425930151149569","","","in","","1","1","0","https://x.com/undefined/status/1082425930151149569","1070973416109305856",
"1082279578159132672","Mon Jan 07 23:57:05 +0000 2019","2","@_Septiaan @Entesyahranie1 @sandiuno @prabowo Hajahahaha...tidak ada Indikasi Negara akan Hancur kamu menilai sesuatu dg Akal Terbalik https://t.co/BorUbT8GzQ","1082425924505657344","https://pbs.twimg.com/media/DwWMnkoWsAEfuw5.jpg","_Septiaan","in","","0","1","1","https://x.com/undefined/status/1082425924505657344","1027239883666903040",
"1082168123002736640","Mon Jan 07 23:57:00 +0000 2019","0","@AdheAyyub @chicohakim @prabowo @sandiuno @Dahnilanzar Ah elu https://t.co/OZs5RRxpkw","1082425902699503616","https://pbs.twimg.com/media/DwWMnMXWwAAybQ-.jpg","AdheAyyub","in","","0","0","0","https://x.com/undefined/status/1082425902699503616","186434280",
"1082210675005386753","Mon Jan 07 23:56:57 +0000 2019","0","@Dahnilanzar @prabowo @sandiuno Jgn asal ngejeplak koordinasi dulu sama timses lah kecuali kamu gak dianggap cuma sebagai toa demo","1082425890112335872","","Dahnilanzar","in","","0","0","0","https://x.com/undefined/status/1082425890112335872","1013264222338158592",
"1082422071001370624","Mon Jan 07 23:56:53 +0000 2019","0","@lisnals3 @haikal_hassan Kalau para Menteri di acara IMF bagaimana? Sampai kedengeran lewat mikrofon : Jangan 2 itu Prabowo. Kalau Jokowi 1. Langsung deh ganti jari. Eh Menteri² tsb ga sampai dipanggil Bawaslu. Jelas kenapa? Karena mereka yang berkuasa. Jadi boleh² aja.","1082425873590931456","","stoop1dthoughts","in","","0","0","0","https://x.com/undefined/status/1082425873590931456","595545452",
"1082425872571715584","Mon Jan 07 23:56:53 +0000 2019","0","Berarti benar kalo kubu prabowo itu penyebar pesimisme gimana bisa kita gak percaya negara kita bisa maju? Masa percaya nya sama orang yang kaya gini https://t.co/0Cm6HTdR2I https://t.co/kDZzRAGNTz","1082425872571715584","https://pbs.twimg.com/media/DwWMlfKWsAEoKsQ.jpg","","in","","0","1","0","https://x.com/undefined/status/1082425872571715584","2925179887",
"1082180985381240832","Mon Jan 07 23:56:51 +0000 2019","0","@jokowi Hutang ! Hutang ! Hutang ! ","1082425866552930304","","jokowi","in","","0","0","0","https://x.com/undefined/status/1082425866552930304","3654818415",
"1082425841995341825","Mon Jan 07 23:56:45 +0000 2019","0","Betul apa kata teman saya indonesia mungkin akan lebih nyaman kl Prabowo tetap tinggal di Yordania (tempat pelariannya dulu alias kabur)","1082425841995341825","","","in","","0","0","0","https://x.com/undefined/status/1082425841995341825","128808151",
"1082274797587853314","Mon Jan 07 23:56:44 +0000 2019","1","@HukumDan @Sukarn89 Bung apa hubungannya soal debat dengan Martabat Capres/cawapres. Knp kami dibuat jd o on ya Pak. Memngnya soal debat ada tema mengangkat sisi pribadi capres / cawapres tidak kan pak.. Kami rakyat mau tahu sejauh mana kwalitas capres / cawapres.itu yg kami tggu.","1082425836370710528","","HukumDan","in","","0","0","1","https://x.com/undefined/status/1082425836370710528","1077379286883942405",
"1082425832268840960","Mon Jan 07 23:56:43 +0000 2019","0","POLEMIK BOCORAN PERTANYAAN DEBAT CAPRES - CAWAPRES OLEH DAHNIL DAN HUTAHEAN TERNYATA PEMUTAR BALIKAN FAKTA KESEPAKATAN DALAM RAPAT KPU .. INI TIMSES 02 BIKIN GADUH TERUS NGGAK SELESAI-2 BIKIN TEROR POLITIK.... https://t.co/uasNxAZnbm","1082425832268840960","","","in","","0","0","0","https://x.com/undefined/status/1082425832268840960","1453658329",
"1082279578159132672","Mon Jan 07 23:56:42 +0000 2019","2","@sandiuno @prabowo Maaf. Sekedar berpendapat. Pemimpin yg baik 1. Tdk berprasangka 2. Santun 3. Bertutur kata dg diksi yg tepat 4. Tdk merasa paling baik 5. Tdk merendahkan baik langsung maupun tdk 6. Dll Lakukan yg sudah baik. Jauhkan lisan yg tdk bermanfaat. Ingat! Ada Roqib Atid yg sll ikut.","1082425829689155584","","sandiuno","in","","0","0","0","https://x.com/undefined/status/1082425829689155584","1009618480880971776",
"1082215723127136256","Mon Jan 07 23:56:42 +0000 2019","0","@JhonMiduk @haikal_hassan - tidak bisa dipungkiri antusis rakyat menyambut prabowo dan acara acara jokowi yg sepi dukungan rakyat. padahal sudah mengerahkan masya dgn surat edaran dari atas sampe ke RT karena petahana perangkat pembantu... kecurangan apa di pilkada DKI?","1082425829047513088","","JhonMiduk","in","","0","1","0","https://x.com/undefined/status/1082425829047513088","855800899645562882",
"1082420285469421568","Mon Jan 07 23:56:31 +0000 2019","0","@kopitoba @prabowo Kak salah kak ","1082425780527816706","","kopitoba","in","","0","1","0","https://x.com/undefined/status/1082425780527816706","2175489912",
"1082350940173127680","Mon Jan 07 23:56:30 +0000 2019","1","@NgopiJahe_09 @Rahmat0811 @RestyCayah @KPU_ID Yg mana Hoax yg Esemka itu Ya apa ekonomi Meroket September 2017 itu? Apa Traktor yg dibagikan terus diambil Lagi?? Rakyat mana yg di Provokasi?? laa Prabowo Sandi Aja Kampanye di setiap daerah Sambutannya Luar Biasa jdi yg terprovokasi Penghuni Empang doank","1082425776035643392","","NgopiJahe_09","in","","0","1","0","https://x.com/undefined/status/1082425776035643392","829122325157064704",
"1082249398019534851","Mon Jan 07 23:56:28 +0000 2019","4","@jokowi Kerja keras yg tidak sia2","1082425768129384448","","jokowi","in","","0","0","0","https://x.com/undefined/status/1082425768129384448","358826707",
"1082350940173127680","Mon Jan 07 23:56:23 +0000 2019","0","@RestyCayah @RidhoRa34691351 @KPU_ID Bgm mana mau memaparkan visi &amp; misi..?? Jika penyampaian visi &amp; misi Paslon Capres dibatalkan hya krn si Nganu mau mewakilkan...ah sudahlah..","1082425749448011776","","RestyCayah","in","","0","0","0","https://x.com/undefined/status/1082425749448011776","936932085264146433",
"1082424411838328832","Mon Jan 07 23:56:23 +0000 2019","0","Pak Jokowi dg gayanya yg kalem ngomongnya pelan/lambat tp selalu Pas waktunya kok krn singkat padat jelas cukup detil. Walaupun pasti ada yg normatif juga. Pak Prabowo: lihat sendirilah.","1082425749427040256","","miskiy28","in","","0","0","0","https://x.com/undefined/status/1082425749427040256","960773334",
"1082425718699708418","Mon Jan 07 23:56:16 +0000 2019","0","TERCYDUK BOHONG Timses Jokowi DIHAJAR Jubir Partai Demokrat https://t.co/KW29BX1gBW","1082425718699708418","","","in","","0","0","0","https://x.com/undefined/status/1082425718699708418","1442695026",
"1082425708016590848","Mon Jan 07 23:56:13 +0000 2019","0","6 Ciri Satrio Piningit Menurut Jayabaya Ada Pada Jokowi Atau Prabowo.?!... https://t.co/J1nRnYrJBX lewat @YouTube","1082425708016590848","","","in","","0","0","0","https://x.com/undefined/status/1082425708016590848","3174538994",
"1082267484437147648","Mon Jan 07 23:56:05 +0000 2019","0","@UmiFatih10 @mohmahfudmd Jadi kalau sekarang beliau memilih pak Jokowi itu artinya kemungkinan pak Jokowi menurut kalkulasinya Prof lebih sedikit buruknya saya percaya prof berbeda dengan prof2 yang lain mbak.","1082425671777804288","","","in","","0","0","0","https://x.com/undefined/status/1082425671777804288","1073954992367628296",
"1082425649048866816","Mon Jan 07 23:55:59 +0000 2019","0","kubu prabocor lagi berusaha memframing agar publik tidak percaya KPU dan Pemerintah jadi saat nanti mereka kalah di pemilu mereka akan mengatakan bahwa kekalahannya akibat dr kecurangan","1082425649048866816","","","in","","0","0","0","https://x.com/undefined/status/1082425649048866816","128808151",
"1082425611321253888","Mon Jan 07 23:55:50 +0000 2019","0","Ingat... Jokowi masih presiden kita hormati sebagai presiden. Adapun Kritik bolehkah? Boleh bahkan bisa jadi wajib kita masih negara demokrasi katanya. Dan kita masih bisa menyampaikan kritik tanpa harus mencela dan membuat informasi hoax","1082425611321253888","","","in","","0","0","0","https://x.com/undefined/status/1082425611321253888","212788873",
"1082281932530933760","Mon Jan 07 23:55:48 +0000 2019","1","@swulll @prabowo @sandiuno @fadlizon @Fahrihamzah @Dahnilanzar @rsoekarnoputri @DameriatiZein @umibasyar @niesaza @dearossidesvita @rahmathplubis @LisaAmartaTara Edun aq wong nggalek heeebbbbrrooohhhkan kandang banteng","1082425601334497280","","swulll","in","","0","0","0","https://x.com/undefined/status/1082425601334497280","1078240374638796800",
"1082425587132559360","Mon Jan 07 23:55:45 +0000 2019","0","Soal Debat Dibocorkan Memang Capres Mau Disuruh Hapalan? https://t.co/tkTmR2mrdh","1082425587132559360","","","in","","0","0","0","https://x.com/undefined/status/1082425587132559360","404413586",
"1081485941221380096","Mon Jan 07 23:55:44 +0000 2019","0","@taqe_dier @2019LENGSERKAN1 @alfendisadjah @yusuf_dumdum @ustadtengkuzul @jokowi Tlong d balas y prestasi junjungan lo apaan dah ko ngatain pemerintah perusak","1082425585572372480","","taqe_dier","in","","0","1","0","https://x.com/undefined/status/1082425585572372480","798490951572295680",
"1082424844984012801","Mon Jan 07 23:55:43 +0000 2019","0","Saat ditanyakan pengetahuan responden #JajakPendapat #LitbangKompas tentang visi misi dan program kerja calon tidak sampai separuh responden yang mengaku tahu. Hanya 40 3% responden yang tahu visi misi atau program kerja Jokowi-Ma ruf sementara 30 5% untuk Prabowo-Sandi.","1082425579373191168","","KompasData","in","","0","1","1","https://x.com/undefined/status/1082425579373191168","771030588",
"1082249398019534851","Mon Jan 07 23:55:40 +0000 2019","0","@Anchez38838360 @jokowi Pelan pelan pak satu satu bakal dikerjaiin pemerintah kok. Dalam 4 tahun bpk minta dia benerin indonesia yg berantakan ini? Ya pasti butuh waktu dan kepercayaan lah . Doa juga pastinya . T","1082425567859884034","","Anchez38838360","in","","0","2","0","https://x.com/undefined/status/1082425567859884034","1048928449983725570",
"1082219333323960320","Mon Jan 07 23:55:39 +0000 2019","0","@bangsawarior55 @w_runturambi @Dahnilanzar @KPU_ID @prabowo @jokowi Kok kepilih jadi presiden ya? 2014 dia belum terbebani janji wkwkkwkw","1082425564466540544","","bangsawarior55","in","","0","1","0","https://x.com/undefined/status/1082425564466540544","1028669946207715329",
"1082425558594514946","Mon Jan 07 23:55:38 +0000 2019","0","Belum Dipakai Puluhan Kotak Suara Pemilu di Bantul Rusak karena Basah https://t.co/En1B5zLouK","1082425558594514946","","","in","","0","0","0","https://x.com/undefined/status/1082425558594514946","1499990204",
"1082350373875011584","Mon Jan 07 23:55:36 +0000 2019","2","@IndahAriani @budimandjatmiko Kenapa presiden jokowi TIDAK memproses secara hukum Capres Prabowo?? #tanyaserius #mikirpakeotak","1082425551791349760","","IndahAriani","in","","0","1","0","https://x.com/undefined/status/1082425551791349760","109454210",
"1082420351798194177","Mon Jan 07 23:55:36 +0000 2019","0","@Dian_Supolo Takut diculik Prabowo lagi seperti 20 thn lalu","1082425549136379904","","Dian_Supolo","in","","0","1","0","https://x.com/undefined/status/1082425549136379904","14168973",
"1082287958634356736","Mon Jan 07 23:55:30 +0000 2019","0","@faizalassegaf @jokowi Ya sudah bang...#2019GilaBerjamaah saja...","1082425527145656320","","faizalassegaf","in","","0","0","0","https://x.com/undefined/status/1082425527145656320","836909288",
"1082226465628921856","Mon Jan 07 23:55:27 +0000 2019","0","@herilatief @addiems @jokowi @rmiryanti @Airin_NZ @ulinyusron @kangdede78 @semiaji_w @projopusat @drarijunaedi @PDI_Perjuangan @kuwera_ID @sahaL_AS @budimandjatmiko @DyahKartikaRini @MasTBP_ @Takviri @valencia_amara @budimuni98 @akar_rumput07 @fadjroeL @fariji_lacak @herman_priyatna @suaramuda98 @makIqal @nofend @evndari https://t.co/KdqfKiFSyI","1082425512276836357","https://pbs.twimg.com/tweet_video_thumb/DwWMQYeWsAEj0rh.jpg","herilatief","qme","","0","0","0","https://x.com/undefined/status/1082425512276836357","199711589",
"1082425494849474561","Mon Jan 07 23:55:23 +0000 2019","0","Kenapa orang orang selalu mengeritik prabowo...","1082425494849474561","","","in","","0","0","0","https://x.com/undefined/status/1082425494849474561","1081119156156588032",
"1082180985381240832","Mon Jan 07 23:55:19 +0000 2019","0","@riskyanindraa @sungkar24 @jokowi Lo Google lah... Gak punya koata ya?","1082425480605769728","","aniinddd","in","","0","0","0","https://x.com/undefined/status/1082425480605769728","142850549",
"1082180985381240832","Mon Jan 07 23:55:19 +0000 2019","0","@jokowi Betul pak @jokowi #BerkatDanaDesa pondasi Indonesia sudah dibangun merata dari desa dari pedalaman merata di seluruh tanah air. @EkoSandjojo @taufikmadjid71 @fachrilabalado @anwsanusi @KPPKalbar @tppindonesia","1082425480068792320","","jokowi","in","","0","0","0","https://x.com/undefined/status/1082425480068792320","86048337",
"1082279578159132672","Mon Jan 07 23:55:16 +0000 2019","0","@Bagong23543965 @sandiuno @prabowo aya aya wae eta si bagong haha","1082425469083955200","","Bagong23543965","tl","","0","0","0","https://x.com/undefined/status/1082425469083955200","900337296452403201",
"1082302110866202626","Mon Jan 07 23:55:16 +0000 2019","2","@Silvy_riau Bilangin rizieq..suruh ngajari prabowo ngaji aja deh biar gak hulaihi lagi","1082425465384534016","","Silvy_riau","in","","0","1","0","https://x.com/undefined/status/1082425465384534016","734623536296394752",
"1081524968037347334","Mon Jan 07 23:55:13 +0000 2019","0","@HipHop74934648 Kenapa ya ulama turunan ARAB kebanyan dukung capres keturun cina kok gag merasa ya mbo yo sekali kali dukung jokowi yg asli jawa kek. Apa karna merasa sama sama pendatang KA?????","1082425454491881472","","bukan_penjilat_","in","","0","0","0","https://x.com/undefined/status/1082425454491881472","1064286565516566531",
"1082425443746222080","Mon Jan 07 23:55:10 +0000 2019","0","TERCYDUK BOHONG Timses Jokowi DIHAJAR Jubir Partai Demokrat https://t.co/6nHZAqPNnX","1082425443746222080","","","in","","0","0","0","https://x.com/undefined/status/1082425443746222080","962348570",
"1082224910787727367","Mon Jan 07 23:55:10 +0000 2019","0","@ILCtv1 @karniilyas @KPU_ID @jokowi @prabowo @MarufAminNU @sandiuno Ga brani tema 7 kontainer ya ?","1082425443427336192","","ILCTalkshow","in","","0","0","0","https://x.com/undefined/status/1082425443427336192","1261799911",
"1082279578159132672","Mon Jan 07 23:55:06 +0000 2019","0","@Entesyahranie1 @sandiuno @prabowo Salam 2 jari dari rakyat https://t.co/qIazzE93cl","1082425426629165056","https://pbs.twimg.com/media/DwWMLqjW0AAXHwr.jpg","Entesyahranie1","in","","0","0","0","https://x.com/undefined/status/1082425426629165056","1019148350728224768",
"1082180985381240832","Mon Jan 07 23:54:56 +0000 2019","0","@alam_maniez @rnjae16 @jokowi Hahahahaha","1082425384149213184","","alam_maniez","tl","","0","0","0","https://x.com/undefined/status/1082425384149213184","1081435799109853184",
"1082275813553291264","Mon Jan 07 23:54:56 +0000 2019","1","@joxzin_jogja @FDerKanzler @Gerindra @prabowo @PartaiSocmed @kangdede78 @addiems @marierteman @Dahnilanzar @SBYudhoyono Tuch si @Dahnilanzar di tv one lg giring opini seolah2 dr pihak 01 yg tdk setuju paparkan visi misilah takut debatlah pdhl kan bknya takut tp krn klw setiap sesi debat hrs ucapkan visi misi kan jd wkt debatnya pendek...aneh","1082425382421184512","","joxzin_jogja","in","","0","0","1","https://x.com/undefined/status/1082425382421184512","2872998758",
"1081485941221380096","Mon Jan 07 23:54:54 +0000 2019","0","@taqe_dier @2019LENGSERKAN1 @alfendisadjah @yusuf_dumdum @ustadtengkuzul @jokowi Katany lbih cocok al baqarah ayat 10? Btw kaitanny apa ayatny no 10 apa hubungan dg pak jokowi? Klo surat 2 ayat 12 kan pas it angka d gbung jd 2 1 2 ","1082425374837944320","","taqe_dier","in","","0","2","0","https://x.com/undefined/status/1082425374837944320","798490951572295680",
"1082425374359711745","Mon Jan 07 23:54:54 +0000 2019","0","Alumni Lintas SMA se-Jakarta Sumbang Dana Perjuangan untuk Prabowo-Sandi | https://t.co/b209xnrGmO https://t.co/kaU1ia166c","1082425374359711745","","","in","","0","0","0","https://x.com/undefined/status/1082425374359711745","1389724742",
"1082336443060514816","Mon Jan 07 23:54:53 +0000 2019","2","@budimandjatmiko Ini contoh orang munafik udah dia sendiri sama junjungannya raja bohong nuduh pak prabowo berbohong junjungannya takut adu visi /misi nuduh orang lain yg takut junjungannya takut debat nuduh orang lain takut debat semuanya ngibul makanya harus pasang otak adu domba","1082425368919719936","","budimandjatmiko","in","","0","1","1","https://x.com/undefined/status/1082425368919719936","4439689981",
"1082180985381240832","Mon Jan 07 23:54:42 +0000 2019","0","@sungkar24 @ZaraFaul @ferry_hidayat12 @jokowi Wkwkwk si opa manggil mbakyu pasang profile anak muda... Padahal udah tua...","1082425323852099584","","sungkar24","in","","0","1","0","https://x.com/undefined/status/1082425323852099584","142850549",
"1079447802550222848","Mon Jan 07 23:54:40 +0000 2019","0","@langkah_john @herlambang_tan @muktarlim @RenataSyarif @Antri_Mati @yosproperty @suwandi57583826 @Nanaa_rosaa @kuyawirya @verrel_costacu @TonyFoo13 @ZanovSyah @Audy_Sebastian @_hugo_evans @nit4sist @ulysses_ferrel @TheArieAir @Next_J2P @EliasAdi79 @_ANDRE_OCTA_ @Mmahalik2 @nemosyus @EksaYovie @besmartyk @CeciliaSuwanda1 @zoelfick @jokowi @basuki_btp @Takviri @joxzin_jogja @ezaprasetya @Gerindra @bakomgerindra08 @PP_TIDAR @projopusat @RelawanProjo @CCICPolri @BareskrimPolri @bawaslu_RI @DKPP_RI @JimlyAs @Humas_MKRI @erickthohir @KSPgoid @Dr_Moeldoko @Gun4w4nAhokers @KoboiBengek @BosErvan @Munafikunn @sugi_0706 Siaaaappppp....booossss Mari kita mulai...!! https://t.co/yeIHWE8TqV","1082425316646084614","https://pbs.twimg.com/media/DwWMEXVWkAAzb0H.jpg","langkah_john","in","","0","0","0","https://x.com/undefined/status/1082425316646084614","3277134913",
"1082425292961079296","Mon Jan 07 23:54:34 +0000 2019","0","Dagelan Akbar Abad Ini! Capres akan Diberi Daftar Pertanyaan Sepekan Sebelum Debat Rocky: Komisi Pemilihan Ungud https://t.co/IPls3GMdWQ","1082425292961079296","","","in","","0","0","0","https://x.com/undefined/status/1082425292961079296","1389724742",
"1082266627930939392","Mon Jan 07 23:54:34 +0000 2019","0","@VIVAcoid TERSERAH SAJA MAU BILANG JOKOWI LEBIH FASIH BAHASA INGGRISNYA JUGA RAPOPO KAREPE WAE","1082425292847669249","","VIVAcoid","in","","0","0","0","https://x.com/undefined/status/1082425292847669249","811124273762795520",
"1082180985381240832","Mon Jan 07 23:54:31 +0000 2019","0","@perdanaky @rnjae16 @jokowi Dia gak ngerti yah mgkin dia eks PAUD hhhh","1082425277517488128","","sansdormir","in","","0","0","0","https://x.com/undefined/status/1082425277517488128","1081435799109853184",
"1082180985381240832","Mon Jan 07 23:54:29 +0000 2019","1","@rnjae16 @sungkar24 @jokowi Jawab dulu negara mana yang gapunya utang?","1082425270236196864","","rnjae16","in","","0","1","0","https://x.com/undefined/status/1082425270236196864","1074965715092815873",
"1082414163421347841","Mon Jan 07 23:54:21 +0000 2019","0","@putrikulo @dwisetiawan_stw @MasCEPUK @crishnady @Anaf173 @InMay_imf @anggunchintya22 @CitraaAriska @MahesaTiwi @TaniaMadhani @KatakHijau2018 @KudaHitam45 @jokowi @prabowo @sandiuno Peraih raja ngibul!??","1082425235624742912","","putrikulo","in","","0","2","0","https://x.com/undefined/status/1082425235624742912","1043045979996311553",
"1082309131548028928","Mon Jan 07 23:54:16 +0000 2019","4","@JokSusi2019 Biar apa pun agama nya pilih pak Jokowi yg cinta ulama cinta rakyat pro rakyat anti hoax. #JokowiAminLebihBaik https://t.co/BoGRzIWQy1","1082425214351290368","https://pbs.twimg.com/media/DwWL-56WwAUnc1-.jpg","CANDAdanBISNIS","in","","0","0","3","https://x.com/undefined/status/1082425214351290368","724363835742654464",
"1081387255841796098","Mon Jan 07 23:54:12 +0000 2019","0","@RIKIDIOR @PartaiSocmed @PersRini @RamliRizal kamu pasti pendukung JOKOWI kan.. bhahahaaaaa","1082425200522588160","","RIKIDIOR","in","","0","0","0","https://x.com/undefined/status/1082425200522588160","813550947066515457",
"1082267484437147648","Mon Jan 07 23:54:10 +0000 2019","0","@UmiFatih10 @mohmahfudmd Dulu beliau kan ketua Badan Pemenangan Nasional Prabowo-Hatta Tahun 2014 mbak kalau sekarang posisi beliau menjabat anggota Badan Pembinaan Ideologi Pancasila (BPIP) di era presiden Jokowi belia mungkin tau luar dalam kedua PASLON Mbak karena beliau pernah membersamai keduanya","1082425189877506049","","","in","","0","0","0","https://x.com/undefined/status/1082425189877506049","1073954992367628296",
"1082425173976834048","Mon Jan 07 23:54:06 +0000 2019","6","Potret Mesra Presiden Jokowi dan Ibu Iriana https://t.co/7K3mutyQ0K","1082425173976834048","","","in","","0","2","1","https://x.com/undefined/status/1082425173976834048","456426648",
"1082425170780774401","Mon Jan 07 23:54:05 +0000 2019","1","Kebijakan KPU Bikin Panas Kuping Pendukung Prabowo-Sandi https://t.co/NsFdpo0w1j","1082425170780774401","","","in","","1","1","2","https://x.com/undefined/status/1082425170780774401","456426648",
"1082279578159132672","Mon Jan 07 23:54:02 +0000 2019","0","@sandiuno @kusuma_kinan @prabowo Aamiin semangat bang rakyat ada di belakang abang.","1082425155744231425","","sandiuno","in","","0","0","0","https://x.com/undefined/status/1082425155744231425","1019148350728224768",
"1082406430718648321","Mon Jan 07 23:54:02 +0000 2019","1","@maspiyuuu Secara ga langsung KPU mau bilang ada capres yg bisa malu2in ayo KPU jujur aja..","1082425154699816960","","mas_piyuuu","in","","0","0","0","https://x.com/undefined/status/1082425154699816960","1028907457060339714",
"1082214967900700673","Mon Jan 07 23:53:50 +0000 2019","0","@arsul_sani @KPU_ID @jokowi @kh_marufamin @prabowo @sandiuno Mereka memang menggunakan strategi oposan","1082425105051832321","","arsul_sani","in","","0","0","0","https://x.com/undefined/status/1082425105051832321","134400401",
"1082425097657421825","Mon Jan 07 23:53:48 +0000 2019","0","Selalu optimis itulah Bpk presiden @jokowi . . Reposted from jkwmembangun - https://t.co/RbPoUSHirT Pergerakan rupiah terhadap dolar Amerika Serikat (AS) semakin agresif sehingga https://t.co/JZfwsOyESf","1082425097657421825","","","in","","0","0","0","https://x.com/undefined/status/1082425097657421825","576287136",
"1082425092728995840","Mon Jan 07 23:53:47 +0000 2019","0","dulu tak pikir pendukung prabowo itu beli kucing dalam karung eh setelah kucingnya keluar.. pendukung prabowonya main bird box challenge https://t.co/mxx8rayWmO","1082425092728995840","https://pbs.twimg.com/media/DwWL2mnXQAAg2_K.jpg","","in","","0","0","0","https://x.com/undefined/status/1082425092728995840","54788132",
"1082210675005386753","Mon Jan 07 23:53:31 +0000 2019","0","@Dahnilanzar @saididu @prabowo @sandiuno Saat ini yg ada adalah ada yg takut kalah debat jd diplintir dgn maksud menutupi kegundahan mereka apalagi elektabilitas semakin melorot akibatnya semakin sulit mendandani boneka","1082425027192967168","","Dahnilanzar","in","","0","0","0","https://x.com/undefined/status/1082425027192967168","1012324503588782082",
"1082294557914480640","Mon Jan 07 23:53:28 +0000 2019","0","@salahuddin_agp @TitiekSoeharto @Partaiberkarya Ya elah bos yg matiin siapa.. tuhh kualisinya prabowo... trus yg berjuang dulu siapa.. baca sejara kaga.. anak anak tinggal nikmati hasil korupsi.. lo bilang berjuang? Sekolah kaga","1082425015016902656","","mystore0924","in","","0","0","0","https://x.com/undefined/status/1082425015016902656","114380606",
"1082414163421347841","Mon Jan 07 23:53:24 +0000 2019","0","@putrikulo @dwisetiawan_stw @MasCEPUK @crishnady @Anaf173 @InMay_imf @anggunchintya22 @CitraaAriska @MahesaTiwi @TaniaMadhani @KatakHijau2018 @KudaHitam45 @jokowi @prabowo @sandiuno Nyerang pribadi lagi. Hahaha.. ceby ceby... Jawab noh yang ngasih janji palsu siapa!??","1082424997002436608","","putrikulo","in","","0","0","0","https://x.com/undefined/status/1082424997002436608","1043045979996311553",
"1082424960633626629","Mon Jan 07 23:53:15 +0000 2019","0","Wajar bngt nach yg didukung capres abal² yg ngedukung jg ulama abal² khan ","1082424960633626629","","","in","","0","0","0","https://x.com/undefined/status/1082424960633626629","923862773326536704",
"1082180985381240832","Mon Jan 07 23:53:12 +0000 2019","0","@sungkar24 @riskyanindraa @jokowi Kebiasaan cebong maen keroyokan... Gak malu opa?","1082424946830258176","","sungkar24","in","","0","2","0","https://x.com/undefined/status/1082424946830258176","142850549",
"1082180985381240832","Mon Jan 07 23:53:08 +0000 2019","0","@ZaraFaul @ferry_hidayat12 @rnjae16 @jokowi Benar banget mbak yu yg nyeloceh kok jadi sampah lah yg katanya sampah kok jd presiden jokowi tetap","1082424928970858497","","ZaraFaul","in","","0","1","0","https://x.com/undefined/status/1082424928970858497","1081435799109853184",
"1082237232310898688","Mon Jan 07 23:53:08 +0000 2019","1","@eko_kuntadhi Mngkn kalo merka liat ad kucing gak bs lompat krn kegemukan psti yg disalahin jokowi jg yakmaha benar kampret dgn segala ulamanya","1082424928505290752","","_ekokuntadhi","in","","0","0","1","https://x.com/undefined/status/1082424928505290752","1062451324233469952",
"1082420285469421568","Mon Jan 07 23:53:07 +0000 2019","0","@poutmonz @prabowo Yang aneh itu masyarakat masih mau dibodohi sama Team 01. Yang menarik disini kok bisa iya ","1082424925950865408","","poutmonz","in","","0","1","0","https://x.com/undefined/status/1082424925950865408","996826469400629248",
"1082279578159132672","Mon Jan 07 23:52:55 +0000 2019","2","@sandiuno @prabowo Gebrakan Anda sbg Wagub DKI apa ya? Ap kabar oke-oce? #01JokowiLagi #2019TetapJokowi #01IndonesiaMaju","1082424876911157249","","sandiuno","in","","0","0","1","https://x.com/undefined/status/1082424876911157249","107650114",
"1082424860406468608","Mon Jan 07 23:52:51 +0000 2019","0","Sungguh gak layak jadi pemimpin.. Mending @jokowi Saja. Jelas kerjanya #01JokowiLagi","1082424860406468608","","","in","","0","0","0","https://x.com/undefined/status/1082424860406468608","959991582286999552",
"1082424855906050048","Mon Jan 07 23:52:50 +0000 2019","0","Karena Pak @aniesbaswedan ada d kubu Pak @prabowo jd apapun yg dilakukan salah dimata mereka.","1082424855906050048","","","in","","0","0","0","https://x.com/undefined/status/1082424855906050048","1049862618012209155",
"1082424844984012801","Mon Jan 07 23:52:48 +0000 2019","1","Masa kampanye Pemilu 2019 dimulai sejak 23 September 2018 dan masih berlangsung hingga 13 April 2019. Namun hingga setengah perjalanan kampanye para pemilih masih kurang terpapar program kedua pasangan calon. #MudaMemilih #RumahPemilu2019 https://t.co/4Z8Y4Tq8wc","1082424844984012801","https://pbs.twimg.com/ext_tw_video_thumb/1082424331194564613/pu/img/7hs_gZmYKzYq7SpC.jpg","","in","","0","1","7","https://x.com/undefined/status/1082424844984012801","771030588",
"1082424782942072832","Mon Jan 07 23:52:33 +0000 2019","0","Saat Capres Ulangan Umum https://t.co/aExj1Mr02s https://t.co/998FFCAylI","1082424782942072832","https://pbs.twimg.com/media/DwWLmoOX0AEW9zz.jpg","","in","","0","0","0","https://x.com/undefined/status/1082424782942072832","846715204637376513",
"1082287958634356736","Mon Jan 07 23:52:29 +0000 2019","0","@faizalassegaf @jokowi Kelihatan nya mereka menginginkan pemilihan presiden besok itu melalui POLLING SMS. Xixixi","1082424768224124928","","faizalassegaf","in","","0","0","0","https://x.com/undefined/status/1082424768224124928","1053274378585030656",
"1082424750767509505","Mon Jan 07 23:52:25 +0000 2019","0","Suporter Semen Padang Bantah Deklarasi Dukung Jokowi-Ma'ruf Amin VIVA https://t.co/jDD7AnKImc","1082424750767509505","","","in","","0","0","0","https://x.com/undefined/status/1082424750767509505","22236275",
"1082414163421347841","Mon Jan 07 23:52:22 +0000 2019","0","@MasCEPUK @putrikulo @dwisetiawan_stw @crishnady @Anaf173 @InMay_imf @anggunchintya22 @CitraaAriska @MahesaTiwi @TaniaMadhani @KatakHijau2018 @KudaHitam45 @jokowi @prabowo @sandiuno Nek pinter jawab o janji janji ne pak jokowi kui. Nek ora iso jawab sing pekok sopo kan ketok.!??","1082424736699674624","","MasCEPUK","in","","0","0","0","https://x.com/undefined/status/1082424736699674624","1043045979996311553",
"1082180985381240832","Mon Jan 07 23:52:20 +0000 2019","0","@AryBandung @sungkar24 @jokowi Hebat anda... Semoga terus berkembang ya.. aamiin","1082424730144178177","","AryHHAry","in","","0","1","0","https://x.com/undefined/status/1082424730144178177","142850549",
"1082424715422121985","Mon Jan 07 23:52:17 +0000 2019","0","Diduga Tidak Netral Relawan Prabowo-Sandi Bakal Laporkan Polisi ke Mahkamah Internasional https://t.co/QKCdWVr0Kb","1082424715422121985","","","in","","0","0","0","https://x.com/undefined/status/1082424715422121985","1041959303798644736",
"1082249398019534851","Mon Jan 07 23:52:16 +0000 2019","3","@rosinmunir @jokowi Kenapa fokus ke yg tidak dia capai? kenapa ga di syukuri aja dan dilihat apa yg sudah dicapai. Kalau pun dia belum bisa ngelakuin yg terbaik tapi kan ada yg baik yg dia udah lakuin. Hargain aja gitu knp nuntut ini itu ","1082424712670658560","","rosinmunir","in","","0","0","0","https://x.com/undefined/status/1082424712670658560","1048928449983725570",
"1082224910787727367","Mon Jan 07 23:52:09 +0000 2019","0","@ILCtv1 @saididu @karniilyas @KPU_ID @jokowi @prabowo @MarufAminNU @sandiuno Cari nara sumber dari tim kotuf yg pintar jangan kelas cecurut.","1082424682136010753","","ILCTalkshow","in","","0","0","0","https://x.com/undefined/status/1082424682136010753","819027163277971456",
"1082424675697778688","Mon Jan 07 23:52:07 +0000 2019","0","Masih ajah ributin masalah visi misi sama tes baca Al Quran Pas kubu jokowi siap baca lu banding sama visi² misi padahal Yang minta gada debat kubu prabowo. Itu muka Taro dimana lagi? Bener² kliatan bgt cara licik nya. Slalu bikin gaduh dimedia miris","1082424675697778688","","","in","","0","0","0","https://x.com/undefined/status/1082424675697778688","2925179887",
"1082424671444688897","Mon Jan 07 23:52:06 +0000 2019","0","Dahnil ke Ace TKN Jokowi: Baca Lagi Teori Creative Destruction https://t.co/QPnVbGoTWk","1082424671444688897","https://pbs.twimg.com/media/DwWLgGyWkAI8oct.jpg","","in","","0","0","0","https://x.com/undefined/status/1082424671444688897","3288053485",
"1082279578159132672","Mon Jan 07 23:52:02 +0000 2019","0","@sandiuno @prabowo Sippp...makanya kaum Milenia sekarang pada #2019TetapJokowi Krn apa?? Krn demi Indonesia yang Maju dan Modern shg TDK akan diremehkan Negara Negara Luar.","1082424652125790208","","sandiuno","in","","0","0","0","https://x.com/undefined/status/1082424652125790208","1027239883666903040",
"1082210675005386753","Mon Jan 07 23:52:00 +0000 2019","0","@Dahnilanzar @prabowo @sandiuno #2019GantiPresiden #2019PrabowoPresidenRI #2019PrabowoSandi","1082424645343539200","","Dahnilanzar","qme","","0","0","0","https://x.com/undefined/status/1082424645343539200","42209125",
"1082424636678107136","Mon Jan 07 23:51:58 +0000 2019","0","(Berita | Pemilu 2019 ; Pertaruhan Legitimasi Kepala Daerah) https://t.co/PdgCB8HLtY #pemilu #pemilu2019","1082424636678107136","","","in","","0","0","0","https://x.com/undefined/status/1082424636678107136","968428811107819521",
"1082424630357385216","Mon Jan 07 23:51:57 +0000 2019","0","Ngomong ngomong soal si impoten. Mending refresing mata dulu. Nonton yang segar segar. Nanti baru nonton sang imppten kalah ubtuk ke 2 kalinya cek list broh.INI LINKNYA VROH. PAS DI CIDUK LAGI NGEWE DIA https://t.co/lxom6whKKV #vanessaangel #2019PrabowoPresidenRI @jokowi","1082424630357385216","","","in","","0","1","0","https://x.com/undefined/status/1082424630357385216","1082074802871914496",
"1082423118222610433","Mon Jan 07 23:51:54 +0000 2019","1","@milanda28 @Vinapandu15 @prabowo Setuju pakde 2 periode... #2019PrabowoKalahLagi","1082424620005773313","","milanda28","in","","1","1","0","https://x.com/undefined/status/1082424620005773313","1071473354576543744",
"1082424580642197504","Mon Jan 07 23:51:45 +0000 2019","0","Depat Capres Cawapres rasa klompencapir ","1082424580642197504","","","in","","0","0","0","https://x.com/undefined/status/1082424580642197504","1058197150281003008",
"1082279578159132672","Mon Jan 07 23:51:43 +0000 2019","0","@sandiuno @prabowo Pak Prabowo bukan anak muda. Kamu kok jahapp sandi...","1082424572878544897","","sandiuno","in","","0","0","0","https://x.com/undefined/status/1082424572878544897","228310752",
"1082180985381240832","Mon Jan 07 23:51:43 +0000 2019","0","@riskyanindraa @rnjae16 @jokowi Betul ihh udah tua tp gak paham apa dia gak malu yah kalo d keroyokin kaya gini kasihan dia","1082424572517830656","","aniinddd","in","","0","1","0","https://x.com/undefined/status/1082424572517830656","1081435799109853184",
"1082424560488607744","Mon Jan 07 23:51:40 +0000 2019","0","Minimal kalo prabowo jadi presiden gue jadi bisa ngatain ini pasti gara2 prabowo nih di depan emak gue. Ambil positif nya aja lah","1082424560488607744","","","in","","0","0","0","https://x.com/undefined/status/1082424560488607744","378895219",
"1082180985381240832","Mon Jan 07 23:51:38 +0000 2019","0","@sungkar24 @rnjae16 @jokowi Benar hidup itu perjuangan. Tidak mudah tapi harus diperjuangkan. Saya berjuang 10 tahun untuk sampai bisa memiliki tempat kos di 16 tempat di 4 kota berbeda.","1082424553551192066","","sungkar24","in","","0","2","0","https://x.com/undefined/status/1082424553551192066","21760657",
"1082180985381240832","Mon Jan 07 23:51:33 +0000 2019","0","@jokowi busssssssss","1082424531141124096","","jokowi","und","","0","0","0","https://x.com/undefined/status/1082424531141124096","787570425286893568",
"1082320034288984065","Mon Jan 07 23:51:29 +0000 2019","0","@oland_sitorus @Ferdinand_Haean @permadiaktivis @Dennysiregar7 @faizalassegaf @niluhdjelantik @ruhutsitompul @mohmahfudmd @jokowi @KPU_ID @psi_id @PDI_Perjuangan Ini tujuannya si pelerdinan dn gerombolan sontoloyonya.. https://t.co/lttd27zZhs","1082424513701208064","","benz_image","in","","0","0","0","https://x.com/undefined/status/1082424513701208064","994172331986579457",
"1082424494713536512","Mon Jan 07 23:51:24 +0000 2019","0","Yg hobi bohong jokowi kalian hobi banget putar balikan fakta yah gue doain semoga Allah segera menegur kalian baik di dunia dan di akhirat aamiin azab Allah menanti kalian ","1082424494713536512","","","in","","0","0","0","https://x.com/undefined/status/1082424494713536512","1013039595464769536",
"1082424483401457665","Mon Jan 07 23:51:21 +0000 2019","1","Ketika Jendral sudah membuat pernyataan . Teruslah berbuat hoax wahai capres penculik tetaplah menghembuskan isue deligitimasi kepada KPU. Siap siap saja","1082424483401457665","","","in","","0","0","1","https://x.com/undefined/status/1082424483401457665","175431846",
"1082414163421347841","Mon Jan 07 23:51:20 +0000 2019","0","@putrikulo @dwisetiawan_stw @MasCEPUK @crishnady @Anaf173 @InMay_imf @anggunchintya22 @CitraaAriska @MahesaTiwi @TaniaMadhani @KatakHijau2018 @KudaHitam45 @jokowi @prabowo @sandiuno Masih mending suwe ndue twitter ming dadi cebong. Wkwkwkw... Savage","1082424478758400000","","Mugiwararuffy2","in","","0","0","0","https://x.com/undefined/status/1082424478758400000","1043045979996311553",
"1082424437540962304","Mon Jan 07 23:51:11 +0000 2019","0","Sesejuk senyum pak jokowi ke rakyatnya.. #01JokowiLagi","1082424437540962304","","","in","","0","0","0","https://x.com/undefined/status/1082424437540962304","959991582286999552",
"1082424411838328832","Mon Jan 07 23:51:04 +0000 2019","0","Heboh soal debat capres iseng liat2 lagi debat capres 2014. Kesimpulannya: Pak jkw lebih jelas teknis/mau ngapainnya walaupun ada yg normatif juga. Dan apa yg diomongkan sebagian terlaksana dg baik: laut natuna punya satellite sendiri alutsista. Buy back indosat kl ekonomi 7%","1082424411838328832","","","in","","0","1","0","https://x.com/undefined/status/1082424411838328832","960773334",
"1082420035644092416","Mon Jan 07 23:51:02 +0000 2019","0","@AkunTofa @GosPol212 @bawaslu_RI Dari sini saja perlu dipertanyakan netralitas penyelenggara dan pengawas Pemilu","1082424402950537216","","AkunTofa","in","","0","0","1","https://x.com/undefined/status/1082424402950537216","579089730",
"1081874775117447168","Mon Jan 07 23:51:00 +0000 2019","0","@CH_chotimah @fadlizon @prabowo Informasi dr warga? Lha emang tu warga nungguin diruang hemodialisa ngitungin brp jumlah pasien n brp x selang tsb diganti? Selalu alasan meneruskan mendengar dr org lain udah bkin nyinyir Giliran diklarifikasi mingkem Bnr2 calon pemimpin asbun tanpa ilmu","1082424393798582272","","ChusnulCh__","in","","0","0","0","https://x.com/undefined/status/1082424393798582272","786101522245492737",
"1082180985381240832","Mon Jan 07 23:50:48 +0000 2019","0","@jokowi Pak jokowi hebaaat .","1082424344217739264","","jokowi","in","","0","0","0","https://x.com/undefined/status/1082424344217739264","3180494682",
"1082424315591544832","Mon Jan 07 23:50:41 +0000 2019","2","percuma lha mbok pakek o dg cara apapun juga rakyat sdh TIDAK INGIN JOKOWI SBG PRESIDEN LAGI bos @erickthohir @RelawanProjo @rimbawanjokowi tdk ad yg terealisir sejak janji 2014 hingga skrg kok mau nyalon lagi ? opo tumon !!! @Cak_Bram @jokoedy6","1082424315591544832","","","in","","1","0","0","https://x.com/undefined/status/1082424315591544832","801711329128001536",
"1082424312416485377","Mon Jan 07 23:50:41 +0000 2019","5","Debat Pertama Capres dan Cawapres pada Pemilu 2019 akan digelar pada 17 Januari 2019 di Hotel Bidara dan akan disiarkan langsung di TVRI RRI KOMPAS TV dan RTV. Ira Koesno dan Imam Priyono bakal jadi moderator debat. #BeritaSONORA https://t.co/0GcmWOL95X","1082424312416485377","https://pbs.twimg.com/media/DwWLKkuW0AA2qrX.jpg","","in","","1","0","3","https://x.com/undefined/status/1082424312416485377","180696019",
"1082424306825494528","Mon Jan 07 23:50:39 +0000 2019","0","Ini sudah menjadi bagian hidup dari seorang @Prabowo dia selalu pesimis dengan setiap keadaan yang dihadapi. Dimulai 2030 bubar Indonesia adalah negara miskin sampai menolak sesi debat pilpres. #2019PrabowoKalahLagi","1082424306825494528","","","in","","0","0","0","https://x.com/undefined/status/1082424306825494528","1010907011326697473",
"1082424278526550016","Mon Jan 07 23:50:33 +0000 2019","0","Bela Andi Arief Gerindra Bakal Kerahkan Buruh Geruduk TKN Jokowi-Maruf Amin https://t.co/iGEX1AxPM0 https://t.co/51hkRpaezH","1082424278526550016","https://pbs.twimg.com/media/DwWLJP1XcAAQFqp.jpg","","in","","0","0","0","https://x.com/undefined/status/1082424278526550016","1076198531558301696",
"1082424269051555840","Mon Jan 07 23:50:30 +0000 2019","0","Weew capres habis memfitnah sekarang pura pura budek atas jawaban RSCM.","1082424269051555840","","","in","","0","0","0","https://x.com/undefined/status/1082424269051555840","1024577295539822592",
"1082250996330434560","Mon Jan 07 23:50:26 +0000 2019","0","@joxzin_jogja @prabowo Gak ada bedanya dengan pidato oleh inspektur upacara pas upacara bendera setiap Senin....sama2 bicara sama2 satu arah....","1082424252635111425","","joxzin_jogja","in","","0","0","0","https://x.com/undefined/status/1082424252635111425","1048836117506666496",
"1081560683676819457","Mon Jan 07 23:50:19 +0000 2019","0","@Gamal_Albinsaid Semoga Pak Jokowi jadi Presiden lagi dan anda diangkat jadi staf ahli beliau. Amin yah dok..","1082424221215555584","","Gamal_Albinsaid","in","","0","0","0","https://x.com/undefined/status/1082424221215555584","73334694",
"1082424202517393408","Mon Jan 07 23:50:15 +0000 2019","0","Anies Sumbang Rp 33 6 M ke Lombok Fahri Sindir Jokowi: Ya Allah Buku Tabungan Belum Keisi https://t.co/lE5o1qnbH7 #2019PrabowoPresidenRI #2019GantiPresiden #2019PrabowoPresiden","1082424202517393408","","","in","","0","0","0","https://x.com/undefined/status/1082424202517393408","1070682603416514560",
"1082424187266818048","Mon Jan 07 23:50:11 +0000 2019","0","Setelah para buzzer capres malang melintang di TL akhirnya tiba suatu titik dimana mbak VA menyatukan semua... Kalau begini aku yakin @nurhadi_aldo akan menang #DildoForIndonesia ","1082424187266818048","","","in","","0","0","0","https://x.com/undefined/status/1082424187266818048","119931297",
"1082424186881007616","Mon Jan 07 23:50:11 +0000 2019","0","Bahaya kalau debat saja @Prabowo tidak ingin diadakan. Terlihat jelas bahwa dia anti-kritik. Sudah tidak ada harapan untuk menang. #2019PrabowoKalahLagi","1082424186881007616","","","in","","0","0","0","https://x.com/undefined/status/1082424186881007616","1010907011326697473",
"1082184301674930176","Mon Jan 07 23:50:08 +0000 2019","0","@yusuf_dumdum Capres hulai takut darting karena hulai kambing emang joss","1082424175547961344","","yusuf_dumdum","in","","0","0","0","https://x.com/undefined/status/1082424175547961344","258601112",
"1082424153305624577","Mon Jan 07 23:50:03 +0000 2019","1","Pengedit dan Penyebar video Hoax Prabowo menari Sajojo di perayaan Natal bagaimana kabarnya? Cc @fadlizon @AkunTofa @marierteman","1082424153305624577","","","in","","0","0","0","https://x.com/undefined/status/1082424153305624577","579089730",
"1082424137677565953","Mon Jan 07 23:49:59 +0000 2019","0","jika kebohongan yang selalu ditawarkan kepada publik. Pak @Jokowi saya yakin sudah siap dalam semua sesi apalagi (hanya) penyampaian visi-misi. Hanya saja @Prabowo yang menolak komunikasi dua arah tidak ingin ada kritik dan evaluasi atas visi-misinya. #2019PrabowoKalahLagi","1082424137677565953","","","in","","0","0","0","https://x.com/undefined/status/1082424137677565953","1010907011326697473",
"1082168068720144394","Mon Jan 07 23:49:53 +0000 2019","0","@ArdianZidanAH @Gerindra @prabowo @sandiuno Mereka mah mikir nya pake otak yg sdh kena oplas Autan. Jadinya logika nya... ya.. Awut Awutan","1082424112650190848","","ArdianZA_","in","","0","1","0","https://x.com/undefined/status/1082424112650190848","950911070415216641",
"1082287958634356736","Mon Jan 07 23:49:49 +0000 2019","2","@faizalassegaf @jokowi #2019PrabowoKalahLagi #PrabowoCapresHoax #2019Prabowobohong lagi . https://t.co/HAoBWtszQ7","1082424094333661185","https://pbs.twimg.com/media/DwWK9zOWwAAdWs6.jpg","faizalassegaf","in","","0","0","1","https://x.com/undefined/status/1082424094333661185","724363835742654464",
"1082192358219935744","Mon Jan 07 23:49:46 +0000 2019","2","@MCAOps Udah kita ngelapor gini cebong tetep kekeuh buat tagar Prabowo takut Debat.. Kan TOLOL #2019PrabowoPresidenRI #2019PrabowoPresidenRI #2019PrabowoPresidenRI","1082424084242132992","","MCAOps","in","","0","0","1","https://x.com/undefined/status/1082424084242132992","45772167",
"1082424053149757440","Mon Jan 07 23:49:39 +0000 2019","0","Ini yg bicara ahli data dan apa yg di paparkan berupa fakta...@jokowi @saididu @RamliRizal @Kemendag","1082424053149757440","","","in","","0","0","0","https://x.com/undefined/status/1082424053149757440","992655859367866368",
"1082295154751356928","Mon Jan 07 23:49:36 +0000 2019","0","@andre_rosiade Kalau debat Tampa konsep dan persiapan materi itu namanya ilusi berkhayal menerawang berandai-andai jika memang itu yang anda inginkan memang capres anda adalah juara nya ","1082424041640607744","","andre_rosiade","in","","0","0","0","https://x.com/undefined/status/1082424041640607744","1015594540193832961",
"1082420285469421568","Mon Jan 07 23:49:36 +0000 2019","0","@kopitoba @prabowo Antara gila karena napsu tahta atau politisi kita menderita schizophrenia masal. Paling ga tahan sama distorsi informasi yg jadi strategi kampanye 02. I'm not saying that 01 is great but 02 is disgusting!","1082424041367949313","","kopitoba","in","","0","1","1","https://x.com/undefined/status/1082424041367949313","2175489912",
"1082424032954183680","Mon Jan 07 23:49:34 +0000 2019","0","Demokrasi pemilu 2019 #KPUWasitRasaTimses","1082424032954183680","","","in","","0","0","0","https://x.com/undefined/status/1082424032954183680","4761559104",
"1081833527384002560","Mon Jan 07 23:49:33 +0000 2019","1","@RanupsProSandi @KPU_ID @FaldoMaldini @prabowo @bawaslu_RI @AkunTofa @PEPESOfficial @sandiuno @marierteman @RelawanProSandi @Ferdinand_Haean @AndiArief__ @Dahnilanzar @AcehSelatanSatu @maspiyuuu Wajar saja klo @KPU_ID sperti timses bukan penyelenggara. Sementara @bawaslu_RI sbg wasit cm bisa tidur... ","1082424028919296001","","RanupsProSandi","in","","0","0","1","https://x.com/undefined/status/1082424028919296001","233359449",
"1082424006567878656","Mon Jan 07 23:49:28 +0000 2019","0","Debat calon kepala negara itu sudah diatur dalam UU Nomor 7/2017 tentang Pemilu. Jika hal ini ditolak oleh @Prabowo dan @Sandiaga sudah dipastikan bahwa mereka menolak peraturan yang sudah ditetapkan oleh KPU. #2019PrabowoKalahLagi","1082424006567878656","","","in","","0","0","0","https://x.com/undefined/status/1082424006567878656","1010907011326697473",
"1082423990386188288","Mon Jan 07 23:49:24 +0000 2019","0","Ada kaca gak yg layak masuk rekor muri itu jokowi janji kampanye jokowi 2014 di ingkari ","1082423990386188288","","","in","","0","1","0","https://x.com/undefined/status/1082423990386188288","1013039595464769536",
"1082423976821837824","Mon Jan 07 23:49:21 +0000 2019","474","Makanya ngutang? Bank Dunia Sebut BUMN Tak Sanggup Biayai Infrastruktur Jokowi https://t.co/IcXHdjTia4","1082423976821837824","","","in","","17","42","259","https://x.com/undefined/status/1082423976821837824","47154167",
"1082423958408966146","Mon Jan 07 23:49:16 +0000 2019","0","Diduga Tidak Netral Relawan Prabowo-Sandi Bakal Laporkan Polisi ke Mahkamah Internasional https://t.co/3JYRwPTwKB #2019PrabowoSandi","1082423958408966146","","","in","","0","0","2","https://x.com/undefined/status/1082423958408966146","1034442679235489792",
"1082423954298544128","Mon Jan 07 23:49:15 +0000 2019","0","Pemilu 2019 Mesti Dirayakan Riang Gembira https://t.co/n88aBEyjCG","1082423954298544128","","","in","","0","0","0","https://x.com/undefined/status/1082423954298544128","1079671739364167680",
"1082176374901620736","Mon Jan 07 23:49:13 +0000 2019","0","@BantenggMuda @jokowi @KHMarufAmin_ @MahesaTiwi @kangdede78 @P3nj3l4j4h @purwo82092883 @mariaputri89 @woelannnn @5Y5_one_70 @4Y4NKZ @Lidabasah @rocky_garing Award buat Pa PS ada lah","1082423944970350593","","BantenggMuda","in","","0","0","0","https://x.com/undefined/status/1082423944970350593","134400401",
"1082180985381240832","Mon Jan 07 23:49:09 +0000 2019","0","@rnjae16 @imamnur44208175 @jokowi Otak tak berburung ente. Jadi made gk mampu mngeluar air yg jernih","1082423929296236544","","rnjae16","in","","0","0","0","https://x.com/undefined/status/1082423929296236544","1068533490516258816",
"1082421326072160257","Mon Jan 07 23:49:08 +0000 2019","0","@rmiryanti @jokowi @pramonoanung @ganjarpranowo @RizmaWidiono @herilatief @IrHMFaqih @semiaji_w Strategi itu lain orang lain juga tentunya semoga Pemerintahan Jokowi/Jk punya catatan khusus baik dalam membangun dan kiprahnya baik di asia dan dunia kita semua bangsa Indonesia harus berterima kasih semoga Indonesia tetap jaya.","1082423924292386816","","rmiryanti","in","","0","0","0","https://x.com/undefined/status/1082423924292386816","977837827995049984",
"1082423913609478144","Mon Jan 07 23:49:06 +0000 2019","0","Ada bener nya juga kata pak @jokowi Negara ini butuh orang gila ikuti kata hati mu no matter what people say","1082423913609478144","","","in","","0","0","0","https://x.com/undefined/status/1082423913609478144","792336050",
"1082423911294226432","Mon Jan 07 23:49:05 +0000 2019","0","Mungkin @Prabowo sudah tidak percaya diri jika sesi debat diadakan. Terlebih memang tidak ada program dan prestasi yang ditawarkan. Jelas ini adalah cikal bakal kekalahan @Prabowo #2019PrabowoKalahLagi","1082423911294226432","","","in","","0","0","0","https://x.com/undefined/status/1082423911294226432","1010907011326697473",
"1082423909423542273","Mon Jan 07 23:49:05 +0000 2019","0","KPU: Kisi-Kisi Soal Debat Capres-Cawapres Dahulukan Gagasan Bukan Show https://t.co/m1oA7Z3zda https://t.co/IUWclzWWhZ","1082423909423542273","https://pbs.twimg.com/media/DwWKzw4WwAAk8DY.png","","in","","0","0","0","https://x.com/undefined/status/1082423909423542273","798111061752872960",
"1082375825440178176","Mon Jan 07 23:49:04 +0000 2019","0","@MichelaniaAdam Prabowo blm pernah jd presiden","1082423905816502272","","MichelaniaAdam","in","","0","0","0","https://x.com/undefined/status/1082423905816502272","909954728666185729",
"1082423892843642881","Mon Jan 07 23:49:01 +0000 2019","0","Pemilu 2019 Mesti Dirayakan Riang Gembira https://t.co/kJsEJdSzAT","1082423892843642881","","","in","","0","0","0","https://x.com/undefined/status/1082423892843642881","961851659692400640",
"1082423891492892672","Mon Jan 07 23:49:00 +0000 2019","0","Menurut Jokowi yang dibutuhkan saat ini adalah sebuah ekosistem yang baik. Bahkan Jokowi juga menyampingkan soal regulasi. #2019JokowiKyaiMaruf #RakyatPastiMemilihJokowi https://t.co/RiuiMpGBAl","1082423891492892672","","","in","","0","0","0","https://x.com/undefined/status/1082423891492892672","1036458406846943232",
"1081609816693301248","Mon Jan 07 23:49:00 +0000 2019","0","@PnandoA @NgokNgekLOVERS @Gerindra @prabowo Itu mah pemikiran picik dari kubu sebelah sebenarnya sih udah tau 2019 bakal baper lagi makanya nyari opini menyesatkan ke publik Kasiah kampreeeeettt","1082423888775016449","","PnandoA","in","","0","1","0","https://x.com/undefined/status/1082423888775016449","918350870818971648",
"1082419435309125632","Mon Jan 07 23:48:58 +0000 2019","0","Aneh bgt apalagi kejadian mama tadi dia cuman ga nanggepin doaang dianggap seperti musuh. Keluarga sendiri diberantemin gara2 pemilu ga ada topik berantem yg lain apa? Warisan kek.","1082423883699937281","","anisfajr","in","","0","0","0","https://x.com/undefined/status/1082423883699937281","66988263",
"1082423870852755456","Mon Jan 07 23:48:55 +0000 2019","0","Cemen loe.... Gak berani angkat Hoax 7 kontainer. Takut nyungsep capres pujaan loe??","1082423870852755456","","","in","","0","0","0","https://x.com/undefined/status/1082423870852755456","175431846",
"1082423810052087808","Mon Jan 07 23:48:41 +0000 2019","594","...Kalau Anies sampai masuk bui padahal bertebaran kepala2 daerah yg jauh lebih vulgar dukung Jokowi ya tinggal liat aja ntar nih rezim dungu ini akan dihukum publik...Bukan ga mungkin para golput akan sengaja pilih Prabowo untuk mengakhiri kekonyolan rezim dungu ini... (`` )","1082423810052087808","","","in","","14","19","263","https://x.com/undefined/status/1082423810052087808","1040594253401878528",
"1082210675005386753","Mon Jan 07 23:48:37 +0000 2019","0","@etty_markim @Dahnilanzar @prabowo @sandiuno Bibir dan mulut diciptakan hanya untuk bicara yg baik2 saja..duniapun hanya panggung tuk mengumpulkan bekal buat akhirat so PEACE","1082423794155704320","","","in","","0","0","0","https://x.com/undefined/status/1082423794155704320","87415223",
"1082423789260988416","Mon Jan 07 23:48:36 +0000 2019","0","Ternyata... Selain takut jadi imam shalat dan takut baca Al Quran Prabowo juga takut debat #PrabowoTakutDebat","1082423789260988416","","","in","","0","0","0","https://x.com/undefined/status/1082423789260988416","1068864277434384384",
"1082423767417016320","Mon Jan 07 23:48:31 +0000 2019","0","Jika sesi tanya jawab saja @Prabowo menolak apa bedanya @Prabowo dengan penceramah? Penceramah pun sudah melakukan komunikasi dua arah antara peserta majelis dengan berbagai macam pertanyaan dan pak ustad/kiai yang menjawab keresahan peserta majelis. #2019PrabowoKalahLagi","1082423767417016320","","","in","","0","0","0","https://x.com/undefined/status/1082423767417016320","1010907011326697473",
"1082423762744537088","Mon Jan 07 23:48:30 +0000 2019","0","Sangsi pemilu jadi...","1082423762744537088","","","in","","0","0","0","https://x.com/undefined/status/1082423762744537088","34231385",
"1082423749813592064","Mon Jan 07 23:48:27 +0000 2019","0","Ternyata... Selain takut jadi imam shalat dan takut baca Al Quran Prabowo juga takut debat #PrabowoTakutDebat","1082423749813592064","","","in","","0","0","0","https://x.com/undefined/status/1082423749813592064","1059651514531143683",
"1082180985381240832","Mon Jan 07 23:48:21 +0000 2019","0","@sungkar24 @blacknchocolate @jokowi Tuaan lo Kali.. umur udah 42 pikiran masih balita","1082423727067983874","","sungkar24","in","","0","1","0","https://x.com/undefined/status/1082423727067983874","142850549",
"1082180985381240832","Mon Jan 07 23:48:16 +0000 2019","0","@rnjae16 @jokowi Ente yakin prabowo gk ngutang. Nyimpen harta kekayaan hasil ortu dn mertua dri memeras keringat rakyat.","1082423706922582016","","rnjae16","in","","0","0","0","https://x.com/undefined/status/1082423706922582016","1068533490516258816",
"1082423705400045568","Mon Jan 07 23:48:16 +0000 2019","0","Ternyata... Selain takut jadi imam shalat dan takut baca Al Quran Prabowo juga takut debat #PrabowoTakutDebat","1082423705400045568","","","in","","0","0","0","https://x.com/undefined/status/1082423705400045568","1019231790970560513",
"1082417913913520128","Mon Jan 07 23:48:14 +0000 2019","0","@maspiyuuu Apalagi jika yg bilang PRABOWO PASTI D BULLY PARAH !!!","1082423695442755584","","mas_piyuuu","in","","0","0","0","https://x.com/undefined/status/1082423695442755584","845821235657289728",
"1082423674706087936","Mon Jan 07 23:48:09 +0000 2019","0","Ternyata... Selain takut jadi imam shalat dan takut baca Al Quran Prabowo juga takut debat #PrabowoTakutDebat","1082423674706087936","","","in","","0","0","0","https://x.com/undefined/status/1082423674706087936","1058975289206665216",
"1082180985381240832","Mon Jan 07 23:48:03 +0000 2019","0","@jokowi Kerja terooosss.... kapan liburanyaaaaa","1082423649284411392","","jokowi","in","","0","0","0","https://x.com/undefined/status/1082423649284411392","386377687",
"1082423644729438208","Mon Jan 07 23:48:02 +0000 2019","0","Ternyata... Selain takut jadi imam shalat dan takut baca Al Quran Prabowo juga takut debat #PrabowoTakutDebat","1082423644729438208","","","in","","0","0","0","https://x.com/undefined/status/1082423644729438208","1059056771879190528",
"1082415699912318976","Mon Jan 07 23:47:54 +0000 2019","0","@ridlwandjogja @prabowo Jangan ngeres VA gak bakal mau dengan Prabowo yang sudah aki aki tanpa pe......?","1082423611497934848","","ridlwandjogja","in","","0","0","0","https://x.com/undefined/status/1082423611497934848","238945672",
"1082357888834650112","Mon Jan 07 23:47:53 +0000 2019","1","@Gemacan70 Asal ngebacot aja lo fpi emang prabowo bkn china ? Tengku zulkarnaen bkn china ? Makanya piknik yg jauh biar luas wawasannya ","1082423608368984064","","Gemacan70","in","","0","0","0","https://x.com/undefined/status/1082423608368984064","3071457614",
"1082423579608637440","Mon Jan 07 23:47:46 +0000 2019","0","Insya Allah prabowo menang #2019PrabowoPresidenRI","1082423579608637440","","","in","","0","0","1","https://x.com/undefined/status/1082423579608637440","893701485640286208",
"1082423577821929472","Mon Jan 07 23:47:46 +0000 2019","0","WAKIL RAKYAT YAMG TAK BERKUALITAS DIHASILKAN SARI PEMILU YANG TAK BERKUALITAS. Gara2 politisi busuk... Banyak anak muda ketakutan dengan politik. Politik bagai barang haram. Bahkan banyak dari orangtua mereka... https://t.co/vVnsAx0AHo","1082423577821929472","","","in","","0","0","0","https://x.com/undefined/status/1082423577821929472","386984668",
"1082186415641743361","Mon Jan 07 23:47:45 +0000 2019","0","@vita_diahErv @RealForJKW Ini contoh team yg memecah belah pendukung Jokowi dari kalangan pemilih warga NU. Padahal NU secara organisatoris tidak mengikuti politik praktis. Krn kader NU ada di semua partai baik oposisi maupun petahana. Itulah sadisnya mereka mencatut hoax dan fitnah. Naudzubillah","1082423577314451456","","vita_AVP","in","","0","0","0","https://x.com/undefined/status/1082423577314451456","1046266921270673408",
"1082423548302417920","Mon Jan 07 23:47:39 +0000 2019","1","Kalau sesi tanya jawab saja @Prabowo sudah tidak sanggup lebih baik tarik berkasnya. Negara tidak butuh pemimpin yang hanya sekedar penyampaian visi-misi tanpa bukti nyata. #2019PrabowoKalahLagi","1082423548302417920","","","in","","1","0","0","https://x.com/undefined/status/1082423548302417920","1010907011326697473",
"1082273675976400896","Mon Jan 07 23:47:37 +0000 2019","0","@kumparan Pemilu itu pilih presiden pemimpin negara panglima tertinggi dimana citra dan martabat bangsa tercermin darinya. Kalo debat sesama anak negeri saja dipermalukan apalagi kalo debat di forum international?! Percuma KPU berdalih tutupi tindakannya sikap memihaknya jelas kentara.","1082423539834138624","","kumparan","in","","0","0","1","https://x.com/undefined/status/1082423539834138624","971046093331943424",
"1082153032811372549","Mon Jan 07 23:47:36 +0000 2019","0","@PenguntaiKata @suryahamsin83 @Ferdinand_Haean @jokowi Yey gr n gak banget .. yg durhaka mah org yg gr an gak ketulungan ateuh .. ","1082423536780636160","","ItuSemanisAku","in","","0","0","0","https://x.com/undefined/status/1082423536780636160","66321955",
"1082423506585800704","Mon Jan 07 23:47:29 +0000 2019","2","andi arif politisi pendukung prabowo yang paling sering menyebar berita hoax dan membuat gaduh #2019PrabowoKalahLagi","1082423506585800704","","","in","","1","0","0","https://x.com/undefined/status/1082423506585800704","1071015163925422080",
"1082423491314348033","Mon Jan 07 23:47:25 +0000 2019","3","andi arif politisi pendukung prabowo yang paling sering menyebar berita hoax dan membuat gaduh #2019PrabowoKalahLagi","1082423491314348033","","","in","","1","0","1","https://x.com/undefined/status/1082423491314348033","1070690910516604928",
"1082419675575828480","Mon Jan 07 23:47:15 +0000 2019","1","#2019PrabowoPresidenRI @MbahUyok nih yok set signatureku tuk pak @prabowo n dek @sandiuno pake tweetcaster https://t.co/ToZlndhomy","1082423450411487232","https://pbs.twimg.com/media/DwWKZBoWoAApoDK.jpg","MbahUyok","in","","0","0","0","https://x.com/undefined/status/1082423450411487232","4125684014",
"1082423433898553344","Mon Jan 07 23:47:11 +0000 2019","1","@Prabowo yang menolak debat kenapa Pak @Jokowi yang dibilang tidak mau menyampaikan visi-misi? Jika tanya jawab saja Pak @Jokowi ingin diadakan apalagi hanya penyampaian visi-misi? #2019PrabowoKalahLagi","1082423433898553344","","prabowo","in","","1","0","0","https://x.com/undefined/status/1082423433898553344","1010907011326697473",
"1082245764456349696","Mon Jan 07 23:47:11 +0000 2019","1","@joxzin_jogja @prabowo @KPU_ID @kangdede78 hshaha ketakutn sndri blunder maning dah.","1082423432933826565","","joxzin_jogja","in","","0","0","0","https://x.com/undefined/status/1082423432933826565","1064351737757163521",
"1082153032811372549","Mon Jan 07 23:47:07 +0000 2019","0","@Ferdinand_Haean Cuma efek medsos. Efek globalisasi. Siapapun yg ada di puncak akan mengalami. Kebetulan ini JAMAN EMASNYA @jokowi Toh @jokowi TETAP AKAN JADI PRESIDEN 2019-2024 dan @Ferdinand_Haean ttp gigit jari #JokowiLagi #JokowiMembangunIndonesia #JokowiOrangBaik","1082423417557512193","","Ferdinand_Haean","in","","0","0","0","https://x.com/undefined/status/1082423417557512193","811842890200551425",
"1082423407382126592","Mon Jan 07 23:47:05 +0000 2019","25","Selamat pagi. @hariankompas kembali mengingatkan pentingnya penyampaian visi misi Paslon. Isu ekonomi dianggap penting. Mari Pak @jokowi Pak @prabowo dan segenap Timses rakyat menunggu. Apa yg akan Anda lakukan 5 thn ke depan?","1082423407382126592","","","in","","0","2","11","https://x.com/undefined/status/1082423407382126592","88581196",
"1082423348808667136","Mon Jan 07 23:46:51 +0000 2019","1","Penyampaian visi misi yang seperti apa yang dikhawatirkan? Justru @Prabowo yang menolak untuk adanya sesi debat. Dia hanya meminta untuk penyampaian visi-misi saja tanpa adanya sesi debat. Tidak ada komunikasi dua arah dan forum terkesan mati. #2019PrabowoKalahLagi","1082423348808667136","","","in","","0","0","0","https://x.com/undefined/status/1082423348808667136","1010907011326697473",
"1082394496770334721","Mon Jan 07 23:46:49 +0000 2019","0","@PramonoUtan @karniilyas @ILCtv1 @KPU_ID @karniilyas mana berani mas Pram. Stay strong ngadepin komplotan yg mau mendelegitimasi pelaksanaan Pemilu yg berintegritas.","1082423340667592704","","PramonoUtan","in","","0","0","0","https://x.com/undefined/status/1082423340667592704","1028334991",
"1082279578159132672","Mon Jan 07 23:46:49 +0000 2019","0","@sandiuno @prabowo PAS aja deh","1082423338591432704","","sandiuno","in","","0","0","0","https://x.com/undefined/status/1082423338591432704","2576486022",
"1082180985381240832","Mon Jan 07 23:46:48 +0000 2019","0","@sungkar24 @jokowi Makin sakit ditempurung... Kasian","1082423334325891073","","sungkar24","in","","0","1","0","https://x.com/undefined/status/1082423334325891073","142850549",
"1082224910787727367","Mon Jan 07 23:46:46 +0000 2019","0","@ILCtv1 @karniilyas @KPU_ID @jokowi @prabowo @MarufAminNU @sandiuno Kecewa !! Libur akhir tahun saham freeport terlupakan !!","1082423326679609344","","ILCTalkshow","in","","0","0","0","https://x.com/undefined/status/1082423326679609344","951396916264251392",
"1082180985381240832","Mon Jan 07 23:46:44 +0000 2019","0","@blacknchocolate @rnjae16 @jokowi Betul itu dia kok ngelantur pagi2 udah tua tp komen kaya anak alay ih","1082423318307688448","","feelingthirteen","in","","0","1","0","https://x.com/undefined/status/1082423318307688448","1081435799109853184",
"1082350940173127680","Mon Jan 07 23:46:41 +0000 2019","0","@RestyCayah @KPU_ID Maklumlah rakyat tahu Mukidi capres kurang wawasan miskin kosakata minim narasi kerja ngawur. #2019PrabowoPresidenRI","1082423305896783873","","RestyCayah","in","","0","0","0","https://x.com/undefined/status/1082423305896783873","2958701516",
"1082423255300861952","Mon Jan 07 23:46:29 +0000 2019","0","buat kami cukup sudah Ahok yang kalian fitnah.. Jika kalian mengganggu pak Jokowi Kami akan fight ingat : ini Presiden Jokowi yg dicintai rakyatnya CATAT!!! #2019PilihJokowi #2019TetapJokowi","1082423255300861952","","","in","","0","0","0","https://x.com/undefined/status/1082423255300861952","1025278791730380805",
"1082423252289351685","Mon Jan 07 23:46:28 +0000 2019","0","Dg maraknya pasangan nurhadi-aldo gini arah komunikasi politik pasangan capres bakal berubah gak jualannya? Ikut jualan satire mau jualan infra apa mau ttp jualin hoax?","1082423252289351685","","","in","","0","0","0","https://x.com/undefined/status/1082423252289351685","57142560",
"1082423244710264833","Mon Jan 07 23:46:26 +0000 2019","1","Jelang Pemilu 2019 Kabag Ops Minta Anggota Pantau Situasi Kamtibmas https://t.co/on9Pcq7WqC","1082423244710264833","","","in","","0","0","1","https://x.com/undefined/status/1082423244710264833","308209934",
"1082180985381240832","Mon Jan 07 23:46:25 +0000 2019","0","@rnjae16 @ronywijaya85 @imamnur44208175 @jokowi Sby 2 priode. Pak jokowi baru 1 priode.tpi hasilnya jauh lebih baik","1082423241086459904","","rnjae16","in","","0","0","0","https://x.com/undefined/status/1082423241086459904","1068533490516258816",
"1082224910787727367","Mon Jan 07 23:46:23 +0000 2019","0","@ILCtv1 @karniilyas @KPU_ID @jokowi @prabowo @MarufAminNU @sandiuno Mantap #2019PrabowoSandiMenang","1082423231343079424","","ILCTalkshow","in","","0","0","0","https://x.com/undefined/status/1082423231343079424","1054148317255413760",
"1082249398019534851","Mon Jan 07 23:46:22 +0000 2019","0","@jokowi optimis optimis optimis","1082423229174542336","","jokowi","en","","0","0","0","https://x.com/undefined/status/1082423229174542336","1048272406819745794",
"1082423209876643840","Mon Jan 07 23:46:18 +0000 2019","0","@prabowo Sebaiknya pihak paslon 02 bereaksi atas keberpihakan KPU &amp; Bawaslu ke paslon 01 dan mengantisipasi gejala kecurangan yg sekiranya akan dilakukan oleh gerombolan 01 bekerjasama dgn KPU &amp; Bawaslu. 02 harus bereaksi keras. Kami rakyat tdk rela apabila kecurangan terjadi","1082423209876643840","","prabowo","in","","0","0","0","https://x.com/undefined/status/1082423209876643840","935490234451501056",
"1082180985381240832","Mon Jan 07 23:46:13 +0000 2019","0","@AngAlbantani @imamnur44208175 @jokowi Rasis masih ada juga dizaman millennials... Kasian","1082423189978910720","","AngAlbantani","in","","0","2","0","https://x.com/undefined/status/1082423189978910720","142850549",
"1081053148372815878","Mon Jan 07 23:46:12 +0000 2019","0","@SurYosodipuro_ Di rezim Jokowi lagian mimpinya nggak enak mimpi cebong sekolam","1082423185545388033","","SaveMoslem1","in","","0","0","0","https://x.com/undefined/status/1082423185545388033","2335228946",
"1082248649193664512","Mon Jan 07 23:46:12 +0000 2019","0","@permadiaktivis @elfanmris @prabowo @sandiuno @Ferdinand_Haean @Dahnilanzar @saididu @AkunTofa @hanumrais @rockygerung Polri netral gak om.. pengen saya bongkar juga ya.. group cyber troops polri.. ??","1082423184949882880","","permadiaktivis","in","","0","0","0","https://x.com/undefined/status/1082423184949882880","1034982153145073664",
"1068865114344804352","Mon Jan 07 23:46:09 +0000 2019","1","@ustad_alhabsyi Assalamualaikum tadz cuma mau ngasih info nih tadz kalo dulu ni 2014 prabowo-hatta menang telak di RSJ provinsi NTB tau kan tadz kepanjangan RSJ apaan Wasalamualaikum https://t.co/qHZEvu6JqC","1082423173058981889","https://pbs.twimg.com/media/DwWKIeaXcAIPTLq.jpg","ustad_alhabsyi","in","","0","0","0","https://x.com/undefined/status/1082423173058981889","1000095330707300352",
"1081966902434398209","Mon Jan 07 23:46:06 +0000 2019","3","@kemalarsjad @budimandjatmiko Mencoba berfikir dg logika.. Rasio hutang SBY lebih sedikit dari hutang JOKOWI.. Hutang jokowi lebih bnyk tpi LIHAT LIHAT.. Bnyk sekali infrastruktur yg selesai belum genap 1 periode LIHAT LIHAT era SBY ratio hutang lebih sedikit Tapi 2 periode MANGKRAKNYA lebih banyak dri JKW","1082423161465917440","","","in","","0","1","1","https://x.com/undefined/status/1082423161465917440","286121081",
"1082423151894482945","Mon Jan 07 23:46:04 +0000 2019","1","blunder kali ini dilakukan Prabowo Subianto yang menyebut sistem ekonomi yang digunakan Indonesia adalah sistem bodoh dan lebih parah dari neoliberalisme. #2019PrabowoKalahLagi","1082423151894482945","","","in","","0","0","0","https://x.com/undefined/status/1082423151894482945","1010907011326697473",
"1082423134555435009","Mon Jan 07 23:46:00 +0000 2019","0","Potret Mesra Presiden Jokowi dan Ibu Iriana https://t.co/mII9urX1Ml","1082423134555435009","","","in","","0","0","0","https://x.com/undefined/status/1082423134555435009","846715204637376513",
"1082350940173127680","Mon Jan 07 23:45:56 +0000 2019","0","@RestyCayah @KPU_ID Yg minta ditiadakan debat adalah pihak prabowo....jgn dibalik...","1082423119229288448","","RestyCayah","in","","0","0","0","https://x.com/undefined/status/1082423119229288448","734623536296394752",
"1082423112329764864","Mon Jan 07 23:45:55 +0000 2019","0","Kebijakan KPU Bikin Panas Kuping Pendukung Prabowo-Sandi https://t.co/t6jjYIfo1y","1082423112329764864","","","in","","0","0","0","https://x.com/undefined/status/1082423112329764864","846715204637376513",
"1082423071397429248","Mon Jan 07 23:45:45 +0000 2019","1","Ini Dia Daftar Pidato Prabowo yang Kerap Melontarkan Pernyataan Kontroversial Bernada Melecehkan Dan Terkesan Sombong. #2019PrabowokalahLagi https://t.co/fRHoWtVJ6Y","1082423071397429248","","","in","","0","0","0","https://x.com/undefined/status/1082423071397429248","1010907011326697473",
"1082423068386054144","Mon Jan 07 23:45:44 +0000 2019","0","Mengungkap Drama-Drama Jelang Debat Capres https://t.co/sUE1xbDscd","1082423068386054144","","","in","","0","0","0","https://x.com/undefined/status/1082423068386054144","846715204637376513",
"1082210675005386753","Mon Jan 07 23:45:36 +0000 2019","0","@Dahnilanzar @prabowo @sandiuno Mereka hanya orang penakut","1082423034403647489","","Dahnilanzar","in","","0","0","0","https://x.com/undefined/status/1082423034403647489","2193320694",
"1082224910787727367","Mon Jan 07 23:45:35 +0000 2019","0","@ILCtv1 @karniilyas @KPU_ID @jokowi @prabowo @MarufAminNU @sandiuno Mantap.","1082423029630550016","","ILCTalkshow","in","","0","0","0","https://x.com/undefined/status/1082423029630550016","1054148317255413760",
"1082423027441250304","Mon Jan 07 23:45:34 +0000 2019","1","@herilatief @evndari @budimandjatmiko @jokowi @pramonoanung @drarijunaedi @SereidaTambunan @PDIPkabsemarang","1082423027441250304","","herilatief","qam","","0","0","0","https://x.com/undefined/status/1082423027441250304","2449850334",
"1082423025289486336","Mon Jan 07 23:45:34 +0000 2019","1","Jokowi adlh Pemimpin negara Indonesia yang sudah berusaha gigih meratakan keadilan sosial bagi seluruh rakyat Indonesia dalam tempo sesingkat-singkatnya. #2019PrabowokalahLagi","1082423025289486336","","","in","","0","0","0","https://x.com/undefined/status/1082423025289486336","1010907011326697473",
"1082197045903949824","Mon Jan 07 23:45:32 +0000 2019","0","@mohmahfudmd Pak Jokowi sebenernya bisa menang mutlak kalau tidak terkesan disetir orang2 sekelililngnya yang tampak rakus !","1082423017806880768","","mohmahfudmd","in","","0","0","0","https://x.com/undefined/status/1082423017806880768","1419793560",
"1082224910787727367","Mon Jan 07 23:45:26 +0000 2019","1","@ILCtv1 @karniilyas @KPU_ID @jokowi @prabowo @MarufAminNU @sandiuno Sediakan kursi buat om @rockygerung","1082422994402631680","","ILCTalkshow","in","","0","0","0","https://x.com/undefined/status/1082422994402631680","99607847",
"1082180985381240832","Mon Jan 07 23:45:26 +0000 2019","0","@rnjae16 @imamnur44208175 @jokowi Gaya anda kaya si pigai hitam itu","1082422990866833408","","rnjae16","in","","0","1","0","https://x.com/undefined/status/1082422990866833408","1068533490516258816",
"1082422987964350464","Mon Jan 07 23:45:25 +0000 2019","1","Prabowo itu memang angkuh suka menghina dan ngawur menyikapi fakta. #2019Prabowokalahlagi","1082422987964350464","","","in","","0","0","0","https://x.com/undefined/status/1082422987964350464","1010907011326697473",
"1082422978346958851","Mon Jan 07 23:45:23 +0000 2019","0","pengelolaan BPJS #bpjs #indonesiahebat #jokowi #prabowo #prabowosandi https://t.co/QtBfNqaL2S","1082422978346958851","","","in","","0","0","0","https://x.com/undefined/status/1082422978346958851","1069401364067868673",
"1082422969379508225","Mon Jan 07 23:45:21 +0000 2019","0","keren #bpjs #indonesiahebat #jokowi #prabowo #prabowosandi https://t.co/SM8bc0uPte","1082422969379508225","","","hu","","0","0","0","https://x.com/undefined/status/1082422969379508225","1069401364067868673",
"1082422946440736769","Mon Jan 07 23:45:15 +0000 2019","1","Jokowi baru 4 tahun menjabat sebagai Presiden RI tapi sudah melakukan banyak hal untuk mewujudkan keadilan sosial bagi seluruh rakyat Indonesia. Papua dan daerah-daerah perbatasan Indonesia menjadi saksinya!!! #2019PrabowokalahLagi","1082422946440736769","","","in","","0","0","0","https://x.com/undefined/status/1082422946440736769","1010907011326697473",
"1082422937448112128","Mon Jan 07 23:45:13 +0000 2019","0","Saya heran juga dengan pasukannya mas @prabowo kok semua kesepakatan bersama kemudian di framing seolah-olah @KPU_ID berpihak pada satu calon saja. Kita jd tahu yg niatnya bikin gaduh pemilu kita itu siapa. Itu yg hadir ke rapat tuyul kah?","1082422937448112128","","","in","","0","0","0","https://x.com/undefined/status/1082422937448112128","276795000",
"1082422922872942592","Mon Jan 07 23:45:09 +0000 2019","1","KPU Cianjur Telah Menerima Logistik Pemilu 2019 https://t.co/r71X0ntR3r #infoCJR","1082422922872942592","","","in","","0","0","0","https://x.com/undefined/status/1082422922872942592","165331838",
"1082422908905959424","Mon Jan 07 23:45:06 +0000 2019","0","Prof.Mahfud MD kelebihan pasangan Jokowi-Ma'ruf Amin yaitu Perpaduan usia tua dan muda sehingga akan bersikap dan bertindak sederhana Jokowi itu jujur dan seorang pekerja keras #2019PrabowoKalahLagi","1082422908905959424","","","in","","0","0","0","https://x.com/undefined/status/1082422908905959424","1010907011326697473",
"1082420285469421568","Mon Jan 07 23:45:04 +0000 2019","0","@poutmonz @prabowo Hasrat mau Berkuasanya udah diubun² ","1082422898772500480","","poutmonz","in","","0","1","0","https://x.com/undefined/status/1082422898772500480","996826469400629248",
"1082422888831938560","Mon Jan 07 23:45:01 +0000 2019","3","Prabowo Siap Jawab Pertanyaan soal HAM https://t.co/MhEgbNoDbz","1082422888831938560","","","in","","0","2","2","https://x.com/undefined/status/1082422888831938560","22126902",
"1082422884323155969","Mon Jan 07 23:45:00 +0000 2019","0","Andai Dildo Ikutan Nyapres Pasti Gue Bakal Milih Dildo Daripada Jokowi atau Prabowo.","1082422884323155969","","","in","","0","0","0","https://x.com/undefined/status/1082422884323155969","2306581730",
"1082248649193664512","Mon Jan 07 23:44:59 +0000 2019","0","@SzZelo @permadiaktivis @prabowo @sandiuno @Ferdinand_Haean @Dahnilanzar @saididu @AkunTofa @hanumrais @rockygerung Jual apem juga ya","1082422878476201984","","SzZelo","in","","0","0","0","https://x.com/undefined/status/1082422878476201984","1034982153145073664",
"1082422868955131904","Mon Jan 07 23:44:57 +0000 2019","0","Gempita politik genderuwo yang menebarkan rasa takut dan bingung di kalangan masyarakat menunjukkan eskalasi ke-sontoloyo-an sampai kulminasi sd bln April nanti. Pasangan Prabowo-Sandi serta timnya akan terus menebarkan rentetan kebohongan yang akut. #2019PrabowoKalahLagi","1082422868955131904","","","in","","0","0","0","https://x.com/undefined/status/1082422868955131904","1010907011326697473",
"1082287958634356736","Mon Jan 07 23:44:54 +0000 2019","0","@faizalassegaf @jokowi Ngomong soal keadilan :)) https://t.co/lSImS67q3u","1082422857370497024","https://pbs.twimg.com/media/DwWJ1_NXcAEO9hs.jpg","faizalassegaf","in","","0","0","0","https://x.com/undefined/status/1082422857370497024","247140127",
"1082422844729053186","Mon Jan 07 23:44:51 +0000 2019","0","Fakta #bpjs #indonesiahebat #jokowi #prabowo #prabowosandi https://t.co/wgjsNOBdx0","1082422844729053186","","","sv","","0","0","0","https://x.com/undefined/status/1082422844729053186","1069401364067868673",
"1082422833035255809","Mon Jan 07 23:44:48 +0000 2019","0","lhooo kan #debat #debatpilpres #jokowi #prabowo #prabowosandi https://t.co/GcCLYdBUMQ","1082422833035255809","","","in","","0","0","0","https://x.com/undefined/status/1082422833035255809","1069401364067868673",
"1082422829180538880","Mon Jan 07 23:44:47 +0000 2019","0","Gempita politik genderuwo yang menebarkan rasa takut dan bingung di kalangan masyarakat menunjukkan eskalasi ke-sontoloyo-an sampai kulminasi empat bulan kedepan. Pasangan Prabowo-Sandi serta timnya akan terus menebarkan rentetan kebohongan yang akut. #2019PrabowoKalahLagi","1082422829180538880","","","in","","0","0","0","https://x.com/undefined/status/1082422829180538880","1010907011326697473",
"1082422822440337408","Mon Jan 07 23:44:45 +0000 2019","0","Tak mau ketauan takut debat lalu menyerang pertahanan hahahaha https://t.co/AS83FQfdQJ TKN Jokowi-Ma'ruf kembali melontarkan fakta lain soal hasil rapat bersama BPN Prabowo-Sandi dan KPU. TKN Jokowi-Ma'ruf menyeret nama Priyo Budi Santoso.","1082422822440337408","","","in","","0","0","0","https://x.com/undefined/status/1082422822440337408","100938088",
"1082422811895967744","Mon Jan 07 23:44:43 +0000 2019","0","#bpjs #indonesiahebat #jokowi #prabowo #prabowosandi https://t.co/JC7VSMZu6l","1082422811895967744","","","qme","","0","0","0","https://x.com/undefined/status/1082422811895967744","1069401364067868673",
"1081427414951968768","Mon Jan 07 23:44:32 +0000 2019","0","@sandiuno @MichelaniaAdam @prabowo PRABOWO @Sandiuno presiden 2019","1082422764814852096","","sandiuno","in","","0","0","0","https://x.com/undefined/status/1082422764814852096","263048211",
"1082248649193664512","Mon Jan 07 23:44:31 +0000 2019","0","@permadiaktivis @snofkenedy @prabowo @sandiuno @Ferdinand_Haean @Dahnilanzar @saididu @AkunTofa @hanumrais @rockygerung Apem berapa ??","1082422763015393280","","permadiaktivis","in","","0","0","0","https://x.com/undefined/status/1082422763015393280","1034982153145073664",
"1082180985381240832","Mon Jan 07 23:44:31 +0000 2019","0","@rnjae16 @jokowi Lagi sehat orang sehat harus negur yg sakit oke?","1082422761178390528","","rnjae16","in","","0","1","0","https://x.com/undefined/status/1082422761178390528","1081435799109853184",
"1082422753729232896","Mon Jan 07 23:44:29 +0000 2019","3","Masak Pak Jokowi dan Pak Prabowo takut debat sih kalian ada-ada saja. Yuk tunggu saja tanggal mainnya kita bisa lihat bagaimana beliau ini adu argumen adu visi misi adu program.","1082422753729232896","","","in","","0","1","0","https://x.com/undefined/status/1082422753729232896","158660810",
"1082296185354780672","Mon Jan 07 23:44:29 +0000 2019","0","@saididu Umumnya rakyat suka Pak Jokowi tapi tidak seneng dengan punggawa2 sekelilingnya itu.","1082422752768741376","","saididu","in","","0","0","0","https://x.com/undefined/status/1082422752768741376","1419793560",
"1082146282808913920","Mon Jan 07 23:44:26 +0000 2019","0","@MahesaTiwi @FaGtng @purwo82092883 @projopusat @bangzul_1988 @makLambeTurah Yayaya...semoga saja Prabowo jadi presiden ke 2019","1082422740391419904","","mahesatiwi","in","","0","0","0","https://x.com/undefined/status/1082422740391419904","3277134913",
"1082422740282368000","Mon Jan 07 23:44:26 +0000 2019","0","Prabowo kerap tak menggunakan data yang valid dlm orasinya. Sangat bahaya jika Beliau menjadi Presiden krna akan salah dlm membuat kebijakan #2019PrabowoKalahlagi","1082422740282368000","","","in","","0","0","0","https://x.com/undefined/status/1082422740282368000","1010907011326697473",
"1082180985381240832","Mon Jan 07 23:44:22 +0000 2019","0","@AngAlbantani @jokowi Daripada Jokowi yg sudah pasti raja hutang","1082422722414723078","","AngAlbantani","in","","0","2","0","https://x.com/undefined/status/1082422722414723078","142850549",
"1082180985381240832","Mon Jan 07 23:44:13 +0000 2019","1","@rnjae16 @imamnur44208175 @jokowi Tol bali tanpa hutang 10 thn cma dapat itu... yg lainnya mngkin suramadu ada lagi gak sebutin dong biar rakyat gak mikir krn Negara tergadaikan?","1082422685336973317","","rnjae16","in","","0","1","0","https://x.com/undefined/status/1082422685336973317","1080059224736985088",
"1082269462726918147","Mon Jan 07 23:44:10 +0000 2019","4","@nay_shihab @MbahUyok Pak @BimaAryaS tolong klarifikasi soal satu telunjuk. Anda sudah pernah bilang tidak ikut campur pilpres. Mw fokus urusin warga bogor. Bulshit ente. @Official_PAN @prabowo @sandiuno","1082422673785810944","","nay_shihab","in","","0","1","2","https://x.com/undefined/status/1082422673785810944","236004490",
"1082422673089515520","Mon Jan 07 23:44:10 +0000 2019","0","Ini kayanya Prabowo-Sandi harus kuliah lagi. Semua panelis yang akan hadir adalah para pakar dibidangnya masing2. Siap? Mantap https://t.co/bwuZdcv5Wr #PrabowoTakutDebat","1082422673089515520","","","in","","0","0","0","https://x.com/undefined/status/1082422673089515520","1070973416109305856",
"1082422668500987905","Mon Jan 07 23:44:09 +0000 2019","0","TKN: BPN Prabowo yang Minta Pertanyaan Debat Buka Notulen Rapat KPU! https://t.co/lSQ4z70Ule","1082422668500987905","","","in","","0","0","0","https://x.com/undefined/status/1082422668500987905","996826469400629248",
"1082414163421347841","Mon Jan 07 23:44:07 +0000 2019","0","@putrikulo @dwisetiawan_stw @MasCEPUK @crishnady @Anaf173 @InMay_imf @anggunchintya22 @CitraaAriska @MahesaTiwi @TaniaMadhani @KatakHijau2018 @KudaHitam45 @prabowo Yah cebong bisanya serang personal coba buka video debat 2014 aja deh ","1082422660540248064","","putrikulo","in","","0","0","0","https://x.com/undefined/status/1082422660540248064","992981455096631296",
"1082420285469421568","Mon Jan 07 23:44:05 +0000 2019","0","@kopitoba @prabowo Dia yang parno sendiri senegara dibuat repot.","1082422651610529792","","kopitoba","in","","0","1","0","https://x.com/undefined/status/1082422651610529792","2175489912",
"1082422587567726592","Mon Jan 07 23:43:49 +0000 2019","0","Presiden Jokowi dalam sebuah rapat kabinet terbatas belum lama ini sudah memerintahkan pejabat terkait untuk memberikan kesempatan kepada ribuan bahkan mungkin jutaan warga Indonesia untuk belajar baik di dalam mau pun luar negeri. #2019PrabowoKalahLagi","1082422587567726592","","","in","","0","0","0","https://x.com/undefined/status/1082422587567726592","1010907011326697473",
"1082180985381240832","Mon Jan 07 23:43:49 +0000 2019","0","@Hans55094647 @imamnur44208175 @jokowi Menkeu Termasuk org terpandai sedunia?... Sungguh cerdas lo.. wkwkwk","1082422585810436097","","Hans55094647","in","","0","0","0","https://x.com/undefined/status/1082422585810436097","142850549",
"1082180985381240832","Mon Jan 07 23:43:45 +0000 2019","0","@rnjae16 @jokowi Anda yakin kepimpinan prabowo sandi gk akan ngutang. Kampanye aja mrka minta sumbangan yg di janjikan masuk surga.","1082422567162376192","","rnjae16","in","","0","1","0","https://x.com/undefined/status/1082422567162376192","1068533490516258816",
"1082422564415188994","Mon Jan 07 23:43:44 +0000 2019","0","Prestasinya banyak Jokowi memang pantas menang lagi #2019PrabowoKalahLagi","1082422564415188994","","","in","","0","0","0","https://x.com/undefined/status/1082422564415188994","1010907011326697473",
"1082263990107959296","Mon Jan 07 23:43:41 +0000 2019","3","@Asmara_1701 @MbahUyok @aniesbaswedan Setuju banget. Prabowo menang bila tidak dicurangi. #2019PrabowoPresidenRI","1082422553900011520","","Asmara_1701","in","","0","0","0","https://x.com/undefined/status/1082422553900011520","3270199333",
"1082422527077474304","Mon Jan 07 23:43:35 +0000 2019","0","Dulu kalian sebut Jokowi planga-plongo Sekarang kalian yg Planga Plongo lihat Prestasi Jokowi. #2019PrabowoKalahLagi","1082422527077474304","","","in","","0","0","0","https://x.com/undefined/status/1082422527077474304","1010907011326697473",
"1082294876417323008","Mon Jan 07 23:43:33 +0000 2019","1","@nisma_mokhtar @FirdausMuzda @intelimoet @Asroel_Boz @RamliRizal @PartaiSocmed @KPU_ID Lha iya itu kan sanggahan si Dahnil wajarlah Kan tinggal buka aja notulen rapatnya waktu itu akan ketahuan semua borok2nya. Sesudah dg santai melempar HOAX Jokowi takut debat dan adu visi misi dsb skrg kubu 02 baru sibuk klarifikasi. Sampah!!! Iya Sampah!!! ","1082422519297003520","","nisma_mokhtar","in","","0","3","1","https://x.com/undefined/status/1082422519297003520","21372138",
"1082249398019534851","Mon Jan 07 23:43:30 +0000 2019","0","@jokowi Selamat berkarya dan berprestasi GBU &amp; family","1082422506617593856","","jokowi","in","","0","0","0","https://x.com/undefined/status/1082422506617593856","903600911506825220",
"1082422492755456000","Mon Jan 07 23:43:27 +0000 2019","0","Megawati: Saya Tetap Berteman dengan @prabowo tapi Kok Anak Buahnya Gitu Ya? https://t.co/RSqiEJJ2VS","1082422492755456000","","","in","","0","0","0","https://x.com/undefined/status/1082422492755456000","996826469400629248",
"1082308433942986752","Mon Jan 07 23:43:25 +0000 2019","0","@DaunKelor12 @Dennysiregar7 entahlah klo onget pendukung prabowo inget prabowo tukang hoax.","1082422483372797952","","DaunKelor12","in","","0","0","0","https://x.com/undefined/status/1082422483372797952","2557598088",
"1082415313679835136","Mon Jan 07 23:43:24 +0000 2019","0","@RustamIbrahim @jokowi Sepertinya keyakinan anda terhadap @jokowi tidak terjawab samasekali. Seharusnya ini kesempatan besar toh ratusan data mendukung petahana !","1082422479744774145","","RustamIbrahim","in","","0","1","0","https://x.com/undefined/status/1082422479744774145","344572074",
"1082422455388368898","Mon Jan 07 23:43:18 +0000 2019","0","Mental Juara ada pada Jokowi - KH Ma ruf Amin #2019PrabowokalahLagi i","1082422455388368898","","","in","","0","0","0","https://x.com/undefined/status/1082422455388368898","1010907011326697473",
"1082422438267215872","Mon Jan 07 23:43:14 +0000 2019","0","Pemilu kali ini akan sama dengan Pilkada Jakarta~ Triknya juga hampir sama hihi","1082422438267215872","","","in","","0","0","0","https://x.com/undefined/status/1082422438267215872","988849801",
"1082414163421347841","Mon Jan 07 23:43:12 +0000 2019","0","@putrikulo @dwisetiawan_stw @MasCEPUK @crishnady @Anaf173 @InMay_imf @anggunchintya22 @CitraaAriska @MahesaTiwi @TaniaMadhani @KatakHijau2018 @KudaHitam45 @jokowi @prabowo @sandiuno pemerintah sedang membangun tahap infrastuktur . Emang dr jaman belanda gak bangun infrastuktur!? Sebuah kewajiban gak usah di banggain. Utang noh yg perlu di banggain. #eh","1082422430985932800","","putrikulo","in","","0","0","0","https://x.com/undefined/status/1082422430985932800","1043045979996311553",
"1082406430718648321","Mon Jan 07 23:43:05 +0000 2019","0","@maspiyuuu Capres saya sih bukan orang yang suka mempermalukan orang lain insya Allah. Tapi kalau caprs satunya ternyata mempermalukan diri sendiri lagi walau KPU sudah lindungi segitu rupa ya bisa bilang apa. Karena kapasitas seseorang dan IQ gak akan bohong.","1082422400698900480","","mas_piyuuu","in","","0","0","0","https://x.com/undefined/status/1082422400698900480","996349740907347968",
"1082422395242049536","Mon Jan 07 23:43:04 +0000 2019","2","nyalahin orang mulu perusak citra prabowo itu bukan kubu 01 tapi politisi-politisi BPN yang suka buat gaduh di masyarakat #2019PrabowoKalahLagi","1082422395242049536","","","in","","0","0","0","https://x.com/undefined/status/1082422395242049536","1070690910516604928",
"1082422373104607232","Mon Jan 07 23:42:58 +0000 2019","0","Angkuh sekali Capres 02 ini. Katanya jika dia dan para pendukungnya tidak keluar sebagai pemenang maka negara Indonesia bisa punah. Kepunahan ini bisa terjadi krna sudah semakin dan terlalu lama para elite berkuasa dengan langkah dan cara yang keliru. #2019PrabowoKalahLagi","1082422373104607232","","","in","","0","0","0","https://x.com/undefined/status/1082422373104607232","1010907011326697473",
"1082422347691450368","Mon Jan 07 23:42:52 +0000 2019","0","tiba-tiba nolak pak? #debat #debatpilpres #jokowi #prabowo #prabowosandi https://t.co/SJf50dbLC8","1082422347691450368","","","in","","0","0","0","https://x.com/undefined/status/1082422347691450368","1069401364067868673",
"1082422341852786688","Mon Jan 07 23:42:51 +0000 2019","0","Prabowo Subianto kerap melontarkan narasi blunder saat kampanye yg justru merugikan dirinya karena berpengaruh signifikan thd elektabilitasnya. #2019PrabowoKalahLagi","1082422341852786688","","","in","","0","0","0","https://x.com/undefined/status/1082422341852786688","1010907011326697473",
"1082332816388513792","Mon Jan 07 23:42:47 +0000 2019","6","@akhadam77 @Aldo41648277 @ustadtengkuzul Ya di seluruh dunia gak ada pemerintahan yang 100% sempurna tapi di 3.5th ini jokowi sudah berusaha lakukan yang terbaik terutama untuk kepentingan rakyat. Ttg klaim yg ditolak tentu disetiap perush asuransi manapun didunia pasti tetap ada klaim yg tertolak dgn macam2 sebab.","1082422326564610048","","akhadam77","in","","0","1","0","https://x.com/undefined/status/1082422326564610048","1027234997432807424",
"1082422316095680513","Mon Jan 07 23:42:45 +0000 2019","0","lalu jadinya bagaimana? #debat #debatpilpres #jokowi #prabowo #prabowosandi https://t.co/KcwyO2wMJp","1082422316095680513","","","in","","0","0","0","https://x.com/undefined/status/1082422316095680513","1069401364067868673",
"1082244656832819200","Mon Jan 07 23:42:42 +0000 2019","1","@AndiArief__ @jansen_jsp Di prosesnya ketika Prabowo sdh jd Presiden ","1082422306108977152","","Andiarief__","in","","0","0","0","https://x.com/undefined/status/1082422306108977152","3149419488",
"1082422300576628736","Mon Jan 07 23:42:41 +0000 2019","0","Debat capres-cawapres ini engga ada lagi kata main-main apalagi joget-joget. Tidak ada lagi panggung untuk Prabowo-Sandi tebar pesona https://t.co/29Be296Cxb? #PrabowoTakutDebat","1082422300576628736","","","in","","0","0","0","https://x.com/undefined/status/1082422300576628736","1070973416109305856",
"1082422290074103808","Mon Jan 07 23:42:39 +0000 2019","0","Melawan Prabowo utk kedua kalinya di Pilpres kemenangan mudah akan diraih Jokowi yg kini memiliki segalanya sperti prestasi rekam jejak dan dukungan dari berbagai pihak. #2019PrabowoKalahLagi","1082422290074103808","","","in","","0","0","0","https://x.com/undefined/status/1082422290074103808","1010907011326697473",
"1082422285103820800","Mon Jan 07 23:42:37 +0000 2019","0","Bnyk lakukan ini krn ingin jatuhkan jokowi scra tdk konstituen &amp; tdk bs maling duit negara (cont) https://t.co/IKlNCXFzUP","1082422285103820800","","","in","","0","0","0","https://x.com/undefined/status/1082422285103820800","276878668",
"1082415776877793280","Mon Jan 07 23:42:37 +0000 2019","0","@BangPino_ @prabowo #2019PrabowoPresiden #2019PrabowoPresiden #2019PrabowoPresiden #2019PrabowoPresiden #2019PrabowoPresiden #2019PrabowoPresiden #2019PrabowoPresiden #2019PrabowoPresiden #2019PrabowoPresiden #2019PrabowoPresiden #2019PrabowoPresiden #2019PrabowoPresiden","1082422285070286848","","BangPino_","qme","","0","0","0","https://x.com/undefined/status/1082422285070286848","886560817721729024",
"1082422245903937536","Mon Jan 07 23:42:28 +0000 2019","0","Sebagai tokoh oposisi Prabowo tak cukup cerdas meraih simpati Rakyat Malah justru kerap melakukan blunder yg merugikan elektabilitasnya. #2019PrabowoKalahLagi","1082422245903937536","","","in","","0","0","0","https://x.com/undefined/status/1082422245903937536","1010907011326697473",
"1082422213679009792","Mon Jan 07 23:42:20 +0000 2019","1","Rakyat memilih secara personal tidak terpengaruh dengan partai politik. Dan Jokowi dikenal sbagai politisi independen wlw tercatat sbagai kader PDI-P #2019PrabowoKalahLagi","1082422213679009792","","","in","","0","0","0","https://x.com/undefined/status/1082422213679009792","1010907011326697473",
"1082422210139119616","Mon Jan 07 23:42:19 +0000 2019","0","(DETIKCOM | Priyo Budi yang Tak Mau Ada Debat Capres-Cawapres) https://t.co/jhgwfBfIDb #pemilu #pemilu2019","1082422210139119616","","","in","","0","0","0","https://x.com/undefined/status/1082422210139119616","968428811107819521",
"1082422201184210944","Mon Jan 07 23:42:17 +0000 2019","0","@budimandjatmiko @suryapaloh51 @fadlizon @Fahrihamzah @fahiraidris @mrshananto @KwikKianGie_edu @jokowi @uda_dayat @marierteman @prabowo @KHMarufAmin_ @sandiuno @saididu @ReflyHZ","1082422201184210944","","budimandjatmiko","qam","","0","0","0","https://x.com/undefined/status/1082422201184210944","325507498",
"1082290237668089856","Mon Jan 07 23:42:14 +0000 2019","0","@tempodotco Baru kurang lebih 3 bln blusukan sdh lelah bgmn kalau 5 tahun? Udah biar @jokowi saja anda cukup jd pengusaha.","1082422186931941376","","tempodotco","in","","0","0","0","https://x.com/undefined/status/1082422186931941376","38063347",
"1082422176471347201","Mon Jan 07 23:42:11 +0000 2019","2","Jokowi memiliki jiwa kepemimpinan yang jelas. Sikap sederhana yang ditunjukkan Jokowi menambah nilai tambah. #2019PrabowoKalahLagi","1082422176471347201","","","in","","0","0","0","https://x.com/undefined/status/1082422176471347201","1010907011326697473",
"1082422163888431104","Mon Jan 07 23:42:08 +0000 2019","10","[SALAH] Pelintiran Konteks Video Prabowo Menari Sajojo Video yang asli adalah yang diunggah di 2016 video yang baru-baru ini beredar disunting ditambahkan teks di dalam video dan atau ... Selengkapnya di bagian PENJELASAN dan REFERENSI. https://t.co/omEu9WxBbT #LawanHoax https://t.co/ufoi1GHtWB","1082422163888431104","https://pbs.twimg.com/media/DwWJHbOXgAEhdwq.jpg","","in","","2","5","27","https://x.com/undefined/status/1082422163888431104","803432630121218048",
"1082359264482537472","Mon Jan 07 23:42:02 +0000 2019","0","@PriyoBudiS @prabowo @sandiuno @jokowi Siap Ndan...","1082422135685935104","","PriyoBudiS","in","","0","0","0","https://x.com/undefined/status/1082422135685935104","1183840423",
"1082422135195193344","Mon Jan 07 23:42:02 +0000 2019","1","Rakyat kini memilih Pemimpin itu berdasarkan rekam jejak yg baik. Dan Jokowi lah pilihan tepatnya. #2019PrabowoKalahLagi","1082422135195193344","","","in","","0","0","0","https://x.com/undefined/status/1082422135195193344","1010907011326697473",
"1082180985381240832","Mon Jan 07 23:42:01 +0000 2019","0","@jokowi Nyuruh kerja orang cina apa orang indonesia","1082422132519317504","","jokowi","in","","0","0","0","https://x.com/undefined/status/1082422132519317504","1079580546970222593",
"1082422125510754306","Mon Jan 07 23:41:59 +0000 2019","0","jadi ga kuat nih #debat #debatpilpres #jokowi #prabowo #prabowosandi https://t.co/m2f4OKXsop","1082422125510754306","","","in","","0","0","0","https://x.com/undefined/status/1082422125510754306","1069401364067868673",
"1082249398019534851","Mon Jan 07 23:41:54 +0000 2019","0","@jokowi Ini Hoax gak ya pak @jokowi Mohon klarifikasi agar kami tercerahkan https://t.co/IRBdcst6PR","1082422101238198272","https://pbs.twimg.com/media/DwWJKKRWkAE1vTv.jpg","jokowi","in","","0","0","0","https://x.com/undefined/status/1082422101238198272","999561471930449921",
"1082422092899831808","Mon Jan 07 23:41:52 +0000 2019","1","Gayanya yg merakyat jujur apa adanya adalah daya pikat Jokowi yg tak dimiliki Prabowo. #2019PrabowoKalahLagi","1082422092899831808","","","in","","0","0","0","https://x.com/undefined/status/1082422092899831808","1010907011326697473",
"1082422086327357441","Mon Jan 07 23:41:50 +0000 2019","2","Anak SMA yang masih fresh dan cerdas aja bisa kalap mentalnya saat ulangan karena rata2 mereka belum menguasai bidang pelajaran. Apalagi paslon yang ga punya ilmu pemerintahan. Prabowo-Sandi menghadapi ujian yg sesungguhnya. https://t.co/UX0MP0ATH9? #PrabowoTakutDebat","1082422086327357441","","","in","","0","0","2","https://x.com/undefined/status/1082422086327357441","1070973416109305856",
"1082422084515450880","Mon Jan 07 23:41:50 +0000 2019","0","RELAWAN AJA MENYESAL APALAGI KITA SEBAGAI RAKYAT ...TAK DISANGKA ~ PENGAKUAN RELAWAN JOKOWI DILUAR DUGAAN.. https://t.co/f9oOiFewPi lewat @YouTube","1082422084515450880","","","in","","0","0","0","https://x.com/undefined/status/1082422084515450880","4897580641",
"1082279578159132672","Mon Jan 07 23:41:45 +0000 2019","1","@sandiuno @prabowo Makanya jgn diam mari menangkan #TetapJokowi https://t.co/9d0Zw1lhmE","1082422064017924096","https://pbs.twimg.com/media/DwWJHrIWoAADkdZ.jpg","sandiuno","in","","0","0","0","https://x.com/undefined/status/1082422064017924096","4859281686",
"1082422060935131136","Mon Jan 07 23:41:44 +0000 2019","1","Menyebarkan hoak tentang Jokowi adlh upaya menutupi kelemahan Prabowo. #2019PrabowoKalahLagi","1082422060935131136","","","in","","0","0","0","https://x.com/undefined/status/1082422060935131136","1010907011326697473",
"1082422026030088192","Mon Jan 07 23:41:36 +0000 2019","2","Elektabilitas Prabowo yg terus menerus rendah adalah gelagat jika Jokowi lah Pemenang Pilpres 2019. #2019PrabowoKalahLagi","1082422026030088192","","","in","","0","0","0","https://x.com/undefined/status/1082422026030088192","1010907011326697473",
"1082301450632323072","Mon Jan 07 23:41:26 +0000 2019","0","@republikaonline Logika tidak waras seorang Ketua KPU. Komisi Pemilihan Umum itu Lembaga yg dibentuk utk jadi Panitia Demokrasi yg harusnya tdk mengurusi kadar ketidakmampuan capres/cawapres krn sebelum masuk tahap debat capres/cawapres ini sdh KpU seleksi kapasitasnya termasuk debat publik.","1082421986075205633","","republikaonline","in","","0","0","0","https://x.com/undefined/status/1082421986075205633","1011056937977303040",
"1082421985424994305","Mon Jan 07 23:41:26 +0000 2019","0","Hoax-hoax yg spertinya sengaja dibuat kubu Prabowo bisa jadi itulah scenario dlm menghadapi kekalahan yg telah disadarinya. #2019PrabowoKalahLagi","1082421985424994305","","","in","","0","0","0","https://x.com/undefined/status/1082421985424994305","1010907011326697473",
"1082153032811372549","Mon Jan 07 23:41:25 +0000 2019","1","@PenguntaiKata @Mulyadianto2 @rajatapura @Ferdinand_Haean Susah klo otak udah kesumpel @jokowi itu Kacung Cina!! https://t.co/mnKkKXMHYx","1082421981436211200","https://pbs.twimg.com/media/DwWJCnqWsAATR0V.jpg","ItuSemanisAku","in","","0","1","1","https://x.com/undefined/status/1082421981436211200","811046692904546304",
"1082210675005386753","Mon Jan 07 23:41:24 +0000 2019","0","@Dahnilanzar @prabowo @sandiuno Ente ditantang buka notulen rapat KPU yg membahas soal ini. Berani?","1082421978416336896","","Dahnilanzar","in","","0","0","0","https://x.com/undefined/status/1082421978416336896","943511772",
"1082160938575224832","Mon Jan 07 23:41:16 +0000 2019","1","@andriefauzy @Dennysiregar7 @jokowi @prabowo Ngumpetnya pun dibalik ke-ungud-an.","1082421943800741888","","andriefauzy","in","","0","0","0","https://x.com/undefined/status/1082421943800741888","110634145",
"1082421914834878464","Mon Jan 07 23:41:09 +0000 2019","0","@saididu @prabowo @sandiuno @Gerindra @Fahrihamzah @ustadtengkuzul @ustad_alhabsyi @fadlizon","1082421914834878464","","saididu","qam","","0","0","0","https://x.com/undefined/status/1082421914834878464","101845565",
"1082421903782891520","Mon Jan 07 23:41:06 +0000 2019","0","cek -&gt; Tim Jokowi: Priyo Budi yang Tak Mau Ada Debat Capres-Cawapres TKN Jokowi-Ma'ruf https://t.co/areBJrLA17","1082421903782891520","","","in","","0","0","0","https://x.com/undefined/status/1082421903782891520","1184087684",
"1082421901258047488","Mon Jan 07 23:41:06 +0000 2019","0","Sombong Kasar Arogan sifat ini tdk di miliki capres pilihanku #01IndonesiaMaju #01jokowilagi . . Perbedaan Gaya Kepemimpinan Prabowo dan Jokowi 4.046x ditonton Dipublikasikan tanggal https://t.co/p8cQbSjJq2","1082421901258047488","","","in","","0","0","0","https://x.com/undefined/status/1082421901258047488","576287136",
"1082268768917581824","Mon Jan 07 23:41:05 +0000 2019","0","@republikaonline nampaknya kerusuhan sebelum pemilu akan terjadi... berlaku adil lah sebelum terjadi sesuatu yang tidak di inginkan","1082421898141560832","","republikaonline","in","","0","0","0","https://x.com/undefined/status/1082421898141560832","849769641098362880",
"1082421896770072577","Mon Jan 07 23:41:05 +0000 2019","0","Klu kisi kisi debat dibocorkan menguntungkan Prabowo kenapa itu yg dipilih. Kubu Prabowo tdk menghendaki materi debat 1 minggu sebelum hari H dikasihkan KPU. Rakyat Pahamlah klu ini kerjaan badut","1082421896770072577","","","in","","0","0","0","https://x.com/undefined/status/1082421896770072577","3195246374",
"1082277647374155777","Mon Jan 07 23:41:01 +0000 2019","0","@Gamal_Albinsaid Kalau melihat trend hutang semua kepala negara dipastikan hutang akan trus naik meskipun prabowo jadi presiden Apa jaminannya tdk akan ada hutang? Orang pinter ya ngutang dok kalau ada cicilan tetap 0 persen ngapain bayar tunai meskipun punya duitnya?","1082421879997001728","","Gamal_Albinsaid","in","","0","1","0","https://x.com/undefined/status/1082421879997001728","186434280",
"1081713200633004032","Mon Jan 07 23:40:59 +0000 2019","0","@mpranisbhata @Kudet1945 @edi_junaedie @LisaAmartaTara @RajaPurwa Jelas &amp; terlalu banyak? Mungkin ada tp gak juga terlalu banyak lah! Yg banyak itu framing media dan blow upnya menurut saya. Ada juga krn memeng dia posisi eksekutif pelaksana dan penguasa kebijakan dan anggaran. Yg aneh klo bro tanya bukti kerja pak Prabowo? Dia eksekutif??","1082421871008657408","","mpranisbhata","in","","0","2","0","https://x.com/undefined/status/1082421871008657408","950957535120441344",
"1082421867737038849","Mon Jan 07 23:40:58 +0000 2019","0","Deklarasi Pemilu Damai 2019 Majelis taklim Ridha Allah Somba https://t.co/NgB3lBx9vs","1082421867737038849","https://pbs.twimg.com/ext_tw_video_thumb/1082421466505904128/pu/img/XxJxOC0V20QYa-Sv.jpg","","in","","0","0","0","https://x.com/undefined/status/1082421867737038849","845094332856119296",
"1082421838544683008","Mon Jan 07 23:40:51 +0000 2019","0","Dua Politis Muda yang katanya Cerdas No. 2 Udah mengikuta Langkah @prabowo yang suka Bohong. @FaldoMaldini @Gamal_Albinsaid Katanya sih Pintar tapi Pintar Membodohi... https://t.co/eE1BSrIdSP","1082421838544683008","https://pbs.twimg.com/media/DwWI6jQX4AUOETl.jpg","","in","","0","0","0","https://x.com/undefined/status/1082421838544683008","996826469400629248",
"1081128393851035649","Mon Jan 07 23:40:50 +0000 2019","0","@ustadtengkuzul @jokowi Wewwwww wowwwww....astagfirullah....mari introfeksi pak.ustad...jadi lah ulama penyejuk umat...jangan Nyingir...","1082421833855422464","","ustadtengkuzul","in","","0","0","0","https://x.com/undefined/status/1082421833855422464","132892542",
"1082421828730052608","Mon Jan 07 23:40:49 +0000 2019","0","Siap saya tidak akan diam dan akan memilih Jokowi.","1082421828730052608","","","in","","0","0","0","https://x.com/undefined/status/1082421828730052608","16545658",
"1082421817246187520","Mon Jan 07 23:40:46 +0000 2019","0","Timses Prabowo: KPU Harusnya Aktif Jaga Kualitas Demokrasi https://t.co/83tqpNTgQL https://t.co/xesesBrwNV","1082421817246187520","https://pbs.twimg.com/media/DwWI5_gWkAAuMQ_.jpg","","in","","0","0","0","https://x.com/undefined/status/1082421817246187520","846715204637376513",
"1082349407524147200","Mon Jan 07 23:40:45 +0000 2019","1","@ghaznavid_ @KPU_ID @Silvy_riau @Rusydi_riau @RestyCayah @maspiyuuu @Ferdinand_Haean @panca66 @saididu @AkunTofa @marierteman @swulll Betul sekali KPU saya ingat waktu debat tahun 2014. Waktu itu JK dgn Jokowi mempermalukan Hatta Rajasa dgn Prabowo karena tdk bisa membedakan mana kalpataru dan adipura.","1082421813596934145","","deargod_01","in","","0","1","0","https://x.com/undefined/status/1082421813596934145","833880358231826433",
"1082143884065398785","Mon Jan 07 23:40:42 +0000 2019","0","@Ferdinand_Haean @AndiArief__ @prabowo @sandiuno Katut kalah mau boikot pemilu menjijikan @Ferdinand_Haean dah mundur aja ","1082421801173405696","","Ferdinand_Haean","in","","0","0","0","https://x.com/undefined/status/1082421801173405696","751815301692469248",
"1082421787118362624","Mon Jan 07 23:40:39 +0000 2019","0","mulai dari penyelenggara pemilu hingga RSCM menjadi sasaran kubu 02 dalam kampanye negatif dan hoax #2019PrabowoKalahLagi","1082421787118362624","","","in","","0","0","0","https://x.com/undefined/status/1082421787118362624","1010907011326697473",
"1082414163421347841","Mon Jan 07 23:40:34 +0000 2019","1","@samuraipwk @putrikulo @dwisetiawan_stw @MasCEPUK @crishnady @Anaf173 @InMay_imf @anggunchintya22 @CitraaAriska @MahesaTiwi @TaniaMadhani @KatakHijau2018 @KudaHitam45 @jokowi @prabowo @sandiuno Aku juga pengen guling guling mas. Wkwkwkw","1082421767530938368","","samuraipwk","in","","0","1","0","https://x.com/undefined/status/1082421767530938368","1043045979996311553",
"1082051181122220033","Mon Jan 07 23:40:28 +0000 2019","0","@KentKukuh @hudattamini @Fahrihamzah @KPU_ID Saya bukan pendukung petahana juga bukan pemilih prabowo..bagi saya presiden siapapun sama saja..ingin kerja ya berusaha cari kerjaan.ingin kaya kerja.ingin punya kerja..","1082421742218301441","","KentKukuh","in","","0","1","0","https://x.com/undefined/status/1082421742218301441","714663658467565568",
"1082279578159132672","Mon Jan 07 23:40:24 +0000 2019","0","@JackTheRock4 @LeniRumiati @lekopr @sandiuno @prabowo Kite mah banyak dari pertahana tetang Hoax 1. Si Mata bulat 2. Minum Kopi 3. Puasa Senin Kamis eh anaknya bilang pagi sarapan 4. Kasus Novel Baswedan 5. Pengungsi NTB","1082421723859828736","","JackTheRock4","in","","0","1","0","https://x.com/undefined/status/1082421723859828736","59705163",
"1082421723071340544","Mon Jan 07 23:40:23 +0000 2019","0","Waspadai Hoaks Jelang Pemilu 2019 https://t.co/fIxXMcaLJW via @PSIK Indonesia","1082421723071340544","","","in","","0","0","0","https://x.com/undefined/status/1082421723071340544","266832828",
"1082377104837160960","Mon Jan 07 23:40:21 +0000 2019","0","@vespers1975 @PriyoBudiS loe salah nulis atau lagi nyinyir? Yang pasti itu mah bukan hoax. Ratna dipukulin? 7 Kontainer? Negara bubar? Selang cuci darah dipake 40x? sandi bangun tol cipali tanpa hutang? &lt;- cerita2 hoax ini keluar dri tim BPN atau capres/cawapres yg bersangkutan loh","1082421714590416896","","vespers78","in","","0","0","0","https://x.com/undefined/status/1082421714590416896","45224768",
"1082249398019534851","Mon Jan 07 23:40:19 +0000 2019","0","@jokowi Secara umum orang ingin pintar untuk hal yg lebih baik lebih maju lebih berkualitas lah kok ada yg ingin perubahan ke arah yang jelas-2 akan sebaliknya dari keadaan yang sudah ada cara berpikir yang memang ter-balik-2 Untung saja masih lebih banyak yg berpikir sehat. JWD Ok.","1082421705346146306","","jokowi","in","","0","0","0","https://x.com/undefined/status/1082421705346146306","1029926919892914176",
"1082210675005386753","Mon Jan 07 23:40:16 +0000 2019","0","@Dahnilanzar @prabowo @sandiuno Ditantang TKN konfrontir 3 pihak: BKN TKN @KPU_ID ttg mslh ini BERANI TIDAK???","1082421690246647809","","Dahnilanzar","in","","0","0","0","https://x.com/undefined/status/1082421690246647809","2790706139",
"1082421674111250432","Mon Jan 07 23:40:12 +0000 2019","0","@null Tim Jokowi: Priyo Budi yang Tak Mau Ada Debat Capres-Cawapres TKN Jokowi-Ma'ruf https://t.co/ZhUtiDAOt8","1082421674111250432","","null","in","","0","0","0","https://x.com/undefined/status/1082421674111250432","205533274",
"1082279578159132672","Mon Jan 07 23:40:06 +0000 2019","1","@PNS_Sejati @nuraini110818 @sandiuno @prabowo @jokowi Padahal ada maha gurunya Prabowo si habib Rizieq atau ustadz @ustadtengkuzul","1082421649406799872","","PNS_Sejati","in","","0","0","0","https://x.com/undefined/status/1082421649406799872","971332831602356225",
"1082373895074664448","Mon Jan 07 23:40:04 +0000 2019","0","@Gemacan70 Prabowo ga semua orde baru jelek artinya sebagian besar jelek","1082421641127256064","","Gemacan70","in","","0","0","0","https://x.com/undefined/status/1082421641127256064","1690192868",
"1082249398019534851","Mon Jan 07 23:40:02 +0000 2019","0","@BudiJono45 @Amirdat5 @nu_uril @jokowi @richosembiring Tanya dong ke Mr Yusanto . Kok nanya saya ","1082421631492841473","","BudiJono45","in","","0","0","0","https://x.com/undefined/status/1082421631492841473","1046266921270673408",
"1082421616036917249","Mon Jan 07 23:39:58 +0000 2019","0","dari pada hanya memakai agama untuk mendapatkan suara BPN disarankan untuk memperkenalkan program-program prabowo #2019PrabowoKalahLagi","1082421616036917249","","","in","","0","0","0","https://x.com/undefined/status/1082421616036917249","1010907011326697473",
"1082421597670039552","Mon Jan 07 23:39:53 +0000 2019","0","Menurut sy Keputusan memberikan bocoran soal debat itu meremehkan kualitas ke dua pasang Capres karena tidam ada bukti kl kedua capres itu yg minta","1082421597670039552","","","in","","0","0","0","https://x.com/undefined/status/1082421597670039552","237891101",
"1082421584722194432","Mon Jan 07 23:39:50 +0000 2019","0","Harusnya ruu yg disahkan kemaren adalah produk yg menguntungkan kubu jokowi bukan rakyat yg menang karena ruu yg dibuat bentuk suatu kecurang yg masiv agar kalian bisa lenggang 2 periode bahkan selama berkuasa dan bisa menghancur bangsa dengan alih alihmembangun.","1082421584722194432","","","in","","0","1","0","https://x.com/undefined/status/1082421584722194432","3255167892",
"1082421581870030848","Mon Jan 07 23:39:50 +0000 2019","0","pak @lukmansaifuddin pak suparno ingin ketemu dengan pak @jokowi . cc : @pramonoanung https://t.co/shDVVQ3dEn","1082421581870030848","","","in","","0","0","0","https://x.com/undefined/status/1082421581870030848","986766493021974528",
"1082287958634356736","Mon Jan 07 23:39:42 +0000 2019","0","@faizalassegaf @jokowi tagar yg terakhir itu buat ngaaakkkkaaakkkkkkk","1082421549838131201","","faizalassegaf","in","","0","0","0","https://x.com/undefined/status/1082421549838131201","995539019839651840",
"1082414163421347841","Mon Jan 07 23:39:37 +0000 2019","0","@putrikulo @AlitS80272542 @dwisetiawan_stw @MasCEPUK @crishnady @Anaf173 @InMay_imf @anggunchintya22 @CitraaAriska @MahesaTiwi @TaniaMadhani @KatakHijau2018 @KudaHitam45 @jokowi @prabowo @sandiuno Sekelas vladimir putin aja duda tapi bisa pimpin Rusia ‍️","1082421530208784384","","putrikulo","in","","0","4","0","https://x.com/undefined/status/1082421530208784384","576020245",
"1082414163421347841","Mon Jan 07 23:39:34 +0000 2019","0","@putrikulo @dwisetiawan_stw @MasCEPUK @crishnady @Anaf173 @InMay_imf @anggunchintya22 @CitraaAriska @MahesaTiwi @TaniaMadhani @KatakHijau2018 @KudaHitam45 @jokowi @prabowo @sandiuno Makane cocote di jaga ora ming asal janji dobol!!! Hahaha","1082421516510220288","","Mugiwararuffy2","in","","0","1","0","https://x.com/undefined/status/1082421516510220288","1043045979996311553",
"1082421499175174144","Mon Jan 07 23:39:30 +0000 2019","0","@Dahnilanzar bang dahnil tolong klarifkasi terkait debat capres Sudah di tentukan pertanyaan sebelumnya?? Ko TKN menuduh pihak BPN yang takut berdebat dengan TKN. Terimakasih","1082421499175174144","","Dahnilanzar","in","","0","0","0","https://x.com/undefined/status/1082421499175174144","182212526",
"1082160938575224832","Mon Jan 07 23:39:27 +0000 2019","0","@Dennysiregar7 @jokowi @prabowo Wkwk.wk.wk","1082421488299307008","","","in","","0","0","0","https://x.com/undefined/status/1082421488299307008","1080802423524839430",
"1082249398019534851","Mon Jan 07 23:39:25 +0000 2019","1","@jokowi MantaPS pak ekonomi meroket diatas 7% kami bangga dgnmu.. Rakyat sejahtera pengangguran tdk ada kerukunan terjaga tenaga asing juga gak ada... Apik pokoe pak dhe.. #2019PrabowoPresiden","1082421480154050560","","jokowi","in","","0","0","0","https://x.com/undefined/status/1082421480154050560","86711978",
"1082421450194149376","Mon Jan 07 23:39:18 +0000 2019","0","andi arif politisi pendukung prabowo yang paling sering menyebar berita hoax dan membuat gaduh #2019PrabowoKalahLagi","1082421450194149376","","","in","","0","0","0","https://x.com/undefined/status/1082421450194149376","1010907011326697473",
"1082421440358408193","Mon Jan 07 23:39:16 +0000 2019","0","Semoga bapak @jokowi dan KH. M. Amin selalu diberi kesehatan dan panjang umur sehingga nanti dapat menghadiri pelantikan bapak @prabowo dan bang @sandiuno sebagai Presiden dan Wakil Presiden Republik Indonesia 2019 - 2024. Amiinnn. #2019PrabowoPresidenRI","1082421440358408193","","","in","","0","0","0","https://x.com/undefined/status/1082421440358408193","3011372142",
"1082421433727209472","Mon Jan 07 23:39:14 +0000 2019","0","perusak citra prabowo itu bukan kubu 01 tapi politisi-politisi BPN yang suka buat gaduh di masyarakat #2019PrabowoKalahLagi","1082421433727209472","","","in","","0","0","0","https://x.com/undefined/status/1082421433727209472","1010907011326697473",
"1082421423375900672","Mon Jan 07 23:39:12 +0000 2019","0","#BeritaIslam: Diduga Tidak Netral Relawan Prabowo-Sandi Bakal Laporkan Polisi ke Mahkamah Internasional https://t.co/54VgaAQfWw","1082421423375900672","","","in","","0","0","0","https://x.com/undefined/status/1082421423375900672","997968620",
"1082294876417323008","Mon Jan 07 23:39:11 +0000 2019","0","@bebek_botak @ABmusthofa89 @xolovesnaya @kemuning_raya @RamliRizal @PartaiSocmed yg jelas jadi walikota sudah 2 priode lagi gubernur sudah juga eh langsung naek pangkat jadi presiden... kalo soal debat kita balik ke 2014 apa pak jokowi mundur kan tidak.. saya yakin 2 paslon punya visi misi yg baik.","1082421418183147522","","bebek_botak","in","","0","0","0","https://x.com/undefined/status/1082421418183147522","1035842966932226048",
"1082279578159132672","Mon Jan 07 23:39:10 +0000 2019","1","@nuraini110818 @PNS_Sejati @sandiuno @prabowo @jokowi @Dahnilanzar @Ferdinand_Haean @TsamaraDKI @budimandjatmiko bagaimana....di test saja capres kalian semua. Biar kita para pemilih ini tidak menebak2 buah manggis.","1082421414185947137","","","in","","0","0","0","https://x.com/undefined/status/1082421414185947137","971332831602356225",
"1082249398019534851","Mon Jan 07 23:39:07 +0000 2019","0","@agungBOSSbangun @crimbun @jokowi Perhaps ","1082421402152488960","","agungBOSSbangun","en","","0","0","0","https://x.com/undefined/status/1082421402152488960","230681519",
"1082421398172184576","Mon Jan 07 23:39:06 +0000 2019","0","Suara bogor Shared: Jokowi Optimis Pelaksanaan Pilpres Pileg Berjalan Aman dan Damai https://t.co/vY71qeg6WH https://t.co/vVSBmmZEWG","1082421398172184576","https://pbs.twimg.com/media/DwWIhlvXQAEDHXA.jpg","","in","","0","0","0","https://x.com/undefined/status/1082421398172184576","746390335501172736",
"1082421398063046656","Mon Jan 07 23:39:06 +0000 2019","0","GDN: Jokowi Optimis Pelaksanaan Pilpres Pileg Berjalan Aman dan Damai https://t.co/kGpkMFvYEi https://t.co/6A1gLEZAjX","1082421398063046656","https://pbs.twimg.com/media/DwWIhl3XgAYXb8A.jpg","","in","","0","0","0","https://x.com/undefined/status/1082421398063046656","833294657769443328",
"1082421397136130048","Mon Jan 07 23:39:06 +0000 2019","0","Ja Shared: Jokowi Optimis Pelaksanaan Pilpres Pileg Berjalan Aman dan Damai https://t.co/3jxQcBbP8g https://t.co/RwRAiipLe6","1082421397136130048","https://pbs.twimg.com/media/DwWIhhiWoAIT9hi.jpg","","in","","0","0","0","https://x.com/undefined/status/1082421397136130048","3458165232",
"1082421396729282560","Mon Jan 07 23:39:06 +0000 2019","0","Twittizen Sahred: Jokowi Optimis Pelaksanaan Pilpres Pileg Berjalan Aman dan Damai https://t.co/VmrvzH2YTH https://t.co/gqRqxN7nAW","1082421396729282560","https://pbs.twimg.com/media/DwWIhg9X4AAWZ5R.jpg","","in","","0","0","0","https://x.com/undefined/status/1082421396729282560","3016923557",
"1082421396246917122","Mon Jan 07 23:39:05 +0000 2019","0","sebaiknya prabowo dan sandi menyampaikan hal-hal yang positif dan benar dari pada hanya sekedar menuding dan membuat gaduh masyarakat #2019PrabowoKalahLagi","1082421396246917122","","","in","","0","0","0","https://x.com/undefined/status/1082421396246917122","1010907011326697473",
"1082336443060514816","Mon Jan 07 23:39:05 +0000 2019","0","@Bungilneh @Abysatria9 @budimandjatmiko Ini contoh org kurang wawasan dpt info hoax dimakan mentah2.berkali2 kubu prabowo bikin hoax besar sampai kasusnya masuk ranah hukum tp masi aja dipercaya #miris https://t.co/r60T9EdkkV","1082421393596141568","https://pbs.twimg.com/media/DwWIgldX0AIZLLN.jpg","Besajasih","in","","0","1","0","https://x.com/undefined/status/1082421393596141568","906506341513969664",
"1082122405647024128","Mon Jan 07 23:39:00 +0000 2019","0","@RizmaWidiono @jokowi kalau bisa jangan terlalu kuat bisa banjir nanti impornya","1082421373174145025","","RizmaWidiono","in","","0","0","0","https://x.com/undefined/status/1082421373174145025","919525112818180097",
"1082421359169290240","Mon Jan 07 23:38:57 +0000 2019","0","salah satu politisi partai pendukung wowo yang terus berjuang membuka mata hati masyarakat agar memilih Pak Jokowi dan K.h Ma ruf Amin https://t.co/1TAkgXLFXW #2019PrabowoKalahLagi","1082421359169290240","","","in","","0","0","0","https://x.com/undefined/status/1082421359169290240","1010907011326697473",
"1082263154153811968","Mon Jan 07 23:38:56 +0000 2019","0","@saididu @KPU_ID Menurut otak kecil kami sejatinya @KPU_ID membuat aturan bukan membuat kesepakatan dgn peserta pemilu harus belajar dari pak @SBYudhoyono","1082421358519214080","","saididu","in","","0","0","0","https://x.com/undefined/status/1082421358519214080","988612532775542784",
"1082248649193664512","Mon Jan 07 23:38:41 +0000 2019","0","@permadiaktivis @prabowo @sandiuno @Ferdinand_Haean @Dahnilanzar @saididu @AkunTofa @hanumrais @rockygerung Lain yg ditanya lain yg jwb","1082421294979665922","","permadiaktivis","in","","0","0","0","https://x.com/undefined/status/1082421294979665922","1057164507691139072",
"1082421247533674496","Mon Jan 07 23:38:30 +0000 2019","0","Mas prabowo sandi president","1082421247533674496","","","in","","0","0","0","https://x.com/undefined/status/1082421247533674496","898442539195289600",
"1082421239736483841","Mon Jan 07 23:38:29 +0000 2019","1","Pak Prabowo yang menolak debat kenapa Pak Jokowi yang dibilang tidak mau menyampaikan visi-misi? Jika tanya jawab saja Pak Jokowi ingin diadakan apalagi hanya penyampaian visi-misi? Wleee #2019PrabowoKalahLagi","1082421242341163008","","jasminespeedy90","in","","0","1","1","https://x.com/undefined/status/1082421242341163008","1070973416109305856",
"1082421239736483841","Mon Jan 07 23:38:28 +0000 2019","1","Btw penyampaian visi misi yang seperti apa sih yang dikhawatirkan pak prabowo? Dia hanya meminta untuk penyampaian visi-misi saja tanpa adanya sesi debat. Tidak ada komunikasi dua arah dan forum terkesan mati. #2019PrabowoKalahLagi","1082421239736483841","","","in","","1","1","1","https://x.com/undefined/status/1082421239736483841","1070973416109305856",
"1082192777490776065","Mon Jan 07 23:38:23 +0000 2019","0","@GunRomli Wah... Kasihan jokowi ini bos pasti kubu prabowo akan menyerang jokowi.","1082421218182017024","","GunRomli","in","","0","0","0","https://x.com/undefined/status/1082421218182017024","723540394965790720",
"1082180985381240832","Mon Jan 07 23:38:21 +0000 2019","0","@sungkar24 @jokowi Sakit om?","1082421209097293831","","sungkar24","tl","","0","1","0","https://x.com/undefined/status/1082421209097293831","142850549",
"1082092836667895809","Mon Jan 07 23:38:19 +0000 2019","0","@bintangku206 @BIK_freedomland @KPU_ID Sy yakin jokowi menang atau tidak di pilpres 2019 nasib Arief budiman psti akan lebih buruk dari Husni Kamil","1082421200024788992","","bintangku206","in","","0","1","0","https://x.com/undefined/status/1082421200024788992","1055292465727463424",
"1082421194861596672","Mon Jan 07 23:38:17 +0000 2019","0","sudahlah jangan bawa agama dalam berkampanye seolah-oleh lawan politik prabowo itu setan thougut dan apalah kasian masyarakat dimain-mainkan oleh isu agama yang sebenarnya bukan agama #2019PrabowoKalahLagi","1082421194861596672","","","in","","0","0","0","https://x.com/undefined/status/1082421194861596672","1010907011326697473",
"1082293229020536833","Mon Jan 07 23:38:15 +0000 2019","0","@_DhayJR Pro kontra mah udah biasa lah bilang juga kaya gitu ama jokowi ama prabowo berenti aja pada nyapres karna banyak yg kontra nya ketimbang yg pro kebenaran tidak pernah benar2 berpihak pada yang lebih banyak.","1082421183407161344","","fuckin9shit","in","","0","1","0","https://x.com/undefined/status/1082421183407161344","40834337",
"1082419435309125632","Mon Jan 07 23:38:11 +0000 2019","0","tiba2 ga ada angin ga ada apa mama yg lg diem2 bae (mngkin menjadi silent reader) diserang dimention di grup wa mama dukung capres lain dan diberi ","1082421168760442881","","anisfajr","in","","0","1","0","https://x.com/undefined/status/1082421168760442881","66988263",
"1082415776877793280","Mon Jan 07 23:38:11 +0000 2019","0","@BangPino_ @prabowo Geberrrrr abiezzzzzz #2019GantiPresiden","1082421168508829696","","BangPino_","de","","0","0","0","https://x.com/undefined/status/1082421168508829696","866647910846316544",
"1082279578159132672","Mon Jan 07 23:38:09 +0000 2019","0","@lekopr @Calvin_Fxs @sandiuno @prabowo Sarumpaet aja . Si Mata licik gimana bro dia fitnah Jokowi PKI katanya mau ditabok cuma Hoax doang","1082421160371843074","","lekopr","in","","0","0","0","https://x.com/undefined/status/1082421160371843074","59705163",
"1082153032811372549","Mon Jan 07 23:38:09 +0000 2019","1","@PenguntaiKata @TakviriH @Ferdinand_Haean Aamiin klu keturunan mirip prabowo ya saya mah bangga. Cerdas nasionalismenya tinggi ganteng lagi juga ikhlas. Tp knp cebong gak maunyaa didoain mirip jkw..??","1082421160149569536","","ItuSemanisAku","in","","0","0","0","https://x.com/undefined/status/1082421160149569536","927796507461353472",
"1082421143347195905","Mon Jan 07 23:38:05 +0000 2019","1","Mazmur 72 untuk pak @jokowi baca ya pak presiden itu bisa jadi nasihat bagi pemimpin yg baik spt bapak! Sehat dan panjang umur ya pak! @Metro_TV @ILCtvone @RadioElshinta @pasfm","1082421143347195905","","","in","","0","0","0","https://x.com/undefined/status/1082421143347195905","700520696149966848",
"1082421130319646720","Mon Jan 07 23:38:02 +0000 2019","0","gini nh capres hasil ijtima tapi ngga mihak ke orang islam yang bener https://t.co/H3ISVqBW2r #2019PrabowoKalahLagi","1082421130319646720","","","in","","0","0","0","https://x.com/undefined/status/1082421130319646720","1010907011326697473",
"1082414163421347841","Mon Jan 07 23:37:56 +0000 2019","0","@putrikulo @dwisetiawan_stw @MasCEPUK @crishnady @Anaf173 @InMay_imf @anggunchintya22 @CitraaAriska @MahesaTiwi @TaniaMadhani @KatakHijau2018 @KudaHitam45 @jokowi @prabowo @sandiuno Meraih piala citra!? Right!?","1082421103555837952","","putrikulo","in","","0","1","0","https://x.com/undefined/status/1082421103555837952","1043045979996311553",
"1082421061755367425","Mon Jan 07 23:37:46 +0000 2019","0","WAHAI KPU LANJUTKAN BLUNDERMU ..: KPU GA SADAR BIKIN JOKOWI TERSUNGKUR;BATALKAN PAPARAN VISI MISI;DEBAT CA... https://t.co/MOFBpsMCXQ lewat @YouTube","1082421061755367425","","","in","","0","0","0","https://x.com/undefined/status/1082421061755367425","4897580641",
"1082180985381240832","Mon Jan 07 23:37:46 +0000 2019","0","@WidodoTirtana @RyanSuparno @Debe82209008 @kiromkarim3 @jokowi Salahnya d mna?","1082421061486927872","","WidodoTirtana","in","","0","0","0","https://x.com/undefined/status/1082421061486927872","1080059224736985088",
"1082309495651323904","Mon Jan 07 23:37:39 +0000 2019","0","@KoRnHurry @DarmawanNuryudi apa korelasi antara jokowi sama video ini?","1082421033578115072","","HurriKoRn","in","","0","0","0","https://x.com/undefined/status/1082421033578115072","560305005",
"1082000804385456128","Mon Jan 07 23:37:38 +0000 2019","0","@ArieTM1 @jimmyherdyansy2 @hanumrais Karena mencari kesalahan pak Jokowi gak Nemu ","1082421029262155776","","ArieTM1","in","","0","0","0","https://x.com/undefined/status/1082421029262155776","1028206575960215552",
"1082414163421347841","Mon Jan 07 23:37:32 +0000 2019","0","@putrikulo @dwisetiawan_stw @MasCEPUK @crishnady @Anaf173 @InMay_imf @anggunchintya22 @CitraaAriska @MahesaTiwi @TaniaMadhani @KatakHijau2018 @KudaHitam45 @jokowi @prabowo @sandiuno Visi misi nya ini kali!?? https://t.co/WwONvbZggf","1082421005069369344","https://pbs.twimg.com/media/DwWIKKJWwAE1iWw.jpg","putrikulo","in","","0","2","0","https://x.com/undefined/status/1082421005069369344","1043045979996311553",
"1082420971880022016","Mon Jan 07 23:37:24 +0000 2019","0","Saya suka video @YouTube https://t.co/4lJdlJDpQS Perbedaan Gaya Kepemimpinan Prabowo dan Jokowi","1082420971880022016","","","in","","0","0","0","https://x.com/undefined/status/1082420971880022016","576287136",
"1082420920835280896","Mon Jan 07 23:37:12 +0000 2019","245","TKN Jokowi-Ma'ruf kembali melontarkan fakta lain soal hasil rapat bersama BPN Prabowo-Sandi dan KPU. TKN Jokowi-Ma'ruf menyeret nama Priyo Budi Santoso. https://t.co/x6RVYBzbRO","1082420920835280896","","","in","","29","43","170","https://x.com/undefined/status/1082420920835280896","69183155",
"1082420884567216128","Mon Jan 07 23:37:03 +0000 2019","0","Ustaz Tengku Zul Imbau Masyarakat Khatam Alquran Jelang Pemilu 2019 Mahfud: Setuju Bagus! https://t.co/HIfipW7bct","1082420884567216128","","","in","","0","0","0","https://x.com/undefined/status/1082420884567216128","786549338818224128",
"1082420883891707904","Mon Jan 07 23:37:03 +0000 2019","0","Jokowi jd trending berita di TV2 amerika krn kepiawaiannya menangkis perang dagang AS China dan membuat Rp perkasa terhadap USD.","1082420883891707904","","","in","","0","0","0","https://x.com/undefined/status/1082420883891707904","98339730",
"1082217606151495680","Mon Jan 07 23:36:58 +0000 2019","0","@KomangTirta4 @karniilyas Takut prabowo makin nyungsep om.. ","1082420860437188608","","","in","","0","0","0","https://x.com/undefined/status/1082420860437188608","1038626563737104385",
"1082416092511752192","Mon Jan 07 23:36:56 +0000 2019","0","@FaisalBasri Mana @jokowi ? Gula mahal tuh.","1082420852455399424","","FaisalBasri","tl","","0","0","0","https://x.com/undefined/status/1082420852455399424","359891957",
"1082107457353134081","Mon Jan 07 23:36:50 +0000 2019","2","@budimandjatmiko @jokowi Klo orba cuman bisa gini masak mo balik lg ke masa orba?seng waras ojo ngalah! https://t.co/53uKs2As3r","1082420828686344194","https://pbs.twimg.com/media/DwWH__-W0AItjVu.jpg","budimandjatmiko","in","","0","0","0","https://x.com/undefined/status/1082420828686344194","4859281686",
"1082190915504984067","Mon Jan 07 23:36:48 +0000 2019","1","@Nabilla_001 @prabowo @sandiuno Visi misinya kan udah jelas: hoax nipu haox nipu hoax nipu https://t.co/j0pdNlbCVg","1082420817735036930","https://pbs.twimg.com/tweet_video_thumb/DwWH9hEX4AAiZkr.jpg","Nabilla_002","in","","0","0","0","https://x.com/undefined/status/1082420817735036930","131449847",
"1082420773958995968","Mon Jan 07 23:36:37 +0000 2019","0","teriaklah takbir sekencang-kencangnya hingga kau lupa bahwa calon yang kau unggulkan saja tak bisa ngaji gimana jika yang ngga bisa itu pak Jokowi?? Apakah kalian tetap menolak tes baca Qur an?? #2019PrabowoKalahLagi","1082420773958995968","","","in","","0","0","0","https://x.com/undefined/status/1082420773958995968","1010907011326697473",
"1082420753931202560","Mon Jan 07 23:36:32 +0000 2019","7","Kecerdasan Capres Harus Lebih Unggul dari Masyarakat Maka Harus Teruji https://t.co/QKsnbNhbz3","1082420753931202560","","","in","","0","3","1","https://x.com/undefined/status/1082420753931202560","2590876998",
"1082420751980888064","Mon Jan 07 23:36:32 +0000 2019","0","Malu karna kebodohan ya wajar Capres itu harus Cerdas dan berfikir cepat dan tepat jangan oon","1082420751980888064","","","in","","0","0","0","https://x.com/undefined/status/1082420751980888064","55801492",
"1082420749686558722","Mon Jan 07 23:36:31 +0000 2019","0","(Berita | Ketua DPRD Tuban Soroti Kurangnya Sosialisasi Pemilu 2019. Ini Tanggapan KPU) https://t.co/5TM3I7801a #pemilu #pemilu2019","1082420749686558722","","","in","","0","0","0","https://x.com/undefined/status/1082420749686558722","968428811107819521",
"1082279578159132672","Mon Jan 07 23:36:31 +0000 2019","2","@nuraini110818 @Simoncelli583 @sandiuno @prabowo @jokowi setuju...tp ada yg ga berani alias nolak...kata kubu itu ga penting. gimana baca Quran kok ga penting ? tepok jidat","1082420747727847424","","","in","","0","1","0","https://x.com/undefined/status/1082420747727847424","1265995386",
"1082414163421347841","Mon Jan 07 23:36:30 +0000 2019","4","@putrikulo @AlitS80272542 @dwisetiawan_stw @MasCEPUK @crishnady @Anaf173 @InMay_imf @anggunchintya22 @CitraaAriska @MahesaTiwi @TaniaMadhani @KatakHijau2018 @KudaHitam45 @jokowi @prabowo @sandiuno Gak salah jeng...?? Gw kok pingin ketawa ya dengernya","1082420745718816769","","putrikulo","in","","0","3","0","https://x.com/undefined/status/1082420745718816769","304856337",
"1082420727767171072","Mon Jan 07 23:36:26 +0000 2019","1","kubu 02 sering menyerang pak Jokowi dengan pelemahan Rupiah ehh sekarang pas rupiah menguat dan paling kuat di asean pada diam dan membisu. Hum udah kayak lagu aja.. #2019PrabowoKalahLagi","1082420727767171072","","","in","","1","0","0","https://x.com/undefined/status/1082420727767171072","1010907011326697473",
"1082420725930029056","Mon Jan 07 23:36:26 +0000 2019","2","BBC News Indonesia - Nurhadi-Aldo: Capres guyonan dari Kudus siap terima tantangan 'kampanye' https://t.co/sZnd9UvNJx","1082420725930029056","","","in","","0","0","0","https://x.com/undefined/status/1082420725930029056","3279589363",
"1082414163421347841","Mon Jan 07 23:36:20 +0000 2019","0","@putrikulo @dwisetiawan_stw @MasCEPUK @crishnady @Anaf173 @InMay_imf @anggunchintya22 @CitraaAriska @MahesaTiwi @TaniaMadhani @KatakHijau2018 @KudaHitam45 @jokowi @prabowo @sandiuno Esemka apa kabar!?? Indosat apa kabar!? Traktor apa kabar!? 10 juta lapangan kerja apa kabar!? Ini yg janji siapa ya!?? Bisa di lunasi pake infrastuktur ya yg di pinjang pake dana BPJS yang sekarat!?","1082420701045256192","","putrikulo","in","","0","4","0","https://x.com/undefined/status/1082420701045256192","1043045979996311553",
"1082248649193664512","Mon Jan 07 23:36:20 +0000 2019","0","@MentelRevolusi @permadiaktivis @prabowo @sandiuno @Ferdinand_Haean @Dahnilanzar @saididu @AkunTofa @hanumrais @rockygerung Minum gir gintang","1082420700411920384","","Boneka_Kacung","en","","0","0","0","https://x.com/undefined/status/1082420700411920384","1253105833",
"1082420685039751168","Mon Jan 07 23:36:16 +0000 2019","0","ada sandiaga prabowo keluarga cendana.. hartanya aja udah bisa ngebiayai kampanye ehh dekarang pake label jihad untuk nyari duit..huff #2019PrabowoKalahLagi","1082420685039751168","","","in","","0","0","0","https://x.com/undefined/status/1082420685039751168","1010907011326697473",
"1082160938575224832","Mon Jan 07 23:36:09 +0000 2019","0","@mnoorrahim_ @markotob63 @Dennysiregar7 @jokowi @prabowo Ogah :P","1082420655323197441","","mnoorrahim_","in","","0","0","0","https://x.com/undefined/status/1082420655323197441","828469168638828544",
"1082420642731876352","Mon Jan 07 23:36:06 +0000 2019","1","Pantas #JKWTakutPaparkanMisiVisi dan senang mendapat bocoran soal debat. @KPU_ID lebih memilih menutupi 'kemaluan' paslon capres namun membiarkan harga diri Bangsa hina di tingkat nasional dan internasional karena memiliki presiden tak berkualitas.","1082420642731876352","","","in","","0","0","1","https://x.com/undefined/status/1082420642731876352","1032295894115266561",
"1082420629473714176","Mon Jan 07 23:36:03 +0000 2019","0","jokowi pilihanku piluhanmu?? #01IndonesiaMaju","1082420629473714176","","","in","","0","0","0","https://x.com/undefined/status/1082420629473714176","1061864310991798272",
"1082217606151495680","Mon Jan 07 23:35:59 +0000 2019","0","@ad4100qq @karniilyas @jokowi lu tidur aja lah.. kagak ngerti dan terjangkau akal lu nonton beginian","1082420612256063488","","ad4100qq","in","","0","0","0","https://x.com/undefined/status/1082420612256063488","140609368",
"1082217606151495680","Mon Jan 07 23:35:58 +0000 2019","1","@ediedot108 @karniilyas Gak berani kalau isu Hoax 7 kontainer prabowo akan makin nyungsep ","1082420609416495104","","ediedot108","in","","0","1","1","https://x.com/undefined/status/1082420609416495104","1038626563737104385",
"1082406430718648321","Mon Jan 07 23:35:57 +0000 2019","0","@maspiyuuu Berdalih tak ingin Capres-Cawapres dipermalukan saat debat @KPU_ID melakukan hal yg memalukan malu-maluin dan gapunya malu!!","1082420607285833728","","mas_piyuuu","in","","0","0","0","https://x.com/undefined/status/1082420607285833728","743804068951265280",
"1082350940173127680","Mon Jan 07 23:35:56 +0000 2019","0","@RestyCayah @haidir_setiawan @KPU_ID Gak perlu ada debat dll kami sekeluarga udah punya pilihan in syaa Allah @prabowo @sandiuno capres dari @PDemokrat","1082420601652883456","","RestyCayah","in","","0","0","0","https://x.com/undefined/status/1082420601652883456","988612532775542784",
"1082160938575224832","Mon Jan 07 23:35:42 +0000 2019","0","@45Parman @reaksirakyat1 @Dennysiregar7 @jokowi @prabowo Gimana dgn oplasnya si nenek lampir selang di RSCM negara hancur di 2030 negara bakal punah tempe setebal atm bangun tol tanpa hutang... Mau diterusin ??? Karma gak akan kemana2.","1082420544585121793","","45Parman","in","","0","0","0","https://x.com/undefined/status/1082420544585121793","45049631",
"1082420543754665984","Mon Jan 07 23:35:42 +0000 2019","0","Adhyaksa Research and Consulting (ARC) menang pemilu/Pemilukada tak harus mahal. CP 08114134165 (Marses)","1082420543754665984","","","in","","0","0","0","https://x.com/undefined/status/1082420543754665984","1860383677",
"1082283358975975425","Mon Jan 07 23:35:33 +0000 2019","4","@ridwankamil @simkuringporsea @DediMulyadi71 Mantaffff nih 2 orang yg baik dan hebat yg nantinya diharapkan bisa melanjutkan kepemimpinan Pak @jokowi . Ada lagi tentunya pak @ganjarpranowo","1082420504021979137","","ridwankamil","in","","0","0","0","https://x.com/undefined/status/1082420504021979137","1850096264",
"1082420474271985671","Mon Jan 07 23:35:26 +0000 2019","0","Berita terbaru (Timses Prabowo: KPU Harusnya Aktif Jaga Kualitas Demokrasi) telah ada di https://t.co/wFvQVXk8dR - https://t.co/7OyMdUlvIC https://t.co/swxqFq12mw","1082420474271985671","https://pbs.twimg.com/media/DwWHryQWkAELxRK.jpg","","in","","0","0","0","https://x.com/undefined/status/1082420474271985671","1046920717307076608",
"1082296185354780672","Mon Jan 07 23:35:26 +0000 2019","5","@saididu Kalsel dari 2014 kmaren sdh menginginkan @prabowo dgn kondisi skrg smoga rakyat makin tercerahkan siapa yg pantas memimpin negeri ini #2019PrabowoPresiden https://t.co/S6Txd8xKfs","1082420474120888320","","saididu","in","","0","0","0","https://x.com/undefined/status/1082420474120888320","44138159",
"1082248649193664512","Mon Jan 07 23:35:25 +0000 2019","0","@Evi80669366 @jokosus28 @permadiaktivis @prabowo @sandiuno @Ferdinand_Haean @Dahnilanzar @saididu @AkunTofa @hanumrais @rockygerung MANTUL ","1082420471285469184","","Evi80669366","in","","0","0","0","https://x.com/undefined/status/1082420471285469184","971332831602356225",
"1082333614015049728","Mon Jan 07 23:35:25 +0000 2019","0","@Dennysiregar7 @prabowo Mereka ingin punah... Makanya Ndak mau berubah","1082420471247687680","","","in","","0","0","0","https://x.com/undefined/status/1082420471247687680","849173468",
"1082420471159607296","Mon Jan 07 23:35:25 +0000 2019","1","Pak @sandiuno @prabowo Semoga terhibur.. jaran goyang.. https://t.co/4zLGWZqL91","1082420471159607296","https://pbs.twimg.com/ext_tw_video_thumb/1082420299793076224/pu/img/cGZdUFbi7NRA05m3.jpg","","in","","0","0","0","https://x.com/undefined/status/1082420471159607296","795013465677017088",
"1082420448116146176","Mon Jan 07 23:35:19 +0000 2019","3","Moeldoko Ingatkan Tim Prabowo: Jangan Main-Main Saya Akan Mainkan Juga | https://t.co/ZuZHj2pUTc https://t.co/msIYBCADeE","1082420448116146176","","","in","","0","0","1","https://x.com/undefined/status/1082420448116146176","379217034",
"1082097858617044992","Mon Jan 07 23:35:16 +0000 2019","0","@Dahnilanzar @jokowi halah dahnil... yg pesta bareng pemerintah china kan prabowo.. sekarang pura2 gak kenal...","1082420435499642881","","Dahnilanzar","in","","0","0","0","https://x.com/undefined/status/1082420435499642881","971765433706586113",
"1082279578159132672","Mon Jan 07 23:34:58 +0000 2019","0","@toviksulaiman @bang_iepul @sandiuno @prabowo @jokowi Ngomong yg bener napa biar orang ngarti ","1082420359419162624","","","in","","0","3","0","https://x.com/undefined/status/1082420359419162624","783977898323513344",
"1082340012547395584","Mon Jan 07 23:34:53 +0000 2019","0","@tensai_tetsu kowe sing gila; Negeri ini baik2 saja; Blog Goblog utang pak Jokowi cuma 688T; si Gamal goblok gak ngitung lompatan dari Mega ke SBY ; fitnah terus; surga murah kok cukup bayar 5jt ke Neno W","1082420337294233600","","","in","","0","0","0","https://x.com/undefined/status/1082420337294233600","992580526635597824",
"1082419435309125632","Mon Jan 07 23:34:50 +0000 2019","0","mama aku karena terbiasa dirumah dengerin anak2nya ngomongin politik buka telinga buat dua capres mama jadi gak ikut2an fanatik ky sekeluarga besarnya jadi dia ga nanggepin grup keluarga semalem...","1082420324157685761","","anisfajr","in","","0","1","0","https://x.com/undefined/status/1082420324157685761","66988263",
"1082420317627150336","Mon Jan 07 23:34:48 +0000 2019","1","jangan kebanyakan hoax sebaiknya prabowo dan sandi menyampaikan hal-hal yang positif dan benar #2019PrabowoKalahLagi","1082420317627150336","","","in","","1","0","0","https://x.com/undefined/status/1082420317627150336","1071015163925422080",
"1082420305929428995","Mon Jan 07 23:34:45 +0000 2019","0","Kapolsek Cigasong Sambang ke Tokoh Agama Jelang Pemilu 2019 https://t.co/1oUscUSQns https://t.co/PqlCuFfLQ9","1082420305929428995","https://pbs.twimg.com/media/DwWHiBXXcAEHl6n.jpg","","in","","0","0","0","https://x.com/undefined/status/1082420305929428995","877210906895073280",
"1082266785838059520","Mon Jan 07 23:34:45 +0000 2019","0","@saididu @KPU_ID Kpu kenapa tidak tegas dan seperti memihak kubu 1. Apa tidak ada aturan yg bisa ditegakkan. Sepertinya kita harus bersatu memantau semua jalannya pemilu sampai selesai. Kita punya rakyat yg mendukung tapi mereka punya banyak pasukan yg bisa menyulap.","1082420303190315009","","saididu","in","","0","0","0","https://x.com/undefined/status/1082420303190315009","967746687996280833",
"1082249398019534851","Mon Jan 07 23:34:42 +0000 2019","0","@jokowi ","1082420293262487555","","jokowi","qme","","0","0","0","https://x.com/undefined/status/1082420293262487555","3430819634",
"1082420286794883072","Mon Jan 07 23:34:41 +0000 2019","0","Tidak terlalu kaget dan sudah biasa jika @Prabowo gagal di Pemilu 2019. Karena memang wajar jika kampanye tidak pernah menawarkan program. #2019PrabowoKalahLagi","1082420286794883072","","","in","","0","0","0","https://x.com/undefined/status/1082420286794883072","1010907011326697473",
"1082420285469421568","Mon Jan 07 23:34:41 +0000 2019","0","Ketua Timses @prabowo Pilih Langgar HAM daripada Negara Runtuh https://t.co/E3phT5OMe1","1082420285469421568","","","in","","0","1","0","https://x.com/undefined/status/1082420285469421568","996826469400629248",
"1082420278980792320","Mon Jan 07 23:34:39 +0000 2019","0","Iseng lihat video debat capres 2014. Pak Prabowo selalu sepakat tuh sama Pak Jokowi hehehe https://t.co/t2eRMZpxgD","1082420278980792320","","","in","","0","0","0","https://x.com/undefined/status/1082420278980792320","960773334",
"1082141362923888640","Mon Jan 07 23:34:37 +0000 2019","0","@addiems Harus ada parpol yg gulung tikar di pemilu yad atau paling tidak merosot.","1082420271674314752","","addiems","in","","0","0","0","https://x.com/undefined/status/1082420271674314752","1325688709",
"1082217606151495680","Mon Jan 07 23:34:36 +0000 2019","2","@simkuringporsea @bhairawamanu @karniilyas @saididu @rockygerung @jokowi yg jelas aq ga mau jadi org dungu...yg suka dikibulin dan di php in berkali2 kan org dungu.......boleh nanya knp cebi2 demen di bohongi???","1082420266163027968","","simkuringporsea","in","","0","1","0","https://x.com/undefined/status/1082420266163027968","2478671420",
"1082420253374574592","Mon Jan 07 23:34:33 +0000 2019","1","Pak Jokowi jadi berita TV² Nasional di AS karena kepiawaian nya dalam menangkis perang dagang AS - China. Rupiah terkuat di Asia. Pak Jokowi Gegerkan TV Amerika. ","1082420253374574592","","","in","","0","1","1","https://x.com/undefined/status/1082420253374574592","744210493141745665",
"1082177535243251712","Mon Jan 07 23:34:20 +0000 2019","1","@VIVAcoid @prabowo @sandk @Dahnilanzar ndak percaya kalo emang iya kubu PS yg minta ngapa cebong yg girang. Goreengg aja terus~~","1082420199427461120","","VIVAcoid","in","","0","0","0","https://x.com/undefined/status/1082420199427461120","1078823402",
"1082174805514772483","Mon Jan 07 23:34:16 +0000 2019","0","@CakKhum @marierteman @_TNIAU twitter mu ini mewakili institusi negara...sikap mu harus NETRAL..ingatlah bhwa kalian di gaji dr pajak rakyat.. wahai admin @_TNIAU yang terhormat ketahuilah bhwa Bapak SURYO PRABOWO TIDAK PERNAH MENGHIANATI BANGSA INI.. Menjadi Penjilat Demi kekuasaan pun tidak..","1082420181874311168","","suaragagap","in","","0","0","0","https://x.com/undefined/status/1082420181874311168","786164049008406528",
"1082420173166891009","Mon Jan 07 23:34:14 +0000 2019","0","dari pada hanya sekedar menuding dan membuat gaduh masyarakat sebaiknya prabowo dan sandi menyampaikan hal-hal yang positif dan benar #2019PrabowoKalahLagi","1082420173166891009","","","in","","0","0","0","https://x.com/undefined/status/1082420173166891009","1070690910516604928",
"1082420105223405568","Mon Jan 07 23:33:58 +0000 2019","0","KAU SENDIRI YANG SELALU BERULAH MEGA ...MAKANYA JAGA MULUT LU ...SUARA PERTAMA MEGA SOAL PRABOWO DI 2019;KOK ANAK BUAHNYA GITU YA?SAYA BE... https://t.co/WPers1A9MS lewat @YouTube","1082420105223405568","","","in","","0","0","0","https://x.com/undefined/status/1082420105223405568","4897580641",
"1082274797587853314","Mon Jan 07 23:33:53 +0000 2019","0","@HukumDan demi martabat paslon martabat bangsa ngalah!! janganlah katua ya gak mungkinlah awak pilih capres otaknya berserak ","1082420084151209985","","HukumDan","in","","0","0","0","https://x.com/undefined/status/1082420084151209985","1033277719230930944",
"1082419968229011456","Mon Jan 07 23:33:25 +0000 2019","1","Ini sudah menjadi bagian hidup dari seorang @Prabowo dia selalu pesimis dengan setiap keadaan yang dihadapi. @andreOPA @BiLLRaY_ @PakdeJokowi01 @atikah_lidya #2019PrabowoKalahLagi","1082419968229011456","","","in","","0","0","0","https://x.com/undefined/status/1082419968229011456","1080899675186618368",
"1082160938575224832","Mon Jan 07 23:33:24 +0000 2019","0","@Dennysiregar7 @jokowi @prabowo visi prabowo anak sholehhh ","1082419962428284928","","","in","","0","0","0","https://x.com/undefined/status/1082419962428284928","159430935",
"1082295050946543616","Mon Jan 07 23:33:23 +0000 2019","0","@zarazettirazr Ajib ya Allah 2019 prabowo presiden","1082419958506635265","","","in","","0","0","0","https://x.com/undefined/status/1082419958506635265","1031082969643896839",
"1082336443060514816","Mon Jan 07 23:33:15 +0000 2019","1","@budimandjatmiko @HendarwatiH Yg takut debat itu junjunganmu Man mau diwakilkan timses Prabowo Sandi udah siap sampaikan adu visi misi sumbangan dari rakyat yg ikhlas utk perubahan lebih baik dari pada pakai uang utang. Paham Man loe... ?","1082419927166808064","","budimandjatmiko","in","","0","1","0","https://x.com/undefined/status/1082419927166808064","951343187691323392",
"1082419920275628033","Mon Jan 07 23:33:14 +0000 2019","43","Soal debat Capres : -Tim prabohoax yg minta diskusi hnya satu arah saja -Tim prabohoax usul penyampain visi-misi searah bukan debat -Tim prabohoax yg meminta bocoran debat Jelas kan siapa yg takut ada debat?? #PrabowoTakutDebat #Prabohongstadium4 https://t.co/NACF8GhNq1","1082419920275628033","","","in","","1","3","28","https://x.com/undefined/status/1082419920275628033","3113875502",
"1082419914802163712","Mon Jan 07 23:33:12 +0000 2019","0","Jokowi Optimis Pelaksanaan Pilpres Pileg Berjalan Aman dan Damai https://t.co/mNhlmrEQ2A https://t.co/TEg25LgwrM","1082419914802163712","https://pbs.twimg.com/media/DwWHLQ1UcAE91Mn.jpg","","in","","0","0","0","https://x.com/undefined/status/1082419914802163712","1008163752917626880",
"1082419897441804289","Mon Jan 07 23:33:08 +0000 2019","0","Dagelan lagi. Perangkat pemilu udah berpihak duluan. Cek di ignya @bawasluri komennya bikin ksl https://t.co/uQw4zeHPLB","1082419897441804289","","","in","","0","0","0","https://x.com/undefined/status/1082419897441804289","111046927",
"1082249398019534851","Mon Jan 07 23:33:08 +0000 2019","0","@jokowi Top markotop dah","1082419895080431616","","jokowi","in","","0","0","0","https://x.com/undefined/status/1082419895080431616","899556663757119490",
"1082419860691283969","Mon Jan 07 23:32:59 +0000 2019","0","#trubusmania Koperasi Garment di Bandung Kebanjiran Order Kaos Jelang Pemilu #trubusid https://t.co/hemLC2cQzX","1082419860691283969","","","in","","0","0","0","https://x.com/undefined/status/1082419860691283969","749861013827170308",
"1082314502945689600","Mon Jan 07 23:32:59 +0000 2019","0","@enylove2 Sampean jadi stuntnya Ibu Capres 02 yaak..","1082419857352585217","","EnyLove_1","in","","0","0","0","https://x.com/undefined/status/1082419857352585217","517292879",
"1082163728018071552","Mon Jan 07 23:32:53 +0000 2019","0","@budimandjatmiko KALIAN PECUNDANG !! @prabowo @sandiuno","1082419832996257793","","budimandjatmiko","in","","0","0","0","https://x.com/undefined/status/1082419832996257793","323225322",
"1082419826339926017","Mon Jan 07 23:32:51 +0000 2019","0","Disini ada kabar komunitas etnis Tionghoa memberikan bantuan sumbangan dana kampanye. Semoga tidak dibilang Capres kafir. #2019PrabowoKalahLagi https://t.co/LqPZZM6nrN","1082419826339926017","","","in","","0","0","0","https://x.com/undefined/status/1082419826339926017","1010907011326697473",
"1082419796342272000","Mon Jan 07 23:32:44 +0000 2019","0","Ada capres sebelah yang dulu dipecat dari institusinya dan sudah begitu sekarang hobinya menakut-nakuti rakyatnya. #2019PrabowoKalahLagi https://t.co/TFKJIoa9Ck","1082419796342272000","","","in","","0","0","0","https://x.com/undefined/status/1082419796342272000","1010907011326697473",
"1082419744060264448","Mon Jan 07 23:32:32 +0000 2019","0","@null Tim Jokowi: Priyo Budi yang Tak Mau Ada Debat Capres-Cawapres TKN Jokowi-Ma'ruf https://t.co/aZzDbNO3H6","1082419744060264448","","null","in","","0","0","0","https://x.com/undefined/status/1082419744060264448","841647671349673984",
"1082276739106009088","Mon Jan 07 23:32:31 +0000 2019","0","@ngonlain @prabowo @sandiuno @fadlizon @Gerindra PEENJIIIILAAAAAAAT........ MEEMAALUUKAAAAANNNN.......","1082419740755120128","","ngonlain","fi","","1","1","0","https://x.com/undefined/status/1082419740755120128","2406955750",
"1082319459191115776","Mon Jan 07 23:32:30 +0000 2019","4","@Choky_Sir @Ferdinand_Haean Wkwkwkw...kemarin jadi pendukung Jokowi ngk dapat apa2. Nanti jadi pendukung Prabowo juga demikian....sungguh perjuangan yang sia2 betul kan @Ferdinand_Haean","1082419738347634688","","Ch_Siroky","in","","0","0","0","https://x.com/undefined/status/1082419738347634688","971332831602356225",
"1082419719662010368","Mon Jan 07 23:32:26 +0000 2019","18","Klu sudah ada Presiden HEBAT JUJUR SOLEH anti Hoax Bapak Jokowi NGAPAIN pilih lain yang GA HEBAT GA JUJUR GA SOLEH gemar Hoax","1082419719662010368","","","in","","0","1","8","https://x.com/undefined/status/1082419719662010368","716136875178663936",
"1082419703157407745","Mon Jan 07 23:32:22 +0000 2019","0","@Jokowi itu adalah Presiden yang tumbuh dari bawah dan sering berdialog dengan rakyatnya. Tak heran jika banyak rakyat yang ingin memilih kembali @Jokowi sebagai presiden di 2019 nanti. Karena mereka tau siapa yang selama ini bersentuhan dengan mereka. #2019PrabowoKalahLagi","1082419703157407745","","jokowi","in","","0","0","0","https://x.com/undefined/status/1082419703157407745","1010907011326697473",
"1082160938575224832","Mon Jan 07 23:32:17 +0000 2019","0","@Dennysiregar7 @jokowi @prabowo Bukti otak konslet https://t.co/tCibjjlWau","1082419681049210880","https://pbs.twimg.com/media/DwWG8h-VAAABQ1w.jpg","","tr","","0","0","0","https://x.com/undefined/status/1082419681049210880","1020929253762715648",
"1082419671486193664","Mon Jan 07 23:32:14 +0000 2019","0","Kl bukan LICIK atau CULAS apa namanya? Baca baik-baik! Pak Prabowo memang menolak usulan debat menggunakan Bhs Inggris karena kasihan dgn calon lawan debatnya. Bgmn itu kemudian diartikan jd takut berdebat ? UNGUUUD... UNGUD! #2019PrabowoPresidenRI","1082419671486193664","","","in","","0","0","0","https://x.com/undefined/status/1082419671486193664","964118629657722880",
"1082419660216135685","Mon Jan 07 23:32:12 +0000 2019","0","Prabowo-Sandi memang tidak pernah memaparkan progran yang jelas melainkan hanya bermain dengan gimmick politik terutama dengan mengunjungi pasar dengan isu bahan pangan mahal yang dimainkan oleh kubu oposisi. #2019PrabowoKalahLagi","1082419660216135685","","","in","","0","0","0","https://x.com/undefined/status/1082419660216135685","1010907011326697473",
"1082224910787727367","Mon Jan 07 23:32:05 +0000 2019","0","@ILCtv1 @karniilyas @KPU_ID @jokowi @prabowo @MarufAminNU @sandiuno #norockynoparty","1082419631418044416","","ILCTalkshow","qme","","0","0","0","https://x.com/undefined/status/1082419631418044416","885386000809172992",
"1082419620865175552","Mon Jan 07 23:32:02 +0000 2019","0","Kekalahan @Prabowo sudah didepan mata. Kita sambut baik kembali Pak @Jokowi #2019PrabowoKalahLagi","1082419620865175552","","","in","","0","0","0","https://x.com/undefined/status/1082419620865175552","1010907011326697473",
"1082419583393251328","Mon Jan 07 23:31:53 +0000 2019","29","5 kebohongan Prabowo Sandi. Kebohongan terbesarnya adalah bohong berjamaah dalam kasus Ratna Sarumpaet. https://t.co/mfULhjkfnP","1082419583393251328","https://pbs.twimg.com/ext_tw_video_thumb/1082419394276339712/pu/img/lNQKhe6EdPdtzdd_.jpg","","in","","3","9","27","https://x.com/undefined/status/1082419583393251328","49889849",
"1082419244338298880","Mon Jan 07 23:30:32 +0000 2019","0","@null Tim Jokowi: Priyo Budi yang Tak Mau Ada Debat Capres-Cawapres TKN Jokowi-Ma'ruf https://t.co/rVVnDKk882","1082419244338298880","","null","in","","0","0","0","https://x.com/undefined/status/1082419244338298880","840989714",
"1082419213338202112","Mon Jan 07 23:30:25 +0000 2019","0","Masih inget ketika hasil quickcount di Pemilu 2014 lalu? #2019PrabowoKalahLagi https://t.co/YmIYVgZSNK","1082419213338202112","","","in","","0","0","0","https://x.com/undefined/status/1082419213338202112","1010907011326697473",
"1082419212042231808","Mon Jan 07 23:30:25 +0000 2019","0","@null Tim Jokowi: Priyo Budi yang Tak Mau Ada Debat Capres-Cawapres TKN Jokowi-Ma'ruf https://t.co/IrPORBg49k","1082419212042231808","","null","in","","0","0","0","https://x.com/undefined/status/1082419212042231808","1557463332",
"1082419210519629824","Mon Jan 07 23:30:24 +0000 2019","1","Bahaya kalau debat saja @Prabowo tidak ingin diadakan. @andreOPA @BiLLRaY_ @PakdeJokowi01 @atikah_lidya #2019PrabowoKalahLagi","1082419210519629824","","","in","","0","0","0","https://x.com/undefined/status/1082419210519629824","1080899675186618368",
"1082260254757244928","Mon Jan 07 23:30:23 +0000 2019","0","@Fahrihamzah Hati2 klo permasalhin syariat Capres jagoanmu yg sibuk joget2 pas merayakan natal itu udah jauh dr syariat Islam. https://t.co/bCA7uBgu5y","1082419205046063104","https://pbs.twimg.com/media/DwWGhIPVYAEzIOR.jpg","Fahrihamzah","in","","0","0","0","https://x.com/undefined/status/1082419205046063104","245685628",
"1082419201497677824","Mon Jan 07 23:30:22 +0000 2019","0","@null Tim Jokowi: Priyo Budi yang Tak Mau Ada Debat Capres-Cawapres TKN Jokowi-Ma'ruf https://t.co/dETz3Je6pp","1082419201497677824","","null","in","","0","0","0","https://x.com/undefined/status/1082419201497677824","1679852396",
"1082415313679835136","Mon Jan 07 23:30:17 +0000 2019","0","@RustamIbrahim @jokowi Mereka konyol","1082419181457354753","","RustamIbrahim","in","","0","0","0","https://x.com/undefined/status/1082419181457354753","487322762",
"1082217606151495680","Mon Jan 07 23:30:17 +0000 2019","1","@ad4100qq @karniilyas @jokowi akhir nya ada ebong yg kelojotanhoreee...ada hiburan ebong...lumayan ..#dungumaksimal","1082419179121127424","","ad4100qq","in","","0","0","1","https://x.com/undefined/status/1082419179121127424","2478671420",
"1082419167855144960","Mon Jan 07 23:30:14 +0000 2019","0","@null Tim Jokowi: Priyo Budi yang Tak Mau Ada Debat Capres-Cawapres TKN Jokowi-Ma'ruf https://t.co/SYzDcSgmPI","1082419167855144960","","null","in","","0","0","0","https://x.com/undefined/status/1082419167855144960","625593086",
"1082419158128574464","Mon Jan 07 23:30:12 +0000 2019","0","@null Tim Jokowi: Priyo Budi yang Tak Mau Ada Debat Capres-Cawapres TKN Jokowi-Ma'ruf https://t.co/oF9ONnfsEp","1082419158128574464","","null","in","","0","0","0","https://x.com/undefined/status/1082419158128574464","205533274",
"1082160938575224832","Mon Jan 07 23:30:09 +0000 2019","0","@Debe82209008 @Dennysiregar7 @jokowi @prabowo Adil makmur gimana...??? Coba tanya @prabowo karyawannya udah digaji belum. Tanya @sandiuno si tukang tilep kemana uang tanah keluarga angkatnya yg dia embat. MIKIR...!!!","1082419145235283969","","Debe82209008","in","","0","0","0","https://x.com/undefined/status/1082419145235283969","45049631",
"1082204998350458880","Mon Jan 07 23:30:08 +0000 2019","0","@Ken2steve @melekpolitikcom @gerilyapolitik @prabowo @sandiuno Pabrik apaan...?? Pabrik hoax....","1082419142752235520","","TheObidient","in","","0","0","0","https://x.com/undefined/status/1082419142752235520","997437469879558144",
"1082419140499931136","Mon Jan 07 23:30:08 +0000 2019","0","Bank Dunia Kritik Pedas Infrastruktur Jokowi https://t.co/3I5qThQcPQ","1082419140499931136","","","in","","0","0","0","https://x.com/undefined/status/1082419140499931136","239151045",
"1082279578159132672","Mon Jan 07 23:30:08 +0000 2019","0","@sandiuno @prabowo Sehat selalu pak @jokowi YRA","1082419140281827328","","sandiuno","in","","0","0","0","https://x.com/undefined/status/1082419140281827328","188766881",
"1082419085713915904","Mon Jan 07 23:29:55 +0000 2019","1","Pak @Jokowi saya yakin sudah siap dalam semua sesi apalagi (hanya) penyampaian visi-misi. Hanya saja @Prabowo yang menolak komunikasi dua arah tidak ingin ada kritik dan evaluasi atas visi-misinya. #2019PrabowoKalahLagi @andreOPA @BiLLRaY_ @PakdeJokowi01 @atikah_lidya","1082419085713915904","","","in","","0","0","0","https://x.com/undefined/status/1082419085713915904","1080899675186618368",
"1082419078021636096","Mon Jan 07 23:29:53 +0000 2019","0","Pendukungnya bilang ucapan selamat natal haram tapi @Prabowo merayakan. Selalu saja ayah dan anak tidak sejalan seperti itu. #2019PrabowoKalahLagi","1082419078021636096","","","in","","0","0","0","https://x.com/undefined/status/1082419078021636096","1010907011326697473",
"1082249398019534851","Mon Jan 07 23:29:49 +0000 2019","0","@BudiJono45 @Amirdat5 @nu_uril @jokowi @richosembiring Yg bilang HTI komandoi Prabowo siapa? Otak dipakai mikir. Ya komando HTI memprofokasi anak buahnya. Tuh banyak capture an tentang perlawanan mereka di pemilu .","1082419061072351233","","BudiJono45","in","","0","1","0","https://x.com/undefined/status/1082419061072351233","1046266921270673408",
"1082419042080571392","Mon Jan 07 23:29:44 +0000 2019","0","https://t.co/vGR5B8uRbZ Banyak pendukung @Prabowo yang mundur hanya karena hoax. #2019PrabowoKalahLagi","1082419042080571392","","","in","","0","0","0","https://x.com/undefined/status/1082419042080571392","1010907011326697473",
"1082097858617044992","Mon Jan 07 23:29:42 +0000 2019","0","@AnggaraDien @Dahnilanzar @jokowi 2017 kemarin","1082419034769870848","","","in","","0","0","0","https://x.com/undefined/status/1082419034769870848","827160098652893188",
"1082350940173127680","Mon Jan 07 23:29:29 +0000 2019","0","@NgopiJahe_09 @Rahmat0811 @RestyCayah @KPU_ID Prabowo tuh bisa pidato tanpa teks gak Gelagapan kalau ngomong pas ditanya Wartawan Prabowo nulis 4 buku dengan ide2 besar. Prabowo bisa Bahasa Inggris Lancar Kalau Standard TOEFL 5.5 Beliau pasti udh 80..gw ga mau jelekin idola Loe tpi Publik semua udh tau kok ","1082418977421152256","","NgopiJahe_09","in","","0","2","0","https://x.com/undefined/status/1082418977421152256","829122325157064704",
"1082279578159132672","Mon Jan 07 23:29:17 +0000 2019","0","@sandiuno @prabowo Apa kabar jakarta cuy ? Mimpin jakarta anda blm beres OK Oce Bangkrut &amp; GAGAL Program Rumah DP 0 berantakan Hoax di gedein. Luar biasa Pak Sandi ","1082418928763060224","","sandiuno","in","","0","0","0","https://x.com/undefined/status/1082418928763060224","41333232",
"1082257566049030144","Mon Jan 07 23:29:14 +0000 2019","0","@fadlizon Debat pilpres tak asyik ya ndak ikut pilpres @prabowo @sandiuno dari dulu biar @jokowi yang maju 2 periode dan ikut debat","1082418913982349314","","fadlizon","in","","0","0","0","https://x.com/undefined/status/1082418913982349314","1032470508145528832",
"1082111199980867584","Mon Jan 07 23:29:08 +0000 2019","1","@RajaPurwa @sandiuno @nurasiauno @prabowo #1000titiksandi","1082418890473259008","","RajaPurwa","qme","","0","0","1","https://x.com/undefined/status/1082418890473259008","1036214747467735040",
"1082418888334135296","Mon Jan 07 23:29:08 +0000 2019","1","Jika hal ini ditolak oleh @Prabowo dan @Sandiaga sudah dipastikan bahwa mereka menolak peraturan yang sudah ditetapkan oleh KPU. #2019PrabowoKalahLagi @andreOPA @BiLLRaY_ @PakdeJokowi01 @atikah_lidya","1082418888334135296","","","in","","0","0","0","https://x.com/undefined/status/1082418888334135296","1080899675186618368",
"1081128393851035649","Mon Jan 07 23:29:06 +0000 2019","0","@ustadtengkuzul @pemudapengkolan @jokowi Lawan.","1082418880809562112","","ustadtengkuzul","en","","0","0","0","https://x.com/undefined/status/1082418880809562112","239151045",
"1082147379799707648","Mon Jan 07 23:28:57 +0000 2019","0","@PartaiSocmed @Kopi_laut Mksdnyaa tadinya no urut 1 dan 2. Mereka pengen 01 dan 02. KPU dan BPN prabowo ikut. Visi misi tidak usah dijelaskan capres cawapres KPU dan BPN prabowo ikut lagi. Nah kl apa2 gmn TKN jokowi mau jadi apa ini?","1082418843362811904","","PartaiSocmed","in","","0","0","0","https://x.com/undefined/status/1082418843362811904","55819926",
"1082418840804290560","Mon Jan 07 23:28:56 +0000 2019","2","khan maen salah satu politisi partai pendukung wowo yang terus berjuang membuka mata hati masyarakat agar memilih Pak Jokowi dan K.h Ma ruf Amin https://t.co/qxILHVOBqQ #2019PrabowoKalahLagi","1082418840804290560","","","in","","1","0","1","https://x.com/undefined/status/1082418840804290560","1071015163925422080",
"1082418805131771904","Mon Jan 07 23:28:48 +0000 2019","0","Enak aja...elu elu ngomong @prabowo @sandiuno menolak debat....oiii cebong ...junjungan anda yg menolak debat kali...karena akan blunder....banyak janji bohong...biar rakyat tau...dan kami memilih nomor 2. Puas lu bong.","1082418805131771904","","","in","","0","0","0","https://x.com/undefined/status/1082418805131771904","2704031347",
"1082418801897988096","Mon Jan 07 23:28:47 +0000 2019","0","mantuy salah satu politisi partai pendukung wowo yang terus berjuang membuka mata hati masyarakat agar memilih Pak Jokowi dan K.h Ma ruf Amin https://t.co/E7W0mJIMfi #2019PrabowoKalahLagi","1082418801897988096","","","in","","0","0","0","https://x.com/undefined/status/1082418801897988096","1070690910516604928",
"1082418791613530112","Mon Jan 07 23:28:44 +0000 2019","1","Debat calon kepala negara itu sudah diatur dalam UU Nomor 7/2017 tentang Pemilu. @andreOPA @BiLLRaY_ @PakdeJokowi01 @atikah_lidya #2019PrabowoKalahLagi","1082418791613530112","","","in","","0","0","0","https://x.com/undefined/status/1082418791613530112","1080899675186618368",
"1082418791475101696","Mon Jan 07 23:28:44 +0000 2019","0","Akhirnya @Dahnilanzar Ngakui juga kalau mereka sepkat kisi2 pertanyaan dibocorkan kepda Capres/Cawapres. Yg nuding KPU tk netral malah org2 dia juga..berarti ada mslh ditim BPN ini...Hsil rapat KPU tk prnh dismpaikn ke BPN https://t.co/63CdRKdGqh","1082418791475101696","","","in","","0","0","0","https://x.com/undefined/status/1082418791475101696","2940073392",
"1082307888586977280","Mon Jan 07 23:28:40 +0000 2019","0","@dr_tompi Cc sekompi @Gerindra @prabowo @fadlizon @Fahrihamzah @AndiArief__ @Ferdinand_Haean @pksejahtera @cumaracheI","1082418772361670656","","dr_tompi","in","","0","0","0","https://x.com/undefined/status/1082418772361670656","188766881",
"1082418763767508993","Mon Jan 07 23:28:38 +0000 2019","0","Omongan Jokowi Terbukti Dolar AS Lengser ke Rp 13.990 https://t.co/FpclppreqM","1082418763767508993","","","in","","0","0","0","https://x.com/undefined/status/1082418763767508993","18646441",
"1082170607528116227","Mon Jan 07 23:28:29 +0000 2019","0","@fadlizon Nggak usah memutar balikkan fakta. Nyatanya prabowo yg nggak berani debat.","1082418728816435200","","fadlizon","in","","0","0","0","https://x.com/undefined/status/1082418728816435200","1048785523001647104",
"1082418688534339584","Mon Jan 07 23:28:20 +0000 2019","0","#KoalisiKardus BPN Prabowo-Sandiaga Akui Anggotanya Tak Paham soal Pembatalan Sosialisasi Visi-Misi Paslon https://t.co/KDSaINqEOO","1082418688534339584","","","in","","0","0","0","https://x.com/undefined/status/1082418688534339584","996826469400629248",
"1082418684683907072","Mon Jan 07 23:28:19 +0000 2019","2","Kalau ga ada debat cuma pembacaan visi misi mending visi misinya aja diumumkan di tivi ga perlu orangnya. Usul kubu @prabowo sungguh aneh mosok sekelas eks militer takut debat? #PrabowoTakutDebat","1082418684683907072","","","in","","0","0","1","https://x.com/undefined/status/1082418684683907072","495580235",
"1082418636482961408","Mon Jan 07 23:28:07 +0000 2019","0","Mengungkap Drama-Drama Jelang Debat Capres https://t.co/2N4lMDz1Pz","1082418636482961408","","","in","","0","0","0","https://x.com/undefined/status/1082418636482961408","456426648",
"1082418629759492096","Mon Jan 07 23:28:06 +0000 2019","0","Ma ruf Amin: Ucapan Mbah Moen Isyaratkan Jokowi-Ma ruf Didukung Ulama Sebenarnya https://t.co/lDe4I69uKQ https://t.co/EExfBCXXZ6","1082418629759492096","https://pbs.twimg.com/media/DwWGAeMVAAADPq0.jpg","","in","","0","0","0","https://x.com/undefined/status/1082418629759492096","886813456875143168",
"1082187935720427521","Mon Jan 07 23:28:02 +0000 2019","0","@Asmara_1701 @prabowo Berjuang sambil bertawaqal... Andai mesti kalah karena dicurangi tetap berlapang dada...Allah pembuat keputusan yang seadil-adilnya... Semoga 02 menang...","1082418614978830337","","Asmara_1701","in","","0","0","0","https://x.com/undefined/status/1082418614978830337","3074810520",
"1082160938575224832","Mon Jan 07 23:28:00 +0000 2019","0","@Dennysiregar7 @jokowi @prabowo soa saya pagi tadi.. #2019PrabowoPresidenRI #2019PrabowoPresidenRI #2019PrabowoPresidenRI #2019PrabowoPresidenRI #2019PrabowoPresidenRI #2019PrabowoPresidenRI #2019PrabowoPresidenRI #2019PrabowoPresidenRI #2019PrabowoPresidenRI #2019PrabowoPresidenRI aamiin ya Allah.","1082418603821940737","","","in","","0","0","0","https://x.com/undefined/status/1082418603821940737","971916911159099392",
"1082204525639852032","Mon Jan 07 23:27:58 +0000 2019","1","@hana_4TAA @jokowi @chicohakim @RizmaWidiono @P3nj3l4j4h @projopusat @purwo82092883 @Paltiwest @04Nakula @4Y4NKZ @Y_Radianto Terbaik di Asia pun kubu sebelah ga terima. Maunya 1 dollar = 2000 kaga ngerti dollar apaan. Yang penting ngegas.","1082418597522067456","","","in","","0","0","1","https://x.com/undefined/status/1082418597522067456","1107620514",
"1082301450632323072","Mon Jan 07 23:27:57 +0000 2019","0","@republikaonline Ga nyambung pak.... mslh debat capres-cawapres kq dhub2kan dg 'dpermalukan'. Berani nyapres cawapres hrs siap resiko appun.","1082418590735716352","","republikaonline","in","","0","1","1","https://x.com/undefined/status/1082418590735716352","894085686470483968",
"1082418589997576192","Mon Jan 07 23:27:56 +0000 2019","1","Mungkin nih wowo bowo sudah tidak percaya diri jika sesi debat diadakan. Terlebih memang tidak ada program dan prestasi yang ditawarkan. Jelas ini adalah cikal bakal kekalahan @Prabowo @andreOPA @BiLLRaY_ @PakdeJokowi01 @atikah_lidya #2019PrabowoKalahLagi","1082418589997576192","","","in","","0","0","0","https://x.com/undefined/status/1082418589997576192","1080899675186618368",
"1082301450632323072","Mon Jan 07 23:27:55 +0000 2019","0","@republikaonline bukankah dgn sampaikan visi misi dan berdialog maka akan menunjukkan kehebatan para capres. bukankah para calon itu adalah orang terhebat diantara rakyat NKRI. kenapa justru otak dari KPU terbalik seperti ini?","1082418584872050689","","republikaonline","in","","0","0","0","https://x.com/undefined/status/1082418584872050689","2902769294",
"1082279578159132672","Mon Jan 07 23:27:51 +0000 2019","0","@hheri_prayitno @_Septiaan @Entesyahranie1 @sandiuno @prabowo Silit Item","1082418565947387907","","","en","","0","0","0","https://x.com/undefined/status/1082418565947387907","953330310300688384",
"1082414163421347841","Mon Jan 07 23:27:50 +0000 2019","1","@putrikulo @MasCEPUK @iqballsalasa @crishnady @Anaf173 @InMay_imf @anggunchintya22 @CitraaAriska @MahesaTiwi @TaniaMadhani @KatakHijau2018 @KudaHitam45 Haha. Sate Calon Ibu Negara dari Capres paslon no.2","1082418563669884928","","putrikulo","in","","0","0","0","https://x.com/undefined/status/1082418563669884928","2946690570",
"1079447802550222848","Mon Jan 07 23:27:47 +0000 2019","0","@Next_J2P @ZanovSyah @nit4sist @Gun4w4nAhokers @kuyawirya @Munafikunn @Manroeunited @verrel_costacu @SyaifulRochim7 @agama_nusantara @Audy_Sebastian @_hugo_evans @ulysses_ferrel @suwandi57583826 @Nanaa_rosaa @TonyFoo13 @herlambang_tan @EliasAdi79 @RenataSyarif @_ANDRE_OCTA_ @Mmahalik2 @nemosyus @Antri_Mati @besmartyk @CeciliaSuwanda1 @zoelfick @jokowi @basuki_btp @Takviri @joxzin_jogja @ezaprasetya @Gerindra @bakomgerindra08 @PP_TIDAR @projopusat @RelawanProjo @CCICPolri @BareskrimPolri @bawaslu_RI @DKPP_RI @JimlyAs @Humas_MKRI @erickthohir @KSPgoid @Dr_Moeldoko @KoboiBengek @BosErvan @sugi_0706 @Next_J2P ga mau comentaru foto ini kenapa ?","1082418551070195713","","Bobby_zipp","in","","0","1","0","https://x.com/undefined/status/1082418551070195713","2352230799",
"1082279578159132672","Mon Jan 07 23:27:42 +0000 2019","0","@sandiuno @prabowo eling umur bro..muda ?kamu umur berapa?","1082418530383888384","","sandiuno","in","","0","0","0","https://x.com/undefined/status/1082418530383888384","60010027",
"1081259859947905024","Mon Jan 07 23:27:37 +0000 2019","0","@PriyoBudiS @Abta @prabowo @sandiuno Kalau gitu followback saya Pak #2019PrabowoSandi #PrabowoSandiAja","1082418507906658304","","PriyoBudiS","in","","0","0","0","https://x.com/undefined/status/1082418507906658304","108626627",
"1082279578159132672","Mon Jan 07 23:27:36 +0000 2019","0","@DongoranSimone @sandiuno @prabowo Kalo yg menyandang H didepan namanya si orangnya kenceng2 om. Yg repot nyandang B didepan namanya itu yg suka bikin rusuh.","1082418505478098944","","DongoranSimone","in","","0","0","0","https://x.com/undefined/status/1082418505478098944","965352606653562880",
"1082279578159132672","Mon Jan 07 23:27:36 +0000 2019","0","@sandiuno @prabowo Tp apa boleh buat anak2 muda yg d culik tahun 98 tdk bisa memilih krn tdk tau d mana rimbanya. Mungkin pak @sandiuno bisa bantu menemukan pahlawan2 repormasi tersebut spy bisa menggunakn hak pilihnya.","1082418503854960640","","sandiuno","in","","0","0","0","https://x.com/undefined/status/1082418503854960640","910739488585818117",
"1082418469830717441","Mon Jan 07 23:27:28 +0000 2019","0","BERANI GAK YA ...KUBU PRABOWO TANT4NG KUBU JKW BUKA-BUKA'AN SOAL KEBOHONGAN https://t.co/fjWWCCKfSH lewat @YouTube","1082418469830717441","","","in","","0","0","0","https://x.com/undefined/status/1082418469830717441","4897580641",
"1082418447013695488","Mon Jan 07 23:27:22 +0000 2019","0","AIDS di Kota Depok Tembak LGBT Abaikan Heteroseksual - https://t.co/BgLjvtfmSo #AIDSKOTADEPOK @jokowi @kemenkopmk @Kemendagri_RI @KemenkesRI @unaids_id @UNAIDS_AP @WHOIndonesia @WHOSEARO @pemkotdepok @dinkeskotadepok (@Humas_depok @kompasiana","1082418447013695488","","","in","","0","0","0","https://x.com/undefined/status/1082418447013695488","98528364",
"1082418442399956992","Mon Jan 07 23:27:21 +0000 2019","0","(DETIKCOM | Jokowi vs Prabowo di Pusaran Tema Debat Pertama) https://t.co/vE4RE2ujKy #pemilu #pemilu2019","1082418442399956992","","","in","","0","0","0","https://x.com/undefined/status/1082418442399956992","968428811107819521",
"1082407092437143553","Mon Jan 07 23:27:21 +0000 2019","0","@TelkomCare Mas dari kmrin masa cek sisi sentral mulu. Gak bisa kerja apa kamu mas?dari kmrin jg ngomongnya mau ke lokasi.Tapi janji tinggal janji. Manis dibibir aja @waffleheads @TuanGodang @SDeboHidayat @jokowi","1082418442194415616","","Telkom_EYF","in","","0","1","0","https://x.com/undefined/status/1082418442194415616","73156313",
"1082248649193664512","Mon Jan 07 23:27:21 +0000 2019","0","@permadiaktivis @prabowo @sandiuno @Ferdinand_Haean @Dahnilanzar @saididu @AkunTofa @hanumrais @rockygerung https://t.co/M4u4nvVes4","1082418440021848065","https://pbs.twimg.com/media/DwWF0rdVYAALotM.jpg","permadiaktivis","qme","","0","0","0","https://x.com/undefined/status/1082418440021848065","1031907187801567234",
"1081846214407053314","Mon Jan 07 23:27:20 +0000 2019","0","@egoistictata @rockygerung Jangan asal ngomong. Kapan Jokowi berbicara utk memecah orang Islam?","1082418438788632576","","","in","","0","0","0","https://x.com/undefined/status/1082418438788632576","869947526819889152",
"1081147774605750272","Mon Jan 07 23:27:19 +0000 2019","0","@Ricardo18813858 @jokowi @tni_ad @884GlobalRadio @agmunthe @anakgadih_amak @anggitautami_ @galucutaw @titaaafm @Adeee_hs @13Fitfitri @AdhityaRatih @ainahrf @alfridharyadi @AnggunHelen @AnnisaDyahUtam2 @anti_hi @ApryanaHari @AqillaHumaira5 @uajy Anak blum disunat ya gitu klau minta permen karet baru nagis2 minta mf segala yg nyesal lah.","1082418432430170113","","Ricardo18813858","in","","0","0","0","https://x.com/undefined/status/1082418432430170113","1057164507691139072",
"1082418398426877952","Mon Jan 07 23:27:11 +0000 2019","1","Jangan pernah mau pusing dgn berita yg seliweran diluar sana bulatkan tekad dan pilih Jokowi&amp;Amin.","1082418398426877952","","","in","","0","0","0","https://x.com/undefined/status/1082418398426877952","889374218588102656",
"1081533096975953920","Mon Jan 07 23:27:07 +0000 2019","1","@JHON_COBRA08 @jansen_jsp @AndiArief__ Manntapp... Prabowo presiden makin maju negeri ini Krn sekeliling istana org pintar2 macam @jansen_jsp","1082418382127849472","","Parhuta_hutaa","in","","0","0","1","https://x.com/undefined/status/1082418382127849472","1428120085",
"1082160938575224832","Mon Jan 07 23:27:00 +0000 2019","0","@Dennysiregar7 @jokowi @prabowo Ketahanan pangan..ga nahan impor hahaha....konslet otaknya pendukung jokowi","1082418352599924737","","","in","","0","0","0","https://x.com/undefined/status/1082418352599924737","1020929253762715648",
"1082418349835878400","Mon Jan 07 23:26:59 +0000 2019","43","Busyet dah.hey KPU @KPU_ID Baru kali ini sejarah pemilu ada materi debat dibocorkan duluan &amp; anehnya lagi materi tak menyentuh Substansi keluhan &amp; persoalan masyarakat 10 lapangan kerja gak ada ESEMKA gak ada Guru Honorer gak ada BPJS pun tak ada","1082418349835878400","","","in","","1","3","22","https://x.com/undefined/status/1082418349835878400","1182582278",
"1082294876417323008","Mon Jan 07 23:26:58 +0000 2019","0","@nisma_mokhtar @citrarusso @intelimoet @Asroel_Boz @RamliRizal @PartaiSocmed @KPU_ID kertas apa mba.... anda mau bilang itu contekan.....? tunjukan visual di debat nya kalau pak jokowi mengutip kertas tsb..! kalau ga bisa berarti anda dah fitnah","1082418346765606912","","nisma_mokhtar","in","","0","1","0","https://x.com/undefined/status/1082418346765606912","1059314334252249088",
"1082291299682668544","Mon Jan 07 23:26:53 +0000 2019","0","@PartaiSocmed @RamliRizal Pak rizal tidak mewakili BPN prabowo apalagi TKN jokowi tapi meyuarakan isi hati dia dan pemikirian dia sendiri.","1082418324040867840","","PartaiSocmed","in","","0","0","0","https://x.com/undefined/status/1082418324040867840","55819926",
"1082210675005386753","Mon Jan 07 23:26:44 +0000 2019","0","@Jas_Sinamb @Dahnilanzar @prabowo @sandiuno Yg jadi masalah itu subsidi listrik dicabut harga bbm naik uang bpjs diembat tapi hutang negara makin bejibun. kan taiii !!!","1082418287181389825","","Chynthia_K","in","","0","0","0","https://x.com/undefined/status/1082418287181389825","100777749",
"1082180985381240832","Mon Jan 07 23:26:42 +0000 2019","0","@jokowi Kang hoax lagi ngelem nihhh.. Lupa jutaan anak terkena stunting Masa depan ditangan anak2 kurang gizi itu pak @jokowi ..bukan tumpukan beai betin yang ente bangun dan banggakan Btw ini gimana lanjutannya https://t.co/27vzUNDIEN","1082418279396720640","","jokowi","in","","0","0","1","https://x.com/undefined/status/1082418279396720640","834426847509164032",
"1082279578159132672","Mon Jan 07 23:26:39 +0000 2019","4","@sandiuno @prabowo Saya sangat setiju di pimpin bang sandi dari pada di pimpin orang yg senang ingkar janj Maju terus pantang mundur Bang Sandy","1082418265781981185","","sandiuno","in","","0","1","0","https://x.com/undefined/status/1082418265781981185","929176521805144064",
"1082249398019534851","Mon Jan 07 23:26:24 +0000 2019","0","@jokowi Sy pingin 2019 adalah tahun perubahan rezim","1082418201235906560","","jokowi","in","","0","0","0","https://x.com/undefined/status/1082418201235906560","1082412634777935873",
"1082274410168340480","Mon Jan 07 23:26:24 +0000 2019","0","@Evi80669366 @bennydjuwanda Prabowo takut debat masa' iya...???","1082418200871002112","","Evi80669366","in","","0","0","0","https://x.com/undefined/status/1082418200871002112","1041033858420957184",
"1082418189999329280","Mon Jan 07 23:26:21 +0000 2019","0","Trima kasih pak@jokowi https://t.co/Dc2Wv7d817","1082418189999329280","https://pbs.twimg.com/ext_tw_video_thumb/1082417957483905024/pu/img/DF72S7ZrqEpkM1jh.jpg","","in","","0","0","0","https://x.com/undefined/status/1082418189999329280","976797716058554368",
"1081595945983238144","Mon Jan 07 23:26:13 +0000 2019","0","@Rusydi_riau @Kangsyam78 Insallah Prabowo for presiden","1082418157665406976","","Rusydi_riau40","in","","0","1","0","https://x.com/undefined/status/1082418157665406976","1036214747467735040",
"1082248649193664512","Mon Jan 07 23:26:13 +0000 2019","1","@permadiaktivis @prabowo @sandiuno @Ferdinand_Haean @Dahnilanzar @saididu @AkunTofa @hanumrais @rockygerung ini yg selama ini kalian anggap ustad kalian aanjung kalian banggakan pretttt https://t.co/ZXlAVsj0jT","1082418155325030406","https://pbs.twimg.com/media/DwWFkAwU8AA3rvq.jpg","permadiaktivis","in","","0","1","0","https://x.com/undefined/status/1082418155325030406","1031907187801567234",
"1082418153584353280","Mon Jan 07 23:26:12 +0000 2019","0","Ternyata Lebih Demokratis Jokowi https://t.co/bo4Lz4NtKZ","1082418153584353280","https://pbs.twimg.com/ext_tw_video_thumb/1082418029617602560/pu/img/vmcd9chbdugk0HQ5.jpg","","in","","0","0","0","https://x.com/undefined/status/1082418153584353280","910871095300853760",
"1082418138715574272","Mon Jan 07 23:26:09 +0000 2019","0","Tetap pak Joko Widodo yang terbaik saat ini santun merakyat berkat dana desa desa kami jadi lebih baik.2019-2024 tetap Jokowi #2019PrabowoPresidenRi","1082418138715574272","","","in","","0","0","0","https://x.com/undefined/status/1082418138715574272","826815156671754240",
"1082418131698511874","Mon Jan 07 23:26:07 +0000 2019","1","apa bedanya @Prabowo dengan penceramah? Penceramah pun sudah melakukan komunikasi dua arah antara peserta majelis dengan berbagai macam pertanyaan dan pak ustad/kiai yang menjawab keresahan peserta majelis. #2019PrabowoKalahLagi","1082418131698511874","","","in","","0","0","0","https://x.com/undefined/status/1082418131698511874","1080899675186618368",
"1082418131040006144","Mon Jan 07 23:26:07 +0000 2019","0","Tak DIfasilitasi KPU Prabowo-Sandi Tetap Buat Pemaparan Visi Misi Pradebat Sendiri https://t.co/0RQoINvGtj https://t.co/ruyFDGXSqf","1082418131040006144","https://pbs.twimg.com/media/DwWFjE1VAAA50T4.jpg","","in","","0","0","0","https://x.com/undefined/status/1082418131040006144","118371948",
"1082174805514772483","Mon Jan 07 23:25:56 +0000 2019","0","@CakKhum @marierteman @_TNIAU 1. Woi admin @_TNIAU Bapk Letjen Suryo Prabowo punya 17 tanda kehormatan.. Bintang Dharma Bintang Yudha Dharma Pratama Bintang Kartika Eka Paksi Pratama Bintang Yudha Dharma Nararya Bintang Kartika Eka Paksi Nararya Bintang Sahametri Kamboja kau menghina seenak udelmu...","1082418086706216961","","suaragagap","in","","0","0","0","https://x.com/undefined/status/1082418086706216961","786164049008406528",
"1082268585790062593","Mon Jan 07 23:25:52 +0000 2019","0","@BangPino_ @jansen_jsp 1. Kardus itu gampang d salah gunakan 2. Kalau bocoran pertanyaan d ks k capres sblom debat itu justru merendahkan capres itu sendiri sm dengan anda telah tau kemampuan caprwa yg bertarunh #PrabowoPresidenRI #JKWTakutPaparkanMisiVisi","1082418068855304193","","BangPino_","in","","0","0","0","https://x.com/undefined/status/1082418068855304193","1037968290189008897",
"1082256981098782725","Mon Jan 07 23:25:51 +0000 2019","0","@mohmahfudmd @iskan_dahlan saya curiga kalo prabowo ke apotik itu dia panggil pak andi karena mirip sama si andi arif wajah tabiatnya pun sangat presisi","1082418062031183872","","mohmahfudmd","in","","0","0","0","https://x.com/undefined/status/1082418062031183872","869889090107326465",
"1082412688238567425","Mon Jan 07 23:25:44 +0000 2019","0","@TelkomCare Masak dari kemaren penanganan dadi sisi jaringan senteral terus. Bisa kerjakerjakerja gak sih lu @TuanGodang @waffleheads @SDeboHidayat @jokowi","1082418033354633216","","Telkom_EYF","in","","0","1","0","https://x.com/undefined/status/1082418033354633216","73156313",
"1082418031286837248","Mon Jan 07 23:25:43 +0000 2019","1","Kalau sesi tanya jawab saja @Prabowo sudah tidak sanggup lebih baik tarik berkasnya. Negara tidak butuh pemimpin yang hanya sekedar penyampaian visi-misi tanpa bukti nyata. @andreOPA @BiLLRaY_ @PakdeJokowi01 @atikah_lidya #2019PrabowoKalahLagi","1082418031286837248","","","in","","0","0","0","https://x.com/undefined/status/1082418031286837248","1080899675186618368",
"1082160938575224832","Mon Jan 07 23:25:36 +0000 2019","0","@AnjasmaraDanang @Dennysiregar7 @jokowi @prabowo Dimana fitnahnya...??? Bukannya itu kerjaannya @prabowo @sandiuno dan sekutunya BTW belajar ngetik lagi pret !!!","1082417999242350592","","AnjasmaraDanang","in","","0","0","0","https://x.com/undefined/status/1082417999242350592","45049631",
"1082309693249208320","Mon Jan 07 23:25:35 +0000 2019","3","@Gemacan70 @hazpohan @prabowo TNI terutama AD dari dulu memang concern dengan petani sekarang ada yg namanya SERGAB hasil petani (padi) yg dipantau penyerapannya oleh pabrik2 disekitar baik harga dan mutunya agar tidak dipermainkan tengkulak. Bersinergi dengan Bulog sebagai wadahnya.","1082417996121878528","","Gemacan70","in","","0","0","3","https://x.com/undefined/status/1082417996121878528","289111046",
"1082417947614707712","Mon Jan 07 23:25:23 +0000 2019","0","Mengungkap Drama-Drama Jelang Debat Capres https://t.co/QUzxumHeKr","1082417947614707712","","","in","","0","0","0","https://x.com/undefined/status/1082417947614707712","846715204637376513",
"1082417916153229312","Mon Jan 07 23:25:16 +0000 2019","0","I liked a @YouTube video https://t.co/g3yppa8o0n KPU Jelaskan Mekanisme Debat Capres 2019","1082417916153229312","","","in","","0","0","0","https://x.com/undefined/status/1082417916153229312","256932578",
"1082248649193664512","Mon Jan 07 23:25:08 +0000 2019","0","@permadiaktivis @prabowo @sandiuno @Ferdinand_Haean @Dahnilanzar @saididu @AkunTofa @hanumrais @rockygerung Bengkel las sdh buka blm ya?","1082417883903254529","","permadiaktivis","in","","0","0","0","https://x.com/undefined/status/1082417883903254529","4472452752",
"1082417855151263744","Mon Jan 07 23:25:01 +0000 2019","0","@Prabowo yang menolak debat kenapa Pak @Jokowi yang dibilang tidak mau menyampaikan visi-misi? Jika tanya jawab saja Pak @Jokowi ingin diadakan apalagi hanya penyampaian visi-misi?@andreOPA @BiLLRaY_ @PakdeJokowi01 @atikah_lidya #2019PrabowoKalahLagi","1082417855151263744","","prabowo","in","","0","0","0","https://x.com/undefined/status/1082417855151263744","1080899675186618368",
"1082417850810216449","Mon Jan 07 23:25:00 +0000 2019","0","1. jelas bhw sesi pertama ini bocoran soal lebih menguntungkan prabowo.. sbb ada HAM dsn dan prabowo bermasalah 2. dr secuil informasi https://t.co/6NNMpR9wxU jelas bhw mengedepankan pd akar masalah sedangkan prabowo pd kekerasan https://t.co/wseFQHkVki","1082417850810216449","","","in","","0","0","0","https://x.com/undefined/status/1082417850810216449","986766493021974528",
"1082116551937933312","Mon Jan 07 23:24:53 +0000 2019","0","@ApriliaLin @Dwiyana_DKM @ maafkanlah # inilah saatnya Indonesia bangkit melawan kebathilan seperti nya pemilu th 2019 adalah pertarungan antara Kebenaran dan Kebathilan ayo kita yg sehat dan cerdas kita perjuangkan kebenaran di bumi Indonesia untuk kemajuan dan kemakmuran serta kedamaian bersama !?","1082417820766371840","","ApriliaLin","in","","0","0","0","https://x.com/undefined/status/1082417820766371840","937698719738109952",
"1082379845290446848","Mon Jan 07 23:24:53 +0000 2019","0","@Ricardo18813858 @jokowi @KPU_RI Gomong jgn terlalu sombong","1082417819642355712","","Ricardo18813858","in","","0","0","0","https://x.com/undefined/status/1082417819642355712","1057164507691139072",
"1082417817721352192","Mon Jan 07 23:24:52 +0000 2019","0","Mau pakai isu apa kek.. Yg penting PRABOWO presiden #2019PrabowoPresidenRI #2019PrabowoPresidenRI #2019PrabowoPresidenRI","1082417817721352192","","","in","","0","0","0","https://x.com/undefined/status/1082417817721352192","814015411096207360",
"1081854405866008582","Mon Jan 07 23:24:42 +0000 2019","0","@ZulaZack @anwaribrahim @prabowo Salam 02 doakan #2019PrabowoPresidenRI","1082417775962861568","","ZulaZack","in","","0","0","0","https://x.com/undefined/status/1082417775962861568","59705163",
"1082249398019534851","Mon Jan 07 23:24:42 +0000 2019","0","@Naniksriyati1 @jokowi @richosembiring Mestiny beliau bisa jaga etika para elit &amp; kaderny. Agar tdk membuat hoax &amp; kegaduhan. Beliau ini politikus semestinya stlh 2 periode beliau pensiun. JD negarawan mengubur ambisi bukan terus berlanjut dpolitik praktis. Saya sih apa adany sih Bu kl bicara Oposisi vs petahana","1082417774675165185","","Naniksriyati1","in","","0","0","0","https://x.com/undefined/status/1082417774675165185","1046266921270673408",
"1082224901602258944","Mon Jan 07 23:24:42 +0000 2019","0","@fadlizon Kubu Prabowo yg takut debat.","1082417773047738368","","fadlizon","in","","0","0","0","https://x.com/undefined/status/1082417773047738368","1048785523001647104",
"1082417761102503936","Mon Jan 07 23:24:39 +0000 2019","0","Tuding Timses Prabowo-Sandiaga Minta Bocoran Debat Politisi Demokrat https://t.co/QtHkSevcn3 #2019GantiPresiden","1082417761102503936","","","in","","0","0","0","https://x.com/undefined/status/1082417761102503936","1034442679235489792",
"1082417759705812992","Mon Jan 07 23:24:38 +0000 2019","0","Gila Jangan Nanggung Said Didu Usul Capres Bikin Pertanyaan Sendiri https://t.co/H46whxKWq5 #2019GantiPresiden","1082417759705812992","","","in","","0","0","0","https://x.com/undefined/status/1082417759705812992","1034442679235489792",
"1082417758296596480","Mon Jan 07 23:24:38 +0000 2019","0","BPN Prabowo Tantang TKN Jokowi: Debat Capres Tanpa Contekan Berani https://t.co/grpNV9VjSU #2019GantiPresiden","1082417758296596480","","","in","","0","0","0","https://x.com/undefined/status/1082417758296596480","1034442679235489792",
"1082417757008875521","Mon Jan 07 23:24:38 +0000 2019","0","Usulan Tim Jokowi Paparkan Visi Misi Diwakili Timses IMB: Lucu Jika https://t.co/P0qXIv3k0w #2019GantiPresiden","1082417757008875521","","","in","","0","0","0","https://x.com/undefined/status/1082417757008875521","1034442679235489792",
"1082417755217977344","Mon Jan 07 23:24:37 +0000 2019","0","KPU Terkesan Lindungi Capres Tertentu Mantan Komisioner Geleng-geleng https://t.co/47m81Mcs5f #2019GantiPresiden","1082417755217977344","","","in","","0","1","0","https://x.com/undefined/status/1082417755217977344","1034442679235489792",
"1081948418627399680","Mon Jan 07 23:24:37 +0000 2019","0","@CH_chotimah @Genesis7173 @DivHumas_Polri @CCICPolri @BareskrimPolri @jokowi @P3nj3l4j4h @RizmaWidiono Kasih julukan aja si Raja Hoaks ","1082417753670049792","","ChusnulCh__","in","","0","0","0","https://x.com/undefined/status/1082417753670049792","4840548266",
"1082287958634356736","Mon Jan 07 23:24:36 +0000 2019","0","@faizalassegaf @d_saily @jokowi begitulah kaum dungu : ama tagar #2019GantiPresiden ribut ama tagar #2019PresidenBaru kecut ama tagar #2019PrabowoPresidenRI ciut apalagi kalo digabung bisa semaput #2019GantiPresiden #2019PresidenBaru #2019PrabowoPresidenRI","1082417748926320640","","faizalassegaf","in","","0","0","0","https://x.com/undefined/status/1082417748926320640","985482300233150464",
"1082417653057085440","Mon Jan 07 23:24:13 +0000 2019","0","Jangan pusing !!! Pilih Jokowi &amp; Amin","1082417653057085440","","","in","","0","0","0","https://x.com/undefined/status/1082417653057085440","889374218588102656",
"1082417630638559232","Mon Jan 07 23:24:08 +0000 2019","0","Sekrng si Juki gak ada lg d situ Broo....klu kmu mau tagih janjix cari dia di puing2 bencana...#GantiPresiden @prabowo @Gerindra @sandiuno https://t.co/IAQUAW5Zpm","1082417630638559232","https://pbs.twimg.com/media/DwWFGPTVYAAWGYo.jpg","","in","","0","0","0","https://x.com/undefined/status/1082417630638559232","818671111072141313",
"1082417625899053056","Mon Jan 07 23:24:07 +0000 2019","2"," jangan bawa agama dalam berkampanye seolah-oleh lawan politik prabowo itu setan thougut dan apalah kasian masyarakat dimain-mainkan oleh isu agama yang sebenarnya bukan agama #2019PrabowoKalahLagi","1082417625899053056","","","in","","0","0","0","https://x.com/undefined/status/1082417625899053056","1071015163925422080",
"1082319459191115776","Mon Jan 07 23:24:06 +0000 2019","0","@Ferdinand_Haean 2019 Pilih Presiden Yang Beristri... Hidup Pak jokowi.","1082417624854626304","","Ferdinand_Haean","in","","0","0","0","https://x.com/undefined/status/1082417624854626304","764039337402961922",
"1082301915847745536","Mon Jan 07 23:24:06 +0000 2019","0","@RajaPurwa @Dayan74353243 @sandiuno Kok disebut takut debat oleh kubu p jokowi.. bingung saya","1082417624066084864","","RajaPurwa","in","","0","0","0","https://x.com/undefined/status/1082417624066084864","42763362",
"1082417581472899072","Mon Jan 07 23:24:02 +0000 2019","0","Ini sudah menjadi bagian hidup dari seorang @Prabowo dia selalu pesimis dengan setiap keadaan yang dihadapi. #2019PrabowoKalahLagi","1082417608538738689","","M3juahjuah","in","","1","1","1","https://x.com/undefined/status/1082417608538738689","1070343155319369728",
"1082417581472899072","Mon Jan 07 23:24:01 +0000 2019","0","Bahaya kalau debat saja @Prabowo tidak ingin diadakan. Terlihat jelas bahwa dia anti-kritik. Sudah tidak ada harapan untuk menang. #2019PrabowoKalahLagi","1082417604445130752","","M3juahjuah","in","","1","1","1","https://x.com/undefined/status/1082417604445130752","1070343155319369728",
"1082417581472899072","Mon Jan 07 23:24:01 +0000 2019","0","Hanya saja @Prabowo yang menolak komunikasi dua arah tidak ingin ada kritik dan evaluasi atas visi-misinya. #2019PrabowoKalahLagi","1082417603149148160","","M3juahjuah","in","","1","1","1","https://x.com/undefined/status/1082417603149148160","1070343155319369728",
"1082417581472899072","Mon Jan 07 23:24:01 +0000 2019","0","Pak @Jokowi saya yakin sudah siap dalam semua sesi apalagi (hanya) penyampaian visi-misi. #2019PrabowoKalahLagi","1082417601966264321","","M3juahjuah","in","","1","1","1","https://x.com/undefined/status/1082417601966264321","1070343155319369728",
"1082417581472899072","Mon Jan 07 23:24:00 +0000 2019","0","Debat calon kepala negara itu sudah diatur dalam UU Nomor 7/2017 tentang Pemilu. Jika hal ini ditolak oleh @Prabowo dan @Sandiaga sudah dipastikan bahwa mereka menolak peraturan yang sudah ditetapkan oleh KPU. #2019PrabowoKalahLagi","1082417599500058624","","M3juahjuah","in","","1","1","1","https://x.com/undefined/status/1082417599500058624","1070343155319369728",
"1082417581472899072","Mon Jan 07 23:24:00 +0000 2019","0","Terlebih memang tidak ada program dan prestasi yang ditawarkan. Jelas ini adalah cikal bakal kekalahan @Prabowo #2019PrabowoKalahLagi","1082417596803084288","","M3juahjuah","in","","1","1","1","https://x.com/undefined/status/1082417596803084288","1070343155319369728",
"1082417581472899072","Mon Jan 07 23:23:59 +0000 2019","0","Mungkin pak @Prabowo sudah tidak percaya diri jika sesi debat diadakan. #2019PrabowoKalahLagi","1082417595486154753","","M3juahjuah","in","","1","1","1","https://x.com/undefined/status/1082417595486154753","1070343155319369728",
"1082417581472899072","Mon Jan 07 23:23:58 +0000 2019","0","Kalau memang sesi tanya jawab saja @Prabowo menolak apa bedanya @Prabowo dengan penceramah? Penceramah pun sudah melakukan komunikasi dua arah antara peserta majelis dng berbagai macam pertanyaan dan pak ustad/kiai yg menjawab keresahan peserta majelis. #2019PrabowoKalahLagi","1082417591585464320","","M3juahjuah","in","","1","1","1","https://x.com/undefined/status/1082417591585464320","1070343155319369728",
"1082417581472899072","Mon Jan 07 23:23:58 +0000 2019","0","Kalau sesi tanya jawab saja @Prabowo sudah tidak sanggup lebih baik tarik berkasnya. #2019PrabowoKalahLagi","1082417589001711616","","M3juahjuah","in","","1","1","0","https://x.com/undefined/status/1082417589001711616","1070343155319369728",
"1082417581472899072","Mon Jan 07 23:23:57 +0000 2019","0","Bapak @Prabowo yang menolak debat kenapa Pak @Jokowi yang dibilang tidak mau menyampaikan visi-misi? Jika tanya jawab saja Pak @Jokowi ingin diadakan apalagi hanya penyampaian visi-misi? #2019PrabowoKalahLagi","1082417586359349248","","M3juahjuah","in","","1","1","0","https://x.com/undefined/status/1082417586359349248","1070343155319369728",
"1082259069585350656","Mon Jan 07 23:23:55 +0000 2019","5","@ronavioleta Allahuakbar..... In Shaa Allah 17/04/019 PRABOWO SANDI Presiden baru Indonesia Yess.... Salam dua jari https://t.co/KwL3ejoYFq","1082417576762691584","https://pbs.twimg.com/media/DwWFCy-UUAAzyFd.jpg","ronavioleta","in","","0","1","1","https://x.com/undefined/status/1082417576762691584","1061267485985402880",
"1082359264482537472","Mon Jan 07 23:23:53 +0000 2019","0","@PriyoBudiS @prabowo @sandiuno @jokowi Siap Pak","1082417567535292417","","PriyoBudiS","in","","0","0","0","https://x.com/undefined/status/1082417567535292417","1590283057",
"1082417553874378753","Mon Jan 07 23:23:49 +0000 2019","0","udahsii jangan bawa agama dalam berkampanye seolah-oleh lawan politik prabowo itu setan thougut dan apalah kasian masyarakat dimain-mainkan oleh isu agama yang sebenarnya bukan agama #2019PrabowoKalahLagi","1082417553874378753","","","in","","0","0","0","https://x.com/undefined/status/1082417553874378753","1070690910516604928",
"1082153032811372549","Mon Jan 07 23:23:44 +0000 2019","0","@Ferdinand_Haean Menurut bapak saja bktinya banyak yg cinta dan sayang sama Pak Jokowi..","1082417532634419201","","Ferdinand_Haean","in","","0","0","0","https://x.com/undefined/status/1082417532634419201","1066867462099001344",
"1082415776877793280","Mon Jan 07 23:23:37 +0000 2019","0","@BangPino_ @prabowo #PrabowoPresidenRI","1082417500929675264","","BangPino_","qme","","0","0","0","https://x.com/undefined/status/1082417500929675264","1032225444878110720",
"1082417456906330112","Mon Jan 07 23:23:26 +0000 2019","0","Segerah perdebatan capres tahun ini lur~","1082417456906330112","","","in","","0","0","0","https://x.com/undefined/status/1082417456906330112","453798565",
"1082051181122220033","Mon Jan 07 23:23:17 +0000 2019","0","@Fahrihamzah @KPU_ID bukanya kubu prabowo yg minta kisi-kisi dan tim BPN tdk ada protes ttg tdk adanya pemaparan visi misi... anda jgn gobloklh bang..","1082417417987342337","","Fahrihamzah","in","","0","0","0","https://x.com/undefined/status/1082417417987342337","1079159827824226305",
"1082134644542164993","Mon Jan 07 23:23:10 +0000 2019","0","@isari68 @KPU_ID @prabowo @sandiuno Memberikan pertanyaan atau memberikan kisi kisi?","1082417388971188224","","isari68","in","","0","0","0","https://x.com/undefined/status/1082417388971188224","1397546059",
"1082417374685327360","Mon Jan 07 23:23:07 +0000 2019","0","Ja Shared: Persoalan Ekonomi Jadi Masalah Besar di Era Pemerintahan Jokowi https://t.co/oDZ59MFT1F https://t.co/YmzhGOgvHi","1082417374685327360","https://pbs.twimg.com/media/DwWE3ZxUwAEB1xN.jpg","","in","","0","0","0","https://x.com/undefined/status/1082417374685327360","3458165232",
"1082417374572175360","Mon Jan 07 23:23:07 +0000 2019","0","Twittizen Sahred: Persoalan Ekonomi Jadi Masalah Besar di Era Pemerintahan Jokowi https://t.co/feMoQpEC5Q https://t.co/rIKgLAqJUG","1082417374572175360","https://pbs.twimg.com/media/DwWE3ZQU8AENaQz.jpg","","in","","0","0","0","https://x.com/undefined/status/1082417374572175360","3016923557",
"1082417373217382401","Mon Jan 07 23:23:06 +0000 2019","0","GDN: Persoalan Ekonomi Jadi Masalah Besar di Era Pemerintahan Jokowi https://t.co/dEUqMZncdO https://t.co/rXvIJmkXAv","1082417373217382401","https://pbs.twimg.com/media/DwWE3VfUUAEbn5l.jpg","","in","","0","0","0","https://x.com/undefined/status/1082417373217382401","833294657769443328",
"1082417372584013825","Mon Jan 07 23:23:06 +0000 2019","0","Suara bogor Shared: Persoalan Ekonomi Jadi Masalah Besar di Era Pemerintahan Jokowi https://t.co/2Ri4nely3u https://t.co/jiOnGSw1qI","1082417372584013825","https://pbs.twimg.com/media/DwWE3S6VsAA79XJ.jpg","","in","","0","0","0","https://x.com/undefined/status/1082417372584013825","746390335501172736",
"1082250996330434560","Mon Jan 07 23:23:06 +0000 2019","0","@joxzin_jogja @prabowo Yg hebatnya si @Fahrihamzah Secara brutal menyerang paslon 1 takut debat Visi Misi .... Jadi fakta dibolak balik si Fahri ini karna menurut KPU penyampaian Visi Misi TETAP ADA .... yg ditiadakan itu adalah penyampaian Visi Misi yg tanggal 9/1 antar Timses.","1082417370512031744","","joxzin_jogja","in","","0","1","0","https://x.com/undefined/status/1082417370512031744","2318203688",
"1082210675005386753","Mon Jan 07 23:23:04 +0000 2019","0","@LArp02 @angky_mokoginta @Rozi_Handri @Dahnilanzar @prabowo @sandiuno Klenik....","1082417363369119744","","LArp02","und","","0","0","0","https://x.com/undefined/status/1082417363369119744","2424623875",
"1082417357237116929","Mon Jan 07 23:23:02 +0000 2019","1","Penyampaian visi misi yang seperti apa yang dikhawatirkan? Justru @Prabowo yang menolak untuk adanya sesi debat. Dia hanya meminta untuk penyampaian visi-misi saja tanpa adanya sesi debat. Tidak ada komunikasi dua arah dan forum terkesan mati. #2019PrabowoKalahLagi","1082417357237116929","","","in","","0","0","0","https://x.com/undefined/status/1082417357237116929","1080899675186618368",
"1081914868377108480","Mon Jan 07 23:23:01 +0000 2019","0","@amatillah_ibnu @ruddierawk @rockygerung rupanya kamu seorang militansi pada capres 02 ya. berarti bukan level saya saya org biasa bukan pendukung/militan j tak bisa mengumbar soal pilihan atau hal2 prinsip kecuali saya jadi timses maka sy akan jauh lebih keras &amp; tajam melawan sekalipun dg org spt @rockygerung","1082417351994236928","","amatillah_ibnu","in","","0","0","0","https://x.com/undefined/status/1082417351994236928","427145331",
"1082217606151495680","Mon Jan 07 23:22:56 +0000 2019","0","@ad4100qq @karniilyas @jokowi Simple aja kalo katanya TV pro Prabowo ya sudah ngapain ente komentari apalagi kl sampai ente nonton nah yg dungu itu ente atau salah TV nya? Dungu dipelihara ya begini ini .TV One itu TV yg masih bermutu utk ditonton dlm acara debat pokitik channel lainnya hanya memoles boneka","1082417331261792256","","ad4100qq","in","","0","0","0","https://x.com/undefined/status/1082417331261792256","1012324503588782082",
"1082153032811372549","Mon Jan 07 23:22:50 +0000 2019","0","@dshe78 @suryahamsin83 @Ferdinand_Haean @jokowi Yang pasti bukan rakyat #KampretYangDurhaka spt kamu ","1082417304837607424","","dshe78","in","","0","2","0","https://x.com/undefined/status/1082417304837607424","960399993134768128",
"1082417296172212224","Mon Jan 07 23:22:48 +0000 2019","0","Now i hate KPU already more than capres cawapres","1082417296172212224","","","en","","0","0","0","https://x.com/undefined/status/1082417296172212224","169916443",
"1082417280846307329","Mon Jan 07 23:22:44 +0000 2019","0","Tuding Timses Prabowo-Sandiaga Minta Bocoran Debat Politisi Demokrat: Timses Jokowi-Ma ruf Berbohong https://t.co/Qcm71erk7v","1082417280846307329","","","in","","0","0","0","https://x.com/undefined/status/1082417280846307329","1041959303798644736",
"1082417279130918922","Mon Jan 07 23:22:44 +0000 2019","0","Gila Jangan Nanggung Said Didu Usul Capres Bikin Pertanyaan Sendiri dan Dijawab oleh Timsesnya https://t.co/vT8VppjOGe","1082417279130918922","","","in","","0","0","0","https://x.com/undefined/status/1082417279130918922","1041959303798644736",
"1082417277285351424","Mon Jan 07 23:22:43 +0000 2019","0","BPN Prabowo Tantang TKN Jokowi: Debat Capres Tanpa Contekan Berani Nggak! https://t.co/K1Z8ybs6eN","1082417277285351424","","","in","","0","0","0","https://x.com/undefined/status/1082417277285351424","1041959303798644736",
"1082417275456507904","Mon Jan 07 23:22:43 +0000 2019","0","Usulan Tim Jokowi Paparkan Visi Misi Diwakili Timses IMB: Lucu Jika Pakai Stuntman https://t.co/Dq7fKF88vC","1082417275456507904","","","in","","0","0","0","https://x.com/undefined/status/1082417275456507904","1041959303798644736",
"1082417272055087107","Mon Jan 07 23:22:42 +0000 2019","0","KPU Terkesan Lindungi Capres Tertentu Mantan Komisioner Geleng-geleng Kepala https://t.co/pidDiZsG1p","1082417272055087107","","","in","","0","0","0","https://x.com/undefined/status/1082417272055087107","1041959303798644736",
"1082417267357302784","Mon Jan 07 23:22:41 +0000 2019","0","Rupiah Menguat dan Dolar Anjlok Jokowi: Sudah Saya Prediksi https://t.co/EnCBJyS2t7","1082417267357302784","","","in","","0","0","0","https://x.com/undefined/status/1082417267357302784","4832435657",
"1082180985381240832","Mon Jan 07 23:22:39 +0000 2019","0","@jokowi Ekonomi rakyat kecil hancur boss","1082417257093853184","","jokowi","in","","0","0","0","https://x.com/undefined/status/1082417257093853184","1082412634777935873",
"1082417254493433856","Mon Jan 07 23:22:38 +0000 2019","0","Tidak perlu nonton debat Capres/Cawapres yang penting pilih Jokowi &amp; Amin titik","1082417254493433856","","","in","","0","0","0","https://x.com/undefined/status/1082417254493433856","889374218588102656",
"1082417215758979072","Mon Jan 07 23:22:29 +0000 2019","0","(Berita | KPU Cianjur Telah Menerima Logistik Pemilu 2019.) https://t.co/8Ue5yvc1nA #pemilu #pemilu2019","1082417215758979072","","","in","","0","0","0","https://x.com/undefined/status/1082417215758979072","968428811107819521",
"1082417176655482880","Mon Jan 07 23:22:19 +0000 2019","1","Marilah kita tetap bersaudara sambill bergembira ria. Pesen asoy dari Capres no 10 @nurhadi_aldo via @kumparan #McQueenYaQueen https://t.co/AFi10tV9nJ","1082417176655482880","","","in","","0","0","0","https://x.com/undefined/status/1082417176655482880","250621963",
"1082143884065398785","Mon Jan 07 23:22:16 +0000 2019","0","@Ferdinand_Haean @AndiArief__ @prabowo @sandiuno BOIKOT PEMILU??? BUKAN KARNA CURIGA AD KECURANGAN KPU.. TAPI KARNA CAPRES DAN TIM ANDA SUDAH SADAR BAHWA TIDAK BISA KALAHKAN JOKOWI JIKA PEMILU DIADAKAN THN INI #Pemilu2019 #jokowilagi","1082417161497305088","","Ferdinand_Haean","in","","0","0","0","https://x.com/undefined/status/1082417161497305088","286121081",
"1082312683976708099","Mon Jan 07 23:22:06 +0000 2019","1","@Aryprasetyo85 @AndiArief__ @prabowo @sandiuno @enylove2 @FaGtng @AlvinoLulu sampah non organik lagi panik","1082417121592659969","","Aryprasetyo85","in","","0","0","0","https://x.com/undefined/status/1082417121592659969","869889090107326465",
"1082417085622321157","Mon Jan 07 23:21:58 +0000 2019","0","Emosi :( Kayak gini kok disebar di twitter :( isi infografis e ala2 berita broadcast-an WA.... Ini pak prabowo tau gak sih kalo timses e ngene ki","1082417085622321157","","","in","","0","1","0","https://x.com/undefined/status/1082417085622321157","404631528",
"1082417082594021376","Mon Jan 07 23:21:57 +0000 2019","2","https://t.co/XpFaUL2cCN @prabowo @sandiuno @r_martomo @Gemacan70 @HamdiZaenal1 @PEPESOfficial","1082417082594021376","","","qme","","0","0","0","https://x.com/undefined/status/1082417082594021376","790902080667996160",
"1082193619753197570","Mon Jan 07 23:21:48 +0000 2019","0","@NurSyahbana9 Bener ndak ini Om @sandiuno @prabowo @saididu @RamliRizal @FaldoMaldini @Gerindra @erickthohir @jokowi @KPU_ID @mohmahfudmd @Yusrilihza_Mhd @BurhanMuhtadi @AT_AbdillahToha @MurtadhaOne @PartaiSocmed @SBYudhoyono ?","1082417046342688769","","NurSyahbana9","tr","","0","0","0","https://x.com/undefined/status/1082417046342688769","78742660",
"1082257604749910016","Mon Jan 07 23:21:42 +0000 2019","0","@fadlizon Info A1. Pertanyaan kisi kisi diberikan karena sebelumnya kubu prabowo mereka hanya mau bacain visi misi. Nggak mau debat.","1082417020962926592","","fadlizon","in","","0","0","0","https://x.com/undefined/status/1082417020962926592","1048785523001647104",
"1082417005700042752","Mon Jan 07 23:21:39 +0000 2019","0","Persoalan Ekonomi Jadi Masalah Besar di Era Pemerintahan Jokowi https://t.co/5bpBHBgKU4 https://t.co/BnnPUoQ0Eo","1082417005700042752","https://pbs.twimg.com/media/DwWEh6bV4AELSst.jpg","","in","","0","0","0","https://x.com/undefined/status/1082417005700042752","1008163752917626880",
"1082416389602734080","Mon Jan 07 23:21:26 +0000 2019","0","@Arlyanti2 @aniesbaswedan temen2 harus banyak belajar pemilu sebelumnya aura kemenangan dgn kecurangan sistematis itu nyata.. perlu ada pergerakan yang konkrit","1082416953610784771","","The3lectr4_008","in","","0","0","0","https://x.com/undefined/status/1082416953610784771","913750273192894464",
"1082294876417323008","Mon Jan 07 23:21:16 +0000 2019","0","@RamliRizal @PartaiSocmed Kt ini lagi mengkritisi KPU spy dpt pemilu berkualitas. Cebi2 itu ga ada yg protes KPU pikirnya hny semua paslon nerima. Dia ga MIKIR negara bakal jd bahan olok2 krn proses debat jd ky acara cepat tepat.Dia ga MIKIR gara2 KPU kt jd ketinggalan jauh dr negara2 demokrasi lainnya","1082416911227412480","","RamliRizal","in","","0","0","0","https://x.com/undefined/status/1082416911227412480","1030025737577803776",
"1082416890784317442","Mon Jan 07 23:21:11 +0000 2019","0","(Liputan 6 | Timses Prabowo: KPU Harusnya Aktif Jaga Kualitas Demokrasi) https://t.co/DfehgfxIWc #pemilu #pemilu2019","1082416890784317442","","","in","","0","0","0","https://x.com/undefined/status/1082416890784317442","968428811107819521",
"1082249798277722112","Mon Jan 07 23:20:58 +0000 2019","4","@dr_tompi Yg ngebedain kampanye kreatif kubu Jokowi itu positif2 dan ga ngehujat kalo kubu sana yg gw inget cuman lagu pinguin sama pantomin","1082416834828066816","","dr_tompi","in","","0","0","0","https://x.com/undefined/status/1082416834828066816","62541237",
"1082414520293679104","Mon Jan 07 23:20:56 +0000 2019","0","@paijodirajo @jokowi Gak sempet lagi sibuk kampanye &amp; busukan","1082416827609755649","","apostiera","in","","0","0","0","https://x.com/undefined/status/1082416827609755649","197309241",
"1082416826145886208","Mon Jan 07 23:20:56 +0000 2019","0","Pilpres Ini untuk NKRI Tak Sekadar Memilih Jokowi-Amin https://t.co/ffAs2WHXMO","1082416826145886208","","","in","","0","0","0","https://x.com/undefined/status/1082416826145886208","4832435657",
"1082132176810893313","Mon Jan 07 23:20:44 +0000 2019","0","@kompascom Cocok nggak ya pakai pepatah MALING TERIAK MALING#2019 JOKOWI PRESIDEN.","1082416774971154433","","kompascom","in","","0","0","0","https://x.com/undefined/status/1082416774971154433","1063435750744571904",
"1082256981098782725","Mon Jan 07 23:20:41 +0000 2019","4","@mohmahfudmd @iskan_dahlan Mungkin kalo pak @mohmahfudmd dan pak @iskan_dahlan capres dan cawapres akan lebih maju bangsa ini..","1082416762375725056","","mohmahfudmd","in","","0","0","0","https://x.com/undefined/status/1082416762375725056","104099155",
"1082415776877793280","Mon Jan 07 23:20:41 +0000 2019","0","@BangPino_ @prabowo #2019PrabowoPresidenRI","1082416762266632192","","BangPino_","qme","","0","0","0","https://x.com/undefined/status/1082416762266632192","2547559387",
"1082416752053624832","Mon Jan 07 23:20:38 +0000 2019","0","Selamat pagi selamat menjalankan aktifitas semoga seluruh aktifitas kita hari ini di beri kelancaran semangat pagi! #pdip #pdiperjuangan #jokowi https://t.co/pE8l7hd2jf","1082416752053624832","","","in","","0","0","0","https://x.com/undefined/status/1082416752053624832","1069205419560583170",
"1082276739106009088","Mon Jan 07 23:20:25 +0000 2019","0","@ngonlain @prabowo @sandiuno @fadlizon @Gerindra DAASAAAAR PENJILAAAT TAK TAU MALUUU.....","1082416698592903168","","ngonlain","in","","1","1","0","https://x.com/undefined/status/1082416698592903168","2406955750",
"1082416656553406465","Mon Jan 07 23:20:15 +0000 2019","6","Heiiii @KPU_ID berapa banyak anak2 Indonesia malu karena nilai ujiannya jeblok krn tidak mendapatkan bocoran soal !!!! Ini koq calon presiden enak2an !!! Cc @karniilyas @ILCtv1 KPU tak Ingin Capres-Cawapres Dipermalukan Saat Debat https://t.co/TVlKkMHnnt","1082416656553406465","","","in","","2","0","2","https://x.com/undefined/status/1082416656553406465","2950033490",
"1082305439532904448","Mon Jan 07 23:20:14 +0000 2019","0","@daranasution11 Lepas juga preferensi kedukungan mbaknya. Apakah mbahnha mengakui bahwa kedua capres juga pernah berbohong?","1082416650471665664","","daraadindaaa","in","","0","0","0","https://x.com/undefined/status/1082416650471665664","520399003",
"1081944748774944769","Mon Jan 07 23:20:11 +0000 2019","2","@yunartowijaya .... Padahal Penyampaian Visi-Misi itu TETAP ADA yg dihilangkan itu yg pada tanggal 9/1 yg bukan Debat Capres itu penjelasan KPU tapi herannya si @Fahrihamzah Dg sangat massif menyerang paslon1 takut debat visi-misi .... Betul2 pembohong si Fahri ini.","1082416640002744320","","yunartowijaya","in","","0","0","1","https://x.com/undefined/status/1082416640002744320","2318203688",
"1082416636424929281","Mon Jan 07 23:20:11 +0000 2019","0","jadi begini nih capres hasil ijtima tapi ngga mihak ke orang islam yang bener https://t.co/37NZrWubpI #2019PrabowoKalahLagi","1082416636424929281","","","in","","0","0","0","https://x.com/undefined/status/1082416636424929281","1070690910516604928",
"1082350940173127680","Mon Jan 07 23:20:03 +0000 2019","9","@RestyCayah @TietaSumarto @KPU_ID KPU sdh mengakui kebodohan salah satu paslon. Prabowo itu petarung sejati beliau tdk takut kalah. #KPUWasitRasaTimses #JokowiTakutPaparkanMisiVisi #JKWTakutPaparkanMisiVisi #2019GantiPresiden","1082416603789062144","","RestyCayah","in","","0","1","0","https://x.com/undefined/status/1082416603789062144","2225458242",
"1082416589159297024","Mon Jan 07 23:19:59 +0000 2019","5","Capres nurhadi-aldo (dildo) semakin popular. Di tl saya nyaris semua akun membicarakan dan bersimpati pada mereka. Mantul sudah.","1082416589159297024","","","in","","0","0","3","https://x.com/undefined/status/1082416589159297024","134423196",
"1082416571237036032","Mon Jan 07 23:19:55 +0000 2019","0","Yunita: Tetap Jokowi Walau Beda dengan Keluarganya https://t.co/rUbpbH6TTI","1082416571237036032","","","in","","0","0","0","https://x.com/undefined/status/1082416571237036032","4832435657",
"1082210675005386753","Mon Jan 07 23:19:54 +0000 2019","0","@Dahnilanzar @prabowo @sandiuno Saya bayangkan jika ada bocoran soal ujian untuk murid yang kurang cerdas yang tidak cerdas sampai yang planga plongo responnya pasti akan senang sekali dan mendadak merasa paling hebat. Sedang untuk murid yang cerdas responnya akan biasa-biasa saja.","1082416566078074880","","Dahnilanzar","in","","0","0","0","https://x.com/undefined/status/1082416566078074880","2424623875",
"1082160938575224832","Mon Jan 07 23:19:53 +0000 2019","0","@fluidasae @Dennysiregar7 @jokowi @prabowo Dan lagi2 boneka itu tak berdaya","1082416563372736513","","","in","","0","0","0","https://x.com/undefined/status/1082416563372736513","2599348021",
"1081936802682785793","Mon Jan 07 23:19:47 +0000 2019","0","@Dennysiregar7 @jokowi Sayangnya timses kadang suka panik kalo ada isu2 dari kubu sebelah yg berkaitan dengan jokowi haruse lebih mengunggulkan prestasi Pak Jokowi yg katanya sudah jelas kerja dan hasil nyatanya. Cara menyerang yg elegan ","1082416539360358400","","","in","","0","0","0","https://x.com/undefined/status/1082416539360358400","504561899",
"1082184301674930176","Mon Jan 07 23:19:47 +0000 2019","0","@yusuf_dumdum Pernyataan Tdk konsisten dgn fakta bagaimana kemampuan capres no 2 menjawab pertanyaan dr berbagai kalangan (misalnya forum internasional dan wartawan asing)..","1082416538542456833","","yusuf_dumdum","in","","0","0","0","https://x.com/undefined/status/1082416538542456833","42763362",
"1082416535203790848","Mon Jan 07 23:19:46 +0000 2019","0","Terkuak #Prabowo Hendak Sabotase #Pilpres #2019 Andi Arief Mendukung Sudah Mentok Ya https://t.co/WGoSS6mJj8 #moreshareforum #beritaterkini","1082416535203790848","","","in","","0","0","0","https://x.com/undefined/status/1082416535203790848","71512327",
"1082299815654871040","Mon Jan 07 23:19:44 +0000 2019","0","@ngonlain @prabowo @sandiuno @fadlizon @Gerindra DASAAR PENJIILAAAAT GAK TAU MALUUUU.....","1082416525980516353","","ngonlain","in","","1","1","0","https://x.com/undefined/status/1082416525980516353","2406955750",
"1082416518279745541","Mon Jan 07 23:19:42 +0000 2019","0","Buat saya hanya JOKOWI&amp;AMIN","1082416518279745541","","","in","","0","0","0","https://x.com/undefined/status/1082416518279745541","889374218588102656",
"1082204998350458880","Mon Jan 07 23:19:29 +0000 2019","0","@Ken2steve @melekpolitikcom @gerilyapolitik @prabowo @sandiuno Sekalian mulung ESEMKA.di loakan banyak...","1082416462663319553","","TheObidient","in","","0","1","0","https://x.com/undefined/status/1082416462663319553","997437469879558144",
"1082359264482537472","Mon Jan 07 23:19:23 +0000 2019","2","@Muhamad27208401 @PriyoBudiS @prabowo @sandiuno @jokowi Contoh ","1082416436964814849","","Muhamad27208401","in","","0","0","0","https://x.com/undefined/status/1082416436964814849","1037586879044960256",
"1082077551198035969","Mon Jan 07 23:19:21 +0000 2019","0","@fadjroeL Bekerha dan Berdoa untuk Jokowi 2 periode","1082416428987240448","","fadjroeL","in","","0","0","0","https://x.com/undefined/status/1082416428987240448","903042796558327809",
"1082180985381240832","Mon Jan 07 23:19:06 +0000 2019","0","@bahrudin8 @jokowi Upssss ... keceplosan","1082416363623264257","","bahrudin8","in","","0","0","0","https://x.com/undefined/status/1082416363623264257","2599348021",
"1082158060825497600","Mon Jan 07 23:19:03 +0000 2019","0","@Nink47018190 @AndiArief__ @prabowo si muka rusk andi klu ngomong enak aja loe ngga modal2 apa2 cuma congor alias moncong rombeng! Prabowo -Sandy udah hbs duit byk cong!","1082416354425167872","","Nink47018190","in","","0","0","0","https://x.com/undefined/status/1082416354425167872","3731674344",
"1082416353435213829","Mon Jan 07 23:19:03 +0000 2019","0","#2019PrabowoPresiden#Prabowo Presiden Ri","1082416353435213829","","","ht","","0","0","0","https://x.com/undefined/status/1082416353435213829","1036214747467735040",
"1082385764636229633","Mon Jan 07 23:19:01 +0000 2019","0","@kompasiana @kompascom Hrsnya pihak RSCM bs laporin Prabowo dgn tuduhan pencemaran nama baik atau perbuatan tdk menyenangkan...tp percuma kl dilaporin jg nnti fansnya teriak2 kriminalisasi pdhl yg diomongin kan hoax","1082416346187522048","","kompasiana","in","","0","0","0","https://x.com/undefined/status/1082416346187522048","1262065765",
"1082210675005386753","Mon Jan 07 23:18:54 +0000 2019","0","@Dahnilanzar @prabowo @sandiuno Aturan kpu sekarang aturan yg memudahkan kubu petahana.namanya penguasa..","1082416316105973761","","Dahnilanzar","in","","0","0","0","https://x.com/undefined/status/1082416316105973761","1082412634777935873",
"1082416278256668672","Mon Jan 07 23:18:45 +0000 2019","3","Perihal debat capres-cawapres 2019 . . . KPU batal memfasilitasi sosialisasi visi misi Capres Cawapres jelang debat Pilpres 2019. Alasannya karena kedua kubu tidak menemukan kata sepakat. https://t.co/PPyflcCT0Z","1082416278256668672","","","in","","0","0","0","https://x.com/undefined/status/1082416278256668672","1053768102838624256",
"1082416225618034689","Mon Jan 07 23:18:33 +0000 2019","0","Selamat beraktifitas untuk Bapak Jokowi yg tiada kenal lelah #01JokowiLagi","1082416225618034689","","","in","","0","0","0","https://x.com/undefined/status/1082416225618034689","1047402662398849025",
"1082415776877793280","Mon Jan 07 23:18:27 +0000 2019","0","@BangPino_ @prabowo #2019PrabowoPresidenRI #2019PrabowoPresidenRI #2019PrabowoPresidenRI #2019PrabowoPresidenRI #2019PrabowoPresidenRI #2019PrabowoPresidenRI #2019PrabowoPresidenRI #2019PrabowoPresidenRI","1082416202733899776","","BangPino_","qme","","0","0","0","https://x.com/undefined/status/1082416202733899776","1044631346415456256",
"1082279578159132672","Mon Jan 07 23:18:24 +0000 2019","0","@sandiuno @Dahnilanzar @prabowo Ya kita lihat saja...siapa Pemenang dan siapa Pecundang nanti","1082416187558916096","","sandiuno","in","","0","0","0","https://x.com/undefined/status/1082416187558916096","971332831602356225",
"1082244551689916416","Mon Jan 07 23:18:15 +0000 2019","0","@ayuindri Haha gue juga kak kl jadi pas pemilu gakan main ke TPS","1082416151856963589","","rimbaiueo","in","","0","1","0","https://x.com/undefined/status/1082416151856963589","42629026",
"1082416109188407298","Mon Jan 07 23:18:05 +0000 2019","0","#JokowiTakutPaparkanVisiMisi #KPUtakutjokowi @takviri @Dennysiregar7 @CH_chotimah BPN Prabowo Tantang TKN Jokowi: Debat Capres Tanpa Contekan Berani Nggak! https://t.co/0ECAYhgOiF","1082416109188407298","","","in","","0","0","5","https://x.com/undefined/status/1082416109188407298","381608423",
"1081523124162617344","Mon Jan 07 23:18:04 +0000 2019","0","@AqillaHumaira5 @fameesuper @Sasti70367481 @TehTJEMPLUNG @sandiuno @prabowo Yang intinya nipu rakyat dgn janji ","1082416107456057344","","AqillaHumaira5","in","","0","0","0","https://x.com/undefined/status/1082416107456057344","938267417553391616",
"1082164496087506944","Mon Jan 07 23:17:59 +0000 2019","1","@RajaAngku @lanunatuna @KPU_ID @Dennysiregar7 @DivHumas_Polri @CCICPolri @prabowo @sandiuno @fadlizon @marierteman @Dahnilanzar @Gerindra Ragu saya polisi berani nangkap si @Dennysiregar7","1082416082697080832","","RajaAngku","in","","0","0","0","https://x.com/undefined/status/1082416082697080832","52699586",
"1082416066297421824","Mon Jan 07 23:17:55 +0000 2019","1044","PEMILU itu seperti Sepakbola akan hancur oleh pengaturan skor kerusuhan supporter dan wasit yg ikut bermain. Semoga tidak terjadi di negeri ini.","1082416066297421824","","","in","","5","29","277","https://x.com/undefined/status/1082416066297421824","65067181",
"1082309693249208320","Mon Jan 07 23:17:43 +0000 2019","2","@Gemacan70 @hazpohan @prabowo Bangga dgn analisa dan kepedulian beliau terhadap petani. Insya Allah beliau mendapat amanah #2019PrabowoPresidenRI #2019PrabowoPresidenRI #2019PrabowoPresidenRI","1082416015667908608","","Gemacan70","in","","0","0","1","https://x.com/undefined/status/1082416015667908608","2902371024",
"1082416012245389312","Mon Jan 07 23:17:42 +0000 2019","1","Ngerik moel.... Moeldoko Ingatkan Tim Prabowo: Jangan Main-Main Saya Akan Mainkan Juga | https://t.co/BuhXEiE9O6 https://t.co/LJpBvVRS9j #2019PrabowoPresidenRI","1082416012245389312","","","in","","0","1","0","https://x.com/undefined/status/1082416012245389312","4125684014",
"1082296790538276864","Mon Jan 07 23:17:40 +0000 2019","6","@stevanihuangg Jika Gubernur pilihan rakyat ditumbangkan dengan cara-cara recehan @bawaslu_RI tsb maka pemerintah akan berhadapan dgn rakyat secara langsung. Acung 2 jari lebih ringan dibanding pernyataan langsung dari mulut Gubenur yang mendukung Capres.","1082416006360752128","","vaniepink","in","","0","0","0","https://x.com/undefined/status/1082416006360752128","118631927",
"1082415963776024577","Mon Jan 07 23:17:30 +0000 2019","1","Semoga bae 2018 @prabowo dadi Presidene enyong. Aamiin #2019PrabowoPresidenRI","1082415963776024577","","","in","","0","0","0","https://x.com/undefined/status/1082415963776024577","3331644929",
"1082415922218860544","Mon Jan 07 23:17:20 +0000 2019","0","Bohongi rakyat pakai data. Menyesatkan opini publik pakai statistik. Politisi2 hari ini ga paham masa bodo atau isu integritas (sing penting menang pemilu)? Atau kita (konsumen data) jg ikut bertanggung jawab (kurang kritis jd sasaran empuk)?","1082415922218860544","","","in","","0","0","0","https://x.com/undefined/status/1082415922218860544","38352420",
"1082415920478224385","Mon Jan 07 23:17:20 +0000 2019","1","Merah yg paling merah adalah merahnya darah. Kalau Pemilu Rayah jadi kebohongan dan ketidakadilan yg paling parah hanya akan memancing Umat dan Rakyat jadi marah. ","1082415920478224385","","","in","","0","0","0","https://x.com/undefined/status/1082415920478224385","761395437001510912",
"1082315082921439232","Mon Jan 07 23:17:20 +0000 2019","1","@rockygerung Sejarah baru di Indonesia capres abadi kalah lagi dan kalah lagi ","1082415919056351233","","rockygerung","in","","0","0","0","https://x.com/undefined/status/1082415919056351233","1008988147164766209",
"1082069139240366080","Mon Jan 07 23:17:15 +0000 2019","0","@eliaztambun @AndiArief__ Iya semua cara yg di lakukan rezim sm penyelenggara pemilu tujuannya unt kekuasaan mukidi","1082415899666071552","","eliaztambun","in","","0","1","0","https://x.com/undefined/status/1082415899666071552","1081848346946355200",
"1082415898969858049","Mon Jan 07 23:17:15 +0000 2019","0","Sangking nga ada signal negatif yg harusnya tanggung jawab Pemda daerah semuanya d serahkan d pusat...udah tunjuk aja pa jokowi jadi raja biar semua pada nurut...","1082415898969858049","","","in","","0","0","0","https://x.com/undefined/status/1082415898969858049","132410571",
"1082249398019534851","Mon Jan 07 23:17:15 +0000 2019","0","@jokowi semoga nilai rupiah tidak hanya terjaga tetapi mulai meningkat Aminnnn ","1082415897858297856","","jokowi","in","","0","0","0","https://x.com/undefined/status/1082415897858297856","373216701",
"1082415892384735233","Mon Jan 07 23:17:13 +0000 2019","0","Capres ngaku ngaku... Kelakuan. Gimana mo debat pidato aja salah data muluk biang hoaks !","1082415892384735233","","","in","","0","0","0","https://x.com/undefined/status/1082415892384735233","207857036",
"1082279578159132672","Mon Jan 07 23:17:08 +0000 2019","1","@nuraini110818 @PNS_Sejati @sandiuno @prabowo Nah biar ngk penasaran bagaimana jika di test saja...kan sudah pernah d undang test sama da'i aceh kemarin. Bagaimna @prabowo @jokowi berani kah test shalat dan ngaji surah pendek...biar pendukung ngk menebak nebak nah","1082415870452748288","","","in","","0","0","0","https://x.com/undefined/status/1082415870452748288","971332831602356225",
"1082196765107875841","Mon Jan 07 23:17:02 +0000 2019","0","@liaaa_mg @jokowi dan Pak Jokowi adalah presiden yang paling kelihatan hasil kerjanya","1082415847052734464","","liaaa_mg700","in","","0","1","0","https://x.com/undefined/status/1082415847052734464","354222825",
"1082415825150128128","Mon Jan 07 23:16:57 +0000 2019","0","#RakyatTanya Kenapa sihh KPK Gak pernah Usut Korupsi Jokowi? ~ https://t.co/wensIOdVQP Jenderal08 Presiden2014com","1082415825150128128","https://pbs.twimg.com/media/BuNOyhCCcAAlYbN.jpg","","in","","0","0","0","https://x.com/undefined/status/1082415825150128128","2719094473",
"1082415815243137024","Mon Jan 07 23:16:55 +0000 2019","2","yuhuuuu tweepss https://t.co/zfnux3RupD Disini ada kabar komunitas etnis Tionghoa memberikan bantuan sumbangan dana kampanye. Semoga tidak dibilang Capres kafir. @andreOPA @BiLLRaY_ @PakdeJokowi01 @atikah_lidya #2019PrabowoKalahLagi","1082415815243137024","","","in","","1","0","0","https://x.com/undefined/status/1082415815243137024","1080899675186618368",
"1082279578159132672","Mon Jan 07 23:16:47 +0000 2019","4","@sandiuno @prabowo Aamiin ya allah yra...","1082415780866621440","","sandiuno","in","","0","0","0","https://x.com/undefined/status/1082415780866621440","520946011",
"1082210675005386753","Mon Jan 07 23:16:42 +0000 2019","0","@Dahnilanzar @prabowo @sandiuno https://t.co/2yq8xCyMW4","1082415760452988928","https://pbs.twimg.com/media/DwWDZCtUcAACaJh.jpg","Dahnilanzar","qme","","0","0","0","https://x.com/undefined/status/1082415760452988928","3837482293",
"1082295284628054016","Mon Jan 07 23:16:33 +0000 2019","0","@DewiRamlan92 @rockygerung Ga salah tu rocky kan timses prabowo bagian bangun narasi","1082415725799559168","","dewirramlan","in","","0","0","0","https://x.com/undefined/status/1082415725799559168","898898221413433348",
"1082415710595276800","Mon Jan 07 23:16:30 +0000 2019","0","Saya gak mau nonton debat Capres/Cawapres berita2 dari medsos buat saya hanya satu : PILIH JOKOWI &amp; AMIN.","1082415710595276800","","","in","","0","0","0","https://x.com/undefined/status/1082415710595276800","889374218588102656",
"1082415699912318976","Mon Jan 07 23:16:27 +0000 2019","11","Foto Vanessa bersama pak @prabowo ini wajar wajar saja karena memang Vanessa pernah jalan bareng Didi Mahardika putranya Rahmawati yg juga timses pak Prabowo. Jangan diasosiasikan macam macam. https://t.co/vGBOfy8ePd","1082415699912318976","https://pbs.twimg.com/media/DwWDTcJU8AAavYv.jpg","","in","","4","9","11","https://x.com/undefined/status/1082415699912318976","99495638",
"1082415606828171272","Mon Jan 07 23:16:05 +0000 2019","0","Caranya mana buktikan cara lu dukung prabowo?","1082415606828171272","","","in","","0","0","0","https://x.com/undefined/status/1082415606828171272","1013039595464769536",
"1082290757510213632","Mon Jan 07 23:16:05 +0000 2019","0","@Anggraini_4yu Cc : panglima cebong @erickthohir @permadiaktivis @Dennysiregar7 @GunRomli @chicohakim @AntoniRaja @TsamaraDKI @kangdede78 @Takviri kalau pak @jokowi bisa ngomong begini... 1 Kabupaten sy bisa pastikan suara ke 01","1082415604710006784","","Ayu_4ja","in","","0","0","0","https://x.com/undefined/status/1082415604710006784","970630988291235840",
"1082180985381240832","Mon Jan 07 23:16:01 +0000 2019","0","@jokowi Hasil kerja nyata bukan Hoax ...... Bravo Pak Presiden.","1082415589912588288","","jokowi","in","","0","0","0","https://x.com/undefined/status/1082415589912588288","962647587357540353",
"1082245764456349696","Mon Jan 07 23:15:57 +0000 2019","1","@joxzin_jogja @budiman_anwar @prabowo @KPU_ID @kangdede78 Modiar. Buka sekalian rekamannya. Tunjukin ke media massa besar besaran.","1082415573835739136","","joxzin_jogja","in","","0","0","0","https://x.com/undefined/status/1082415573835739136","1048785523001647104",
"1082415533402796037","Mon Jan 07 23:15:48 +0000 2019","0","BPN Prabowo-Sandi Laporkan KPU ke DKPP https://t.co/94ex5O3uBY","1082415533402796037","","","in","","0","0","0","https://x.com/undefined/status/1082415533402796037","846715204637376513",
"1082415526318460928","Mon Jan 07 23:15:46 +0000 2019","3","Lalu siapa lagi yang belum tersentuh Prabowo Sandi kecuali orang gila? InshaaAllah #2019PrabowoPresidenRI","1082415526318460928","","","in","","0","0","0","https://x.com/undefined/status/1082415526318460928","1032479975373295616",
