"conversation_id_str","created_at","favorite_count","full_text","id_str","image_url","in_reply_to_screen_name","lang","location","quote_count","reply_count","retweet_count","tweet_url","user_id_str","username"
"1080098947580874759","Tue Jan 01 23:59:57 +0000 2019","0","@Tony_Harto @Fahrihamzah @jokowi @DPR_RI @MahkamahAgung @DivHumas_Polri @KejaksaanRI Sebenarnya sedih juga sih..sebab periode 2019-2024 nanti abang kita ini uda ngak ada di gedung senayan sono.....ada sesuatu yang unik yang terasa hilang nantinya di DPR RI.......","1080252318702923776","","Tony_Harto","in","","0","0","0","https://x.com/undefined/status/1080252318702923776","4880285363",
"1080252281352728576","Tue Jan 01 23:59:48 +0000 2019","0","Yakin KMA bakalan minta maaf klo bukan jadi Cawapres Jokowi?","1080252281352728576","","","in","","0","1","0","https://x.com/undefined/status/1080252281352728576","359346142",
"1080015227519873025","Tue Jan 01 23:59:48 +0000 2019","3","@peduliakalsehat @budimandjatmiko @prabowo Gimana mau kawal DPR.... rapat2 aja sering bolos... cukup orasi di Medsos...","1080252279339442177","","peduliakalsehat","in","","0","1","0","https://x.com/undefined/status/1080252279339442177","918851317853855744",
"1079659000608612352","Tue Jan 01 23:59:41 +0000 2019","0","@GodarHidayat @Fahrihamzah @prabowo @jokowi https://t.co/ikdNzFnUg2 Coba deh anda baca ini biar cerdas dikit","1080252253309521920","","","in","","0","0","0","https://x.com/undefined/status/1080252253309521920","954388642792816640",
"1079906467082203136","Tue Jan 01 23:59:41 +0000 2019","0","@jokowi Menuju ganti presiden","1080252252923715584","","jokowi","in","","0","1","0","https://x.com/undefined/status/1080252252923715584","1011773247979864064",
"1079780590868619264","Tue Jan 01 23:59:38 +0000 2019","0","@rockygerung @aguskribo Jangan ah.masak yg mau gantikan gak mau diajak baca Ayat suci Alquran.padahal kan itu ajakan yg baik dari ulama aceh.serambi mekaah loh..lagian indonesia jg mayoritas muslim.kan jd ragu2 kitanya..malu ah..tinggal dtang baca..selesai.malah prabowo kalau bisa baca bangga loh kitaaa","1080252238872760320","","rockygerung","in","","0","0","0","https://x.com/undefined/status/1080252238872760320","979215765508206592",
"1080213569449353216","Tue Jan 01 23:59:36 +0000 2019","0","@RekanSaber Lagi ngoreksi diri sendiri. Biarin aja kenyataanya lebih mudah kritik kerjaan orang dari pada jalanin. Jadi pemimpin negara Indonesia itu berat. Udah biarin pak Jokowi-KH Ma ruf Amin aja. #01IndonesiaMajuTerus","1080252229729148931","","SahabatSaber","in","","0","0","1","https://x.com/undefined/status/1080252229729148931","1107620514",
"1079954983213121536","Tue Jan 01 23:59:27 +0000 2019","4","@Ranaditya Karena ga ngerti fans nya banyak yg cuma banggain bahasa Inggrisnya dibanding2in ama Inggrisnya Jokowi yg logat Jawa.","1080252191879753729","","Ranaditya","in","","0","0","1","https://x.com/undefined/status/1080252191879753729","912080268",
"1080066919737090048","Tue Jan 01 23:59:25 +0000 2019","0","@Joko96270848 @kurawa Pahlawan jaman now ya hahaha mantaplah pak @basuki_btp dan pak @jokowi ...terimakasih atas perjuangan kalian selama ini dan perjuangan kalian kedepannya untuk negri ini. #JokowiHarapanPasti #Jokowi2Periode #BTPTOPBGT","1080252185122725888","","Joko96270848","in","","0","1","0","https://x.com/undefined/status/1080252185122725888","992046073291026432",
"1079810942471266314","Tue Jan 01 23:59:24 +0000 2019","1","@addiems Itulah pak jokowi selalu menduluan kepentingan org lain","1080252180123119616","","addiems","in","","0","0","0","https://x.com/undefined/status/1080252180123119616","1079786796047716356",
"1080024093607358464","Tue Jan 01 23:59:16 +0000 2019","0","@chicohakim Haha.. mungkin Karena lawannya Pak Jokowi. Mass Pak Jokowi lagi.... Hadeuh","1080252147378184193","","chicohakim","in","","0","0","0","https://x.com/undefined/status/1080252147378184193","1076085158858485762",
"1080252125719023616","Tue Jan 01 23:59:11 +0000 2019","0","Caleg DPRD DKI Jakarta Dapil 3 No.Urut 1. Drs. Sahrianta Tarigan Capres cawapres No.Urut 01. Joko Widodo - Ma'ruf Amin @jokowi jokowi.maruf jokowi.marufamin2019 partaiperindo https://t.co/X4HGtZnU1e","1080252125719023616","","","in","","0","0","0","https://x.com/undefined/status/1080252125719023616","999272425807269889",
"1080075213100838912","Tue Jan 01 23:59:10 +0000 2019","0","@RamliRizal Otoriter itu buat bapak sakit hati karna di pecat jokowi jd menteri","1080252121750986753","","RamliRizal","in","","0","0","0","https://x.com/undefined/status/1080252121750986753","1073806649586999297",
"1080135142662856705","Tue Jan 01 23:59:01 +0000 2019","0","@DedirahmadiK @saididu @NgabalinAli @jokowi Bisa aja Lu... ngeles yg cerdas dikit dong..","1080252085235372032","","DedirahmadiK","in","","0","0","0","https://x.com/undefined/status/1080252085235372032","194869405",
"1080116654334402560","Tue Jan 01 23:58:58 +0000 2019","0","@RizmaWidiono @prabowo https://t.co/d8G7lJyOBA","1080252072597942272","https://pbs.twimg.com/media/Dv3ThImUcAAx_ZO.jpg","RizmaWidiono","qme","","0","0","0","https://x.com/undefined/status/1080252072597942272","899284838473015296",
"1080252058370957312","Tue Jan 01 23:58:55 +0000 2019","1","Fakta prabowo penculik aktifis mahasiswa 98","1080252058370957312","","","in","","0","0","0","https://x.com/undefined/status/1080252058370957312","1069614928946900992",
"1079675417756233728","Tue Jan 01 23:58:51 +0000 2019","0","@sasukekasep @PartaiSocmed Artinya rakyat memang rindu pemimpin baru. Sampai mereka rela rogoh kocek sendiri utk sosialisasikan Prabowo Sandi. Kalau rakyat merasakan rezim ini sukses sandang pangan murah otomatis mereka gak mungkin rela galang donasi dan melakukan door to door demi Prabowo Sandi. ","1080252043267170304","","sasukekasep","in","","0","2","0","https://x.com/undefined/status/1080252043267170304","3958359858",
"1079956453195079680","Tue Jan 01 23:58:50 +0000 2019","0","@leoagus13181755 @aiman4168 @raffie_aqmal @CherriLeenZv1 @riau_riski @yusuf_dumdum @DfarDjafar @prabowo @MardaniAliSera @suhudalynudin @PIPINSOPIANUI @fadlizon @AdianNapitupul1 @TsamaraDKI @jokowi Mas bro itu gambar Hoax mohon jangan disebarkan. Sudah ada klarifikasi klo meme itu Hoax . ","1080252039446200322","","leoagus13181755","in","","0","1","0","https://x.com/undefined/status/1080252039446200322","754153960135532545",
"1079956453195079680","Tue Jan 01 23:58:49 +0000 2019","1","@yusuf_dumdum Seandainya soe hok gie masih hidup pasti beliau menentang bu megawati termasuk pak jokowi","1080252034639523841","","yusuf_dumdum","in","","0","0","0","https://x.com/undefined/status/1080252034639523841","3317628434",
"1080252033263796224","Tue Jan 01 23:58:49 +0000 2019","0","Sambut Pergantian Tahun Masehi 2019 TNI Brebes Doakan Korban Tsunami « Nawacita News https://t.co/brfRbd6L2c @tni_ad @_TNIAU @Puspen_TNI @_TNIAL_ @jokowi","1080252033263796224","","","in","","0","0","0","https://x.com/undefined/status/1080252033263796224","1091358230",
"1079711258121723905","Tue Jan 01 23:58:46 +0000 2019","0","@TantyJohan @striputranto @Fahrihamzah Megawati cuma pemain pengganti bkn presiden terpilih insaAllah prabowo 2019 menang telak dan rezim ini akan mendapatkan kehinaan yg luar biasa hina.","1080252020647325697","","TantyJohan","in","","0","0","0","https://x.com/undefined/status/1080252020647325697","1078470029010595840",
"1080248620182470656","Tue Jan 01 23:58:38 +0000 2019","0","@gwk555 @jokowi @Gerindra @prabowo @PDI_Perjuangan @DPP_PKB @Golkar5 @psi_id PAN @ZUL_Hasan PKS @hnurwahid Demokrat @Ferdinand_Haean @AndiArief__ silakan merger dengan Gerindra @prabowo @andriyonoadhi sebagai bagian penyederhanaan parpol utk Pemilu 2024","1080251988149858304","","gwk555","in","","0","0","0","https://x.com/undefined/status/1080251988149858304","57546241",
"1080250992975785984","Tue Jan 01 23:58:29 +0000 2019","1","@P3nj3l4j4h @KemenkeuRI @jokowi Terima kasih rakyat mencatatnya dg baik.","1080251950493388800","","P3nj3l4j4h","in","","0","0","0","https://x.com/undefined/status/1080251950493388800","2683870466",
"1080251906599972864","Tue Jan 01 23:58:19 +0000 2019","28","Yang Bener yg Mana Sich....? KPU ITU PENYELENGGARA PEMILU ATAU CALO PEMILU...? Penyelenggara kok gak punya Aturan Main Malah ngikutin Kehendak Peserta Pemilu..!!","1080251906599972864","","","in","","2","1","6","https://x.com/undefined/status/1080251906599972864","900997200888463364",
"1080251893924933632","Tue Jan 01 23:58:16 +0000 2019","6","Katanya 2019 ganti presiden. Sekarang sudah 2019 dan presidennya masih tetap Jokowi. ","1080251893924933632","","","in","","0","1","2","https://x.com/undefined/status/1080251893924933632","2384124816",
"1080132568719122432","Tue Jan 01 23:58:16 +0000 2019","0","@EAndesla @prabowo @datuakmangkuto @hendriabidin2 @don_rahmad Oo ini yg kamu sebut pesta wine pahami narasi nya bong!!! https://t.co/xho3bq8V1y","1080251893773852673","","EAndesla","in","","0","0","0","https://x.com/undefined/status/1080251893773852673","485659468",
"1080251841105936384","Tue Jan 01 23:58:03 +0000 2019","1","Capres ko pesimis trus..tdk ada rasa optimis thd negaranya..","1080251841105936384","","","in","","0","0","0","https://x.com/undefined/status/1080251841105936384","973952610997698560",
"1080251816456085504","Tue Jan 01 23:57:57 +0000 2019","0","@jokowi pagi pak Jokowi ...saya mau tanya kapan keluar dana bos untuk SD ...kalau bisa dinaikan dananya untuk anak SD..trimakasih","1080251816456085504","","jokowi","in","","0","0","0","https://x.com/undefined/status/1080251816456085504","1060910980916334594",
"1080251813108969474","Tue Jan 01 23:57:57 +0000 2019","0","Tol bocimi seksi 1 sepanjang 15 35 kilometer diresmikan @Jokowi https://t.co/D13N1iYfRN #JokowiHarapanPasti","1080251813108969474","","","in","","0","0","0","https://x.com/undefined/status/1080251813108969474","3045831272",
"1079692214295384064","Tue Jan 01 23:57:54 +0000 2019","0","@bajigurceleng @Cak_Bram @angkusanang @saididu @jokowi @LisaAmartaTara Jembatan ambrol yg mana.... Kalo yg bukan buatan Jokowi jangan dong yg fair..... Yg di padang hahahahaha","1080251803214569473","","bajigurceleng","in","","0","0","0","https://x.com/undefined/status/1080251803214569473","1035023642919223296",
"1080231522681028609","Tue Jan 01 23:57:53 +0000 2019","0","@TitacantikTr @makLambeTurah @jokowi Semoga jadi inspirasi kita semua","1080251800001732608","","TitacantikTr","in","","0","0","0","https://x.com/undefined/status/1080251800001732608","1056895442758168576",
"1079584864167329798","Tue Jan 01 23:57:51 +0000 2019","0","@AnnaSuezann Prabowo apa tuhan gk prnh bhong lu itu trlalu bodohhh kena doktrin sesat yaaaa","1080251791529263104","","AnnaSuezann","in","","0","0","0","https://x.com/undefined/status/1080251791529263104","954468532472856576",
"1079906467082203136","Tue Jan 01 23:57:46 +0000 2019","0","@Tettong2 @jokowi Insyaalloh mas e smg orang baik yg akan memimpin negri ini kita bukan mencari pemimpin yg sempurna tp mencegah yg terburuk yg berkuasa aamiin","1080251769752416256","","Tettong2","in","","0","1","0","https://x.com/undefined/status/1080251769752416256","1023888511718445056",
"1080107844727394304","Tue Jan 01 23:57:44 +0000 2019","0","@detikcom Alhamdulillah... Semoga cita2 yang Mulya Bapak Prabowo-Sandi terwujud dipilpres 2019 #PrabowoSandi pemenangnya... NKRI adil dan makmur bakal terwujud damai tanpa kebohongan dan fitnah.","1080251760281698304","","detikcom","in","","0","0","0","https://x.com/undefined/status/1080251760281698304","605066153",
"1079956453195079680","Tue Jan 01 23:57:34 +0000 2019","0","@zgt1980 @SukmarasaHarri @yusuf_dumdum @FirzaHussein @prabowo ","1080251720301572096","","zgt1980","qme","","0","0","0","https://x.com/undefined/status/1080251720301572096","739444538750570496",
"1080074159772717056","Tue Jan 01 23:57:33 +0000 2019","3","@utunidang @habibthink @prabowo @kpcdi @ginjalKITA @KemenkesRI @rscm_official @ObatGinjal Tetap semangat ya pak dan semoga tetap sehat. Biarkan yang ngawur itu ketemu jalur hukum.","1080251712760205312","","utunidang","in","","0","0","0","https://x.com/undefined/status/1080251712760205312","947704081",
"1080238854416752640","Tue Jan 01 23:57:31 +0000 2019","2","@RajaPurwa @prabowo @sandiuno Sulit mas coba sesekali Sandiaga ke jepara banyak yg nganggap FPI itu radikal habib Rizieq itu ulama jadi-jadian itu aku dengar dari teman2ku tetanggaku","1080251706485616640","","RajaPurwa","in","","0","0","1","https://x.com/undefined/status/1080251706485616640","1073683043259305984",
"1080251690140368896","Tue Jan 01 23:57:27 +0000 2019","0","Ngakak ditanya Presiden Jokowi cita-cita Anak SD ini tak terduga (cita-cita anak zaman sekarang) https://t.co/RKv8x4tgXg","1080251690140368896","","","in","","0","0","0","https://x.com/undefined/status/1080251690140368896","1161532892",
"1080251683211423744","Tue Jan 01 23:57:26 +0000 2019","0","Potensi2 yang ada @Jokowi meminta memberikan pertumbuhan percepatan dalam sistem perekonomian. #JokowiHarapanPasti","1080251683211423744","","","in","","0","0","1","https://x.com/undefined/status/1080251683211423744","3045831272",
"1079914654355189760","Tue Jan 01 23:57:24 +0000 2019","0","@SBYudhoyono Prabowo yess ..RI 1.","1080251676718641152","","SBYudhoyono","en","","0","0","0","https://x.com/undefined/status/1080251676718641152","1056797536097206272",
"1080251664295231490","Tue Jan 01 23:57:21 +0000 2019","0","Pemimpin yg berani BUBARKAN PETRAL ya cuma Bpk presiden Jokowi . . Setelah #Jokowi Berani Bubarkan Petral Respon Warga Bikin Merinding. Gokil Banget New Inspiration81.479x ditonton Like https://t.co/Fgv2C1UrAr","1080251664295231490","","","in","","0","0","0","https://x.com/undefined/status/1080251664295231490","576287136",
"1080251654522322945","Tue Jan 01 23:57:19 +0000 2019","0","@kebonlada intinya kau mau hantam dari berbagai sudut tetap aja tdk mempan karena memang secara keseluruhan Prabowo lebih baik dari Jokowi. jadi kalo ada yang baik kenapa harus pilih yg tidak/ kurang baik...banyak bohong itu lho yg menyakitkan....aduuuh..tatit.","1080251654522322945","","","in","","0","0","0","https://x.com/undefined/status/1080251654522322945","997839430516752386",
"1080251642656763906","Tue Jan 01 23:57:16 +0000 2019","0","I added a video to a @YouTube playlist https://t.co/44K2dCzCx9 PERJUANGKAN PRABOWO","1080251642656763906","","","en","","0","0","0","https://x.com/undefined/status/1080251642656763906","719576507148935168",
"1080251639443800064","Tue Jan 01 23:57:15 +0000 2019","0","Giliran tau pak prabowo jawab tantangan ngaji dan pinter bahasa arabnya langsung ciut gan https://t.co/NMjzdpMBQT","1080251639443800064","","","in","","0","0","0","https://x.com/undefined/status/1080251639443800064","96414035",
"1075659139315953666","Tue Jan 01 23:57:09 +0000 2019","0","@jokowi Pak jokowi... lupakan P. MADURA tapi jangan lupa p.Masalembu pak sbb 80% rakyat masembu menyukong napak..tolong segerakan penerbangan ke masalembu pak.","1080251612646432768","","jokowi","in","","0","0","0","https://x.com/undefined/status/1080251612646432768","1075911220870270976",
"1077140955826860033","Tue Jan 01 23:57:08 +0000 2019","0","@permadiaktivis @AAriiyo90 @prabowo Jangan di tangepin org kayak gini mau cari pangung dia klau kata org kni MPO ( Mencari Perhatian Orang) klau gk kita tangapi kayak apa hidupnya biar aja angap aja dia manusia paling???? Ya bisa aja kalian fikir ya ini manusia apa jadi dia malu gk sama hidup","1080251608196210688","","permadiaktivis","in","","0","0","0","https://x.com/undefined/status/1080251608196210688","1069527570066984961",
"1080251546946932736","Tue Jan 01 23:56:53 +0000 2019","0","Berbeda Dengan Jokowi Sandiaga Uno Mengaku Bangun Poyek Tol Cikampek-Palimanan Tanpa Utang https://t.co/QkXmzotogL https://t.co/KugP2yTaOa","1080251546946932736","https://pbs.twimg.com/media/Dv3TDpgV4AEYrfe.jpg","","in","","0","0","0","https://x.com/undefined/status/1080251546946932736","1008163752917626880",
"1079275004087349250","Tue Jan 01 23:56:52 +0000 2019","0","@ustadtengkuzul Harusnya tu CAPRES harus tau jaga sikap ingatkan bahwa beliau capres hasil IJTIMAK ULAMA. Jangan buat capek membela aja","1080251542630936576","","ustadtengkuzul","in","","0","0","0","https://x.com/undefined/status/1080251542630936576","1060414000440045568",
"1080120249259679746","Tue Jan 01 23:56:51 +0000 2019","2","@handoko_bp82 @juanmahrez75 @stevanihuangg @fabian_shakti @jokowi silahkan segera bangkit wahai komunis najis kami siap melibas existensi kalian.. ","1080251536796672000","","","in","","0","0","0","https://x.com/undefined/status/1080251536796672000","139694390",
"1080251512759246849","Tue Jan 01 23:56:45 +0000 2019","0","Penerimaan Capai Target Ini PR-PR yang Harus Dituntaskan Rezim Jokowi https://t.co/mNpBniva70 https://t.co/UwyeFzEt7H","1080251512759246849","https://pbs.twimg.com/media/Dv3TBp7VsAAwtG1.jpg","","in","","0","0","0","https://x.com/undefined/status/1080251512759246849","846715204637376513",
"1080070763560878080","Tue Jan 01 23:56:41 +0000 2019","1","@duhmnas3 @Surgabidadari3 @Astuty64 @MichelaniaAdam @aniesbaswedan @haikal_hassan @prabowo Dalam hatinya ini bapaknya mungkin HTI.","1080251495080030208","","duhmnas3","in","","0","1","0","https://x.com/undefined/status/1080251495080030208","887888647327850496",
"1080130500193181696","Tue Jan 01 23:56:35 +0000 2019","0","@Ferdinand_Haean Lanjutkan om @Ferdinand_Haean pancing terus hujatan-hujatan saya makin senang biar JOKOWI mudah melenggang di 2 PERIODENYA.","1080251470895706112","","Ferdinand_Haean","in","","0","0","0","https://x.com/undefined/status/1080251470895706112","985374978194337792",
"1080206071069896704","Tue Jan 01 23:56:34 +0000 2019","0","@detikcom @kumparan @sewordcom @nu_online @nahdlatululama @Banser_CyberNU @ansor_jatim @GPAnsor_Satu @MusliModerat @yusuf_dumdum @tvOneNews @mediaindonesia @faizalassegaf @ruhutsitompul @fadjroeL @jokowi @na_dirs @makLambeTurah https://t.co/jU23F7izko","1080251465002758144","https://pbs.twimg.com/ext_tw_video_thumb/1080251345993519104/pu/img/2_9cPQgD0utma6I-.jpg","BerlandGroup","qme","","0","0","0","https://x.com/undefined/status/1080251465002758144","3151954471",
"1080251460875501568","Tue Jan 01 23:56:33 +0000 2019","0","Ada 3 kelebihan Jokowi soal kinerja dan track record. Pertama Jokowi dan keluarganya bersih..Kedua Jokowi sosok yang tegas. Ketiga Jokowi disebut sosok yang sangat sangat responsif terhadap masukan. Ini yang membuat kita salut dan angkat tangan","1080251460875501568","","","in","","0","0","0","https://x.com/undefined/status/1080251460875501568","1008511434735538176",
"1080251458006659072","Tue Jan 01 23:56:32 +0000 2019","0","Pa Prabowo siap siap cuci piring pestanya Genderuwo ","1080251458006659072","","","in","","0","0","0","https://x.com/undefined/status/1080251458006659072","979580653351051264",
"1079992787712368640","Tue Jan 01 23:56:24 +0000 2019","0","@dulatips @prabowo Ini benar masif. 365hari pertama presiden skrg mgk bs terseret perkara rasuah.","1080251424250900480","","farahmagz","in","","0","0","0","https://x.com/undefined/status/1080251424250900480","213207974",
"1079447802550222848","Tue Jan 01 23:56:20 +0000 2019","0","@RenataSyarif @KoRnHurry @FaGtng @Next_J2P @Ze_sukma @_ANDRE_OCTA_ @HodlandHutapea @besmartyk @EliasAdi79 @EksaYovie @nemosyus @Antri_Mati @CeciliaSuwanda1 @zoelfick @jokowi @basuki_btp @TheArieAir @Takviri @joxzin_jogja @Nanaa_rosaa @prabowo @Humas_MKRI @04Nakula @mohmahfudmd Ya kudu di amprokin....(ditemuin) biar gak kebangetan songong akun2 bodong gt kudu di ratakan...Ya Rabb bener2 sampah mereka Astaghfirullah","1080251410174828546","","RenataSyarif","in","","0","0","0","https://x.com/undefined/status/1080251410174828546","4846623680",
"1079906467082203136","Tue Jan 01 23:56:20 +0000 2019","0","@jokowi Narasi yg itu2 aja jok.. gk ada yg lain ya???","1080251409017106433","","jokowi","in","","0","0","0","https://x.com/undefined/status/1080251409017106433","1037783363946307584",
"1080110699018313729","Tue Jan 01 23:56:19 +0000 2019","0","@Wildan74861314 @P3nj3l4j4h @kumparan @sewordcom @nu_online @nahdlatululama @Banser_CyberNU @ansor_jatim @GPAnsor_Satu @MusliModerat @yusuf_dumdum @tvOneNews @mediaindonesia @faizalassegaf @ruhutsitompul @fadjroeL @jokowi @na_dirs @makLambeTurah Sampean waras cung?","1080251403845529600","","Wildan74861314","in","","0","0","0","https://x.com/undefined/status/1080251403845529600","3151954471",
"1079646074086682625","Tue Jan 01 23:56:08 +0000 2019","2","@PriyoBudiS Kerennn...sangat cocok menjadi Menteri Pertahanan atau menteri Luar Negeri semoga menjadi perhatian pak @jokowi","1080251359759200258","","PriyoBudiS","in","","0","0","0","https://x.com/undefined/status/1080251359759200258","318423107",
"1080121502098309120","Tue Jan 01 23:54:47 +0000 2019","0","@faizalassegaf Ada api pasti ada asap.. Tidak mungkin pak prabowo mengatakan.begitu kalau tidak ada masalah...sebaiknya apa yg disampaikan pak prabowo yg ditolak mentah mentahlah bagaimana kalau ini benar...","1080251019408269312","","faizalassegaf","in","","0","1","0","https://x.com/undefined/status/1080251019408269312","954400748237828097",
"1079659000608612352","Tue Jan 01 23:54:45 +0000 2019","0","@25VPS25 @Fahrihamzah @prabowo @AnnaSuezann justru jagonya pak kalau sandiwara wkt konpers penganiayaan sarumpaet saja bs menggebu2 bohongnya","1080251007991349248","","","in","","0","0","0","https://x.com/undefined/status/1080251007991349248","3277127496",
"1080039008581738496","Tue Jan 01 23:54:40 +0000 2019","0","@fadlizon @jokowi Presiden Jokowi lebih hebat...kwkwkw","1080250988085178368","","fadlizon","in","","0","0","0","https://x.com/undefined/status/1080250988085178368","4893253992",
"1079956453195079680","Tue Jan 01 23:54:36 +0000 2019","0","@yusuf_dumdum Jiwa militer bapak prabowo selalu lekat pada dirinya sehat selalu jendralku rakyat selalu mendoakanmu semoga yg kuasa mengijinkanmu untuk memimpin negeri ini aamiin yra","1080250973589692416","","yusuf_dumdum","in","","0","0","0","https://x.com/undefined/status/1080250973589692416","2229151244",
"1080071748794470402","Tue Jan 01 23:54:26 +0000 2019","0","@fadlizon Ya yang menunjukkan Prabowo-Sandi menang cuma lembaga survei internalmu!!! Ha ha","1080250929935335425","","fadlizon","in","","0","0","0","https://x.com/undefined/status/1080250929935335425","443318072",
"1080250904803127297","Tue Jan 01 23:54:20 +0000 2019","0","#17AprilPrabowoPresiden #17AprilPrabowoSandi Masuk TT ke 2 .. sip Lanjutkan kawan @prabowo @sandiuno @maspiyuuu @marierteman @AkunTofa @RanupsProSandi @republikaonline @ekagumilars @nephilaxmus @geloraco https://t.co/uCkYrBb8si","1080250904803127297","https://pbs.twimg.com/media/Dv3SdfjVYAAvV4d.jpg","","in","","0","0","0","https://x.com/undefined/status/1080250904803127297","278273430",
"1080250899048452096","Tue Jan 01 23:54:19 +0000 2019","0","Visi misi capres wapres wajib para calonnya yg mempresentasikannya . Bukan tim sukses ataupun orang yang ditunjuk menggantikannya kita pingin tau kwalitas calon pemimpin kita .","1080250899048452096","","","in","","0","0","0","https://x.com/undefined/status/1080250899048452096","902714104883716096",
"1080071748794470402","Tue Jan 01 23:54:13 +0000 2019","1","@fadlizon DKI Kalian menang karena fitnah isu agama jangan permainkan agama skrng kalian pun diuji coba seperti apa capres ijtima ulma beragama dari mulai hulai warokatu diuji gk berani jadi imam sholat gk berani baca alquran wudhu celup2 skrng mingkem lw.","1080250875321307136","","fadlizon","in","","0","0","0","https://x.com/undefined/status/1080250875321307136","358017637",
"1079617859720892416","Tue Jan 01 23:54:09 +0000 2019","0","@jokowi Mantap pak jokowi","1080250857394827264","","jokowi","in","","0","0","0","https://x.com/undefined/status/1080250857394827264","1074332368482140161",
"1080104871603257346","Tue Jan 01 23:54:06 +0000 2019","0","@masinusina Model beragama kaum sebelah memang begitu......selalu berubah2 terkesan tidak konsisten semoga Allah menjaga negeri ini dan pak jokowi diberi kekuatan utk bersabar dan ikhlas dalam menjalankan pemerintahan.","1080250846472880128","","masinusina","in","","0","0","0","https://x.com/undefined/status/1080250846472880128","4846623680",
"1080250844476370944","Tue Jan 01 23:54:06 +0000 2019","0","Trans Jawa sdh rampung 90% Tol Surabaya-Malang sebentar lagi akan Rampung.. Rezim ini adalah Rezim Infrastruktur.. kata siapa Infrastruktur itu tdk penting? Kalkulasi: Perekonomian suatu Negara bisa berkembang pesat apabila ditopang dgn Infrastruktur yg memadai.. @jokowi 01","1080250844476370944","","","in","","0","0","0","https://x.com/undefined/status/1080250844476370944","3408965892",
"1079932078127427584","Tue Jan 01 23:53:58 +0000 2019","0","@marierteman @jokowi @Pak_JK @PolhukamRI @DivHumas_Polri @FaktaTNIPOLRI Insya Allah semoga kelak pak PS Menang setelah dilantik mereka di pecat dan jangan sampai ada yg lupa siapa nama mereka itu (dicatat).","1080250810980696064","","marierteman","in","","0","0","0","https://x.com/undefined/status/1080250810980696064","942940779705540608",
"1079547115221573633","Tue Jan 01 23:53:54 +0000 2019","0","@koeswantoronto @angga_listio @NoPlace4Kacung Emang prabowo yg salah?","1080250797152100352","","koeswantoronto","in","","0","0","0","https://x.com/undefined/status/1080250797152100352","167825022",
"1080250758363197440","Tue Jan 01 23:53:45 +0000 2019","0","Dengan kepeminpinan @Jokowi untuk Tol Bocimi diresmikan kurang dari 2 tahun dalam pemabangunan sudah dirasakan oleh masyarakat Bogor sukabumi serta dari luar daerah. #JokowiHarapanPasti","1080250758363197440","","","in","","0","0","0","https://x.com/undefined/status/1080250758363197440","3045831272",
"1080250753246126080","Tue Jan 01 23:53:44 +0000 2019","1","#Jokowi sumber daya alam tak jamin kesejahteraan Bangsa https://t.co/vmypNSeC0a","1080250753246126080","","","in","","1","0","3","https://x.com/undefined/status/1080250753246126080","1019393494152953856",
"1080039008581738496","Tue Jan 01 23:53:11 +0000 2019","2","@fadlizon @jokowi 2019 masih tetap Pak.Jokowi Presidennya","1080250614875971584","","fadlizon","in","","0","0","0","https://x.com/undefined/status/1080250614875971584","4893253992",
"1080124525813985281","Tue Jan 01 23:53:03 +0000 2019","5","@TeriakanAnak @RestyCayah @jokowi @prabowo Jaman Mega lebih keren pake arsenik dan gak pake karung di pesawat lagi ","1080250581283889155","","TeriakanAnak","in","","0","1","0","https://x.com/undefined/status/1080250581283889155","540819652",
"1079596930118836225","Tue Jan 01 23:53:02 +0000 2019","0","@emerson_yuntho @Dahnilanzar @prabowo Pas mundur dari PNS. Gak hambur2kan uang rakyat","1080250578561785856","","emerson_yuntho","in","","0","0","0","https://x.com/undefined/status/1080250578561785856","2541716540",
"1080250573054607360","Tue Jan 01 23:53:01 +0000 2019","3","Survei IRI: Popularitas Jokowi Melesat Dibandingkan Prabowo . https://t.co/RHLrWWM1YP","1080250573054607360","","","in","","2","1","3","https://x.com/undefined/status/1080250573054607360","47274731",
"1080126855988965376","Tue Jan 01 23:52:56 +0000 2019","6","@KangEmeel @agungputra_LNG @Fahrihamzah @fadlizon @mohmahfudmd @saididu @Nurmantyo_Gatot Lah jokowi sndiri kan PKI makanya kepanasan","1080250551026180096","","KangGembok46","in","","0","1","0","https://x.com/undefined/status/1080250551026180096","1020779367620751361",
"1080058458752204800","Tue Jan 01 23:52:55 +0000 2019","0","@LisaAmartaTara @prabowo @sandiuno @fadlizon @Ferdinand_Haean @MbahUyok Nyesel.ntr lu bok...jago lu akn hbis dn.tumbang tkntrhormat","1080250547335090176","","LisaAmartaTara","in","","0","0","0","https://x.com/undefined/status/1080250547335090176","954468532472856576",
"1080250514221064192","Tue Jan 01 23:52:47 +0000 2019","0","Jokowi Mulai Ditinggal Massa Alasan SBY Yakin Prabowo Menang https://t.co/zC2rxwpX8n","1080250514221064192","","","in","","0","0","0","https://x.com/undefined/status/1080250514221064192","920333994",
"1080250504330960896","Tue Jan 01 23:52:44 +0000 2019","1","#Jokowi terus digempur isu kriminalisasi ulama https://t.co/Yze6B90Ghp","1080250504330960896","","","in","","1","0","3","https://x.com/undefined/status/1080250504330960896","1019393494152953856",
"1080077179562582017","Tue Jan 01 23:52:42 +0000 2019","0","@IpungLombok @utuntauk @AlfariRudi @acoxduko @BasukiAyu @AsFairus @jacks_quevara @HanNew8 @TrisnaKSasmita @Rusydi_riau @abiyyu231299 @Teh_telor78 @PutraErlangga__ @Nabilla_001 @yu_n4n4 @HotPepperminTea @Silvy_riau @MichelaniaAdam @kangsemproel @_argentalya @panca66 @fadlizon @MardaniAliSera @AkunTofa @Gerindra @Gemacan70 @Maulana_Tigor @Dody_Lukas___ @PEPESOfficial @Ferdinand_Haean @LisaAmartaTara @maspiyuuu @JackVardan @harysantana @hailthedon @NoBody_0602 @HajrahDouboegis @MSApunya @rifanikunafir @d_LoNeLiNess @laskar_minang @aitariai @dektampu @sindusindoro @ar13zk4 @individumerd @prabowo @sandiuno Saksi kok ditutup mukanya blo'on amat nih orang","1080250492695920640","","IpungLombok","in","","0","0","0","https://x.com/undefined/status/1080250492695920640","1074287921228705792",
"1079791627512606725","Tue Jan 01 23:52:37 +0000 2019","0","@prabowo @maspiyuuu Tahun Baru Presiden Baru dan Era Baru Adil dan Makmur.....#tolak yang lama dan KW","1080250471586062337","","prabowo","in","","0","0","0","https://x.com/undefined/status/1080250471586062337","998844798764105728",
"1080130500193181696","Tue Jan 01 23:52:32 +0000 2019","0","@Ferdinand_Haean Sepertinyq Jokowi mau ternak Kodok di LP","1080250452942307330","","Ferdinand_Haean","in","","0","0","0","https://x.com/undefined/status/1080250452942307330","701309748050685952",
"1080250431245144064","Tue Jan 01 23:52:27 +0000 2019","0","harga sawit getah karet..ikut jatuh makanya jokowi anjurken tanem jengkol pete..","1080250431245144064","","","in","","0","0","0","https://x.com/undefined/status/1080250431245144064","2688812654",
"1080137207338287104","Tue Jan 01 23:52:22 +0000 2019","3","@CiaGrace1 @Kaliwiru @kaesangp @jokowi serius amat mbak kayak mau dilamar","1080250412018458625","","CiaGrace1","in","","0","2","0","https://x.com/undefined/status/1080250412018458625","2483139925",
"1079915331429195777","Tue Jan 01 23:52:20 +0000 2019","0","@SBYudhoyono asas pemilu JURDIL kayaknya sudah mulai pudar pak..","1080250400869998593","","SBYudhoyono","in","","0","0","0","https://x.com/undefined/status/1080250400869998593","1052378030398615552",
"1080238854416752640","Tue Jan 01 23:52:19 +0000 2019","1","@RajaPurwa @prabowo @sandiuno Jateng kalah..JokMa serasa disamber geledek..","1080250396369551360","","RajaPurwa","in","","0","0","0","https://x.com/undefined/status/1080250396369551360","101113493",
"1079550022306263040","Tue Jan 01 23:52:18 +0000 2019","1","@zulfahmicoen @mandhoeng80 @ianoktalian @jokowi lhoohh... kan yg bilang pertamina merugi sampean pak gimana sih....kan yg saya katakan kalo pertamina gamau rugi lagi maka blok migas itu hrs di kuasai indonesia melalui pertamina.","1080250392946962432","","","in","","0","0","0","https://x.com/undefined/status/1080250392946962432","962645401248518145",
"1080250388907999233","Tue Jan 01 23:52:17 +0000 2019","6","Kereen konsep Arus Baru Ekonomi disepakati Cawapres Ma'ruf Amin melalui Koperasi pesantren yg digagas oleh Lily-Gusdur.🇮🇩 @yennywahid @jokowi @semiaji_w @herilatief @faisolRI @Kadir_Karding @Y_Radianto #JokowiHarapanPasti Untuk #01IndonesiaMaju https://t.co/wg8OPrIZqK","1080250388907999233","","","in","","0","0","2","https://x.com/undefined/status/1080250388907999233","2449850334",
"1080250340870475776","Tue Jan 01 23:52:06 +0000 2019","0","Terimaksih pk jokowi","1080250340870475776","","","in","","0","0","0","https://x.com/undefined/status/1080250340870475776","1069614928946900992",
"1079945111587278849","Tue Jan 01 23:52:03 +0000 2019","0","@SiswantiYeni @makLambeTurah @jokowi Pake sarung kaos oblong sandal jepit ","1080250330049261568","","SiswantiYeni","tl","","0","0","0","https://x.com/undefined/status/1080250330049261568","979580653351051264",
"1080110699018313729","Tue Jan 01 23:51:59 +0000 2019","1","@P3nj3l4j4h @kumparan @sewordcom @nu_online @nahdlatululama @Banser_CyberNU @ansor_jatim @GPAnsor_Satu @MusliModerat @yusuf_dumdum @tvOneNews @mediaindonesia @faizalassegaf @ruhutsitompul @fadjroeL @jokowi @na_dirs @makLambeTurah https://t.co/RJI7u3r5kC","1080250312496013312","https://pbs.twimg.com/ext_tw_video_thumb/1080250074125357059/pu/img/TjjrFAu_QVhe5Wlp.jpg","BerlandGroup","qme","","0","0","0","https://x.com/undefined/status/1080250312496013312","3151954471",
"1080250302102675458","Tue Jan 01 23:51:56 +0000 2019","0","Polres Katingan Lakukan Pengamanan Kantor KPUD Banwaslu dan Gudang Logistik Pemilu https://t.co/WcscQWd373 https://t.co/Qv6C0n47Ku","1080250302102675458","https://pbs.twimg.com/media/Dv3R7L-UwAEunfy.jpg","","in","","0","0","0","https://x.com/undefined/status/1080250302102675458","4170118518",
"1079918487223468033","Tue Jan 01 23:51:55 +0000 2019","2","@SBYudhoyono Ah bapak ini hasut mulu baliho rusak Jokowi yg sebut sebut! Anda pensiun saja ! Main Twitter bikin hasutan dosa! Mending pensiun!","1080250298013179904","","SBYudhoyono","in","","0","0","0","https://x.com/undefined/status/1080250298013179904","724363835742654464",
"1080250287665758208","Tue Jan 01 23:51:53 +0000 2019","2","Penerimaan Capai Target Ini PR-PR yang Harus Dituntaskan Rezim Jokowi https://t.co/XKlOBV9Wd8","1080250287665758208","","","in","","0","0","0","https://x.com/undefined/status/1080250287665758208","2392460208",
"1079791627512606725","Tue Jan 01 23:51:53 +0000 2019","0","@charlestulis @prabowo @maspiyuuu https://t.co/2HoRYZcg6c","1080250286684352512","https://pbs.twimg.com/media/Dv3RztZUcAAmeb2.jpg","charlestulis","qme","","0","0","0","https://x.com/undefined/status/1080250286684352512","2589464034",
"1079917343935877120","Tue Jan 01 23:51:43 +0000 2019","0","@SBYudhoyono GAK USAH DI OMONG KALAU PRODUKSI MELIMPAH....PAK JOKOWI MEMIMPINEBIH BIJAK UTK MENGATUR SEGALANYA BUKTI BARU 4 TAHUN PEMBANGUNAN NYATA KELIHATAN SAMPAI KE DESA2 HARGA2 TDK MELONJAK KARENA MAFIA2 DILIBAS ....","1080250247194935297","","SBYudhoyono","in","","0","0","0","https://x.com/undefined/status/1080250247194935297","3726386833",
"1080250242224742400","Tue Jan 01 23:51:42 +0000 2019","0","@jokowi Pak dikritik tuh sm sang capres.. dulu itu mah dulu.. ","1080250242224742400","","jokowi","in","","0","0","0","https://x.com/undefined/status/1080250242224742400","2881250154",
"1080247442543587330","Tue Jan 01 23:51:39 +0000 2019","0","@maspiyuuu Jokowi spt tdk bertuhan krn berani mengingkari janjinya kepada seluruh rakyat Indonesia.","1080250227691384832","","mas_piyuuu","in","","0","0","0","https://x.com/undefined/status/1080250227691384832","88644024",
"1080250212063408131","Tue Jan 01 23:51:35 +0000 2019","0","Yang udah punya pengalaman dan tentu bisa mengembangkan infrastruktur di daerah2 yaa @Jokowi. #JokowiHarapanPasti","1080250212063408131","","","in","","0","0","0","https://x.com/undefined/status/1080250212063408131","3045831272",
"1079972041246162944","Tue Jan 01 23:51:34 +0000 2019","0","@jokowi Katanya 2019 ganti presiden. Saya kaget pas bangun tidur presiden masih pak jokowi. Alhamdulillah 2019 optimis presidennya pak @jokowi ","1080250207114149888","","jokowi","in","","0","0","0","https://x.com/undefined/status/1080250207114149888","1048552601875181569",
"1079892269472178176","Tue Jan 01 23:51:33 +0000 2019","5","@mohmahfudmd Kata Prof. Mahfud itu mengutip ayat Alquran kok malah diplesetkan sesuai pikirannya masing-masing memang kata orang pendukung capres itu sama dgn orang jatuh cinta kalo cinta sudah melekat (maaf) kotoran sapi serasa cokelat gajah di pelupuk mata tak nampak","1080250202936602624","","mohmahfudmd","in","","0","1","0","https://x.com/undefined/status/1080250202936602624","1048792297880481792",
"1080250132212269056","Tue Jan 01 23:51:16 +0000 2019","0","Buat pemanasan debat capres gaes https://t.co/SamvVKVI88 https://t.co/SamvVKVI88","1080250132212269056","","","in","","0","0","0","https://x.com/undefined/status/1080250132212269056","16648275",
"1080020376346710016","Tue Jan 01 23:51:07 +0000 2019","1","@RizmaWidiono @meow_leader @MegaSimarmata @jokowi Gw pikir pasti ada sesuatu dg org ini knp ngga 'dipake' lg ngliput istana.. Shg begitu dendam bingits ma presiden.. Kena kasus apa ya kira2?!! Ada bnyk jurnalis cuma si marmata tok tetiba ngomel ala si sarumpret?!! Aneh... Hulaaii.....hulaii...","1080250095243714561","","RizmaWidiono","in","","0","0","0","https://x.com/undefined/status/1080250095243714561","1319515344",
"1080250091040993280","Tue Jan 01 23:51:06 +0000 2019","0","Dan ini sangat riskan terhadap perolehan suara Pk Jokowi dan AHOK adalah pelajaran paling berharga....","1080250091040993280","","","in","","0","0","0","https://x.com/undefined/status/1080250091040993280","387503902",
"1080203126026625024","Tue Jan 01 23:51:04 +0000 2019","2","@MohammadShaleh4 @Biawak_Buas @rocky_garing @V_Stone_Kardol @woelannnn @Y_Radianto @4Y4NKZ @Candraasmara85 @DimasPermana817 @pujangga1123 @P3nj3l4j4h @bangzul_1988 @jokowi Bukan ke jalan yg benar pak ke RSJ aja.","1080250083755515904","","MohammadShaleh4","in","","0","1","1","https://x.com/undefined/status/1080250083755515904","784216450479382528",
"1079447802550222848","Tue Jan 01 23:51:03 +0000 2019","1","@RenataSyarif @KoRnHurry @Next_J2P @FaGtng @Ze_sukma @_ANDRE_OCTA_ @HodlandHutapea @besmartyk @EliasAdi79 @EksaYovie @nemosyus @Antri_Mati @CeciliaSuwanda1 @zoelfick @jokowi @basuki_btp @TheArieAir @Takviri @joxzin_jogja @Nanaa_rosaa @prabowo @Humas_MKRI @04Nakula @mohmahfudmd Bahaya itu kudu di berantas....brengsek.....#kamibersamamu @RenataSyarif","1080250078953160706","","RenataSyarif","in","","0","0","0","https://x.com/undefined/status/1080250078953160706","4846623680",
"1079701758614462465","Tue Jan 01 23:51:03 +0000 2019","0","@Imamieerde @yusuf_dumdum @prabowo @MardaniAliSera @wiranto1947 Nah ada...ayo lapor dong mana @KomnasHAM ..nih ada korban","1080250078848212992","","Imamieerde","in","","0","1","0","https://x.com/undefined/status/1080250078848212992","910860088973303808",
"1079659000608612352","Tue Jan 01 23:51:00 +0000 2019","1","@AnnaSuezann @Fahrihamzah @prabowo muslim diajak ngaji kok ajakan konyol kecuali kafir diajak ngaji br konyol","1080250065686413312","","AnnaSuezann","in","","0","0","0","https://x.com/undefined/status/1080250065686413312","3277127496",
"1080250057033543680","Tue Jan 01 23:50:58 +0000 2019","1","Yang pasti2 aja lah pilih nya sekarang mah??? Tentu @Jokowi orangnya. #JokowiHarapanPasti","1080250057033543680","","","in","","0","0","1","https://x.com/undefined/status/1080250057033543680","3045831272",
"1079762052522987520","Tue Jan 01 23:50:54 +0000 2019","0","@saididu Katanya rezim pak jokowi Tol semarang tegal gratis ternyata hoax saya dari kendal -tegal bayar 32 ribu ternyata pencitraan u pilpres https://t.co/KynudC9IRo","1080250041141317632","https://pbs.twimg.com/media/Dv3Rq9YU8AE1Php.jpg","saididu","in","","0","0","0","https://x.com/undefined/status/1080250041141317632","2869060526",
"1080250034841575424","Tue Jan 01 23:50:53 +0000 2019","0","Maaf pak rizal utang atau tidak berutang negeri ini kita tetap bayar pajak bayar premi bpjs dll karena memang seperti itu negeri ini di bentuk. Seandainya pun bpk prabowo menang apakah otomatis kita bebas utang? Saya yakin tidak. Sebab tatanan ekonomi dunia seperti itu.","1080250034841575424","","","in","","0","0","0","https://x.com/undefined/status/1080250034841575424","107609991",
"1080250032153026560","Tue Jan 01 23:50:52 +0000 2019","0","tapi kalo menangkap org pro jokowi gmn?","1080250032153026560","","","in","","0","0","0","https://x.com/undefined/status/1080250032153026560","997839430516752386",
"1080250008388038656","Tue Jan 01 23:50:46 +0000 2019","0","Jokowi Ndak salah. Ia hanya menjalankan perintah.","1080250008388038656","","","in","","0","1","0","https://x.com/undefined/status/1080250008388038656","829043798",
"1080058458752204800","Tue Jan 01 23:50:44 +0000 2019","0","@Kitaoptimisme @LisaAmartaTara @prabowo @sandiuno @fadlizon @Ferdinand_Haean @MbahUyok Yg penting usaha bong! Hasil hak nya yg Maha Kuasa","1080250000326647808","","Gha_Ghiz","in","","0","0","0","https://x.com/undefined/status/1080250000326647808","447018436",
"461086852439482372","Tue Jan 01 23:50:42 +0000 2019","0","@RachlanNashidik Lalu sekarang sama saja anda menyuruh rakyat indonesia utk memilih prabowo supaya korban yg hilang ketemu &amp; yg mati bisa hidup kembali gitu? Dobol","1080249991594033152","","rachlannashidik","in","","0","0","0","https://x.com/undefined/status/1080249991594033152","1010870787618697216",
"1080157308133359616","Tue Jan 01 23:50:42 +0000 2019","0","@jansen_jsp @prabowo Biasa Mereka lupa jungannya jga pernah poco2 @jansen_jsp","1080249989819822080","","jansen_jsp","in","","0","0","0","https://x.com/undefined/status/1080249989819822080","989203174979321856",
"1080249972241690626","Tue Jan 01 23:50:38 +0000 2019","237","SBY bakal berlaga lebih awal memenangkan Prabowo-Sandi di Pilpres. SBY awalnya akan berkampanye Maret 2019 namun kini SBY bakal berkampanye mulai Januari 2019. https://t.co/Ql752NYmNP","1080249972241690626","","","in","","14","97","44","https://x.com/undefined/status/1080249972241690626","69183155",
"1080249962921832449","Tue Jan 01 23:50:35 +0000 2019","0","Best Nine Jokowi 2018 https://t.co/gviylbYdip","1080249962921832449","","","in","","0","0","0","https://x.com/undefined/status/1080249962921832449","517058533",
"1079543416361431040","Tue Jan 01 23:50:29 +0000 2019","0","@JackTheRock4 @rojalirozack @SiegerAnwalt @NurSyahbana9 @jokoedy6 Hadapi kenyataan yg sekarang dulu nanti kalo Jokowi menang lagi apa gk gila klean?","1080249934438256640","","JackTheRock4","in","","1","2","0","https://x.com/undefined/status/1080249934438256640","168516686",
"1079956453195079680","Tue Jan 01 23:50:27 +0000 2019","0","@YuztineK @yusuf_dumdum @prabowo Ebong mana tau BAB..visi dan misi.. Nih aye jlsin #2019GantiPresiden adalah visi sedangkan Misi itu ini #2019PrabowoSandi #april2019gantipresiden","1080249925764411392","","YuztineK","in","","0","0","0","https://x.com/undefined/status/1080249925764411392","1049476476293140481",
"1080249896978984960","Tue Jan 01 23:50:20 +0000 2019","0","Terima kasih pak Jokowi akhirnya Desa Mak Lampir sudah punya akses transportasi yang baik. ","1080249896978984960","","","in","","0","0","0","https://x.com/undefined/status/1080249896978984960","104477671",
"1080136717636497408","Tue Jan 01 23:50:19 +0000 2019","0","@chicohakim @sdrajat @prabowo @rscm_official ini sih udah keterlaluan orang sakit diteror RSCM difitnah emang ngga mau lanjut proses hukum?","1080249892339998720","","chicohakim","in","","0","0","0","https://x.com/undefined/status/1080249892339998720","888769105599152128",
"1080143921152327681","Tue Jan 01 23:50:14 +0000 2019","6","@Anak_Saung @themasterPAS46 Tanya Jokowi siapa bapaknya? Makanya ditutupi....","1080249872991715328","","Anak_Saung","in","","0","1","0","https://x.com/undefined/status/1080249872991715328","101113493",
"1080110699018313729","Tue Jan 01 23:50:14 +0000 2019","0","@BerlandGroup @P3nj3l4j4h @kumparan @sewordcom @nu_online @nahdlatululama @Banser_CyberNU @ansor_jatim @GPAnsor_Satu @MusliModerat @yusuf_dumdum @tvOneNews @mediaindonesia @faizalassegaf @ruhutsitompul @fadjroeL @jokowi @na_dirs @makLambeTurah Nape gak di tuntut...klo itu bener","1080249872878428160","","BerlandGroup","in","","0","2","0","https://x.com/undefined/status/1080249872878428160","1060692076495425537",
"1080249848060817408","Tue Jan 01 23:50:08 +0000 2019","0","Para Syndicate: Tren Elektabilitas Jokowi Turun Prabowo Naik (Surat Rakyat) - https://t.co/pUrWyDWGBa https://t.co/6TkbCv1Yu0","1080249848060817408","https://pbs.twimg.com/media/Dv3RgwXX4AYbxvD.jpg","","in","","0","0","0","https://x.com/undefined/status/1080249848060817408","948364604723228672",
"1080249841433796610","Tue Jan 01 23:50:06 +0000 2019","0","Bumdes menggerakkan perekonomian Desa @jokowi @EkoSandjojo @taufikmadjid71 @fachrilabalado https://t.co/HJbeIoU9Tz","1080249841433796610","https://pbs.twimg.com/media/Dv3RYosUcAAiJt6.jpg","","in","","0","0","0","https://x.com/undefined/status/1080249841433796610","1073370117160005632",
"1080249815437434886","Tue Jan 01 23:50:00 +0000 2019","0","TELAH DATANG SANG JURU SELAMAT Pak Jokowi adalah...SANG JURU SELAMAT FREEPORT ROKAN MAHAKAM PETRAL LAPINDO BBM SATU HARGA SAVE NATUNA ASAP RIAU INFRASTRUKTUR NKRI DLL klu yang lain itu cuma... JURU NYINYIR dan JURU GORENG aja tuuhh","1080249815437434886","","","in","","0","0","0","https://x.com/undefined/status/1080249815437434886","716136875178663936",
"1080249812702752768","Tue Jan 01 23:50:00 +0000 2019","0","WAKTU PEMBANGUNAN INFRASTRUKTUR JOKOWI NGAWUR ~ by Kwik Kian Gie ~ #TahunBaruPresidenBaru https://t.co/2Tsrb1ISXD","1080249812702752768","https://pbs.twimg.com/ext_tw_video_thumb/1080249701750923264/pu/img/5k6rpSjvT5hXl-1S.jpg","","in","","0","0","1","https://x.com/undefined/status/1080249812702752768","802883232928657408",
"1080087110105804800","Tue Jan 01 23:49:50 +0000 2019","0","@ZAEffendy Cara baca survey LSI dkk.. cukup tambahkan 22% untuk prabowo sandi... mudahkan.. !! #2019GantiPresiden #17AprilPrabowoPresiden #17AprilPrabowoPresiden","1080249770608717824","","ZAEffendy","in","","0","0","0","https://x.com/undefined/status/1080249770608717824","820871505361838081",
"1080118821711540225","Tue Jan 01 23:49:49 +0000 2019","0","@kangdede78 @prabowo Sundul bos. https://t.co/rK7jQAoR54","1080249768629030912","","kangdede78","in","","0","0","0","https://x.com/undefined/status/1080249768629030912","69859492",
"1080249754469056512","Tue Jan 01 23:49:46 +0000 2019","0","#17AprilPrabowoPresiden Atau #JokowiLagi Save guys.. Viralkan.. Adu gagasan sama program pak @jokowi Ini baru kampanye.. Gak nyinyiri doang https://t.co/tjYHBui2uR","1080249754469056512","https://pbs.twimg.com/media/Dv3Ra2RVsAA05Ey.jpg","","in","","0","0","0","https://x.com/undefined/status/1080249754469056512","2925179887",
"1080058458752204800","Tue Jan 01 23:49:40 +0000 2019","0","@LisaAmartaTara @prabowo @sandiuno @fadlizon @Ferdinand_Haean @MbahUyok Luar biasa emak 2 indonesia!!","1080249730993553408","","LisaAmartaTara","in","","0","0","0","https://x.com/undefined/status/1080249730993553408","447018436",
"1080249722701414400","Tue Jan 01 23:49:38 +0000 2019","0","Pada Desember 2018 Survei IRI Sebut Popularitas Jokowi Naik Drastis: https://t.co/jw7TqiishL via @metrobali","1080249722701414400","","","in","","0","0","0","https://x.com/undefined/status/1080249722701414400","304383364",
"1080249708092710912","Tue Jan 01 23:49:35 +0000 2019","51","MENGAPA KUBU JOKOWI JUGA MENYERANG SBY? Perolehan suara SBY pd pilpres 2009 adalah 73.874.562. Suara itu tetap solid meski tdk 100%. Katakanlah 50% saja yang sami'na wa atho'na pada Pak SBY maka itu sama dengan 36 937 281 suara https://t.co/HaTLQianiw","1080249708092710912","","","in","","1","1","24","https://x.com/undefined/status/1080249708092710912","777141890277777409",
"1080149723711864837","Tue Jan 01 23:49:33 +0000 2019","11","@TheArieAir Tdk mungkin kampreters bisa tobat..nggak usah buang tenaga merayu2 biarkan saja..rawat dan jaga yg sdh ada di pro Jokowi..swing voter sdh menyusut..kita terbelah fakta pahit.","1080249701599866880","","TheArieAir","in","","0","0","4","https://x.com/undefined/status/1080249701599866880","997076148164083712",
"1080249700429623296","Tue Jan 01 23:49:33 +0000 2019","585","Ini Kesaksian anak buah Prabowo https://t.co/HDDqZ4eDvz","1080249700429623296","https://pbs.twimg.com/ext_tw_video_thumb/1080249554367176704/pu/img/ncmWsck7LHCQhr6B.jpg","","in","","19","19","275","https://x.com/undefined/status/1080249700429623296","2563567034",
"1078645485999599618","Tue Jan 01 23:49:30 +0000 2019","3","@adilmakmur02 @prabowo @sandiuno Insyaallah doa 02 di ijabahi olehNYA.....Amin yra.","1080249688161284096","","adilmakmur02","in","","0","0","0","https://x.com/undefined/status/1080249688161284096","1080247847809822722",
"1080231522681028609","Tue Jan 01 23:49:30 +0000 2019","1","@Jeonum1203 @makLambeTurah Sangat berbeda Jokowi dilahirkan untuk kemenangan bangsa lndonesia","1080249686722629632","","edelweis2901","in","","0","0","0","https://x.com/undefined/status/1080249686722629632","1056895442758168576",
"1080249682784280576","Tue Jan 01 23:49:29 +0000 2019","2","Selamat malam Batfans! Ngacir....capres yang katanya muslim dan dipilih ulama malah ngacir ketika diminta tes baca Qur'an. Alasannya buanyak https://t.co/PtSEDgFLDN","1080249682784280576","","","in","","0","1","1","https://x.com/undefined/status/1080249682784280576","4242589153",
"1080077179562582017","Tue Jan 01 23:49:25 +0000 2019","0","@acoxduko @Rusydi_riau @harysantana @IpungLombok @BasukiAyu @AsFairus @jacks_quevara @HanNew8 @TrisnaKSasmita @abiyyu231299 @utuntauk @Teh_telor78 @PutraErlangga__ @Nabilla_001 @yu_n4n4 @HotPepperminTea @Silvy_riau @MichelaniaAdam @kangsemproel @_argentalya @panca66 @fadlizon @MardaniAliSera @AkunTofa @Gerindra @Gemacan70 @Maulana_Tigor @Dody_Lukas___ @PEPESOfficial @Ferdinand_Haean @LisaAmartaTara @maspiyuuu @JackVardan @hailthedon @NoBody_0602 @HajrahDouboegis @MSApunya @rifanikunafir @d_LoNeLiNess @laskar_minang @AlfariRudi @aitariai @dektampu @sindusindoro @ar13zk4 @individumerd @prabowo @sandiuno Pancasila wae ora apal","1080249669731606528","","acoxduko","in","","0","0","0","https://x.com/undefined/status/1080249669731606528","1074287921228705792",
"1080002425493356544","Tue Jan 01 23:49:23 +0000 2019","0","@Surgabidadari3 @maribantuyatim Mohon didoakan agar @prabowo dan @sandiuno menjadi Presiden dan wakil Presiden Republik Indonesia. #2019GantiPresiden","1080249660705406976","","Surgabidadari3","in","","0","0","0","https://x.com/undefined/status/1080249660705406976","917274462981996545",
"1079693420141006848","Tue Jan 01 23:49:20 +0000 2019","0","@RizmaWidiono Ijtimak ulamak yg di pilih capres gk bisa ngaji...terus gmn tuh keulsmaanya..wahhh sngt di ragukn ...jngn2 ulamak politik","1080249648311234560","","RizmaWidiono","in","","0","0","0","https://x.com/undefined/status/1080249648311234560","954468532472856576",
"1079972041246162944","Tue Jan 01 23:49:18 +0000 2019","0","@jokowi Selamat tahun baru pak semoga di tahun ini bangsa ini aman damai sejahtera...jauh dari bencana dan malapetaka...th ini merupakan th penentuan arah bangsa...smg semakin lebih baik..amien","1080249639431884800","","jokowi","in","","0","0","0","https://x.com/undefined/status/1080249639431884800","2929312118",
"1059354030374174720","Tue Jan 01 23:49:18 +0000 2019","0","@firmanashad08 @RajaPurwa @prabowo Dora emon..","1080249638773387264","","firmanashad08","es","","0","0","0","https://x.com/undefined/status/1080249638773387264","2781317694",
"1079916314146234368","Tue Jan 01 23:49:17 +0000 2019","0","@SBYudhoyono Pak saya mau coblos bapak di pemilu 2019. Bapak nomor urut brpa? Sepertinya prioritas ini layak utk dilakukan. Btw pak ini 10 taon pemerintahan bapak kok gk gini ya konsep prioritasnya?","1080249632528031744","","SBYudhoyono","in","","0","0","0","https://x.com/undefined/status/1080249632528031744","248096726",
"1080249620306059264","Tue Jan 01 23:49:14 +0000 2019","0","Saya suka video @YouTube https://t.co/cnYAo2cagl Setelah #Jokowi Berani Bubarkan Petral Respon Warga Bikin Merinding. Gokil Banget","1080249620306059264","","","in","","0","0","0","https://x.com/undefined/status/1080249620306059264","576287136",
"1080249611271385088","Tue Jan 01 23:49:12 +0000 2019","0","#empatikusirnaresmiku @jokowi @EkoSandjojo @taufikmadjid71 @fachrilabalado @SyaifulHooda @ridwankamil @pendampingdesa_ @PegiatDesa https://t.co/5RkKGg1SPs","1080249611271385088","https://pbs.twimg.com/media/Dv3RSgCVsAEEO_G.jpg","","qme","","0","0","0","https://x.com/undefined/status/1080249611271385088","919732519511113728",
"1079974837152444417","Tue Jan 01 23:49:07 +0000 2019","0","@Ardhan_syahil @P3nj3l4j4h @jokowi Lanjut kan dengan masyarakat lainnya","1080249591574851586","","","in","","0","0","0","https://x.com/undefined/status/1080249591574851586","830388808751329280",
"1080063510577463297","Tue Jan 01 23:49:03 +0000 2019","0","@P3nj3l4j4h Emang ada aturannya kalo capres sebar hoax berkali-kali dan bisa menimbulkan keresahan masyarakat tidak bisa dihukum ??? Kasian ratna sarumpaet deh...","1080249575464624128","","P3nj3l4j4h","in","","0","0","0","https://x.com/undefined/status/1080249575464624128","137699006",
"1080077179562582017","Tue Jan 01 23:48:54 +0000 2019","0","@acoxduko @Rusydi_riau @harysantana @IpungLombok @BasukiAyu @AsFairus @jacks_quevara @HanNew8 @TrisnaKSasmita @abiyyu231299 @utuntauk @Teh_telor78 @PutraErlangga__ @Nabilla_001 @yu_n4n4 @HotPepperminTea @Silvy_riau @MichelaniaAdam @kangsemproel @_argentalya @panca66 @fadlizon @MardaniAliSera @AkunTofa @Gerindra @Gemacan70 @Maulana_Tigor @Dody_Lukas___ @PEPESOfficial @Ferdinand_Haean @LisaAmartaTara @maspiyuuu @JackVardan @hailthedon @NoBody_0602 @HajrahDouboegis @MSApunya @rifanikunafir @d_LoNeLiNess @laskar_minang @AlfariRudi @aitariai @dektampu @sindusindoro @ar13zk4 @individumerd @prabowo @sandiuno Program menghayal itu mah akal bulus tok","1080249537820733440","","acoxduko","in","","0","0","0","https://x.com/undefined/status/1080249537820733440","1074287921228705792",
"1080249511874686976","Tue Jan 01 23:48:48 +0000 2019","14","Adem liatnya. Pak Prabowo itu sukanya berkumpul sama anak2 muda.. #PrabowoSandi #IndonesiaAdilMakmur https://t.co/SYShwTBt1F","1080249511874686976","https://pbs.twimg.com/media/Dv3RMr-U0AEFJo7.jpg","","in","","0","0","6","https://x.com/undefined/status/1080249511874686976","1072775763290517505",
"1075562597204713472","Tue Jan 01 23:48:45 +0000 2019","0","@Ninozh1 @fakirelmu @hendi14470084 @pramonoanung @jokowi Siapapun yg kalah nanti adalah hikmah bisa ibadah khusu... P. Jokowi bisa jsi imam di mesjid dekat rumah....","1080249500701061121","","Ninozh1","in","","0","1","0","https://x.com/undefined/status/1080249500701061121","968315731682115584",
"1079701758614462465","Tue Jan 01 23:48:41 +0000 2019","0","@sunarto_sunardi @yusuf_dumdum @prabowo @MardaniAliSera @wiranto1947 Coba di dengerin baik baik dengan seksama dan dalam tempo yg sesingkat singkatnya ya https://t.co/FAkmtoUsEn","1080249484800536576","https://pbs.twimg.com/ext_tw_video_thumb/1080249431356657665/pu/img/HmzEBDPU2VYq8uid.jpg","sunarto_sunardi","in","","0","1","0","https://x.com/undefined/status/1080249484800536576","901330969646342146",
"1080249459932446721","Tue Jan 01 23:48:35 +0000 2019","41","Nenek ini aja cerdas. Ga mau pilih jokowi krn salah satu nya utang luar negri ribuan trilyun. Masa cebi kalah cerdas sama nenek ini? #UtangUgalUgalan https://t.co/TiSSIjT0RO","1080249459932446721","https://pbs.twimg.com/ext_tw_video_thumb/1080249387488399360/pu/img/JihwIJfLjdN3tTO7.jpg","","in","","2","2","22","https://x.com/undefined/status/1080249459932446721","485385284",
"1080092384287907845","Tue Jan 01 23:48:24 +0000 2019","0","@Ferdinand_Haean Janji dan program jokowi jelas yg ga jelas program prabowo apalagi dulu jaman SBY ktkn tdk pda korupsi ehh ketangkep semua aktornya wkwkwkw Tes baca Al-Qur'an aja ga brani aplgi pimpin ngra disetir ntar wkwkwkwkwkw","1080249413715415040","","Ferdinand_Haean","in","","0","0","0","https://x.com/undefined/status/1080249413715415040","167360557",
"1079751638271721479","Tue Jan 01 23:48:24 +0000 2019","0","@aewin86 @sudirmansaid @jokowi Ayoo...jawablah data tersebut dengan data juga pak @sudirmansaid..jangan lempar batu sembunyi tangan..","1080249409818943489","","aewin86","in","","0","0","0","https://x.com/undefined/status/1080249409818943489","955021575211819008",
"1080231522681028609","Tue Jan 01 23:48:22 +0000 2019","1","@TitacantikTr @makLambeTurah @jokowi Mempersembahkan jiwa raganya tanpa pamrih demi kejayaan NKRI","1080249401707118593","","TitacantikTr","in","","0","1","0","https://x.com/undefined/status/1080249401707118593","1056895442758168576",
"1079617859720892416","Tue Jan 01 23:48:20 +0000 2019","0","@jokowi Kami dari pedalaman kaltim masih merasakan jln tanah penuh lumpur mudahan di 2019 bisa ada peningkatan jln","1080249393679237120","","jokowi","in","","0","0","0","https://x.com/undefined/status/1080249393679237120","242252663",
"1079972041246162944","Tue Jan 01 23:48:19 +0000 2019","0","@rizalarisyi @jokowi saya cuma asking sama mr Jokowi :(","1080249389182906370","","rizalarisyi","in","","0","0","0","https://x.com/undefined/status/1080249389182906370","362927551",
"1080249374989565952","Tue Jan 01 23:48:15 +0000 2019","0","RT PDI_Perjuangan PDI Perjuangan Jatim gembleng kader songsong Pemilu 2019 https://t.co/XP07vF9NMB #PDIPerjuangan ","1080249374989565952","","","in","","0","0","0","https://x.com/undefined/status/1080249374989565952","857872605042294784",
"1080249351950065665","Tue Jan 01 23:48:10 +0000 2019","1","Selamat menghadapi Tahun 2019 sedulur warga Semarang. Tetap semangat menggapai impian dan jangan lupa usaha dan berdoa. Ingat tahun ini juga ada Pileg dan Pilpres lho.. Pastikan sedulur2 sudah semakin mengenal para kandidatnya ya.. Mari ciptakan Pemilu 2019 berintegritas.","1080249351950065665","","","in","","0","0","0","https://x.com/undefined/status/1080249351950065665","940778538713493504",
"1078987206658732032","Tue Jan 01 23:48:07 +0000 2019","0","@sandiuno @prabowo Bpak @sandiuno bpak sadar pak kalo bpak it bohong?? Bpak jujur j apa bpak blm tau it d atur undang2 maslh ekspr rotan?? Apa bapak gk tkt lidah mukul muka bpk sendiri di setiap bpak ngmg asbun it ?? Kacau hancur bnr punah kalo bpk bgni trus","1080249340537364480","","sandiuno","in","","0","0","0","https://x.com/undefined/status/1080249340537364480","1047873499581186048",
"1080024619195629568","Tue Jan 01 23:48:05 +0000 2019","0","@CNNIndonesia @si_euy @prabowo mmg hobi atau habit ya? Tebar teror dan hoax","1080249331322519552","","CNNIndonesia","in","","0","0","0","https://x.com/undefined/status/1080249331322519552","709900676474732544",
"1079956453195079680","Tue Jan 01 23:48:05 +0000 2019","1","@yusuf_dumdum Jokowi-JK #Pastikan_Tolak Hutang Luar Negeri jika Pimpin RI (03 Juni 2014) https://t.co/EuXXvEdmnx","1080249330575892480","https://pbs.twimg.com/media/Dv3RCORV4AAlCUn.jpg","yusuf_dumdum","in","","0","0","1","https://x.com/undefined/status/1080249330575892480","985277327960522752",
"1080249322472562689","Tue Jan 01 23:48:03 +0000 2019","0","Saat FATHU MAKKAH. Para MUNAFIKUN &amp; YAHUDI menebar FITNAH kebencian ttg Rosululloh SAW Faktanya. Saat Rosululloh hadir. Semua dibuat AMAN dan NYAMAN. Diayomi dg AKHLAQ yg LUAR BIASA. Mirip SAAT INI. Bertebaran FITNAH keji. Jika terjadi #2019PresidenBatu Cc @prabowo @jokowi","1080249322472562689","","","in","","0","0","0","https://x.com/undefined/status/1080249322472562689","38436306",
"1080249271746584581","Tue Jan 01 23:47:51 +0000 2019","0","@prabowo","1080249271746584581","","prabowo","qam","","0","0","0","https://x.com/undefined/status/1080249271746584581","1047865276656574464",
"1080149967199555587","Tue Jan 01 23:47:39 +0000 2019","0","@IsekaiHero @cubby_ghum @prabowo @sandiuno Amin...","1080249224715849728","","","en","","0","0","0","https://x.com/undefined/status/1080249224715849728","956556832138395648",
"1080091442045800449","Tue Jan 01 23:47:31 +0000 2019","0","@sandiuno Harga apapun pasti naik turun tergantung sikon. Spt skrg apa kalo ga capres ember kosong gini kan tdk semua tergantung sikon","1080249187625709568","","sandiuno","in","","0","0","0","https://x.com/undefined/status/1080249187625709568","898898221413433348",
"1079918212374917121","Tue Jan 01 23:47:29 +0000 2019","1","@AlkatiriOemar @periiode @hariadhi @ReyFardhi @JajangRidwan19 @jimmyherdyansy2 @AanCblack @qqrizq @EkaRusdi1 @TheArieAir @BosErvan Kalau logika jalan... membela Capres Abadi itu seperti menegakkan benang basah. Itu kalau logikanya jalan. Sayangnya malah udah terlalu banyak logika terbalik","1080249182999371776","","AlkatiriOemar","in","","0","1","2","https://x.com/undefined/status/1080249182999371776","242431562",
"1080249163424530433","Tue Jan 01 23:47:25 +0000 2019","0","kubu jokowi jadi jelas takut kerana gak boleh pake stunman minta KPU batalken aja lah!!gak bisa bayangkan kalo jokowi dan yi makeruf maju debat? yg sama aja mbayangkan NKRI jokowi dua periode..","1080249163424530433","","","in","","0","0","0","https://x.com/undefined/status/1080249163424530433","2688812654",
"1078649146049912833","Tue Jan 01 23:47:23 +0000 2019","0","@fadly_ulathmony @nhanhhy10 @prabowo Hoee.. bodoh naumang eee... prespektif apa perspektif... ?? Klu seng tau dia pung arti apa? Jang sok pake istilah ilmiah politik deng beta... klo baru belajar mending isi commentar itu pake bahasa sederhana aja... ketimbang nnt maknanya tdk substansial.. ose itu yg hidup dikolam","1080249156898193408","","fadly_ulathmony","in","","0","3","0","https://x.com/undefined/status/1080249156898193408","3408965892",
"1080249151474958337","Tue Jan 01 23:47:22 +0000 2019","0","Kapan rel keretanya di Sulawesi pak Jokowi . .","1080249151474958337","","","in","","0","0","0","https://x.com/undefined/status/1080249151474958337","2501059519",
"1080071748794470402","Tue Jan 01 23:47:19 +0000 2019","0","@fadlizon InsyaAllah pembual akan kalah dan semoga Allah tunjukkan kemenangan besar buat pak @jokowi untuk memimpin Indonesia menjadi bangsa yg besar","1080249139365990400","","fadlizon","in","","0","0","0","https://x.com/undefined/status/1080249139365990400","960921983759233024",
"1080047334203916288","Tue Jan 01 23:47:14 +0000 2019","4","@ariel_heryanto Malah pingin kebalikannya kalo Jokowi kalah pingin tahu apakah yang sekarang bela mati2an itu kritikannya nanti bermutu atau malah bubar ninggalin begitu aja hehe","1080249119526928385","","ariel_heryanto","in","","0","0","0","https://x.com/undefined/status/1080249119526928385","810301187014553601",
"1080100396603973632","Tue Jan 01 23:47:14 +0000 2019","0","@peni_me @jokowi Jualan apa pun udah gak laku","1080249117513736192","","peni_me","in","","0","0","0","https://x.com/undefined/status/1080249117513736192","1037478639586107392",
"1080087110105804800","Tue Jan 01 23:47:14 +0000 2019","0","@ZAEffendy @prabowo Amiin... https://t.co/kYpKg2JstP","1080249117404684289","https://pbs.twimg.com/media/Dv3Q194VAAA2FfY.jpg","ZAEffendy","in","","0","0","0","https://x.com/undefined/status/1080249117404684289","974256049539620864",
"1080098947580874759","Tue Jan 01 23:59:57 +0000 2019","0","@Tony_Harto @Fahrihamzah @jokowi @DPR_RI @MahkamahAgung @DivHumas_Polri @KejaksaanRI Sebenarnya sedih juga sih..sebab periode 2019-2024 nanti abang kita ini uda ngak ada di gedung senayan sono.....ada sesuatu yang unik yang terasa hilang nantinya di DPR RI.......","1080252318702923776","","Tony_Harto","in","","0","0","0","https://x.com/undefined/status/1080252318702923776","4880285363",
"1080252281352728576","Tue Jan 01 23:59:48 +0000 2019","0","Yakin KMA bakalan minta maaf klo bukan jadi Cawapres Jokowi?","1080252281352728576","","","in","","0","1","0","https://x.com/undefined/status/1080252281352728576","359346142",
"1080015227519873025","Tue Jan 01 23:59:48 +0000 2019","3","@peduliakalsehat @budimandjatmiko @prabowo Gimana mau kawal DPR.... rapat2 aja sering bolos... cukup orasi di Medsos...","1080252279339442177","","peduliakalsehat","in","","0","1","0","https://x.com/undefined/status/1080252279339442177","918851317853855744",
"1079659000608612352","Tue Jan 01 23:59:41 +0000 2019","0","@GodarHidayat @Fahrihamzah @prabowo @jokowi https://t.co/ikdNzFnUg2 Coba deh anda baca ini biar cerdas dikit","1080252253309521920","","","in","","0","0","0","https://x.com/undefined/status/1080252253309521920","954388642792816640",
"1079906467082203136","Tue Jan 01 23:59:41 +0000 2019","0","@jokowi Menuju ganti presiden","1080252252923715584","","jokowi","in","","0","1","0","https://x.com/undefined/status/1080252252923715584","1011773247979864064",
"1079780590868619264","Tue Jan 01 23:59:38 +0000 2019","0","@rockygerung @aguskribo Jangan ah.masak yg mau gantikan gak mau diajak baca Ayat suci Alquran.padahal kan itu ajakan yg baik dari ulama aceh.serambi mekaah loh..lagian indonesia jg mayoritas muslim.kan jd ragu2 kitanya..malu ah..tinggal dtang baca..selesai.malah prabowo kalau bisa baca bangga loh kitaaa","1080252238872760320","","rockygerung","in","","0","0","0","https://x.com/undefined/status/1080252238872760320","979215765508206592",
"1080213569449353216","Tue Jan 01 23:59:36 +0000 2019","0","@RekanSaber Lagi ngoreksi diri sendiri. Biarin aja kenyataanya lebih mudah kritik kerjaan orang dari pada jalanin. Jadi pemimpin negara Indonesia itu berat. Udah biarin pak Jokowi-KH Ma ruf Amin aja. #01IndonesiaMajuTerus","1080252229729148931","","SahabatSaber","in","","0","0","1","https://x.com/undefined/status/1080252229729148931","1107620514",
"1079954983213121536","Tue Jan 01 23:59:27 +0000 2019","4","@Ranaditya Karena ga ngerti fans nya banyak yg cuma banggain bahasa Inggrisnya dibanding2in ama Inggrisnya Jokowi yg logat Jawa.","1080252191879753729","","Ranaditya","in","","0","0","1","https://x.com/undefined/status/1080252191879753729","912080268",
"1080066919737090048","Tue Jan 01 23:59:25 +0000 2019","0","@Joko96270848 @kurawa Pahlawan jaman now ya hahaha mantaplah pak @basuki_btp dan pak @jokowi ...terimakasih atas perjuangan kalian selama ini dan perjuangan kalian kedepannya untuk negri ini. #JokowiHarapanPasti #Jokowi2Periode #BTPTOPBGT","1080252185122725888","","Joko96270848","in","","0","1","0","https://x.com/undefined/status/1080252185122725888","992046073291026432",
"1079810942471266314","Tue Jan 01 23:59:24 +0000 2019","1","@addiems Itulah pak jokowi selalu menduluan kepentingan org lain","1080252180123119616","","addiems","in","","0","0","0","https://x.com/undefined/status/1080252180123119616","1079786796047716356",
"1080024093607358464","Tue Jan 01 23:59:16 +0000 2019","0","@chicohakim Haha.. mungkin Karena lawannya Pak Jokowi. Mass Pak Jokowi lagi.... Hadeuh","1080252147378184193","","chicohakim","in","","0","0","0","https://x.com/undefined/status/1080252147378184193","1076085158858485762",
"1080252125719023616","Tue Jan 01 23:59:11 +0000 2019","0","Caleg DPRD DKI Jakarta Dapil 3 No.Urut 1. Drs. Sahrianta Tarigan Capres cawapres No.Urut 01. Joko Widodo - Ma'ruf Amin @jokowi jokowi.maruf jokowi.marufamin2019 partaiperindo https://t.co/X4HGtZnU1e","1080252125719023616","","","in","","0","0","0","https://x.com/undefined/status/1080252125719023616","999272425807269889",
"1080075213100838912","Tue Jan 01 23:59:10 +0000 2019","0","@RamliRizal Otoriter itu buat bapak sakit hati karna di pecat jokowi jd menteri","1080252121750986753","","RamliRizal","in","","0","0","0","https://x.com/undefined/status/1080252121750986753","1073806649586999297",
"1080135142662856705","Tue Jan 01 23:59:01 +0000 2019","0","@DedirahmadiK @saididu @NgabalinAli @jokowi Bisa aja Lu... ngeles yg cerdas dikit dong..","1080252085235372032","","DedirahmadiK","in","","0","0","0","https://x.com/undefined/status/1080252085235372032","194869405",
"1080116654334402560","Tue Jan 01 23:58:58 +0000 2019","0","@RizmaWidiono @prabowo https://t.co/d8G7lJyOBA","1080252072597942272","https://pbs.twimg.com/media/Dv3ThImUcAAx_ZO.jpg","RizmaWidiono","qme","","0","0","0","https://x.com/undefined/status/1080252072597942272","899284838473015296",
"1080252058370957312","Tue Jan 01 23:58:55 +0000 2019","1","Fakta prabowo penculik aktifis mahasiswa 98","1080252058370957312","","","in","","0","0","0","https://x.com/undefined/status/1080252058370957312","1069614928946900992",
"1079675417756233728","Tue Jan 01 23:58:51 +0000 2019","0","@sasukekasep @PartaiSocmed Artinya rakyat memang rindu pemimpin baru. Sampai mereka rela rogoh kocek sendiri utk sosialisasikan Prabowo Sandi. Kalau rakyat merasakan rezim ini sukses sandang pangan murah otomatis mereka gak mungkin rela galang donasi dan melakukan door to door demi Prabowo Sandi. ","1080252043267170304","","sasukekasep","in","","0","2","0","https://x.com/undefined/status/1080252043267170304","3958359858",
"1079956453195079680","Tue Jan 01 23:58:50 +0000 2019","0","@leoagus13181755 @aiman4168 @raffie_aqmal @CherriLeenZv1 @riau_riski @yusuf_dumdum @DfarDjafar @prabowo @MardaniAliSera @suhudalynudin @PIPINSOPIANUI @fadlizon @AdianNapitupul1 @TsamaraDKI @jokowi Mas bro itu gambar Hoax mohon jangan disebarkan. Sudah ada klarifikasi klo meme itu Hoax . ","1080252039446200322","","leoagus13181755","in","","0","1","0","https://x.com/undefined/status/1080252039446200322","754153960135532545",
"1079956453195079680","Tue Jan 01 23:58:49 +0000 2019","1","@yusuf_dumdum Seandainya soe hok gie masih hidup pasti beliau menentang bu megawati termasuk pak jokowi","1080252034639523841","","yusuf_dumdum","in","","0","0","0","https://x.com/undefined/status/1080252034639523841","3317628434",
"1080252033263796224","Tue Jan 01 23:58:49 +0000 2019","0","Sambut Pergantian Tahun Masehi 2019 TNI Brebes Doakan Korban Tsunami « Nawacita News https://t.co/brfRbd6L2c @tni_ad @_TNIAU @Puspen_TNI @_TNIAL_ @jokowi","1080252033263796224","","","in","","0","0","0","https://x.com/undefined/status/1080252033263796224","1091358230",
"1079711258121723905","Tue Jan 01 23:58:46 +0000 2019","0","@TantyJohan @striputranto @Fahrihamzah Megawati cuma pemain pengganti bkn presiden terpilih insaAllah prabowo 2019 menang telak dan rezim ini akan mendapatkan kehinaan yg luar biasa hina.","1080252020647325697","","TantyJohan","in","","0","0","0","https://x.com/undefined/status/1080252020647325697","1078470029010595840",
"1080248620182470656","Tue Jan 01 23:58:38 +0000 2019","0","@gwk555 @jokowi @Gerindra @prabowo @PDI_Perjuangan @DPP_PKB @Golkar5 @psi_id PAN @ZUL_Hasan PKS @hnurwahid Demokrat @Ferdinand_Haean @AndiArief__ silakan merger dengan Gerindra @prabowo @andriyonoadhi sebagai bagian penyederhanaan parpol utk Pemilu 2024","1080251988149858304","","gwk555","in","","0","0","0","https://x.com/undefined/status/1080251988149858304","57546241",
"1080250992975785984","Tue Jan 01 23:58:29 +0000 2019","1","@P3nj3l4j4h @KemenkeuRI @jokowi Terima kasih rakyat mencatatnya dg baik.","1080251950493388800","","P3nj3l4j4h","in","","0","0","0","https://x.com/undefined/status/1080251950493388800","2683870466",
"1080251906599972864","Tue Jan 01 23:58:19 +0000 2019","28","Yang Bener yg Mana Sich....? KPU ITU PENYELENGGARA PEMILU ATAU CALO PEMILU...? Penyelenggara kok gak punya Aturan Main Malah ngikutin Kehendak Peserta Pemilu..!!","1080251906599972864","","","in","","2","1","6","https://x.com/undefined/status/1080251906599972864","900997200888463364",
"1080251893924933632","Tue Jan 01 23:58:16 +0000 2019","6","Katanya 2019 ganti presiden. Sekarang sudah 2019 dan presidennya masih tetap Jokowi. ","1080251893924933632","","","in","","0","1","2","https://x.com/undefined/status/1080251893924933632","2384124816",
"1080132568719122432","Tue Jan 01 23:58:16 +0000 2019","0","@EAndesla @prabowo @datuakmangkuto @hendriabidin2 @don_rahmad Oo ini yg kamu sebut pesta wine pahami narasi nya bong!!! https://t.co/xho3bq8V1y","1080251893773852673","","EAndesla","in","","0","0","0","https://x.com/undefined/status/1080251893773852673","485659468",
"1080251841105936384","Tue Jan 01 23:58:03 +0000 2019","1","Capres ko pesimis trus..tdk ada rasa optimis thd negaranya..","1080251841105936384","","","in","","0","0","0","https://x.com/undefined/status/1080251841105936384","973952610997698560",
"1080251816456085504","Tue Jan 01 23:57:57 +0000 2019","0","@jokowi pagi pak Jokowi ...saya mau tanya kapan keluar dana bos untuk SD ...kalau bisa dinaikan dananya untuk anak SD..trimakasih","1080251816456085504","","jokowi","in","","0","0","0","https://x.com/undefined/status/1080251816456085504","1060910980916334594",
"1080251813108969474","Tue Jan 01 23:57:57 +0000 2019","0","Tol bocimi seksi 1 sepanjang 15 35 kilometer diresmikan @Jokowi https://t.co/D13N1iYfRN #JokowiHarapanPasti","1080251813108969474","","","in","","0","0","0","https://x.com/undefined/status/1080251813108969474","3045831272",
"1079692214295384064","Tue Jan 01 23:57:54 +0000 2019","0","@bajigurceleng @Cak_Bram @angkusanang @saididu @jokowi @LisaAmartaTara Jembatan ambrol yg mana.... Kalo yg bukan buatan Jokowi jangan dong yg fair..... Yg di padang hahahahaha","1080251803214569473","","bajigurceleng","in","","0","0","0","https://x.com/undefined/status/1080251803214569473","1035023642919223296",
"1080231522681028609","Tue Jan 01 23:57:53 +0000 2019","0","@TitacantikTr @makLambeTurah @jokowi Semoga jadi inspirasi kita semua","1080251800001732608","","TitacantikTr","in","","0","0","0","https://x.com/undefined/status/1080251800001732608","1056895442758168576",
"1079584864167329798","Tue Jan 01 23:57:51 +0000 2019","0","@AnnaSuezann Prabowo apa tuhan gk prnh bhong lu itu trlalu bodohhh kena doktrin sesat yaaaa","1080251791529263104","","AnnaSuezann","in","","0","0","0","https://x.com/undefined/status/1080251791529263104","954468532472856576",
"1079906467082203136","Tue Jan 01 23:57:46 +0000 2019","0","@Tettong2 @jokowi Insyaalloh mas e smg orang baik yg akan memimpin negri ini kita bukan mencari pemimpin yg sempurna tp mencegah yg terburuk yg berkuasa aamiin","1080251769752416256","","Tettong2","in","","0","1","0","https://x.com/undefined/status/1080251769752416256","1023888511718445056",
"1080107844727394304","Tue Jan 01 23:57:44 +0000 2019","0","@detikcom Alhamdulillah... Semoga cita2 yang Mulya Bapak Prabowo-Sandi terwujud dipilpres 2019 #PrabowoSandi pemenangnya... NKRI adil dan makmur bakal terwujud damai tanpa kebohongan dan fitnah.","1080251760281698304","","detikcom","in","","0","0","0","https://x.com/undefined/status/1080251760281698304","605066153",
"1079956453195079680","Tue Jan 01 23:57:34 +0000 2019","0","@zgt1980 @SukmarasaHarri @yusuf_dumdum @FirzaHussein @prabowo ","1080251720301572096","","zgt1980","qme","","0","0","0","https://x.com/undefined/status/1080251720301572096","739444538750570496",
"1080074159772717056","Tue Jan 01 23:57:33 +0000 2019","3","@utunidang @habibthink @prabowo @kpcdi @ginjalKITA @KemenkesRI @rscm_official @ObatGinjal Tetap semangat ya pak dan semoga tetap sehat. Biarkan yang ngawur itu ketemu jalur hukum.","1080251712760205312","","utunidang","in","","0","0","0","https://x.com/undefined/status/1080251712760205312","947704081",
"1080238854416752640","Tue Jan 01 23:57:31 +0000 2019","2","@RajaPurwa @prabowo @sandiuno Sulit mas coba sesekali Sandiaga ke jepara banyak yg nganggap FPI itu radikal habib Rizieq itu ulama jadi-jadian itu aku dengar dari teman2ku tetanggaku","1080251706485616640","","RajaPurwa","in","","0","0","1","https://x.com/undefined/status/1080251706485616640","1073683043259305984",
"1080251690140368896","Tue Jan 01 23:57:27 +0000 2019","0","Ngakak ditanya Presiden Jokowi cita-cita Anak SD ini tak terduga (cita-cita anak zaman sekarang) https://t.co/RKv8x4tgXg","1080251690140368896","","","in","","0","0","0","https://x.com/undefined/status/1080251690140368896","1161532892",
"1080251683211423744","Tue Jan 01 23:57:26 +0000 2019","0","Potensi2 yang ada @Jokowi meminta memberikan pertumbuhan percepatan dalam sistem perekonomian. #JokowiHarapanPasti","1080251683211423744","","","in","","0","0","1","https://x.com/undefined/status/1080251683211423744","3045831272",
"1079914654355189760","Tue Jan 01 23:57:24 +0000 2019","0","@SBYudhoyono Prabowo yess ..RI 1.","1080251676718641152","","SBYudhoyono","en","","0","0","0","https://x.com/undefined/status/1080251676718641152","1056797536097206272",
"1080251664295231490","Tue Jan 01 23:57:21 +0000 2019","0","Pemimpin yg berani BUBARKAN PETRAL ya cuma Bpk presiden Jokowi . . Setelah #Jokowi Berani Bubarkan Petral Respon Warga Bikin Merinding. Gokil Banget New Inspiration81.479x ditonton Like https://t.co/Fgv2C1UrAr","1080251664295231490","","","in","","0","0","0","https://x.com/undefined/status/1080251664295231490","576287136",
"1080251654522322945","Tue Jan 01 23:57:19 +0000 2019","0","@kebonlada intinya kau mau hantam dari berbagai sudut tetap aja tdk mempan karena memang secara keseluruhan Prabowo lebih baik dari Jokowi. jadi kalo ada yang baik kenapa harus pilih yg tidak/ kurang baik...banyak bohong itu lho yg menyakitkan....aduuuh..tatit.","1080251654522322945","","","in","","0","0","0","https://x.com/undefined/status/1080251654522322945","997839430516752386",
"1080251642656763906","Tue Jan 01 23:57:16 +0000 2019","0","I added a video to a @YouTube playlist https://t.co/44K2dCzCx9 PERJUANGKAN PRABOWO","1080251642656763906","","","en","","0","0","0","https://x.com/undefined/status/1080251642656763906","719576507148935168",
"1080251639443800064","Tue Jan 01 23:57:15 +0000 2019","0","Giliran tau pak prabowo jawab tantangan ngaji dan pinter bahasa arabnya langsung ciut gan https://t.co/NMjzdpMBQT","1080251639443800064","","","in","","0","0","0","https://x.com/undefined/status/1080251639443800064","96414035",
"1075659139315953666","Tue Jan 01 23:57:09 +0000 2019","0","@jokowi Pak jokowi... lupakan P. MADURA tapi jangan lupa p.Masalembu pak sbb 80% rakyat masembu menyukong napak..tolong segerakan penerbangan ke masalembu pak.","1080251612646432768","","jokowi","in","","0","0","0","https://x.com/undefined/status/1080251612646432768","1075911220870270976",
"1077140955826860033","Tue Jan 01 23:57:08 +0000 2019","0","@permadiaktivis @AAriiyo90 @prabowo Jangan di tangepin org kayak gini mau cari pangung dia klau kata org kni MPO ( Mencari Perhatian Orang) klau gk kita tangapi kayak apa hidupnya biar aja angap aja dia manusia paling???? Ya bisa aja kalian fikir ya ini manusia apa jadi dia malu gk sama hidup","1080251608196210688","","permadiaktivis","in","","0","0","0","https://x.com/undefined/status/1080251608196210688","1069527570066984961",
"1080251546946932736","Tue Jan 01 23:56:53 +0000 2019","0","Berbeda Dengan Jokowi Sandiaga Uno Mengaku Bangun Poyek Tol Cikampek-Palimanan Tanpa Utang https://t.co/QkXmzotogL https://t.co/KugP2yTaOa","1080251546946932736","https://pbs.twimg.com/media/Dv3TDpgV4AEYrfe.jpg","","in","","0","0","0","https://x.com/undefined/status/1080251546946932736","1008163752917626880",
"1079275004087349250","Tue Jan 01 23:56:52 +0000 2019","0","@ustadtengkuzul Harusnya tu CAPRES harus tau jaga sikap ingatkan bahwa beliau capres hasil IJTIMAK ULAMA. Jangan buat capek membela aja","1080251542630936576","","ustadtengkuzul","in","","0","0","0","https://x.com/undefined/status/1080251542630936576","1060414000440045568",
"1080120249259679746","Tue Jan 01 23:56:51 +0000 2019","2","@handoko_bp82 @juanmahrez75 @stevanihuangg @fabian_shakti @jokowi silahkan segera bangkit wahai komunis najis kami siap melibas existensi kalian.. ","1080251536796672000","","","in","","0","0","0","https://x.com/undefined/status/1080251536796672000","139694390",
"1080251512759246849","Tue Jan 01 23:56:45 +0000 2019","0","Penerimaan Capai Target Ini PR-PR yang Harus Dituntaskan Rezim Jokowi https://t.co/mNpBniva70 https://t.co/UwyeFzEt7H","1080251512759246849","https://pbs.twimg.com/media/Dv3TBp7VsAAwtG1.jpg","","in","","0","0","0","https://x.com/undefined/status/1080251512759246849","846715204637376513",
"1080070763560878080","Tue Jan 01 23:56:41 +0000 2019","1","@duhmnas3 @Surgabidadari3 @Astuty64 @MichelaniaAdam @aniesbaswedan @haikal_hassan @prabowo Dalam hatinya ini bapaknya mungkin HTI.","1080251495080030208","","duhmnas3","in","","0","1","0","https://x.com/undefined/status/1080251495080030208","887888647327850496",
"1080130500193181696","Tue Jan 01 23:56:35 +0000 2019","0","@Ferdinand_Haean Lanjutkan om @Ferdinand_Haean pancing terus hujatan-hujatan saya makin senang biar JOKOWI mudah melenggang di 2 PERIODENYA.","1080251470895706112","","Ferdinand_Haean","in","","0","0","0","https://x.com/undefined/status/1080251470895706112","985374978194337792",
"1080206071069896704","Tue Jan 01 23:56:34 +0000 2019","0","@detikcom @kumparan @sewordcom @nu_online @nahdlatululama @Banser_CyberNU @ansor_jatim @GPAnsor_Satu @MusliModerat @yusuf_dumdum @tvOneNews @mediaindonesia @faizalassegaf @ruhutsitompul @fadjroeL @jokowi @na_dirs @makLambeTurah https://t.co/jU23F7izko","1080251465002758144","https://pbs.twimg.com/ext_tw_video_thumb/1080251345993519104/pu/img/2_9cPQgD0utma6I-.jpg","BerlandGroup","qme","","0","0","0","https://x.com/undefined/status/1080251465002758144","3151954471",
"1080251460875501568","Tue Jan 01 23:56:33 +0000 2019","0","Ada 3 kelebihan Jokowi soal kinerja dan track record. Pertama Jokowi dan keluarganya bersih..Kedua Jokowi sosok yang tegas. Ketiga Jokowi disebut sosok yang sangat sangat responsif terhadap masukan. Ini yang membuat kita salut dan angkat tangan","1080251460875501568","","","in","","0","0","0","https://x.com/undefined/status/1080251460875501568","1008511434735538176",
"1080251458006659072","Tue Jan 01 23:56:32 +0000 2019","0","Pa Prabowo siap siap cuci piring pestanya Genderuwo ","1080251458006659072","","","in","","0","0","0","https://x.com/undefined/status/1080251458006659072","979580653351051264",
"1079992787712368640","Tue Jan 01 23:56:24 +0000 2019","0","@dulatips @prabowo Ini benar masif. 365hari pertama presiden skrg mgk bs terseret perkara rasuah.","1080251424250900480","","farahmagz","in","","0","0","0","https://x.com/undefined/status/1080251424250900480","213207974",
"1079447802550222848","Tue Jan 01 23:56:20 +0000 2019","0","@RenataSyarif @KoRnHurry @FaGtng @Next_J2P @Ze_sukma @_ANDRE_OCTA_ @HodlandHutapea @besmartyk @EliasAdi79 @EksaYovie @nemosyus @Antri_Mati @CeciliaSuwanda1 @zoelfick @jokowi @basuki_btp @TheArieAir @Takviri @joxzin_jogja @Nanaa_rosaa @prabowo @Humas_MKRI @04Nakula @mohmahfudmd Ya kudu di amprokin....(ditemuin) biar gak kebangetan songong akun2 bodong gt kudu di ratakan...Ya Rabb bener2 sampah mereka Astaghfirullah","1080251410174828546","","RenataSyarif","in","","0","0","0","https://x.com/undefined/status/1080251410174828546","4846623680",
"1079906467082203136","Tue Jan 01 23:56:20 +0000 2019","0","@jokowi Narasi yg itu2 aja jok.. gk ada yg lain ya???","1080251409017106433","","jokowi","in","","0","0","0","https://x.com/undefined/status/1080251409017106433","1037783363946307584",
"1080110699018313729","Tue Jan 01 23:56:19 +0000 2019","0","@Wildan74861314 @P3nj3l4j4h @kumparan @sewordcom @nu_online @nahdlatululama @Banser_CyberNU @ansor_jatim @GPAnsor_Satu @MusliModerat @yusuf_dumdum @tvOneNews @mediaindonesia @faizalassegaf @ruhutsitompul @fadjroeL @jokowi @na_dirs @makLambeTurah Sampean waras cung?","1080251403845529600","","Wildan74861314","in","","0","0","0","https://x.com/undefined/status/1080251403845529600","3151954471",
"1079646074086682625","Tue Jan 01 23:56:08 +0000 2019","2","@PriyoBudiS Kerennn...sangat cocok menjadi Menteri Pertahanan atau menteri Luar Negeri semoga menjadi perhatian pak @jokowi","1080251359759200258","","PriyoBudiS","in","","0","0","0","https://x.com/undefined/status/1080251359759200258","318423107",
"1079972041246162944","Tue Jan 01 23:56:06 +0000 2019","0","@jokowi Bravo pak Dhe.. optimis adlah kunci keberhasilan","1080251350724706304","","jokowi","in","","0","0","0","https://x.com/undefined/status/1080251350724706304","1060320088224497665",
"1080087110105804800","Tue Jan 01 23:56:00 +0000 2019","0","@ZAEffendy 2014 prabowo nyungsep di sujud syukur abal2!! ","1080251324837457920","","ZAEffendy","in","","0","0","0","https://x.com/undefined/status/1080251324837457920","81058880",
"1079701758614462465","Tue Jan 01 23:55:57 +0000 2019","0","@Imamieerde @yusuf_dumdum @prabowo @MardaniAliSera @wiranto1947 @KomnasHAM Sekalian aja tanya mbak @TitiekSoeharto bener gak kata @Imamieerde ?? Kalau tersangka penculik kenapa lolos jadi capres 2014 https://t.co/zsOmaZQinD","1080251310102896640","https://pbs.twimg.com/media/Dv3S0_mUUAA4Eqo.jpg","sunarto_sunardi","in","","0","1","0","https://x.com/undefined/status/1080251310102896640","910860088973303808",
"1080074159772717056","Tue Jan 01 23:55:55 +0000 2019","0","@habibthink Semoga pak Prabowo berkata benar tapi kalau pernyataan pak Prabowo ternyata tidak sesuai fakta dilapangan maka harus dipertanggung jawabkan di depan hukum karena RSCM yang beliau sebut milik bangsa Indonesia dan ini sama dengan penghinaan.","1080251303731781632","","habibthink","in","","0","0","0","https://x.com/undefined/status/1080251303731781632","947704081",
"1080251295565398016","Tue Jan 01 23:55:53 +0000 2019","0","Akhirnya @Jokowi resmikan Tol Bocimi. Pada tanggal 1 Desember 2018. #JokowiHarapanPasti","1080251295565398016","","","in","","0","0","1","https://x.com/undefined/status/1080251295565398016","3045831272",
"1080251253932777472","Tue Jan 01 23:55:43 +0000 2019","0","Ada Apa? Cewek Indigo Ini Ketakutan Lihat Ramalan 2019 Indonesia Bagaimana Pilpres dan Pemilu https://t.co/YhyJJxvwz6","1080251253932777472","","","in","","0","0","0","https://x.com/undefined/status/1080251253932777472","80885324",
"1078812269490782209","Tue Jan 01 23:55:33 +0000 2019","0","@marierteman @jokowi @setkabgoid @KSPgoid Pejabatnya seneng kalau Indonesia kenak bencana... Siap siap kantong pol","1080251212522348545","","marierteman","in","","0","0","0","https://x.com/undefined/status/1080251212522348545","870839847753097216",
"1080251202271494144","Tue Jan 01 23:55:31 +0000 2019","1","Hadirnya MNC LAND di lido memberikan pertumbuhan perekonomian masyarakat setempat dan mengembangkan potensi2 dalam kreatif UKM. Terima kasih Pa @Jokowi. #JokowiHarapanPasti","1080251202271494144","","","in","","0","0","2","https://x.com/undefined/status/1080251202271494144","3045831272",
"1080237562860429313","Tue Jan 01 23:55:28 +0000 2019","1","@ridlwandjogja Ya udah timsesnya aja yang di test baca Quran. Saya usulkan @Dahnilanzar yang maju dari kubu @prabowo Kalau perlu dari Jokowi majukan @GPAnsor_Satu","1080251189172695040","","ridlwandjogja","in","","0","0","0","https://x.com/undefined/status/1080251189172695040","15870933",
"1080077179562582017","Tue Jan 01 23:55:27 +0000 2019","0","@IpungLombok @Maulana_Tigor @utuntauk @AlfariRudi @acoxduko @BasukiAyu @AsFairus @jacks_quevara @HanNew8 @TrisnaKSasmita @Rusydi_riau @abiyyu231299 @Teh_telor78 @PutraErlangga__ @Nabilla_001 @yu_n4n4 @HotPepperminTea @Silvy_riau @MichelaniaAdam @kangsemproel @_argentalya @panca66 @fadlizon @MardaniAliSera @AkunTofa @Gerindra @Gemacan70 @Dody_Lukas___ @PEPESOfficial @Ferdinand_Haean @LisaAmartaTara @maspiyuuu @JackVardan @harysantana @hailthedon @NoBody_0602 @HajrahDouboegis @MSApunya @rifanikunafir @d_LoNeLiNess @laskar_minang @aitariai @dektampu @sindusindoro @ar13zk4 @individumerd @prabowo @sandiuno #rabuprabowouno","1080251184579932162","","IpungLombok","qme","","0","0","0","https://x.com/undefined/status/1080251184579932162","1047629004247785472",
"1080251164631945217","Tue Jan 01 23:55:22 +0000 2019","0","Rayakan Ganti Tahun Prabowo Undang Anak Yatim Doa Bersama https://t.co/mTEwRwzeSL","1080251164631945217","","","in","","0","0","0","https://x.com/undefined/status/1080251164631945217","39435481",
"1080251163096817665","Tue Jan 01 23:55:22 +0000 2019","0","Heboh Polisi Robek Buku Tamu Relawan Prabowo-Sandi di NTB VIVA https://t.co/gILAf0uk8d","1080251163096817665","","","in","","0","0","0","https://x.com/undefined/status/1080251163096817665","962333866953355278",
"1079906467082203136","Tue Jan 01 23:55:21 +0000 2019","0","@jokowi Selamat Tahun Baru pak presiden","1080251161226010624","","jokowi","in","","0","0","0","https://x.com/undefined/status/1080251161226010624","1045308676351770629",
"1080238854416752640","Tue Jan 01 23:55:19 +0000 2019","15","@RajaPurwa @prabowo @sandiuno Pengamat dungu Sya&amp;keluarga besar di cilacap utk #2019PrabowoSandi ️🇮🇩🇮🇩🇮🇩 #2019_harus_Ganti_PRESIDEN","1080251150534754304","","RajaPurwa","in","","0","0","0","https://x.com/undefined/status/1080251150534754304","1036470667145662464",
"1080251102866460672","Tue Jan 01 23:55:07 +0000 2019","0","Indonesia bisa2 jadi target serbuan juga kelak!!! diserbu Cina!!!! Ayo perkuat kedaulatan Negara kita bersama Prabowo-Sandi!!!! #2019GantiPresiden #Pilih02PrabowoSandi #Cukup01Periode #2019TetapAntiPKI #2019TakutDiganti","1080251102866460672","","","in","","0","0","0","https://x.com/undefined/status/1080251102866460672","885372984919072769",
"1080232813071192069","Tue Jan 01 23:55:06 +0000 2019","0","@askos88 I need coffee selamat beraktifitas semua semangat terus. Optimis optimis optimis kata pak @jokowi #01TerbuktiKerja #01IndonesiaMaju https://t.co/auWUZbw71V","1080251097074167809","https://pbs.twimg.com/tweet_video_thumb/Dv3So9uU0AAhdqj.jpg","","in","","0","0","0","https://x.com/undefined/status/1080251097074167809","1107620514",
"1080251085657272321","Tue Jan 01 23:55:03 +0000 2019","1","#Jokowi minta masyarakat damai dalam keberagaman https://t.co/32j5oroANK","1080251085657272321","","","in","","1","0","4","https://x.com/undefined/status/1080251085657272321","1019393494152953856",
"1080251047812177921","Tue Jan 01 23:54:54 +0000 2019","0","Kubu Prabowo-Sandi Ingin Pecahkan Mitos Jateng Kandang PDIP https://t.co/MqXWhAC6cv","1080251047812177921","","","in","","0","0","0","https://x.com/undefined/status/1080251047812177921","962333866953355278",
"1080111877470838784","Tue Jan 01 23:54:53 +0000 2019","0","@rizal30531068 @kangdede78 @prabowo @sandiuno @karniilyas @karniilyas rang padang lah pasti wowo. ambo tatap @JokowiMinang @datuakmangkuto https://t.co/S41OPT2Q3C","1080251042791546880","https://pbs.twimg.com/media/Dv3SmN8VAAA1MaT.jpg","rizal30531068","in","","0","0","0","https://x.com/undefined/status/1080251042791546880","1029249241670021120",
"1080237230638022657","Tue Jan 01 23:54:48 +0000 2019","5","@TirtoID Untuk pertama kali dalam sejarah pemilu Partai Golkar akan terlempar dari posisi 3 besar. Salah satu faktor nya karena hadirnya partai berkarya ","1080251020385480704","","TirtoID","in","","0","1","2","https://x.com/undefined/status/1080251020385480704","771460293566140416",
"1080121502098309120","Tue Jan 01 23:54:47 +0000 2019","0","@faizalassegaf Ada api pasti ada asap.. Tidak mungkin pak prabowo mengatakan.begitu kalau tidak ada masalah...sebaiknya apa yg disampaikan pak prabowo yg ditolak mentah mentahlah bagaimana kalau ini benar...","1080251019408269312","","faizalassegaf","in","","0","1","0","https://x.com/undefined/status/1080251019408269312","954400748237828097",
"1079659000608612352","Tue Jan 01 23:54:45 +0000 2019","0","@25VPS25 @Fahrihamzah @prabowo @AnnaSuezann justru jagonya pak kalau sandiwara wkt konpers penganiayaan sarumpaet saja bs menggebu2 bohongnya","1080251007991349248","","","in","","0","0","0","https://x.com/undefined/status/1080251007991349248","3277127496",
"1080039008581738496","Tue Jan 01 23:54:40 +0000 2019","0","@fadlizon @jokowi Presiden Jokowi lebih hebat...kwkwkw","1080250988085178368","","fadlizon","in","","0","0","0","https://x.com/undefined/status/1080250988085178368","4893253992",
"1079956453195079680","Tue Jan 01 23:54:36 +0000 2019","0","@yusuf_dumdum Jiwa militer bapak prabowo selalu lekat pada dirinya sehat selalu jendralku rakyat selalu mendoakanmu semoga yg kuasa mengijinkanmu untuk memimpin negeri ini aamiin yra","1080250973589692416","","yusuf_dumdum","in","","0","0","0","https://x.com/undefined/status/1080250973589692416","2229151244",
"1080071748794470402","Tue Jan 01 23:54:26 +0000 2019","0","@fadlizon Ya yang menunjukkan Prabowo-Sandi menang cuma lembaga survei internalmu!!! Ha ha","1080250929935335425","","fadlizon","in","","0","0","0","https://x.com/undefined/status/1080250929935335425","443318072",
"1080250904803127297","Tue Jan 01 23:54:20 +0000 2019","0","#17AprilPrabowoPresiden #17AprilPrabowoSandi Masuk TT ke 2 .. sip Lanjutkan kawan @prabowo @sandiuno @maspiyuuu @marierteman @AkunTofa @RanupsProSandi @republikaonline @ekagumilars @nephilaxmus @geloraco https://t.co/uCkYrBb8si","1080250904803127297","https://pbs.twimg.com/media/Dv3SdfjVYAAvV4d.jpg","","in","","0","0","0","https://x.com/undefined/status/1080250904803127297","278273430",
"1080250899048452096","Tue Jan 01 23:54:19 +0000 2019","0","Visi misi capres wapres wajib para calonnya yg mempresentasikannya . Bukan tim sukses ataupun orang yang ditunjuk menggantikannya kita pingin tau kwalitas calon pemimpin kita .","1080250899048452096","","","in","","0","0","0","https://x.com/undefined/status/1080250899048452096","902714104883716096",
"1080071748794470402","Tue Jan 01 23:54:13 +0000 2019","1","@fadlizon DKI Kalian menang karena fitnah isu agama jangan permainkan agama skrng kalian pun diuji coba seperti apa capres ijtima ulma beragama dari mulai hulai warokatu diuji gk berani jadi imam sholat gk berani baca alquran wudhu celup2 skrng mingkem lw.","1080250875321307136","","fadlizon","in","","0","0","0","https://x.com/undefined/status/1080250875321307136","358017637",
"1079617859720892416","Tue Jan 01 23:54:09 +0000 2019","0","@jokowi Mantap pak jokowi","1080250857394827264","","jokowi","in","","0","0","0","https://x.com/undefined/status/1080250857394827264","1074332368482140161",
"1080104871603257346","Tue Jan 01 23:54:06 +0000 2019","0","@masinusina Model beragama kaum sebelah memang begitu......selalu berubah2 terkesan tidak konsisten semoga Allah menjaga negeri ini dan pak jokowi diberi kekuatan utk bersabar dan ikhlas dalam menjalankan pemerintahan.","1080250846472880128","","masinusina","in","","0","0","0","https://x.com/undefined/status/1080250846472880128","4846623680",
"1080250844476370944","Tue Jan 01 23:54:06 +0000 2019","0","Trans Jawa sdh rampung 90% Tol Surabaya-Malang sebentar lagi akan Rampung.. Rezim ini adalah Rezim Infrastruktur.. kata siapa Infrastruktur itu tdk penting? Kalkulasi: Perekonomian suatu Negara bisa berkembang pesat apabila ditopang dgn Infrastruktur yg memadai.. @jokowi 01","1080250844476370944","","","in","","0","0","0","https://x.com/undefined/status/1080250844476370944","3408965892",
"1079932078127427584","Tue Jan 01 23:53:58 +0000 2019","0","@marierteman @jokowi @Pak_JK @PolhukamRI @DivHumas_Polri @FaktaTNIPOLRI Insya Allah semoga kelak pak PS Menang setelah dilantik mereka di pecat dan jangan sampai ada yg lupa siapa nama mereka itu (dicatat).","1080250810980696064","","marierteman","in","","0","0","0","https://x.com/undefined/status/1080250810980696064","942940779705540608",
"1079547115221573633","Tue Jan 01 23:53:54 +0000 2019","0","@koeswantoronto @angga_listio @NoPlace4Kacung Emang prabowo yg salah?","1080250797152100352","","koeswantoronto","in","","0","0","0","https://x.com/undefined/status/1080250797152100352","167825022",
"1080250758363197440","Tue Jan 01 23:53:45 +0000 2019","0","Dengan kepeminpinan @Jokowi untuk Tol Bocimi diresmikan kurang dari 2 tahun dalam pemabangunan sudah dirasakan oleh masyarakat Bogor sukabumi serta dari luar daerah. #JokowiHarapanPasti","1080250758363197440","","","in","","0","0","0","https://x.com/undefined/status/1080250758363197440","3045831272",
"1080250753246126080","Tue Jan 01 23:53:44 +0000 2019","1","#Jokowi sumber daya alam tak jamin kesejahteraan Bangsa https://t.co/vmypNSeC0a","1080250753246126080","","","in","","1","0","3","https://x.com/undefined/status/1080250753246126080","1019393494152953856",
"1080039008581738496","Tue Jan 01 23:53:11 +0000 2019","2","@fadlizon @jokowi 2019 masih tetap Pak.Jokowi Presidennya","1080250614875971584","","fadlizon","in","","0","0","0","https://x.com/undefined/status/1080250614875971584","4893253992",
"1080124525813985281","Tue Jan 01 23:53:03 +0000 2019","5","@TeriakanAnak @RestyCayah @jokowi @prabowo Jaman Mega lebih keren pake arsenik dan gak pake karung di pesawat lagi ","1080250581283889155","","TeriakanAnak","in","","0","1","0","https://x.com/undefined/status/1080250581283889155","540819652",
"1079596930118836225","Tue Jan 01 23:53:02 +0000 2019","0","@emerson_yuntho @Dahnilanzar @prabowo Pas mundur dari PNS. Gak hambur2kan uang rakyat","1080250578561785856","","emerson_yuntho","in","","0","0","0","https://x.com/undefined/status/1080250578561785856","2541716540",
"1080250573054607360","Tue Jan 01 23:53:01 +0000 2019","3","Survei IRI: Popularitas Jokowi Melesat Dibandingkan Prabowo . https://t.co/RHLrWWM1YP","1080250573054607360","","","in","","2","1","3","https://x.com/undefined/status/1080250573054607360","47274731",
"1080126855988965376","Tue Jan 01 23:52:56 +0000 2019","6","@KangEmeel @agungputra_LNG @Fahrihamzah @fadlizon @mohmahfudmd @saididu @Nurmantyo_Gatot Lah jokowi sndiri kan PKI makanya kepanasan","1080250551026180096","","KangGembok46","in","","0","1","0","https://x.com/undefined/status/1080250551026180096","1020779367620751361",
"1080058458752204800","Tue Jan 01 23:52:55 +0000 2019","0","@LisaAmartaTara @prabowo @sandiuno @fadlizon @Ferdinand_Haean @MbahUyok Nyesel.ntr lu bok...jago lu akn hbis dn.tumbang tkntrhormat","1080250547335090176","","LisaAmartaTara","in","","0","0","0","https://x.com/undefined/status/1080250547335090176","954468532472856576",
"1080250514221064192","Tue Jan 01 23:52:47 +0000 2019","0","Jokowi Mulai Ditinggal Massa Alasan SBY Yakin Prabowo Menang https://t.co/zC2rxwpX8n","1080250514221064192","","","in","","0","0","0","https://x.com/undefined/status/1080250514221064192","920333994",
"1080250504330960896","Tue Jan 01 23:52:44 +0000 2019","1","#Jokowi terus digempur isu kriminalisasi ulama https://t.co/Yze6B90Ghp","1080250504330960896","","","in","","1","0","3","https://x.com/undefined/status/1080250504330960896","1019393494152953856",
"1080077179562582017","Tue Jan 01 23:52:42 +0000 2019","0","@IpungLombok @utuntauk @AlfariRudi @acoxduko @BasukiAyu @AsFairus @jacks_quevara @HanNew8 @TrisnaKSasmita @Rusydi_riau @abiyyu231299 @Teh_telor78 @PutraErlangga__ @Nabilla_001 @yu_n4n4 @HotPepperminTea @Silvy_riau @MichelaniaAdam @kangsemproel @_argentalya @panca66 @fadlizon @MardaniAliSera @AkunTofa @Gerindra @Gemacan70 @Maulana_Tigor @Dody_Lukas___ @PEPESOfficial @Ferdinand_Haean @LisaAmartaTara @maspiyuuu @JackVardan @harysantana @hailthedon @NoBody_0602 @HajrahDouboegis @MSApunya @rifanikunafir @d_LoNeLiNess @laskar_minang @aitariai @dektampu @sindusindoro @ar13zk4 @individumerd @prabowo @sandiuno Saksi kok ditutup mukanya blo'on amat nih orang","1080250492695920640","","IpungLombok","in","","0","0","0","https://x.com/undefined/status/1080250492695920640","1074287921228705792",
"1079791627512606725","Tue Jan 01 23:52:37 +0000 2019","0","@prabowo @maspiyuuu Tahun Baru Presiden Baru dan Era Baru Adil dan Makmur.....#tolak yang lama dan KW","1080250471586062337","","prabowo","in","","0","0","0","https://x.com/undefined/status/1080250471586062337","998844798764105728",
"1080130500193181696","Tue Jan 01 23:52:32 +0000 2019","0","@Ferdinand_Haean Sepertinyq Jokowi mau ternak Kodok di LP","1080250452942307330","","Ferdinand_Haean","in","","0","0","0","https://x.com/undefined/status/1080250452942307330","701309748050685952",
"1080250431245144064","Tue Jan 01 23:52:27 +0000 2019","0","harga sawit getah karet..ikut jatuh makanya jokowi anjurken tanem jengkol pete..","1080250431245144064","","","in","","0","0","0","https://x.com/undefined/status/1080250431245144064","2688812654",
"1080137207338287104","Tue Jan 01 23:52:22 +0000 2019","3","@CiaGrace1 @Kaliwiru @kaesangp @jokowi serius amat mbak kayak mau dilamar","1080250412018458625","","CiaGrace1","in","","0","2","0","https://x.com/undefined/status/1080250412018458625","2483139925",
"1079915331429195777","Tue Jan 01 23:52:20 +0000 2019","0","@SBYudhoyono asas pemilu JURDIL kayaknya sudah mulai pudar pak..","1080250400869998593","","SBYudhoyono","in","","0","0","0","https://x.com/undefined/status/1080250400869998593","1052378030398615552",
"1080238854416752640","Tue Jan 01 23:52:19 +0000 2019","1","@RajaPurwa @prabowo @sandiuno Jateng kalah..JokMa serasa disamber geledek..","1080250396369551360","","RajaPurwa","in","","0","0","0","https://x.com/undefined/status/1080250396369551360","101113493",
"1079550022306263040","Tue Jan 01 23:52:18 +0000 2019","1","@zulfahmicoen @mandhoeng80 @ianoktalian @jokowi lhoohh... kan yg bilang pertamina merugi sampean pak gimana sih....kan yg saya katakan kalo pertamina gamau rugi lagi maka blok migas itu hrs di kuasai indonesia melalui pertamina.","1080250392946962432","","","in","","0","0","0","https://x.com/undefined/status/1080250392946962432","962645401248518145",
"1080250388907999233","Tue Jan 01 23:52:17 +0000 2019","6","Kereen konsep Arus Baru Ekonomi disepakati Cawapres Ma'ruf Amin melalui Koperasi pesantren yg digagas oleh Lily-Gusdur.🇮🇩 @yennywahid @jokowi @semiaji_w @herilatief @faisolRI @Kadir_Karding @Y_Radianto #JokowiHarapanPasti Untuk #01IndonesiaMaju https://t.co/wg8OPrIZqK","1080250388907999233","","","in","","0","0","2","https://x.com/undefined/status/1080250388907999233","2449850334",
"1080250340870475776","Tue Jan 01 23:52:06 +0000 2019","0","Terimaksih pk jokowi","1080250340870475776","","","in","","0","0","0","https://x.com/undefined/status/1080250340870475776","1069614928946900992",
"1079945111587278849","Tue Jan 01 23:52:03 +0000 2019","0","@SiswantiYeni @makLambeTurah @jokowi Pake sarung kaos oblong sandal jepit ","1080250330049261568","","SiswantiYeni","tl","","0","0","0","https://x.com/undefined/status/1080250330049261568","979580653351051264",
"1080110699018313729","Tue Jan 01 23:51:59 +0000 2019","1","@P3nj3l4j4h @kumparan @sewordcom @nu_online @nahdlatululama @Banser_CyberNU @ansor_jatim @GPAnsor_Satu @MusliModerat @yusuf_dumdum @tvOneNews @mediaindonesia @faizalassegaf @ruhutsitompul @fadjroeL @jokowi @na_dirs @makLambeTurah https://t.co/RJI7u3r5kC","1080250312496013312","https://pbs.twimg.com/ext_tw_video_thumb/1080250074125357059/pu/img/TjjrFAu_QVhe5Wlp.jpg","BerlandGroup","qme","","0","0","0","https://x.com/undefined/status/1080250312496013312","3151954471",
"1080250302102675458","Tue Jan 01 23:51:56 +0000 2019","0","Polres Katingan Lakukan Pengamanan Kantor KPUD Banwaslu dan Gudang Logistik Pemilu https://t.co/WcscQWd373 https://t.co/Qv6C0n47Ku","1080250302102675458","https://pbs.twimg.com/media/Dv3R7L-UwAEunfy.jpg","","in","","0","0","0","https://x.com/undefined/status/1080250302102675458","4170118518",
"1079918487223468033","Tue Jan 01 23:51:55 +0000 2019","2","@SBYudhoyono Ah bapak ini hasut mulu baliho rusak Jokowi yg sebut sebut! Anda pensiun saja ! Main Twitter bikin hasutan dosa! Mending pensiun!","1080250298013179904","","SBYudhoyono","in","","0","0","0","https://x.com/undefined/status/1080250298013179904","724363835742654464",
"1080250287665758208","Tue Jan 01 23:51:53 +0000 2019","2","Penerimaan Capai Target Ini PR-PR yang Harus Dituntaskan Rezim Jokowi https://t.co/XKlOBV9Wd8","1080250287665758208","","","in","","0","0","0","https://x.com/undefined/status/1080250287665758208","2392460208",
"1079791627512606725","Tue Jan 01 23:51:53 +0000 2019","0","@charlestulis @prabowo @maspiyuuu https://t.co/2HoRYZcg6c","1080250286684352512","https://pbs.twimg.com/media/Dv3RztZUcAAmeb2.jpg","charlestulis","qme","","0","0","0","https://x.com/undefined/status/1080250286684352512","2589464034",
"1079917343935877120","Tue Jan 01 23:51:43 +0000 2019","0","@SBYudhoyono GAK USAH DI OMONG KALAU PRODUKSI MELIMPAH....PAK JOKOWI MEMIMPINEBIH BIJAK UTK MENGATUR SEGALANYA BUKTI BARU 4 TAHUN PEMBANGUNAN NYATA KELIHATAN SAMPAI KE DESA2 HARGA2 TDK MELONJAK KARENA MAFIA2 DILIBAS ....","1080250247194935297","","SBYudhoyono","in","","0","0","0","https://x.com/undefined/status/1080250247194935297","3726386833",
"1080250242224742400","Tue Jan 01 23:51:42 +0000 2019","0","@jokowi Pak dikritik tuh sm sang capres.. dulu itu mah dulu.. ","1080250242224742400","","jokowi","in","","0","0","0","https://x.com/undefined/status/1080250242224742400","2881250154",
"1080247442543587330","Tue Jan 01 23:51:39 +0000 2019","0","@maspiyuuu Jokowi spt tdk bertuhan krn berani mengingkari janjinya kepada seluruh rakyat Indonesia.","1080250227691384832","","mas_piyuuu","in","","0","0","0","https://x.com/undefined/status/1080250227691384832","88644024",
"1080250212063408131","Tue Jan 01 23:51:35 +0000 2019","0","Yang udah punya pengalaman dan tentu bisa mengembangkan infrastruktur di daerah2 yaa @Jokowi. #JokowiHarapanPasti","1080250212063408131","","","in","","0","0","0","https://x.com/undefined/status/1080250212063408131","3045831272",
"1079972041246162944","Tue Jan 01 23:51:34 +0000 2019","0","@jokowi Katanya 2019 ganti presiden. Saya kaget pas bangun tidur presiden masih pak jokowi. Alhamdulillah 2019 optimis presidennya pak @jokowi ","1080250207114149888","","jokowi","in","","0","0","0","https://x.com/undefined/status/1080250207114149888","1048552601875181569",
"1079892269472178176","Tue Jan 01 23:51:33 +0000 2019","5","@mohmahfudmd Kata Prof. Mahfud itu mengutip ayat Alquran kok malah diplesetkan sesuai pikirannya masing-masing memang kata orang pendukung capres itu sama dgn orang jatuh cinta kalo cinta sudah melekat (maaf) kotoran sapi serasa cokelat gajah di pelupuk mata tak nampak","1080250202936602624","","mohmahfudmd","in","","0","1","0","https://x.com/undefined/status/1080250202936602624","1048792297880481792",
"1080250132212269056","Tue Jan 01 23:51:16 +0000 2019","0","Buat pemanasan debat capres gaes https://t.co/SamvVKVI88 https://t.co/SamvVKVI88","1080250132212269056","","","in","","0","0","0","https://x.com/undefined/status/1080250132212269056","16648275",
"1080020376346710016","Tue Jan 01 23:51:07 +0000 2019","1","@RizmaWidiono @meow_leader @MegaSimarmata @jokowi Gw pikir pasti ada sesuatu dg org ini knp ngga 'dipake' lg ngliput istana.. Shg begitu dendam bingits ma presiden.. Kena kasus apa ya kira2?!! Ada bnyk jurnalis cuma si marmata tok tetiba ngomel ala si sarumpret?!! Aneh... Hulaaii.....hulaii...","1080250095243714561","","RizmaWidiono","in","","0","0","0","https://x.com/undefined/status/1080250095243714561","1319515344",
"1080250091040993280","Tue Jan 01 23:51:06 +0000 2019","0","Dan ini sangat riskan terhadap perolehan suara Pk Jokowi dan AHOK adalah pelajaran paling berharga....","1080250091040993280","","","in","","0","0","0","https://x.com/undefined/status/1080250091040993280","387503902",
"1080203126026625024","Tue Jan 01 23:51:04 +0000 2019","2","@MohammadShaleh4 @Biawak_Buas @rocky_garing @V_Stone_Kardol @woelannnn @Y_Radianto @4Y4NKZ @Candraasmara85 @DimasPermana817 @pujangga1123 @P3nj3l4j4h @bangzul_1988 @jokowi Bukan ke jalan yg benar pak ke RSJ aja.","1080250083755515904","","MohammadShaleh4","in","","0","1","1","https://x.com/undefined/status/1080250083755515904","784216450479382528",
"1079447802550222848","Tue Jan 01 23:51:03 +0000 2019","1","@RenataSyarif @KoRnHurry @Next_J2P @FaGtng @Ze_sukma @_ANDRE_OCTA_ @HodlandHutapea @besmartyk @EliasAdi79 @EksaYovie @nemosyus @Antri_Mati @CeciliaSuwanda1 @zoelfick @jokowi @basuki_btp @TheArieAir @Takviri @joxzin_jogja @Nanaa_rosaa @prabowo @Humas_MKRI @04Nakula @mohmahfudmd Bahaya itu kudu di berantas....brengsek.....#kamibersamamu @RenataSyarif","1080250078953160706","","RenataSyarif","in","","0","0","0","https://x.com/undefined/status/1080250078953160706","4846623680",
"1079701758614462465","Tue Jan 01 23:51:03 +0000 2019","0","@Imamieerde @yusuf_dumdum @prabowo @MardaniAliSera @wiranto1947 Nah ada...ayo lapor dong mana @KomnasHAM ..nih ada korban","1080250078848212992","","Imamieerde","in","","0","1","0","https://x.com/undefined/status/1080250078848212992","910860088973303808",
"1079659000608612352","Tue Jan 01 23:51:00 +0000 2019","1","@AnnaSuezann @Fahrihamzah @prabowo muslim diajak ngaji kok ajakan konyol kecuali kafir diajak ngaji br konyol","1080250065686413312","","AnnaSuezann","in","","0","0","0","https://x.com/undefined/status/1080250065686413312","3277127496",
"1080250057033543680","Tue Jan 01 23:50:58 +0000 2019","1","Yang pasti2 aja lah pilih nya sekarang mah??? Tentu @Jokowi orangnya. #JokowiHarapanPasti","1080250057033543680","","","in","","0","0","1","https://x.com/undefined/status/1080250057033543680","3045831272",
"1079762052522987520","Tue Jan 01 23:50:54 +0000 2019","0","@saididu Katanya rezim pak jokowi Tol semarang tegal gratis ternyata hoax saya dari kendal -tegal bayar 32 ribu ternyata pencitraan u pilpres https://t.co/KynudC9IRo","1080250041141317632","https://pbs.twimg.com/media/Dv3Rq9YU8AE1Php.jpg","saididu","in","","0","0","0","https://x.com/undefined/status/1080250041141317632","2869060526",
"1080250034841575424","Tue Jan 01 23:50:53 +0000 2019","0","Maaf pak rizal utang atau tidak berutang negeri ini kita tetap bayar pajak bayar premi bpjs dll karena memang seperti itu negeri ini di bentuk. Seandainya pun bpk prabowo menang apakah otomatis kita bebas utang? Saya yakin tidak. Sebab tatanan ekonomi dunia seperti itu.","1080250034841575424","","","in","","0","0","0","https://x.com/undefined/status/1080250034841575424","107609991",
"1080250032153026560","Tue Jan 01 23:50:52 +0000 2019","0","tapi kalo menangkap org pro jokowi gmn?","1080250032153026560","","","in","","0","0","0","https://x.com/undefined/status/1080250032153026560","997839430516752386",
"1080250008388038656","Tue Jan 01 23:50:46 +0000 2019","0","Jokowi Ndak salah. Ia hanya menjalankan perintah.","1080250008388038656","","","in","","0","1","0","https://x.com/undefined/status/1080250008388038656","829043798",
"1080058458752204800","Tue Jan 01 23:50:44 +0000 2019","0","@Kitaoptimisme @LisaAmartaTara @prabowo @sandiuno @fadlizon @Ferdinand_Haean @MbahUyok Yg penting usaha bong! Hasil hak nya yg Maha Kuasa","1080250000326647808","","Gha_Ghiz","in","","0","0","0","https://x.com/undefined/status/1080250000326647808","447018436",
"461086852439482372","Tue Jan 01 23:50:42 +0000 2019","0","@RachlanNashidik Lalu sekarang sama saja anda menyuruh rakyat indonesia utk memilih prabowo supaya korban yg hilang ketemu &amp; yg mati bisa hidup kembali gitu? Dobol","1080249991594033152","","rachlannashidik","in","","0","0","0","https://x.com/undefined/status/1080249991594033152","1010870787618697216",
"1080157308133359616","Tue Jan 01 23:50:42 +0000 2019","0","@jansen_jsp @prabowo Biasa Mereka lupa jungannya jga pernah poco2 @jansen_jsp","1080249989819822080","","jansen_jsp","in","","0","0","0","https://x.com/undefined/status/1080249989819822080","989203174979321856",
"1080249972241690626","Tue Jan 01 23:50:38 +0000 2019","237","SBY bakal berlaga lebih awal memenangkan Prabowo-Sandi di Pilpres. SBY awalnya akan berkampanye Maret 2019 namun kini SBY bakal berkampanye mulai Januari 2019. https://t.co/Ql752NYmNP","1080249972241690626","","","in","","14","97","44","https://x.com/undefined/status/1080249972241690626","69183155",
"1080249962921832449","Tue Jan 01 23:50:35 +0000 2019","0","Best Nine Jokowi 2018 https://t.co/gviylbYdip","1080249962921832449","","","in","","0","0","0","https://x.com/undefined/status/1080249962921832449","517058533",
"1079543416361431040","Tue Jan 01 23:50:29 +0000 2019","0","@JackTheRock4 @rojalirozack @SiegerAnwalt @NurSyahbana9 @jokoedy6 Hadapi kenyataan yg sekarang dulu nanti kalo Jokowi menang lagi apa gk gila klean?","1080249934438256640","","JackTheRock4","in","","1","2","0","https://x.com/undefined/status/1080249934438256640","168516686",
"1079956453195079680","Tue Jan 01 23:50:27 +0000 2019","0","@YuztineK @yusuf_dumdum @prabowo Ebong mana tau BAB..visi dan misi.. Nih aye jlsin #2019GantiPresiden adalah visi sedangkan Misi itu ini #2019PrabowoSandi #april2019gantipresiden","1080249925764411392","","YuztineK","in","","0","0","0","https://x.com/undefined/status/1080249925764411392","1049476476293140481",
"1080249896978984960","Tue Jan 01 23:50:20 +0000 2019","0","Terima kasih pak Jokowi akhirnya Desa Mak Lampir sudah punya akses transportasi yang baik. ","1080249896978984960","","","in","","0","0","0","https://x.com/undefined/status/1080249896978984960","104477671",
"1080136717636497408","Tue Jan 01 23:50:19 +0000 2019","0","@chicohakim @sdrajat @prabowo @rscm_official ini sih udah keterlaluan orang sakit diteror RSCM difitnah emang ngga mau lanjut proses hukum?","1080249892339998720","","chicohakim","in","","0","0","0","https://x.com/undefined/status/1080249892339998720","888769105599152128",
"1080143921152327681","Tue Jan 01 23:50:14 +0000 2019","6","@Anak_Saung @themasterPAS46 Tanya Jokowi siapa bapaknya? Makanya ditutupi....","1080249872991715328","","Anak_Saung","in","","0","1","0","https://x.com/undefined/status/1080249872991715328","101113493",
"1080110699018313729","Tue Jan 01 23:50:14 +0000 2019","0","@BerlandGroup @P3nj3l4j4h @kumparan @sewordcom @nu_online @nahdlatululama @Banser_CyberNU @ansor_jatim @GPAnsor_Satu @MusliModerat @yusuf_dumdum @tvOneNews @mediaindonesia @faizalassegaf @ruhutsitompul @fadjroeL @jokowi @na_dirs @makLambeTurah Nape gak di tuntut...klo itu bener","1080249872878428160","","BerlandGroup","in","","0","2","0","https://x.com/undefined/status/1080249872878428160","1060692076495425537",
"1080249848060817408","Tue Jan 01 23:50:08 +0000 2019","0","Para Syndicate: Tren Elektabilitas Jokowi Turun Prabowo Naik (Surat Rakyat) - https://t.co/pUrWyDWGBa https://t.co/6TkbCv1Yu0","1080249848060817408","https://pbs.twimg.com/media/Dv3RgwXX4AYbxvD.jpg","","in","","0","0","0","https://x.com/undefined/status/1080249848060817408","948364604723228672",
"1080249841433796610","Tue Jan 01 23:50:06 +0000 2019","0","Bumdes menggerakkan perekonomian Desa @jokowi @EkoSandjojo @taufikmadjid71 @fachrilabalado https://t.co/HJbeIoU9Tz","1080249841433796610","https://pbs.twimg.com/media/Dv3RYosUcAAiJt6.jpg","","in","","0","0","0","https://x.com/undefined/status/1080249841433796610","1073370117160005632",
"1080249815437434886","Tue Jan 01 23:50:00 +0000 2019","0","TELAH DATANG SANG JURU SELAMAT Pak Jokowi adalah...SANG JURU SELAMAT FREEPORT ROKAN MAHAKAM PETRAL LAPINDO BBM SATU HARGA SAVE NATUNA ASAP RIAU INFRASTRUKTUR NKRI DLL klu yang lain itu cuma... JURU NYINYIR dan JURU GORENG aja tuuhh","1080249815437434886","","","in","","0","0","0","https://x.com/undefined/status/1080249815437434886","716136875178663936",
"1080249812702752768","Tue Jan 01 23:50:00 +0000 2019","0","WAKTU PEMBANGUNAN INFRASTRUKTUR JOKOWI NGAWUR ~ by Kwik Kian Gie ~ #TahunBaruPresidenBaru https://t.co/2Tsrb1ISXD","1080249812702752768","https://pbs.twimg.com/ext_tw_video_thumb/1080249701750923264/pu/img/5k6rpSjvT5hXl-1S.jpg","","in","","0","0","1","https://x.com/undefined/status/1080249812702752768","802883232928657408",
"1080087110105804800","Tue Jan 01 23:49:50 +0000 2019","0","@ZAEffendy Cara baca survey LSI dkk.. cukup tambahkan 22% untuk prabowo sandi... mudahkan.. !! #2019GantiPresiden #17AprilPrabowoPresiden #17AprilPrabowoPresiden","1080249770608717824","","ZAEffendy","in","","0","0","0","https://x.com/undefined/status/1080249770608717824","820871505361838081",
"1080118821711540225","Tue Jan 01 23:49:49 +0000 2019","0","@kangdede78 @prabowo Sundul bos. https://t.co/rK7jQAoR54","1080249768629030912","","kangdede78","in","","0","0","0","https://x.com/undefined/status/1080249768629030912","69859492",
"1080249754469056512","Tue Jan 01 23:49:46 +0000 2019","0","#17AprilPrabowoPresiden Atau #JokowiLagi Save guys.. Viralkan.. Adu gagasan sama program pak @jokowi Ini baru kampanye.. Gak nyinyiri doang https://t.co/tjYHBui2uR","1080249754469056512","https://pbs.twimg.com/media/Dv3Ra2RVsAA05Ey.jpg","","in","","0","0","0","https://x.com/undefined/status/1080249754469056512","2925179887",
"1080058458752204800","Tue Jan 01 23:49:40 +0000 2019","0","@LisaAmartaTara @prabowo @sandiuno @fadlizon @Ferdinand_Haean @MbahUyok Luar biasa emak 2 indonesia!!","1080249730993553408","","LisaAmartaTara","in","","0","0","0","https://x.com/undefined/status/1080249730993553408","447018436",
"1080249722701414400","Tue Jan 01 23:49:38 +0000 2019","0","Pada Desember 2018 Survei IRI Sebut Popularitas Jokowi Naik Drastis: https://t.co/jw7TqiishL via @metrobali","1080249722701414400","","","in","","0","0","0","https://x.com/undefined/status/1080249722701414400","304383364",
"1080249708092710912","Tue Jan 01 23:49:35 +0000 2019","51","MENGAPA KUBU JOKOWI JUGA MENYERANG SBY? Perolehan suara SBY pd pilpres 2009 adalah 73.874.562. Suara itu tetap solid meski tdk 100%. Katakanlah 50% saja yang sami'na wa atho'na pada Pak SBY maka itu sama dengan 36 937 281 suara https://t.co/HaTLQianiw","1080249708092710912","","","in","","1","1","24","https://x.com/undefined/status/1080249708092710912","777141890277777409",
"1080149723711864837","Tue Jan 01 23:49:33 +0000 2019","11","@TheArieAir Tdk mungkin kampreters bisa tobat..nggak usah buang tenaga merayu2 biarkan saja..rawat dan jaga yg sdh ada di pro Jokowi..swing voter sdh menyusut..kita terbelah fakta pahit.","1080249701599866880","","TheArieAir","in","","0","0","4","https://x.com/undefined/status/1080249701599866880","997076148164083712",
"1080249700429623296","Tue Jan 01 23:49:33 +0000 2019","585","Ini Kesaksian anak buah Prabowo https://t.co/HDDqZ4eDvz","1080249700429623296","https://pbs.twimg.com/ext_tw_video_thumb/1080249554367176704/pu/img/ncmWsck7LHCQhr6B.jpg","","in","","19","19","275","https://x.com/undefined/status/1080249700429623296","2563567034",
"1078645485999599618","Tue Jan 01 23:49:30 +0000 2019","3","@adilmakmur02 @prabowo @sandiuno Insyaallah doa 02 di ijabahi olehNYA.....Amin yra.","1080249688161284096","","adilmakmur02","in","","0","0","0","https://x.com/undefined/status/1080249688161284096","1080247847809822722",
"1080231522681028609","Tue Jan 01 23:49:30 +0000 2019","1","@Jeonum1203 @makLambeTurah Sangat berbeda Jokowi dilahirkan untuk kemenangan bangsa lndonesia","1080249686722629632","","edelweis2901","in","","0","0","0","https://x.com/undefined/status/1080249686722629632","1056895442758168576",
"1080249682784280576","Tue Jan 01 23:49:29 +0000 2019","2","Selamat malam Batfans! Ngacir....capres yang katanya muslim dan dipilih ulama malah ngacir ketika diminta tes baca Qur'an. Alasannya buanyak https://t.co/PtSEDgFLDN","1080249682784280576","","","in","","0","1","1","https://x.com/undefined/status/1080249682784280576","4242589153",
"1080077179562582017","Tue Jan 01 23:49:25 +0000 2019","0","@acoxduko @Rusydi_riau @harysantana @IpungLombok @BasukiAyu @AsFairus @jacks_quevara @HanNew8 @TrisnaKSasmita @abiyyu231299 @utuntauk @Teh_telor78 @PutraErlangga__ @Nabilla_001 @yu_n4n4 @HotPepperminTea @Silvy_riau @MichelaniaAdam @kangsemproel @_argentalya @panca66 @fadlizon @MardaniAliSera @AkunTofa @Gerindra @Gemacan70 @Maulana_Tigor @Dody_Lukas___ @PEPESOfficial @Ferdinand_Haean @LisaAmartaTara @maspiyuuu @JackVardan @hailthedon @NoBody_0602 @HajrahDouboegis @MSApunya @rifanikunafir @d_LoNeLiNess @laskar_minang @AlfariRudi @aitariai @dektampu @sindusindoro @ar13zk4 @individumerd @prabowo @sandiuno Pancasila wae ora apal","1080249669731606528","","acoxduko","in","","0","0","0","https://x.com/undefined/status/1080249669731606528","1074287921228705792",
"1080002425493356544","Tue Jan 01 23:49:23 +0000 2019","0","@Surgabidadari3 @maribantuyatim Mohon didoakan agar @prabowo dan @sandiuno menjadi Presiden dan wakil Presiden Republik Indonesia. #2019GantiPresiden","1080249660705406976","","Surgabidadari3","in","","0","0","0","https://x.com/undefined/status/1080249660705406976","917274462981996545",
"1079693420141006848","Tue Jan 01 23:49:20 +0000 2019","0","@RizmaWidiono Ijtimak ulamak yg di pilih capres gk bisa ngaji...terus gmn tuh keulsmaanya..wahhh sngt di ragukn ...jngn2 ulamak politik","1080249648311234560","","RizmaWidiono","in","","0","0","0","https://x.com/undefined/status/1080249648311234560","954468532472856576",
"1079972041246162944","Tue Jan 01 23:49:18 +0000 2019","0","@jokowi Selamat tahun baru pak semoga di tahun ini bangsa ini aman damai sejahtera...jauh dari bencana dan malapetaka...th ini merupakan th penentuan arah bangsa...smg semakin lebih baik..amien","1080249639431884800","","jokowi","in","","0","0","0","https://x.com/undefined/status/1080249639431884800","2929312118",
"1059354030374174720","Tue Jan 01 23:49:18 +0000 2019","0","@firmanashad08 @RajaPurwa @prabowo Dora emon..","1080249638773387264","","firmanashad08","es","","0","0","0","https://x.com/undefined/status/1080249638773387264","2781317694",
"1079916314146234368","Tue Jan 01 23:49:17 +0000 2019","0","@SBYudhoyono Pak saya mau coblos bapak di pemilu 2019. Bapak nomor urut brpa? Sepertinya prioritas ini layak utk dilakukan. Btw pak ini 10 taon pemerintahan bapak kok gk gini ya konsep prioritasnya?","1080249632528031744","","SBYudhoyono","in","","0","0","0","https://x.com/undefined/status/1080249632528031744","248096726",
"1080249620306059264","Tue Jan 01 23:49:14 +0000 2019","0","Saya suka video @YouTube https://t.co/cnYAo2cagl Setelah #Jokowi Berani Bubarkan Petral Respon Warga Bikin Merinding. Gokil Banget","1080249620306059264","","","in","","0","0","0","https://x.com/undefined/status/1080249620306059264","576287136",
"1080249611271385088","Tue Jan 01 23:49:12 +0000 2019","0","#empatikusirnaresmiku @jokowi @EkoSandjojo @taufikmadjid71 @fachrilabalado @SyaifulHooda @ridwankamil @pendampingdesa_ @PegiatDesa https://t.co/5RkKGg1SPs","1080249611271385088","https://pbs.twimg.com/media/Dv3RSgCVsAEEO_G.jpg","","qme","","0","0","0","https://x.com/undefined/status/1080249611271385088","919732519511113728",
"1079974837152444417","Tue Jan 01 23:49:07 +0000 2019","0","@Ardhan_syahil @P3nj3l4j4h @jokowi Lanjut kan dengan masyarakat lainnya","1080249591574851586","","","in","","0","0","0","https://x.com/undefined/status/1080249591574851586","830388808751329280",
"1080063510577463297","Tue Jan 01 23:49:03 +0000 2019","0","@P3nj3l4j4h Emang ada aturannya kalo capres sebar hoax berkali-kali dan bisa menimbulkan keresahan masyarakat tidak bisa dihukum ??? Kasian ratna sarumpaet deh...","1080249575464624128","","P3nj3l4j4h","in","","0","0","0","https://x.com/undefined/status/1080249575464624128","137699006",
"1080077179562582017","Tue Jan 01 23:48:54 +0000 2019","0","@acoxduko @Rusydi_riau @harysantana @IpungLombok @BasukiAyu @AsFairus @jacks_quevara @HanNew8 @TrisnaKSasmita @abiyyu231299 @utuntauk @Teh_telor78 @PutraErlangga__ @Nabilla_001 @yu_n4n4 @HotPepperminTea @Silvy_riau @MichelaniaAdam @kangsemproel @_argentalya @panca66 @fadlizon @MardaniAliSera @AkunTofa @Gerindra @Gemacan70 @Maulana_Tigor @Dody_Lukas___ @PEPESOfficial @Ferdinand_Haean @LisaAmartaTara @maspiyuuu @JackVardan @hailthedon @NoBody_0602 @HajrahDouboegis @MSApunya @rifanikunafir @d_LoNeLiNess @laskar_minang @AlfariRudi @aitariai @dektampu @sindusindoro @ar13zk4 @individumerd @prabowo @sandiuno Program menghayal itu mah akal bulus tok","1080249537820733440","","acoxduko","in","","0","0","0","https://x.com/undefined/status/1080249537820733440","1074287921228705792",
"1080249511874686976","Tue Jan 01 23:48:48 +0000 2019","14","Adem liatnya. Pak Prabowo itu sukanya berkumpul sama anak2 muda.. #PrabowoSandi #IndonesiaAdilMakmur https://t.co/SYShwTBt1F","1080249511874686976","https://pbs.twimg.com/media/Dv3RMr-U0AEFJo7.jpg","","in","","0","0","6","https://x.com/undefined/status/1080249511874686976","1072775763290517505",
"1075562597204713472","Tue Jan 01 23:48:45 +0000 2019","0","@Ninozh1 @fakirelmu @hendi14470084 @pramonoanung @jokowi Siapapun yg kalah nanti adalah hikmah bisa ibadah khusu... P. Jokowi bisa jsi imam di mesjid dekat rumah....","1080249500701061121","","Ninozh1","in","","0","1","0","https://x.com/undefined/status/1080249500701061121","968315731682115584",
"1079701758614462465","Tue Jan 01 23:48:41 +0000 2019","0","@sunarto_sunardi @yusuf_dumdum @prabowo @MardaniAliSera @wiranto1947 Coba di dengerin baik baik dengan seksama dan dalam tempo yg sesingkat singkatnya ya https://t.co/FAkmtoUsEn","1080249484800536576","https://pbs.twimg.com/ext_tw_video_thumb/1080249431356657665/pu/img/HmzEBDPU2VYq8uid.jpg","sunarto_sunardi","in","","0","1","0","https://x.com/undefined/status/1080249484800536576","901330969646342146",
"1080249459932446721","Tue Jan 01 23:48:35 +0000 2019","41","Nenek ini aja cerdas. Ga mau pilih jokowi krn salah satu nya utang luar negri ribuan trilyun. Masa cebi kalah cerdas sama nenek ini? #UtangUgalUgalan https://t.co/TiSSIjT0RO","1080249459932446721","https://pbs.twimg.com/ext_tw_video_thumb/1080249387488399360/pu/img/JihwIJfLjdN3tTO7.jpg","","in","","2","2","22","https://x.com/undefined/status/1080249459932446721","485385284",
"1080092384287907845","Tue Jan 01 23:48:24 +0000 2019","0","@Ferdinand_Haean Janji dan program jokowi jelas yg ga jelas program prabowo apalagi dulu jaman SBY ktkn tdk pda korupsi ehh ketangkep semua aktornya wkwkwkw Tes baca Al-Qur'an aja ga brani aplgi pimpin ngra disetir ntar wkwkwkwkwkw","1080249413715415040","","Ferdinand_Haean","in","","0","0","0","https://x.com/undefined/status/1080249413715415040","167360557",
"1079751638271721479","Tue Jan 01 23:48:24 +0000 2019","0","@aewin86 @sudirmansaid @jokowi Ayoo...jawablah data tersebut dengan data juga pak @sudirmansaid..jangan lempar batu sembunyi tangan..","1080249409818943489","","aewin86","in","","0","0","0","https://x.com/undefined/status/1080249409818943489","955021575211819008",
"1080231522681028609","Tue Jan 01 23:48:22 +0000 2019","1","@TitacantikTr @makLambeTurah @jokowi Mempersembahkan jiwa raganya tanpa pamrih demi kejayaan NKRI","1080249401707118593","","TitacantikTr","in","","0","1","0","https://x.com/undefined/status/1080249401707118593","1056895442758168576",
"1079617859720892416","Tue Jan 01 23:48:20 +0000 2019","0","@jokowi Kami dari pedalaman kaltim masih merasakan jln tanah penuh lumpur mudahan di 2019 bisa ada peningkatan jln","1080249393679237120","","jokowi","in","","0","0","0","https://x.com/undefined/status/1080249393679237120","242252663",
"1079972041246162944","Tue Jan 01 23:48:19 +0000 2019","0","@rizalarisyi @jokowi saya cuma asking sama mr Jokowi :(","1080249389182906370","","rizalarisyi","in","","0","0","0","https://x.com/undefined/status/1080249389182906370","362927551",
"1080249374989565952","Tue Jan 01 23:48:15 +0000 2019","0","RT PDI_Perjuangan PDI Perjuangan Jatim gembleng kader songsong Pemilu 2019 https://t.co/XP07vF9NMB #PDIPerjuangan ","1080249374989565952","","","in","","0","0","0","https://x.com/undefined/status/1080249374989565952","857872605042294784",
"1080249351950065665","Tue Jan 01 23:48:10 +0000 2019","1","Selamat menghadapi Tahun 2019 sedulur warga Semarang. Tetap semangat menggapai impian dan jangan lupa usaha dan berdoa. Ingat tahun ini juga ada Pileg dan Pilpres lho.. Pastikan sedulur2 sudah semakin mengenal para kandidatnya ya.. Mari ciptakan Pemilu 2019 berintegritas.","1080249351950065665","","","in","","0","0","0","https://x.com/undefined/status/1080249351950065665","940778538713493504",
"1078987206658732032","Tue Jan 01 23:48:07 +0000 2019","0","@sandiuno @prabowo Bpak @sandiuno bpak sadar pak kalo bpak it bohong?? Bpak jujur j apa bpak blm tau it d atur undang2 maslh ekspr rotan?? Apa bapak gk tkt lidah mukul muka bpk sendiri di setiap bpak ngmg asbun it ?? Kacau hancur bnr punah kalo bpk bgni trus","1080249340537364480","","sandiuno","in","","0","0","0","https://x.com/undefined/status/1080249340537364480","1047873499581186048",
"1080024619195629568","Tue Jan 01 23:48:05 +0000 2019","0","@CNNIndonesia @si_euy @prabowo mmg hobi atau habit ya? Tebar teror dan hoax","1080249331322519552","","CNNIndonesia","in","","0","0","0","https://x.com/undefined/status/1080249331322519552","709900676474732544",
"1079956453195079680","Tue Jan 01 23:48:05 +0000 2019","1","@yusuf_dumdum Jokowi-JK #Pastikan_Tolak Hutang Luar Negeri jika Pimpin RI (03 Juni 2014) https://t.co/EuXXvEdmnx","1080249330575892480","https://pbs.twimg.com/media/Dv3RCORV4AAlCUn.jpg","yusuf_dumdum","in","","0","0","1","https://x.com/undefined/status/1080249330575892480","985277327960522752",
"1080249322472562689","Tue Jan 01 23:48:03 +0000 2019","0","Saat FATHU MAKKAH. Para MUNAFIKUN &amp; YAHUDI menebar FITNAH kebencian ttg Rosululloh SAW Faktanya. Saat Rosululloh hadir. Semua dibuat AMAN dan NYAMAN. Diayomi dg AKHLAQ yg LUAR BIASA. Mirip SAAT INI. Bertebaran FITNAH keji. Jika terjadi #2019PresidenBatu Cc @prabowo @jokowi","1080249322472562689","","","in","","0","0","0","https://x.com/undefined/status/1080249322472562689","38436306",
"1080249271746584581","Tue Jan 01 23:47:51 +0000 2019","0","@prabowo","1080249271746584581","","prabowo","qam","","0","0","0","https://x.com/undefined/status/1080249271746584581","1047865276656574464",
"1080149967199555587","Tue Jan 01 23:47:39 +0000 2019","0","@IsekaiHero @cubby_ghum @prabowo @sandiuno Amin...","1080249224715849728","","","en","","0","0","0","https://x.com/undefined/status/1080249224715849728","956556832138395648",
"1080091442045800449","Tue Jan 01 23:47:31 +0000 2019","0","@sandiuno Harga apapun pasti naik turun tergantung sikon. Spt skrg apa kalo ga capres ember kosong gini kan tdk semua tergantung sikon","1080249187625709568","","sandiuno","in","","0","0","0","https://x.com/undefined/status/1080249187625709568","898898221413433348",
"1079918212374917121","Tue Jan 01 23:47:29 +0000 2019","1","@AlkatiriOemar @periiode @hariadhi @ReyFardhi @JajangRidwan19 @jimmyherdyansy2 @AanCblack @qqrizq @EkaRusdi1 @TheArieAir @BosErvan Kalau logika jalan... membela Capres Abadi itu seperti menegakkan benang basah. Itu kalau logikanya jalan. Sayangnya malah udah terlalu banyak logika terbalik","1080249182999371776","","AlkatiriOemar","in","","0","1","2","https://x.com/undefined/status/1080249182999371776","242431562",
"1080249163424530433","Tue Jan 01 23:47:25 +0000 2019","0","kubu jokowi jadi jelas takut kerana gak boleh pake stunman minta KPU batalken aja lah!!gak bisa bayangkan kalo jokowi dan yi makeruf maju debat? yg sama aja mbayangkan NKRI jokowi dua periode..","1080249163424530433","","","in","","0","0","0","https://x.com/undefined/status/1080249163424530433","2688812654",
"1078649146049912833","Tue Jan 01 23:47:23 +0000 2019","0","@fadly_ulathmony @nhanhhy10 @prabowo Hoee.. bodoh naumang eee... prespektif apa perspektif... ?? Klu seng tau dia pung arti apa? Jang sok pake istilah ilmiah politik deng beta... klo baru belajar mending isi commentar itu pake bahasa sederhana aja... ketimbang nnt maknanya tdk substansial.. ose itu yg hidup dikolam","1080249156898193408","","fadly_ulathmony","in","","0","3","0","https://x.com/undefined/status/1080249156898193408","3408965892",
"1080249151474958337","Tue Jan 01 23:47:22 +0000 2019","0","Kapan rel keretanya di Sulawesi pak Jokowi . .","1080249151474958337","","","in","","0","0","0","https://x.com/undefined/status/1080249151474958337","2501059519",
"1080071748794470402","Tue Jan 01 23:47:19 +0000 2019","0","@fadlizon InsyaAllah pembual akan kalah dan semoga Allah tunjukkan kemenangan besar buat pak @jokowi untuk memimpin Indonesia menjadi bangsa yg besar","1080249139365990400","","fadlizon","in","","0","0","0","https://x.com/undefined/status/1080249139365990400","960921983759233024",
"1080047334203916288","Tue Jan 01 23:47:14 +0000 2019","4","@ariel_heryanto Malah pingin kebalikannya kalo Jokowi kalah pingin tahu apakah yang sekarang bela mati2an itu kritikannya nanti bermutu atau malah bubar ninggalin begitu aja hehe","1080249119526928385","","ariel_heryanto","in","","0","0","0","https://x.com/undefined/status/1080249119526928385","810301187014553601",
"1080100396603973632","Tue Jan 01 23:47:14 +0000 2019","0","@peni_me @jokowi Jualan apa pun udah gak laku","1080249117513736192","","peni_me","in","","0","0","0","https://x.com/undefined/status/1080249117513736192","1037478639586107392",
"1080087110105804800","Tue Jan 01 23:47:14 +0000 2019","0","@ZAEffendy @prabowo Amiin... https://t.co/kYpKg2JstP","1080249117404684289","https://pbs.twimg.com/media/Dv3Q194VAAA2FfY.jpg","ZAEffendy","in","","0","0","0","https://x.com/undefined/status/1080249117404684289","974256049539620864",
"1080249116356038657","Tue Jan 01 23:47:14 +0000 2019","0","Kubu Prabowo langsung bergerak. Sesuai dengan rancangan strategi mereka tagar 2019 ganti presiden langsung diganti dengan tagar 17 April Pr https://t.co/9HDe8X9gIQ","1080249116356038657","","","in","","0","0","0","https://x.com/undefined/status/1080249116356038657","4242589153",
"1080249108269387776","Tue Jan 01 23:47:12 +0000 2019","0","Tetap fokus Jokowi 2 Periode that is the point #2019jokowilanjut #2019TetapJokowi #2019JokowiMaruf #2019JokowiMarufAmin","1080249108269387776","","","in","","0","0","0","https://x.com/undefined/status/1080249108269387776","1027424202041655296",
"1080146581406400513","Tue Jan 01 23:47:10 +0000 2019","0","@jansen_jsp @Hery_Jabat @Ferdinand_Haean @Dahnilanzar @saididu @Fahrihamzah @haikal_hassan @UTZ_Real @AndiArief__ @prabowo Gasss bg.... jgn kasih kendorrrr ","1080249102674219008","","jansen_jsp","in","","0","0","0","https://x.com/undefined/status/1080249102674219008","1037200033295294464",
"1080179355068784640","Tue Jan 01 23:47:10 +0000 2019","0","@rmolco inshaa Alloh menang tipis 53 porsen ditangan Prabowo kuncinya Banyumas hrs unggul","1080249100908474368","","rmol_id","in","","0","0","0","https://x.com/undefined/status/1080249100908474368","855937470763999232",
"1080055147978416128","Tue Jan 01 23:47:03 +0000 2019","0","@SGM_cules @LusiHQ @mscendani Okesip. Semakin mempertegas pilihan anda walaupun anda bilang oikih dua2nya.. tp skrng terlihat jelas and di pihak prabowo. Tegas dan berani ukurannya bukan ketika beliau berani /Tdk berani nabrak proses hukum demi belain sahabatnya. Salah kaprah jadinya..","1080249070927527938","","Sgm_mks","in","","0","0","0","https://x.com/undefined/status/1080249070927527938","1030954200417558528",
"1080249052967522304","Tue Jan 01 23:46:58 +0000 2019","0","Kalau Prabowo menang cuan banget nih. Semoga menang yes. https://t.co/b5enDrKXcq","1080249052967522304","https://pbs.twimg.com/media/Dv3Qx_NUcAA2xKV.jpg","","in","","0","0","0","https://x.com/undefined/status/1080249052967522304","69859492",
"1080127908281122816","Tue Jan 01 23:46:58 +0000 2019","0","@saididu Presiden prabowo nanti butuh org seperti bpk ini","1080249051453435904","","saididu","in","","0","0","0","https://x.com/undefined/status/1080249051453435904","198728458",
"1080075040345907201","Tue Jan 01 23:46:56 +0000 2019","1","@PEPESOfficial @RanupsProSandi @swulll @prabowo @sandiuno @PriyoBudiS @Dahnilanzar @fadlizon @Fahrihamzah @tehtjemplung Kalau ke Kulonprogo ke dusun Ngrancah desa Pendoworejo kec Girimulyo Kulonprogo. Di sono banyak emak emak yang perlu di edukasi.","1080249042058113024","","PEPESOfficial","in","","0","0","0","https://x.com/undefined/status/1080249042058113024","887888647327850496",
"1080127753297420288","Tue Jan 01 23:46:46 +0000 2019","4","@vioUul @P3nj3l4j4h Cebongers ahokers jokowers harus dewasa.....kesampingkan sentimen.....utamakan selamatkan negeri ini.....2 periode kan jokowi.....rapatkan barisan","1080249002707177472","","vioUul","in","","0","0","2","https://x.com/undefined/status/1080249002707177472","1199425292",
"1080248994687725570","Tue Jan 01 23:46:45 +0000 2019","1","Inilah sosok Pemimpin yg luar biasa selalu mengajak Optimis.Dekat dengan orang2 di sekitarnya dan masyarakat luas.Menghilangkan sekat antara Presiden dan Rakyatnya.krn Beliau Yakin wl tdk ada sekat namun masyarakat yg baik dan cerdas tahu batasan2nya. @jokowi @BiLLRaY_","1080248994687725570","","","in","","0","0","0","https://x.com/undefined/status/1080248994687725570","841664340",
"1079934720354410496","Tue Jan 01 23:46:42 +0000 2019","0","@AriefHidayat48 @PartaiSocmed @Silvy_riau @prabowo @jokowi sebenernya bikin hoax soal ortu itu faedahnya apa sih?sebenarnya mau agama apapun ras apapun buat sy g masalah anda bicara seolah Kristen &amp; China itu buruk. g terima banget kayaknya jenderal kalah ama anak kampung isu2 kek gini muncul pas jkw vs prabowo aja kan?","1080248982805172224","","AriefHidayat48","in","","0","1","0","https://x.com/undefined/status/1080248982805172224","131687277",
"1079939688360603654","Tue Jan 01 23:46:37 +0000 2019","0","@Dennysiregar7 @prabowo @jokowi Des suruh junjungan lu berangkat baca visi misi ke KPU jgn pake stuntmen. Masa baca teks visi misi sebdiri saja kaga berani cemen amat??","1080248962567688192","","","in","","0","0","0","https://x.com/undefined/status/1080248962567688192","976708412665864193",
"1080248930938441728","Tue Jan 01 23:46:29 +0000 2019","0","tetap fokus Jokowi 2 Periode that is the point #2019jokowilanjut #2019TetapJokowi #2019JokowiMaruf #2019JokowiMarufAmin","1080248930938441728","","","in","","0","0","0","https://x.com/undefined/status/1080248930938441728","1025278791730380805",
"1080248890819891200","Tue Jan 01 23:46:20 +0000 2019","1","Gue yakin tes baca Quran presiden jokowi bisa .","1080248890819891200","","","in","","0","0","0","https://x.com/undefined/status/1080248890819891200","3054384300",
"1079906467082203136","Tue Jan 01 23:46:18 +0000 2019","0","@puccaw_de_arch @jokowi Selamat tahun baru semoga di tahun ini lebih baik Indonesia tetap Jaya Merdeka di jauhkan dari Marabahaya iri denki tetap damai tahun 2019 tetap pak Jokowi presiden RI tak may ganti biar tahun yang bergati Presiden tetap my Hero Jokowi ","1080248883727331328","","puccaw_de_arch","in","","0","0","0","https://x.com/undefined/status/1080248883727331328","1009516232",
"1080024619195629568","Tue Jan 01 23:46:16 +0000 2019","0","@CNNIndonesia Berita kaya gini juga ntar ilang sendiri. Kalaupun benar Monggo pak Prabowo laporkan dengan buktinya jangan kaya Emak2 koar aja. Kalo hoax pihak RSCM Bisa tuntut balik tapi mustahil dah mau ngelaporin si Wowo kebal hukum ini orang","1080248873539461120","","CNNIndonesia","in","","0","0","0","https://x.com/undefined/status/1080248873539461120","367262601",
"1079962533878935552","Tue Jan 01 23:46:10 +0000 2019","0","@togar0909 @IrHMFaqih Ada Prabowo dan keluarganya berkawan dg Nathaniel Rothschild.","1080248847790567425","","togar0909","in","","0","1","0","https://x.com/undefined/status/1080248847790567425","2881653068",
"1079947856725721094","Tue Jan 01 23:46:05 +0000 2019","0","@andalus79472181 @wahhabicc_jabar @prabowo Kan baper nih ye baru di skak gitu ajha udah kebingungan apalagi sama yang mas cemooh.... Ingat mas walaupun mengelak gimnapun kalo salah ya tetep salah Kalo orang mata hatinya udah tertutup kalo kebenaran pasti gak akan percaya sama sekali... Camkan itu...! '","1080248827938893826","","Andalusia_LG","in","","0","0","0","https://x.com/undefined/status/1080248827938893826","1047865276656574464",
"1080074159772717056","Tue Jan 01 23:46:04 +0000 2019","0","@habibthink @sdrajat Ini sih udah bener2 keterlaluan emang bisa ya sembarangan fitnah gini lolos dr jeratan hukum cuma gara2 dia capres???","1080248826504474624","","habibthink","in","","0","0","0","https://x.com/undefined/status/1080248826504474624","888769105599152128",
"1080248816220102657","Tue Jan 01 23:46:02 +0000 2019","2","TELAH DATANG SANG JURU SELAMAT Pak Jokowi adalah...SANG JURU SELAMAT FREEPORT ROKAN MAHAKAM PETRAL LAPINDO BBM SATU HARGA SAVE NATUNA ASAP RIAU INFRASTRUKTUR NKRI DLL klu yang lain itu cuma... JURU NYINYIR dan JURU GORENG aja tuuhh","1080248816220102657","","","in","","0","0","0","https://x.com/undefined/status/1080248816220102657","716136875178663936",
"1080248783114387462","Tue Jan 01 23:45:54 +0000 2019","0","Jangan pilih si Budi ini dan jangan pilih Jokowi dah.","1080248783114387462","","","in","","0","0","0","https://x.com/undefined/status/1080248783114387462","95188854",
"1079906467082203136","Tue Jan 01 23:45:43 +0000 2019","0","@romi_warsito @WikeYanto @AndriW02325912 @jokowi Lunya nyang pki bro dasar pecundang","1080248735165177857","","Sie_Doy","in","","0","0","0","https://x.com/undefined/status/1080248735165177857","1076864694890065920",
"1080248721932115969","Tue Jan 01 23:45:40 +0000 2019","18","PDI Perjuangan Jatim gembleng kader songsong Pemilu 2019 https://t.co/Axdv066Vkk #PDIPerjuangan","1080248721932115969","","","in","","1","0","3","https://x.com/undefined/status/1080248721932115969","153407983",
"1079597660296736768","Tue Jan 01 23:45:37 +0000 2019","1","@hidayat_gibran @PriyoBudiS @PrinceI26570775 @jokowi https://t.co/QMOJPsdp4R","1080248710179651586","https://pbs.twimg.com/media/Dv3QeZzUwAAlzt8.jpg","hidayat_gibran","qme","","0","0","0","https://x.com/undefined/status/1080248710179651586","1075588385148874757",
"1080248709319876608","Tue Jan 01 23:45:37 +0000 2019","0","Salam Tahun Baru dari Jokowi: Salam Optimis! https://t.co/rEzdVCbChC","1080248709319876608","","","in","","0","0","0","https://x.com/undefined/status/1080248709319876608","517058533",
"1080205916773871616","Tue Jan 01 23:45:34 +0000 2019","0","@Ardhan_syahil @fariz1234 @prabowo @sandiuno @jokowi Parah banget. Makin yakin saya akan bela Jokowi.","1080248697529593856","","","in","","0","0","0","https://x.com/undefined/status/1080248697529593856","3012060457",
"1080133133662470149","Tue Jan 01 23:45:31 +0000 2019","0","@encikmoch @KurniaRamadhn @Gemacan70 Jokowi maksudnya ?","1080248687819816961","","encikmoch","in","","0","1","0","https://x.com/undefined/status/1080248687819816961","907704326",
"1079550022306263040","Tue Jan 01 23:45:23 +0000 2019","0","@jokowi Suatu kbanggaan buat smua rakyat atas kinerja bpk. Moga di thun 2019 bpk menang lg dan mampu merebut kmbali aset bangsa yg lainnya..","1080248654265372672","","jokowi","in","","0","0","0","https://x.com/undefined/status/1080248654265372672","3187703862",
"1080248647260860417","Tue Jan 01 23:45:22 +0000 2019","0","Capres ijtima ulama pimpinan IMAM BESAR UMAT ISLAM INDONESIA HABIB RIZIEG S didukung fpi partai ISLAM. Menurut Islam patutkah jd pemimpin ?","1080248647260860417","","","in","","0","0","0","https://x.com/undefined/status/1080248647260860417","937828966479511552",
"1080248620182470656","Tue Jan 01 23:45:15 +0000 2019","0","#2019Cukup5Partai Yang Benci @jokowi Silahkan Pilih @Gerindra Yang Benci @prabowo Silahkan Pilih @PDI_Perjuangan @DPP_PKB @Golkar5 @psi_id .... Cukup 5Partai Di Parlemen Akan Memperkokoh Demokrasi Dan Pembangunan Ekonomi Kita Kedepan!!!","1080248620182470656","","","in","","0","1","0","https://x.com/undefined/status/1080248620182470656","193727431",
"1080248565396529152","Tue Jan 01 23:45:02 +0000 2019","5","Pak @jokowi idola semua usia. ️ Bahkan tukang pisang aja ngaku2 sebagai anak presiden. mas @kaesangp maksudnya. #01IndonesiaMaju","1080248565396529152","","","in","","0","0","1","https://x.com/undefined/status/1080248565396529152","1107620514",
"1080150055468773376","Tue Jan 01 23:44:54 +0000 2019","0","@BasirWahyu @AkunTofa 1. Mommentnya kapan? Setelah atau sebelum pendaftaran KPU? Catet: yg dodukung terbiasa jadi Imam 2. Capres ini bukan #CapresTakutNgaji 3. Segudang prestasi... silahkan kamu googling dan bandingkan antara kedua capres","1080248531951054850","","BasirWahyu","in","","0","2","0","https://x.com/undefined/status/1080248531951054850","1026208477",
"1079974677206818817","Tue Jan 01 23:44:47 +0000 2019","0","@BamsBulaksumur @jokowi Lanjutkan Pak De..!! #01indonesiamaju #01JokowiLagi #01JokowiPresiden","1080248502234435589","","","in","","0","1","0","https://x.com/undefined/status/1080248502234435589","499790966",
"1079906467082203136","Tue Jan 01 23:44:36 +0000 2019","0","@romi_warsito @AndriW02325912 @jokowi Syirik","1080248455132377088","","Sie_Doy","in","","0","0","0","https://x.com/undefined/status/1080248455132377088","1076864694890065920",
"1080223319293480960","Tue Jan 01 23:44:30 +0000 2019","0","@LisaAmartaTara Gak ada emak2 di kubu Jokowi? Iya emng gak ada emak2 MODEL ky km... n betina neno... OGAH","1080248429014470656","","LisaAmartaTara","in","","0","0","0","https://x.com/undefined/status/1080248429014470656","1047270011914440704",
"1080248399956492288","Tue Jan 01 23:44:23 +0000 2019","0","Polda Luruskan Tudingan Intimidasi Rumah Pemenangan Prabowo https://t.co/7MufsxkwRR","1080248399956492288","","","in","","0","0","0","https://x.com/undefined/status/1080248399956492288","846715204637376513",
"1080248385314013184","Tue Jan 01 23:44:19 +0000 2019","0","Presiden Jokowi Hari Ini Batal Lantik Kepala BNPB Baru https://t.co/IxbsOxQsWY Presiden Joko Widodo (Jokowi) batal melantik Kepala Badan Nasional Penanggulangan Bencana (BNPB) yang baru hari ini (Rabu 2 Januari 2019). https://t.co/KSs2GRLWZN https://t.co/Oj4baoiVd9","1080248385314013184","https://pbs.twimg.com/media/Dv3QKDyVYAAOSQO.jpg","","in","","0","0","0","https://x.com/undefined/status/1080248385314013184","940610004331012096",
"1080248379714621441","Tue Jan 01 23:44:18 +0000 2019","0","Prabowo lagi hura hura. Fakta ora sudi pilih prabowo pecatan abri","1080248379714621441","","","in","","0","0","0","https://x.com/undefined/status/1080248379714621441","1069614928946900992",
"1080142092658040832","Tue Jan 01 23:44:17 +0000 2019","0","@Ronnie_Rusli Wah..perasaan kita bakalan jadi Jongos China kalo s Jokowi 2 periode...?","1080248376203984897","","Ronnie_Rusli","in","","0","0","0","https://x.com/undefined/status/1080248376203984897","701309748050685952",
"1080248375620976640","Tue Jan 01 23:44:17 +0000 2019","0","Fenomena Presiden Jokowi sungguh mengagumkan keberadaannya sebagai orang nomor satu di negri ini dapat memberangus lebih dari satu puluh Koruptor yang selama ini tidak pernah disentuh hukum.","1080248375620976640","","","in","","0","0","0","https://x.com/undefined/status/1080248375620976640","1008511434735538176",
"1079770598094471172","Tue Jan 01 23:44:15 +0000 2019","0","@DRusfandy @Ferdinand_Haean Jelaslah anda pilih Prabowo sandi cina dukung cina...","1080248368394162176","","DRusfandy","in","","0","0","0","https://x.com/undefined/status/1080248368394162176","997152745726464000",
"1080121327128723456","Tue Jan 01 23:44:15 +0000 2019","1","@IsekaiHero @prabowo @sandiuno Aamiin.....","1080248366745808896","","","fi","","0","0","1","https://x.com/undefined/status/1080248366745808896","970585089611452418",
"1080024619195629568","Tue Jan 01 23:44:12 +0000 2019","0","@CNNIndonesia kebohongan pertama di tahun 2019 dr kubu dunia terbalik katanya 2019 gnti presiden knyataannya pak jokowi msh presiden smp skg.","1080248353433112576","","CNNIndonesia","in","","0","0","0","https://x.com/undefined/status/1080248353433112576","1156956656",
"1080248341844250626","Tue Jan 01 23:44:09 +0000 2019","0","Baliho Jokowi di Jambi Nyaris Patah Dilantak Angin Warganet: Tanda-tanda Alam https://t.co/Cs9DJeOPHn #2019GantiPresiden","1080248341844250626","","","in","","0","0","0","https://x.com/undefined/status/1080248341844250626","959859070575394816",
"1079956453195079680","Tue Jan 01 23:43:56 +0000 2019","1","@yusuf_dumdum Masa sih mas pak @prabowo pucat dan menolak baca ayat suci Al Quran? Coba ada video nya ga?","1080248285963608064","","yusuf_dumdum","in","","0","0","0","https://x.com/undefined/status/1080248285963608064","737165040",
"1079617859720892416","Tue Jan 01 23:43:53 +0000 2019","0","@jokowi Alhamdulillah saya bersama team proyek pak Dhe Harapan 2019 tetep pilih yg SDH nyata kerjanya Tetep pilih @jokowi ","1080248273972060160","","jokowi","in","","0","0","0","https://x.com/undefined/status/1080248273972060160","1034878917625217024",
"1080101665686999041","Tue Jan 01 23:43:51 +0000 2019","1","@chicohakim @Herlina_ogie @jokowi Keliatannya Caleg-caleg dr partai koalisi lebih sibuk akan pencalonan dirinya.....","1080248266791374848","","chicohakim","in","","1","1","0","https://x.com/undefined/status/1080248266791374848","387503902",
"1080248262689316865","Tue Jan 01 23:43:50 +0000 2019","1","Inshaa Allah Jadi Do'a *ANALISIS SOSIOLOGIS: PRABOWO-SANDI AKAN MEMENANGI PEMILU PRESIDEN 2019*... https://t.co/2Jsu5FKnpF","1080248262689316865","","","in","","0","0","0","https://x.com/undefined/status/1080248262689316865","2164204742",
"1079617859720892416","Tue Jan 01 23:43:49 +0000 2019","0","@jokowi Jangan lupa nomer 1 ","1080248259010953217","","jokowi","in","","0","0","0","https://x.com/undefined/status/1080248259010953217","967983797454057472",
"1079949575123861505","Tue Jan 01 23:43:47 +0000 2019","0","@AkunTofa Bukankah kelompkm haiti bin kampret yg ketakutan seteres karna efek operasi plastik aja dibilang digebukin kalau nanti pada 17 april prabowo kalah lagi takutnya ente @AkunTofa dan @Ferdinand_Haean bukan hnya strok tabah botak lagi tapi kening dan semua bulu rontok seketika.","1080248248944607232","","AkunTofa","in","","0","0","0","https://x.com/undefined/status/1080248248944607232","1066297452595036163",
"1079906467082203136","Tue Jan 01 23:43:44 +0000 2019","0","@P3nj3l4j4h @jokowi ","1080248236776906752","","P3nj3l4j4h","qme","","0","0","0","https://x.com/undefined/status/1080248236776906752","1076864694890065920",
"1080248205692948485","Tue Jan 01 23:43:36 +0000 2019","0","@prabowo","1080248205692948485","","prabowo","qam","","0","0","0","https://x.com/undefined/status/1080248205692948485","2684155729",
"1080248196511592449","Tue Jan 01 23:43:34 +0000 2019","3","Photonya keren yak! Tidak terlalu formal tapi elegan dan eksklusif Entah siapa yang upload pertama kali btw mohon izin dan terima kasih sebelumnya saya comot photonya. @prabowo @sandiuno #2019PrabowoSandi https://t.co/s17lJ9ZeIe","1080248196511592449","https://pbs.twimg.com/media/Dv3QAPUVsAEW_RJ.jpg","","in","","0","0","0","https://x.com/undefined/status/1080248196511592449","969930467557306368",
"1080089300815867904","Tue Jan 01 23:43:32 +0000 2019","0","@Jeonum1203 @murny7 dunia mengakui... yg paling dekat malaysia mengakui the best presiden Jokowi","1080248188051681280","","edelweis2901","in","","0","1","0","https://x.com/undefined/status/1080248188051681280","1049987801310085120",
"1080206071069896704","Tue Jan 01 23:43:28 +0000 2019","0","@detikcom Itu khan dulu rakyat belum tahu gmn realitasnya banyak proyek mangkrak dan korupsi berjamaah sekarang rakyat butuh bukti bukan janji dan omdo proyek berpuluh th ga kepikir sekarang sdh bisa dinikmati guna perbaikan di segala bidang itulah capres no 1","1080248171400290304","","detikcom","in","","0","0","0","https://x.com/undefined/status/1080248171400290304","1072141046551728128",
"1080248170569842688","Tue Jan 01 23:43:28 +0000 2019","0","Menurut Gus Dur mana yg kira2 akan di pilih oleh rakyat&amp;akan di terima oleh rakyat. Jawaban Gus Dur: KALO ORANG YG PALING IKHLAS KEPADA RAKYAT ITU YAITU PRABOWO.... https://t.co/s2oaMA3u6h","1080248170569842688","","","in","","0","0","0","https://x.com/undefined/status/1080248170569842688","538040905",
"1079816500423286784","Tue Jan 01 23:43:25 +0000 2019","0","@RachlanNashidik @SyahbanUmar Terlepas dr cebong dan kampret kurang tepat lho pak kl munir dibunuh jaman nya megawati..pemilu 2004 itu tgl 5 april 2004 Munir dibunuh 7 september 2004..sudah bkn megawati lg lho presidennya..","1080248159534702592","","rachlannashidik","in","","0","0","0","https://x.com/undefined/status/1080248159534702592","1077602068414705664",
"1080248139884388353","Tue Jan 01 23:43:21 +0000 2019","0","jokowi presiden","1080248139884388353","","","in","","0","0","0","https://x.com/undefined/status/1080248139884388353","1926504792",
"1079908057499328512","Tue Jan 01 23:43:14 +0000 2019","0","@kangmeirza @jokowi @Y_Radianto @BadjaNuswantara @P3nj3l4j4h @heniunique @SiswantiYeni @Dwiyana_DKM @RizmaWidiono @04Nakula @MurtadhaOne @kangdede78 Kalau merakyat harus begitu","1080248110893326336","","kangmirdja","in","","0","0","0","https://x.com/undefined/status/1080248110893326336","112653922",
"1080248105876873217","Tue Jan 01 23:43:13 +0000 2019","1","Profil Doni Monardo Eks Jenderal Kopassus Ditunjuk Presiden Jokowi Jadi Kepala BNPB yang Baru https://t.co/agcprAGoYG","1080248105876873217","","","in","","0","0","0","https://x.com/undefined/status/1080248105876873217","80885324",
"1079906467082203136","Tue Jan 01 23:43:08 +0000 2019","0","@jokowi AMIN........","1080248085396172801","","jokowi","en","","0","0","0","https://x.com/undefined/status/1080248085396172801","1076864694890065920",
"1079447802550222848","Tue Jan 01 23:43:06 +0000 2019","1","@RenataSyarif @FaGtng @Next_J2P @KoRnHurry @Ze_sukma @_ANDRE_OCTA_ @HodlandHutapea @besmartyk @EliasAdi79 @EksaYovie @nemosyus @Antri_Mati @CeciliaSuwanda1 @zoelfick @jokowi @basuki_btp @TheArieAir @Takviri @joxzin_jogja @Nanaa_rosaa @prabowo @Humas_MKRI @04Nakula @mohmahfudmd Jadikanlah Godaan Para Kaum Kamperet alias kampret alias kutu Kupret Anggap seperti Godaan meminta kita berbuka separoh jalan atas Puasa yang sedang istiqomah kita jalankan.","1080248077275914240","","RenataSyarif","in","","0","0","0","https://x.com/undefined/status/1080248077275914240","1050666252769742850",
"1079770598094471172","Tue Jan 01 23:43:04 +0000 2019","0","@NickyRaysah @DRusfandy @Ferdinand_Haean Prabowo itu bisa ngaji kok ....... Trus ..... Mo diapain kalo dia bisa ngaji? Sebenernya mo nyari presiden atau guru ngaji sih?","1080248068740591621","","ruly_nickyharta","in","","1","1","0","https://x.com/undefined/status/1080248068740591621","969743164490768384",
"1079597660296736768","Tue Jan 01 23:42:56 +0000 2019","3","@hambakail @PriyoBudiS @PrinceI26570775 @jokowi Dia taunya nama nama ikan","1080248037413273601","","hambakail","in","","0","1","0","https://x.com/undefined/status/1080248037413273601","732241614",
"1080247999593246720","Tue Jan 01 23:42:47 +0000 2019","0","Diminta Jokowi LIPI Kembangkan Teknologi Alternatif Buoy Pantau Tsunami https://t.co/mCyDinvHPN","1080247999593246720","https://pbs.twimg.com/media/Dv3P1JfXcAEKZNZ.jpg","","in","","0","0","0","https://x.com/undefined/status/1080247999593246720","3288053485",
"1080205916773871616","Tue Jan 01 23:42:47 +0000 2019","1","@Ardhan_syahil @Pandixa_Dz @prabowo @sandiuno @jokowi Tolong mbk @jiiviiew kampret durhaka ini dikondisikan....nyesek hati ini liat kelakuannya.","1080247996783054849","","","in","","0","0","0","https://x.com/undefined/status/1080247996783054849","2873593399",
"1080245632676245504","Tue Jan 01 23:42:38 +0000 2019","2","@telukjambe Saya ga cuma ditinggalin tapi di ancem juga. Diancem bakal ngalamin diskriminasi lebih parah kalau bukan Jokowi yg menang. Kesel sih. Dalam hati mikir selama ini Jokowi jadi presiden tapi ga ngerasain ada kebijakan dia yg pro minoritas.","1080247961173471233","","telukjambe","in","","0","2","0","https://x.com/undefined/status/1080247961173471233","939337818156908544",
"1079916465417900037","Tue Jan 01 23:42:36 +0000 2019","0","@IraVinar @whitemuskd @SBYudhoyono @KemenkesRI @BPJSKesehatanRI @KemenkeuRI @jokowi Klo jamanan Askes tdk seribet ini... BPJS percobaan tdk sesulit ini... Entahlah jaman pemerintahan skrg... Menyulitkan kami yg dilapangan jg...","1080247951799181312","","inassagita","in","","0","0","0","https://x.com/undefined/status/1080247951799181312","197780437",
"1080247924414509056","Tue Jan 01 23:42:29 +0000 2019","0","Tol laut itu apa sih... Yaa itu kapal feri Roro * Yg tau tuh pakde @jokowi","1080247924414509056","","","in","","0","0","0","https://x.com/undefined/status/1080247924414509056","255536573",
"1078649146049912833","Tue Jan 01 23:42:10 +0000 2019","0","@rahim_rambe @prabowo Bs menghrpkan demikian jk kt tau banget dgn capability figur seorang Capres.. kt memilih seseorg utk menjd Pemimpin Bgsa ini itu kt hrs paham btl sikap dan Watak dr Kandidat.. mas bro ini Negara.. bkn Kotamadya atau kabupaten.. Moralitas dan Adab itu priority..","1080247845175779328","","rahim_rambe","in","","0","0","0","https://x.com/undefined/status/1080247845175779328","3408965892",
"1079972041246162944","Tue Jan 01 23:42:10 +0000 2019","0","@jokowi Trus semangat pak Jokowi...tahun baru semangat baru","1080247844777279492","","jokowi","in","","0","0","0","https://x.com/undefined/status/1080247844777279492","1074312497312616448",
"1079972041246162944","Tue Jan 01 23:42:07 +0000 2019","0","@jokowi Wek kok mentolo to bpke ngendiko mboten wonten ingkang istimewa dahar sate ngunjuk wedang ronde niki nggeh enten rakyat Alit pun maleh nedo sate pak mados pakaryan ngge tumbas beras kok nggeh ewet nggeh oak","1080247831816855554","","jokowi","in","","0","0","0","https://x.com/undefined/status/1080247831816855554","1076474165526355968",
"1080238854416752640","Tue Jan 01 23:42:03 +0000 2019","13","@RajaPurwa @prabowo @sandiuno Insyaallah Jateng akan jadi mimpi buruk bagi jikoww dn gerombolannya #RangkulRebutJateng #2019GantiPresiden https://t.co/LP2szd24cD","1080247814632787968","https://pbs.twimg.com/media/Dv3Po3KVYAAJa12.jpg","RajaPurwa","in","","1","1","1","https://x.com/undefined/status/1080247814632787968","821051047254708224",
"1079956453195079680","Tue Jan 01 23:41:56 +0000 2019","0","@yusuf_dumdum @yusufdumdum loe jaga toleransi hargai agama lain skalipun @prabowo ada di situ bukan skedar hura 2 tapi menjaga toleransi beragama tdk spertimu yg agama islam tapi keturunan abu jahal abu lahab dasar anjing busuk loe...!","1080247782798020608","","yusuf_dumdum","in","","0","1","0","https://x.com/undefined/status/1080247782798020608","1029589229066641408",
"1080055147978416128","Tue Jan 01 23:41:50 +0000 2019","1","@RVerandika @Anas_Tasya18 @LusiHQ @JunjungUji @psi_id @jokowi Nah itu jenis ky kamu","1080247758865412096","","RVerandika","in","","0","0","0","https://x.com/undefined/status/1080247758865412096","859354153",
"1079543416361431040","Tue Jan 01 23:41:45 +0000 2019","0","@rojalirozack @SiegerAnwalt @JackTheRock4 @NurSyahbana9 @jokoedy6 Realita itu jokowi presiden ","1080247739072446464","","rojalirozack","in","","0","1","0","https://x.com/undefined/status/1080247739072446464","168516686",
"1079954983213121536","Tue Jan 01 23:41:33 +0000 2019","0","@hericz @sarasdewi @Ranaditya @Bijiganja Prabowo was in the regizme as seen in the video. That means he was guilty for the termination of some people. The driver of Prabowo was working for the rezime. That means he was also responsible for the case. Then because of that Jokowi is better in economy. Is that your logic?","1080247688094863360","","hericz","en","","0","1","0","https://x.com/undefined/status/1080247688094863360","1012516678805041152",
"1080247660030832640","Tue Jan 01 23:41:26 +0000 2019","0","Deklarasi Pemilu Damai 2019 Lurah Baurung berserta Staf https://t.co/BCAhD5pksX","1080247660030832640","https://pbs.twimg.com/ext_tw_video_thumb/1080247535321534464/pu/img/GNKLtxYB-6jnhAhC.jpg","","in","","0","0","0","https://x.com/undefined/status/1080247660030832640","845094332856119296",
"1080041723739332608","Tue Jan 01 23:41:21 +0000 2019","0","@JKFC23456789 @fadlizon @jokowi @TheArieAir @RizmaWidiono @kangdede78 @fadjroeL @P3nj3l4j4h @CH_chotimah Di cucuk ruh congkr fz layak dah...","1080247639512252417","","JKFC23456789","in","","0","0","0","https://x.com/undefined/status/1080247639512252417","1015481099537899521",
"1080247627428487168","Tue Jan 01 23:41:19 +0000 2019","0","Mereka bangga dgn capres mereka yg suka import pada hal dulu capres mereka anti impor. Seharusnya jika kita di bohongi atomatis kita tak akan percaya lagi. @don_rahmad @EAndesla @datuakmangkuto @hendriabidin2 https://t.co/8LaWH2N9M2","1080247627428487168","","","in","","0","0","0","https://x.com/undefined/status/1080247627428487168","485659468",
"1079701758614462465","Tue Jan 01 23:41:15 +0000 2019","0","@Imamieerde @yusuf_dumdum @prabowo @MardaniAliSera makin ngawur..hebat bener analisanya ..ayo para keluarga korban penculikan ramai ramai lapor lagi dong ...pak @wiranto1947 tolong angkat lagi kasusnya @prabowo ..penting nih","1080247610907062272","","Imamieerde","in","","0","1","0","https://x.com/undefined/status/1080247610907062272","910860088973303808",
"1079596930118836225","Tue Jan 01 23:41:12 +0000 2019","0","@Dahnilanzar @prabowo Emang Prabowo punya kemampuan lah dalam hidupnya ja selalu gagal Gagal nyapres gagal berumah tangga gagal jadi tentara .. Masih mau bantah kau ..? Mikiiiirr .....","1080247601524424704","","Dahnilanzar","in","","0","0","0","https://x.com/undefined/status/1080247601524424704","978197728122478592",
"1080247562572124160","Tue Jan 01 23:41:03 +0000 2019","0","Kenaikan gaji PNS SBY berkali kali. JOKOWI SKALI tp bangganya meroket dan diberitakan media heboh. https://t.co/sJtsPJMU3j","1080247562572124160","","","in","","0","0","0","https://x.com/undefined/status/1080247562572124160","783891327255654401",
"1080095540849733634","Tue Jan 01 23:40:52 +0000 2019","1","@FaGtng @woelannnn @jokowi Sepertinya gerakan-gerakan mereka hanya terlihat ditingkatan atas sedang di bawah masih belum terlihat sama sekali dan ini berbahaya.","1080247515880906752","","FaGtng","in","","0","0","0","https://x.com/undefined/status/1080247515880906752","387503902",
"1080247505915277312","Tue Jan 01 23:40:50 +0000 2019","0","Para Jubir Prabowo Kompak Tolak Tes Baca Alquran! Ketua Dai Aceh Akhirnya Angkat Bicara https://t.co/CrMr5FvmBf","1080247505915277312","","","in","","0","0","0","https://x.com/undefined/status/1080247505915277312","50808477",
"1080013293522042881","Tue Jan 01 23:40:46 +0000 2019","0","@gm_gm Malah mantul ke muka jokowi....piye to mbah ","1080247492707414016","","gm_gm","in","","0","0","0","https://x.com/undefined/status/1080247492707414016","615652220",
"1080247486021754880","Tue Jan 01 23:40:45 +0000 2019","0","Menurut Gus Dur mana yg kira2 akan di pilih oleh rakyat&amp;akan di terima oleh rakyat. Jawaban Gus Dur: KALO ORANG YG PALING IKHLAS KEPADA RAKYAT ITU YAITU PRABOWO. (Dokumentasi TV ONE tahun 2009). KENAPA VIDEO... https://t.co/xlaRjRucdJ","1080247486021754880","","","in","","0","0","0","https://x.com/undefined/status/1080247486021754880","538040905",
"1079915331429195777","Tue Jan 01 23:40:27 +0000 2019","0","@Syahab29885285 @hudattamini @SBYudhoyono @Ferdinand_Haean @AndiArief__ Anda kurang mengerti ata bagaimana.uu pemili memperbolehkan 2 preiode.klo rakyat menghendaki pak jokowi jadi 2 priode.knp ngga?","1080247412260663296","","Syahab29885285","in","","0","0","0","https://x.com/undefined/status/1080247412260663296","953126710202941440",
"1080001884260192259","Tue Jan 01 23:40:13 +0000 2019","0","@marierteman @fadlizon Klu Prabowo jelas pencitraan mendekati Pilpres...sebelum Capres No 2 melakukan Itu....Capres No 1 sdh melakukan duluan...tertinggal jauh bung....hahaha","1080247353729110016","","marierteman","in","","0","0","0","https://x.com/undefined/status/1080247353729110016","1079229027724886016",
"1079192659879575553","Tue Jan 01 23:40:05 +0000 2019","0","@GunRomli @prabowo @sandiuno @PBIDI @KemenkesRI Mohon @PBIDI agar mengusut RS mana dan memberikan sanksi tegas karena ini soal kode etik profesi. Keselamatan nyawa pasien diabaikan demi kepentingan tertentu. Terlepas daripada jari mereka berapa yang diacungkan tapi ini soal etika profesi","1080247319872716800","","GunRomli","in","","0","0","0","https://x.com/undefined/status/1080247319872716800","917072507567353856",
"1079918212374917121","Tue Jan 01 23:39:57 +0000 2019","0","@SiharMHSitorus @periiode @hariadhi @ReyFardhi @JajangRidwan19 @jimmyherdyansy2 @AanCblack @qqrizq @EkaRusdi1 @TheArieAir @BosErvan Ya Iyalah Hanya Orang Dungu yg Percaya Berita MURAHAN itu. Dalam UU Pemilu itu Polisi dpt Mengeluarkan SKKB sebagai petsyratan CALON PRESIDEN WAKIL PRESIDEN itu jika yg bersangkutan tidak punya ctatan Kriminal atau Pelanggaran HAM.","1080247286142095362","","SiharMHSitorus","in","","0","2","0","https://x.com/undefined/status/1080247286142095362","1041457576402010112",
"1080247229858762752","Tue Jan 01 23:39:44 +0000 2019","0","ARSIP CNN Indonesia!KEJAHATAN TERHADAP KEMANUSIAAN YANG DILAKUKAN AUSTRALIA INI HARUS DIHENTIKAN SEKARANG JUGA! @DubesAustralia @INAEmbAUS @Menlu_RI @MarisePayne @Kemlu_RI @dfat @kemaritiman @KemenLHK @kkpgoid @KomnasHAM Cc @ScottMorrisonMP @jokowi https://t.co/ORdUjdlsOC","1080247229858762752","","","in","","0","1","0","https://x.com/undefined/status/1080247229858762752","754288945",
"1079723997321879554","Tue Jan 01 23:39:40 +0000 2019","0","@MrMujahid17 @PEPESOfficial @RanupsProSandi @SurYosodipuro_ @Dody_Lukas___ @MichelaniaAdam @dapitdong @maspiyuuu @LisaAmartaTara Singaciro lngsung pucat dan batalkan tes ngaji..klau ternyata prabowo bisa ngaji ","1080247212574035969","","MrMujahid17","in","","0","0","0","https://x.com/undefined/status/1080247212574035969","948819411174965248",
"1080247209805766656","Tue Jan 01 23:39:39 +0000 2019","0","Tdk adil di dimana? Ya memang tdk adil bagi orang2 yg mau korup selama pemerintahan Jokowi.","1080247209805766656","","","in","","0","0","0","https://x.com/undefined/status/1080247209805766656","1076887545076535298",
"1077544240459145217","Tue Jan 01 23:39:38 +0000 2019","0","@jhonjhoni20 @mohmahfudmd Iya bener. Uas dlu mendukung tgb untuk menyalonkan capres atau cawapres sblm tgb ngumumin klo beliau akhirnya dukung pak jokowi.ada di youtube..","1080247207591174144","","jhonjhoni20","in","","0","0","0","https://x.com/undefined/status/1080247207591174144","1016252828581441536",
"1079942057492328448","Tue Jan 01 23:39:38 +0000 2019","1","@YohanesPatty1 @TopeRendusara @panca66 Ngeles kaya bajaj...silsilah capres itu pemimpin negeri bukan kolam butek.","1080247207280795648","","YohanesPatty1","in","","0","2","0","https://x.com/undefined/status/1080247207280795648","242190024",
"1079992403518341120","Tue Jan 01 23:39:35 +0000 2019","0","@hisar_manalu @begukoya @saididu Gw mau sampein ke bro hm Apa hebatnya membangun kalau modalnya dari hutang? Satu lagi... semua presiden berhutang ketika menjabat namun cuma jokowi yang koar2 uangnya ada dan tolah hutang luar negri tapi faktanya... hutang juga kan Kaya gini mqu dibanggain?","1080247192458129408","","hisar_manalu","in","","0","1","0","https://x.com/undefined/status/1080247192458129408","190512271",
"1080095540849733634","Tue Jan 01 23:39:29 +0000 2019","0","@FaGtng @woelannnn @jokowi https://t.co/i4ToVkZZ2U","1080247166013075456","https://pbs.twimg.com/media/Dv3PElMUUAAXLqh.jpg","FaGtng","qme","","0","0","0","https://x.com/undefined/status/1080247166013075456","1068254970170892288",
"1080058458752204800","Tue Jan 01 23:39:27 +0000 2019","0","@LisaAmartaTara @prabowo @sandiuno @fadlizon @Ferdinand_Haean @MbahUyok Semangat Maak!!! Barakallah!","1080247161399332864","","LisaAmartaTara","in","","0","0","0","https://x.com/undefined/status/1080247161399332864","1038676071275671552",
"1080247156085186560","Tue Jan 01 23:39:26 +0000 2019","0","Bener banget. Kubu sono ampe mau putus2 otot lehernya biar @rockygerung berenti berargumen yg smakin membuat mereka minder. Maukah @jokowi mengundang @rockygerung ke istana?","1080247156085186560","","","in","","0","0","0","https://x.com/undefined/status/1080247156085186560","74747647",
"1080247127479996417","Tue Jan 01 23:39:19 +0000 2019","0","Bosen pak @prabowo hoax mulu buktiin lah omongan laki laki itu nyata","1080247127479996417","","","in","","0","0","0","https://x.com/undefined/status/1080247127479996417","455538942",
"1079906467082203136","Tue Jan 01 23:39:19 +0000 2019","0","@jokowi Amin yralamin sukses slu","1080247127391883264","","jokowi","fi","","0","0","0","https://x.com/undefined/status/1080247127391883264","1050503867866050560",
"1080247111487127552","Tue Jan 01 23:39:16 +0000 2019","0"," PBB akui kehebatan pemerintahan Jokowi dalam program ketahanan pangan IMF aku pelayanan kesehatan yang baik. Dunia akui kehebatan Menkeu dalam kebijakan keuangan dan pengelolaan utang. Ini yang sangat membuat kita terpukau","1080247111487127552","","","in","","0","0","0","https://x.com/undefined/status/1080247111487127552","1008511434735538176",
"1080247111382327297","Tue Jan 01 23:39:16 +0000 2019","0","*Tulisan Pemilu Damai Dan Deklarasi PEMILU Damai_* https://t.co/UhtbXUeSFy","1080247111382327297","https://pbs.twimg.com/media/Dv3PAOWUcAAb_82.jpg","","in","","0","0","0","https://x.com/undefined/status/1080247111382327297","972103061618348033",
"1080247080545804288","Tue Jan 01 23:39:08 +0000 2019","0","*Tulisan Pemilu Damai Dan Deklarasi PEMILU Damai_* https://t.co/FSmZi9S73C","1080247080545804288","https://pbs.twimg.com/media/Dv3O-YMU8AArnRc.jpg","","in","","0","0","0","https://x.com/undefined/status/1080247080545804288","972103061618348033",
"1080247069758021632","Tue Jan 01 23:39:06 +0000 2019","0","Team @jokowi terlalu sibuk mengomentari tingkah laku toko sebelah.. hati hati.","1080247069758021632","","","in","","0","0","0","https://x.com/undefined/status/1080247069758021632","3336620474",
"1080247051793756160","Tue Jan 01 23:39:01 +0000 2019","0","*Tulisan Pemilu Damai Dan Deklarasi PEMILU Damai_* https://t.co/I7g3UN0grh","1080247051793756160","https://pbs.twimg.com/media/Dv3O8ulVAAAiZAp.jpg","","in","","0","0","0","https://x.com/undefined/status/1080247051793756160","972103061618348033",
"1079305157962153984","Tue Jan 01 23:38:48 +0000 2019","0","@arie_vaaz @DonnyBonardo @sandiuno Prabowo sandi ","1080246997100126208","","arie_vaaz","in","","0","0","0","https://x.com/undefined/status/1080246997100126208","914713805904429057",
"1080246969715482624","Tue Jan 01 23:38:42 +0000 2019","0","Dalam pemilu selalu banyak kemungkinan waktu yang paling tepat memberi jawaban dan hasil yang pasti sesudah hari pencoblosan https://t.co/u3Ie9ALz4i","1080246969715482624","","","in","","0","0","0","https://x.com/undefined/status/1080246969715482624","114452217",
"1079963701413785601","Tue Jan 01 23:38:26 +0000 2019","0","@PejuangFPI @visiau Blm di perlukan krn menghargai ketdk mampuan prabowo baca alquran tp klo urusan duniawi dgn bhs inggris dj pasrikan prabowo ngofot adu debat.","1080246901683806208","","PejuangFPI","in","","0","1","0","https://x.com/undefined/status/1080246901683806208","1015481099537899521",
"1080246900790517760","Tue Jan 01 23:38:25 +0000 2019","15","Pramugari Pesawat Kepresidenan Kaget Lihat Tingkah Jokowi Saat Bersihkan Mejanya: Baru Pertama Kali https://t.co/NgWJcMp02K","1080246900790517760","","","in","","0","0","9","https://x.com/undefined/status/1080246900790517760","379217034",
"1080098947580874759","Tue Jan 01 23:38:24 +0000 2019","0","@Fahrihamzah @jokowi Terlepas dari kasus Ahok. Jika bersaksi mengaku terpaksa bisa tergolong saksi palsu tidak om ? Klo memberikan kesaksian palsu ada tindak pidana ga om ?","1080246893362393088","","Fahrihamzah","in","","0","0","0","https://x.com/undefined/status/1080246893362393088","1179500563",
"1079991303935451136","Tue Jan 01 23:38:22 +0000 2019","0","@PEPESOfficial @swulll @prabowo @sandiuno @fadlizon @Fahrihamzah @Gerindra Militan cerdas dan santun #2019PresidenBaru","1080246885489684480","","PEPESOfficial","in","","0","0","0","https://x.com/undefined/status/1080246885489684480","1009450991316422656",
"1080136717636497408","Tue Jan 01 23:38:21 +0000 2019","1","@chicohakim @sandyhemawan @prabowo Orang 'pinter' dibisikin orang 'pinter' dan ditelen bulat2 hahahaha..........ternyata kau capres ketinggalan zaman !!","1080246883354763264","","chicohakim","in","","0","0","0","https://x.com/undefined/status/1080246883354763264","883973329333362688",
"1080062610018422784","Tue Jan 01 23:38:18 +0000 2019","0","@madedogler80 @tedi_pirmansyah Hua ha ha ha.. Prabowo juga ha ha ha...","1080246869110841345","","madedogler80","in","","0","0","0","https://x.com/undefined/status/1080246869110841345","974256049539620864",
"1080246117353177089","Tue Jan 01 23:38:12 +0000 2019","1","Trus klo anda @ustadtengkuzul Melihat vidio ini dilakukan Capres yg ngaku nya NKRI anti Asing Aseng?! Apa yg ada dipikiran sehat ente tadz???! https://t.co/LRXGIZqByg","1080246844062482432","https://pbs.twimg.com/ext_tw_video_thumb/1080246161288572928/pu/img/jyCsIOp_cJg4V3UB.jpg","NingTiny1881","in","","0","1","1","https://x.com/undefined/status/1080246844062482432","1028865122209415168",
"1079659000608612352","Tue Jan 01 23:38:06 +0000 2019","0","@yusfi5150 @MNurdin90242367 @Fahrihamzah @prabowo Intinya lanjutkan jw 2p.....siap","1080246820968660993","","","in","","0","0","0","https://x.com/undefined/status/1080246820968660993","283407094",
"1078649146049912833","Tue Jan 01 23:38:02 +0000 2019","0","@prabowo pak di ajak ngaji di aceh knp takut datang?","1080246804233351168","","prabowo","in","","0","0","0","https://x.com/undefined/status/1080246804233351168","3277127496",
"1079972041246162944","Tue Jan 01 23:37:48 +0000 2019","0","@jokowi Kita sebagai rakyat adalah saksi...kesederhanaan jokowi adalah bagian dari nilai2 Pancasila yaitu adanya nilai2 keadilan ...semoga .........","1080246745223684096","","jokowi","in","","0","0","0","https://x.com/undefined/status/1080246745223684096","3114862812",
"1080246743806005248","Tue Jan 01 23:37:48 +0000 2019","0","Jokowi dimodalin ribuan trilyun APBN ga bisa berbuat apa2 bahkan negara hampir bangkrut karna hutangnya Prabowo sejahrerakan Kopassus dari usaha sendiri dan uang pribadi sedang anda hanya menunggu nasi bungkus dari raskin ga pnya malukah anda ","1080246743806005248","","","in","","0","0","0","https://x.com/undefined/status/1080246743806005248","739296590712561664",
"1080136717636497408","Tue Jan 01 23:37:44 +0000 2019","3","@chicohakim @prabowo Ini tuduhan serius apakah @rscm_official diam saja ?","1080246727649554432","","chicohakim","in","","0","0","0","https://x.com/undefined/status/1080246727649554432","937828966479511552",
"1080246705784647680","Tue Jan 01 23:37:39 +0000 2019","0","Goublok nya memangnya April 2019 prabowo mau ikutan pemilihan komandan kopassus??! Ya monggo sih..!! cc. @cumarachel","1080246705784647680","","","in","","0","0","0","https://x.com/undefined/status/1080246705784647680","1028865122209415168",
"1079550022306263040","Tue Jan 01 23:37:32 +0000 2019","1","@zulfahmicoen @mandhoeng80 @ianoktalian @jokowi berarti kalo di ibaratkan begini bpk ikut seleksi kerja dan lolos trus ditunjuk sama bos jadi manager terus kerjaan bapak ga bener trus bosnya yg di salahkan?","1080246675669606405","","","in","","0","0","0","https://x.com/undefined/status/1080246675669606405","962645401248518145",
"1080216633610825728","Tue Jan 01 23:37:25 +0000 2019","9","@Sinoeng69 @satpolpp_jateng @ganjarpranowo @TajYasinMZ @provjateng @Banggajtg @sangtiand @GisellaCik @Bima_55 @Jateng_Twit @SatpolppW @SatlinmasM @satpolpp_PML @jokowi @satpolppwng @SatpolPPKudus @MujizatMerapi @kominfo_jtg @GRMS_JATENG @satpolppdemak17 @satpolpprbg @pkl_satpolpp @hendrarprihadi @puspindes @anakdesaid Bismillah Allahu Akbar.!!! Wilujeng enjang Hari #1 berdinas di #2019. Do'a pa @ganjarpranowo : Semoga Sukses Sehat Rejekinya berkah jangan lupa mbayar Zakat mjaga Persaudaraan dan Tolong Menolong Aamiin. #JatengGayeng #Indonesia #AyoKerjaManeh https://t.co/EFEbGoJPdv","1080246646250758144","https://pbs.twimg.com/ext_tw_video_thumb/1080246580068765696/pu/img/EMR1AsjS57gUhdph.jpg","Sinoeng69","in","","0","0","4","https://x.com/undefined/status/1080246646250758144","816949942463758338",
"1080153839632707584","Tue Jan 01 23:37:14 +0000 2019","8","@haikal_hassan Semoga di tahun yang baru ini Ustadz @haikal_hassan berhasil ngajarin pak Prabowo ngaji dan ibadah yang bener.. Dan semoga di tahun yang baru ini kami mendapatkan ulama-ulama yang mengajarkan kami mengenai agama lebih dlam lg tidak sibuk dengan kepentingan duniawi. Amin","1080246600096600065","","","in","","0","2","1","https://x.com/undefined/status/1080246600096600065","1048804996613959680",
"1080020854468014080","Tue Jan 01 23:37:13 +0000 2019","0","@eko_kuntadhi benar prabowo dikawal 2 malaikat utk mencatat keburukan yg dia lakukan selama ini","1080246598435631105","","_ekokuntadhi","in","","0","0","0","https://x.com/undefined/status/1080246598435631105","1071250885328625664",
"1080134336089751552","Tue Jan 01 23:37:01 +0000 2019","0","@AMNoor83640090 @yusuf_dumdum TELAH DATANG SANG JURU SELAMAT Pak Jokowi adalah...SANG JURU SELAMAT FREEPORT ROKAN MAHAKAM PETRAL LAPINDO BBM SATU HARGA NATUNA ASAP RIAU INFRASTRUKTUR NKRI DLL klu yang lain itu cuma... JURU NYINYIR dan JURU GORENG aja tuuhh","1080246546732470272","","AMNoor83640090","in","","0","1","0","https://x.com/undefined/status/1080246546732470272","716136875178663936",
"1080246540411850753","Tue Jan 01 23:36:59 +0000 2019","0","Pemilu 2019 aman damai dan sejuk https://t.co/T6N46ROCIk","1080246540411850753","","","in","","0","0","0","https://x.com/undefined/status/1080246540411850753","974626486668832768",
"1080246527715508224","Tue Jan 01 23:36:56 +0000 2019","5","Benar kata Gus Dur.. @prabowo adalah orang yang paling ikhlas...","1080246527715508224","","","in","","0","0","1","https://x.com/undefined/status/1080246527715508224","240071842",
"1079597660296736768","Tue Jan 01 23:36:55 +0000 2019","2","@PriyoBudiS @PrinceI26570775 Pak @jokowi tahu gak mereka lagi bicara apa ? #2019GantiPresiden","1080246519989583872","","PriyoBudiS","in","","0","1","1","https://x.com/undefined/status/1080246519989583872","1075588385148874757",
"1080085930696835077","Tue Jan 01 23:36:43 +0000 2019","0","@fadlizon Itu km sdh tau Zon...yg bikin mundur kan Kaumu sendiri Kaum Kampret yg Otaknya terbalik..jadi pola pikirnya serba terbalik...trs anda mau nyalahin Pak Jokowi ya...","1080246473516670976","","fadlizon","in","","0","0","0","https://x.com/undefined/status/1080246473516670976","1079229027724886016",
"1079692646954688513","Tue Jan 01 23:36:43 +0000 2019","0","@KompasTV Ha ha ha. Mereka itu kayaknya PARTAI PELIT. NANTI KALO PRABOWO-SANDI MENANG. PALING DULUAN MINTA JATAH JABATAN","1080246470266171392","","KompasTV","in","","0","0","0","https://x.com/undefined/status/1080246470266171392","1071266348200681472",
"1078649146049912833","Tue Jan 01 23:36:40 +0000 2019","0","@daniellim_bong @prabowo Yg tua makruf Amin kawan.. jkowi pun sdh kurus.. adu tanding pun jokowi gak bakal menang dg prabowo.. hhhhhhh.. mikir lah sblm komntar.. hehehe.. wi turun..!!!","1080246459809710080","","dandanillalimbo","in","","0","0","0","https://x.com/undefined/status/1080246459809710080","1077797904230756354",
"1079978492266070017","Tue Jan 01 23:36:38 +0000 2019","0","@saididu Sakit hati dan balas dendam ya pak? Hahaha dan kesalahan pak @jokowi adlh merekrut anda menjadi pejabat.","1080246451098144768","","saididu","in","","0","0","0","https://x.com/undefined/status/1080246451098144768","1026644406181322752",
"1080246433184243712","Tue Jan 01 23:36:34 +0000 2019","0","Jokowi Perintahkan BMKG Beli Pendeteksi Tsunami Terbaik https://t.co/ZgK0MhBdxL","1080246433184243712","","","in","","0","0","0","https://x.com/undefined/status/1080246433184243712","963728833382727680",
"1080246421410873344","Tue Jan 01 23:36:31 +0000 2019","4","Semangat pagi..... Para Buzzer apa sdh bangun atau masih tertidur lelap dlm mimpi indahnya? Rangkulah yg antipati menjadi simpatik Rangkulah yg golput agar memilih Rangkulah yg memukul dan jadikan teman Maka Pemilu dama akan dirasakan Pemilu Demokratis ba terwujud #SalamPagi","1080246421410873344","","","in","","0","0","4","https://x.com/undefined/status/1080246421410873344","741631849244413957",
"1080237408338231297","Tue Jan 01 23:36:26 +0000 2019","0","@jaringmediaumat TERTEKAN &amp; TERPAKSA Masih mau dipimpin oleh capres/cawapres yg telah kehilangan integritas n komitmen..??? Hancur negeri ini..... https://t.co/Z1D1Xb0i7j","1080246398442860544","https://pbs.twimg.com/media/Dv3OXnmUYAA62wq.jpg","tendabesar","in","","0","0","0","https://x.com/undefined/status/1080246398442860544","966317231687712769",
"1080016438285426688","Tue Jan 01 23:36:19 +0000 2019","0","@kompascom Ini pasti gara Pk'de Jokowi yg bikin susah korupsi","1080246371385397249","","kompascom","in","","0","0","0","https://x.com/undefined/status/1080246371385397249","1072522125641043968",
"1079617859720892416","Tue Jan 01 23:36:08 +0000 2019","0","@jokowi Terima kasih pak @jokowi karna perizinan untuk wiraswasta smakin di permudah.. pelaporan pajak semakin mudah.. semoga tol jakarta cikampek cepat selesai supaya ga macet lagi..","1080246324442718209","","jokowi","in","","0","0","0","https://x.com/undefined/status/1080246324442718209","141087006",
"1080246320042979328","Tue Jan 01 23:36:07 +0000 2019","1","Amien Rais Sebut yang Mendesak Dirinya Mundur oleh 5 Pendiri PAN Adalah Pendukung Jokowi https://t.co/AjswXQh7IU","1080246320042979328","","","in","","0","0","0","https://x.com/undefined/status/1080246320042979328","253383672",
"1080037789922557952","Tue Jan 01 23:36:06 +0000 2019","0","@swulll @PEPESOfficial @prabowo @Gerindra Menanti bulan April masuk ke bilik suara utk memilih No.2","1080246317698318336","","swulll","in","","0","0","0","https://x.com/undefined/status/1080246317698318336","1006785653663850499",
"1079762052522987520","Tue Jan 01 23:36:06 +0000 2019","1","@saididu Fakta dunia militer menantu presiden rezim ORBA Prestasi prabowo dimiliter hanya dalam kurun waktu 1 5 th naik pangkat 3 kali. Tapiiii Prestasi paling fenomenal Prabowo dipecat dari ABRI. https://t.co/vJsbsoPlQG","1080246315752157184","","saididu","in","","0","0","0","https://x.com/undefined/status/1080246315752157184","1054539941827366912",
"1080246304956022784","Tue Jan 01 23:36:03 +0000 2019","0","Prestasi 4 Tahun Pemerintahan @jokowi yang selalu berpihak kepada rakyat ...! KERJA KERAS dan IKHLAS melahirkan Fakta masa depan CEMERLANG ... #01JanuariJokowi #01JokowiMenang #01JokowiPresiden ... https://t.co/FToxbI0swa","1080246304956022784","https://pbs.twimg.com/ext_tw_video_thumb/1080116185855717376/pu/img/duAV4RFNuAZfZYtX.jpg","","in","","0","0","0","https://x.com/undefined/status/1080246304956022784","1002756911622586368",
"1080126964566962176","Tue Jan 01 23:36:03 +0000 2019","3","@IsNkri Mereka gak tau klo pak prabowo pernah tinggal di Yordania yg bahasanya arab memang repot berhadapan dgn orang dungu. Apalagi klo dungu nya pake banget","1080246304133898240","","IsNkri","in","","0","0","0","https://x.com/undefined/status/1080246304133898240","806044705611862016",
"1080246277663797248","Tue Jan 01 23:35:57 +0000 2019","0","Di bumi nusantara ini ada sekelompok orang yg menganggap salah satu capres bila jadi presiden akan membawa kiamat bagi Indonesia. Orang-orang macam ini memosisikan tuhan di https://t.co/DUv3eEK0bC","1080246277663797248","","","in","","0","0","0","https://x.com/undefined/status/1080246277663797248","144313772",
"1079956453195079680","Tue Jan 01 23:35:56 +0000 2019","1","@yusuf_dumdum ASTAGHFIRULLOH..!!! Jokowi salah ucap lahaula jadi la kalaw kalaw kata ila billah ... https://t.co/lg6aAA0VSO","1080246274085904384","","yusuf_dumdum","in","","0","0","1","https://x.com/undefined/status/1080246274085904384","985277327960522752",
"1079956453195079680","Tue Jan 01 23:35:52 +0000 2019","5","@yusuf_dumdum Ini tari Sajojo dari Papua. Tarian pergaulan. Bisa aja besok pak Prabowo menari Tor Tor ditanah Batak. Ada yang salah dengan ini? Aneh kok ada yg bilang ini tarian natal yang ngomong itu orang Indonesia atau bukan sih ya kok gak kenal budaya sendiri.","1080246255991681024","","yusuf_dumdum","in","","0","1","0","https://x.com/undefined/status/1080246255991681024","140102699",
"1080048518163648518","Tue Jan 01 23:35:50 +0000 2019","0","@geloraco Klo jokowi bgini abis dah dibilang pncitraan","1080246250413248512","","geloraco","in","","0","0","0","https://x.com/undefined/status/1080246250413248512","738296383728275457",
"1080089300815867904","Tue Jan 01 23:35:35 +0000 2019","1","@murny7 @Jeonum1203 Jokowi is the best","1080246186517229568","","murny7","en","","0","1","0","https://x.com/undefined/status/1080246186517229568","852504035877806084",
"1080235213991493632","Tue Jan 01 23:35:25 +0000 2019","2","@eko_kuntadhi Dan klo prabowo keluarin video jaman old waktu dia msh gagah blm miring mulutnya ...saya usul klo pak Jokowi keluarkan video calon lawan capres abadi masa depan...Jan Ethes...","1080246143257260032","","_ekokuntadhi","in","","0","0","0","https://x.com/undefined/status/1080246143257260032","349094592",
"1079395387222491136","Tue Jan 01 23:35:24 +0000 2019","0","@liputan6dotcom Di mana kaum bani nanas di saat capres hasil ijtima dansa dansa di natalan wudhu salah kaki dsb? Apa dia pantas disebut mewakili agama mayoritas di negeri ini?","1080246140241510402","","liputan6dotcom","in","","0","0","0","https://x.com/undefined/status/1080246140241510402","74624699",
"1080130500193181696","Tue Jan 01 23:35:19 +0000 2019","0","@Ferdinand_Haean Saya akan berterima kasih dulu ke yth pak Jokowi Mungkin Beliau akan : Jualan furniture Pelihara ikan Naik motor gede Latihan tinju Main basket Bisnis racun kalajengking Memperdalam bahasa Inggris Ngevlog Baca komik Selfie","1080246118850617345","","Ferdinand_Haean","in","","0","0","0","https://x.com/undefined/status/1080246118850617345","995663670045634561",
"1080015227519873025","Tue Jan 01 23:35:19 +0000 2019","0","@budimandjatmiko @prabowo Lebih jelek lagi genera si boneka. Foto2 pinggir pantai","1080246117399293952","","budimandjatmiko","in","","0","1","0","https://x.com/undefined/status/1080246117399293952","2948119393",
"1080246116644343808","Tue Jan 01 23:35:18 +0000 2019","0","Heboh Polisi Robek Buku Tamu Relawan Prabowo-Sandi di NTB #Pemilu2019 #RezimPanik #2019PresidenBaru #2019PrabowoSandi #2019PrabowoPresiden #IndonesiaAdilMakmur #AdilMakmur @KPU_ID @bawaslu_RI https://t.co/Z8WhIosErh","1080246116644343808","","","in","","0","0","0","https://x.com/undefined/status/1080246116644343808","1036748238215233536",
"1080246104220782592","Tue Jan 01 23:35:15 +0000 2019","0","Kabur kabur sendiri. Mau pulang ngintip dulu dan nyalahin pk jokowi https://t.co/O0uOTDRWbh","1080246104220782592","https://pbs.twimg.com/media/Dv3OGrOU8AAohu5.jpg","","in","","0","0","0","https://x.com/undefined/status/1080246104220782592","1069614928946900992",
"1080142632402046976","Tue Jan 01 23:35:09 +0000 2019","0","@faizalassegaf 2014 jokowi bilang kita stop impor hutang dll Kenyataan nya apa yg dikampanyekan jokowi dahulu tidak sejalan dgn saat ini.. nah wajar pak @RamliRizal kritik dong sbg ahli ekonomi Nah ada yg sewot dgn kritikan beliau pertanyaan'y yg dungu itu siapa?","1080246076186124288","","faizalassegaf","in","","0","0","0","https://x.com/undefined/status/1080246076186124288","247140127",
"1079550022306263040","Tue Jan 01 23:35:08 +0000 2019","0","@jokowi @TogaMD wow","1080246072616747008","","jokowi","und","","0","0","0","https://x.com/undefined/status/1080246072616747008","907650536",
"1079956453195079680","Tue Jan 01 23:35:06 +0000 2019","0","@Zamanimarwan1 @yusuf_dumdum @prabowo Berarti tagarnya harus lebih spesifik lg dong jangan tagar 2019 ganti presiden soalnya skrg udah masuk 2019. Ya ampuuuun gw lupa gw lg komenan ame kampret kampret pan suka glantungan wajar otaknya di bawah. Hahahaha","1080246063255060480","","Zamanimarwan1","in","","0","1","0","https://x.com/undefined/status/1080246063255060480","1038051616786546695",
"1079954983213121536","Tue Jan 01 23:35:01 +0000 2019","0","@Ranaditya From your tweet I am not even sure that you understand what Prabowo actually said and meant. ","1080246042115727360","","Ranaditya","en","","0","0","0","https://x.com/undefined/status/1080246042115727360","1012516678805041152",
"1079935029004984320","Tue Jan 01 23:35:01 +0000 2019","0","@kangdede78 @RizmaWidiono @MegaSimarmata @saididu @jokowi Jahat bener mereka ini ","1080246041973116928","","kangdede78","in","","0","0","0","https://x.com/undefined/status/1080246041973116928","110272711",
"1079574766137163776","Tue Jan 01 23:34:58 +0000 2019","0","@fadlizon @prabowo @sandiuno Parah...kaum KAMPRET bisa Gila semua nih..klu Pak JOKOWI JADI PRESIDEN LAGI....pingin lihat muka kaum KAMPRET yg tidak punya malu &amp; etika...","1080246032057884672","","fadlizon","in","","0","0","0","https://x.com/undefined/status/1080246032057884672","1079229027724886016",
"1080246027691544576","Tue Jan 01 23:34:57 +0000 2019","44","hilangnya kedamaian - ketenangan rakyat selama era Jokowi Tiba2 umat islam difitnah radikal Tiba2 ulama diperkusi dan dikriminalisasi aktivis kritis ditangkap Rakyat diadudomba Pribumi didiskriminasi Rasa aman damai itu hilang 4 tahun ini #17AprilPrabowoPresiden","1080246027691544576","","","in","","4","5","26","https://x.com/undefined/status/1080246027691544576","1061924269259550720",
"1080066919737090048","Tue Jan 01 23:34:45 +0000 2019","0","@kurawa BTP mulia beliau lebih mengerti dari pada kita betapa peliknya yg dihadapi Jokowi terhadap mafia makar pengkhianatan hingga BTP mengalah demi rakyat lndonesia sampai Pak Jokowi selesaikan periode pertama . Beliu yakin periode berikut rakyat ga mudah terprovokasi","1080245977095712770","","kurawa","in","","0","1","0","https://x.com/undefined/status/1080245977095712770","1056895442758168576",
"1079924224167370754","Tue Jan 01 23:34:43 +0000 2019","0","@ustadtengkuzul @DivHumas_Polri Sabar aja mudah2 doa yg di dolimi di kabulkan 2019 ganti presiden optimis kata pa jokowi 2019 ganti presiden","1080245968329617408","","ustadtengkuzul","in","","0","0","0","https://x.com/undefined/status/1080245968329617408","1073996235491528704",
"1080121327128723456","Tue Jan 01 23:34:41 +0000 2019","0","@IsekaiHero @CakKhum @prabowo @sandiuno https://t.co/PGE9haxJDl","1080245959349612544","https://pbs.twimg.com/media/Dv3N-EsUUAA50N3.jpg","","qme","","0","0","0","https://x.com/undefined/status/1080245959349612544","1033734459042889729",
"1079601594587525121","Tue Jan 01 23:34:35 +0000 2019","0","@sandiuno @prabowo JANGAN MAU DI BODOHIN INGAT JANJI YANG DI DKI MENDING SAYA KERJA CARI UANG BUAT KELUARGA DARI PADA PUSING NGURUSIN JANJI ORANG YG GAK PASTI ","1080245934825529344","","sandiuno","in","","0","0","0","https://x.com/undefined/status/1080245934825529344","1055704216935718912",
"1078249142596513792","Tue Jan 01 23:34:35 +0000 2019","0","@jokowi Keren kali pak presiden","1080245934196371457","","jokowi","in","","0","0","0","https://x.com/undefined/status/1080245934196371457","1080227533839200256",
"1080039008581738496","Tue Jan 01 23:34:31 +0000 2019","0","@fadlizon @jokowi Ya ampun gimana caranya blokir akun sebanyak ini :)","1080245919348445185","","fadlizon","in","","0","0","0","https://x.com/undefined/status/1080245919348445185","831279056582684672",
"1080245916966285312","Tue Jan 01 23:34:31 +0000 2019","0","Dimata Pengamat Inilah Keberhasilan Ekonomi di Era Jokowi https://t.co/L2XKWNfV9F","1080245916966285312","","","in","","0","0","0","https://x.com/undefined/status/1080245916966285312","89877164",
"1080015227519873025","Tue Jan 01 23:34:29 +0000 2019","1","@budimandjatmiko @prabowo Sering bolos aja banyak gaya 4.0","1080245908523016192","","budimandjatmiko","in","","0","0","0","https://x.com/undefined/status/1080245908523016192","2948119393",
"1080245900037910529","Tue Jan 01 23:34:27 +0000 2019","0","Malam malam pergi ke malang Pergi ke malang beli ikan panggang Kalau emak emak sdh turun gelanggang Insya Allah Prabowo Sandi akan menang","1080245900037910529","","","in","","0","0","0","https://x.com/undefined/status/1080245900037910529","800666282341199876",
"1079972041246162944","Tue Jan 01 23:34:25 +0000 2019","0","@jokowi selamat tahun baru pak 2019","1080245894866382848","","jokowi","in","","0","0","0","https://x.com/undefined/status/1080245894866382848","320220075",
"1080116654334402560","Tue Jan 01 23:34:21 +0000 2019","0","@RizmaWidiono @prabowo Wowo ...kebanyakan makan daging otaknya ngaco terusss","1080245876394582016","","RizmaWidiono","in","","0","1","0","https://x.com/undefined/status/1080245876394582016","635174749",
"1080245847219101696","Tue Jan 01 23:34:14 +0000 2019","0","InsyaAllah jika terpilih nanti @prabowo &amp; @sandiuno di pemilu 2019 kembalilah kepada Alquran dan Sunnah. Jadikan mata uang kita kembali kepada Emas &amp; Perak. Seperti yang diajarkan Rasulullah SAW. Mengapa UEA &amp; Qatar maju? krena mereka ttp menggunakan dirham dan dinnar","1080245847219101696","","","in","","0","0","1","https://x.com/undefined/status/1080245847219101696","393765435",
"1079572471840292864","Tue Jan 01 23:34:11 +0000 2019","1","@petriiana @YYYaaaddddiii @Jokowi_inside @CH_chotimah 2019 hanya ganti tahun kalender .toh presiden nya masih pak jokowi sampai 2024 itu mau nya sebagian besar rakyat indonesia .ngapain pusing .","1080245835751862272","","","in","","0","1","3","https://x.com/undefined/status/1080245835751862272","162551100",
"1080130500193181696","Tue Jan 01 23:34:10 +0000 2019","6","@Ferdinand_Haean Jokowi akan minta pak prabowo agar inftrastruktur jgn di usut","1080245828579540992","","Ferdinand_Haean","in","","0","0","0","https://x.com/undefined/status/1080245828579540992","1072775763290517505",
"1080111877470838784","Tue Jan 01 23:34:09 +0000 2019","0","@kangdede78 @prabowo @sandiuno Kecuali media dr gerombolan tvO'one boleh kali...keknya mrk dah mulai menegaskan menabuh genderang perang dg media tuh... Dimonggo ae... ","1080245826184572928","","kangdede78","in","","0","0","0","https://x.com/undefined/status/1080245826184572928","962440276290580480",
"1080044586087510016","Tue Jan 01 23:33:55 +0000 2019","0","@LisaAmartaTara @PEPESOfficial @swulll @fadlizon @Ferdinand_Haean Ha ha ha kalau takut sama Allah kok pilih capres yang gak takut sama Allah... Itu tauhid keblinger... Wak wak","1080245767258951680","","LisaAmartaTara","in","","0","0","0","https://x.com/undefined/status/1080245767258951680","443318072",
"1079947377631387648","Tue Jan 01 23:33:42 +0000 2019","2","@budimandjatmiko kalau sekedar angka2 survey begini Capres yg uangnya banyak boleh ambil jasa survey seperti ini... ","1080245712632205312","","budimandjatmiko","in","","0","0","0","https://x.com/undefined/status/1080245712632205312","176286322",
"1080116654334402560","Tue Jan 01 23:33:01 +0000 2019","0","@RizmaWidiono @prabowo Ntar Ketauan Bo'Ong Minta Maaf. Ngaku jd Korban... Ngaku Grasa-Grusu... #koalisihoax .","1080245538803482624","","RizmaWidiono","in","","0","1","0","https://x.com/undefined/status/1080245538803482624","1030709894754623489",
"1080245535838064640","Tue Jan 01 23:33:00 +0000 2019","0","Maksudnya Rafi mau bilang jadi presiden berat pak pak Jokowi ga akan kuat biar pak Prabowo saja #TahunBaruPresidenBaru #17AprilPrabowoPresiden #2019PrabowoSandi #2019GantiPresiden","1080245535838064640","","","in","","0","0","1","https://x.com/undefined/status/1080245535838064640","357798438",
"1080024093607358464","Tue Jan 01 23:33:00 +0000 2019","0","@chicohakim Hmm.. Prabowo maksa dirinya sndiri tak masalh.. Yg pnting cara yg di pakai jgn salah.. Tak perlu maksa yg lain.. Pakai cara yg benar agr dptkn banyak penggemar.. Hehe","1080245534818848768","","chicohakim","in","","0","0","0","https://x.com/undefined/status/1080245534818848768","1016228459876528128",
"1080062932925394946","Tue Jan 01 23:32:59 +0000 2019","0","@Dahnilanzar @KPU_ID Yg mau jadi presiden itu capres atau timses nya sih ?","1080245533501906944","","Dahnilanzar","in","","0","0","0","https://x.com/undefined/status/1080245533501906944","100777749",
"1079516118916595712","Tue Jan 01 23:32:55 +0000 2019","0","@HaqIzzulhaq @mnkamba @prabowo Yg di omongkan B trus hahahaha","1080245517211262976","","rakyatwakandaaa","in","","0","0","0","https://x.com/undefined/status/1080245517211262976","802562047036649474",
"1080111965169545217","Tue Jan 01 23:32:39 +0000 2019","0","@ksatria_kelam @AkunTofa Ini orang sama kayak gentong dikit dikit jokowi di kaitkhan entar kucing kamu hilang akibat jokowi ","1080245449833869312","","ksatria_kelam","in","","0","0","0","https://x.com/undefined/status/1080245449833869312","3285292746",
"1079916352633110528","Tue Jan 01 23:32:38 +0000 2019","0","@anonLokal @NoPlace4Kacung dulu bilangnya mau gebuk skrg yg sweeping di hentikan. gebukan nya hilang yah. jelas2 buku itu danger bgt buat negara pake logika apa sih.hrs nya naik pangkat 1 tingkat petugas nya pak tni sabar yah.kenaikan pangkat ditunda sampai th 2020. tunggu pk Prabowo ganti panglima dulu.","1080245444335230976","","anonLokal","in","","0","0","0","https://x.com/undefined/status/1080245444335230976","1071547796853903360",
"1079992403518341120","Tue Jan 01 23:32:34 +0000 2019","0","@hisar_manalu @Imanakh @begukoya @saididu Yang jelas pendahulu jokowi memang berhutang tapi mereka pas kampanye gak koar2 ngibup bilang bakal stop pinjaman hutang luar negri. Waktu kampanye juga bilang duitnya ada... ada darimana? Dari ngutang ternyata. Kalo bangun modal ngutang apa yg mau dibanggain.","1080245425880236033","","hisar_manalu","in","","0","1","0","https://x.com/undefined/status/1080245425880236033","190512271",
"1080245408876515328","Tue Jan 01 23:32:30 +0000 2019","0","@null Heboh Polisi Robek Buku Tamu Relawan Prabowo-Sandi di NTB Kejadian itu pun meny https://t.co/AevQaFPWvk","1080245408876515328","","null","in","","0","0","0","https://x.com/undefined/status/1080245408876515328","474668024",
"1080245405873364994","Tue Jan 01 23:32:29 +0000 2019","0","@null Heboh Polisi Robek Buku Tamu Relawan Prabowo-Sandi di NTB Kejadian itu pun meny https://t.co/8V0Z03L6Tg","1080245405873364994","","null","in","","0","0","0","https://x.com/undefined/status/1080245405873364994","486386712",
"1080245402228600832","Tue Jan 01 23:32:28 +0000 2019","0","@null Beda Tim Jokowi vs Prabowo Soal 'Stuntman' Penyampaian Visi Misi Tim Prabowo mem https://t.co/bRg8WZOcLS","1080245402228600832","","null","in","","0","0","0","https://x.com/undefined/status/1080245402228600832","841647671349673984",
"1079767069036433410","Tue Jan 01 23:32:28 +0000 2019","0","@kopisanger @KHMarufAmin_ @PDI_Perjuangan @DPP_PKB @DPP_PPP @Deddy_Mizwar_ @chicohakim @AryaSinulingga @Kadir_Karding @NasDem @addiems @psi_id @jokowi Seperti visi misi yai yg menjadikan islam nusantara dan ogah islam rahmatan lilalamin","1080245401498771456","","kopisanger","in","","0","0","0","https://x.com/undefined/status/1080245401498771456","2331441397",
"1080245395849007106","Tue Jan 01 23:32:27 +0000 2019","0","@null Heboh Polisi Robek Buku Tamu Relawan Prabowo-Sandi di NTB Kejadian itu pun meny https://t.co/6QrQOYEVvy","1080245395849007106","","null","in","","0","0","0","https://x.com/undefined/status/1080245395849007106","253570473",
"1080245388181889024","Tue Jan 01 23:32:25 +0000 2019","0","Kalau benar terjadi seorang penegak hukum arogan dan berpihak pd salah satu capres ini tanda2 kehancuran negeri RI https://t.co/4vRZDgmFY8","1080245388181889024","","","in","","0","0","0","https://x.com/undefined/status/1080245388181889024","985451753410740224",
"1080230854931017729","Tue Jan 01 23:32:24 +0000 2019","0","@CNNIndonesia Loh bukannya Prabowo merasa dia akan punah?","1080245386764115968","","CNNIndonesia","in","","0","0","0","https://x.com/undefined/status/1080245386764115968","705035914364387328",
"1080146271749337088","Tue Jan 01 23:32:18 +0000 2019","0","@RajaPurwa @prabowo @sandiuno Sepakat..!! Jangan seperti bani cebong yg panatik buta kepada junjungannya.","1080245358389714944","","RajaPurwa","in","","0","0","0","https://x.com/undefined/status/1080245358389714944","2384933310",
"1079597660296736768","Tue Jan 01 23:32:06 +0000 2019","1","@PriyoBudiS Pak @jokowi tolong donk translate in ini pak prabowo sebenarnya ngomong apa..tebakan sy sih beliau ini sedang ngomongin nama2 ikan yg ada di Indonesia","1080245310155239424","","PriyoBudiS","in","","0","0","1","https://x.com/undefined/status/1080245310155239424","212153908",
"1080111653578915840","Tue Jan 01 23:32:03 +0000 2019","6","@RivaTuahta @Novlis_Dc @jokowi @EkoSandjojo @Pak_JK @KSPgoid @taufikmadjid71 Mestinya pemerintah malu nyuruh perusahaan bayar karyawan pkai UMK tp tenaga kontraknya sendiri dibawah UMK...","1080245299052871681","","RivaTuahta","in","","0","0","2","https://x.com/undefined/status/1080245299052871681","2889343058",
"1080245283680772097","Tue Jan 01 23:32:00 +0000 2019","2","RELAWAN NASIONAL SAHABAT PRABOWO SANDI JAWA TIMUR Duhhh Gantengnya Babang... Semoga Bpk. @prabowo dan Bpk. @sandiuno Selalu diberi kesehatan. #2019GantiPresiden #AdilMakmur #2019PrabowoPresiden #17AprilPrabowoPresiden #PrabowoBersamaUlama #RuangSandi #RabuBiru https://t.co/1hbsSBCGWF","1080245283680772097","https://pbs.twimg.com/ext_tw_video_thumb/1080245199786303488/pu/img/R1cO_VsxGJMG8-jy.jpg","","in","","1","0","0","https://x.com/undefined/status/1080245283680772097","1009712899411988481",
"1080132568719122432","Tue Jan 01 23:31:58 +0000 2019","0","@hendriabidin2 @prabowo @EAndesla @datuakmangkuto @don_rahmad Apa hubungan dgn tiket?","1080245275124391937","","hendriabidin2","in","","0","0","0","https://x.com/undefined/status/1080245275124391937","485659468",
"1079769922375364611","Tue Jan 01 23:31:54 +0000 2019","0","@Ferdinand_Haean @jokowi @KPU_ID @bawaslu_RI Ompong kalau bgtu ","1080245258888216576","","Ferdinand_Haean","in","","0","0","0","https://x.com/undefined/status/1080245258888216576","1031250350211129344",
"1080245239070117889","Tue Jan 01 23:31:49 +0000 2019","0","@null Beda Tim Jokowi vs Prabowo Soal 'Stuntman' Penyampaian Visi Misi Tim Prabowo mem https://t.co/mVlip3MDdn","1080245239070117889","","null","in","","0","0","0","https://x.com/undefined/status/1080245239070117889","312037898",
"1080245234053861376","Tue Jan 01 23:31:48 +0000 2019","0","Foto-Foto Jadul Jokowi dan Prabowo Mendadak Sering Muncul https://t.co/9eAqyp5yjQ","1080245234053861376","","","in","","0","0","0","https://x.com/undefined/status/1080245234053861376","846715204637376513",
"1079789740377890816","Tue Jan 01 23:31:47 +0000 2019","0","@viryanazis @2019prasibaru @KPU_ID @mas_abudiman @novida_evi @masws1533 @PramonoUtan @hsym_asyari @arifhakim66 @robie2u @K_Setyawan Setuju banget Ketua di Medan kami sdh menggunakannya sejak pemilu 2014 gak pernah terjadi hal2 negatif.","1080245229129617409","","viryanazis","in","","0","0","0","https://x.com/undefined/status/1080245229129617409","4886809278",
"1080245225325391872","Tue Jan 01 23:31:46 +0000 2019","9","Demokrat: 14 Prioritas ala SBY Muncul Akibat Kebijakan Jokowi https://t.co/Bd17sWer1x","1080245225325391872","","","in","","0","3","0","https://x.com/undefined/status/1080245225325391872","17128975",
"1079972041246162944","Tue Jan 01 23:31:41 +0000 2019","0","@jokowi Optimis optimis optimis! Bismillahirrahmanirrahiiim untuk 2019 yang damai dan sejahter untuk kita semua ya pak @jokowi","1080245202923618304","","jokowi","in","","0","0","0","https://x.com/undefined/status/1080245202923618304","51108097",
"1080136717636497408","Tue Jan 01 23:31:30 +0000 2019","1","@chicohakim @prabowo Tuntut aja org ini. Bisa kok!","1080245157566369792","","chicohakim","in","","0","0","0","https://x.com/undefined/status/1080245157566369792","3128809746",
"1079794318808760322","Tue Jan 01 23:31:23 +0000 2019","0","@rmolco Bisa jd slh persepsi krn omongan p makruf a kdg kelewat memuji p jokowi sehingga persepsi masyarakat bisa mengurangi masa atau bs jd kesempatan mengerucut dukungan Alloh swt tau segalanya.","1080245130647367681","","rmol_id","in","","0","0","0","https://x.com/undefined/status/1080245130647367681","1015481099537899521",
"1080245118911705088","Tue Jan 01 23:31:20 +0000 2019","0","@null Beda Tim Jokowi vs Prabowo Soal 'Stuntman' Penyampaian Visi Misi Tim Prabowo mem https://t.co/XFkk4Yc23y","1080245118911705088","","null","in","","0","0","0","https://x.com/undefined/status/1080245118911705088","849336524",
"1079956453195079680","Tue Jan 01 23:31:17 +0000 2019","0","@leoagus13181755 @aiman4168 @yusuf_dumdum @DfarDjafar @prabowo @MardaniAliSera @suhudalynudin @PIPINSOPIANUI @fadlizon @AdianNapitupul1 @TsamaraDKI Ga penting dia mau bawa ratusan ato ribuan dokter k tempat bencana.. Yg pasti dia udh joged2 d acara natal.. ga bisa ngaji/baca quran jarang sholat ambil wudhu salah nyebut nama nabi salah. Keislamannya parah bingiit.. Apa itu pilihan umat muslim?? Mikir rasional ajalah","1080245105120833537","","leoagus13181755","in","","0","0","0","https://x.com/undefined/status/1080245105120833537","2833568072",
"1080245094756737024","Tue Jan 01 23:31:15 +0000 2019","0","2Tanpa rasa takut menghalu rintangan HP_Don_ Hadi Prabowo #HPDonMenang #PKS3Besar","1080245094756737024","","","in","","0","0","0","https://x.com/undefined/status/1080245094756737024","1415635578",
"1080245078805819392","Tue Jan 01 23:31:11 +0000 2019","0","https://t.co/fKEUVz0SQa Dikritik Kubu Prabowo Tim Jokowi Jelaskan Soal Penanganan Bencana Wednesday January 02 2019 Kubu calon... https://t.co/fKEUVz0SQa","1080245078805819392","","","in","","0","0","0","https://x.com/undefined/status/1080245078805819392","971647565958561792",
"1080245071507681281","Tue Jan 01 23:31:09 +0000 2019","0","Ayo bergerak dibidang masing2 bergerak dengan kemampuan masing2 bergerak dengan cara masing2 bergerak dengan komunitas masing2.. Untuk memenangkan Jokowi. Kita bertekad utk menggenapkan kepemimpinan Jokowi hingga 2 periode..!! #Jokowi2Periode #2019TetapJokowi","1080245071507681281","","","in","","0","0","0","https://x.com/undefined/status/1080245071507681281","982189937201070081",
"1080245065589522433","Tue Jan 01 23:31:08 +0000 2019","0","@null Beda Tim Jokowi vs Prabowo Soal 'Stuntman' Penyampaian Visi Misi Tim Prabowo mem https://t.co/3CQuBLbpLl","1080245065589522433","","null","in","","0","0","0","https://x.com/undefined/status/1080245065589522433","1196188764",
"1080245060166344704","Tue Jan 01 23:31:06 +0000 2019","0","cek -&gt; Beda Tim Jokowi vs Prabowo Soal 'Stuntman' Penyampaian Visi Misi Tim Prabowo mem https://t.co/KcN4vCmQsY","1080245060166344704","","","in","","0","0","0","https://x.com/undefined/status/1080245060166344704","1184087684",
"1079972041246162944","Tue Jan 01 23:31:02 +0000 2019","0","@jokowi Kebersamaan membuat kebahagian #01JokowiLagi","1080245041971355648","","jokowi","in","","0","0","0","https://x.com/undefined/status/1080245041971355648","61211453",
"1080245020274380800","Tue Jan 01 23:30:57 +0000 2019","0","Dikritik Kubu Prabowo Tim Jokowi Jelaskan Soal Penanganan Bencana https://t.co/tjQWgAjpCt","1080245020274380800","","","in","","0","0","0","https://x.com/undefined/status/1080245020274380800","4393472592",
"1080157951392763904","Tue Jan 01 23:30:51 +0000 2019","0","@ustadtengkuzul Emang prabowo dri negara mana nyinyir is muakx aku liat kau","1080244994395406336","","ustadtengkuzul","in","","0","0","0","https://x.com/undefined/status/1080244994395406336","1018660559388987392",
"1080244952502743040","Tue Jan 01 23:30:41 +0000 2019","0"," #ResolusiTahunBaru saya adalah memastikan @Jokowi_Amin kalah! #2019PrabowoSandi #2019GantiPresiden #IndonesiaAdilMakmur #MakeIndonesiaGreatAgain #KembalikanKejayaanIndonesia @prabowo @sandiuno @2019PADl @adilmakmur02 @ProSaOfficialID @RelawanProSandi @BPNrelawan02","1080244952502743040","","","in","","0","0","0","https://x.com/undefined/status/1080244952502743040","110022733",
"1080244948807516160","Tue Jan 01 23:30:40 +0000 2019","0","@null Heboh Polisi Robek Buku Tamu Relawan Prabowo-Sandi di NTB Kejadian itu pun meny https://t.co/9mhmO1fjYp","1080244948807516160","","null","in","","0","0","0","https://x.com/undefined/status/1080244948807516160","1424488200",
"1080081832052326400","Tue Jan 01 23:30:31 +0000 2019","1","@CyberMetal01 @FSPMI_KSPI TAPI INGET TEMEN2 RELAWAN..... KUNCINYA DI TPS...... MARI KITA KAWAL BERSAMA...... untuk Jend. PRABOWO SUBIANTO PRESIDEN.... SALAM KOMANDO.....","1080244910878420992","","CyberMetal01","in","","0","1","0","https://x.com/undefined/status/1080244910878420992","1077850682466521088",
"1080244904003948544","Tue Jan 01 23:30:29 +0000 2019","0","@null Beda Tim Jokowi vs Prabowo Soal 'Stuntman' Penyampaian Visi Misi Tim Prabowo mem https://t.co/EnYJrEYcNV","1080244904003948544","","null","in","","0","0","0","https://x.com/undefined/status/1080244904003948544","840989714",
"1080244893375619073","Tue Jan 01 23:30:27 +0000 2019","0","#17AprilPrabowoPresiden serasa sdh ganti yah 2019. Indonesia jaya bersama Prabowo Sandi","1080244893375619073","","","in","","0","0","1","https://x.com/undefined/status/1080244893375619073","1078538203844337665",
"1079956453195079680","Tue Jan 01 23:30:27 +0000 2019","0","@aiman4168 @Pribumi_AntiPKI @yusuf_dumdum @prabowo @ilc @karniilyas @eliya_mkom @AkunTofa @sandiuno @erickthohir @irmasuryani_A07 @Uki23 Dokter keliling pribadi prabowo sdah trun tngan bos..nggak perlu pencitraan selfa selfi di daerah bencana","1080244893161648128","","aiman4168","in","","0","0","0","https://x.com/undefined/status/1080244893161648128","948819411174965248",
"1080138315255279616","Tue Jan 01 23:30:26 +0000 2019","0","@RajaPurwa @prabowo Khaul Sunan Drajat","1080244891265916928","","RajaPurwa","hi","","0","0","0","https://x.com/undefined/status/1080244891265916928","116399276",
"1080244885012176896","Tue Jan 01 23:30:25 +0000 2019","0","@null Heboh Polisi Robek Buku Tamu Relawan Prabowo-Sandi di NTB Kejadian itu pun meny https://t.co/ITqoLQNBdJ","1080244885012176896","","null","in","","0","0","0","https://x.com/undefined/status/1080244885012176896","1914057648",
"1080244883741265920","Tue Jan 01 23:30:24 +0000 2019","0","@null Beda Tim Jokowi vs Prabowo Soal 'Stuntman' Penyampaian Visi Misi Tim Prabowo mem https://t.co/3ua7re4tpy","1080244883741265920","","null","in","","0","0","0","https://x.com/undefined/status/1080244883741265920","1679852396",
"1080244876447383552","Tue Jan 01 23:30:23 +0000 2019","0","@null Heboh Polisi Robek Buku Tamu Relawan Prabowo-Sandi di NTB Kejadian itu pun meny https://t.co/DluvO6r6Sb","1080244876447383552","","null","in","","0","0","0","https://x.com/undefined/status/1080244876447383552","2962738556",
"1079972041246162944","Tue Jan 01 23:30:22 +0000 2019","0","@jokowi 2019 optimis optimis optimis ganti presiden","1080244873242935297","","jokowi","lt","","0","0","0","https://x.com/undefined/status/1080244873242935297","1073996235491528704",
"1080244871414214657","Tue Jan 01 23:30:21 +0000 2019","0","@null Beda Tim Jokowi vs Prabowo Soal 'Stuntman' Penyampaian Visi Misi Tim Prabowo mem https://t.co/54PX5BGcWl","1080244871414214657","","null","in","","0","0","0","https://x.com/undefined/status/1080244871414214657","1557463332",
"1080244856071417856","Tue Jan 01 23:30:18 +0000 2019","0","Ada euforia memasuki 2019... Katanya Ape gw bilang presiden masih Jokowi. Mereka nggak bisa membedakan pergantian tahun dengan pilpres atau pileg.... Akoe cuma bilang kasihan.... kalau dungu nanti banyak yg marah.. ","1080244856071417856","","","in","","0","0","0","https://x.com/undefined/status/1080244856071417856","398116686",
"1080244855522189312","Tue Jan 01 23:30:18 +0000 2019","0","Wacana Pemaparan Visi-Misi Capres-Cawapres Diwakilkan oleh Timses Warganet: Ini Pilpres atau PilTimses? https://t.co/qLRSkxmy2S","1080244855522189312","","","in","","0","0","0","https://x.com/undefined/status/1080244855522189312","1072326678",
"1079981877870489605","Tue Jan 01 23:30:15 +0000 2019","3","@HutabaratLee @RadPlague @Sarah_Pndj @sugi_0706 @nemosyus @Munafikunn @SpionaseNKRI @KoboiBengek Mungkin anda pendatang baru di twiter ya ? Jadi tdk tau bhw kelompok yg kecewa itu semua adlh pendukung Jokowi yg ckp militan. Hampir setiap hari war mengcounter fitnah dr sebelah. Jgn lah terlalu picik dlm menyikapi mrk yg akn golput. Semakin diserang mk akn semskin menjauh. Neg","1080244843094278144","","SiRajaNabarat17","in","","0","1","1","https://x.com/undefined/status/1080244843094278144","473439267",
"1080244841072680960","Tue Jan 01 23:30:14 +0000 2019","0","@null Beda Tim Jokowi vs Prabowo Soal 'Stuntman' Penyampaian Visi Misi Tim Prabowo mem https://t.co/23prkfcSlB","1080244841072680960","","null","in","","0","0","0","https://x.com/undefined/status/1080244841072680960","625593086",
"1080244833564815360","Tue Jan 01 23:30:12 +0000 2019","0","@null Beda Tim Jokowi vs Prabowo Soal 'Stuntman' Penyampaian Visi Misi Tim Prabowo mem https://t.co/i7XlFZDGbC","1080244833564815360","","null","in","","0","0","0","https://x.com/undefined/status/1080244833564815360","205533274",
"1079906467082203136","Tue Jan 01 23:30:09 +0000 2019","0","@jokowi Aamiiin YRA.. untuk 2019 yang lebih baik!","1080244818482159616","","jokowi","in","","0","0","0","https://x.com/undefined/status/1080244818482159616","51108097",
"1079977055335243778","Tue Jan 01 23:30:05 +0000 2019","0","@mahendradatta @duta_kurniawan Mending ngajarin baca Al Qur'an pak prabowo boss..Malublah dukungan ulama klo gak bisa baca Al Qur'an. Malah nanti dapat pahala","1080244803776872448","","mahendradatta","in","","0","0","0","https://x.com/undefined/status/1080244803776872448","1031575181804748800",
"1080244793672781824","Tue Jan 01 23:30:03 +0000 2019","0","Ayo dukung pemilu 2019 #stoppolitikkotor #stopsara #stophoax #stopujarankebencian #stopkampanyehitam #stoppolitikuang #stopprovokasi #stopintolerance #pemiluamandamaisejuk #pileg2019 #pilpres2019 #pilegpilpres2019 #satgasnusantarapolri #satgasnusantara https://t.co/hrSvDqYGAH","1080244793672781824","https://pbs.twimg.com/media/Dv3M5bKUUAUowBt.jpg","","in","","0","0","0","https://x.com/undefined/status/1080244793672781824","1036612769959669761",
"1080013139838529536","Tue Jan 01 23:30:03 +0000 2019","2","@AGoeci @Ruzain_Anwar_ @YanAfrinaldi @udalaudala @arizonchan @utuntauk @angkvgadang @SutanRiska emang apo lo jaso jokowi samo pdip ka rakyat sumbar??","1080244792850710528","","AGoeci","in","","0","0","0","https://x.com/undefined/status/1080244792850710528","86676852",
"1079791627512606725","Tue Jan 01 23:29:57 +0000 2019","1","@prabowo https://t.co/owTy5CqL5k","1080244770071502849","https://pbs.twimg.com/media/Dv3M5DvVAAAFEF1.jpg","prabowo","qme","","0","0","0","https://x.com/undefined/status/1080244770071502849","867654511028031488",
"1079903590565572608","Tue Jan 01 23:29:51 +0000 2019","0","@MardaniAliSera Kalian di bodohin aja mau aja gabung sana kursi Wakil DKI blum jga jelas ngajuin capres 9 orang tak di kasih.. mana konsistensi PKS hanya jdi ban serep gerindra ‍️","1080244742359674880","","MardaniAliSera","in","","0","0","0","https://x.com/undefined/status/1080244742359674880","1018660559388987392",
"1080244741273411585","Tue Jan 01 23:29:50 +0000 2019","0","rakyat semakin tau siapa itu Prabowo yg punya Tepramental tinggi..dgn isu politiknya yg murahan itu..dari rekam jejak Prabowo...dgn gagasan2nya yg ngaur...laksana Serigala berbulu Domba.....","1080244741273411585","","","in","","0","0","0","https://x.com/undefined/status/1080244741273411585","966819022674173952",
"1080116654334402560","Tue Jan 01 23:29:50 +0000 2019","0","@dianPer00450521 @RizmaWidiono @prabowo wkwkwkkwkwkwkwkww kucingx ikut @lemahSahwat.... ","1080244738735857664","","","in","","0","0","0","https://x.com/undefined/status/1080244738735857664","1049987801310085120",
"1079617859720892416","Tue Jan 01 23:29:44 +0000 2019","0","@jokowi Kami kembali ke kampung halaman #Lampung pak.. merasakan sedihnya para korban #tsunami2018 namun membantu dan terus optimis agar segera kembali jlnkan hidup yang normal sesudahnya. Semoga bisa terus didukung proses rehabilitasi pasca bencana pak. Salam damai untuk 2019","1080244715746877440","","jokowi","in","","0","0","0","https://x.com/undefined/status/1080244715746877440","51108097",
"1080244703067435009","Tue Jan 01 23:29:41 +0000 2019","0","Dengan izin Allah pada thn 2019 Atas nama Rakyat Indonesia dari Sabang sampai papua semoga Pak Jokowi &amp; Mahruf amin dapat menjalankan amanah Rakyat roda perekonomian dan pembangunan di segala sektor berjalan dengan baik Semangat baru .jiwa yang bersih tetap jokowi Amin","1080244703067435009","","","in","","0","0","0","https://x.com/undefined/status/1080244703067435009","1067800415075364865",
"1080244701704314881","Tue Jan 01 23:29:41 +0000 2019","9","Polda Luruskan Tudingan Intimidasi Rumah Pemenangan Prabowo https://t.co/4D6TVFXLrs","1080244701704314881","","","in","","5","13","2","https://x.com/undefined/status/1080244701704314881","22126902",
"1079972041246162944","Tue Jan 01 23:29:40 +0000 2019","0","@diansukawati @jokowi mntafff bu nnti bagi2 orderan...salam sport..","1080244698113990656","","diansukawati","in","","0","0","0","https://x.com/undefined/status/1080244698113990656","1076380476472881153",
"1079954983213121536","Tue Jan 01 23:29:38 +0000 2019","0","@ntasp @billukasah @Ranaditya @SupirPete2 Betul sekali saat itu @jokowi sedang berada di LN utk jualan furniturenya. Di LN man apa gak hebat.... Beda dgn yg ntu mbak.","1080244689842855937","","ntasp","in","","0","0","0","https://x.com/undefined/status/1080244689842855937","861453831971917824",
"1080066919737090048","Tue Jan 01 23:29:26 +0000 2019","0","@kurawa gw dah lama legowo aja. yg penting RI 1 Jokowi Kur! say no to Golput!","1080244638093520898","","kurawa","in","","0","0","0","https://x.com/undefined/status/1080244638093520898","49589450",
"1079983758118289408","Tue Jan 01 23:29:23 +0000 2019","0","@enniekrisna_97 @arlex_wu @enda_gz @salima252 @katrinindita @prabowo @sandiuno mantap mba #17AprilPrabowoPresiden","1080244624222867456","","","in","","0","0","1","https://x.com/undefined/status/1080244624222867456","152014014",
"1079972041246162944","Tue Jan 01 23:29:22 +0000 2019","0","@jokowi Mantap jiwa bapak presiden Jokowi... amazing..","1080244619982458880","","jokowi","in","","0","0","0","https://x.com/undefined/status/1080244619982458880","1057495186127884288",
"1080244586721624064","Tue Jan 01 23:29:14 +0000 2019","0","Capres hoax","1080244586721624064","","","es","","0","0","0","https://x.com/undefined/status/1080244586721624064","1010362732997009408",
"1080123179295694853","Tue Jan 01 23:29:13 +0000 2019","0","@Ferdinand_Haean terlihat/terbaca rezim dan partai pemenang hasil Pemilu 2014 ..blm siap tuk memimpin dan jd pnyelnggara negara.. 4 thn lbh berjalan... hasilnya.. banyak protes dari rakyat... jk rezim berhasil ..maka rakyat akan tentram dan lbh sejahtera.. dst","1080244585505337349","","Ferdinand_Haean","in","","0","1","0","https://x.com/undefined/status/1080244585505337349","339436825",
"1079916352633110528","Tue Jan 01 23:29:05 +0000 2019","1","@anonLokal @fikri123159 Jika Prabowo jadi presiden akan sangat mudah mencari aktor PKI di Indonesia.","1080244549094535168","","anonLokal","in","","0","0","0","https://x.com/undefined/status/1080244549094535168","88644024",
"1079911434715160577","Tue Jan 01 23:29:04 +0000 2019","0","@anaklanang5758 @faisaldeh @MasZawirNEW @mohmahfudmd InsyaAllah...kami optimis @prabowo dan @sandiuno #TahunBaruPresidenBaru #2019GantiPresiden #2019PrabowoSandi #2019PrabowoPresiden #AdilMakmur","1080244544845766656","","","in","","0","0","0","https://x.com/undefined/status/1080244544845766656","95895808",
"1079791627512606725","Tue Jan 01 23:29:02 +0000 2019","0","@prabowo Semangat Pak @Prabowo @sandiuno @RelawanProSandi @Ayang55532413 @fadlizon segera memberi masukan pada TNI POLRI lebih waspada menghadapi hasil pemilu nanti pihak yang kalah harus bisa menerima hasil secara bijaksana.","1080244538902380544","","prabowo","in","","0","0","0","https://x.com/undefined/status/1080244538902380544","955231830197788672",
"1080116654334402560","Tue Jan 01 23:28:55 +0000 2019","0","@HendarNew @RizmaWidiono @Jeonum1203 @prabowo dn mungkin UUD1945 om wowo gk bisa. Apalagi tes cara sholat yg baik. Mustahil itu. ","1080244508640477184","","Ahmad_hendars","in","","0","1","0","https://x.com/undefined/status/1080244508640477184","1049987801310085120",
"1079972041246162944","Tue Jan 01 23:28:44 +0000 2019","0","@Dendy_Jashin @jokowi Pagi anda dimulai dengan mencoba memancing ketubiran ya","1080244464583532544","","Dendy_Jashin","in","","0","1","0","https://x.com/undefined/status/1080244464583532544","98608392",
"1080244451908378624","Tue Jan 01 23:28:41 +0000 2019","0","Agar berkualitas saat di forum internasional sudah sangat layak dan pantas Capres &amp; Cawapres adu Debat dalam Bahasa Inggris @KPU_ID @bawaslu_RI @prabowo @jokowi @fadlizon @marierteman @Fahrihamzah","1080244451908378624","","","in","","0","0","0","https://x.com/undefined/status/1080244451908378624","99139673",
"1080114732978196480","Tue Jan 01 23:28:40 +0000 2019","0","@Gamal_Albinsaid Milih yg santun bukan yang brangasan. Ya Jokowi","1080244446162149376","","Gamal_Albinsaid","in","","0","0","0","https://x.com/undefined/status/1080244446162149376","487322762",
"1080244428034342912","Tue Jan 01 23:28:36 +0000 2019","0","Wacana Pemaparan Visi-Misi Capres-Cawapres Diwakilkan oleh Timses Warganet: Ini Pilpres atau PilTimses? https://t.co/lsZnTnpuRT","1080244428034342912","","","in","","0","0","0","https://x.com/undefined/status/1080244428034342912","600661912",
