"conversation_id_str","created_at","favorite_count","full_text","id_str","image_url","in_reply_to_screen_name","lang","location","quote_count","reply_count","retweet_count","tweet_url","user_id_str","username"
"1080462796012191744","Thu Jan 03 23:59:51 +0000 2019","0","@LingWinata81 @prabowo @sandiuno Kayak situ jalannya udah bener aja Hib... kepedean niieee yeee","1080977070472097793","","KelianBanjar_GK","in","","0","0","0","https://x.com/undefined/status/1080977070472097793","1065772100982460416",
"1080646459152728065","Thu Jan 03 23:59:51 +0000 2019","0","@putrabanten80 @fadlizon Jelas kedunguan pendukung Jokowi saya bagian dr Rakyat ini sampai ngelus dodo keterlaluan sekali kalau rakyat masih belum melek thd pak Jokowi dan para pendukungnya","1080977069536768001","","Oku__records","in","","0","0","0","https://x.com/undefined/status/1080977069536768001","545625476",
"1080977060368068608","Thu Jan 03 23:59:49 +0000 2019","6","Sukseskan Sosialisasi Prioritas Penggunaan Dana Desa Tahun 2019 *oleh Presiden RI Bapak Jokowi* pada hari ini di kab Trenggalek Propinsi Jawa Timur #JokowiMembangunDesa @Jokowi @EkoSandjojo @anwsanusi @taufikmadjid71 @fachrilabalado https://t.co/DpkYdLfa70","1080977060368068608","https://pbs.twimg.com/ext_tw_video_thumb/1080976851583942656/pu/img/gUVpZnCUKlGoc4Wa.jpg","","in","","0","0","9","https://x.com/undefined/status/1080977060368068608","327850687",
"1080375560545525760","Thu Jan 03 23:59:43 +0000 2019","0","@Gerindra @prabowo @sandiuno Yg memiliki pengalaman potensi n tugas kewajiban kongkrit sdh n sedang dilakukan p jokowi jk. Bukti2nya sdh dirasakan rakyat bkn hanya sekedar komentar n celaan n pamer rencana khayalan yg utopis agitatif.","1080977036770869248","","Gerindra","in","","0","0","0","https://x.com/undefined/status/1080977036770869248","934296298454315013",
"1080718858418155520","Thu Jan 03 23:59:36 +0000 2019","2","@purwo82092883 @ASapardan Ksian udh kerja keras masih aja di fitnah smangat terus dmi bangsa n negara p Jokowi moga sht sllu","1080977007951794176","","Purwo_Pawiro","in","","0","0","0","https://x.com/undefined/status/1080977007951794176","1052000004263440385",
"1080633205571563520","Thu Jan 03 23:59:35 +0000 2019","0","@makLambeTurah Miris bgt ada orang² yang melihat kebenaran tapi dia malah tutup mata demi junjungan nya probowo. Jelas² kubu dia kalo bikin stetmen pada kena batunya mulu. Abis ada Tagar hoax trending tagar cerita prabowo.. Itu pencitraan Karena malu? Kubu nya pencipta hoax","1080977002662744064","","makLambeTurah","in","","0","0","0","https://x.com/undefined/status/1080977002662744064","2925179887",
"1080976966986141696","Thu Jan 03 23:59:27 +0000 2019","0","Tanggapan Kubu Jokowi dan Prabowo soal Tes Baca Alquran https://t.co/9JiZyqEw7H","1080976966986141696","","","in","","0","0","0","https://x.com/undefined/status/1080976966986141696","846715204637376513",
"1080950747171250176","Thu Jan 03 23:59:25 +0000 2019","0","@saididu @Pradana87D @prabowo @SBYudhoyono @andiarief_ @FaldoMaldini @DivHumas_Polri @sandiuno Mental kumpeni ","1080976961294331905","","saididu","in","","0","0","0","https://x.com/undefined/status/1080976961294331905","956291778402856966",
"1080774309046439937","Thu Jan 03 23:59:20 +0000 2019","1","@AdhieMassardi Niat HOAX busuk untuk delegitimasi KPU dan ujungnya Pemilu itu sendiri trus yang bantah staf humas KPU yang gak dikenal sementara yang sebar HOAX elit parpol &amp; elit MUI? https://t.co/aTDzL4hXMI","1080976940813627392","https://pbs.twimg.com/media/DwBmyYfUwAAGjd-.jpg","AdhieMassardi","in","","0","0","0","https://x.com/undefined/status/1080976940813627392","2468828202",
"1080690850575699968","Thu Jan 03 23:59:12 +0000 2019","0","@sarjanaexsprojo @jokowi Bapak ini @sarjanaexsprojo tidurnya kaki di atas kepala di bawah y harap maklum otaknya di bawah dengkul","1080976904834797568","","GaCeper","in","","0","0","0","https://x.com/undefined/status/1080976904834797568","2881069399",
"1080823984495648769","Thu Jan 03 23:59:09 +0000 2019","1","@Y_Radianto @RealForJKW @jokowi @vita_diahErv @BahanaRahayu2 @PersRini @PenguntaiKata @Ken2steve @katerinaKwari @aditianoegroho https://t.co/s3acdaNz0U","1080976891446620160","https://pbs.twimg.com/media/DwBmvosU8AAAA7P.jpg","YRadianto","qme","","0","1","0","https://x.com/undefined/status/1080976891446620160","889674071910236160",
"1080976877462802433","Thu Jan 03 23:59:05 +0000 2019","0","Makna Warna Putih Pada Foto Surat Suara Jokowi-Ma'ruf https://t.co/QpFOniHIMh","1080976877462802433","","","in","","0","0","0","https://x.com/undefined/status/1080976877462802433","456426648",
"1080976868696678400","Thu Jan 03 23:59:03 +0000 2019","0","seperti yang di harapkan.. orang-orang akan berbondong-bondong memilih jokowi karena kinerjanya yang nyata #SuaraJatimUntuk01","1080976868696678400","","","in","","0","0","0","https://x.com/undefined/status/1080976868696678400","1071123099960004608",
"1080976862988382208","Thu Jan 03 23:59:02 +0000 2019","0","Jokowi/Mega Wati?","1080976862988382208","","","in","","0","0","0","https://x.com/undefined/status/1080976862988382208","805219006533672960",
"1080976846542430209","Thu Jan 03 23:58:58 +0000 2019","0","Ikatan Pilot Indonesia Tanggapi Video Viral 'Dukungan Pilot' ke Prabowo https://t.co/ZIZAB18h3d","1080976846542430209","https://pbs.twimg.com/media/DwBmtnvUYAAz_Vj.jpg","","in","","0","0","0","https://x.com/undefined/status/1080976846542430209","3288053485",
"1079388112961232896","Thu Jan 03 23:58:56 +0000 2019","0","@intanalyze Milih Jokowi.","1080976839193948160","","intanalyze","in","","1","0","1","https://x.com/undefined/status/1080976839193948160","892916872030502914",
"1079906467082203136","Thu Jan 03 23:58:51 +0000 2019","0","@Tettong2 @jokowi https://t.co/Th0VvRbfOI","1080976818134339585","https://pbs.twimg.com/media/DwBmr6HU0AAoQpO.jpg","Tettong2","qme","","0","1","0","https://x.com/undefined/status/1080976818134339585","1023888511718445056",
"1080976813977817088","Thu Jan 03 23:58:50 +0000 2019","0","@jokowi @prabowo @fadlizon @mohmahfudmd @wiranto1947 @Partaiaceh_com @PARTAIACEH @MabesTNI. pa wiranto...adakah catatan TNI prabowo bertemu/ikut operasi GAM sesuai koar2 yg dr data wartawan koar2 PRABOWO terindikasi BOHONG BESAR....tolong dijawab oleh MABES TNI","1080976813977817088","","jokowi","in","","0","0","0","https://x.com/undefined/status/1080976813977817088","855998465146462209",
"1080976292483280896","Thu Jan 03 23:58:47 +0000 2019","0","Katanya sama aja dengan pemilihan kepala daerah tiap pemilu janji harga karet akan naik eh begitu jadi bupati lima tahun sepuluh tahun tetap harga karet nggak pernah kembali ke masa jayanya.","1080976801751420930","","sillydhila","in","","0","1","0","https://x.com/undefined/status/1080976801751420930","84109085",
"1080976792247136256","Thu Jan 03 23:58:45 +0000 2019","0","Memang lebih terlihat siap jika tanpa catatan dlm debat. Tapi kedua capres/cawapres jika mau bicara data perlu juga pakai catatan yah intinya gak terlalu bergantung catatan.","1080976792247136256","","","in","","0","0","0","https://x.com/undefined/status/1080976792247136256","956291778402856966",
"1080974097075433472","Thu Jan 03 23:58:40 +0000 2019","26","@Fahrihamzah @ssirah Yang jelas klo Jokowi 2 Periode elu pasti nganggur! makannya meong meong","1080976770457718784","","Fahrihamzah","in","","0","15","0","https://x.com/undefined/status/1080976770457718784","925567204048887808",
"1080976722848243712","Thu Jan 03 23:58:28 +0000 2019","9","#JokowiMembangunDesa #TPPIJawaTimur #tppdeltasidoarjo @jokowi @EkoSandjojo @taufikmadjid71 @anwsanusi @fachrilabalado @DewantoAndry @P3MDSidoarjoKab","1080976722848243712","","","qme","","0","0","6","https://x.com/undefined/status/1080976722848243712","917050185926062080",
"1080950747171250176","Thu Jan 03 23:58:26 +0000 2019","0","@Pradana87D @prabowo @SBYudhoyono @andiarief_ @FaldoMaldini @saididu @DivHumas_Polri @sandiuno Cuk.. Kamu tahu arti kata hukum harus ditegakkan itu apa?","1080976714514128896","","Pradana87D","in","","0","0","0","https://x.com/undefined/status/1080976714514128896","4472452752",
"1080976714371543041","Thu Jan 03 23:58:26 +0000 2019","0","Datangi Kantor KPU Lamongan Tikus Pithi Hanata Baris Minta Tambahan Capres Independen https://t.co/SvMRvBO5Cj","1080976714371543041","","","in","","0","0","0","https://x.com/undefined/status/1080976714371543041","1248637736",
"1080508936283811840","Thu Jan 03 23:58:13 +0000 2019","0","@faizalassegaf @AndiArief__ @SBYudhoyono Biasalah Prabowo saja tidak berani padahal sudah di juluki jendral kardus","1080976658734080000","","faizalassegaf","in","","0","0","0","https://x.com/undefined/status/1080976658734080000","1007964017225166848",
"928952899303960578","Thu Jan 03 23:58:10 +0000 2019","0","@fariomeda Iya. Kmi berdoa kok. Tapi kok berbohong ? Gmn nih Prabowo pilihan kita itu lo","1080976645194887171","","","in","","0","0","0","https://x.com/undefined/status/1080976645194887171","985771648035897344",
"1079956453195079680","Thu Jan 03 23:58:09 +0000 2019","0","@CherriLeenZv1 @raffie_aqmal @leoagus13181755 @riau_riski @aiman4168 @yusuf_dumdum @DfarDjafar @prabowo @MardaniAliSera @suhudalynudin @PIPINSOPIANUI @fadlizon @AdianNapitupul1 @TsamaraDKI @jokowi emang Prabowo Presidennya? emang dia punya kuasa ngatur aparat negara? dungu kok dipelihara kritik Jokowi karna dia pemimpin tertinggi dia punya kekuasaan supaya dia atur aparatnya kalo Dateng cuma poto2 ketua RT juga bisa bong...","1080976642690801665","","","in","","0","0","0","https://x.com/undefined/status/1080976642690801665","4845262633",
"1080411268639408128","Thu Jan 03 23:58:05 +0000 2019","1","@putrabanten80 @CameliaEry Melihat gejolaknya rakyat mengingatkan jatuhnya presiden marcos oleh ibu corazon aquino di philipina.. Smg pak prabowo bisa memenangi pilpres 2019 dgn bersih.. #2019GantiPresiden","1080976622554046464","","Oku__records","in","","0","1","0","https://x.com/undefined/status/1080976622554046464","966983738469924865",
"1080725215624060930","Thu Jan 03 23:57:59 +0000 2019","0","@muh_arfians @kirakira931 @Dennysiregar7 @prabowo @jokowi Naini yg pengen mobil tp uang cuma ada buat beli nasi kucing. Ngapain bikin mobil bikin sesek jalanan pdhl bikin pesawat udah bs https://t.co/RRVRSt3PjO","1080976597644042240","https://pbs.twimg.com/tweet_video_thumb/DwBmeuHUUAAW_io.jpg","muh_arfians","in","","0","1","0","https://x.com/undefined/status/1080976597644042240","92187051",
"1080666436836548608","Thu Jan 03 23:57:58 +0000 2019","0","@NuruddinYusuf @RizmaWidiono @prabowo Semakin hari semakin Allah menunjukkan siapakah mereka aslinya","1080976595060314113","","MasYus100591","in","","0","0","0","https://x.com/undefined/status/1080976595060314113","189395687",
"1080976560184688641","Thu Jan 03 23:57:50 +0000 2019","11","ni alasan kenapa hoax 80 juta suara telah tercoblos itu tidak masuk akal. Di 2014 Jokowi JK hanya unggul 8 4 juta suara. Dan suara total Jokowi JK pun hanya 70 998 juta. Bagaimana memasukkan 80 juta suara itu dalam proses Pemilu besok? WASPADA boleh CEROBOH jangan. https://t.co/myiTJegoDH","1080976560184688641","https://pbs.twimg.com/media/DwBmce-UwAExA6j.jpg","","in","","4","5","13","https://x.com/undefined/status/1080976560184688641","39964465",
"1080817003747655680","Thu Jan 03 23:57:48 +0000 2019","0","@ronavioleta @KPU_ID @jokowi @MarufAminNU @prabowo @sandiuno @erickthohir G ada alasan untuk janji yg pernah terucap... Mau ngasih mimpi apa lagi... kalau janji yg dulu belum terwujud.... Hanya Cebong yg masih bisa dibohongi.... ","1080976551645044736","","ronavioleta","in","","0","0","0","https://x.com/undefined/status/1080976551645044736","1000777394800676865",
"1080443436895850496","Thu Jan 03 23:57:47 +0000 2019","0","@Ang_eff @detikcom @prabowo puja kerang ajaib....kadang kilaf ah kadang kapir...tergantung kondisi...kadang muslim kadang kristen..disingkat krislam siang solawat malam joged2 pak kampret maaf harusnya tulisanya dibalik2 biar kampret paham ","1080976547102650368","","Ang_eff","in","","0","0","0","https://x.com/undefined/status/1080976547102650368","2866423662",
"1080970193667420162","Thu Jan 03 23:57:45 +0000 2019","0","@ComBuana @gm_gm Yg menyatakan siapa ? Pak Jokowi sendiri ? Mana buktinya ? Klo tengku zul kan jlas nyebar hoaxnya hahaha","1080976538793697281","","ComBuana","in","","0","0","0","https://x.com/undefined/status/1080976538793697281","227282826",
"1080872075709960192","Thu Jan 03 23:57:43 +0000 2019","0","@heriyantods @prabowo Saya mah belum euy.....","1080976533697613824","","heriyantods","in","","0","1","1","https://x.com/undefined/status/1080976533697613824","611631964",
"1080726315962052608","Thu Jan 03 23:57:40 +0000 2019","0","@fadlizon Kalau bisa mengritik org lain harusnya anda lebih baik dari org yg dikritik malahan ini tidak anda fadlizonk lebih hancur prestasimu dari jokowi rakyat gk merasakan hasil kerjamu selama 5thn didpr....munafik lu","1080976518346469376","","fadlizon","in","","0","0","0","https://x.com/undefined/status/1080976518346469376","937449164136374272",
"1080813591182229504","Thu Jan 03 23:57:39 +0000 2019","0","@KHMarufAmin_ @Aryprasetyo85 @jokowi @KPU_ID @PDI_Perjuangan @NasDem @fadjroeL @Deddy_Mizwar_ @DPP_PKB @kangdede78 @MRomahurmuziy @cakimiNOW @addiems Insaalloh menang unggul dan amanah","1080976516073250816","","KHMarufAmin_","in","","0","0","0","https://x.com/undefined/status/1080976516073250816","761937833724555264",
"1080976479675011072","Thu Jan 03 23:57:30 +0000 2019","8","Mhn perhatiannya para pengambil kebijakan. Bertindaklah adil dan bijaksana. Rakyat membutuhkan kehadiranmu. @jokowi @Pak_JK @kempanrb @BimaHWibisana @H_SYAFRUDDIN_","1080976479675011072","","","in","","0","1","9","https://x.com/undefined/status/1080976479675011072","2436282074",
"1080976473727463425","Thu Jan 03 23:57:29 +0000 2019","0","Presiden Jokowi Tinjau Rehabilitasi Saluran Irigasi di Lodoyo: https://t.co/vtUVWV93Tm via @metrobali","1080976473727463425","","","in","","0","0","0","https://x.com/undefined/status/1080976473727463425","304383364",
"1080963002944258048","Thu Jan 03 23:57:27 +0000 2019","1","@yusuf_dumdum @jokowi HOAX DIBUAT OLEH ORANG PINTAR YANG JAHAT DISEBAR OLEH ORANG BAIK YANG BODOH QUOTE Of The Day by @maman1965","1080976464982339585","","yusuf_dumdum","in","","0","0","0","https://x.com/undefined/status/1080976464982339585","203946117",
"1080976447353712640","Thu Jan 03 23:57:23 +0000 2019","0","Listrik pembayaran termahal jmn now bensin juga mahal intinya 2019 prabowo presiden yg se7 tlis #Prabowo for Indonesia","1080976447353712640","","","in","","0","0","0","https://x.com/undefined/status/1080976447353712640","225834983",
"1080604984591314945","Thu Jan 03 23:57:11 +0000 2019","0","@Fahrihamzah Menyusun bahasanya masih salah karakter sukarno lebih mirip prabowo dst berarti prabowo lah yang terdahulu membuat pidato meledak - ledak keras thd asing dst. Menyusun kalimat jgn terburu - buru soalnya kelihatan kalau dungu kata RG","1080976396350967809","","Fahrihamzah","in","","0","0","0","https://x.com/undefined/status/1080976396350967809","4690190070",
"1080721589627305984","Thu Jan 03 23:57:08 +0000 2019","4","@ManaoFlorius @EndjahH @pramonoanung @jokowi Tiap pemilu saya golput untuk2019 #PrabowoSandi","1080976385621909504","","ManaoFlorius","in","","0","0","0","https://x.com/undefined/status/1080976385621909504","1007153389132644353",
"1080698767186116610","Thu Jan 03 23:57:02 +0000 2019","1","@fadlizon saya heran ya knp setiap kali anda ngeweet ga ada yg mendukung anda ada nya dibully habis2an oleh netizen knp ya?kmn ya para pendukung anda? mknya mkn dkt pilpres jgn nyinyir yang ada malah suara capres anda mkn berkurang dan rakyat mkn tdk percaya","1080976362083475456","","fadlizon","in","","0","0","0","https://x.com/undefined/status/1080976362083475456","1052592557463465985",
"1080761494264938496","Thu Jan 03 23:56:45 +0000 2019","0","@fadlizon Sangat saya kecewa sama setasiun televisi kayak metro tv yg selalu menghujat salah satu paslon capres kalau begini kita masyarakat indonesia jgn tonton metro tv dah","1080976287374532609","","fadlizon","in","","0","0","0","https://x.com/undefined/status/1080976287374532609","1047489482860126208",
"1080975200508817408","Thu Jan 03 23:56:34 +0000 2019","0","@assyarkhan @Fahrihamzah @sandiuno @jokowi @prabowo @MarufAminNU @mohmahfudmd @NgabalinAli @saididu Ada link berita yg valid ga? Biar kita mention ke media luar. Dibikin rame sekalian.","1080976243904794625","","coachaddie_off","in","","0","1","0","https://x.com/undefined/status/1080976243904794625","223743220",
"1080976242302545920","Thu Jan 03 23:56:34 +0000 2019","1","dukungan terus untuk pak jokowi #SuaraJatimUntuk01","1080976242302545920","","","in","","1","0","1","https://x.com/undefined/status/1080976242302545920","1071123099960004608",
"1080976241040207873","Thu Jan 03 23:56:34 +0000 2019","28","Jokowi-Ma'ruf mengenakan setelan putih-putih dalam foto di surat suara. Sementara Prabowo-Sandiaga memilih berjas hitam. https://t.co/nnPmJL9nFo","1080976241040207873","","","in","","2","14","3","https://x.com/undefined/status/1080976241040207873","69183155",
"1080819086601392128","Thu Jan 03 23:56:31 +0000 2019","0","@iciboenboen @detikcom @prabowo @sandiuno Ya daripada buat pernyataan memperbolehkan penjarahan trus cuma diam malah dibilang wajar.","1080976231099592704","","intanazzahra95","in","","0","0","0","https://x.com/undefined/status/1080976231099592704","155782109",
"1080976148270436353","Thu Jan 03 23:56:11 +0000 2019","0","Sayang sekali Pak Prabowo berdiri di waktu dan tempat yang salah. Dia nyapres di saat Jokowi juga nyapres. Gitu aja.","1080976148270436353","","","in","","0","0","0","https://x.com/undefined/status/1080976148270436353","3311378250",
"1080976141551190017","Thu Jan 03 23:56:10 +0000 2019","0","Ijtima Ulama 3 Umat Islam Tolak Dukung Prabowo-Sandi di Pilpres 2019 https://t.co/IKnZfj9hgu","1080976141551190017","","","in","","0","0","0","https://x.com/undefined/status/1080976141551190017","387408059",
"1080732568553570304","Thu Jan 03 23:56:06 +0000 2019","0","@AhlulKafir @saididu @jokowi Bnr mesti dilawan utk Indonesia sejahtera","1080976127240265729","","kafiradikal","in","","0","0","0","https://x.com/undefined/status/1080976127240265729","2656906855",
"1080976113445171200","Thu Jan 03 23:56:03 +0000 2019","0","Jgn termakan isu kontainer ... Ini permulaan biar kita berpikir isu ttg suara pemilu semua hoax... Padahal hal yg sesungguhnya akan bisa terjadi Tetap waspada.... Kekuasaan cenderung korup","1080976113445171200","","","in","","0","0","0","https://x.com/undefined/status/1080976113445171200","979580653351051264",
"1080969325031260160","Thu Jan 03 23:55:59 +0000 2019","0","@TMCPoldaMetro Apakah cara mobil bak di depan bapak ini cara memuat barangnya sudah sesuai aturan&amp;standar keselamatan?Kalau belum knp dibiarkan saja?Kalau sudah masa iya standarnya rendah sekali?! @Metro_TV @DivHumas_Polri @NajwaShihab @aniesbaswedan @jokowi @kempanrb","1080976095690686465","","TMCPoldaMetro","in","","0","0","0","https://x.com/undefined/status/1080976095690686465","1042699356804009986",
"1079791627512606725","Thu Jan 03 23:55:58 +0000 2019","0","@prabowo aminnn semoga sodara sodara kita di permudah urusanya eh gak ngucapin selamat natal pak ....","1080976092465311745","","prabowo","in","","0","0","0","https://x.com/undefined/status/1080976092465311745","1010907011326697473",
"1080976045912731649","Thu Jan 03 23:55:47 +0000 2019","0","PRABOWO MEMBENAMKAN REZIM BRUTAL KOMUNIS KMER MERAH DAN MENANGKAP POL POT LEGENDA KOMANDO-67 KAMBOJA MUTIARA TETAPLAH MUTIARA SEKALIPUN DIPENDAM DIDALAM LUMPUR. BY: IDJON DJANBI TEAM #CeritaPrabowo https://t.co/l1GwOufivQ","1080976045912731649","https://pbs.twimg.com/media/DwBl-kNU0AAmBhU.jpg","","in","","0","0","0","https://x.com/undefined/status/1080976045912731649","101113493",
"1080950747171250176","Thu Jan 03 23:55:39 +0000 2019","0","@saididu @Pradana87D @prabowo @SBYudhoyono @andiarief_ @FaldoMaldini @DivHumas_Polri @sandiuno Hati2 pki anti militer","1080976013973118976","","saididu","in","","0","0","0","https://x.com/undefined/status/1080976013973118976","866174873319505920",
"1080975943340969984","Thu Jan 03 23:55:23 +0000 2019","20","BUMDesa bergerak berInovasi kelola sampah Desa Muara Lintang Baru Kec. Pendopo Barat Kab. Empat Lawang. #JokowiMembangunDesa @jokowi @EkoSandjojo @EkoSandjojo @taufikmadjid71 @anwsanusi @fachrilabalado @kpp_sumsel https://t.co/qjguD9gGjt","1080975943340969984","https://pbs.twimg.com/ext_tw_video_thumb/1080975913376858112/pu/img/uqhFtfItz7KO6yoY.jpg","","in","","0","1","24","https://x.com/undefined/status/1080975943340969984","821660399930142720",
"1080721589627305984","Thu Jan 03 23:55:21 +0000 2019","1","@ManaoFlorius @EndjahH @pramonoanung @jokowi Gimana bangke curut hoax mobil smk?","1080975938198765570","","ManaoFlorius","in","","0","0","0","https://x.com/undefined/status/1080975938198765570","982851804701454342",
"1080973355593822208","Thu Jan 03 23:55:09 +0000 2019","1","@kokokdirgantoro Izin saran om : ANDA MEMASUKI WILAYAH INDONESIA .. PILIH PRABOWO OK TIDAK PILIH JOKOWI TIDAK MASALAH","1080975887254704128","","kokokdirgantoro","in","","0","0","0","https://x.com/undefined/status/1080975887254704128","878056344426696704",
"1080970891977084929","Thu Jan 03 23:55:09 +0000 2019","0","@Sentjoko @rscm_official @prabowo Mungkin mereka juga berpikir.. kalau dilaporkan hasilnya menguap juga. @DivHumas_Polri","1080975885551845377","","Sentjoko","in","","0","0","0","https://x.com/undefined/status/1080975885551845377","92275561",
"1080975864060235776","Thu Jan 03 23:55:04 +0000 2019","136","Warga Tulungagung begitu antusias menyambut kedatangan Presiden @jokowi pada Kamis (3/01/19). #SuaraJatimUntuk01 https://t.co/dqdGMZN6dY","1080975864060235776","https://pbs.twimg.com/ext_tw_video_thumb/1080974919612063744/pu/img/M12yIxpeq_7RE-tl.jpg","","in","","3","11","37","https://x.com/undefined/status/1080975864060235776","2156465923",
"1080975847820013568","Thu Jan 03 23:55:00 +0000 2019","1","Sumbangan Kampanye Jokowi-Ma ruf Nol Prabowo-Sandi Hanya Rp197 https://t.co/OURmpw6PHX","1080975847820013568","","","in","","0","0","0","https://x.com/undefined/status/1080975847820013568","202559038",
"1080965454925950977","Thu Jan 03 23:54:46 +0000 2019","0","@NurmaTgr @P3nj3l4j4h Programnya prabowo sandi sudah jelas.... Hoax","1080975789011591168","","NurmaTgr","in","","0","0","0","https://x.com/undefined/status/1080975789011591168","1049904801138569217",
"1080975715489656832","Thu Jan 03 23:54:28 +0000 2019","16","Pak Jokowi di ujung tanduk karena janji2nya. Sementara pak Prabowo dipinggir jurang karena org sekeliling &amp; pendukungnya. Nasib nasib. Apa perlu kocok ulang saja pilpresnya?","1080975715489656832","","","in","","4","15","5","https://x.com/undefined/status/1080975715489656832","24893875",
"1080975655238492160","Thu Jan 03 23:54:14 +0000 2019","0","Jika masyarakat membuat hoax biasanya akan dipolisikan Kira Kira berani ga @rscm_official melaporkan @prabowo dan Tim BPN serta @Gerindra telah menyebarkan hoax secara sistematis atau uda @KarbitanForever diangkat sebagai topik #ilctvone","1080975655238492160","","","in","","0","0","0","https://x.com/undefined/status/1080975655238492160","46540514",
"1080739444737470464","Thu Jan 03 23:54:03 +0000 2019","0","@RizmaWidiono @jokowi Semua sudah kehendak Allah. Bahwa pada saatnya Indonesia memiliki Pemimpin yg dipilih dan dicintai rakyatnya yg akan memimpin dg baik dan membawa kemajuan bangsa dan negara.","1080975607452753920","","RizmaWidiono","in","","0","0","0","https://x.com/undefined/status/1080975607452753920","897840225027727360",
"1080839197466841088","Thu Jan 03 23:54:01 +0000 2019","0","@FaGtng @jokowi Yang dungu t adalah para pendukung yang tetap setia walaupun sudah sering dibohongi.itu namanya kedunguan yang terpelihara dan awet. Gak mampu tepati janji janganlah berjanji.tapi kamu udah dapat nasi bungkuskan??? Capres mu gak tau sejarah bangsa","1080975601765298176","","FaGtng","in","","0","1","0","https://x.com/undefined/status/1080975601765298176","1067122239055654912",
"1080530079187390464","Thu Jan 03 23:54:00 +0000 2019","0","@detikcom Indonesia malu punya capres agama islam tapi gak bisa sholat","1080975596463697920","","detikcom","in","","0","0","0","https://x.com/undefined/status/1080975596463697920","823869172576702467",
"1080764237704613888","Thu Jan 03 23:53:58 +0000 2019","0","@sarahupss @nenisholihah2 @jokowi @habibthink @kangdede78 @TheArieAir @_DIM45_ARYA_ @4Y4NKZ @DimasPermana817 @davideugeniuse @_kiranalara @DPP_BMI @BantenggMuda ALKHAMDULILLAH semoga bpk presiden kita dan keluarga serta setapnya dan para pendukungnya sehat selalu.","1080975587085299712","","sarahupss","in","","0","0","0","https://x.com/undefined/status/1080975587085299712","1048726856344764417",
"1080817003747655680","Thu Jan 03 23:53:57 +0000 2019","0","@mondry_eddy @ronavioleta @KPU_ID @jokowi @MarufAminNU @prabowo @sandiuno @erickthohir Konteksnya debat dikpu...","1080975582203006976","","mondry_eddy","in","","0","2","0","https://x.com/undefined/status/1080975582203006976","3059754211",
"1080725215624060930","Thu Jan 03 23:53:52 +0000 2019","0","@muh_arfians @jtuvanyx @Dennysiregar7 @prabowo @jokowi Nah klu gebrak meja itu prestasi pribadi ","1080975563035049985","","muh_arfians","in","","0","1","0","https://x.com/undefined/status/1080975563035049985","92187051",
"1080149967199555587","Thu Jan 03 23:53:48 +0000 2019","0","@IsekaiHero @prabowo @sandiuno Aamiin Allahuma aamiin..","1080975548212424706","","","fi","","0","0","0","https://x.com/undefined/status/1080975548212424706","957762491399852032",
"1079956453195079680","Thu Jan 03 23:53:48 +0000 2019","0","@suaraIit02 @chloetowntale @aiman4168 @CherriLeenZv1 @nikky_cheese @raffie_aqmal @leoagus13181755 @riau_riski @yusuf_dumdum @DfarDjafar @prabowo @MardaniAliSera @suhudalynudin @PIPINSOPIANUI @fadlizon @AdianNapitupul1 @TsamaraDKI @jokowi Syarat jadi cebong : Mulut besar otak kecil","1080975546572365825","","","in","","0","4","0","https://x.com/undefined/status/1080975546572365825","4845262633",
"1080975544835928064","Thu Jan 03 23:53:48 +0000 2019","8","Barakallahufiikum Mak-Mak PEPES @PEPESOfficial Pepes Sidoarjo Bergerak Masif Raih Suara Emak-Emak untuk Prabowo- Sandi https://t.co/spqzWCwHf1","1080975544835928064","","","in","","0","0","6","https://x.com/undefined/status/1080975544835928064","485385284",
"1080696865866174464","Thu Jan 03 23:53:44 +0000 2019","0","@helmifelis prabowo kalah kalau surat suara yg 7kontainer itu msuk itungan","1080975530101432321","","HelmiFelis_","in","","0","0","0","https://x.com/undefined/status/1080975530101432321","999219050600280064",
"1080682113345585152","Thu Jan 03 23:53:22 +0000 2019","0","@mercon_muhammad @ithuts @AnsorKenanga @ustadtengkuzul Capres ada yg keturunan china","1080975435570147328","","mercon_muhammad","in","","0","0","0","https://x.com/undefined/status/1080975435570147328","951659419523141632",
"1080975435259760641","Thu Jan 03 23:53:21 +0000 2019","0","(DETIKCOM | Jokowi-Ma'ruf Putih-putih di Surat Suara Prabowo-Sandiaga Berjas Hitam) https://t.co/h879GNTIxl #pemilu #pemilu2019","1080975435259760641","","","in","","0","0","0","https://x.com/undefined/status/1080975435259760641","968428811107819521",
"1080690850575699968","Thu Jan 03 23:53:06 +0000 2019","0","@sarjanaexsprojo @jokowi Indonesia knpa nggak maju ya ya karna orang seperti kamu ini nih tololnya keblablasen Kwkwkwkwkwk... Klo wa san /pngetahuanmu minim. Jangan komen brow bego boleh tolol jangan !brainless ","1080975370650714113","","GaCeper","in","","0","1","0","https://x.com/undefined/status/1080975370650714113","3304056565",
"1080725215624060930","Thu Jan 03 23:53:05 +0000 2019","0","@Dennysiregar7 @prabowo @jokowi Tiap ngomongin apapun pasti ada yg nyempil nyebut esemka. Itu org2 yg mimpi py mobil wlpn uang cekak. Trus teriak2 ekonomi sulit","1080975367106551808","","","in","","0","0","0","https://x.com/undefined/status/1080975367106551808","92187051",
"1080968971090767872","Thu Jan 03 23:53:04 +0000 2019","0","@ustadtengkuzul Hahahaha....bukannya si capres u yach yang Ambisius banget jadi presiden???","1080975362375516160","","ustadtengkuzul","in","","0","0","0","https://x.com/undefined/status/1080975362375516160","971332831602356225",
"1080823984495648769","Thu Jan 03 23:53:04 +0000 2019","3","@Y_Radianto @RealForJKW @jokowi @vita_diahErv @BahanaRahayu2 @PersRini @PenguntaiKata @Ken2steve @katerinaKwari @aditianoegroho https://t.co/vyGyVzZKcX","1080975361247129600","https://pbs.twimg.com/media/DwBlWl4UwAAFu9v.jpg","YRadianto","qme","","0","0","0","https://x.com/undefined/status/1080975361247129600","889674071910236160",
"1080975360341098496","Thu Jan 03 23:53:04 +0000 2019","0","HARUS DIBEDAKAN MENGUNGKAP REKAM JEJAK SESEORANG BUKAN MENYERANG PRIBADI. ITU NAMANYA MEMBUKA SEJARAHNYA. SEJARAH TIDAK BISA DIBOHONGI. JGN BERBOHONG BUNG.Pembawa Acara TV One Hentikan Debat Fadli Zon dan Relawan Jokowi karena Dianggap Menyerang Pribadi https://t.co/8D1UQs7Lf2","1080975360341098496","","","in","","0","0","0","https://x.com/undefined/status/1080975360341098496","992710433709555712",
"1080975339201785856","Thu Jan 03 23:52:59 +0000 2019","0","Fahri Hamzah: Memang Karakter Soekarno Lebih Mirip Prabowo https://t.co/cvjVmvyiUA","1080975339201785856","","","in","","0","0","0","https://x.com/undefined/status/1080975339201785856","85232877",
"1080681523177648128","Thu Jan 03 23:52:53 +0000 2019","0","@04Nakula @jimdod108 @Fahrihamzah @dulatips @ardi_riau @RizmaWidiono @ASapardan @Airin_NZ @CH_chotimah @BadjaNuswantara @liaaa_mg @RiuRizkiUtomo @shinichikudo991 @P3nj3l4j4h @Karolina_bee11 prabowo gak takut...wong gak bisa ngaji.. gak bisa sholat.... gak bisa sunat..","1080975316112142336","","04Nakula","in","","0","1","0","https://x.com/undefined/status/1080975316112142336","3059199632",
"1080823984495648769","Thu Jan 03 23:52:46 +0000 2019","3","@RealForJKW @jokowi @vita_diahErv @BahanaRahayu2 @PersRini @PenguntaiKata @Y_Radianto @Ken2steve @katerinaKwari @aditianoegroho https://t.co/DVWNJjydD1","1080975288392081413","https://pbs.twimg.com/media/DwBlSWXUcAEW2-Z.jpg","","qme","","0","1","0","https://x.com/undefined/status/1080975288392081413","889674071910236160",
"1080813591182229504","Thu Jan 03 23:52:45 +0000 2019","4","@KHMarufAmin_ @SiswantaraR @jokowi @KPU_ID @PDI_Perjuangan @NasDem @fadjroeL @Deddy_Mizwar_ @DPP_PKB @kangdede78 @MRomahurmuziy @cakimiNOW @addiems pak kyai saya pilih yang pakai baju warna putih.","1080975282809430016","","KHMarufAmin_","in","","0","0","0","https://x.com/undefined/status/1080975282809430016","2583622760",
"1080971673539473408","Thu Jan 03 23:52:42 +0000 2019","1","@PantunJ2P Kemeja rajud mahal harganya saudara Anak panah melesat tinggi diangkasa raya Kerja nyata itu wujud Cintanya ke Negara Fitnah dan Cacian selalu iringi langkahnya Tapi jokowi tetep lanjut demi cita-cita Membangun indonesia maju bersama-sama #01JokowiLagi","1080975268250935299","","DR_0xjhon","in","","0","0","0","https://x.com/undefined/status/1080975268250935299","959991582286999552",
"1080842678969847810","Thu Jan 03 23:52:39 +0000 2019","0","@purwo82092883 @Widayatiningsi1 @jokowi @NurmaTgr @Hayati_Intta @Bangroy_ganteng @CebongBajaHitam @4Y4NKZ @murny7 @woelannnn @andy_nomicin @V_Stone_Kardol @5Y5_one_70 @ASapardan @RekanSaber @Y_Radianto Diperkirakan massa ini sekitar 1 juta umat.","1080975256381083649","","Purwo_Pawiro","in","","0","0","0","https://x.com/undefined/status/1080975256381083649","813007109138722816",
"1080975251662458880","Thu Jan 03 23:52:38 +0000 2019","0","Banyak masyarakat membenci politik termasuk istilah-istilah di dalamnya. Hal ini disebabkan oleh adanya rasa muak akan perilaku aktor politik bangsa yg sering membual sprti yg dilakukan Prabowo-Sandi #02KoalisiHoax #SandiwaraUno","1080975251662458880","","","in","","0","0","0","https://x.com/undefined/status/1080975251662458880","1071473354576543744",
"1080975236227489792","Thu Jan 03 23:52:34 +0000 2019","1","Semakin gila Hoaks nya surat suara sdh tercoblos dari China pula haduuuhhh apa ngga malu kalau ketahuan lgi..? Apa belum cukup dgn kasus yg terdahulu...? Untuk mencapai sesuatu kok gitu caranya ya ? Jokowi tetap lebih baik daripada Prabowo ","1080975236227489792","","","in","","0","0","0","https://x.com/undefined/status/1080975236227489792","755818803494133761",
"1080972362592309249","Thu Jan 03 23:52:32 +0000 2019","3","@ronavioleta @jokowi Nama nya juga raja bohong kalo gak bohong ya sariawan mulut","1080975228866519040","","ronavioleta","in","","0","0","1","https://x.com/undefined/status/1080975228866519040","178707598",
"1080975219475529728","Thu Jan 03 23:52:30 +0000 2019","0","Kubu Prabowo Sebar Hoax Lagi Ada 7 Kontainer Berisi Surat Suara Sudah Dicoblos Jokowi https://t.co/gRknjXifFm https://t.co/9ACnfwnrEq","1080975219475529728","https://pbs.twimg.com/media/DwBlO6BVYAAGxXB.jpg","","in","","0","0","0","https://x.com/undefined/status/1080975219475529728","725720992987803648",
"1080975215662755841","Thu Jan 03 23:52:29 +0000 2019","0","Gaeess simak modus Koalisi Pendukung Prabowo-Sandi utk menutupi kebohongannya https://t.co/d11CnIQGNW #02KoalisiHoax #SandiwaraUno","1080975215662755841","","","in","","0","0","0","https://x.com/undefined/status/1080975215662755841","1071473354576543744",
"1080975200508817408","Thu Jan 03 23:52:26 +0000 2019","1","Simulasi Awal Orang Gila dibawa ke TPS Pertama Kali Terjadi di Dunia Indonesia memang Hebat Kaya akan Budaya Gilanya @Fahrihamzah @sandiuno @jokowi @prabowo @MarufAminNU @mohmahfudmd @NgabalinAli @saididu https://t.co/YuP7lNwLSn","1080975200508817408","https://pbs.twimg.com/media/DwBlNfNVsAA5CDU.jpg","","in","","0","2","0","https://x.com/undefined/status/1080975200508817408","224119217",
"1080690850575699968","Thu Jan 03 23:52:24 +0000 2019","0","@jokowi Semangat n sukses Pakde Jokowi kinerjanya untuk Rakyat Indonesia.","1080975194183745537","","jokowi","in","","0","0","0","https://x.com/undefined/status/1080975194183745537","1068582654516162560",
"1080975172855750657","Thu Jan 03 23:52:19 +0000 2019","0","Sikap tenang dan konsistennya Pak Jokowi dlm setiap keputusan dgn tak menggubris atau mengklarifilaai setiap tuduhan dan fitnah yg ditujukkan kpadanya terbukti efektif menetralisir semuanya. Elektabilitasnya tetap tertinggi. #02KoalisiHoax #SandiwaraUno","1080975172855750657","","","in","","0","0","0","https://x.com/undefined/status/1080975172855750657","1071473354576543744",
"1080975159001997312","Thu Jan 03 23:52:16 +0000 2019","0","Cuma di Jaman Pemerintahan Jokowi Keturunan PKI berani seperti ini...Bahkan menuntut Pemerintah untuk minta maaf...","1080975159001997312","","","in","","0","0","0","https://x.com/undefined/status/1080975159001997312","924308969111175168",
"1080833105089290240","Thu Jan 03 23:52:10 +0000 2019","0","@laely_na @jokowi @KemenPU @ganjarpranowo 2 jam? Speed piro kui?","1080975135840948224","","laelyna_ch","lt","","0","0","0","https://x.com/undefined/status/1080975135840948224","567719393",
"1080975133622161409","Thu Jan 03 23:52:10 +0000 2019","0","Masyarakat sekitar juga sangat puas dengan kinerja Bapak @Jokowi dengan banyak pembangunan infrastruktur termasuk yang ada di Jawa Timur. #SuaraJatimUntuk01","1080975133622161409","","","in","","0","0","0","https://x.com/undefined/status/1080975133622161409","1070884336507867137",
"1080975110872326144","Thu Jan 03 23:52:07 +0000 2019","1","Elaktibilitas Jokowi di Jawa Timur sudah sangat melebihi Pilgub Jawa Timur tempo lalu. Hal ini didapat karena kinerja dan beberapa prestasi @Jokowi #SuaraJatimUntuk01","1080975124096897025","","teenmoms2","in","","2","0","0","https://x.com/undefined/status/1080975124096897025","1071106362258538496",
"1080975110872326144","Thu Jan 03 23:52:07 +0000 2019","1","Jawa Timur akan memastikan untuk pasangan Jokowi-Ma ruf di Pilpres 2019 akan maksimal. #SuaraJatimUntuk01","1080975122863812609","","teenmoms2","in","","2","1","0","https://x.com/undefined/status/1080975122863812609","1071106362258538496",
"1080975110872326144","Thu Jan 03 23:52:07 +0000 2019","1","https://t.co/uZtMbTpJxm Pemuda Pancasila sangat optimal dalam melakukan dukungan terhadap Jokowi-Ma ruf. #SuaraJatimUntuk01","1080975121580347398","","teenmoms2","in","","2","1","0","https://x.com/undefined/status/1080975121580347398","1071106362258538496",
"1080975110872326144","Thu Jan 03 23:52:06 +0000 2019","1","Masyarakat juga puas dengan kinerja Bapak @Jokowi dengan banyak pembangunan infrastruktur termasuk yang ada di Jawa Timur. #SuaraJatimUntuk01","1080975118615011333","","teenmoms2","in","","2","1","0","https://x.com/undefined/status/1080975118615011333","1071106362258538496",
"1080975110872326144","Thu Jan 03 23:52:06 +0000 2019","1","Menurutnya PP mendukung amanat rakyat yang menginginkan keberlanjutan program pemerintahan di bawah Presiden @Jokowi #SuaraJatimUntuk01","1080975117432152064","","teenmoms2","in","","2","1","0","https://x.com/undefined/status/1080975117432152064","1071106362258538496",
"1080975110872326144","Thu Jan 03 23:52:05 +0000 2019","1","Untuk memenangkan pasangan nomor urut 01 Jokowi-Ma ruf PP Jatim membentuk tim siber untuk mengantisipasi isu hoax dan provokatif terhadap Jokowi-Ma ruf. #SuaraJatimUntuk01","1080975116052226048","","teenmoms2","in","","2","1","0","https://x.com/undefined/status/1080975116052226048","1071106362258538496",
"1080975110872326144","Thu Jan 03 23:52:05 +0000 2019","1","Majelis Pimpinan Wilayah (MPW) Pemuda Pancasila Jawa Timur juga resmi mendukung pasangan Jokowi-Ma ruf pada Pilpres 2019. #SuaraJatimUntuk01","1080975114798194688","","teenmoms2","in","","2","1","0","https://x.com/undefined/status/1080975114798194688","1071106362258538496",
"1080975110872326144","Thu Jan 03 23:52:05 +0000 2019","1","Tak hanya itu deklarasi teman Jokowi juga memiliki target 70 persen suara Millenial di Jatim. #SuaraJatimUntuk01","1080975113535709184","","teenmoms2","in","","2","1","0","https://x.com/undefined/status/1080975113535709184","1071106362258538496",
"1080975110872326144","Thu Jan 03 23:52:04 +0000 2019","1","https://t.co/218XfEmJyX Elaktibilitas Jokowi-Ma ruf di Jawa Timur melebihi Khofifah saat Pilgub di Jawa Timur Juni 2018 lalu. #SuaraJatimUntuk01","1080975112197664768","","teenmoms2","in","","2","1","0","https://x.com/undefined/status/1080975112197664768","1071106362258538496",
"1080830047534047232","Thu Jan 03 23:52:04 +0000 2019","1","@RizmaWidiono @jokowi ALKHAMDULILLAH semoga apa do'a bpk JKW. Di terima ALLAH. swt.","1080975111845490691","","RizmaWidiono","in","","0","0","0","https://x.com/undefined/status/1080975111845490691","1048726856344764417",
"1080975108582170624","Thu Jan 03 23:52:04 +0000 2019","0","Prabowo-Sandiaga memainkan politik kebohongan utk menyamarkan mana hoaks dan mana fakta. Spt halnya tuduhan bahwa Jokowi adalah anggota PKI yg masih digaungkan kubunya hingga hari ini Prabowo mengaburkan fakta dan membuat semua itu seolah-olah benar #02KoalisiHoax #SandiwaraUno","1080975108582170624","","","in","","0","0","0","https://x.com/undefined/status/1080975108582170624","1071473354576543744",
"1080975096192348160","Thu Jan 03 23:52:01 +0000 2019","0","Nurhadi-Aldo: Dari tukang pijat sampai jadi pasangan capres guyonan https://t.co/jVok1uxjrG","1080975096192348160","","","in","","0","0","0","https://x.com/undefined/status/1080975096192348160","522063951",
"1080947212081815553","Thu Jan 03 23:51:59 +0000 2019","0","@JKFC23456789 @PDemokrat @SBYudhoyono @jokowi @RizmaWidiono @Dennysiregar7 @TheArieAir @kangdede78 @P3nj3l4j4h @semiaji_w @ZheeOmega @fadjroeL @erickthohir Maling teriak maling","1080975087291879425","","JKFC23456789","in","","0","0","0","https://x.com/undefined/status/1080975087291879425","985515300249452544",
"1080975041246912513","Thu Jan 03 23:51:48 +0000 2019","1"," Tidak ada Presiden seperti Pak Jokowi ","1080975041246912513","","","in","","0","0","1","https://x.com/undefined/status/1080975041246912513","1466178883",
"1080972362592309249","Thu Jan 03 23:51:47 +0000 2019","0","@ronavioleta @jokowi Ngibul setiap tarikan nafas","1080975040705835009","","ronavioleta","in","","0","0","0","https://x.com/undefined/status/1080975040705835009","1032225444878110720",
"1080374078341443586","Thu Jan 03 23:51:46 +0000 2019","0","@Gerindra @prabowo Jangan bisanya meramal tapi marilah mempunyai solusi utk hari ini n masa yg akan datang. Pemerintah jokowi jk sdh berbuat n melakukan program rencana masa yg akan datang juga tdk hanya konsep melambung n ramalan2 yg mengerikan menakurkan.","1080975036435943425","","Gerindra","in","","0","0","0","https://x.com/undefined/status/1080975036435943425","934296298454315013",
"1080974974674907136","Thu Jan 03 23:51:32 +0000 2019","0","@null Janji Prabowo-Sandi: Bentuk TPGF Novel Baswedan di 100 Hari Pertama Prabowo-Sand https://t.co/jGzt7MdisE","1080974974674907136","","null","in","","0","0","0","https://x.com/undefined/status/1080974974674907136","940602434",
"1080306836404760576","Thu Jan 03 23:51:30 +0000 2019","2","@bnopel Sebagai prajutit Prabowo akan tetap menghormati dan melindungi seniornya","1080974965929693184","","bnopel","in","","0","0","0","https://x.com/undefined/status/1080974965929693184","777141890277777409",
"1080974895876431872","Thu Jan 03 23:51:13 +0000 2019","0","Kebohongan Prabowo bukan lagi kebohongan pada level yang wajar karena dilakukannya secara sporadic dan intensif. #02KoalisiHoax #SandiwaraUno","1080974895876431872","","","in","","0","0","0","https://x.com/undefined/status/1080974895876431872","1071473354576543744",
"1080686532049043456","Thu Jan 03 23:51:07 +0000 2019","2","@Prie_GS @maspiyuuu @jokowi Indonesia maju #JokowiMembangunIndonesia Salam dua Periode!","1080974869775319042","","Prie_GS","in","","0","0","0","https://x.com/undefined/status/1080974869775319042","706718797701328896",
"1080690850575699968","Thu Jan 03 23:51:04 +0000 2019","0","@jokowi makasih bapak jokowi semoga kesehatan dan umur panjang melimpah menaungi kehidupan bapak mari kita terus berjuang bersama membangun negri ini.","1080974857364430849","","jokowi","in","","0","0","0","https://x.com/undefined/status/1080974857364430849","1051386634875224064",
"1080974845482016773","Thu Jan 03 23:51:01 +0000 2019","0","Satu kebohongan terbesar Prabowo adlh menurutnya Indonesia akan bubar pada tahun 2030. Teori asal bunyi ini dipatahkan oleh prestasi Indonesia di berbagai bidang. #02KoalisiHoax #SandiwaraUno","1080974845482016773","","","in","","0","0","0","https://x.com/undefined/status/1080974845482016773","1071473354576543744",
"1080969978298347520","Thu Jan 03 23:50:56 +0000 2019","0","@TMCPoldaMetro Bis&amp;motor yg melanggar marka kenapa dibiarkan saja? Mengapa himbauan kalian di Twitter tidak konsisten dgn aplikasi aparat di lapangan?@DivHumas_Polri @Metro_TV @NajwaShihab @aniesbaswedan @jokowi @kempanrb","1080974824699092993","","TMCPoldaMetro","in","","0","0","0","https://x.com/undefined/status/1080974824699092993","1042699356804009986",
"1080973697681223680","Thu Jan 03 23:50:54 +0000 2019","1","@Fahrihamzah Jadi mungkin spt ini pak Ada yg udah tau pasti kalah dgn pemilu yg jujur Makanya mendeskreditkan KPU spy seolah olah calon yg menang curang #kardusplastikkontener","1080974817946361856","","Fahrihamzah","in","","0","0","0","https://x.com/undefined/status/1080974817946361856","228701866",
"1080843326129991680","Thu Jan 03 23:50:54 +0000 2019","0","@CH_chotimah @DivHumas_Polri @CCICPolri @BareskrimPolri @jokowi @P3nj3l4j4h @04Nakula @BadjaNuswantara @RizmaWidiono @Dwiyana_DKM @Paltiwest @KSPgoid @BSSN_RI Saya pun bertnya2 padahal ini sangat menggu dan nembuat masyarakt yg kurang pemahaman berfikir yg tidak2.. @jokowi","1080974817006743552","","ChusnulCh__","in","","0","0","0","https://x.com/undefined/status/1080974817006743552","4856104209",
"1080974805036199937","Thu Jan 03 23:50:51 +0000 2019","0","kebiasaan timses jokowi pas debat... Minta Data =&gt; Dikasih Data =&gt; Data dari mana itu? =&gt; dikasih sumber data =&gt; Bohong itu gak bisa dipertanggung jawabkan etpi sumber datanya liputan6 https://t.co/VRyOVRVuYO antaranews dsb yg lembaganya verified ","1080974805036199937","","","in","","0","0","0","https://x.com/undefined/status/1080974805036199937","158022716",
"1080974804318994432","Thu Jan 03 23:50:51 +0000 2019","0","Aelah pagi2 udh liat berita komunitas supporter bola diributin kedua kubu capres cawapres ","1080974804318994432","","","in","","0","0","0","https://x.com/undefined/status/1080974804318994432","42624940",
"1080098947580874759","Thu Jan 03 23:50:50 +0000 2019","0","@Fahrihamzah @jokowi Astagfirullah yii karena terpaksa....jadi wakil jg ya tentu saja karena terpaksa saja ","1080974799050919937","","Fahrihamzah","in","","0","0","0","https://x.com/undefined/status/1080974799050919937","754523132",
"1080690850575699968","Thu Jan 03 23:50:45 +0000 2019","0","@hana_4TAA @jokowi Kok ngerti?","1080974780206014464","","","in","","0","0","0","https://x.com/undefined/status/1080974780206014464","1076864694890065920",
"1080974761386078208","Thu Jan 03 23:50:41 +0000 2019","0","Beberapa bulan saja hiruk pikuk kampanye Pilpres 2019 dilangsungkan kita sudah kenyang mendengar sederet ucapan asal njeplak nirfakta serta tuduhan kejam tanpa bukti oleh pasangan Prabowo-Sandi yang mengarah ke pemerintahan Jokowi. #02KoalisiHoax #SandiwaraUno","1080974761386078208","","","in","","0","0","0","https://x.com/undefined/status/1080974761386078208","1071473354576543744",
"1080950747171250176","Thu Jan 03 23:50:41 +0000 2019","0","@saididu @Pradana87D @prabowo @SBYudhoyono @andiarief_ @FaldoMaldini @DivHumas_Polri @sandiuno mari RAS rame rame","1080974760366895104","","saididu","lt","","0","0","0","https://x.com/undefined/status/1080974760366895104","255596222",
"1080740594547183616","Thu Jan 03 23:50:31 +0000 2019","1","@Prie_GS nih ada polling iseng katanya like yak buat pak prabowo.","1080974719732441088","","Prie_GS","in","","0","0","1","https://x.com/undefined/status/1080974719732441088","1062462948088537088",
"1080062932925394946","Thu Jan 03 23:50:28 +0000 2019","0","@Debe82209008 @Dahnilanzar @KPU_ID Ini @KPU_ID kenapa jadi timses yang ngomong? Mau debat timses apa cawapres? Saya kira semua capres berkompeten tapi kenapa se akan memberikan bahwa semua capres dan cawapres tidak memiliki pengetahuan luas ? Ada masalah ?","1080974705870262273","","Debe82209008","in","","0","0","0","https://x.com/undefined/status/1080974705870262273","293792383",
"1080974697460752384","Thu Jan 03 23:50:26 +0000 2019","0","(Vivanews | Ricky Martin Punya Anak Mahar Aura Kasih Hoax Surat Suara Tercoblos VIVA) https://t.co/9rbMRo372V #pemilu #pemilu2019","1080974697460752384","","","in","","0","0","0","https://x.com/undefined/status/1080974697460752384","968428811107819521",
"1080813591182229504","Thu Jan 03 23:50:20 +0000 2019","0","@KHMarufAmin_ @kangdede78 @jokowi @KPU_ID @PDI_Perjuangan @NasDem @fadjroeL @Deddy_Mizwar_ @DPP_PKB @MRomahurmuziy @cakimiNOW @addiems Insya Allah coblos no 1","1080974675121909762","","KHMarufAmin_","in","","0","0","0","https://x.com/undefined/status/1080974675121909762","1065772100982460416",
"1080943536474714112","Thu Jan 03 23:50:20 +0000 2019","3","@teuku2009 @FaldoMaldini @ridlwandjogja @prabowo Alpateka diributin mulu yg ga sholat dimaklumi. Liat ga pake mata ngerasa bukan pake hati tp ampela ya pahit mulu lah jd susah bersyukur","1080974673913864192","","","in","","0","1","0","https://x.com/undefined/status/1080974673913864192","92187051",
"1080945208265560064","Thu Jan 03 23:50:17 +0000 2019","0","@ridlwandjogja Ayo buktikan @FaldoMaldini saya sebagai umat muslim ingin mendengar prabowo yg katanya lulusan santri jordania..","1080974662056607744","","ridlwandjogja","in","","0","0","0","https://x.com/undefined/status/1080974662056607744","132410571",
"1080974630993555456","Thu Jan 03 23:50:15 +0000 2019","0","Diluar tim JKSN yang bergerak juga ada tim kampanye daerah yang juga memiliki rencana sistematik untuk pemenangan Jokowi-Ma ruf. #SuaraJatimUntuk01","1080974653126930434","","teenmoms2","in","","1","0","0","https://x.com/undefined/status/1080974653126930434","1071106362258538496",
"1080974630993555456","Thu Jan 03 23:50:15 +0000 2019","0","Bersama ribuan masyarakat Lamongan JKSN menyatukan langkah untuk bersama-sama memenangkan Jokowi-Ma ruf pada Pilpres 2019. #SuaraJatimUntuk01","1080974651717611520","","teenmoms2","in","","1","1","0","https://x.com/undefined/status/1080974651717611520","1071106362258538496",
"1080974630993555456","Thu Jan 03 23:50:14 +0000 2019","0","Bahkan elektabilitas Jokowi-Ma ruf Amin di Jawa Timur sudah jauh lebih signifikan dibanding angka kemenangannya saat pilgub Jatim Juni 2018 lalu. #SuaraJatimUntuk01","1080974650325184512","","teenmoms2","in","","1","1","0","https://x.com/undefined/status/1080974650325184512","1071106362258538496",
"1080974630993555456","Thu Jan 03 23:50:14 +0000 2019","1","https://t.co/EjgWS9n1DA Bu Khofifah sebut bahwa hampir semua program @Jokowi pro terhadap rakyat. #SuaraJatimUntuk01","1080974649024860160","","teenmoms2","in","","2","1","0","https://x.com/undefined/status/1080974649024860160","1071106362258538496",
"1080974630993555456","Thu Jan 03 23:50:13 +0000 2019","1","Bu Khofifah mengaku mendapat saran dan mendapat masukan dari para warga Indonesia yang berada di luar negeri. Mereka menyarankan untuk membuat basis pemenangan pasangan nomor urut 01 Jokowi-Ma ruf Amin. #SuaraJatimUntuk01","1080974646504116226","","teenmoms2","in","","2","1","0","https://x.com/undefined/status/1080974646504116226","1071106362258538496",
"1080905467906318336","Thu Jan 03 23:50:13 +0000 2019","7","@Fahrihamzah Udah nggak usah ikut mikir bang berat. Biarlah yg berat2 kasih aja ke pak Jokowi dan menteri2 nya biasanya lgs beres kok. Beneran nggak boong saya.","1080974645791051777","","Fahrihamzah","in","","0","1","0","https://x.com/undefined/status/1080974645791051777","432523616",
"1080974630993555456","Thu Jan 03 23:50:13 +0000 2019","1","Bu Khofifah mengatakan bahwa sebagian program @Jokowi sudah terlaksana. Pertamina di atas Petronas hari ini sudah. Masyarakat Indonesia memiliki saham Freeport 51 persen sudah juga. Blok Mahakam dan Blok Rokan juga sudah 100 persen. #SuaraJatimUntuk01","1080974643941433344","","teenmoms2","in","","1","1","0","https://x.com/undefined/status/1080974643941433344","1071106362258538496",
"1080974630993555456","Thu Jan 03 23:50:13 +0000 2019","0","Semua ini dilakukan karena Khofifah menilai program @Jokowi lebih pro rakyat. #SuaraJatimUntuk01","1080974642737627136","","teenmoms2","in","","1","1","0","https://x.com/undefined/status/1080974642737627136","1071106362258538496",
"1080974630993555456","Thu Jan 03 23:50:12 +0000 2019","0","Bu @Khofifah juga melakukan deklarasi dukungan terhadap @Jokowi di beberapa titik di Jawa timur. #SuaraJatimUntuk01","1080974641441587200","","teenmoms2","in","","0","1","0","https://x.com/undefined/status/1080974641441587200","1071106362258538496",
"1080974630993555456","Thu Jan 03 23:50:12 +0000 2019","0","Khofifah menegaskan bahwa apa yang sudah diupayakan oleh Pemerintah Pusat Pak @Jokowi harus bersambung dengan semangat profesionalisme dan kedisiplinan kita semua untuk melakukan percepatan dan peningkatan kesejahteraan. #SuaraJatimUntuk01","1080974640132964352","","teenmoms2","in","","0","1","0","https://x.com/undefined/status/1080974640132964352","1071106362258538496",
"1080826534187814914","Thu Jan 03 23:50:11 +0000 2019","0","@setkabgoid @jokowi Program sangat bagus tp apakah pembagian sertifikat hrs oleh Presiden dan setelah itu proses pembuatan sertifikat ttp kembali lg sulit dan berbelit tdk perlu lah Presiden turun gunung untk membagikan sertfikt sprt itu msh banyak persoalan yg lebih penting","1080974637729599490","","setkabgoid","in","","0","0","0","https://x.com/undefined/status/1080974637729599490","4677059412",
"1080974630993555456","Thu Jan 03 23:50:10 +0000 2019","0","Secara jelas Bu Khofifah mengatakan jika Pak @Jokowi kembali terpilih menjadi Presiden untuk kali kedua ia nantinya dapat dipastikan untuk menjabat sebagai Gubernur Jawa Timur. Keliatan juga bagaimana kinerja Bu Khofifah selama ini Jawa Timur semakin baik! #SuaraJatimUntuk01","1080974633778573313","","teenmoms2","in","","0","1","0","https://x.com/undefined/status/1080974633778573313","1071106362258538496",
"1080974630993555456","Thu Jan 03 23:50:10 +0000 2019","0","https://t.co/XEapIu3Wdt Tabik! Bapak Presiden kita @Jokowi tetap melakukan kunjungan meski cuaca sedang tak besahabat. #SuaraJatimUntuk01","1080974630993555456","","","in","","0","1","0","https://x.com/undefined/status/1080974630993555456","1071106362258538496",
"1080974616779153410","Thu Jan 03 23:50:06 +0000 2019","2","Kubu Prabowo Merasa Dirugikan Rekaman Berisi Info 7 Kontainer Surat Suara https://t.co/sGWk0MB9Fd","1080974616779153410","","","in","","1","2","0","https://x.com/undefined/status/1080974616779153410","456426648",
"1080974613427871745","Thu Jan 03 23:50:06 +0000 2019","0","Sekilas iya anda ingin jurdil tapi nalar org yang waras pasti benar mengatakan anda membuat gaduh suasana pemilu dan itu hanya anda dan Tuhan yg tau","1080974613427871745","","","in","","0","0","0","https://x.com/undefined/status/1080974613427871745","1346561869",
"1080739444737470464","Thu Jan 03 23:50:02 +0000 2019","0","@Jk_firman13 @RizmaWidiono @hendy_sumadi @jokowi Kalau orang yg otaknya sehat gak mungkin banget sekubu dengan @ustadtengkuzul sang bajingan PELACUR AGAMA https://t.co/9n6hmcCirj","1080974598546411520","","Jk_arkana17","in","","0","0","0","https://x.com/undefined/status/1080974598546411520","1018721899768000512",
"1080974590958919681","Thu Jan 03 23:50:00 +0000 2019","0","Status selanjutnya Gerakan Kiri demokrasi dan Pemilu 2019.","1080974590958919681","","","in","","0","0","0","https://x.com/undefined/status/1080974590958919681","171559241",
"1080974589734281216","Thu Jan 03 23:50:00 +0000 2019","0","Jokowi-Ma ruf Amin optimis menang telak di Jawa Timur. #SuaraJatimUntuk01","1080974589734281216","","","in","","0","0","0","https://x.com/undefined/status/1080974589734281216","1074525551157665792",
"1080972459635990528","Thu Jan 03 23:49:55 +0000 2019","0","@EndjahH @joko_maryadi @AnakLolina @BamsBulaksumur @CH_chotimah @jokowi https://t.co/QahpRp1AOT","1080974568091660288","https://pbs.twimg.com/media/DwBklUFU8AAz5Ku.jpg","EndjahH","qme","","0","1","0","https://x.com/undefined/status/1080974568091660288","889674071910236160",
"1080970193667420162","Thu Jan 03 23:49:52 +0000 2019","0","@gm_gm Sebelumnya banyak yg menuding rezim jokowi panik krn selalu over reaktif tetapi kayaknya justru yg panic pendukung paslon sebelah yg selalu menebar pernyataan tanpa data hoax berkali2 dll.. ","1080974556108546048","","gm_gm","in","","0","0","0","https://x.com/undefined/status/1080974556108546048","359234204",
"1080947212081815553","Thu Jan 03 23:49:49 +0000 2019","0","@JKFC23456789 @PDemokrat @SBYudhoyono @jokowi @RizmaWidiono @Dennysiregar7 @TheArieAir @kangdede78 @P3nj3l4j4h @semiaji_w @ZheeOmega @fadjroeL @erickthohir Maling teriak rampok?","1080974546042155008","","JKFC23456789","in","","0","0","0","https://x.com/undefined/status/1080974546042155008","1022750036772368384",
"1080974538400194560","Thu Jan 03 23:49:48 +0000 2019","0","kalau memang voting/pemilu itu bisa merubah (ke perubahan ideal yg diidamkan) mereka gak bakal bikin voting n democracy.. flow chart of probable outcomes akan ttp berkutat muter2 diarea itu itu juga.. selama monetary banking n tax system gak berubah","1080974538400194560","","","in","","0","0","0","https://x.com/undefined/status/1080974538400194560","90340523",
"1080950747171250176","Thu Jan 03 23:49:44 +0000 2019","5","@Pradana87D @prabowo @SBYudhoyono @andiarief_ @FaldoMaldini @saididu @DivHumas_Polri @sandiuno Kenapa sih syarat jadi cebong harus bangsat.","1080974522528948225","","Pradana87D","in","","0","0","0","https://x.com/undefined/status/1080974522528948225","476523780",
"1080943536474714112","Thu Jan 03 23:49:40 +0000 2019","2","@ridlwandjogja @prabowo Mas @ridlwandjogja sepertinya ikut tugas yg shift subuh ","1080974505894338561","","ridlwandjogja","in","","0","1","0","https://x.com/undefined/status/1080974505894338561","236391913",
"1080974496561999874","Thu Jan 03 23:49:38 +0000 2019","0","daripada meributkan hal-hal remeh temeh yg membuat saling curiga antar peserta pelaksana pemilu dan pemilih lebih baik setiap peserta pemilu (paslon parpol dan caleg) memperkuat saksinya yg ditugaskan baik di TPS maupun pd rapat pleno tingkat selanjutnya","1080974496561999874","","","in","","0","0","0","https://x.com/undefined/status/1080974496561999874","249466566",
"1080722739382513664","Thu Jan 03 23:49:33 +0000 2019","1","@gusajadiaji @CH_chotimah @B1G_kaySae @KompasTV @KPU_ID @jokowi @erickthohir @mas_abudiman @CCICPolri @DivHumas_Polri @P3nj3l4j4h @04Nakula @BadjaNuswantara @RizmaWidiono @KSPgoid @Dwiyana_DKM @Paltiwest Pas","1080974477075177472","","gus_al_diajie","und","","0","0","0","https://x.com/undefined/status/1080974477075177472","586896051",
"1080826203953491969","Thu Jan 03 23:49:33 +0000 2019","0","@ronavioleta @hery_pordjo Gak papa dokter ratusan aja yg dukung prabowo sisanya dukung jokowi ","1080974476282454016","","ronavioleta","in","","0","0","0","https://x.com/undefined/status/1080974476282454016","1048490181932675074",
"1080735503039684609","Thu Jan 03 23:49:26 +0000 2019","0","@pramonoanung @jokowi Santai","1080974449090809858","","pramonoanung","lt","","0","0","0","https://x.com/undefined/status/1080974449090809858","830388808751329280",
"1080097791332872192","Thu Jan 03 23:49:11 +0000 2019","0","@MadihBang @SayyidAnwar3 @MaySeetha @maulidin_ahmat @ollalee26 @AchmadNurArief3 @noteiqbal @sitikarnani @prabowo @RelawanProSandi @usmansusanto601 @RanupsProSandi @Hidayat_5758 @KIFLY_Vank Iya in aja yg penting dia senang ","1080974384112619520","","MadihBang","in","","0","0","0","https://x.com/undefined/status/1080974384112619520","2156752957",
"1080868169495961601","Thu Jan 03 23:49:04 +0000 2019","1","@RajaPurwa Prabowo masalah kalah sama Jokowi. Jokowi malah justru menguasai 10 nama nama Ikan.","1080974357055193089","","RajaPurwa","in","","0","0","0","https://x.com/undefined/status/1080974357055193089","2905814730",
"1080678803473481729","Thu Jan 03 23:49:03 +0000 2019","0","@Ms_Charminggg @Herusundoro @ustadtengkuzul @jokowi Lah emang ni rezim SBY ya ??","1080974352907005952","","LKrisdianti","in","","0","1","0","https://x.com/undefined/status/1080974352907005952","847242293727842305",
"1080722739382513664","Thu Jan 03 23:49:02 +0000 2019","0","@CH_chotimah @KompasTV @KPU_ID @jokowi @erickthohir @mas_abudiman @CCICPolri @DivHumas_Polri @P3nj3l4j4h @04Nakula @BadjaNuswantara @RizmaWidiono @KSPgoid @Dwiyana_DKM @Paltiwest Pas kompas ayo jgn takut..","1080974346800091136","","ChusnulCh__","in","","0","0","0","https://x.com/undefined/status/1080974346800091136","586896051",
"1080974332602404864","Thu Jan 03 23:48:59 +0000 2019","0","Pilpres x ini ada sbagian masyarakt yg menolak capres No 01 bkn krn 100% berdasarkn ketidak puasn trhdp kinerja capres 01 tpi lebih k tujuan hanya ingin d ganti.Krn ada campur tangn MAFIA2 yg selama puluhn th bisa meraup keuntungan dari BLK ROKAN FREPORT dll saat ini gigit jari","1080974332602404864","","","in","","0","0","0","https://x.com/undefined/status/1080974332602404864","848069585316093952",
"1080817003747655680","Thu Jan 03 23:48:56 +0000 2019","2","@ronavioleta @KPU_ID @jokowi @MarufAminNU @prabowo @sandiuno @erickthohir Karena kalau timses yg bacain visi misinya nanti jadi gampang ngelesnya. Begitukan? Akui saja ","1080974321932066816","","ronavioleta","in","","0","0","0","https://x.com/undefined/status/1080974321932066816","3958359858",
"1080851818131812353","Thu Jan 03 23:48:42 +0000 2019","1","@P3nj3l4j4h @HendarwatiH Awali taon baru masi dgn hal yg sama HOAX. HOAX membuat kualitas Pemilu kita rendah. Itulah kualitas mereka yg telah ditunjukan. Waktunya akan menjemput mereka 1 / 1 &amp; jngan di bilang kriminalisasi.","1080974263404744704","","P3nj3l4j4h","in","","0","0","0","https://x.com/undefined/status/1080974263404744704","948535842657599488",
"1080974257931218945","Thu Jan 03 23:48:41 +0000 2019","254","Mentri keuangan terbaik dunia kok cari utangan terus?? Btw hati2 lho Bu Sri... Jangan sampai kedengaran @psi_id @grace_nat dan pendukung2 jokowi... Krn kebanyakan pada anti yg bau2 syariah Sri Mulyani cari utangan syariah RP 8 T lewat SBSN. https://t.co/R4kptwoKTT","1080974257931218945","","","in","","12","26","136","https://x.com/undefined/status/1080974257931218945","485385284",
"1080690850575699968","Thu Jan 03 23:48:40 +0000 2019","0","@Ndarto1 @kangaziz05 @jokowi @setkabgoid Ya tul ngimpi sampe gk bisa tidur kacian","1080974253908840448","","media_sosial27","in","","0","0","0","https://x.com/undefined/status/1080974253908840448","1076864694890065920",
"1080624303844945922","Thu Jan 03 23:48:18 +0000 2019","0","@Garoet2 @TsamaraDKI Perbandingannya sih Pak Prabowo hebat semua yah cuman herannya kok Capres ga pernah menang yah? Salah dimananya yah? ","1080974161772666880","","Garoet2","in","","0","1","0","https://x.com/undefined/status/1080974161772666880","855929254130851840",
"1080698767186116610","Thu Jan 03 23:48:17 +0000 2019","5","@fadlizon Gw jg gk mau menyembunyikan persoalan. Pokokx Jokowi 1x lagiiiii......","1080974158274584576","","fadlizon","in","","0","0","0","https://x.com/undefined/status/1080974158274584576","799462991691333633",
"1080862846039126017","Thu Jan 03 23:48:12 +0000 2019","1","@yusuf_iye @prabowo https://t.co/tbdsSwA4XA","1080974136359366656","https://pbs.twimg.com/media/DwBkOsoUYAAc5D2.jpg","yusuf_iye","qme","","0","0","1","https://x.com/undefined/status/1080974136359366656","1036610315473969157",
"1080625929099997184","Thu Jan 03 23:48:00 +0000 2019","3","@JJRizal Poin dari video nya doi terpaksa karna berkaitan dgn penegakan hukum walau secara kemanusiaan tdk ingin memasukan org ke penjara salahnya dimana??justru objektif aja. Ya Om nya mah dari dulu juga emg ga suka kubu jokowi ya udah gak heran lah giring opini begitu","1080974088254836742","","JJRizal","in","","0","0","0","https://x.com/undefined/status/1080974088254836742","1438116091",
"1080730404787634177","Thu Jan 03 23:47:58 +0000 2019","0","@Robert10512 @d_syadiah @sandiuno @prabowo @jokowi banyak baca baik buat nutrisi otak lo kenapa logika di barisan 02 hampir sama karena punya otak lbh cerdas logika lo lemah karena setara abu janda hihi bro sorry ya w gini2 planner tau banget memanage sebuah program kerja. ","1080974077840351233","","Robert__Moses","in","","0","1","0","https://x.com/undefined/status/1080974077840351233","1054335164",
"1080773957639233536","Thu Jan 03 23:47:54 +0000 2019","0","@budimandjatmiko @jokowi Permisi mau nanya... Klinik Tong Feng buka layanan las otak gak ya..???","1080974061608398848","","budimandjatmiko","in","","0","0","0","https://x.com/undefined/status/1080974061608398848","1000777394800676865",
"1080974025247973377","Thu Jan 03 23:47:45 +0000 2019","2","@jokowi ass..wr wb Nuwun sewu pak Kulo GTT K2 Brebes sampun lulus 2013 namung sampe sa' niki NIP kulo lan rencang2 dereng turun...Mohon tolong dibantu Pak syukur2 Kulo lan rencang saged kepanggih kalian Pak Dhe‍️","1080974025247973377","","jokowi","in","","0","1","1","https://x.com/undefined/status/1080974025247973377","1021541756175671296",
"1080969614153048064","Thu Jan 03 23:47:44 +0000 2019","0","@budimandjatmiko Mas budiman poltisi dari pd selalu menyudutkan pak jokowi mbok sekali kali dihajar balik. La wong bosnya aja gak bisa nasehati.","1080974017970855936","","budimandjatmiko","in","","0","0","0","https://x.com/undefined/status/1080974017970855936","738986848752525316",
"1080968971090767872","Thu Jan 03 23:47:43 +0000 2019","0","@ustadtengkuzul Sampai sampai memberitakan bahwa ada 7 kontainer kartu suara yg SDH d coblos utk Paslon urut 1.... Yg tdk lain klo nanti Jokowi menang loe Zul langsung memberikan informasi klo tlh trjd kecurangan gt..bhkn golongan loe Zul akan mengerahkan massa ke KPU nantinya .","1080974013730410497","","ustadtengkuzul","in","","0","0","0","https://x.com/undefined/status/1080974013730410497","739348297945485313",
"1080973997620097024","Thu Jan 03 23:47:39 +0000 2019","0","@prabowo pak jika anda terpilih saya MOHON untuk semua para KORUPTOR jika mereka terbukti KORUPSI tolong hukum Mati mereka atau nggk kurung mereka di ruangan yg banyak tikus biar kapok dan gk ada para korupsi lagi di indo sekarang indonesia menderita pak","1080973997620097024","","prabowo","in","","0","0","0","https://x.com/undefined/status/1080973997620097024","250918425",
"1080764237704613888","Thu Jan 03 23:47:38 +0000 2019","0","@sarahupss @jokowi @habibthink @kangdede78 @TheArieAir @_DIM45_ARYA_ @4Y4NKZ @DimasPermana817 @davideugeniuse @_kiranalara @DPP_BMI @BantenggMuda #SuaraJatimUntuk01","1080973994482778112","","sarahupss","qme","","0","0","0","https://x.com/undefined/status/1080973994482778112","1071123099960004608",
"1080858093573926915","Thu Jan 03 23:47:36 +0000 2019","0","@RajaPurwa @LebahBorneo @prabowo cc in teman debat ah.. biar bisa keluar kolam.. @MawarTanuWijaya @Nicolas_Roel","1080973984286486528","","RajaPurwa","in","","0","0","0","https://x.com/undefined/status/1080973984286486528","971916911159099392",
"1080973971665743872","Thu Jan 03 23:47:33 +0000 2019","1","Pernyataan Sikap VPC - Viking Persib Club : Keseluruh distrik2 anggota VPC dan Bobotoh Persib. VPC Tidak pernah mendeklarasikan Dukung mendukung Capres-Cawapres tertentu seperti yang diberitakan Media dan pasangan Jkw-Ma'ruf Amin https://t.co/OU6OSWwrbN","1080973971665743872","","","in","","0","0","1","https://x.com/undefined/status/1080973971665743872","53446207",
"1080973936261619712","Thu Jan 03 23:47:24 +0000 2019","0","@CCICPolri @DivHumas_Polri @jokowi @fadjroeL @Dr_Moeldoko @mohmahfudmd","1080973936261619712","","CCICPolri","qam","","0","0","0","https://x.com/undefined/status/1080973936261619712","131116381",
"1080808404296192000","Thu Jan 03 23:47:18 +0000 2019","0","@BR_Hooligan urang lain anggota partai tapi da dasar ajing aing kekeh we teresep ngaran bobotoh di catut.! viking jokowi kuduna lain bobotoh jokowi.!! sabab teu sakabeh bobotoh viking.! bapak aing oge bobotoh siah !!","1080973910177390592","","BR_Hooligan","in","","0","1","0","https://x.com/undefined/status/1080973910177390592","970568322273050625",
"1080973901692190721","Thu Jan 03 23:47:16 +0000 2019","0","Prof. Quraish Shihab bilang nabi Muhammad tdk dijamin masuk surga dan tegas ngaku dukung jkw nah farhat abbas plus pendkng jkw malah teriak2 PILIH JOKOWI MASUK SURGA...makin gak waras aja ente semua https://t.co/FohQixSddY","1080973901692190721","https://pbs.twimg.com/ext_tw_video_thumb/1080973288153612288/pu/img/QuUVbehla5GIO1-U.jpg","","in","","0","0","0","https://x.com/undefined/status/1080973901692190721","2422394683",
"1044558997615927301","Thu Jan 03 23:47:15 +0000 2019","2","@MerdekaBrojoe @SalmaBrecht @koecing_pasar @dewantara_adjie @bobolidos @FrennyPahibe @do_chand @ebugogo2periode @suka_komen @JokSusi2019 @enylove2 @TamMuht @Jeonum1203 @AnissaVerawaty @Mmahalik2 @juventini_3rwin @Ninnocyber @Nink47018190 @AlaricLuthfy @himawan1978 @NurmaTgr @Swarnadiva9 @Igedemanuke9 @arekgubeng2 @XihxhouxExchou @LebahBorneo @Nurulis53223263 @BPart02 @cikyber @kenneth_aurelio @AndriawanRandie @fier_79 @gunwbisono @Versakleg @zqnov @IndraNov1972 @jnnewrw @AdrianWaworuntu @cv_wilcor @ayudh41 @Sukardi2017 @SanSuwardhi @Sandro87732049 @feradiana_a @5dhany5 @Nanaa_rosaa @grassrockstones @prabowo @rockygerung Hobby ngeHOAX janji seabreg.. https://t.co/i0PavKiMR0","1080973897237815296","https://pbs.twimg.com/media/DwBkBGbVAAAbbVy.jpg","MerdekaBrojoe","in","","0","1","1","https://x.com/undefined/status/1080973897237815296","2468828202",
"1080973890556375040","Thu Jan 03 23:47:13 +0000 2019","0","Klw bukan Presiden yg bekerja buat Rakyat Siapa lagi Klw bukan Jokowi gak bakalan ada Seandainya sobat mau melihat lagi pembangunan yg berkelanjutan mari kita dukung jokowi lagi #Jokowi2Periode #JokowiMarufAmin2019","1080973890556375040","","","in","","0","0","0","https://x.com/undefined/status/1080973890556375040","1027144114624585729",
"1080690850575699968","Thu Jan 03 23:47:11 +0000 2019","0","@kangaziz05 @jokowi @setkabgoid Tetap","1080973881479852033","","kangaziz05","in","","0","0","0","https://x.com/undefined/status/1080973881479852033","1076864694890065920",
"1080973875867901952","Thu Jan 03 23:47:10 +0000 2019","0"," Kawan2 jangan hiraukan oleh pasukan golput yg cuitanya memojokan pasangan Capres &amp; cawapres jokowi &amp; Hk Ma'ruf Amin. Bila perlu Ras dan blokir akun 2 mereka. Cuitan ujaran kebencian &amp; provokasi blokir! #JokowiMarufAmin2019 #Jokowi2Periode #2019KitaPilihJokowiAja","1080973875867901952","","","in","","0","0","0","https://x.com/undefined/status/1080973875867901952","1027424202041655296",
"1080973826450612225","Thu Jan 03 23:46:58 +0000 2019","2","[04012019] Fakta Jokowi: sekarang bapak lagi di Tulungagung sehat terus ya pak @jokowi ️ https://t.co/OEm4l0TRC1","1080973826450612225","https://pbs.twimg.com/ext_tw_video_thumb/1080973540260638720/pu/img/WW05OJKT2rSpzQLG.jpg","","in","","1","0","0","https://x.com/undefined/status/1080973826450612225","2554180334",
"1080810577281204226","Thu Jan 03 23:46:57 +0000 2019","0","@MurtadhaOne SAKING CINTANYA PADA PEMIMPINNYA RELA BERDESAK DESAKAN UNTUK BERSALAMAN DENGAN PRESIDENN JOKOWI","1080973822789005312","","MurtadhaOne","in","","0","0","0","https://x.com/undefined/status/1080973822789005312","831321659562827776",
"1080325906575417345","Thu Jan 03 23:46:52 +0000 2019","0","@ustadtengkuzul Pasangan capres yg satu siap test baca al quran...tp yg satu lg panas dingin..he he","1080973801104367616","","ustadtengkuzul","in","","0","0","0","https://x.com/undefined/status/1080973801104367616","1058917879557451776",
"1080973791788814336","Thu Jan 03 23:46:50 +0000 2019","1","ATMOSFER KEMENANGAN Beliau sudah ikut dua kali kontestasi pilpres. Beliau sudah tahu atmosfer kemenangan seperti apa. Stlh 3 bln beliau keliling baca survei segala macam beliau yakin atmosfer kemenangan saat ini itu ada di Pak Prabowo ~ Dahnil Anzar","1080973791788814336","","","in","","0","0","0","https://x.com/undefined/status/1080973791788814336","777141890277777409",
"1080973355593822208","Thu Jan 03 23:46:49 +0000 2019","17","Aku benernya pingin bikin baliho anda memasuki wilayah Indonesia. Terserah anda mau pilih Jokowi atau Prabowo. Sak karepmu. Sing penting seduluran sak lawase rukun ro tonggo teparo.","1080973791172251648","","kokokdirgantoro","in","","0","1","11","https://x.com/undefined/status/1080973791172251648","236200461",
"1080681523177648128","Thu Jan 03 23:46:43 +0000 2019","0","@04Nakula @ASapardan @Fahrihamzah @dulatips @ardi_riau @RizmaWidiono @Airin_NZ @CH_chotimah @BadjaNuswantara @liaaa_mg @RiuRizkiUtomo @shinichikudo991 @P3nj3l4j4h @Karolina_bee11 Ya kalo mau test bahas kandungan Al-Qur'an bang. Masa orang selevel Jokowi Prabowo diajak test ngaji dah nglotok kali. Dah biasa dari kecil bang.","1080973763749994497","","04Nakula","in","","0","0","0","https://x.com/undefined/status/1080973763749994497","1077557367993073666",
"1080973753494847488","Thu Jan 03 23:46:41 +0000 2019","0","Sosialisasi pemilu informasi pemilu sangat minim di desa desa....","1080973753494847488","","","in","","0","0","0","https://x.com/undefined/status/1080973753494847488","1632368070",
"1080973733303472128","Thu Jan 03 23:46:36 +0000 2019","0","Banyak masyarakat membenci politik termasuk istilah-istilah di dalamnya. Hal ini disebabkan oleh adanya rasa muak akan perilaku aktor politik bangsa yg sering membual sprti yg dilakukan Prabowo-Sandi #02KoalisiHoax #SandiwaraUno","1080973733303472128","","","in","","0","0","0","https://x.com/undefined/status/1080973733303472128","1080530566938685446",
"1080863934922420224","Thu Jan 03 23:46:33 +0000 2019","0","@DonAdam08 @prabowo selamat kang...","1080973723232915456","","","in","","0","0","0","https://x.com/undefined/status/1080973723232915456","801803263364317184",
"1080838090053185537","Thu Jan 03 23:46:29 +0000 2019","1","@jammedz @FirzaHussein Prabowo sandi pura2 misqueen","1080973705000275968","","errends_","ht","","0","0","0","https://x.com/undefined/status/1080973705000275968","1049904801138569217",
"1080827720404066304","Thu Jan 03 23:46:29 +0000 2019","0","@MasJenggot12 @helmifelis @AlfiraCahyo Hoaxnya 7 kontainer bikin resah banyak org dan menyerang institusi boss Kalau gak segera di proses menggangu hasil pilres jokowi menang di kira curang. Hoax la nyala menyerang pribadi jokowi Sama2 hoax tapi dampak yg timbulkan beda Minum kencing onta dulu baru takbir ...","1080973703939145729","","MasJenggot12","in","","0","1","0","https://x.com/undefined/status/1080973703939145729","1048490181932675074",
"1080861452217565184","Thu Jan 03 23:46:27 +0000 2019","0","@babeh_jono @jokowi Kontestan imam sholat baca Al Quran miris","1080973698247450624","","babeh_jono","in","","0","0","0","https://x.com/undefined/status/1080973698247450624","3228331394",
"1080973686616645633","Thu Jan 03 23:46:25 +0000 2019","0","Gaeess simak modus Koalisi Pendukung Prabowo-Sandi utk menutupi kebohongannya https://t.co/hogK7778vY #02KoalisiHoax #SandiwaraUno","1080973686616645633","","","in","","0","0","0","https://x.com/undefined/status/1080973686616645633","1080530566938685446",
"1080725858350813184","Thu Jan 03 23:46:23 +0000 2019","0","@AndiArief__ Kerjaan kamu hanya buat resah masyarakat aja. Sebar berita bohong kemana mana. Faktanya KPU belum jalan jadwal cetak baru buka tender. Trus disain fotonya capres yg mau dipakai jg blm ada yg tau.","1080973681684291584","","Andiarief__","in","","0","0","0","https://x.com/undefined/status/1080973681684291584","3542091914",
"1080973638533144579","Thu Jan 03 23:46:15 +0000 2019","0","Pak @Jokowi mempunyai target untuk memperbaiki 3 juta hektar irigasi primer selama 5 tahun. Irigasi Lodoyo termasuk yang diperbaiki oleh pemerintah. #SuaraJatimUntuk01","1080973647412514817","","teenmoms2","in","","0","0","0","https://x.com/undefined/status/1080973647412514817","1071106362258538496",
"1080973638533144579","Thu Jan 03 23:46:14 +0000 2019","0","Dengan langkah optimis Pak @Jokowi selalu melakukan kunjungan kerja dalam rangka membangun Indonesia dari masyarakat pedesaan. Karena suksesnya negara kita tergantung bagaimana kemajuan di pedesaan. #SuaraJatimUntuk01","1080973640873652224","","teenmoms2","in","","0","1","0","https://x.com/undefined/status/1080973640873652224","1071106362258538496",
"1080973638533144579","Thu Jan 03 23:46:13 +0000 2019","0","Di Jawa Timur @Jokowi juga akan melakukan sosialisasi terkait Anggaran Desa/Dana Desa (DD) di Trenggalek. #SuaraJatimUntuk01","1080973639686574080","","teenmoms2","in","","0","1","0","https://x.com/undefined/status/1080973639686574080","1071106362258538496",
"1080973638533144579","Thu Jan 03 23:46:13 +0000 2019","0","Pak @Jokowi juga melakukan normalisasi untuk anak sungai Brantas di Blitar. #SuaraJatimUntuk01","1080973638533144579","","","in","","0","1","0","https://x.com/undefined/status/1080973638533144579","1071106362258538496",
"1080973637174185985","Thu Jan 03 23:46:13 +0000 2019","1","Jadi 2019 itu tahunnya pemilu. Lucu sih ketika Lo punya preferensi politik yg berbeda sama keluarga terus di 'kafir' kan dengan kalimat ga langsung. FYI bukan gue juga yg memulai topik ini dari awal tiap d ajak ngebahas topik yg lagi sensitif kaya gini sih gue prefer untuk diem","1080973637174185985","","","in","","0","1","0","https://x.com/undefined/status/1080973637174185985","330134476",
"1080973635488116736","Thu Jan 03 23:46:12 +0000 2019","0","Sikap tenang dan konsistennya Pak Jokowi dlm setiap keputusan dgn tak menggubris atau mengklarifilaai setiap tuduhan dan fitnah yg ditujukkan kpadanya terbukti efektif menetralisir semuanya. Elektabilitasnya tetap tertinggi. #02KoalisiHoax #SandiwaraUno","1080973635488116736","","","in","","0","0","0","https://x.com/undefined/status/1080973635488116736","1080530566938685446",
"1080973633168666625","Thu Jan 03 23:46:12 +0000 2019","1","Hoax Surat Suara Tercoblos Diproses Hukum https://t.co/mT2kruKGKo Wasekjen Demokrat Dilaporkan KTN Jokowi-Ma ruf ke Bareskrim #KPU #berita #nusabali #Hoax #Pilpres2019 #Pileg2019 #PelanggaranPemilu","1080973633168666625","","","in","","0","0","0","https://x.com/undefined/status/1080973633168666625","2655442453",
"1080679120797806593","Thu Jan 03 23:46:10 +0000 2019","0","@dyah_jombang @humeruscattery1 @prabowo @Gerindra Mental cebong mental pengecut ngibul urusan gebrak meja jadi ciut dan di ekspos di metrotipu truss di aplod2. BAGAIMANA urusan perang dgn PKI dan Preman Perusak Demokrasi? Pasti NGACIR ro SENDIRIAN KE PANTAI NGADU KEPADA RATU TOL LAUT ARWAH PHP WALAU NEGRI KEJUAL https://t.co/qzobWqJYmJ","1080973624670998528","https://pbs.twimg.com/media/DwBjxiEVYAADnjj.jpg","dyah_jombang","in","","0","0","0","https://x.com/undefined/status/1080973624670998528","588219243",
"1080737954367078400","Thu Jan 03 23:46:07 +0000 2019","0","@KompasTV Ayo @bareskrim2018 Polri sikat para pembuat berita &amp; menyebar hoak surat suara telah tercoblos berkontener kontoner krn sangat meresahkan masy &amp; menjatuhkan wibawa pemerintah terkhusus kredibilitas KPU sbg penyelenggara pemilu.","1080973610943078401","","KompasTV","in","","0","0","0","https://x.com/undefined/status/1080973610943078401","3023516606",
"1080973596502028290","Thu Jan 03 23:46:03 +0000 2019","0","Awannya mirip nenek lampur terbang pakai sapu. Memang Prabowo kalo pakai topi Naik Kuda mirip nenek lampir terbang pakai sapu!!!!","1080973596502028290","","","in","","0","0","0","https://x.com/undefined/status/1080973596502028290","85390931",
"1080707504097513474","Thu Jan 03 23:46:03 +0000 2019","0","@AkunTofa Sebenarnya yang dipancing adalah @prabowo dan @sandiuno. Ketika Prabowo dan Sandi ikut terpancing dan Komentar 7 kontainer surat suara itu maka saat itu mereka akan memperkarakannya. Faktanya Andi Arief yang hanya sebagai penghimbau mereka perkarakan. Modusnya sudah ketebak.","1080973595679977472","","AkunTofa","in","","0","0","1","https://x.com/undefined/status/1080973595679977472","2905814730",
"1080973578558791681","Thu Jan 03 23:45:59 +0000 2019","1","Prabowo-Sandiaga memainkan politik kebohongan utk menyamarkan mana hoaks dan mana fakta. Seperti halnya tuduhan bahwa Jokowi adalah anggota PKI yang masih hingga hari ini Prabowo mengaburkan fakta dan membuat semua itu seolah-olah benar. #02KoalisiHoax #SandiwaraUno","1080973578558791681","","","in","","0","0","0","https://x.com/undefined/status/1080973578558791681","1080530566938685446",
"1080721589627305984","Thu Jan 03 23:45:55 +0000 2019","0","@pramonoanung Jujur sy sangat marah dan dendam sekali sama @prabowo tp tidak bisa melampiaskan dendam itu secara langsung sy hanya bisa melampiaskan itu nanti tgl 17 april akan sy coblos di muka @prabowo sampai sy puas smoga gambar JKW KMA tetap putih bersih tanpa noda dan lubang","1080973562486255616","","pramonoanung","in","","0","0","0","https://x.com/undefined/status/1080973562486255616","138328992",
"1080973561903206400","Thu Jan 03 23:45:55 +0000 2019","0","semoga tetep pak jokowi yang menjabat and or.never will changed","1080973561903206400","","","in","","0","0","0","https://x.com/undefined/status/1080973561903206400","1078589900939612160",
"1080450403395723265","Thu Jan 03 23:45:55 +0000 2019","0","@TranceX9 @jokowi bagaimana bpk menyikapinya?","1080973561446129664","","MorganFreaxman","in","","0","0","0","https://x.com/undefined/status/1080973561446129664","141473779",
"1080062932925394946","Thu Jan 03 23:45:54 +0000 2019","0","@Dahnilanzar @IreneViena @KPU_ID @KPU_ID anda sudah seperti partai kualisi Jokowi. Rasional dikit dong kelola demokrasi. Dasar sampah","1080973558321340416","","Dahnilanzar","in","","0","0","0","https://x.com/undefined/status/1080973558321340416","1054556895128694784",
"1080848395806347265","Thu Jan 03 23:45:45 +0000 2019","0","@detikcom Bung @Dahnilanzar halalkan yg haram dan Sebaliknya. Membalasnya dengan narasi hoax pesimisme atau bohong! Sudahlah jangan di perbudak oleh jabatan. Tak miskin kau kalo gk jadi Menterinya Prabowo dan itu tak kan terjadi.","1080973522497720321","","detikcom","in","","0","0","0","https://x.com/undefined/status/1080973522497720321","914630441210015744",
"1080973520824193024","Thu Jan 03 23:45:45 +0000 2019","1","Semestinya ulama itu menenangkan Pak kyai @ustadtengkuzul bukan membuat umat resah hny krn mendukung capres @prabowo #StopHoax","1080973520824193024","","","in","","0","0","0","https://x.com/undefined/status/1080973520824193024","46540514",
"1076798175967473664","Thu Jan 03 23:45:44 +0000 2019","0","@samsulb82494251 @wed_7am @jokowi Lucu kmu ngoceh tnpa pikiran","1080973515908538368","","samsulb82494251","in","","0","0","0","https://x.com/undefined/status/1080973515908538368","1027372412332007424",
"1080973501417218048","Thu Jan 03 23:45:40 +0000 2019","2","#CeritaPrabowo @maspiyuuu @AkunTofa @MichelaniaAdam @RanupsProSandi @prabowo @sandiuno","1080973501417218048","","","qme","","0","0","1","https://x.com/undefined/status/1080973501417218048","865771538833752064",
"1080855627700744193","Thu Jan 03 23:45:32 +0000 2019","0","@faizalassegaf @jokowi #TangkapAndiArief #TangkapTengkuZulkarnain","1080973464985456640","","faizalassegaf","qme","","0","0","0","https://x.com/undefined/status/1080973464985456640","3699063374",
"1080973439274369025","Thu Jan 03 23:45:28 +0000 2019","0","Tiga proyek yang diresmikan oleh Pak @Jokowi adalah dua rumah susun di Institut Agama Islam Negeri (IAIN) dan Sekolah Tinggi Ilmu Keguruan dan Ilmu Pendidikan (Stikip) PGRI Tulungagung serta pembangungan Jembatan Ngujang 2. #SuaraJatimUntuk01","1080973448107552768","","teenmoms2","in","","0","1","0","https://x.com/undefined/status/1080973448107552768","1071106362258538496",
"1080973439274369025","Thu Jan 03 23:45:27 +0000 2019","0","Menurut Kabag Humas dan Protokol Pemerintah Kabupaten (Pemkab) Tulungagung Sudarmaji mengatakan ada tiga proyek yang akan diresmikan oleh Pak @Jokowi. #SuaraJatimUntuk01","1080973446727720960","","teenmoms2","in","","0","1","0","https://x.com/undefined/status/1080973446727720960","1071106362258538496",
"1080973439274369025","Thu Jan 03 23:45:27 +0000 2019","0","Pak @Jokowi akan meresmikan tiga proyek pembangunan di Pemerintahan Pusat di wilayah Tulungagung dan pembagian sertifikat tanah di Blitar. #SuaraJatimUntuk01","1080973445460946945","","teenmoms2","in","","0","1","0","https://x.com/undefined/status/1080973445460946945","1071106362258538496",
"1080973439274369025","Thu Jan 03 23:45:27 +0000 2019","0","Berdasarkan keterangan Presiden kita @Jokowi akan melakukan kunjungan kerja di Jawa Timur selama 2 hari. #SuaraJatimUntuk01","1080973444219465728","","teenmoms2","in","","0","1","0","https://x.com/undefined/status/1080973444219465728","1071106362258538496",
"1080973439274369025","Thu Jan 03 23:45:26 +0000 2019","0","Setelah melakukan kunjungan kerja Pak @Jokowi juga akan bertolak menuju Kabupaten Tulungagung untuk bermalam. #SuaraJatimUntuk01","1080973442977910785","","teenmoms2","in","","0","1","0","https://x.com/undefined/status/1080973442977910785","1071106362258538496",
"1080973439274369025","Thu Jan 03 23:45:26 +0000 2019","0","Gubernur Jawa Timur ikut menyambut Pak @Jokowi disana. #SuaraJatimUntuk01","1080973441757396992","","teenmoms2","in","","0","1","0","https://x.com/undefined/status/1080973441757396992","1071106362258538496",
"1080973439274369025","Thu Jan 03 23:45:26 +0000 2019","0","Dan Pak @Jokowi tiba di Pangkalan TNI AU Abdul Rachman Saleh Kabupaten Malang pada pukul 10.05 WIB. #SuaraJatimUntuk01","1080973440524271616","","teenmoms2","in","","0","1","0","https://x.com/undefined/status/1080973440524271616","1071106362258538496",
"1080973438305460224","Thu Jan 03 23:45:25 +0000 2019","1","Dukung Jokowi untuk bangun Indonesia 1 periode lagi ya Lur. #01JokowiLagi #01IndonesiaMaju","1080973438305460224","","","in","","0","0","0","https://x.com/undefined/status/1080973438305460224","7366722",
"1080690850575699968","Thu Jan 03 23:45:24 +0000 2019","1","@sarjanaexsprojo @Dimassayekti4 @jokowi Tetap","1080973434106998784","","GaCeper","in","","0","0","0","https://x.com/undefined/status/1080973434106998784","1076864694890065920",
"1080973362665480192","Thu Jan 03 23:45:07 +0000 2019","0","Kebohongan Prabowo bukan lagi kebohongan pada level yang wajar karena dilakukannya secara sporadic dan intensif. #02KoalisiHoax #SandiwaraUno","1080973362665480192","","","in","","0","0","0","https://x.com/undefined/status/1080973362665480192","1080530566938685446",
"1080973355593822208","Thu Jan 03 23:45:06 +0000 2019","6","Tiap ke dapil selalu saya temukan spanduk atau baliho bertuliskan anda memasuki kawasan pendukung Prabowo Sandi. Pendukung Jokowi sptnya malah gak pernah saya lihat pasang spanduk anda memasuki kawasan pendukung Jokowi.","1080973355593822208","","","in","","1","2","7","https://x.com/undefined/status/1080973355593822208","236200461",
"1080973350300659712","Thu Jan 03 23:45:04 +0000 2019","0","@ustadtengkuzul dulu saat Pilgub DKI dia yg paling kencang menyuarakan ahok sekarang dia mau menyuarakan Jokowi mgkn dia fikir akan berhasil. Haha","1080973350300659712","","ustadtengkuzul","in","","0","0","0","https://x.com/undefined/status/1080973350300659712","194087065",
"1080973308974325762","Thu Jan 03 23:44:55 +0000 2019","0","Jokowi: Surat Suara Belum Dicetak Sudah Muncul Fitnah Saja Astagfirullah https://t.co/CvRPJbN5l6 https://t.co/7XU5jKW4oE","1080973308974325762","https://pbs.twimg.com/media/DwBjfucUUAA-o6k.jpg","","in","","0","0","0","https://x.com/undefined/status/1080973308974325762","346606845",
"1080973307879378946","Thu Jan 03 23:44:54 +0000 2019","0","Satu kebohongan terbesar Prabowo adlh menurutnya Indonesia akan bubar pada tahun 2030. Teori asal bunyi ini dipatahkan oleh prestasi Indonesia di berbagai bidang. #02KoalisiHoax #SandiwaraUno","1080973307879378946","","","in","","0","0","0","https://x.com/undefined/status/1080973307879378946","1080530566938685446",
"1080973304092086276","Thu Jan 03 23:44:53 +0000 2019","0","Nurhadi-Aldo: Dari tukang pijat sampai jadi pasangan capres guyonan https://t.co/zlfcQvSNWW","1080973304092086276","","","in","","0","0","0","https://x.com/undefined/status/1080973304092086276","123302299",
"1080950747171250176","Thu Jan 03 23:44:52 +0000 2019","0","@Pradana87D @prabowo @SBYudhoyono @andiarief_ @FaldoMaldini @saididu @DivHumas_Polri @sandiuno Akun anonim","1080973298660302849","","Pradana87D","tl","","0","0","0","https://x.com/undefined/status/1080973298660302849","1071351242868191237",
"1080725858350813184","Thu Jan 03 23:44:43 +0000 2019","0","@AndiArief__ Dari mana bung klau 7 kontener surat pemilu sudah terjoblos...kasi tau siapa peyebarnya...bung jangan mengada2","1080973262039834624","","Andiarief__","in","","0","0","0","https://x.com/undefined/status/1080973262039834624","753733714299924481",
"1080690850575699968","Thu Jan 03 23:44:41 +0000 2019","0","@sarjanaexsprojo @jokowi Maklum orang syirik mah gitu atuh","1080973251310809089","","GaCeper","in","","0","0","0","https://x.com/undefined/status/1080973251310809089","1076864694890065920",
"1080973246453829633","Thu Jan 03 23:44:40 +0000 2019","0","2019 Jokowi Targetkan 9 Juta Sertifikat Tanah: Presiden Joko Widodo menargetkan 9 juta bidang tanah bisa tersertifikasi pada 2019 ini. Program sertifikasi tanah rakyat di tahun 2019 ini diharapkan bisa melampaui target. https://t.co/UJxr47jYzR https://t.co/Ur7I3QOwFA","1080973246453829633","https://pbs.twimg.com/media/DwBjcEnU8AALZHV.jpg","","in","","0","0","0","https://x.com/undefined/status/1080973246453829633","2870472808",
"1080973175175839745","Thu Jan 03 23:44:23 +0000 2019","0","Beberapa bulan saja hiruk pikuk kampanye Pilpres 2019 dilangsungkan kita sudah kenyang mendengar sederet ucapan asal njeplak nirfakta serta tuduhan kejam tanpa bukti oleh pasangan Prabowo-Sandi yang mengarah ke pemerintahan Jokowi. #02KoalisiHoax #SandiwaraUno","1080973175175839745","","","in","","0","0","0","https://x.com/undefined/status/1080973175175839745","1080530566938685446",
"1080973171002466309","Thu Jan 03 23:44:22 +0000 2019","2","Iya betul kayaknya banyak orang yg takut dukung Prabowo dan (mungkin) terpaksa pilih Jokowi. Ngeri punya Presiden seperti Prabowo tapi ga antusias juga dg Jokowi","1080973171002466309","","","in","","1","0","5","https://x.com/undefined/status/1080973171002466309","15177656",
"1080973139650048002","Thu Jan 03 23:44:16 +0000 2019","0","Selain itu Pak @Jokowi juga melakukan peninjauan ke irigasi Lodoyo Kelurahan Jegu Kabupaten Blitar. Beliau ingin meninjau hasil pekerjaan rehabilitasi irigasi Lodoyo. #SuaraJatimUntuk01","1080973146054742017","","teenmoms2","in","","0","0","0","https://x.com/undefined/status/1080973146054742017","1071106362258538496",
"1080973139650048002","Thu Jan 03 23:44:15 +0000 2019","0","2019 optimis! Pak @Jokowi langsung melakukan kunjungan kerja ditahun yang baru juga semangat baru. #SuaraJatimUntuk01","1080973144838397952","","teenmoms2","in","","0","1","0","https://x.com/undefined/status/1080973144838397952","1071106362258538496",
"1080973139650048002","Thu Jan 03 23:44:15 +0000 2019","0","Selain meninjau proyek pengendalian banjir di Kali Bogel Pak @Jokowi juga akan berkunjung ke Pendopo Blitar untuk membagikan sertifikat tanah kepada masyarakat. #SuaraJatimUntuk01","1080973142342852608","","teenmoms2","in","","0","1","0","https://x.com/undefined/status/1080973142342852608","1071106362258538496",
"1080973135690620928","Thu Jan 03 23:44:13 +0000 2019","2","Harapan Warganet Ahok Bebas Penjara Langsung Kampanye Jokowi dan Kabar Terbaru Veronica Tan https://t.co/GRV0Oym7AO","1080973135690620928","","","in","","0","0","2","https://x.com/undefined/status/1080973135690620928","80885324",
"1080973129139204096","Thu Jan 03 23:44:12 +0000 2019","0","PP mendukung amanat rakyat yang menginginkan keberlanjutan program pemerintahan di bawah Presiden @Jokowi Ungkapnya #SuaraJatimUntuk01","1080973129139204096","","","in","","0","0","0","https://x.com/undefined/status/1080973129139204096","1070884336507867137",
"1080973127109160960","Thu Jan 03 23:44:11 +0000 2019","1","Nu milih prabowo alus nu teu milih jokowi bae teu nanaon","1080973127109160960","","","in","","0","0","0","https://x.com/undefined/status/1080973127109160960","735346165634478080",
"1080973118015819777","Thu Jan 03 23:44:09 +0000 2019","8","#JokowiMembangunDesa #TPPIRiau #TPPIIndragiriHulu @Jokowi @EkoSandjojo @anwsanusi @taufikmadjid71 @Fachrilabalado @DodiShawana @arwani_p3md @Kpw1Riau @SazaliSofyan @adi_turyanto @indranoveri2 @izbullah_ibul https://t.co/SMTb33Ucwy","1080973118015819777","https://pbs.twimg.com/media/DwBjUNpUcAEw9qA.jpg","","qme","","0","0","7","https://x.com/undefined/status/1080973118015819777","1045144747889680384",
"1080973115201601536","Thu Jan 03 23:44:08 +0000 2019","0","KPU Sebut Sosialisasi Visi Misi Capres-Cawapres Bisa Batal https://t.co/01wJegxDUH","1080973115201601536","","","in","","0","0","0","https://x.com/undefined/status/1080973115201601536","962333866953355278",
"1080973104594055168","Thu Jan 03 23:44:06 +0000 2019","0","Pangdam Brawijaya dan Danrem Baladhika Jaya Sambut Kedatangan Presiden Jokowi https://t.co/RuYxWpAJbg https://t.co/hXAH4OZkbs","1080973104594055168","https://pbs.twimg.com/media/DwBjT0yVAAA4EYx.jpg","","in","","0","0","0","https://x.com/undefined/status/1080973104594055168","874358417535582208",
"1080905619366768640","Thu Jan 03 23:44:06 +0000 2019","0","@radenano Saat pendaftaran capres kasih obat tidur..bangun-bangun setelah pencoblosan.","1080973104287965184","","radenano","in","","0","0","0","https://x.com/undefined/status/1080973104287965184","168346305",
"1080971778300747776","Thu Jan 03 23:44:03 +0000 2019","1","@ADEK_ABANG1 @jokowi Ke asem reg es beli cel ana ? Ke semsem sama orang s ana...","1080973091298205696","","4m0r4_g4lby","in","","0","1","0","https://x.com/undefined/status/1080973091298205696","1027254721415852032",
"1070505361260535808","Thu Jan 03 23:44:02 +0000 2019","1","@noperhan @TheArieAir @sedyautamaandin @engkongniy @Meshal91459745 @BHD_58 @Helooowww @fariz1234 @Nunung35Aza @Genesis7173 @burunghantu1813 @FrennyPahibe @nostradm @PRAMANA77987984 @Ken2steve @DenyCaprion @Karolina_bee11 @banaspati65 @yan_tanuwidjaya @SiharMHSitorus @SalmaBrecht @EliasAdi79 @MuhSujarw4 @wijaya_karenina @EmakMisqueen @zonk_brain @DjanChoek @avatarcs99 @Ferdinand_Haean @AndiArief__ @Winardhi2617 @faizalassegaf @hnurwahid @ProfRoySembel @chicohakim @Airin_NZ @adevj1969 @AlvinoLulu @tyanika9 @grace_nat @TsamaraDKI @aniesbaswedan @yusuf_dumdum @na_dirs @CH_chotimah @addiems @iwanfals @ariel_heryanto @Gustika @Vivittts Harus ditindak tegas.... Tetangga gw ada yg gagal faham dan terkontaminasi ttg berita HOAKS kyk ini.... Seolah Kalo jokowi menang menurut mereka pasti curang...","1080973090106953729","","noperhan","in","","0","1","0","https://x.com/undefined/status/1080973090106953729","1023501797090975747",
"1080813591182229504","Thu Jan 03 23:44:00 +0000 2019","0","@KHMarufAmin_ @jokowi @KPU_ID @PDI_Perjuangan @NasDem @fadjroeL @Deddy_Mizwar_ @DPP_PKB @kangdede78 @MRomahurmuziy @cakimiNOW @addiems Dengan dipilihnya pak @KHMarufAmin_ sebagai wakil presiden @jokowi rakyat Indonesia khususnya umat Islam menjadi tahu mana yang ulama abal-abal dan munafik.","1080973081508761600","","KHMarufAmin_","in","","0","0","0","https://x.com/undefined/status/1080973081508761600","2881069399",
"1080969614153048064","Thu Jan 03 23:44:00 +0000 2019","1","@budimandjatmiko Sehat sehat om bud akutuh seneng punya capres yang timsesnya lucuk dangsk hobi ngotot sebar hoax","1080973080850096128","","budimandjatmiko","in","","0","1","0","https://x.com/undefined/status/1080973080850096128","1050196200152915968",
"1080973069496340480","Thu Jan 03 23:43:57 +0000 2019","0","I've just posted a new blog: Pangdam Brawijaya dan Danrem Baladhika Jaya Sambut Kedatangan Presiden Jokowi https://t.co/WKN2VlmokP","1080973069496340480","","","in","","0","0","0","https://x.com/undefined/status/1080973069496340480","876118711115030528",
"1080973066711240704","Thu Jan 03 23:43:57 +0000 2019","0","Pangdam Brawijaya dan Danrem Baladhika Jaya Sambut Kedatangan Presiden Jokowi https://t.co/IFpJeajd8p","1080973066711240704","","","in","","0","0","0","https://x.com/undefined/status/1080973066711240704","874358417535582208",
"1080973021286871042","Thu Jan 03 23:43:46 +0000 2019","0","sering kalu saksi yg ditugaskan peserta pemilu di TPS minim pengetahuan mungkin karena tdk mudah mendapatkan saksi yg mumpuni sehingga sebagaian mereka senyam-senyum selpa-selpi belum selesai perhitungan sudah pulang klo disadari ini kan merugikan yg menugaskan","1080973021286871042","","","in","","0","0","0","https://x.com/undefined/status/1080973021286871042","249466566",
"1080973013892382720","Thu Jan 03 23:43:44 +0000 2019","0","Pangdam Brawijaya dan Danrem Baladhika Jaya Sambut Kedatangan Presiden Jokowi https://t.co/WKN2VlmokP","1080973013892382720","","","in","","0","0","0","https://x.com/undefined/status/1080973013892382720","876118711115030528",
"1080950747171250176","Thu Jan 03 23:43:43 +0000 2019","0","@Pradana87D @prabowo @SBYudhoyono @andiarief_ @FaldoMaldini @saididu @DivHumas_Polri @sandiuno Korban mabok perasan celana dalam ya bung ?","1080973010209628160","","Pradana87D","in","","0","0","0","https://x.com/undefined/status/1080973010209628160","1066561471981617152",
"1080973006749351936","Thu Jan 03 23:43:42 +0000 2019","0","PP Jatim membentuk tim siber untuk mengantisipasi isu hoax dan provokatif terhadap Jokowi-Ma ruf. Untuk memenangkan pasangan nomor urut 01 Jokowi-Ma ruf #SuaraJatimUntuk01","1080973006749351936","","","in","","0","0","0","https://x.com/undefined/status/1080973006749351936","1070884336507867137",
"1080732568553570304","Thu Jan 03 23:43:36 +0000 2019","0","@AhlulKafir @jokowi Cebong udah di brief utk terus memotong pembicaraan modal ngeyel &amp; terus ngoceh. Duh suram bet","1080972978731413504","","kafiradikal","in","","0","0","0","https://x.com/undefined/status/1080972978731413504","124472145",
"1080972974117785600","Thu Jan 03 23:43:35 +0000 2019","3","Jokowi Perkuat Industri Militer Indonesia https://t.co/xJhVqeWvb1","1080972974117785600","","","in","","0","0","0","https://x.com/undefined/status/1080972974117785600","379217034",
"1080971810915545089","Thu Jan 03 23:43:24 +0000 2019","6","Pemilu 2019 cenderung diselimuti kepentingan para elit politik dan pebisnis yang tentu saja berkepentingan untuk mengamankan sekaligus memperbesar bisnis untuk mendapat keuntungan sebesar-besarnya. Sementara rakyat tetap akan berjuang sendirian menyelamatkan ruang hidup dari","1080972929347727360","","rizkyrautra","in","","0","1","3","https://x.com/undefined/status/1080972929347727360","2882907109",
"1080971810915545089","Thu Jan 03 23:43:23 +0000 2019","4","yakni Adaro Group. Mencermati sepak terjang dua pasangan calon presiden dan wakil presiden berikut elit politik dan pebisnis di lingkaran masing-masing kubu pasangan calon tampaknya Pemilu 2019 tidak berdampak signifikan pada upaya menyelamatkan ruang hidup rakyat yang tersisa","1080972927036620801","","rizkyrautra","in","","0","1","1","https://x.com/undefined/status/1080972927036620801","2882907109",
"1080971810915545089","Thu Jan 03 23:43:22 +0000 2019","3","(3) Sementara di lingkaran kubu Prabowo-Sandi juga begitu gamblang di mana keduanya juga bagian dari bisnis batubara itu sendiri. Prabowo Subianto melalui Nusantara Group berinvestasi di sektor tambang batubara kelapa sawit kehutanan kertas dan bubur kertas ","1080972922540285952","","rizkyrautra","in","","0","1","0","https://x.com/undefined/status/1080972922540285952","2882907109",
"1080972917939339266","Thu Jan 03 23:43:21 +0000 2019","0","Blue Light Patrol Polsek Pagentan malam haripun kami ada . . sukseskan pemilu 2019 yang aman damai dam https://t.co/XVL9sES4gX","1080972917939339266","","","in","","0","0","0","https://x.com/undefined/status/1080972917939339266","3249448766",
"1080972900046385152","Thu Jan 03 23:43:17 +0000 2019","0","Pangdam Brawijaya dan Danrem Baladhika Jaya Sambut Kedatangan Presiden Jokowi https://t.co/jrqjewoN1T https://t.co/1JKJgIwEYj","1080972900046385152","https://pbs.twimg.com/media/DwBjH6mVYAIGZ-1.jpg","","in","","0","0","0","https://x.com/undefined/status/1080972900046385152","876118711115030528",
"1080972856077348865","Thu Jan 03 23:43:07 +0000 2019","0","MPW (Majelis Pimpinan Wilayah) Pemuda Pancasila Jawa Timur juga resmi mendukung pasangan Jokowi-Ma ruf pada Pilpres 2019. #SuaraJatimUntuk01","1080972856077348865","","","in","","0","0","0","https://x.com/undefined/status/1080972856077348865","1070884336507867137",
"1080972854731014144","Thu Jan 03 23:43:06 +0000 2019","0","yang nama nya fAdlizon adalah orang gak tau malu otak .males kerja .suka mengibul dan mulut nya hoax semua nya kok bicarA soal saham freeport mungkin orang ini selama pak jokowi menjabat tentu saja kantong nya kering iya gak! ","1080972854731014144","","","in","","0","0","0","https://x.com/undefined/status/1080972854731014144","1078589900939612160",
"1006034290570715137","Thu Jan 03 23:43:05 +0000 2019","0","@chloetowntale @prabowo Nyimak... ","1080972850352123905","","","in","","0","0","0","https://x.com/undefined/status/1080972850352123905","475186435",
"1080690850575699968","Thu Jan 03 23:43:00 +0000 2019","0","@sarjanaexsprojo @jokowi Kelompok stress ya kayak gini ini pola pikirnya","1080972826901770240","","GaCeper","in","","0","0","0","https://x.com/undefined/status/1080972826901770240","1038544363016478720",
"1080823644949962752","Thu Jan 03 23:42:57 +0000 2019","0","@koreanthingy pak jokowi udah dinotis aku kapan: )","1080972815703060481","","koreanthingy","in","","0","0","0","https://x.com/undefined/status/1080972815703060481","519281242",
"1080747046456283136","Thu Jan 03 23:42:55 +0000 2019","1","@buyutsayama Bebas sabebas2na anggota @BobotohID keur milih capres cawapres 02 jeung teu milih 01. Sakali deui bebas lur sakitu.","1080972809705160709","","buyutsayama","in","","0","1","0","https://x.com/undefined/status/1080972809705160709","323248117",
"1080872733368451073","Thu Jan 03 23:42:55 +0000 2019","0","@Zaqi59732287 @AndiArief__ Ente jadi penjilat tainya prabowo yg ga punya prestasi itu kamprettttt","1080972808052563969","","Zaqi59732287","in","","0","0","0","https://x.com/undefined/status/1080972808052563969","727888417564983298",
"1080972806538518528","Thu Jan 03 23:42:55 +0000 2019","0","Cawapresku??? Bang @sandiuno Capresku??? Mas @prabowo #2019GantiPresiden #2019GantiPresiden","1080972806538518528","","","in","","0","0","0","https://x.com/undefined/status/1080972806538518528","2986283575",
"1080972806274322433","Thu Jan 03 23:42:55 +0000 2019","0","coblos no 01 dah pasti jokowi merakyat prabowo blm pasti","1080972806274322433","","","in","","1","0","0","https://x.com/undefined/status/1080972806274322433","1065907304778866689",
"1080732568553570304","Thu Jan 03 23:42:51 +0000 2019","1","@AhlulKafir @CakKhum @jokowi Kualitasnya kok kyk gini. Diskusi jadi ngawur. Tolong TVOne utk cek ricek kualitas narsum. Mksh.","1080972792512696320","","kafiradikal","in","","0","0","0","https://x.com/undefined/status/1080972792512696320","923459460521005056",
"1080826169950269440","Thu Jan 03 23:42:49 +0000 2019","0","@budimandjatmiko Tenang bang rakyat sdh cerdas sejak pilpres 2014 skrg makin cerdas rakyat tdk akan memilih capres yg pembual pembohong pesimis apalagi didukung sm tukang penebar hoax Jokowi sekali lagi","1080972781951406080","","budimandjatmiko","in","","0","0","0","https://x.com/undefined/status/1080972781951406080","3019719920",
"1080690850575699968","Thu Jan 03 23:42:47 +0000 2019","0","@jokowi Pemimpin itu memberi rasa keadilan sosial bgi sluruh rakyat bukn ngumpulin masyarakat trtentu kemudian bgi2 kartu hy utk pencitraan. Apa mnjamin smua rakyat miskin dpt kartu? Tanggung jwb dunia akhirat lho!","1080972774670127105","","jokowi","in","","0","0","0","https://x.com/undefined/status/1080972774670127105","1027372412332007424",
"1080745160030351360","Thu Jan 03 23:42:46 +0000 2019","3","@Fadle31 @setkabgoid @jokowi Vulgar nunjukin kalo sengaja difoto ya? Masak iya sendirian bawa 5 kerangjang bunga ","1080972768814915584","","Fadle31","in","","0","0","0","https://x.com/undefined/status/1080972768814915584","167691852",
"1080947212081815553","Thu Jan 03 23:42:40 +0000 2019","1","@JKFC23456789 @PDemokrat @SBYudhoyono @jokowi @RizmaWidiono @Dennysiregar7 @TheArieAir @kangdede78 @P3nj3l4j4h @ZheeOmega @fadjroeL @erickthohir Gegara kasus Century diteruskan...","1080972746383716352","","JKFC23456789","in","","0","1","1","https://x.com/undefined/status/1080972746383716352","82789900",
"1080813665509462016","Thu Jan 03 23:42:38 +0000 2019","0","@RamliRizal @jokowi Dan terhindar dari virus Orba penindas... dan terhindar dari Barter tanah dgn bunga utang","1080972736137068544","","RamliRizal","in","","0","0","0","https://x.com/undefined/status/1080972736137068544","960381060",
"1080972731263311873","Thu Jan 03 23:42:37 +0000 2019","0","Hmm tidak hanya itu deklarasi teman Jokowi juga memiliki target 70 persen suara Millenial di Jatim. #SuaraJatimUntuk01","1080972731263311873","","","in","","0","0","0","https://x.com/undefined/status/1080972731263311873","1070884336507867137",
"1080972726737616897","Thu Jan 03 23:42:36 +0000 2019","0","Kita semua inginkan pemilu yang bersih dan aman.. Jangan ada lagi berita-berita sampah. Kota semua cinta Indonesia. Mari ciptakan suasana penuh kasih sayang. @BamsBulaksumur Bagus bang..","1080972726737616897","","","in","","0","0","0","https://x.com/undefined/status/1080972726737616897","959991582286999552",
"1080972697582985218","Thu Jan 03 23:42:29 +0000 2019","0","Stan pak jokowi untuh indonesia lebih maju","1080972697582985218","","","in","","0","0","0","https://x.com/undefined/status/1080972697582985218","874885624997838849",
"1080725215624060930","Thu Jan 03 23:42:28 +0000 2019","0","@ajack_516 @abdulra13955479 @Dennysiregar7 @prabowo @jokowi Loh ini sih dalam dunia politik semua bisa menjadi kawan dan lawan bukan termasuk prestasi yang saya maksud itu yang punya pengaruh kepada masyarakat atau partainya yang patut dibanggakan kl di foto ini sih judulnya bisa diganti jadi prestasi jokowi/ahok piye toh","1080972696077266945","","ajack_516","in","","0","1","0","https://x.com/undefined/status/1080972696077266945","1667148997",
"1080873708212736000","Thu Jan 03 23:42:28 +0000 2019","0","@kompasiana Keviralan dan kecabulan dari capres dan cawapres fiktif Dildo!","1080972693980143616","","kompasiana","in","","0","0","0","https://x.com/undefined/status/1080972693980143616","224892123",
"1080972683213365248","Thu Jan 03 23:42:26 +0000 2019","6","Yang saya tahu dan yang saya harapkan tahun ini JKN kita gak defisit lagi. Cukuplah 4 tahun defisit terus. Kasihan rakyat kasihan faskes2 itu kasihan tenaga kesehatannya. Tolonglah bapak2 capres bapak2 cawapres bapak2 ibu2 caleg. Jadikan ini agenda prioritas ","1080972685318881280","","dr_koko28","in","","0","0","3","https://x.com/undefined/status/1080972685318881280","1052703629528854530",
"1080806433686401024","Thu Jan 03 23:42:15 +0000 2019","0","@triwul82 Nugroho mengutarakan secara ideologi dirinya tidak sejalan dengan Presiden Jokowi. Namun dia menilai jika mendukung Prabowo di Pemilihan Presiden (Pilpres) 2019 maka partainya mengalami penurunan popularitas. Yang begini pak @jokowi hati2 ya.","1080972640943128583","","triwul82","in","","0","0","0","https://x.com/undefined/status/1080972640943128583","560473679",
"1080972621733216256","Thu Jan 03 23:42:11 +0000 2019","1","Saat pengajian berlangsung Gus Nur membahas @jokowi @Pak_JK @KHMarufAmin_ ya inti tendendius politik lalu ada jamaah yang tiba2 nyaut Gak boleh jelekin orang kurang lebih seperti itu dengan nada yang halus seisi ruangan terlihat langsung berdiri namun di tahan gusnur","1080972624295948289","","R_adiakusumah","in","","0","1","0","https://x.com/undefined/status/1080972624295948289","374978914",
"1080955252323446784","Thu Jan 03 23:42:06 +0000 2019","0","@rizalyahoo13 Tanya ke @ustadtengkuzul @sandiuno @AndiArief__ @prabowo @RatnaSpaet @fadlizon semua ada di twit mereka.","1080972603106316288","","rizalyahoo13","in","","1","0","0","https://x.com/undefined/status/1080972603106316288","2432557279",
"1080972601952858112","Thu Jan 03 23:42:06 +0000 2019","0","Foto suara Jokowi &amp; Maruf dengan peci dan baju koko/taqwa. Terlihat Islami. Inilah bahasa komunikasi visual. Ada pesan yang ingin disampaikan. Seolah mereka mewakili konstituen Islam. Padahal sejatinya kita tau siapa... https://t.co/m9nB4aKuiU","1080972601952858112","","","in","","0","0","0","https://x.com/undefined/status/1080972601952858112","333878507",
"1080972580373159936","Thu Jan 03 23:42:01 +0000 2019","0","SELAMAT UTK VIKING DAN TERIMA KASIH ATAS DUKUNGAN SPORTIPNYA KPD JOKOWI - MA' RUF AMIN. OLAHRAGAWAN RASIONALNYA TINGGI MEMBELA YANG BENAR. PEJUANG NKRI SAMA. Viking Dukung Jokowi - Ma'ruf Edy Rahmayadi Buka Suara - https://t.co/rD6yzUFpy2 https://t.co/dq2dL0wHMs lewat @bolanet","1080972580373159936","","","in","","0","0","0","https://x.com/undefined/status/1080972580373159936","992710433709555712",
"1080972533564751872","Thu Jan 03 23:41:50 +0000 2019","0","https://t.co/Pwa2LcrR1E Elaktibilitas Jokowi-Ma ruf di Jawa Timur melebihi Khofifah saat Pilgub di Jawa Timur Juni 2018 lalu. #SuaraJatimUntuk01","1080972533564751872","","","in","","0","0","0","https://x.com/undefined/status/1080972533564751872","1070884336507867137",
"1080972518800781313","Thu Jan 03 23:41:46 +0000 2019","6","Dana bantuan air utk bencana dikorupsi. Dana pembangunan selter tsunami jg di korupsi. Betul apa yg di sampaikan oleh pak Prabowo korupsi di negeri ini memang sudah seperti kanker stadium 4 !!! #17AprilPrabowoPresiden #17AprilPrabowoPresiden #17AprilPrabowoPresiden","1080972518800781313","","","in","","0","1","3","https://x.com/undefined/status/1080972518800781313","3958359858",
"1080972512018685952","Thu Jan 03 23:41:45 +0000 2019","0","Jokowi Buka Suara Soal Cuitan Andi Arief Terkait Kontainer Surat Suara https://t.co/hBh7RBtKeq","1080972512018685952","","","in","","0","0","0","https://x.com/undefined/status/1080972512018685952","202559038",
"1080826169950269440","Thu Jan 03 23:41:36 +0000 2019","0","@budimandjatmiko Yg pasti kalau kalah anak pasti malu temen temen nya akan bilang ayah mu ibu hadeh kalah sdh byk bikin hoaxs dll lagi .jadi bahan omongan temen temen anak pasti nya .no.1 dong presiden nya jokowi lagi .","1080972478116052992","","budimandjatmiko","in","","0","0","0","https://x.com/undefined/status/1080972478116052992","162551100",
"1080972472969646081","Thu Jan 03 23:41:35 +0000 2019","0","MASYARAKAT DESA SAITNIHUTA KEC. DOLOKSANGGUL MENOLAK BERITA HOAX DAN UJARAN KEBENCIAN SERTA SIAP MENDUKUNG PEMILU 2019 YG AMAN DAN DAMAI https://t.co/AH4QBOPAXA","1080972472969646081","https://pbs.twimg.com/ext_tw_video_thumb/1080972330413617152/pu/img/7oPGqXI6G1royXT1.jpg","","in","","0","0","0","https://x.com/undefined/status/1080972472969646081","779160488437436416",
"1080972464463605760","Thu Jan 03 23:41:33 +0000 2019","0","******** Retweeted by Tweets Seribu Minang *********************** @jokowi @Dr_Moeldoko @BareskrimPolri @DivHumas_Polri #01JokowiLagi @Menlu_RI #JokowiHarapanPasti #JokowiSaiyoSakato","1080972464463605760","","","en","","0","0","0","https://x.com/undefined/status/1080972464463605760","1280788819",
"1080972448684695552","Thu Jan 03 23:41:29 +0000 2019","0","(Okezone | PDIP Duga Ada Produsen Hoaks yang Dibayar untuk Ciptakan Keresahan) https://t.co/OLxTEsCu9a #pemilu #pemilu2019","1080972448684695552","","","in","","0","0","0","https://x.com/undefined/status/1080972448684695552","968428811107819521",
"1080624303844945922","Thu Jan 03 23:41:26 +0000 2019","0","@gunsricardo28 @TsamaraDKI Ya...karna ada oembiaran..shg mrk smakin merajalela dgn hoaksnya.. @jokowi","1080972434910601217","","","in","","0","0","0","https://x.com/undefined/status/1080972434910601217","753010737245671424",
"1080690850575699968","Thu Jan 03 23:41:23 +0000 2019","0","@sarjanaexsprojo @jokowi Congor elek yo koyo ngene iki nggak berbuat tapi banyak bacot waktu dalam kandungan mamaknya ngidam opo to kok begitu lahir jadi elek congornya gini.","1080972419706175488","","GaCeper","in","","0","0","0","https://x.com/undefined/status/1080972419706175488","1038544363016478720",
"1080972414912061446","Thu Jan 03 23:41:21 +0000 2019","0","#BabeKasihTau Modisnya Ibu Iriana saat Belanja ke Pasar Belanja Kerupuk untuk Pak Jokowi #national https://t.co/oovp4b7JGp","1080972414912061446","","","in","","0","0","0","https://x.com/undefined/status/1080972414912061446","2306171660",
"1080843326129991680","Thu Jan 03 23:41:17 +0000 2019","3","@CH_chotimah @DivHumas_Polri @CCICPolri @BareskrimPolri @jokowi @P3nj3l4j4h @04Nakula @BadjaNuswantara @RizmaWidiono @Dwiyana_DKM @Paltiwest @KSPgoid @BSSN_RI menurut gue sih..ini mmng ketakutan yg berkelanjutan jika berhadapan dgn @ustadtengkuzul bayangin aja sdh brp banyak berita hoax yg disemai sidengkulzul..namun tdk ada tindakan apa pun dari @indo_pol @CCICPolri @BareskrimPolri ..??","1080972396612308992","","ChusnulCh__","in","","0","2","1","https://x.com/undefined/status/1080972396612308992","106566882",
"1080761190446329856","Thu Jan 03 23:41:12 +0000 2019","2","@zudhi_setiadi Pak @jokowi juga sudah tau ada yang bermain di impor tapi di biarkan","1080972376886501376","","_bayangan_semar","in","","0","0","0","https://x.com/undefined/status/1080972376886501376","186764928",
"1080962012446842880","Thu Jan 03 23:41:11 +0000 2019","0","@liangirung @AddictOff Apa artinya data fakta jokowi itu keliru?","1080972371006128128","","liangirung","in","","0","0","0","https://x.com/undefined/status/1080972371006128128","856226104725577728",
"1080421709356748800","Thu Jan 03 23:41:10 +0000 2019","0","@rscm_official @Takviri @KemenkesRI @itjenkemenkes @BPJSKesehatanRI Admin harus lempar ke muka @prabowo surat ini agar rakyat tau siapa tukang bohong dan peneror rakyat ( tukang nakut nakutin) !","1080972368485347328","","rscm_official","in","","0","0","0","https://x.com/undefined/status/1080972368485347328","765676749522739200",
"1080972362592309249","Thu Jan 03 23:41:09 +0000 2019","328","Janji RP 50 juta utk renov korban gempa lombok sudah beres semua pak @jokowi ? Jokowi Janjikan Rumah Permanen bagi Korban Tsunami Lampung VIVA https://t.co/pBxOjWci9m","1080972362592309249","","","in","","29","57","183","https://x.com/undefined/status/1080972362592309249","485385284",
"1080972359366889473","Thu Jan 03 23:41:08 +0000 2019","1","Pak Jokowi juga melakukan peninjauan rest area Bendungan Tugu dan di Kabupaten Ponorogo akan membagikan sertifikat tanah. #SuaraJatimUntuk01","1080972359366889473","","","in","","0","0","0","https://x.com/undefined/status/1080972359366889473","1071124608927952896",
"1080972350110064641","Thu Jan 03 23:41:06 +0000 2019","0","Jokowi Tetap Puasa Senin-Kamis Meski Aktivitasnya Sangat Padat https://t.co/cYwj8JDgH6","1080972350110064641","","","in","","0","0","0","https://x.com/undefined/status/1080972350110064641","71232432",
"1080972336965259265","Thu Jan 03 23:41:03 +0000 2019","0","BPN Prabowo: Narasi Petahana Cuma Bisa Balas Kritik Pakai Kata Hoax https://t.co/aYFS2ziLn1","1080972336965259265","","","in","","0","0","0","https://x.com/undefined/status/1080972336965259265","1084559617",
"1080314620596838400","Thu Jan 03 23:40:59 +0000 2019","0","@SutanRiska @triwul82 @jokowi Sehat selalu buat pak Bupati @SutanRiska dan pak @jokowi","1080972319961407492","","SutanRiska","in","","0","0","0","https://x.com/undefined/status/1080972319961407492","985515300249452544",
"1080971810915545089","Thu Jan 03 23:40:58 +0000 2019","3","pertambangan batubara migas pembangkit tenaga listrik kehutanan dan kelapa sawit property dan perindustrian. Selain Luhut Binsar Pandjaitan terdapat nama Andi Syamsuddin Arsyad alias Haji Isam yang menempat posisi wakil bendahara di TKN Jokowi-Ma ruf.","1080972314861133824","","rizkyrautra","in","","0","1","0","https://x.com/undefined/status/1080972314861133824","2882907109",
"1080972263191654401","Thu Jan 03 23:40:45 +0000 2019","0","Selamat pagi guys... Sedang hangat dimedia sosial tentang adanya 7 kontainer surat suara salah satu Paslon peserta pemilu 2019 yang sudah tercoblos dan dijaga oleh aparat keamanan. https://t.co/Krucq43j26","1080972263191654401","","","in","","0","0","0","https://x.com/undefined/status/1080972263191654401","1066159203906015232",
"1080819086601392128","Thu Jan 03 23:40:45 +0000 2019","0","@detikcom @sandiuno @prabowo ..dan anteknya..udah pada stres ya putus urat malunya?? Mana kredibilitasmu..#RajaNgeles","1080972263183138818","","detikcom","in","","0","0","0","https://x.com/undefined/status/1080972263183138818","864704750087843840",
"1080872075709960192","Thu Jan 03 23:40:43 +0000 2019","1","@WisnuTheoneto @prabowo Aamiin berdoa dan sudah berusaha ... Urusan hasil kita serahkan kepada yg maha kuasa. Yg penting #17AprilPilihPrabowoSandi","1080972255952220161","","TheonetoVips","in","","0","0","0","https://x.com/undefined/status/1080972255952220161","227769341",
"1080457993257283584","Thu Jan 03 23:40:37 +0000 2019","0","@AkunTofa @prabowo capres struk","1080972229746122752","","AkunTofa","en","","1","7","0","https://x.com/undefined/status/1080972229746122752","3141309769",
"1080873540939800576","Thu Jan 03 23:40:37 +0000 2019","1","@RiyoWidianto1 @_indrajaya78_ @dr_gundi @prabowo @sandiuno @FaldoMaldini @Dahnilanzar Ibarat gelombang tsunami ombak pertama kaya nge.test bikin gx sadar... Gelombang kedua datang mati semua..","1080972227640578049","","PineksoRoyi1","in","","0","0","0","https://x.com/undefined/status/1080972227640578049","289111046",
"1080679120797806593","Thu Jan 03 23:40:34 +0000 2019","0","@dyah_jombang @prabowo @Gerindra Kepanikan yang sudah overdosis Terlihat seperti sedang melucu.","1080972214717935617","","dyah_jombang","in","","0","0","0","https://x.com/undefined/status/1080972214717935617","1026774594349232128",
"1080971810915545089","Thu Jan 03 23:40:31 +0000 2019","2","(2) Di lingkaran kubu Jokowi-Ma ruf misalnya terdapat sejumlah nama penting yang selama ini tercatat ikut berbisnis dan berkaitan dengan pertambangan batubara di Indonesia mulai dari Luhut Binsar Pandjaitan dengan perusahaan Toba Bara Sejahtera yang terlibat bisnis","1080972203925987328","","rizkyrautra","in","","0","1","0","https://x.com/undefined/status/1080972203925987328","2882907109",
"1080962305209159680","Thu Jan 03 23:40:31 +0000 2019","0","@setkabgoid @jokowi @pramonoanung Mboten mampir Kediri pak","1080972202353164288","","setkabgoid","in","","0","0","0","https://x.com/undefined/status/1080972202353164288","86879959",
"1080972151354621952","Thu Jan 03 23:40:19 +0000 2019","0","Laporan Penerimaan Sumbangan Dana Kampanye (LPSDK) peserta pemilu 2019 di DKI Jakarta. Ayo warga DKI cermati akurasi dan kebenarannya. Pemimpin bersih dimulai dari laporan dana kampanye yg benar. Tolong mention mimin @perludem kl ada yg punya LPSDK Provinsi lain ya Twips... https://t.co/RuvR8crCtI","1080972151354621952","https://pbs.twimg.com/media/DwBib13UcAAWh_R.jpg","","in","","0","1","0","https://x.com/undefined/status/1080972151354621952","505632711",
"1080972129078636544","Thu Jan 03 23:40:13 +0000 2019","0","Fakta Jokowi : daerah transmigrasi tempat tinggal ibu saya di daerah Tandun Rokan Hulu bs lebih maju di bandingkan 5th yg lalu berkat dana desa...","1080972129078636544","","","in","","0","0","0","https://x.com/undefined/status/1080972129078636544","199933438",
"1080414266736357377","Thu Jan 03 23:40:12 +0000 2019","0","@ustadtengkuzul Itu percakapan di pos kamling Bukan pernyataan capres abadi @prabowo kan?","1080972122648801280","","ustadtengkuzul","in","","0","0","0","https://x.com/undefined/status/1080972122648801280","2574969930",
"1080972111529705472","Thu Jan 03 23:40:09 +0000 2019","1","https://t.co/NXm7OE6yr5 Rasa Ta zim Pak @Jokowi kepada penggagas bangsa. Beliau hadir ke makan Bung Karno untuk ziarah. #SuaraJatimUntuk01","1080972111529705472","","","in","","0","0","0","https://x.com/undefined/status/1080972111529705472","1071124608927952896",
"1080853574148452353","Thu Jan 03 23:40:05 +0000 2019","0","@Gerindra @aniesbaswedan Ini cerita saya tentang Prabowo dan koalisinya https://t.co/bnGFSHuP3T","1080972092823068672","https://pbs.twimg.com/media/DwBiYdAU8AAp0nP.jpg","Gerindra","in","","0","0","0","https://x.com/undefined/status/1080972092823068672","205279190",
"1080972075894861824","Thu Jan 03 23:40:01 +0000 2019","0","berharap TNI &amp; POLRI lebih waspada dg viralnya hoax 7 kontainer isi surat suara yg sdh dicoblos terhdp salah satu paslon peserta pemilu 2019 kemungkinan ada kaitan kebencian terhdp warga china tiongkok yg marak datang ke indonesia kuasai lapangan pekerjaan.","1080972075894861824","","","in","","0","0","0","https://x.com/undefined/status/1080972075894861824","932129883861348353",
"1080682579139817472","Thu Jan 03 23:40:00 +0000 2019","0","@FaldoMaldini @permadiaktivis Daripada kritisi pemerintah melulu gmn kalo anda share program2 kerja konkrit pasangan capres-cawares yang anda usung?","1080972073948725248","","FaldoMaldini","in","","0","0","0","https://x.com/undefined/status/1080972073948725248","749495075588104193",
"1080756325556965378","Thu Jan 03 23:39:55 +0000 2019","0","@ratunyirnyir @jokowi @baciritaID @RizmaWidiono @BiLLRaY_ @P3nj3l4j4h @4Y4NKZ #SuaraJatimUntuk01","1080972052931084289","","arianarosaline","qme","","0","0","0","https://x.com/undefined/status/1080972052931084289","1071123099960004608",
"1080708372331094017","Thu Jan 03 23:39:51 +0000 2019","0","@Muhamma12210615 @bagnatara1 Lagu kemanangan prabowo sandi kemenangan sudah tercium https://t.co/RiFQDNKI3i","1080972035054919681","https://pbs.twimg.com/ext_tw_video_thumb/1080971074798415872/pu/img/hI1qJ0k0vVk1cirO.jpg","Muhamma12210615","in","","0","0","0","https://x.com/undefined/status/1080972035054919681","99226844",
"1080970329629970432","Thu Jan 03 23:39:43 +0000 2019","2","@masinusina Susah swasembada kedelai. Konsumsi mungkin 3jt ton. Produksi kedelai lokal turun terus. 10 tahun Pak SBY mengupayakan swasembada tapi tak tercapai Pak Jokowi juga berupaya namun produksi kian berat. Produksi nasional tinggal 600rb ton/thn. Mungkin nunggu saya jd presiden ","1080972000766509056","","masinusina","in","","0","2","0","https://x.com/undefined/status/1080972000766509056","236200461",
"1080782197282430976","Thu Jan 03 23:39:42 +0000 2019","0","@Gerindra @MegaSimarmata Semoga terealisasi Debat oleh Capres n Cawapres. Jgn diwakili Timses kya permintaan petahana.. Hihihi","1080971997331349504","","Gerindra","in","","0","0","0","https://x.com/undefined/status/1080971997331349504","284304449",
"1080950747171250176","Thu Jan 03 23:39:37 +0000 2019","0","@Buyungrendra @saididu @Pradana87D @prabowo @SBYudhoyono @andiarief_ @FaldoMaldini @DivHumas_Polri @sandiuno Kepala daerah yg di tahan Krn menyambut sandi letak salah nya dimana?","1080971977781723136","","Buyungrendra","in","","0","0","0","https://x.com/undefined/status/1080971977781723136","1066561471981617152",
"1009450162186436608","Thu Jan 03 23:39:33 +0000 2019","0","@chloetowntale Jokowi 2 periode...","1080971958756564992","","","in","","0","0","0","https://x.com/undefined/status/1080971958756564992","1079319473109123072",
"1080971955405111296","Thu Jan 03 23:39:32 +0000 2019","1658","Ada Partai yang bersungguh-sungguh dalam Pemilu ada Partai Sekedar Ikut (PSI).","1080971955405111296","","","in","","64","278","433","https://x.com/undefined/status/1080971955405111296","3252997136",
"1080971810915545089","Thu Jan 03 23:39:28 +0000 2019","2","bahkan tak jarang menambah persoalan baru dengan membuka kran investasi yang sama selebar-lebarnya. Kondisi ini tentu akan semakin parah mengingat dua pasangan calon presiden dan wakil presiden pada Pemilu 2019 memiliki korelasi yang kuat dengan industri pertambangan.","1080971939462565888","","rizkyrautra","in","","0","1","2","https://x.com/undefined/status/1080971939462565888","2882907109",
"1080853574148452353","Thu Jan 03 23:39:19 +0000 2019","0","@Gerindra @aniesbaswedan Saya mau cerita tentang Bapak Prabowo mari bapak bro baru saja berbicara mengenai penggunaan alat cuci darah di RSCM yang info beliau dipakai untuk 40 orang kemudian oleh pihak rumah sakit dibantah lagi lagi HOAX. CAPEK DEH","1080971902334595073","","Gerindra","in","","0","0","0","https://x.com/undefined/status/1080971902334595073","205279190",
"1080834919532658689","Thu Jan 03 23:39:17 +0000 2019","0","@tvOneNews Bencana mengintai negara lalai?..tvONE...prabowo presiden ILC tetep eksis nggak ya?","1080971892326973440","","tvOneNews","in","","0","0","0","https://x.com/undefined/status/1080971892326973440","1042342074601750528",
"1080971881824440320","Thu Jan 03 23:39:14 +0000 2019","0","Gubernur Rusli Habibie Kembali Jadwalkan Presiden Jokowi Akan Jalan Sehat Di Gorontalo https://t.co/3CQHnm1ndP","1080971881824440320","","","in","","0","0","0","https://x.com/undefined/status/1080971881824440320","1064868091677487105",
"1080690457577811968","Thu Jan 03 23:39:07 +0000 2019","0","@laskar_minang @miksgt @marierteman @prabowo @sandiuno Sakiiiiiiiitttt","1080971851235438592","","demoCRAZY_id","tl","","0","0","0","https://x.com/undefined/status/1080971851235438592","961445289356701697",
"1080735503039684609","Thu Jan 03 23:39:06 +0000 2019","0","@pramonoanung @jokowi https://t.co/jeXHhpHwJ2","1080971847737307137","https://pbs.twimg.com/ext_tw_video_thumb/1080971097430847488/pu/img/q2oUca_b94Mlj0jk.jpg","pramonoanung","qme","","0","0","0","https://x.com/undefined/status/1080971847737307137","865771538833752064",
"1080831809565278208","Thu Jan 03 23:39:03 +0000 2019","0","@Silvy_riau Kalau Penyampaian Visi Misi kubu sebelah mau disampaikannya oleh Timses tidak apa2 tapi Prabowo Sandi hrs menyampaikan Visi misinya sendiri. Justru ini akan mnjadi point dimata rakyat. Biarlah mrk yg ikut Pilpres para Timsesnya. Sbb tdk akan ada dikertas suara gambar2 mukanya.","1080971833459929088","","Silvy_riau","in","","0","0","2","https://x.com/undefined/status/1080971833459929088","2905814730",
"1080971819111206912","Thu Jan 03 23:38:59 +0000 2019","0","@jokowi 8","1080971819111206912","","jokowi","und","","0","0","0","https://x.com/undefined/status/1080971819111206912","1080510909833834497",
"1080839840063619072","Thu Jan 03 23:38:59 +0000 2019","0","@Airin_NZ Berarti si esbeye kemarin juga mengakali pemilu? Cuma nanya","1080971817966198784","","Airin_NZ","in","","0","0","0","https://x.com/undefined/status/1080971817966198784","917141784198750208",
"1080813591182229504","Thu Jan 03 23:38:58 +0000 2019","0","@KHMarufAmin_ @jokowi @KPU_ID @PDI_Perjuangan @NasDem @fadjroeL @Deddy_Mizwar_ @DPP_PKB @kangdede78 @MRomahurmuziy @cakimiNOW @addiems Ya itu yg akan saya coblos .","1080971815361474560","","KHMarufAmin_","in","","0","0","0","https://x.com/undefined/status/1080971815361474560","162551100",
"1080968971090767872","Thu Jan 03 23:38:58 +0000 2019","5","@ustadtengkuzul Itulah fakta yg terjadi pada ustad sekarang...Jokowi 2 periode","1080971812123553792","","ustadtengkuzul","in","","0","1","0","https://x.com/undefined/status/1080971812123553792","1343873276",
"1080971794574495744","Thu Jan 03 23:38:53 +0000 2019","0","Nurhadi-Aldo: Dari tukang pijat sampai jadi pasangan capres guyonan https://t.co/3e3TXgrxY8","1080971794574495744","","","in","","0","0","0","https://x.com/undefined/status/1080971794574495744","554985858",
"1080971788262137856","Thu Jan 03 23:38:52 +0000 2019","1","untuk mengeliminir kemungkinan kesalahan dlm pelaksanaan pemilu mulai TPS sampai pleno akhir penetapan pemenang sebaiknya setiap peserta mempersiapkan saksinya yg betul2 menguasai tugasnya sbg saksi dan tugas pelaksana pemilu hal ini tdk mudah krn kebutuhan saksi sangat banyak","1080971788262137856","","","in","","0","0","0","https://x.com/undefined/status/1080971788262137856","249466566",
"1080775615341506560","Thu Jan 03 23:38:50 +0000 2019","0","@bokmen @AkunTofa banget.. - pindahin ahok dari balaikota - dukung Prabowo-Sandi bego loe masak nanya gitu..","1080971781328924673","","bokmen","in","","0","1","0","https://x.com/undefined/status/1080971781328924673","971916911159099392",
"1080971775989534720","Thu Jan 03 23:38:49 +0000 2019","0","@KangSum3 @jokowi @mohmahfudmd @saidaqil السلام عليكم ورحمة الله وبركاته Hari Jum'atpagi ini bulan januari2019kita semua masih diberi panjang umur kesehatan jasmanirohani sehingga kita bisa menjalankan aktifitas masing2kita bisa ziaroh makam orang tua sambil membaca tahlil dll","1080971775989534720","","KangMadi_","in","","0","0","0","https://x.com/undefined/status/1080971775989534720","1062749366765547525",
"1080690850575699968","Thu Jan 03 23:38:44 +0000 2019","0","@jokowi https://t.co/wTiA3Wrm57","1080971754351128577","https://pbs.twimg.com/media/DwBiAY7U8AABd-5.jpg","jokowi","qme","","0","0","0","https://x.com/undefined/status/1080971754351128577","865771538833752064",
"1080806307911806978","Thu Jan 03 23:38:41 +0000 2019","0","@Dennysiregar7 @prabowo ...balik lagi kontainernya dari kardus...hahaha","1080971741227143168","","","in","","0","0","0","https://x.com/undefined/status/1080971741227143168","3288508148",
"1080971702585049088","Thu Jan 03 23:38:32 +0000 2019","0","Prabowo dari dulu memang dekat dengan Ulama.. Pemimpin yang Dekat dengan Ulama InsyaAllah akan menjadikan negeri ini Baldatun toyyibatun wa rabbun ghafur. #CeritaPrabowo #2019PrabowoSandi https://t.co/wSkmqcazzL","1080971702585049088","https://pbs.twimg.com/media/DwBiBl9VYAACOkt.jpg","","in","","0","0","0","https://x.com/undefined/status/1080971702585049088","930653171155947521",
"1080735503039684609","Thu Jan 03 23:38:17 +0000 2019","0","@pramonoanung @jokowi https://t.co/KhJnGgtyiT","1080971643097247746","https://pbs.twimg.com/media/DwBh4f-VsAAjr6v.jpg","pramonoanung","qme","","0","0","0","https://x.com/undefined/status/1080971643097247746","865771538833752064",
"1080819086601392128","Thu Jan 03 23:38:16 +0000 2019","0","@detikcom Esensi pernyataan Pak Prabowo lebih kepada kondisi BPJS yang defisit kata Sandiaga. -=&gt;》Jangan keluar dari substasi. BPJS .....","1080971635753070592","","detikcom","in","","0","0","0","https://x.com/undefined/status/1080971635753070592","724994029281116160",
"1080964985491050496","Thu Jan 03 23:38:08 +0000 2019","0","@Cintakiel5 @jokowi #SuaraJatimUntuk01","1080971601888202752","","txtdariparpol","qme","","0","0","0","https://x.com/undefined/status/1080971601888202752","1071123099960004608",
"1080732568553570304","Thu Jan 03 23:38:01 +0000 2019","0","@jibotu @umay29375437 @AhlulKafir @jokowi sama cebong udah diganti tuh proverbnya : the best defence is a stupid offence ","1080971575543754752","","jibotu","in","","0","0","0","https://x.com/undefined/status/1080971575543754752","803891769762934784",
"1080469753536245760","Thu Jan 03 23:37:59 +0000 2019","0","@SukaBasaBasi @hrismayer @prabowo Luu yg antek asing kaliii...jgn munafik lho..ingat akherat buuung","1080971566983180289","","SukaBasaBasi","in","","0","0","0","https://x.com/undefined/status/1080971566983180289","1079319473109123072",
"1080863602825822208","Thu Jan 03 23:37:57 +0000 2019","0","@NurmaTgr @CebongBajaHitam Adem lihat Capres No 1","1080971557571256320","","NurmaTgr","en","","0","1","0","https://x.com/undefined/status/1080971557571256320","1066217307112857600",
"1080853201266475008","Thu Jan 03 23:37:53 +0000 2019","0","@Nautika85 @Gerindra Hah KACUNG @PRABOWO bukannya jokowi yg kacung??..ingat vidio anak cina yg viral iru","1080971540886212608","","","in","","0","0","0","https://x.com/undefined/status/1080971540886212608","987983484261040130",
"1080818512069705730","Thu Jan 03 23:37:50 +0000 2019","0","@klimiscyclist @fahmiskinhead28 @v_frontline_pc @officialvpc tapi di beritaken si derek jeng nu laina kaditu atas titahan kang heru.!! lamun kitu mah ges wa atuh tong make ngaran bobotoh tapi viking jokowi.! kapan yeu sakabeh bobotoh viking.!! aing mah arek lempeng we ti mulai ayeuna mah.!!","1080971529372938240","","rifshalminaldi","in","","0","0","0","https://x.com/undefined/status/1080971529372938240","970568322273050625",
"1080971512222343169","Thu Jan 03 23:37:46 +0000 2019","0","Di luar dari tim JKSN yang bergerak juga ada tim kampanye daerah yang juga memiliki rencana sistematik untuk pemenangan Jokowi-Ma ruf. #SuaraJatimUntuk01","1080971512222343169","","","in","","0","0","0","https://x.com/undefined/status/1080971512222343169","1070884336507867137",
"1080971470564515840","Thu Jan 03 23:37:36 +0000 2019","1","Dana desa di era Jokowi mencapai Rp 187 triliun dan telah mampu membangun 66.000 kilometer jalan di perdesaan 5.000 kilometer jembatan 38.000 unit penahan longsor dan 16.000 saluran air bersih. Itu semua menggerakkan ekonomi desa termasuk menghidupkan UMKM-UMKM di desa","1080971470564515840","","","in","","0","0","0","https://x.com/undefined/status/1080971470564515840","1080530566938685446",
"1079271098653409280","Thu Jan 03 23:37:32 +0000 2019","0","@jokowi Saya dari wirasuasta kecil Bahwasannya masalah registrasi kartu dengan menggunakan NO.NIK&amp;NO.KK itu semua memberatkan kepada para pengguna kartu &amp; penjualan kartu Untuk itu saya berpesan bahwasannya mudahkan lah para pengguna dan penjual katu dengan tanpa menggunakan NO.NIK&amp;NO.KK","1080971454315810816","","jokowi","in","","0","0","0","https://x.com/undefined/status/1080971454315810816","1069529172307918848",
"1080690850575699968","Thu Jan 03 23:37:32 +0000 2019","0","@jokowi Jln terus pak Presiden... Bawalah kafilah Indonesia maju ket4 paling tinggi dan mulia dlm percaturan Internasional abaikanlah lolongan &amp; gonggongan mrk. Biarkanlah mrk keluar dari zona nyamanx sbg tikus2 apbn/apbd yg selama ini menggerogoti bangsa &amp; negara ini.","1080971451283329024","","jokowi","in","","0","0","0","https://x.com/undefined/status/1080971451283329024","3023516606",
"1080971450390114304","Thu Jan 03 23:37:31 +0000 2019","355","Nurhadi-Aldo: Dari tukang pijat sampai jadi pasangan capres guyonan. https://t.co/CinDgAeIDM https://t.co/tc6wbJRu1D","1080971450390114304","https://pbs.twimg.com/media/DwBhzgrV4AAflvL.jpg","","in","","131","34","457","https://x.com/undefined/status/1080971450390114304","23772644",
"1080971420534886400","Thu Jan 03 23:37:24 +0000 2019","0","JKSN menyatukan langkah untuk bersama-sama memenangkan Jokowi-Ma ruf pada Pilpres 2019 Bersama ribuan masyarakat Lamongan. #SuaraJatimUntuk01","1080971420534886400","","","in","","0","0","0","https://x.com/undefined/status/1080971420534886400","1070884336507867137",
"1080971399777333249","Thu Jan 03 23:37:19 +0000 2019","0","betul salam 2 periode pakde jokowi","1080971399777333249","","","in","","0","0","0","https://x.com/undefined/status/1080971399777333249","1078589900939612160",
"1080971392269529090","Thu Jan 03 23:37:18 +0000 2019","0","Pak @Jokowi layak didukung karena terbukti berkinerja sangat baik. Pembangunan infrastruktur yang merata hingga ke Indonesia Timur dan kawasan pedesaan seperti Jawa Timur. #SuaraJatimUntuk01","1080971392269529090","","","in","","0","0","0","https://x.com/undefined/status/1080971392269529090","1080530566938685446",
"1080971375429308416","Thu Jan 03 23:37:14 +0000 2019","0","Pasti pilih Prabowo Sandi... Sukseees... Sukseees... Sukseees...","1080971375429308416","","","in","","0","0","0","https://x.com/undefined/status/1080971375429308416","992604316455202817",
"1080971336158081024","Thu Jan 03 23:37:04 +0000 2019","0","Repnas menilai bahwa hal ini dilakukan untuk kepentingan nasional. Bahwa pembangunan yang sudah sangat baik di era Pak @Jokowi bisa berkelanjutan. #SuaraJatimUntuk01","1080971336158081024","","","in","","0","0","0","https://x.com/undefined/status/1080971336158081024","1080530566938685446",
"1080971330399424514","Thu Jan 03 23:37:03 +0000 2019","0","KPU: Visi-Misi Capres-cawapres dapat Disampaikan Paslon atau Timses https://t.co/D0yhMwegPX","1080971330399424514","","","in","","1","0","0","https://x.com/undefined/status/1080971330399424514","1084559617",
"1080730404787634177","Thu Jan 03 23:37:00 +0000 2019","0","@d_syadiah @Robert10512 @sandiuno @prabowo @jokowi tapi Jokowi pernah jadi presiden terlemah makanya w pengen hijarah dukung yang new hope dari pada yang sudah terbukti lemah mending yang punya harapan baru hoha hohe eya eya...","1080971316692303874","","d_syadiah","in","","0","1","0","https://x.com/undefined/status/1080971316692303874","1054335164",
"1080943536474714112","Thu Jan 03 23:36:46 +0000 2019","0","@Rachmalove12 @wawan_qthink @FaldoMaldini @ridlwandjogja @prabowo Hp lo mahal ye? Tp salah intip kali mbah ","1080971260442472448","","Rachmalove12","in","","0","1","0","https://x.com/undefined/status/1080971260442472448","31702461",
"1080971259934998528","Thu Jan 03 23:36:46 +0000 2019","0","Bro @derek_tea @Rendraeka10 gara2 maneh bikin sensasi. Gua yg kena getahnya nih. Di tempat gua kerja gua dipanggil 'bobotoh jokowi' Lu yg berbuat org laen yg kena. HAHAHANYING","1080971259934998528","","","in","","0","0","0","https://x.com/undefined/status/1080971259934998528","3324784572",
"1080752218406477826","Thu Jan 03 23:36:34 +0000 2019","0","@Dennysiregar7 @basuki_btp @jokowi Bbm 1 harga IHSG kuat Tol Trans Jawa Trans Sumatra Tol Laut Terjun lapangan lokasi bencana Pemberantasan narkoba Blok Mahakam 51% Freeport by Inalum Berantas Mafia-anjing minyak dan gas dari supply chain pertamina Asian Games Konferensi Internasional di Bali #Jokowi","1080971209431371776","","","in","","0","0","0","https://x.com/undefined/status/1080971209431371776","235883085",
"1080801735239557124","Thu Jan 03 23:36:33 +0000 2019","0","@nemencinta @VickaNadayang G usah penguasa/pemerintah Kita orang orang biasa aja takut dihoax in karena berbahaya. Masa g ngerti sih hadew..... Ayo adu program saja Jokowi vs Prabowo bukan Jokowi vs hoax ya","1080971204100481025","","","in","","0","0","0","https://x.com/undefined/status/1080971204100481025","2420548038",
"1080690850575699968","Thu Jan 03 23:36:31 +0000 2019","0","@sarjanaexsprojo @jokowi Pendapatan dr pajak lumayan prestasi lho... Pemerintah sebelumnya ga pernah nyampe target 100%. Jkw malah lbh dr 100%. *kl ngebangun dr uang ini bukan utang dong...?","1080971197708361728","","GaCeper","in","","0","0","0","https://x.com/undefined/status/1080971197708361728","1380871939",
"1080888329216843777","Thu Jan 03 23:36:28 +0000 2019","0","@jokoedy6 Tim sukses prabowo harus hitung ulang manual hasil pemilu se Indonesia kelak. Biar tak ada pemilih siluman ","1080971184521469952","","jokoedy6","in","","0","0","0","https://x.com/undefined/status/1080971184521469952","124472145",
"1080724534871785472","Thu Jan 03 23:36:26 +0000 2019","0","@Muchsin81 @jokowi @prabowo @sandiuno Jauh bgt ‍️","1080971175184875520","","Muchsin81","in","","0","1","0","https://x.com/undefined/status/1080971175184875520","1052703629528854530",
"1080971137234874369","Thu Jan 03 23:36:17 +0000 2019","0","Pimpinan DPR Sebut Jokowi Tukang Klaim Soal Angka Pengangguran https://t.co/pPGNeNiBAP #2019GantiPresiden","1080971137234874369","","","in","","0","0","0","https://x.com/undefined/status/1080971137234874369","959859070575394816",
"1080609619137843201","Thu Jan 03 23:36:11 +0000 2019","0","@MawarTanuWijaya @Fahrihamzah @prabowo @jokowi hahaha cebong putih. dalam banyak hal twit cebong receh ga mutu. ada yg pinteran tpi tetap kalah asyik dibanding rocky gerung. salam kenal bong. #2019GantiPresiden https://t.co/K1A0SbPMkf","1080971114468143106","https://pbs.twimg.com/media/DwBhfbJV4AIEES9.jpg","MawarTanuWijaya","in","","0","0","0","https://x.com/undefined/status/1080971114468143106","971916911159099392",
"1080971090111926272","Thu Jan 03 23:36:06 +0000 2019","0","Presiden Jokowi Tinjau Rehabilitasi Saluran Irigasi di Lodoyo yang Mencakup Tiga Juta Hektare https://t.co/9eV4c5XqD0 https://t.co/YL0fZrEwmi","1080971090111926272","https://pbs.twimg.com/media/DwBhelEU8AAY1ag.jpg","","in","","0","0","0","https://x.com/undefined/status/1080971090111926272","883447749487632384",
"1080971089495363584","Thu Jan 03 23:36:05 +0000 2019","0","Berita terbaru (Jokowi Isi Kegiatan Awal Tahun 2019 dengan Berolahraga di Kebun Raya Bogor) telah ada di https://t.co/wFvQVXk8dR - https://t.co/45xbIayQaa https://t.co/uCL0lcyHZD","1080971089495363584","https://pbs.twimg.com/media/DwBhefRUYAAseDb.jpg","","in","","0","0","0","https://x.com/undefined/status/1080971089495363584","1046920717307076608",
"1080971073393315840","Thu Jan 03 23:36:02 +0000 2019","0","Berita Populer: Timses Prabowo-Sandi Tantang Sri Mulyani https://t.co/B4MmUej4mN","1080971073393315840","","","in","","0","0","0","https://x.com/undefined/status/1080971073393315840","188438662",
"1080886444921565184","Thu Jan 03 23:35:59 +0000 2019","2","@geanugie @haikal_hassan Kalo yg nyesal pilih jokowi dulu...buuaanyak..","1080971060969762816","","geanugie","in","","0","0","0","https://x.com/undefined/status/1080971060969762816","1049755774161838080",
"1080971056997838848","Thu Jan 03 23:35:58 +0000 2019","1","Relawan Pengusaha Muda Nasional (Repnas) Jawa Timur juga memperkuat konsolidasi untuk memenangkan pasangan calon Jokowi-Ma ruf Amin di Pilpres 2019. #SuaraJatimUntuk01","1080971056997838848","","","in","","0","0","1","https://x.com/undefined/status/1080971056997838848","1080530566938685446",
"1080971054686851072","Thu Jan 03 23:35:57 +0000 2019","0","LPSDK Peserta Pemilu akan Divalidasi https://t.co/gsFsKLUUDY","1080971054686851072","","","in","","0","0","0","https://x.com/undefined/status/1080971054686851072","1079671739364167680",
"1080918884092235776","Thu Jan 03 23:35:54 +0000 2019","0","@01peci @prabowo https://t.co/b8weV4EZSZ","1080971043819315200","https://pbs.twimg.com/ext_tw_video_thumb/1080970838789152768/pu/img/O3_-dqHM8YogTbKv.jpg","01peci","qme","","0","1","0","https://x.com/undefined/status/1080971043819315200","1050625405965615105",
"1080967275635560448","Thu Jan 03 23:35:54 +0000 2019","0","@LieDetectorID @fadlizon @jokowi Kepala BNPB setingkat mentri lansung dibawah presiden","1080971041768333312","","","in","","0","0","0","https://x.com/undefined/status/1080971041768333312","101845565",
"1080071748794470402","Thu Jan 03 23:35:51 +0000 2019","0","@fadlizon survei mengada jelas.. buktinya suka hoax gerombolan GENDERUWO dkk ini. Pokoknya salam Jokowi 2periode krn kami orang waras","1080971028958867456","","fadlizon","in","","0","0","0","https://x.com/undefined/status/1080971028958867456","1075554018552733697",
"1080739536508841984","Thu Jan 03 23:35:49 +0000 2019","0","@riani_212 @do_ra_dong Milih mah bebas... Bade milih PRABOWO mangga... Moal milih JOKOWI Oge mangga...","1080971020138250240","","","in","","0","0","0","https://x.com/undefined/status/1080971020138250240","185091862",
"1080970985854197760","Thu Jan 03 23:35:41 +0000 2019","0","Berita terbaru (KPU Kalbar umumkan LPSDK peserta Pemilu 2019) telah ada di https://t.co/wFvQVXk8dR - https://t.co/0vncWWs71Y https://t.co/ivYWMoidwS","1080970985854197760","https://pbs.twimg.com/media/DwBhYerUcAAR8U4.jpg","","in","","0","0","0","https://x.com/undefined/status/1080970985854197760","1046920717307076608",
"1080970980728733696","Thu Jan 03 23:35:39 +0000 2019","0","LPSDK Peserta Pemilu akan Divalidasi https://t.co/WQFIBK4F1B","1080970980728733696","","","in","","0","0","0","https://x.com/undefined/status/1080970980728733696","961851659692400640",
"1080970943684460544","Thu Jan 03 23:35:31 +0000 2019","0","Masyarakat Jatim sangat antusias menyambut kedatangan Pak @Jokowi #SuaraJatimUntuk01","1080970943684460544","","","in","","0","0","0","https://x.com/undefined/status/1080970943684460544","1080530566938685446",
"1080970907596681218","Thu Jan 03 23:35:22 +0000 2019","0","(BBC | Nurhadi-Aldo: Dari tukang pijat sampai jadi pasangan capres guyonan) https://t.co/SRLGn1uxbC #pemilu #pemilu2019","1080970907596681218","","","in","","0","0","0","https://x.com/undefined/status/1080970907596681218","968428811107819521",
"1080970894153998336","Thu Jan 03 23:35:19 +0000 2019","0","Pak Jokowi juga melakukan peninjauan rest area Bendungan Tugu dan di Kabupaten Ponorogo akan membagikan sertifikat tanah. #SuaraJatimUntuk01","1080970894153998336","","","in","","0","0","0","https://x.com/undefined/status/1080970894153998336","1080530566938685446",
"1080970891977084929","Thu Jan 03 23:35:18 +0000 2019","5","sudah 2(dua) hari berlalu dan @rscm_official belum adukan capres @prabowo atas dugaan pelanggaran UU ITE apa RSCM takut? seandainya rakyat biasa bikin hoax yang rugikan RSCM seperti ini apa dibiarkan juga? kita lihat kelak akan seperti apa!","1080970891977084929","","","in","","0","2","0","https://x.com/undefined/status/1080970891977084929","36325638",
"1080970849773993985","Thu Jan 03 23:35:08 +0000 2019","0","https://t.co/xR9VNYzRAp Rasa Ta zim Pak @Jokowi kepada penggagas bangsa. Beliau hadir ke makan Bung Karno untuk ziarah. #SuaraJatimUntuk01","1080970849773993985","","","in","","0","0","0","https://x.com/undefined/status/1080970849773993985","1080530566938685446",
"1080970843285405697","Thu Jan 03 23:35:07 +0000 2019","2","Alhamdulillah kabar baik p Menteri @EkoSandjojo kami #tppilamongan #TPPIJawaTimur Mengucapkan Selamata Datang bapak Presiden @jokowi Di Trenggalek Jawa Timur kami siap mendampingi Desa @kpw4jatim @dpmdjatim @tppindonesia @AndryDewantoAh1","1080970843285405697","","","in","","0","0","1","https://x.com/undefined/status/1080970843285405697","874229581540073472",
"1080931886883495936","Thu Jan 03 23:35:06 +0000 2019","0","@raxachy Sebelum anjurkan petani tanam jengkol ternyata Jokowi telah subsidi konglomerat sawit sebesar 7 5 trilyun. Dia mensubsidi konglomerat sawit sebesar 7 5 trilyun di sisi lain meminta petani mengerem menanam sawit. Pro konglomerat atau pro rakyat? https://t.co/KOUrrHGVxz","1080970838998802432","","raxachy","in","","0","1","0","https://x.com/undefined/status/1080970838998802432","1050625405965615105",
"1080966426247090176","Thu Jan 03 23:34:53 +0000 2019","0","@Anissuddin @jokowi Tgl 17/04/2019 . No 01 untuk negri","1080970786205138944","","Anissuddin","in","","0","1","0","https://x.com/undefined/status/1080970786205138944","959991582286999552",
"1080943536474714112","Thu Jan 03 23:34:45 +0000 2019","0","@Rachmalove12 @wawan_qthink @FaldoMaldini @ridlwandjogja @prabowo Nanya prabowo apa keluarga besar? Hehehehe keluarga besarnya ada yg islam protestan dan ada yg katholik juga.","1080970751551754240","","Rachmalove12","in","","0","0","0","https://x.com/undefined/status/1080970751551754240","55819926",
"1080735503039684609","Thu Jan 03 23:34:42 +0000 2019","0","@pramonoanung @jokowi Pak apakah berita ini benar ...???? Jika benar mengapa anggqran basarnas dipotong untuk bagi2 sembako ???? Jika tidak benar tolong jawab tidak benar supaya kami rakyat mengetahui kebenarannya !!! https://t.co/lW90b2NBq6","1080970738641694721","https://pbs.twimg.com/media/DwBhJgiUcAA_TPo.jpg","pramonoanung","in","","0","0","0","https://x.com/undefined/status/1080970738641694721","865771538833752064",
"1080970731444363264","Thu Jan 03 23:34:40 +0000 2019","0","Calon Presiden Ditantang Tes Baca Al Quran Ini Jawaban Jokowi https://t.co/1olqUz8c9U lewat @tribunpontianak","1080970731444363264","","","in","","0","0","0","https://x.com/undefined/status/1080970731444363264","373426312",
"1080970729661784064","Thu Jan 03 23:34:40 +0000 2019","0","https://t.co/AnwxcMAunk Tak sepemikiran mungkin dengan @Prabowo atau mungkin ada sesuatu yang belum tersampaikan. #SuaraJatimUntuk01","1080970729661784064","","","in","","0","0","0","https://x.com/undefined/status/1080970729661784064","1080530566938685446",
"1080970728181161984","Thu Jan 03 23:34:39 +0000 2019","2","Sadayana pasangan Bade no 01 atau 02 sanes orang Sunda janten teu langkung bade milih mana wae Bade Prabowo sok teu milih Jokowi Oge mangga.. #2019GantiPresiden","1080970728181161984","","","in","","0","1","0","https://x.com/undefined/status/1080970728181161984","178010366",
"1080970718387396609","Thu Jan 03 23:34:37 +0000 2019","53","Musuh utama JPendukung Jokowi bukan pendukung Prabowo tapi pendukung Jokowi sendiri yg mulai rontok satu per satu krn keberadaan Maaruf Amin beserta statemen-statemennya. #PlanToFail","1080970718387396609","","","in","","10","40","24","https://x.com/undefined/status/1080970718387396609","542263382",
"1080970717557010432","Thu Jan 03 23:34:37 +0000 2019","0","Bahkan nih gengs elektabilitas Jokowi-Ma ruf Amin di Jawa Timur sudah jauh lebih signifikan dibanding angka kemenangannya saat pilgub Jatim Juni 2018 lalu #SuaraJatimUntuk01","1080970717557010432","","","in","","0","0","0","https://x.com/undefined/status/1080970717557010432","1070884336507867137",
"1080819086601392128","Thu Jan 03 23:34:32 +0000 2019","0","@detikcom Prabowo banyak salah nya ya...wah...ini mh masalah nyebutin panca sila aja salah","1080970699152343040","","detikcom","in","","0","0","0","https://x.com/undefined/status/1080970699152343040","1045677442344468484",
"1080962305209159680","Thu Jan 03 23:34:31 +0000 2019","0","@setkabgoid @jokowi @pramonoanung Mampir team tulung Agung pak...? ","1080970692357611520","","setkabgoid","in","","0","0","0","https://x.com/undefined/status/1080970692357611520","2511096607",
"1080091505308491777","Thu Jan 03 23:34:28 +0000 2019","0","@IrSuwaji @CPEFUsE83G0Gfyv @sandiuno Lha bukan nya pak jokowi juga wkt pilpres 2014 minta sumbangan dana kampanye pake kardus.. ingat g..???","1080970680034746368","","IrSuwaji","in","","0","0","0","https://x.com/undefined/status/1080970680034746368","1075028394029441025",
"1080970678512246784","Thu Jan 03 23:34:27 +0000 2019","0","lama ga buka twitt ternyata masih sama kaya fb masih saling singgung kubu A dan B.. luar biasa emang tahun politik ini semoga aja kelar pemilu damai tapi kayanya engga dah","1080970678512246784","","","in","","0","0","0","https://x.com/undefined/status/1080970678512246784","94049483",
"1080970603341856768","Thu Jan 03 23:34:16 +0000 2019","0"," Dulu setahun BPN hanya mengeluarkan 500.000-600.000 sertifikat padahal total bidang tanah yang harus didaftar dan disertifikat ada 126 juta bidang kata Presiden Jokowi #SuaraJatimUntuk01","1080970632001548289","","teenmoms2","in","","0","0","0","https://x.com/undefined/status/1080970632001548289","1071106362258538496",
"1080970603341856768","Thu Jan 03 23:34:16 +0000 2019","0","Beginilah suasana penyerahan sertifikat tanah untuk warga Blitar oleh Presiden Jokowi di Pendopo Kabupaten Blitar Jawa Timur. Seru banget yah kayaknya Tweeps #SuaraJatimUntuk01","1080970630667722752","","teenmoms2","in","","0","1","0","https://x.com/undefined/status/1080970630667722752","1071106362258538496",
"1080970603341856768","Thu Jan 03 23:34:16 +0000 2019","0"," Karena sekarang lagi musim kampanye saya tidak membagikan sepeda. Saya ganti dengan foto. Foto ini lebih berharga dari pada sepeda. Sepeda bisa beli di mana saja kata Presiden Jokowi #SuaraJatimUntuk01","1080970629296226305","","teenmoms2","in","","0","1","0","https://x.com/undefined/status/1080970629296226305","1071106362258538496",
"1080970603341856768","Thu Jan 03 23:34:15 +0000 2019","0","Nah sebagai gantinya adalah Presiden Jokowi memberikan hadiah foto dirinya bersama warga yang maju ke panggung sebagai pengganti dari sepeda #SuaraJatimUntuk01","1080970628050518016","","teenmoms2","in","","0","1","0","https://x.com/undefined/status/1080970628050518016","1071106362258538496",
"1080970626993549314","Thu Jan 03 23:34:15 +0000 2019","0","https://t.co/JHnIGhqsk7 Ibu Khofifah sebut bahwa hampir semua program @Jokowi pro terhadap rakyat. #SuaraJatimUntuk01","1080970626993549314","","","in","","0","0","0","https://x.com/undefined/status/1080970626993549314","1070884336507867137",
"1080970603341856768","Thu Jan 03 23:34:15 +0000 2019","0","Di awal Presiden Jokowi sudah mengatakan tak akan membagikan sepeda sebagai hadiah seperti biasa yang ia lakukan di setipa kunjungannya #SuaraJatimUntuk01","1080970626729369600","","teenmoms2","in","","0","1","0","https://x.com/undefined/status/1080970626729369600","1071106362258538496",
"1080970603341856768","Thu Jan 03 23:34:14 +0000 2019","0","Ada yang unik saat Presiden Jokowi mengajak dialog warga di atas panggung. Apa itu? Ya biasanya beliau akan membagikan sepeda sebagai hadiahnya. Akan tetapi kali ini tidak ada sepeda #SuaraJatimUntuk01","1080970624174964736","","teenmoms2","in","","0","1","0","https://x.com/undefined/status/1080970624174964736","1071106362258538496",
"1080970603341856768","Thu Jan 03 23:34:14 +0000 2019","0"," Kalau mau pinjam ke bank dihitung dulu kemampuan seberapa. Jangan sampai tidak bisa mengangsur. Terus uang pinjam di bank jangan dipakai buat beli mobil tapi gunakan untuk modal usaha pesan Jokowi #SuaraJatimUntuk01","1080970622811856897","","teenmoms2","in","","0","1","0","https://x.com/undefined/status/1080970622811856897","1071106362258538496",
"1080970622807592960","Thu Jan 03 23:34:14 +0000 2019","0","https://t.co/qDWIokS9OM Semakin menguat PPP berusaha keras untuk menangkan Jokowi di Jaaw Timur. #SuaraJatimUntuk01","1080970622807592960","","","in","","1","0","0","https://x.com/undefined/status/1080970622807592960","1080530566938685446",
"1080970603341856768","Thu Jan 03 23:34:14 +0000 2019","0","Presiden Jokowi tak ingin kalau masyarakatnya menggunakan sertifikat tanah sebagai anggunak di bank hanya untuk membeli barang-barang yang sebenarnya tak diperlukan #SuaraJatimUntuk01","1080970621452935169","","teenmoms2","in","","0","1","0","https://x.com/undefined/status/1080970621452935169","1071106362258538496",
"1080970603341856768","Thu Jan 03 23:34:13 +0000 2019","0","Akan tetapi Presiden Jokowi berpesan kepada masyrakat yang hendak menjadikan sertifikat tanah sebagai anggunan di bank sebaiknya uang tersebut digunakan sebagai modal usaha #SuaraJatimUntuk01","1080970620119052288","","teenmoms2","in","","0","1","0","https://x.com/undefined/status/1080970620119052288","1071106362258538496",
"1080970603341856768","Thu Jan 03 23:34:13 +0000 2019","0","Bahkan saking baiknya Presiden Jokowi beliau juga tak mempermasalahkan jika masyarakat memang inging menggunakan sertifikat tanah sebagai anggunan meminjam uang di bank #SuaraJatimUntuk01","1080970618831482880","","teenmoms2","in","","0","1","0","https://x.com/undefined/status/1080970618831482880","1071106362258538496",
"1080970603341856768","Thu Jan 03 23:34:13 +0000 2019","0","Kemudian Presiden Jokowi pun emmpersilahkan warganya untuk mempergunakan dan memanfaatkan apa yang telah diberikan oleh pemerintah berupa sertifikat tanah itu dengan sebaik-baiknya #SuaraJatimUntuk01","1080970617568907264","","teenmoms2","in","","0","1","0","https://x.com/undefined/status/1080970617568907264","1071106362258538496",
"1080970603341856768","Thu Jan 03 23:34:13 +0000 2019","0"," Sertifikat tanah ini penting. Sebab setiap saya turun ke sejumlah daerah rata-rata yang dikeluhkan sama. Yaitu sering terjadi sengketa tanah karena belum ada sertifikatnya. Ada 80 juta bidang tanah di Indonesia yang belum bersertifikat kata Jokowi #SuaraJatimUntuk01","1080970616289746944","","teenmoms2","in","","0","1","0","https://x.com/undefined/status/1080970616289746944","1071106362258538496",
"1080970603341856768","Thu Jan 03 23:34:12 +0000 2019","0","Presiden Jokowi juga mengatakan bahwasannya sertifikat tanah itu sangatlah penting buat warga masyarakat. Karena dengan adanya sertifikat tanah bisa jadi bukti hokum atas kepemilikan tanah warga #SuaraJatimUntuk01","1080970614947569664","","teenmoms2","in","","0","1","0","https://x.com/undefined/status/1080970614947569664","1071106362258538496",
"1080970614494490625","Thu Jan 03 23:34:12 +0000 2019","0","Wkwkwkwk dibayar berapa ini promosi bapak jokowi?","1080970614494490625","","","in","","1","0","0","https://x.com/undefined/status/1080970614494490625","3278609790",
"1080970603341856768","Thu Jan 03 23:34:12 +0000 2019","0","Berdasarkan pengakuan dari Mariani dirinya mengatakan bahwa ada tujuh bidang tanah milik keluarganya yang sudah bersertifikat. Mantap sekali bukan program dari Pakde Jokowi? #SuaraJatimUntuk01","1080970612464529408","","teenmoms2","in","","0","1","0","https://x.com/undefined/status/1080970612464529408","1071106362258538496",
"1080970603341856768","Thu Jan 03 23:34:11 +0000 2019","0","Saya dulu mengurus sertifikat sendiri malah seperti diombang-ambingkan. Naik ojek ke kantor pertanahan bolak-balik sampai 25 kali tetap tidak jadi sertifikatnya. Terima kasih Pak Jokowi sekarang saya sudah punya sertifikat ujar Kasiatun #SuaraJatimUntuk01","1080970609692033024","","teenmoms2","in","","0","1","0","https://x.com/undefined/status/1080970609692033024","1071106362258538496",
"1080970608823943168","Thu Jan 03 23:34:11 +0000 2019","0","Tersambungnya Tol Jakarta-Surabaya Pengusaha Bus Ramai-Ramai Beri Dukungan Pada Jokowi https://t.co/EbGGOFRzjl https://t.co/FUmF89k6kB","1080970608823943168","https://pbs.twimg.com/media/DwBhCjoVAAAAZxC.jpg","","in","","0","0","0","https://x.com/undefined/status/1080970608823943168","346606845",
"1080970603341856768","Thu Jan 03 23:34:11 +0000 2019","0","Menurut Kasiatun juga mengikuti program PTSL saat dirinya mengurus sertifikat tanah dirinya tak dipungut biaya sepeserpun alias gratis. Mantap kan Pak Jokowi? #SuaraJatimUntuk01","1080970608437915648","","teenmoms2","in","","0","1","0","https://x.com/undefined/status/1080970608437915648","1071106362258538496",
"1080970603341856768","Thu Jan 03 23:34:10 +0000 2019","0","Rasa lega setelah mendapat sertifikat tanah Kasiatun ungkapkan saat berada di atas panggung bersama Presiden Jokowi #SuaraJatimUntuk01","1080970605996822528","","teenmoms2","in","","0","1","0","https://x.com/undefined/status/1080970605996822528","1071106362258538496",
"1080970603341856768","Thu Jan 03 23:34:10 +0000 2019","0","Kasiatun juga menuturkan bahwasannya memiliki sertifkat tanah merupakan impiannya selama bertahun-tahun dan baru terwujud di era Presiden Jokowi dan bahkan Jokowi langsung yang membagikan #SuaraJatimUntuk01","1080970604705017856","","teenmoms2","in","","0","1","0","https://x.com/undefined/status/1080970604705017856","1071106362258538496",
"1080970603341856768","Thu Jan 03 23:34:09 +0000 2019","0","Dilansir dari https://t.co/NtCxv8Esh4 Kasiatun salah satu warga asal Kelurahan Tanggung Kepanjen Kidul Blitar merasa begitu lega setalh mendapat sertifikat tanah dari Presiden Jokowi #SuaraJatimUntuk01","1080970603341856768","","","in","","0","1","0","https://x.com/undefined/status/1080970603341856768","1071106362258538496",
"1080970523583012864","Thu Jan 03 23:33:50 +0000 2019","0","Meski diguyur hujan Pak @Jokowi tetap melakukan kunjungan. #SuaraJatimUntuk01","1080970523583012864","","","in","","0","0","0","https://x.com/undefined/status/1080970523583012864","1080530566938685446",
"1080130500193181696","Thu Jan 03 23:33:50 +0000 2019","0","@d_syadiah @CebongPetualang @hisar_nababan @Ferdinand_Haean @prabowo hehhehe lo nanya prestasi ama yang gk berkuasa heran w logika lo di taro mana ya? yg d kritisi itu yg berkuasa dengan segala sumber daya yg dipunya tapi lemah dalam me-manage dah ngerti lom bro?","1080970523234844672","","d_syadiah","in","","0","2","0","https://x.com/undefined/status/1080970523234844672","1054335164",
"1080970521708158976","Thu Jan 03 23:33:50 +0000 2019","0","Demokrat: Di Atas Kertas Penguasa Berpotensi Akali Pemilu https://t.co/SmZRD2emmV","1080970521708158976","","","in","","0","0","0","https://x.com/undefined/status/1080970521708158976","1953200502",
"1080970454536413189","Thu Jan 03 23:33:34 +0000 2019","0","Ngeributin janji Prabowo yg belum berkuasa sementara janji2 petahana yg tak dilaksanakan didiamkan. Mau maki takut dosa. Koplak.","1080970454536413189","","","in","","0","0","0","https://x.com/undefined/status/1080970454536413189","988558526128648197",
"1080970436895109121","Thu Jan 03 23:33:30 +0000 2019","0","Kata Ibu Khofifah mengaku mendapat saran dan mendapat masukan dari para warga Indonesia yang berada di luar negeri. Mereka menyarankan untuk membuat basis pemenangan pasangan nomor urut 01 Jokowi-Ma ruf Amin. #SuaraJatimUntuk01","1080970436895109121","","","in","","0","0","0","https://x.com/undefined/status/1080970436895109121","1070884336507867137",
"1080732568553570304","Thu Jan 03 23:33:24 +0000 2019","1","@AhlulKafir @jokowi dasar manusia otak bejat akhlak bangsat dikasih data bener yg keluar dr mulutnya hanya caci-maki biadab &amp; murahan...","1080970413113434112","","kafiradikal","in","","0","0","0","https://x.com/undefined/status/1080970413113434112","521239026",
"1079692214295384064","Thu Jan 03 23:33:23 +0000 2019","0","@yitno32108795 @Anaksemut4 @TakviriH @accunk_nasr @saididu Trus yang korup siapa sebenarnya? Mereka bersatu dukung petahana kan? kami dukung @KPK_RI bukan @jokowi","1080970408298311680","","yitn00","in","","0","1","0","https://x.com/undefined/status/1080970408298311680","1459502336",
"1080970365705310208","Thu Jan 03 23:33:13 +0000 2019","0","Pak Presiden @jokowi Gimana dengan saudara kami di Lombok? Katanya untuk pencairan dananya agak susah Mohon di respon ya terimakasih","1080970365705310208","","","in","","0","0","0","https://x.com/undefined/status/1080970365705310208","730332680",
"1080970348349116416","Thu Jan 03 23:33:09 +0000 2019","0","twit penting! hari ini saya akan bertemu Capres Nurhadi! sekian terima kasih~","1080970348349116416","","","in","","0","1","2","https://x.com/undefined/status/1080970348349116416","42203011",
"1080375281167216645","Thu Jan 03 23:33:06 +0000 2019","0","@Gerindra @prabowo Kenyataan itu lebih keras n ko k oh drpd kebohongan n khayaLann atau asumsi asumsi. Orang yg mengingkari kenyataan kerusakan n keburukan akan hadir dlm hkm besi sejarah.","1080970336743481344","","Gerindra","in","","0","0","0","https://x.com/undefined/status/1080970336743481344","934296298454315013",
"1080970302983569408","Thu Jan 03 23:32:58 +0000 2019","0","https://t.co/rMKp5diwYp @jokowi @PolhukamRI @Kemhan_RI @DivHumas_Polri @KSPgoid @Dr_Moeldoko meminta kelompok teroris Mujahidin Indonesia Timur (MIT) Poso pimpinan Ali Kalora diberantas habisi. Ayo Sinergikan seluruh kekuatan nasional @Puspen_TNI @tni_ad @penkopassus @korbrimob","1080970302983569408","","","in","","0","0","0","https://x.com/undefined/status/1080970302983569408","845878078924500992",
"1080970296356528129","Thu Jan 03 23:32:56 +0000 2019","0","Aku suka Prabowo ","1080970296356528129","","","in","","0","0","0","https://x.com/undefined/status/1080970296356528129","1072308373972905984",
"1080833756817027072","Thu Jan 03 23:32:49 +0000 2019","0","@baenanauyuu @jokowi ujang hahahhhhhhhh","1080970266279215104","","baenanauyuu","in","","0","0","0","https://x.com/undefined/status/1080970266279215104","737215163443486720",
"1080690850575699968","Thu Jan 03 23:32:48 +0000 2019","0","@jokowi Pak apakah berita ini benar ...???? Jika benar mengapa anggqran basarnas dipotong untuk bagi2 sembako ???? https://t.co/mna31cZIYO","1080970260998610944","https://pbs.twimg.com/media/DwBgtyFUYAAZ9sw.jpg","jokowi","in","","0","0","0","https://x.com/undefined/status/1080970260998610944","865771538833752064",
"1080690850575699968","Thu Jan 03 23:32:40 +0000 2019","1","@sarjanaexsprojo @jokowi Ada lagi bro yg lebih parah!! Ada jendral jadi presiden. Niatnya ngebangun negeri tp pake utang... Utangnya dipake bagi2 BLT Yg harum namanya sang jendral krn sudah sebar2 duit. yg bayar utangnya rakyat dan anak cucu seluruh negeri. *hebatkan?","1080970226324332546","","GaCeper","in","","0","1","0","https://x.com/undefined/status/1080970226324332546","1380871939",
"1080969543298629633","Thu Jan 03 23:32:39 +0000 2019","0","@yarham02 Semoga pak Prabowo menang pilpres tahun ini dg ijin n pertolongan Allah SWT Aamiin Ya Robbal 'Aalamiin","1080970223677628417","","yarham02","in","","0","1","0","https://x.com/undefined/status/1080970223677628417","960117726575382528",
"1080970209723203585","Thu Jan 03 23:32:36 +0000 2019","0","#SelamatPagiJogja | Tribun Jogja : Kubu Jokowi Minta Demokrat tertibkan Andi Arief","1080970209723203585","","","in","","0","0","0","https://x.com/undefined/status/1080970209723203585","189059637",
"1080851294112440320","Thu Jan 03 23:32:32 +0000 2019","0","@SuaraIslamOn Karna jokowi muslim dan prabowo cina agama oplosan.. mqka jokowi di benci sama kawanan PKS dan HTI","1080970193851973633","","SuaraIslamOn","in","","0","0","0","https://x.com/undefined/status/1080970193851973633","960381060",
"1080826169950269440","Thu Jan 03 23:32:31 +0000 2019","2","@hardi_anton @AGoeci @budimandjatmiko Jangan sampe Kelak anak2 kita dapet cerita ada capres pilihan ijtima ulama di negara muslim terbesar di dunia tapi tidak bisa menjadi imam sholat serta ngaji #miris","1080970191792529408","","hardi_anton","in","","0","2","0","https://x.com/undefined/status/1080970191792529408","1026405242",
"1080872075709960192","Thu Jan 03 23:32:20 +0000 2019","0","@WisnuTheoneto @prabowo Yg terpenting mah Pak @prabowo #17AprilPrabowoPresiden","1080970144388546561","","TheonetoVips","in","","0","0","0","https://x.com/undefined/status/1080970144388546561","227769341",
"1080905467906318336","Thu Jan 03 23:32:12 +0000 2019","0","@Fahrihamzah Pendapatan negara 2000 T: utang 5000 T wajarkah? coba yg pendapatannya 10 juta tp punya utang 500 juta (50 X pendapatan) ngacung tinggi??? bang fahri ni tll khawatir yg pntg itu semua ter-manage dgn baik khususnya jadwal pembayarannya jgn spt jaman mertua Prabowo yg krisis itu","1080970109731037185","","Fahrihamzah","in","","0","0","0","https://x.com/undefined/status/1080970109731037185","2467237670",
"1080970013626970112","Thu Jan 03 23:31:49 +0000 2019","0","Jadiii Berdasarkan keterangan Presiden kita @Jokowi akan melakukan kunjungan kerja di Jawa Timur selama 2 hari. #SuaraJatimUntuk01","1080970013626970112","","","in","","1","0","0","https://x.com/undefined/status/1080970013626970112","1071123099960004608",
"1080969987592835072","Thu Jan 03 23:31:43 +0000 2019","0","@Gerindra @Official_PAN @PKSejahtera @prabowo @sandiuno @ZUL_Hasan @MardaniAliSera @Dahnilanzar @FaldoMaldini @PDemokrat @hincapandjaitan @jokowi Masuk mas eko https://t.co/tXNP6AKkoG","1080969987592835072","https://pbs.twimg.com/media/DwBgd_UU0AA7B9e.jpg","Gerindra","in","","0","0","0","https://x.com/undefined/status/1080969987592835072","898898221413433348",
"1080058458752204800","Thu Jan 03 23:31:38 +0000 2019","0","@LisaAmartaTara @fadlizon @prabowo @sandiuno @Ferdinand_Haean @MbahUyok Pengen ketawa takut dosa ","1080969968403927041","","Thama30106497","in","","0","0","0","https://x.com/undefined/status/1080969968403927041","1078083167414710272",
"1080969930848186368","Thu Jan 03 23:31:29 +0000 2019","3","Pandangan serta Sikap PERSIS tentang Pemilu Legislatif dan Pemilu Presiden 2019 بسم الله الرحمن الرحيم Mencermati dinamika sosial politik umat Islam Indonesia dan warga Jamiyah Persatuan Islam... https://t.co/5iqSJyzbnj","1080969930848186368","","","ca","","0","0","0","https://x.com/undefined/status/1080969930848186368","375053037",
"1080843326129991680","Thu Jan 03 23:31:28 +0000 2019","2","@CH_chotimah @DivHumas_Polri @CCICPolri @BareskrimPolri @jokowi @Dr_Moeldoko @KSPgoid @kemkominfo @budimandjatmiko Mungkin aparat takut kualat Bu kan katanya ustadz...","1080969926561558528","","ChusnulCh__","in","","0","0","0","https://x.com/undefined/status/1080969926561558528","803071911571767296",
"1080969921905872896","Thu Jan 03 23:31:27 +0000 2019","0","Di EPL Liverpool seperti Prabowo pengen banget juara Man City sebagai petahana pilihan yang sulit bagi saya.","1080969921905872896","","","in","","0","0","0","https://x.com/undefined/status/1080969921905872896","50250368",
"1080813591182229504","Thu Jan 03 23:31:21 +0000 2019","0","@KHMarufAmin_ @TheREAL_Abi @jokowi @KPU_ID @PDI_Perjuangan @NasDem @fadjroeL @Deddy_Mizwar_ @DPP_PKB @kangdede78 @MRomahurmuziy @cakimiNOW @addiems #2019PrabowoSandi #2019PrabowoSandi Maaf kiayi. . . Kami menghormati mu jangan sampai di jadikan bahan bully lagi. . . Kami tidak kuat melihat seorang kiayi di perlakukan seperti itu. . Bismillah. . prabowo sandi menang","1080969896291270659","","KHMarufAmin_","in","","0","0","0","https://x.com/undefined/status/1080969896291270659","1555807776",
"1080969893313269760","Thu Jan 03 23:31:20 +0000 2019","0","Netizen kembali memviralkan video saat saat pak @jokowi mempresentasikan mobil esemka yang sampai sekarang hilan di telan bumi ...","1080969893313269760","","","in","","0","0","0","https://x.com/undefined/status/1080969893313269760","3312076484",
"1080969877966540801","Thu Jan 03 23:31:17 +0000 2019","0","#BeritaIslam: Fahri: Memang Karakter Soekarno Lebih Mirip Prabowo https://t.co/TCdAsJKKEB","1080969877966540801","","","in","","0","0","0","https://x.com/undefined/status/1080969877966540801","997968620",
"1080690850575699968","Thu Jan 03 23:31:13 +0000 2019","0","@jokowi https://t.co/HoZLIAHESv","1080969864171249666","https://pbs.twimg.com/ext_tw_video_thumb/1080969278243758081/pu/img/mSmVuMOu1wJk8X1q.jpg","jokowi","qme","","0","0","0","https://x.com/undefined/status/1080969864171249666","865771538833752064",
"1080969850233573376","Thu Jan 03 23:31:10 +0000 2019","4","Kegiatan pendampingan BUMDesa akan jadi prioritas pengendalian kegiatan 2019 #JokowiMembangunDesa @jokowi @EkoSandjojo @taufikmadjid71 @anwsanusi @fachrilabalado @kpp_sumsel https://t.co/ZlP8w71kje","1080969850233573376","https://pbs.twimg.com/media/DwBgWA4VsAEIZrO.jpg","","in","","0","0","6","https://x.com/undefined/status/1080969850233573376","821660399930142720",
"1080969843229118464","Thu Jan 03 23:31:08 +0000 2019","0","Hoax 7 Kontainer Surat Suara BPN Prabowo - Sandiaga Merasa Dirugikan https://t.co/8CyTWBwrrA","1080969843229118464","","","in","","0","0","0","https://x.com/undefined/status/1080969843229118464","2340155395",
"1080969837822672896","Thu Jan 03 23:31:07 +0000 2019","0","AYO BERSAMA KITA MEMBANGUN INDONESIA YANG LEBIH BAIK MARI CIPTAKAN PEMILU 2019 YANG AMAN DAMAI DAN SEJUK https://t.co/tL7ZU2GyoG","1080969837822672896","https://pbs.twimg.com/media/DwBgU8DVAAAxfEb.jpg","","in","","0","0","0","https://x.com/undefined/status/1080969837822672896","779160488437436416",
"1080969597422129164","Thu Jan 03 23:30:10 +0000 2019","0","Karakter Prabowo Mirip Soekarno: Percaya Diri Kritis ke Asing Pidato Berbagai Bahasa https://t.co/rmmOTPV565","1080969597422129164","","","in","","0","0","0","https://x.com/undefined/status/1080969597422129164","962333866953355278",
"1080701620881580032","Thu Jan 03 23:30:09 +0000 2019","0","@dwijasusanto @yurgensutarno @prabowo Haha....SAVAGE","1080969596675383296","","dwijasusanto","fr","","0","0","0","https://x.com/undefined/status/1080969596675383296","4846623680",
"1080969563926228992","Thu Jan 03 23:30:02 +0000 2019","0","Sambut Kedatangan Presiden #KlikRMOL #jokowi https://t.co/du5ha4WoG5","1080969563926228992","","","in","","0","0","0","https://x.com/undefined/status/1080969563926228992","990237626",
"1080745927780950016","Thu Jan 03 23:30:00 +0000 2019","0","@Paltiwest @FaldoMaldini @P3nj3l4j4h @Y_Radianto @hana_4TAA @JajangRidwan19 @Airin_NZ @CH_chotimah @PenguntaiKata @NaneDianti Hidup Jokowi","1080969557672550400","","PaltiHutabarat","in","","0","0","0","https://x.com/undefined/status/1080969557672550400","939710518775857152",
"1080943536474714112","Thu Jan 03 23:29:58 +0000 2019","0","@Rachmalove12 @wawan_qthink @FaldoMaldini @ridlwandjogja @prabowo Muslim dr lahir mbak cb banyak baca","1080969547996225536","","Rachmalove12","in","","0","1","0","https://x.com/undefined/status/1080969547996225536","55819926",
"1080875698875641857","Thu Jan 03 23:29:52 +0000 2019","0","@JackVardan @sanikomputer_id Sebener nya yang harus malu pak jokowi. Milih team kayak begini. Dia tahu ngak ya punya team yang berat nya satu ons","1080969525523173376","","JackVardan","in","","0","0","0","https://x.com/undefined/status/1080969525523173376","1124587543",
"1080969505327775745","Thu Jan 03 23:29:48 +0000 2019","0","Pemilu 2019: Andi Arief Alihkan Isu Tes Baca Quran https://t.co/9tTp6OG7x7 https://t.co/gpq8XqSYXy","1080969505327775745","https://pbs.twimg.com/media/DwBgCTzUwAA5HNb.jpg","","in","","0","0","0","https://x.com/undefined/status/1080969505327775745","1066779906086850563",
"1080969490798690306","Thu Jan 03 23:29:44 +0000 2019","0","Analisis Sosiologis: Prabowo-Sandi Akan Memenangi Pemilu Presiden 2019 https://t.co/CbAZiMLwpS","1080969490798690306","","","in","","0","0","0","https://x.com/undefined/status/1080969490798690306","962333866953355278",
"1080969465779503104","Thu Jan 03 23:29:38 +0000 2019","0","Ngawur #Prabowo #sandi Tak Kompak Bicara Data Gimana Mau Atur Negara https://t.co/Q2pu6v8S3E #moreshareforum #beritaterkini","1080969465779503104","","","in","","0","0","0","https://x.com/undefined/status/1080969465779503104","71512327",
"1080969437442990080","Thu Jan 03 23:29:31 +0000 2019","0","Kunjungan Kerja ke Jatim Presiden Jokowi Tinjau Daerah Irigasi Lodoyo https://t.co/R3v3E3leDR","1080969437442990080","","","in","","0","0","0","https://x.com/undefined/status/1080969437442990080","883447749487632384",
"1080690850575699968","Thu Jan 03 23:29:19 +0000 2019","1","@Mang_Atot @jokowi Kerennn euiy...","1080969385123037184","","Mang_Atot","in","","0","0","1","https://x.com/undefined/status/1080969385123037184","1058197498420854784",
"1080374717171658752","Thu Jan 03 23:29:13 +0000 2019","0","@jokowi Siapa yg mau sepeda ya pd ngacungin telunjuk lah.. Ah ah","1080969360376684544","","jokowi","in","","0","0","0","https://x.com/undefined/status/1080969360376684544","1080615890486362112",
"1080969358954786817","Thu Jan 03 23:29:13 +0000 2019","0","https://t.co/RXuiozYhKI Pengusaha muda untuk Jokowi. #SuaraJatimUntuk01","1080969358954786817","","","in","","0","0","0","https://x.com/undefined/status/1080969358954786817","1080530566938685446",
"1080969352319459328","Thu Jan 03 23:29:11 +0000 2019","0","PERSONEL POLSEK PARLILITAN MENYAMPAIKAN PESAN KAMTIBMAS KPD MASYARAKAT DESA SIHAS TONGA KEC. PARLILITAN GUNA MENCIPTAKAN PEMILU DAMAI 2019 https://t.co/HG20zZ4me0","1080969352319459328","https://pbs.twimg.com/media/DwBf5AyV4AAD1AN.jpg","","in","","0","0","0","https://x.com/undefined/status/1080969352319459328","779160488437436416",
"1080633205571563520","Thu Jan 03 23:29:04 +0000 2019","1","@makLambeTurah mau digoreng apapu tetap prabowo sandi","1080969322564964352","","makLambeTurah","in","","0","0","0","https://x.com/undefined/status/1080969322564964352","980041727330287616",
"1080740568982970369","Thu Jan 03 23:29:01 +0000 2019","0","@Takviri Hoax abadi untuk capres abadi","1080969309067698176","","Takviri","in","","0","0","0","https://x.com/undefined/status/1080969309067698176","1021883270441521153",
"1080968806111956993","Thu Jan 03 23:28:59 +0000 2019","0","@adefs97 @prabowo *melintas*","1080969301392125952","","adefs97","in","","0","1","0","https://x.com/undefined/status/1080969301392125952","159821286",
"1080915292165951496","Thu Jan 03 23:28:58 +0000 2019","12","@Politik_Korup @detikcom Itu tulisan Buy Back Indosat besar amat.. Nanti klo dibeli kyk Freeport dibilang bodoh beli perusahaan sendiri? Nanti Indosat sinyalnya Jelek gara @jokowi lg? Harga Paket Internet jd mahal salah @jokowi lagi? Berat amaat hidupmu pak @jokowi McQueen YaQueen #NurhadiAldo2019","1080969298447716354","","Politik_Korup","in","","0","2","0","https://x.com/undefined/status/1080969298447716354","2283086342",
"1080851354900254721","Thu Jan 03 23:28:55 +0000 2019","1","@Gerindra Iloveyou bpk @prabowo","1080969285470568448","","Gerindra","in","","0","0","0","https://x.com/undefined/status/1080969285470568448","1060149356471377920",
"1080969222576996353","Thu Jan 03 23:28:40 +0000 2019","0","RSCM Bantah Pakai Selang 40 Kali Tim Prabowo: Semoga Memang Begitu https://t.co/CQfSVYEsww","1080969222576996353","https://pbs.twimg.com/media/DwBfx1uUUAAlzqp.jpg","","in","","0","0","0","https://x.com/undefined/status/1080969222576996353","3288053485",
"1080969215232770048","Thu Jan 03 23:28:39 +0000 2019","0","Kunjungan kerja Presiden Jokowi ke Blitar salah satunya adalah untuk membagikan 2.500 sertifikat tanah untuk warga Blitar yang mana 2.000 untuk Kabupaten Blitar dan 500 untuk Kota Blitar https://t.co/OP89fST93X #SuaraJatimUntuk01","1080969218844250112","","teenmoms2","in","","0","0","0","https://x.com/undefined/status/1080969218844250112","1071106362258538496",
"1080915292165951496","Thu Jan 03 23:28:33 +0000 2019","3","@judantoro @detikcom @jokowi @sandiuno Kalo saya terpilih nanti saya akan.... ..... ....? Kasihan dibelain nyogok 1/2T jd cawapres ","1080969191878848512","","judantoro","in","","0","0","1","https://x.com/undefined/status/1080969191878848512","746770586060259328",
"1080969159553380352","Thu Jan 03 23:28:25 +0000 2019","0","Jokowi memaparkan sejak 2015 pemerintah telah mengucurkan dana desa sebesar Rp 20 7 triliun. Kemudian pada 2016 naik menjadi Rp 46 triliun. Di 2017 dana desa kembali menanjak menjadi Rp 60 triliun. #01IndonesiaMaju","1080969159553380352","","","in","","0","0","0","https://x.com/undefined/status/1080969159553380352","1061864310991798272",
"1080943536474714112","Thu Jan 03 23:28:25 +0000 2019","0","@Rachmalove12 @wawan_qthink @FaldoMaldini @ridlwandjogja @prabowo Akun baru mbrojol di tanggapin ","1080969158215360512","","Rachmalove12","in","","0","1","0","https://x.com/undefined/status/1080969158215360512","31702461",
"1080819086601392128","Thu Jan 03 23:28:11 +0000 2019","2","@detikcom Jokowi ;kerja kerja kerja.. Prabowo; hoax hoax hoax...","1080969100107571200","","detikcom","in","","0","0","0","https://x.com/undefined/status/1080969100107571200","896582548372848640",
"1080969085771366400","Thu Jan 03 23:28:08 +0000 2019","5","Selain tips perawatan Jokowi juga memberikan masukan atas pengambilan manfaat dari sertifikat tanah itu. https://t.co/g5MA775twp","1080969085771366400","","","in","","0","0","1","https://x.com/undefined/status/1080969085771366400","23343960",
"1080969078985023488","Thu Jan 03 23:28:06 +0000 2019","0","Soal Tudingan 7 Kontainer Surat Suara Tim Jokowi Bakal Laporkan Andi Arief https://t.co/F9hsR9gJMJ https://t.co/SWAGk1ZO4k","1080969078985023488","https://pbs.twimg.com/media/DwBfpgIUUAA2mq9.jpg","","in","","0","0","0","https://x.com/undefined/status/1080969078985023488","1373752338",
"1080969077298884608","Thu Jan 03 23:28:06 +0000 2019","9","Jokowi Bersimpuh dan Berdoa Khusyuk di Makam Bung Karno https://t.co/Jwt1S9uudN","1080969077298884608","","","in","","3","3","2","https://x.com/undefined/status/1080969077298884608","41730943",
"1080661125304266752","Thu Jan 03 23:28:03 +0000 2019","0","@Aryprasetyo85 @prabowo @jokowi Angkuh","1080969064854446081","","Aryprasetyo85","in","","0","0","0","https://x.com/undefined/status/1080969064854446081","720082932744847360",
"1080956778030874624","Thu Jan 03 23:28:00 +0000 2019","0","@Rianada7 @emerson_yuntho @prabowo @sandiuno Aku suka kok sederhana ... Gak neko neko... Fokus kerja... Nyata ada hasilnya 🇮🇩 kadang jd terharu ","1080969053471043584","","Rianada7","in","","0","0","0","https://x.com/undefined/status/1080969053471043584","830047035541762049",
"1080969010970124288","Thu Jan 03 23:27:50 +0000 2019","0","mau perpanjangan paspor melalui aplikasi paspor online tidak satupun berfungsi. pak mentri @YasonnaLaoly tolong agar tim bapak memperbaiki sistem online sehingga memudahkan masyarakat yg sdh taat bayar pajak mendapatkan hak hak kewarganegaraan. cc pak @jokowi @setkabgoid https://t.co/eKlWQZ6oeT","1080969010970124288","https://pbs.twimg.com/media/DwBfk5sUwAEzg2B.jpg","","in","","0","0","0","https://x.com/undefined/status/1080969010970124288","1011786911659143169",
"1080968999976857600","Thu Jan 03 23:27:47 +0000 2019","0","NOW! Koordinator Jaringan Advokasi Hukum dan Pemilu Jateng Teguh Purnomo - Pengawasan Laporan Penerimaan Sumbangan Dana Kampanye (LPSDK) harus terus dilakukan guna tidak ada penyalahgunaan #ElshintaEdisiPagi https://t.co/YsmhuiKzzG","1080968999976857600","https://pbs.twimg.com/media/DwBffCsUcAAGQvf.jpg","","in","","0","0","1","https://x.com/undefined/status/1080968999976857600","775589717127507968",
"1080725858350813184","Thu Jan 03 23:27:30 +0000 2019","0","@AndiArief__ Cuci tangan lagi? Kayak kasus RS? Klo mmg mnt KPU cpt tanggap knp ga lapor langsung. Knp koar2 di medsos kmudian dihapus? Jgn2 ini dihembuskan utk pengalihan prabowo ga bs ngaji?","1080968926496927744","","Andiarief__","in","","0","0","0","https://x.com/undefined/status/1080968926496927744","961207892811530242",
"1080968901041639424","Thu Jan 03 23:27:24 +0000 2019","1","Kalau timses yg debat bilang aja #JokowiTakutDebat #JokowiTakutDebat #JokowiTakutDebat #JokowiTakutDebat #JokowiTakutDebat #JokowiTakutDebat #JokowiTakutDebat #JokowiTakutDebat #JokowiTakutDebat #JokowiTakutDebat @PDI_Perjuangan @jokowi @psi_id","1080968901041639424","","","in","","0","0","1","https://x.com/undefined/status/1080968901041639424","1013039595464769536",
"1080732568553570304","Thu Jan 03 23:27:17 +0000 2019","0","@AhlulKafir @joko_kendil76 @jokowi Sepertinya kalau sudah tersudut (siapa pun orangnya) komando buat mereka sama yaitu NYOLOT untuk BUNGKAM","1080968871748616192","","kafiradikal","in","","0","0","0","https://x.com/undefined/status/1080968871748616192","33911149",
"1080735188538159105","Thu Jan 03 23:27:10 +0000 2019","1","@jejes097 @Mmahalik2 Betul je pembangunan tdk semudah membalikkan telapak tangan 01 pak jokowi harus dua periode agar supaya diperiode kedua jika infrastruktur memadai otomatis sdm lebih maju pendidikan juga bisa berkembang menjangkau smpai pelosok desa #01jokowilagi","1080968843982336000","","namanyamini","in","","0","0","0","https://x.com/undefined/status/1080968843982336000","251430154",
"1080686532049043456","Thu Jan 03 23:27:10 +0000 2019","4","@Prie_GS @PEPESOfficial Saya like LOPE LOPE LOPE... tp buat bpk @prabowo kang... Salam dr pecinta bapak @prabowo di bandung barat....","1080968842786988032","","Prie_GS","in","","0","2","1","https://x.com/undefined/status/1080968842786988032","1075576973076779009",
"1080968835916677120","Thu Jan 03 23:27:08 +0000 2019","0","Rasanya issue surat suara yg dari china yg sdh dicoblos itu bukan issue biasa (ada sebuah grand design di blkgnya)... Ada yg mau mendelegitimasi pemilu? Setelah tahu bakalan kalah? Gusti Allah mboten SARE! yg BUSUK akan MEMBUSUK dgn sendirinya cepat or lambat...","1080968835916677120","","","in","","0","0","0","https://x.com/undefined/status/1080968835916677120","2832779881",
"1080968764550635520","Thu Jan 03 23:26:51 +0000 2019","1","Nah itu dia. Kalo Prabowo pernah sholat sekali aja dalam hidupnya pasti dia tau kalo perempuan ga boleh jadi imam dari jamaah laki-laki. Makanya banyak orang bertanya apa agama yg dipeluk Prabowo sepanjang umurnya yg hampir 70thn itu?","1080968764550635520","","","in","","0","1","0","https://x.com/undefined/status/1080968764550635520","341931477",
"1080905467906318336","Thu Jan 03 23:26:51 +0000 2019","0","@Fahrihamzah nanti kita tuntut saja buat para pendukung jokowi untuk mendonorkan kornea mata atau ginjalnya buat membantu bayar hutang negara ","1080968763611082753","","Fahrihamzah","in","","0","0","0","https://x.com/undefined/status/1080968763611082753","361713190",
"1080967878453604352","Thu Jan 03 23:26:50 +0000 2019","0","@bangsa_pahlawan @PDI_Perjuangan @jokowi @psi_id #JokowiTakutDebat #DiaTakutDiganti","1080968761073491968","","bangsa_pahlawan","qme","","0","0","0","https://x.com/undefined/status/1080968761073491968","818823147134717953",
"1080762337106092032","Thu Jan 03 23:26:48 +0000 2019","0","@teguhtimur @RamliRizal seharusnya @KPK_RI melakukan pencegahan utang dgn bunga tinggi merugikan negara pencegahan merupakan salah satu tugas KPK berharap dari @jokowi percuma sama saja suka puji-pujian yg penting menang lagi ambisinya tdk ketulungan anak cucu kecekik byr utang sabodo","1080968753460830208","","teguhtimur","in","","0","0","0","https://x.com/undefined/status/1080968753460830208","620006235",
"1080968753318223873","Thu Jan 03 23:26:48 +0000 2019","0","orang kalaw anti korupsi pasti banyak yang memusuhi ..dan saya lihat para pejabat ..sebelum .jokowi .menjabat kantong nya pada tebal semua dan sekarang jokowi yang menjabat jadi presiden .skg banyak yang .kering karena gk ada kantong masuk salam 2 periode pak jokowi ok","1080968753318223873","","","in","","0","0","0","https://x.com/undefined/status/1080968753318223873","1078589900939612160",
"1080968731109421057","Thu Jan 03 23:26:43 +0000 2019","0","Kalau timses yg debat bilang aja #JokowiTakutDebat #JokowiTakutDebat #JokowiTakutDebat #JokowiTakutDebat #JokowiTakutDebat #JokowiTakutDebat #JokowiTakutDebat #JokowiTakutDebat #JokowiTakutDebat #JokowiTakutDebat @PDI_Perjuangan @jokowi @psi_id","1080968731109421057","","","in","","0","0","0","https://x.com/undefined/status/1080968731109421057","1013039595464769536",
"1080689009163038720","Thu Jan 03 23:26:31 +0000 2019","0","@pr1841788 @P3nj3l4j4h Emang kubu @prabowo @fadlizon Serba hoax","1080968680945606656","","pr1841788","in","","0","1","0","https://x.com/undefined/status/1080968680945606656","1062749366765547525",
"1080960166713946113","Thu Jan 03 23:26:15 +0000 2019","0","@BamsBulaksumur @SBYudhoyono @prabowo Olehnya @SBYudhoyono mengambil pola perang grilya dgn pion2 sperti @AndiArief__ @Ferdinand_Haean dll sbg juru dobrak issue hoax yg mengganggu konsentrasi lawan hal ini sedikit membuat @SBYudhoyono istrahat berpikir soal harga dirinya yg sdh end itu namun bila sikon memungkinkan","1080968613937311745","","Bobby_zipp","in","","0","0","0","https://x.com/undefined/status/1080968613937311745","2352230799",
"1080943536474714112","Thu Jan 03 23:26:09 +0000 2019","0","@ridlwandjogja @Jokowi1xLagi @prabowo mungkin sj tdk jumaatan karena ada halangan...heuheu","1080968586347216897","","ridlwandjogja","in","","0","0","0","https://x.com/undefined/status/1080968586347216897","2343347016",
"1080968583654633473","Thu Jan 03 23:26:08 +0000 2019","0","Viking Persib Bantah Dukung Jokowi-Maruf https://t.co/4uGw1xJuSA","1080968583654633473","","","in","","0","0","0","https://x.com/undefined/status/1080968583654633473","2590042351",
"1080968572975894530","Thu Jan 03 23:26:05 +0000 2019","0","Mantan Ajudan Presiden Jokowi Jabat Wadan Lantamal VI https://t.co/C9HUYUFpIj","1080968572975894530","","","in","","0","0","0","https://x.com/undefined/status/1080968572975894530","846715204637376513",
"1080873502700232704","Thu Jan 03 23:25:56 +0000 2019","0","@anna_latasha Tintanya tinta pemilu bukan? Kalo iya gapapa kok","1080968533062778880","","Hyitsmerencia","in","","0","0","0","https://x.com/undefined/status/1080968533062778880","80844682",
"1080681523177648128","Thu Jan 03 23:25:56 +0000 2019","0","@04Nakula @RizmaWidiono @Fahrihamzah @dulatips @ardi_riau @ASapardan @Airin_NZ @CH_chotimah @BadjaNuswantara @liaaa_mg @RiuRizkiUtomo @shinichikudo991 @P3nj3l4j4h @Karolina_bee11 gpp bukan kubu pak jokowi bagi mereka smua halal kok wlw hina2 al quran","1080968532865630208","","04Nakula","in","","0","0","0","https://x.com/undefined/status/1080968532865630208","2681299644",
"1080968517086699520","Thu Jan 03 23:25:52 +0000 2019","0","90 % pendukung jokowi adalah orang yang buta huruf","1080968517086699520","","","in","","0","0","0","https://x.com/undefined/status/1080968517086699520","873482929640423425",
"1080950747171250176","Thu Jan 03 23:25:52 +0000 2019","1","@Pradana87D @prabowo @SBYudhoyono @andiarief_ @FaldoMaldini @saididu @DivHumas_Polri @sandiuno Lehernya keplintir sptnya.... Jd oleng","1080968516969218048","","Pradana87D","in","","0","1","0","https://x.com/undefined/status/1080968516969218048","192488218",
"1080705719580540928","Thu Jan 03 23:25:49 +0000 2019","1","@Fakta_terbaik @prabowo Salam In sya allah #17AprilPrabowoPresiden Aamiin https://t.co/1Yl4XQpKUm","1080968504868667392","https://pbs.twimg.com/ext_tw_video_thumb/1077928128666726406/pu/img/jfE7OvL1YUixFyQO.jpg","Fakta_terbaik","in","","0","1","0","https://x.com/undefined/status/1080968504868667392","2384933310",
"1080968496345866241","Thu Jan 03 23:25:47 +0000 2019","0","Ke pasar ikan kang tatang sama Ara Kang muslihat beli pensil hijau warnanya Lupakan isu tentang surat suara Mendingan lihat hasil kerja nyatanya Kerja nyata @jokowi *tol sby - jkt jadi *jalan di papua sudah mulus *pencuri ikan dilaut indonesia di tengelamkan #01JokowiLagi","1080968496345866241","","","in","","0","0","0","https://x.com/undefined/status/1080968496345866241","959991582286999552",
"1080968472052543489","Thu Jan 03 23:25:41 +0000 2019","0","KPU Jamin Keabsahan Pemilu 2019 https://t.co/jDExW3V4BY https://t.co/7QhUEHe86T","1080968472052543489","https://pbs.twimg.com/media/DwBfGLMVAAAPZ6Q.jpg","","in","","0","0","0","https://x.com/undefined/status/1080968472052543489","1066779906086850563",
"1080968442923110400","Thu Jan 03 23:25:34 +0000 2019","0","Presiden Jokowi: Sejak 2017 Realisasi Penerbitan Sertifikat Tanah Lebihi Target https://t.co/2CUPB6RCKW https://t.co/8NerSz8HmJ","1080968442923110400","https://pbs.twimg.com/media/DwBfEd5UUAAA62H.jpg","","in","","0","0","0","https://x.com/undefined/status/1080968442923110400","871399992971247617",
"1080947212081815553","Thu Jan 03 23:25:27 +0000 2019","0","@JKFC23456789 @TheArieAir @PDemokrat @SBYudhoyono @jokowi @RizmaWidiono @Dennysiregar7 @kangdede78 @P3nj3l4j4h @semiaji_w @ZheeOmega @fadjroeL @erickthohir Pengalaman pribadi","1080968410136162304","","JKFC23456789","in","","0","0","0","https://x.com/undefined/status/1080968410136162304","1032579131391717377",
"1080405479321329664","Thu Jan 03 23:25:25 +0000 2019","0","@andreanprast @djun_bang @erickthohir @fadjroeL @chicohakim @farhatabbaslow @RizmaWidiono @Asep_pdipbanten @DPW_PKBBanten @_DIM45_ARYA_ Benar bro masih 2 bln lagi tapi sangat disesalkan tdk ada greget dari team kampanye daerah utk meng kampanye kan JOKOWI tdk seperti meng kampanye kan dirinya yg maju sebagai caleg.","1080968405681930240","","andreanprast","in","","0","0","0","https://x.com/undefined/status/1080968405681930240","718071861746073600",
"1080968385582661632","Thu Jan 03 23:25:21 +0000 2019","0","31 Kepala Daerah di Jatim Dukung Jokowi Ini Kata Pakdhe Karwo #SuaraJatimUntuk01 https://t.co/LG9vISBDoj","1080968385582661632","","","in","","0","0","0","https://x.com/undefined/status/1080968385582661632","1328149478",
"1080779307188768769","Thu Jan 03 23:25:17 +0000 2019","0","@Nink47018190 @SBYudhoyono @AndiArief__ Hati~hati jng terlena dg permainan oposisi dn para kampret.mereka selalu mainkn hoax.sehingga para TKN jokowi terlena dg permainan mreka dn lupa pendkatn dg rakyat...","1080968371384967168","","Nink47018190","in","","0","0","0","https://x.com/undefined/status/1080968371384967168","1047873499581186048",
"1080968370755760128","Thu Jan 03 23:25:17 +0000 2019","12","akur pisan urang teh kudu bebas milih paslon: pilih prabowo mangga jempol pisan henteu pilih jokowi mangga leuwih alus. tatar sunda mah leuwih alus dipimpin prabowo-sandi daripada dipimpin jokowi loba wadul janji2 2014 teu dicumponan","1080968370755760128","","","in","","1","1","8","https://x.com/undefined/status/1080968370755760128","932129883861348353",
"1080968330205261824","Thu Jan 03 23:25:07 +0000 2019","0","Tanggapan Kubu Jokowi dan Prabowo soal Tes Baca Alquran https://t.co/Ll6SOC29Ym","1080968330205261824","","","in","","0","0","0","https://x.com/undefined/status/1080968330205261824","456426648",
"1080968328347148290","Thu Jan 03 23:25:07 +0000 2019","0","Viking Persib Bantah Dukung Jokowi-Maruf https://t.co/vKzdkeOWWl https://t.co/Qs8gmwWxfE","1080968328347148290","https://pbs.twimg.com/media/DwBe9zEV4AE7PvV.jpg","","in","","0","0","3","https://x.com/undefined/status/1080968328347148290","591332946",
"1080965454925950977","Thu Jan 03 23:24:52 +0000 2019","2","@NurmaTgr Kelebihan penantang Jokowi bikin Hoak berjilid 2.. Koalisi sesat PRABOHONG https://t.co/z1rLlz99FP","1080968264329486337","https://pbs.twimg.com/media/DwBe13hVAAAUKQ6.jpg","NurmaTgr","in","","0","1","0","https://x.com/undefined/status/1080968264329486337","940221643003006976",
"1080113214354935809","Thu Jan 03 23:24:43 +0000 2019","1","@HukumDan Alhamdulillah melalui RAFI Dengan girangnya #Jokowi mendengar langsung keinginan rakyatnya #2019GantiPresiden Semangat RAFI jangan pernah padam #2019PrabowoSandi","1080968225699983360","","HukumDan","in","","0","0","1","https://x.com/undefined/status/1080968225699983360","774492274164060160",
"1079447802550222848","Thu Jan 03 23:24:29 +0000 2019","3","@RenataSyarif @bvalentcio @andesh_ @KoRnHurry @Next_J2P @FaGtng @Ze_sukma @_ANDRE_OCTA_ @besmartyk @EliasAdi79 @EksaYovie @nemosyus @Antri_Mati @CeciliaSuwanda1 @zoelfick @jokowi @basuki_btp @TheArieAir @Takviri @joxzin_jogja @Nanaa_rosaa @prabowo @Humas_MKRI @04Nakula @mohmahfudmd @sugi_0706 @bebaspikir @FreestoneReborn @HendiBram @KicauSunyi @donny7etrost Ga penting juga melayani gerombolan mereka. Apalagi kalau masih ga berani pakai akun asli. Ga usah terlalu ditanggapi. Cool down ajalah. Yuk promosikan terus hasil kerja nyata Pak @jokowi utk melawan strategi politik firehouse of falsehood ala Wowo. Cc: @na_dirs @Nanaa_rosaa","1080968168523218945","","RenataSyarif","in","","0","1","1","https://x.com/undefined/status/1080968168523218945","2496008654",
"1080968167629905920","Thu Jan 03 23:24:29 +0000 2019","0","#JokowiTakutDebat #JokowiTakutDebat #JokowiTakutDebat #JokowiTakutDebat #JokowiTakutDebat #JokowiTakutDebat #JokowiTakutDebat #JokowiTakutDebat #JokowiTakutDebat #JokowiTakutDebat @PDI_Perjuangan @jokowi @psi_id pura pura hoax strategi jitu ","1080968167629905920","","","in","","0","0","0","https://x.com/undefined/status/1080968167629905920","1013039595464769536",
"1080812016002973696","Thu Jan 03 23:24:28 +0000 2019","0","@kurawa Laporkan juga ke panitia pemilu supaya didiskualifikasi dan cuma ada calon tunggal.","1080968165734019072","","kurawa","in","","0","0","0","https://x.com/undefined/status/1080968165734019072","2274101740",
"1080968161585844224","Thu Jan 03 23:24:27 +0000 2019","0","Relawan Prabowo-Sandi Cabang Arab Saudi Silaturahim Ke Habib Rizieq https://t.co/XGu8rkJATJ","1080968161585844224","","","in","","0","0","0","https://x.com/undefined/status/1080968161585844224","2148389935",
"1080656199735857152","Thu Jan 03 23:24:21 +0000 2019","0","@sirwandiputra @septria_yanto @jokowi @P3nj3l4j4h @RizmaWidiono @PowerEmak @agit2530 @LinNasution @The_Zhendi @KamaluddinAl @aji_karno @lin_her2 @ErickVe Aamiin semoga korupsinya cepet ngilang dari negara ini. Dan semoga jadi salah satu prestasi jokowi. #jokowiudahan #gantilahbosen","1080968134696128512","","sirwandiputra","in","","0","1","0","https://x.com/undefined/status/1080968134696128512","1038742983057633281",
"1080968132871753728","Thu Jan 03 23:24:20 +0000 2019","0","#Jokowi #Lodoyo Tembus Hujan Tinjau Saluran Irigasi di Blitar Jokowi Diteriaki Warga https://t.co/xxNse1VuZS.ID26.057x ditonton Like 630 Dislike 45 Dipublikasikan tanggal 3 Jan 2019 VIVA - Presiden https://t.co/LuZqa0puaV","1080968132871753728","","","in","","0","0","0","https://x.com/undefined/status/1080968132871753728","576287136",
"1080968071148269568","Thu Jan 03 23:24:06 +0000 2019","0","Hujan Deras Jokowi Tinjau Proyek Normalisasi Sungai #SuaraJatimUntuk01 https://t.co/hgxIH9DFpo","1080968071148269568","","","in","","0","0","0","https://x.com/undefined/status/1080968071148269568","1328149478",
"1080954842091118592","Thu Jan 03 23:23:55 +0000 2019","0","@TriadesS @jokowi Kalo saya sih suka BPK dengan sayur kolllll....","1080968027863052289","","","in","","0","0","0","https://x.com/undefined/status/1080968027863052289","63068688",
"1080518994791084032","Thu Jan 03 23:23:49 +0000 2019","0","@faizalassegaf @SBYudhoyono Jgn2 cara seperti ini yg dulu dilakukan SBY wkt jd presiden 2 periode cuma skrg konteksnya adlh utk jatuhkan jokowi-ma'ruf","1080968002982469632","","faizalassegaf","in","","0","0","0","https://x.com/undefined/status/1080968002982469632","327460828",
"1080967965737021441","Thu Jan 03 23:23:41 +0000 2019","1","Presiden Jokowi Bertolak ke Jawa Timur Kunjungi Sejumlah Kabupaten #SuaraJatimUntuk01 https://t.co/QjxphBWIPQ","1080967965737021441","","","in","","0","0","1","https://x.com/undefined/status/1080967965737021441","1328149478",
"1080817003747655680","Thu Jan 03 23:23:36 +0000 2019","2","@ronavioleta @KPU_ID @jokowi @MarufAminNU @prabowo @sandiuno @erickthohir Utk menutupi kebodohan si penipu.. KPU masuk anginnnn.....kawal kpu..!!!!","1080967944727740416","","ronavioleta","in","","0","0","0","https://x.com/undefined/status/1080967944727740416","996662969013493760",
"1080967878453604352","Thu Jan 03 23:23:20 +0000 2019","0"," #JokowiTakutDebat #JokowiTakutDebat #JokowiTakutDebat #JokowiTakutDebat #JokowiTakutDebat #JokowiTakutDebat #JokowiTakutDebat #JokowiTakutDebat #JokowiTakutDebat #JokowiTakutDebat @PDI_Perjuangan @jokowi @psi_id","1080967878453604352","","","qme","","0","1","0","https://x.com/undefined/status/1080967878453604352","1013039595464769536",
"1080844024041197568","Thu Jan 03 23:23:15 +0000 2019","1","@Y_Radianto @TheArieAir @4Y4NKZ @JajangRidwan19 @kangdede78 @BadjaNuswantara @DjanChoek @Dwiyana_DKM 21 Des SBY ketemu Prabowo beberapa hari kemudian hoax kertas suara direlease kubu Cikeas. Apakah ini bentuk bantuan Cikeas ke Prabowo?","1080967860061536256","","YRadianto","in","","0","0","2","https://x.com/undefined/status/1080967860061536256","2881653068",
"1080777336079843329","Thu Jan 03 23:23:14 +0000 2019","1","@MANGBUD @CakKhum @jokowi Gak punya adab.","1080967852885106689","","MANGBUD","in","","0","0","1","https://x.com/undefined/status/1080967852885106689","882187916809617412",
"1080841255146287104","Thu Jan 03 23:23:10 +0000 2019","0","@ganjarpranowo Pak ganjar sabar terus . Jenengan tak gadang2 penerus pak jokowi lho.. Kadang di sabari malah nginjek lho pak.","1080967835931688960","","ganjarpranowo","in","","0","0","0","https://x.com/undefined/status/1080967835931688960","1054644782763364352",
"1080364507950546944","Thu Jan 03 23:23:09 +0000 2019","0","@mediana_cinta Hidup Jokowi","1080967832916000768","","mediana_cinta","in","","0","0","0","https://x.com/undefined/status/1080967832916000768","939710518775857152",
"1080967815878725632","Thu Jan 03 23:23:05 +0000 2019","1","Mantan Ajudan Presiden Jokowi Jabat Wadan Lantamal VI https://t.co/EruEY2oe3U","1080967815878725632","","","in","","1","0","0","https://x.com/undefined/status/1080967815878725632","22126902",
"1080967808270266368","Thu Jan 03 23:23:03 +0000 2019","0","Presiden Jokowi kunjungan kerja ke Jatim #SuaraJatimUntuk01 https://t.co/SAmYYx7BOe","1080967808270266368","","","in","","0","0","0","https://x.com/undefined/status/1080967808270266368","1328149478",
"1080967747368976385","Thu Jan 03 23:22:49 +0000 2019","0","#JokowiTakutDebat #JokowiTakutDebat #JokowiTakutDebat #JokowiTakutDebat #JokowiTakutDebat #JokowiTakutDebat #JokowiTakutDebat #JokowiTakutDebat #JokowiTakutDebat #JokowiTakutDebat @PDI_Perjuangan @jokowi @psi_id","1080967747368976385","","","qme","","0","0","0","https://x.com/undefined/status/1080967747368976385","1013039595464769536",
"1080704192233107457","Thu Jan 03 23:22:43 +0000 2019","1","@Ingot_tupang @Ze_sukma @TolakBigotRI Apa pengalihan isu?! Biar @prabowo tidak dilaporkan oleh pihak @rscm_official","1080967723780169728","","Ingot_tupang","in","","0","1","0","https://x.com/undefined/status/1080967723780169728","431397736",
"1080833690031218688","Thu Jan 03 23:22:43 +0000 2019","8","@merdekadotcom Fitnah kebohongan publik tebar hoax dan ancaman sudah melekat di kubu @prabowo &amp; @sandiuno rakyat dan media framing sudah tahu semua dilihat dari fisik dan mental rakyat juga sudah tahu mana tampang penuh ketulusan dan kejujuran dibanding tampang licik dan penuh kebohongan ","1080967723293667328","","merdekadotcom","in","","0","0","0","https://x.com/undefined/status/1080967723293667328","106390895",
"1080967708609409025","Thu Jan 03 23:22:39 +0000 2019","20","Hari ini Timses Prabowo Minta Wejangan ke SBY soal Debat Capres https://t.co/ijFRrkfHQ5","1080967708609409025","","","in","","0","11","5","https://x.com/undefined/status/1080967708609409025","4067554280",
"1080967705711206400","Thu Jan 03 23:22:39 +0000 2019","7","10 Usulan Materi Debat Capres Pertama Soal Korupsi Versi KPK https://t.co/HV42cBnOXV","1080967705711206400","","","in","","0","0","3","https://x.com/undefined/status/1080967705711206400","4067554280",
"1080624303844945922","Thu Jan 03 23:22:31 +0000 2019","1","@nitasari91 @iqbalproject23 @Garoet2 @TsamaraDKI Wwkwk...kalo engga boleh bawa2 tokoh lain itu namanya kebenaran milikmu sendiri mbakkk...coba di gugel jokowi yg pake teks mensampaikan data aja masih salah apalagi tanpa teks. Yuk warass #17AprilPrabowoPresiden","1080967675252137984","","nitasari91","in","","0","1","0","https://x.com/undefined/status/1080967675252137984","988199944434532353",
"1080739444737470464","Thu Jan 03 23:22:25 +0000 2019","0","@RizmaWidiono @jokowi Luas biasa antusias para warganya dan sehat selalu pak de ku @jokowi @capekngoceh @Jokowi_Amin #SuaraJatimUntuk01","1080967648349904896","","RizmaWidiono","in","","0","0","0","https://x.com/undefined/status/1080967648349904896","1071071389119959040",
"1080875938039005184","Thu Jan 03 23:22:20 +0000 2019","0","@andre_rosiade @FaldoMaldini @PartaiPAN @prabowo @ernestprakasa Bro @FaldoMaldini calon politikus hebat..","1080967626187169792","","andre_rosiade","in","","0","0","0","https://x.com/undefined/status/1080967626187169792","1012885466843045888",
"1080967597619728384","Thu Jan 03 23:22:13 +0000 2019","0","@jokowi @aniesbaswedan @pramonoanung @prabowo @mohmahfudmd Rohingya myanmar adalah wilayah myanmar...coba utuh cari tau/awal keributan apa?..di indonesia yg ras minoritas tp agamanya muslim/krn ras timur tengah mk rakyat ya ok bahwa apa yg dibicarakan benar apa ia..MIKIR DONK","1080967597619728384","","jokowi","in","","0","0","0","https://x.com/undefined/status/1080967597619728384","855998465146462209",
"1080960166713946113","Thu Jan 03 23:22:11 +0000 2019","0","@BamsBulaksumur @SBYudhoyono Terbukti kegagalan @SBYudhoyono yg mengorbitkan AHY sbg penerus kekuasaan dgn mengorbakan kariernya di militer yg berpangkat mayor tdk membahkan hasil malah menempatkan harga diri @SBYudhoyono hanya sbg JONGOS politik @prabowo di 2019 ini salah asuhan krn salah strategi perang","1080967590845939712","","Bobby_zipp","in","","0","1","0","https://x.com/undefined/status/1080967590845939712","2352230799",
"1080645933556101120","Thu Jan 03 23:22:11 +0000 2019","0","@marierteman @SultanAgunk @prabowo @sandiuno Sampe hari ini gw masih bayar iuran bpjs total 6 jiwa https://t.co/QTszQJeONg juga ga pernah make bpjs sekalipun krn hidup gw lbh beruntung drpd lu bong.kalau dikali sekian taun brp jumlahnya?trus duit yg disetor dikemanain?asu kabeh...mblegedes.itu wong cilik gmn nasibnya?","1080967590053175296","","marierteman","in","","0","0","0","https://x.com/undefined/status/1080967590053175296","1037121641745014786",
"1080967574681280513","Thu Jan 03 23:22:07 +0000 2019","0","Mengadu kepada Allah Melihat begitu banyaknya simpang siur beritaan itu mulai dari KTP tercecer Data Peserta Pemilu 31 Juta orang dari Kemendagri yang katanya yang tidak boleh dibuka adanya maki makian di medsos ... https://t.co/VYaEpn5PXh","1080967574681280513","","","in","","0","0","0","https://x.com/undefined/status/1080967574681280513","617560633",
"1080941344472748032","Thu Jan 03 23:21:58 +0000 2019","0","@masinusina @prabowo Aku penasaran soal yg itu Gus gmn ceritanya kok masrahin ke mbak Yenny....#serius kepo","1080967535682498561","","masinusina","in","","1","0","0","https://x.com/undefined/status/1080967535682498561","2649929911",
"1080813591182229504","Thu Jan 03 23:21:55 +0000 2019","4","@KHMarufAmin_ @jokowi @KPU_ID @PDI_Perjuangan @NasDem @fadjroeL @Deddy_Mizwar_ @DPP_PKB @kangdede78 @MRomahurmuziy @cakimiNOW @addiems Mari membangun Indonesia #KamiJokowiMaruf","1080967520834613249","","KHMarufAmin_","in","","0","0","0","https://x.com/undefined/status/1080967520834613249","836227181495877632",
"1080967516279627776","Thu Jan 03 23:21:53 +0000 2019","0","Jokowi Keliling Jawa Timur #SuaraJatimUntuk01 https://t.co/b0kXdy8H0F","1080967516279627776","","","in","","0","0","0","https://x.com/undefined/status/1080967516279627776","1328149478",
"1080967484826501120","Thu Jan 03 23:21:46 +0000 2019","1","Pantesan #JokowiTakutDebat #JokowiTakutDebat #JokowiTakutDebat #JokowiTakutDebat #JokowiTakutDebat #JokowiTakutDebat #JokowiTakutDebat #JokowiTakutDebat #JokowiTakutDebat #JokowiTakutDebat @PDI_Perjuangan @jokowi @psi_id hanya petugas partai ","1080967484826501120","","","in","","0","0","0","https://x.com/undefined/status/1080967484826501120","1013039595464769536",
"1080747081722093568","Thu Jan 03 23:21:42 +0000 2019","0","@ustadtengkuzul Prabowo diajak khatam Quran gak?","1080967470247104512","","ustadtengkuzul","in","","0","0","0","https://x.com/undefined/status/1080967470247104512","70963837",
"1079405187284910081","Thu Jan 03 23:21:40 +0000 2019","0","@ustaztengkuzul Pilihlah pemimpin yang Taat pada Allah. Dah itu aja. Sampeyan tau kan prabowo solatnya taat atau tidak?? Tentang tes baca Al Quran dan bisa menjadi imam sholat itu Masyarakat pingin tau calon pemimpinnya itu Taat pada Allah atau tidak. Kalo tidak ya jangan dipilih. Haram!","1080967457806766080","","kelopoaking","in","","0","0","0","https://x.com/undefined/status/1080967457806766080","3542091914",
"1080421709356748800","Thu Jan 03 23:21:38 +0000 2019","0","@RinjaniJB @rscm_official @KemenkesRI @itjenkemenkes @BPJSKesehatanRI @prabowo Masalahnya mrk BERANI gak utk mensomasi bapak itu?","1080967452207403008","","RinjaniJB","in","","0","0","0","https://x.com/undefined/status/1080967452207403008","115329795",
"1080967441453244417","Thu Jan 03 23:21:36 +0000 2019","0","Selanjutnyaa Kab. TulungAgung Kab Tulungagung adalah salah satu dari beberapa daerah penghasil marmer terbesar di Indonesia terletak 154 km barat daya Kota Surabaya. Presiden Jokowi akan berkunjung hari ini (4/1) #SuaraJatimUntuk01","1080967441453244417","","","in","","0","0","0","https://x.com/undefined/status/1080967441453244417","1071123099960004608",
"1080860989262684160","Thu Jan 03 23:21:20 +0000 2019","2","@AkunTofa Hambir d semua acara pembicara jokowi selalu emosional nol atitut kl dah kepepet langsung serang pribadi.. makin merugikan oak jokowi sebenernya","1080967376047239168","","AkunTofa","in","","0","0","1","https://x.com/undefined/status/1080967376047239168","1034975174397911040",
"1080967363434954752","Thu Jan 03 23:21:17 +0000 2019","0","Presiden Jokowi Lakukan Kunjungan Kerja ke Jawa Timur #SuaraJatimUntuk01 https://t.co/9WOlUKqCDX","1080967363434954752","","","in","","0","0","0","https://x.com/undefined/status/1080967363434954752","1328149478",
"1080842913314103296","Thu Jan 03 23:21:11 +0000 2019","0","@AriestaricoRico @CebongBajaHitam Untuk kali pertama bangga Indonesia! Terima kasih Presiden Pak Jokowi Indonesia bukan lagi negara yg terpuruk! #BanggaIndonesia #JokowiLagi","1080967340085428227","","AriestaRiico_","in","","0","0","0","https://x.com/undefined/status/1080967340085428227","1063930457266503680",
"1080943536474714112","Thu Jan 03 23:21:06 +0000 2019","0","@Rachmalove12 @wawan_qthink @FaldoMaldini @ridlwandjogja @prabowo Akun baru netes.","1080967319357054981","","Rachmalove12","in","","0","0","0","https://x.com/undefined/status/1080967319357054981","164926850",
"1080967315447894016","Thu Jan 03 23:21:06 +0000 2019","1","Ramai soal Prabowo dan Selang Cuci Darah Seorang Pasien Pernah Ungkap Pelayanan RSCM pada 2015 https://t.co/JhVMsUmAMp","1080967315447894016","","","in","","0","0","1","https://x.com/undefined/status/1080967315447894016","996955250710884352",
"1080686532049043456","Thu Jan 03 23:20:57 +0000 2019","0","@Prie_GS asal BUKAN jokowi. JAKOWI OK LAH..","1080967280836542464","","Prie_GS","in","","0","0","0","https://x.com/undefined/status/1080967280836542464","3118310009",
"1080947212081815553","Thu Jan 03 23:20:54 +0000 2019","1","@JKFC23456789 @PDemokrat @SBYudhoyono @jokowi @RizmaWidiono @Dennysiregar7 @TheArieAir @kangdede78 @P3nj3l4j4h @semiaji_w @ZheeOmega @fadjroeL @erickthohir Makanya si rocky yg deket sama sby itu pernah blg kl sumber hoax terbesar itu adalah penguasa. Ternyata bersumber dr pengamatan dan pengalaman thd rezim yg kemaren toh...","1080967265481220096","","JKFC23456789","in","","0","0","0","https://x.com/undefined/status/1080967265481220096","2316611240",
"1080967184329764865","Thu Jan 03 23:20:43 +0000 2019","0","abangan Priyai dan santri di Jawa Timur harus solit dalam mendukung pak @Jokowi untuk jatim yang lebih baik dan untuk Indonesia yang kuat dan maju #SuaraJatimUntuk01","1080967220459560960","","teenmoms2","in","","0","0","0","https://x.com/undefined/status/1080967220459560960","1071106362258538496",
"1080967184329764865","Thu Jan 03 23:20:43 +0000 2019","0","ayo guys kita dukung pak @Jokowi untuk menuntaskan pembangunan dengan memberinya satu periode lagi untuk memimpin bangsa #SuaraJatimUntuk01","1080967219092176896","","teenmoms2","in","","0","1","0","https://x.com/undefined/status/1080967219092176896","1071106362258538496",
"1080732568553570304","Thu Jan 03 23:20:42 +0000 2019","0","@AhlulKafir @jokowi Tipikal banteng selalu mengedepankan otot bukan otak https://t.co/vnF346sBst","1080967217880039424","","kafiradikal","in","","0","0","0","https://x.com/undefined/status/1080967217880039424","988496472",
"1080967184329764865","Thu Jan 03 23:20:41 +0000 2019","0","sangat terharu melihat semangat warga jawa Timur untuk bertemu presiden @Jokowi #SuaraJatimUntuk01","1080967210573545472","","teenmoms2","in","","0","0","0","https://x.com/undefined/status/1080967210573545472","1071106362258538496",
"1080967184329764865","Thu Jan 03 23:20:40 +0000 2019","0","walau hujan deras tak menjadi halangan animo masyarakat untuk bertemu pak @Jokowi #SuaraJatimUntuk01","1080967209399181314","","teenmoms2","in","","0","1","0","https://x.com/undefined/status/1080967209399181314","1071106362258538496",
"1080697627052670976","Thu Jan 03 23:20:40 +0000 2019","0","@yunartowijaya Gak akan ada video 98 itu ...maksudnya apa yunarto ini..org megawati aja mau jdiin prabowo wapresnya waktu itu...krn mega tahu prabowo itu tdk terkait apa2..itu hanya isu yg digoreng2 sampe tukang survey yg gak ngerti aja sok tau....yg ada klu puter2an video jkowi bakal malu","1080967207625023488","","yunartowijaya","in","","0","0","0","https://x.com/undefined/status/1080967207625023488","558397223",
"1080967184329764865","Thu Jan 03 23:20:40 +0000 2019","0","Selesai meninjau rehabilitasi saluran irigasi primer Lodoyo Presiden Jokowi menziarahi makam Presiden pertama RI Soekarno atau Bung Karno di Kota Blitar Jawa Timur. #SuaraJatimUntuk01","1080967206907797504","","teenmoms2","in","","0","1","0","https://x.com/undefined/status/1080967206907797504","1071106362258538496",
"1080967184329764865","Thu Jan 03 23:20:39 +0000 2019","0"," Lahir batin tresno (sayang) sama jenengan (kamu) pak. Demi Allah terima kasih Pak ujar salah satu seorang warga yang tak diketahui namanya sambil bersalaman dengan Jokowi #SuaraJatimUntuk01","1080967205561331712","","teenmoms2","in","","0","1","0","https://x.com/undefined/status/1080967205561331712","1071106362258538496",
"1080967184329764865","Thu Jan 03 23:20:39 +0000 2019","0","Bahkan ada salah satu warga yang menangis haru dengan kedatangan Jokowi. Sambil bersalaman pria yang mengenakan topi itu mengungkapkan kekagumannya terhadap Jokowi #SuaraJatimUntuk01","1080967203170615296","","teenmoms2","in","","0","1","0","https://x.com/undefined/status/1080967203170615296","1071106362258538496",
"1080967184329764865","Thu Jan 03 23:20:38 +0000 2019","0","momen warga ingin bertemu pak @Jokowi saat hujan deras https://t.co/Cbl5RDw9Yi #SuaraJatimUntuk01","1080967201866182656","","teenmoms2","in","","0","1","0","https://x.com/undefined/status/1080967201866182656","1071106362258538496",
"1080967184329764865","Thu Jan 03 23:20:38 +0000 2019","0","guys dulu susah bagi kita mendekati presiden karena kawalan dan keamanan paspampres.. namun sekarang walaupun ngga terlalu gampang pak Jokowi ingin paspampres yang humanis #SuaraJatimUntuk01","1080967199227932672","","teenmoms2","in","","0","1","0","https://x.com/undefined/status/1080967199227932672","1071106362258538496",
"1080943536474714112","Thu Jan 03 23:20:37 +0000 2019","1","@Rachmalove12 @chairil32913688 @JefryGigih @FaldoMaldini @ridlwandjogja @prabowo Wkwkwkkw ketauan","1080967194958213120","","Rachmalove12","in","","0","1","0","https://x.com/undefined/status/1080967194958213120","956535219741274112",
"1080967184329764865","Thu Jan 03 23:20:37 +0000 2019","0","salah satu agenda dari kunjungan pak @Jokowi kali ini ialah memastikan pembangunan saluran Irigasi di Blitar berjalan dengan baik #SuaraJatimUntuk01","1080967193913774080","","teenmoms2","in","","0","1","0","https://x.com/undefined/status/1080967193913774080","1071106362258538496",
"1080967184329764865","Thu Jan 03 23:20:35 +0000 2019","0","beberapa pembangunan infrastruktur menjadi fokus pak @Jokowi dalam kunjunganya di jawa timur kali ini #SuaraJatimUntuk01","1080967185554526208","","teenmoms2","in","","0","0","0","https://x.com/undefined/status/1080967185554526208","1071106362258538496",
"1080967184329764865","Thu Jan 03 23:20:34 +0000 2019","0","berkunjung ke Blitar dan beberapa daerah di Jawa timur masyarakat antusias untuk bertemu pak @Jokowi #SuaraJatimUntuk01","1080967184329764865","","","in","","0","1","0","https://x.com/undefined/status/1080967184329764865","1071106362258538496",
"1080967173760339968","Thu Jan 03 23:20:32 +0000 2019","0","Tanggapan Kubu Jokowi dan Prabowo soal Tes Baca Alquran https://t.co/okeXeMl4YI","1080967173760339968","","","in","","0","0","0","https://x.com/undefined/status/1080967173760339968","846715204637376513",
"1080657483851390981","Thu Jan 03 23:20:30 +0000 2019","4","@FandhuW89 Mungkin @budimandjatmiko @PDI_Perjuangan @jokowi hrs ikut mendengat danelihat untuk refrehs telinga dan mata hatinya....smg diberikan hidayah","1080967168055902208","","FandhuW89","in","","0","0","0","https://x.com/undefined/status/1080967168055902208","1054762388631642112",
"1080967117174845440","Thu Jan 03 23:20:18 +0000 2019","0","RAMAIKAN/COPASTE TWEETAN INI SAMPAIKAN KESANAK SAUDARA cc. @putrabanten80 Prabowo-Sandi Menang Akan Ada Perubahan Yang Nyata Terjadi Di Negeri. Pilihan Rakyat Indonesia Untuk Mewujudkan Indonesia #AdilMakmur #17AprilPrabowoPresiden #2019PrabowoSandi","1080967117174845440","","","in","","0","0","0","https://x.com/undefined/status/1080967117174845440","506017989",
"1080905467906318336","Thu Jan 03 23:20:17 +0000 2019","0","@MasNdiens @Fahrihamzah Berarti berdasarkan prediksi anda prabowo menang dong.......sedangkan fahri jadi mentri.","1080967112229703680","","MasNdiens","in","","0","1","0","https://x.com/undefined/status/1080967112229703680","939798675647209473",
"1080726341790715904","Thu Jan 03 23:20:17 +0000 2019","2","@FaGtng @AndiArief__ @ustadtengkuzul @jokowi Begitulah kalau tidurnya terbalik logikanya hilang...","1080967111273377792","","FaGtng","in","","0","0","0","https://x.com/undefined/status/1080967111273377792","3288508148",
"1080739517772922880","Thu Jan 03 23:20:05 +0000 2019","0","@SaaeBunglon @ValveahT @sukangetweet @alberdganteng @ratunyirnyir @permisinetijen @CassandraAmeli6 @Vinapandu15 @SahabatSeSurga @habibthink @JajangRidwan19 @Roro_Kinarsih27 @woelannnn @BiLLRaY_ @JokSusi2019 @andreOPA @4Y4NKZ Pak de ku @jokowi sukses selalu.... #SuaraJatimUntuk01","1080967062833352704","","SaaeBunglon","in","","0","0","0","https://x.com/undefined/status/1080967062833352704","1071071389119959040",
"1080457993257283584","Thu Jan 03 23:20:03 +0000 2019","1","@BasyaAlika @5dhany5 @HeryR99 @shinebelight @AkunTofa Nikmati saja lah...semakin banyak menyerang akan semakin nampak dan nyata bhw Jokowi hebat","1080967054868369408","","BasyaAlika","in","","0","1","0","https://x.com/undefined/status/1080967054868369408","1047710445509914624",
"1080967052720930816","Thu Jan 03 23:20:03 +0000 2019","0","AYU ARIANI Warga Desa Gitigit Kec Sukasada Buleleng Mendukung Pemilu 20... https://t.co/og4TyHoXfJ lewat @YouTube","1080967052720930816","","","in","","0","0","0","https://x.com/undefined/status/1080967052720930816","1017680092569354240",
"1080832538644439041","Thu Jan 03 23:19:46 +0000 2019","0","@Riswan2019Gant1 @jokowi ","1080966982835400704","","0m_Brewoks","qme","","0","0","0","https://x.com/undefined/status/1080966982835400704","840236677",
"1080826169950269440","Thu Jan 03 23:19:42 +0000 2019","2","@budimandjatmiko Manusia yg baik akan meninggalkan kesan yg baik...begitu juga sebaliknya.. Nanti juga akan tercatat dlm sedjarah indonesia apalagi menyangkut baik buruk seorang pemimpin... Misal capres TERLAMA di indonesia siapa??? Capres penebar hoak terbanyak ..siapa??. Dll","1080966963730378752","","budimandjatmiko","in","","0","1","0","https://x.com/undefined/status/1080966963730378752","1054221379682295808",
"1080966948496625665","Thu Jan 03 23:19:38 +0000 2019","0","Tp Jokowi mah gak ngaruh n gak genit ngemis2 mnta diundang. 212 kan dr awal emang gawean kelen. Syukur banyak tokoh dan ulama yg sadar. #Habis212Terbitlah02","1080966948496625665","","","in","","0","0","0","https://x.com/undefined/status/1080966948496625665","1062158800818364417",
"1080690457577811968","Thu Jan 03 23:19:34 +0000 2019","2","@laskar_minang @marierteman @prabowo @sandiuno Buu @KemenkesRI @NilaFMoeloek ...Prinsipnya Tidak Ada Seorangpun Ingin Sakit Rakyat bayar BPJS Kenapa dilarang menggunakan haknya utk berobat??... Apa Rakyat hrs jadi Mati Pelan-pelan??... #Tega Bapak ini Janji-Janjinya bilang Anggarannya Ada Tetapikan...hanya??... https://t.co/iPEZvk85NZ","1080966933292376064","https://pbs.twimg.com/ext_tw_video_thumb/1080966745437818882/pu/img/awqRzDS54cIMkNKF.jpg","demoCRAZY_id","in","","0","0","1","https://x.com/undefined/status/1080966933292376064","802202963733188608",
"1080950747171250176","Thu Jan 03 23:19:32 +0000 2019","0","@Pradana87D @prabowo @SBYudhoyono @andiarief_ @FaldoMaldini @saididu @DivHumas_Polri @sandiuno Emang lu sapa? Gue belah juga Lu.","1080966923595145216","","Pradana87D","in","","0","0","0","https://x.com/undefined/status/1080966923595145216","845519576850870272",
"1080383681171091456","Thu Jan 03 23:19:31 +0000 2019","0","@pangordang @FaGtng @sandiuno @prabowo Masyarakat sudah bisa menilai janganlah kalian bikin bodoh mereka dengan ocehan yg gak mutu dan pintar...#ngarepbolehtapijanganmaksa","1080966917374959616","","Panderaja13","in","","0","0","0","https://x.com/undefined/status/1080966917374959616","4784193134",
"1080966909372350465","Thu Jan 03 23:19:29 +0000 2019","0","Foto Jokowi-Ma'ruf Amin Yang Akan Dipakai Di Surat Suara https://t.co/3ZeZpaWIUX https://t.co/pPlZMwcuhg","1080966909372350465","https://pbs.twimg.com/media/DwBdrNEVYAEDp5-.jpg","","in","","0","0","0","https://x.com/undefined/status/1080966909372350465","346606845",
"1080725858350813184","Thu Jan 03 23:19:26 +0000 2019","0","@AndiArief__ Hahaha anda ini lawan politik semua tweet engkau adalah hujatan so kampret itu ahlinya memelintir dan menyerang salahsatu Capres bukan mengkritik atas kebijakan jelas tweet itu dimaksudkan menyebarkan HOAX harusnya disampaikan langsung ke @DivHumas_Polri @BareskrimPolri","1080966899595325440","","Andiarief__","in","","0","0","0","https://x.com/undefined/status/1080966899595325440","1026464498087907328",
"1080966886949498880","Thu Jan 03 23:19:23 +0000 2019","0","PSI dan pendukung jokowi sebaiknya Belajar dr demokrat ttg demokerasi @muannas_alaidid @GunRomli @AntoniRaja @Dennysiregar7","1080966886949498880","","","in","","0","0","0","https://x.com/undefined/status/1080966886949498880","979580653351051264",
"1080966885829570560","Thu Jan 03 23:19:23 +0000 2019","0","Pantas Sri Mulyani Jadi Menkeu Terbaik Rajin Ngutang Sih https://t.co/aUtlrOQAfI @jokowi @prabowo @SBYudhoyono @RamliRizal @mohmahfudmd @karniilyas @MataNajwa @Rosianna766Hi @rockygerung @Dahnilanzar","1080966885829570560","","","in","","0","0","0","https://x.com/undefined/status/1080966885829570560","620006235",
"1080966878808309760","Thu Jan 03 23:19:21 +0000 2019","0","Kab Trenggalek merupakan tujuan kunjungan Presiden Jokowi (4/1) yaitu daerah di pesisir selatan Provinsi Jawa Timur yg memiliki pesona alam yang memukau khususnya pantai. #SuaraJatimUntuk01 https://t.co/pBrGnDLFD1","1080966878808309760","https://pbs.twimg.com/media/DwBdpCtUUAEQxZ8.jpg","","in","","0","0","0","https://x.com/undefined/status/1080966878808309760","1071123099960004608",
"1080966854523244545","Thu Jan 03 23:19:16 +0000 2019","1","Koalisi jokowi semuanya bodoh bodoh makanya #JokowiTakutDebat #JokowiTakutDebat #JokowiTakutDebat #JokowiTakutDebat #JokowiTakutDebat #JokowiTakutDebat #JokowiTakutDebat #JokowiTakutDebat #JokowiTakutDebat #JokowiTakutDebat @PDI_Perjuangan @jokowi @psi_id","1080966854523244545","","","in","","0","0","0","https://x.com/undefined/status/1080966854523244545","1013039595464769536",
"1080725215624060930","Thu Jan 03 23:19:13 +0000 2019","1","@Dennysiregar7 @prabowo @jokowi Jadi....trs kita sebarkan kerja n prestasi Jokowi. Abaikan nyinyiran Sampah2 koalisi Comberan itu. Nanggapi ocehan mreka2 sambil bokèr aja.","1080966842150088704","","","in","","0","0","0","https://x.com/undefined/status/1080966842150088704","1027520155071344641",
"1080966833027436544","Thu Jan 03 23:19:11 +0000 2019","1","Sebagian program @Jokowi sdh terlaksana. Pertamina diatas Petronas hari ini sdh. Masyarakat Indonesia menjadi tuan rumah dinegerinya sendiri dengan memiliki saham Freeport 51% sudah juga. Blok Mahakam dan Blok Rokan juga sudah 100 persen. ucap Ibu Khofifah #SuaraJatimUntuk01","1080966833027436544","","","in","","0","0","0","https://x.com/undefined/status/1080966833027436544","1070884336507867137",
"1080476549004939264","Thu Jan 03 23:19:08 +0000 2019","0","@fadlizon Buat para netizen kalau ketemu si zonk lewat jalan tol boleh di lempar batu karena dia tidak berhak melewati jalan tol buatan Jokowi","1080966823137337344","","fadlizon","in","","0","0","0","https://x.com/undefined/status/1080966823137337344","1060085290142883840",
"1077391060555378689","Thu Jan 03 23:19:02 +0000 2019","1","@RajaPurwa Nyinyir sampai 2024 presidennya teteup Jokowi...... kesian","1080966795396169728","","RajaPurwa","in","","0","0","0","https://x.com/undefined/status/1080966795396169728","2783990048",
"1080841641928183808","Thu Jan 03 23:19:01 +0000 2019","0","@ganjarpranowo Capres koyo ngene neng kampungku blas orang payu..","1080966794678923264","","ganjarpranowo","in","","0","0","0","https://x.com/undefined/status/1080966794678923264","1054644782763364352",
"1080845061426884610","Thu Jan 03 23:18:57 +0000 2019","11","@Teh_telor78 @Rusydi_riau @AsFairus @MichelaniaAdam @harysantana @putrabanten80 @fariomeda @Maulana_Tigor @abiyyu231299 @UtuhWibowo @RelawanProSandi Siapa bilang ga ad amplopnya tiap kunjungan pasti banyak rakyat yg ngamplopin bang Sandi dan pak Prabowo utk berjuang dan itu mereka sawerkan scr ikhlas.","1080966778291810304","","Nirwana_Donets","in","","0","0","5","https://x.com/undefined/status/1080966778291810304","1576287416",
"1080374078341443586","Thu Jan 03 23:18:56 +0000 2019","1","@gung_sulist @wawangu95798544 @Gerindra @wn_didin @prabowo @Azzarenkagabril Pada paling tau pemikiran billgates Emang situ ponakan bilgates","1080966770427449345","","twitkuopiniku","in","","0","0","0","https://x.com/undefined/status/1080966770427449345","1077453422649954305",
"1080966767973871618","Thu Jan 03 23:18:55 +0000 2019","0","Salah satu bukti ekonomi desa meningkat dengan adanya pendirian Bumdes#JokowiMembangunDesa @jokowi @EkoSandjojo @anwsanusi @taufikmadjid71 @FahriLabado https://t.co/siYPA00SFN","1080966767973871618","https://pbs.twimg.com/media/DwBdiWpVsAAfK3p.jpg","","in","","0","0","0","https://x.com/undefined/status/1080966767973871618","1073373068091904001",
"1080792918691012608","Thu Jan 03 23:18:46 +0000 2019","0","@pakde2511 @DivHumas_Polri @PolriMultimedia Otak lo dmn ? Kalau ada orang ngomong itu didengarkan dan di analisis secara menyeluruh pesen 600 ya tapi kalau ijin produksi aja ga di acc karena tidak lolos uji emisi dll bagaimana bisa diproduksi?? Bisa kagak? Dulu pak jokowi bolak/balik jakarta ngurus ijin tp gagal","1080966729621106689","","pakde2511","in","","0","0","0","https://x.com/undefined/status/1080966729621106689","1038833010",
"1080966717659062274","Thu Jan 03 23:18:43 +0000 2019","0","Wah...khatam al quran katanya udah untuk pemilu......udah makin tidak waras Perebutan kekuasaan semakin menambah orang tidak waras...pantas aja kpu membolehkan orang gila nyoblos....","1080966717659062274","","","in","","0","0","0","https://x.com/undefined/status/1080966717659062274","46664248",
"1080966705243860992","Thu Jan 03 23:18:40 +0000 2019","0","@KPU_ID sudah sepantasnya visi misi disampaikan oleh capres dan cawapres karena mereka yg mengkesekusinya jika terpilih bukan timsesnya! Masak @KPU_ID dgn biaya mahal kalah sama pemilihan osis maupun bem. #HaramPilihPemimpinAntiIslam #17AprilPilihPrabowoSandi","1080966705243860992","","KPU_ID","in","","0","0","0","https://x.com/undefined/status/1080966705243860992","506017989",
"1080755550097272832","Thu Jan 03 23:18:35 +0000 2019","0","@ratunyirnyir @jokowi #SuaraJatimUntuk01","1080966682774929408","","arianarosaline","qme","","0","0","0","https://x.com/undefined/status/1080966682774929408","1071071389119959040",
"1080712556900057088","Thu Jan 03 23:18:27 +0000 2019","0","@ikur12_iwan @putrabanten80 @psi_id @jokowi aing bobotoh medan untuk caleg @psi_id sia ulah mamawa ngaran bobotoh euweuh kaera sia nying....","1080966652085264384","","ikur12_iwan","in","","0","0","0","https://x.com/undefined/status/1080966652085264384","1073129236313980928",
"1080826534187814914","Thu Jan 03 23:18:23 +0000 2019","0","@setkabgoid @jokowi Presiden tidak pernah ragu berbuat kebaikan sertifikasi tanah adalah program yg bisa membuat rakyat hatinya senang. Pembagian sertifikat adalah silaturohmi Presiden dengan warga sekali lagi rakyat hatinya senang. Dengan hati optimis trs maju pantang mundur mbangun Indonesia.","1080966634666262529","","setkabgoid","in","","0","0","0","https://x.com/undefined/status/1080966634666262529","984419122942324737",
"1080965541005684736","Thu Jan 03 23:18:22 +0000 2019","1","@MohammadShaleh4 @jokowi Yes.....allright brother","1080966630471954433","","MohammadShaleh4","en","","0","0","1","https://x.com/undefined/status/1080966630471954433","716136875178663936",
"1080943536474714112","Thu Jan 03 23:18:20 +0000 2019","0","@ridlwandjogja @prabowo Alfateka dah bener belom","1080966621017997312","","ridlwandjogja","in","","0","1","0","https://x.com/undefined/status/1080966621017997312","2412572689",
"1080966576201854976","Thu Jan 03 23:18:09 +0000 2019","0","Katakan ke @PDI_Perjuangan #JokowiTakutDebat #JokowiTakutDebat #JokowiTakutDebat #JokowiTakutDebat #JokowiTakutDebat #JokowiTakutDebat #JokowiTakutDebat #JokowiTakutDebat #JokowiTakutDebat #JokowiTakutDebat @jokowi @psi_id","1080966576201854976","","","in","","0","0","0","https://x.com/undefined/status/1080966576201854976","1013039595464769536",
"1080966535198457856","Thu Jan 03 23:18:00 +0000 2019","0","Bahasa Kampanye di Pemilu 2019 https://t.co/T8PpKXhaay https://t.co/zUPbs4inBh","1080966535198457856","https://pbs.twimg.com/media/DwBdVcRUcAA8wW6.jpg","","in","","0","0","0","https://x.com/undefined/status/1080966535198457856","1066779906086850563",
"1080966527334068224","Thu Jan 03 23:17:58 +0000 2019","0","Mantap Pak @jokowi","1080966527334068224","","","in","","0","0","0","https://x.com/undefined/status/1080966527334068224","173350044",
"1080326412538601472","Thu Jan 03 23:17:58 +0000 2019","0","@ChairRamadhan @AkunTofa AA Gym sampe 2x mengulang salamnya namun tetap tdk dijawab oleh capres ijtima malah nanyanin kudaaa https://t.co/IJFZFbka2g","1080966526730002433","https://pbs.twimg.com/ext_tw_video_thumb/1080729821347377158/pu/img/YrahYXRqwYPBYjid.jpg","ChairRamadhan","in","","0","0","0","https://x.com/undefined/status/1080966526730002433","720082932744847360",
"1080966498972139520","Thu Jan 03 23:17:51 +0000 2019","0","Pak @sandiuno kalau blm bsa berwudhu dbaca yah Selamat Pagi..! @prabowo @sandiuno @jokowi #PrabowoAlKadzab #PrabowoCapresHoax https://t.co/z6FYymr7uj","1080966498972139520","","","in","","0","0","0","https://x.com/undefined/status/1080966498972139520","1074789901902610432",
"1080966480039157762","Thu Jan 03 23:17:46 +0000 2019","0","Saya menambahkan video ke playlist @YouTube https://t.co/wioCDCTnxz VIRAL TERBONGKAR!!! YANA UMAR BANTAH VIKING DUKUNG JOKOWI MA'RUF","1080966480039157762","","","in","","0","0","0","https://x.com/undefined/status/1080966480039157762","845338813740138496",
"1080966475223990272","Thu Jan 03 23:17:45 +0000 2019","0","orang kalau nyinyir ya isinya slu memojok kan pemerintahan pak jokowi sekarang aku beri julukan yang membuat status ini adalah manusia kerdil...","1080966475223990272","","","in","","0","0","0","https://x.com/undefined/status/1080966475223990272","1078589900939612160",
"1080966442885963777","Thu Jan 03 23:17:38 +0000 2019","0","#SelamatPagiJogja | KOMPAS :Hoaks Merusak Kualitas Pemilu","1080966442885963777","","","in","","0","0","0","https://x.com/undefined/status/1080966442885963777","189059637",
"1080966440570650624","Thu Jan 03 23:17:37 +0000 2019","0","JAKARTA (The Jakarta Post/ANN) - Indonesia should be holding its hand up to give help not holding it out to ask for it says President Joko Jokowi Widodo. To me He is a great President","1080966440570650624","","","en","","0","0","0","https://x.com/undefined/status/1080966440570650624","1008511434735538176",
"1080659308138786821","Thu Jan 03 23:17:34 +0000 2019","0","@AndiArief__ Ampe debat ma orang gara2 dia share kl emang ada 7 container yg dicoblos Ampe ngatain aku cebong tu padahal cuma ngasih info yg sebenernya Emang gini ya kl udh fanatik hoax aja dipeecaya dan untungnya aku gak fanatik ma capres siapaun https://t.co/Z5haVdApL8","1080966428008710144","https://pbs.twimg.com/media/DwBdN8AVYAEtbNh.jpg","Andiarief__","in","","0","1","0","https://x.com/undefined/status/1080966428008710144","181063112",
"1080966426247090176","Thu Jan 03 23:17:34 +0000 2019","0","Semoga pelakunya segera ditangkap. Kita ingin indonesia aman. Pemilu aman... Sukanya kok buat isu trs. Pak @jokowi yang sabar..","1080966426247090176","","","in","","0","1","0","https://x.com/undefined/status/1080966426247090176","959991582286999552",
"1080966394563293184","Thu Jan 03 23:17:26 +0000 2019","0","Klw bukan Presiden yg bekerja buat Rakyat Siapa lagi Klw bukan Jokowi gak bakalan ada Seandainya sobat mau melihat lagi pembangunan yg berkelanjutan mari kita dukung jokowi lagi #Jokowi2Periode #JokowiMarufAmin2019","1080966394563293184","","","in","","0","0","0","https://x.com/undefined/status/1080966394563293184","1027415321290756096",
"1080966389081337856","Thu Jan 03 23:17:25 +0000 2019","0","Klw bukan Presiden yg bekerja buat Rakyat Siapa lagi Klw bukan Jokowi gak bakalan ada Seandainya sobat mau melihat lagi pembangunan yg berkelanjutan mari kita dukung jokowi lagi #Jokowi2Periode #JokowiMarufAmin2019","1080966389081337856","","","in","","0","0","0","https://x.com/undefined/status/1080966389081337856","1027073112313982977",
"1080966387688853504","Thu Jan 03 23:17:24 +0000 2019","0"," Dukungan Jokowi Ma;ruf Amin terus mengalir masyarakat menyambut dgn rasa optimis Jokowi dua priode Masyarakat Pedagang Pasar pringan deklarasi dukung Jokowi Ayoo semangat sobat #Jokowi2Periode #JokowiMaruf2019","1080966387688853504","","","in","","0","0","0","https://x.com/undefined/status/1080966387688853504","1027424202041655296",
"1080966386845794304","Thu Jan 03 23:17:24 +0000 2019","0","Dukungan Jokowi Ma;ruf Amin terus mengalir masyarakat menyambut dgn rasa optimis Jokowi dua priode Masyarakat Pedagang Pasar pringan deklarasi dukung Jokowi Ayoo semangat sobat #Jokowi2Periode #JokowiMaruf2019","1080966386845794304","","","in","","0","0","0","https://x.com/undefined/status/1080966386845794304","1027062099577458688",
"1080804638394277890","Thu Jan 03 23:17:07 +0000 2019","2","@TetapAhokDjarot Jokowi presiden Ahok ketua KPK Antasari jaksa agung Abraham samad menkumham Mantap itu indonesia Menkeu masih ibu sri mulyani","1080966315668455424","","NKRI__1","in","","0","0","0","https://x.com/undefined/status/1080966315668455424","1048490181932675074",
"1080686532049043456","Thu Jan 03 23:16:55 +0000 2019","4","@Prie_GS Kalau sekarang siapapun yg unggul g masalah tapi 17 april 2019 presiden tetap prabowo-sandi.","1080966265043218432","","Prie_GS","in","","0","0","0","https://x.com/undefined/status/1080966265043218432","1055172759158894592",
"1080856222926950400","Thu Jan 03 23:16:55 +0000 2019","0","@RajaPurwa Hidup Jokowi","1080966263264792576","","RajaPurwa","in","","0","0","0","https://x.com/undefined/status/1080966263264792576","939710518775857152",
"1080825989737926657","Thu Jan 03 23:16:48 +0000 2019","1","@Herrreza @habibthink Hahhaahah... tapi dia punya gelar yg orang lain gak ada... CAPRES ABADI SEUMUR HIDUP.. naseebbb nasebbbb wkwkwkw...","1080966233745285121","","hulaihi","in","","0","0","0","https://x.com/undefined/status/1080966233745285121","1071307533564895232",
"1080966231258128384","Thu Jan 03 23:16:47 +0000 2019","0","Prestasi Prabowo apa? Laaaah.... Kemarin Asian Games yang nyumbang emas terbanyak cabor apa? Pencak Silat!!! Siapa Ketua IPSI? PRABOWO!! Beliau All Out membesarkan pencak silat hingga berprestasi internasional membanggakan Indonesia. #CeritaPrabowo","1080966231258128384","","","in","","0","0","0","https://x.com/undefined/status/1080966231258128384","579089730",
"1080966226870857728","Thu Jan 03 23:16:46 +0000 2019","0","Rame rame bilang #JokowiTakutDebat #JokowiTakutDebat #JokowiTakutDebat #JokowiTakutDebat #JokowiTakutDebat #JokowiTakutDebat #JokowiTakutDebat #JokowiTakutDebat #JokowiTakutDebat #JokowiTakutDebat @PDI_Perjuangan @jokowi @psi_id","1080966226870857728","","","en","","0","0","0","https://x.com/undefined/status/1080966226870857728","1013039595464769536",
"1080850191731707904","Thu Jan 03 23:16:40 +0000 2019","0","@Gerindra Prabowo tokoh seorang jenderal yg gagah cerdas strong leader yg berhati mulia semoga dg ijin n pertolongan Allah SWT menang pilpres tahun ini Aamiin Ya Robbal 'Aalamiin","1080966203630206976","","Gerindra","in","","0","0","0","https://x.com/undefined/status/1080966203630206976","960117726575382528",
"1080837475667390464","Thu Jan 03 23:16:40 +0000 2019","0","@zarazettirazr Kedua Orang Ini Adalah Tipe Orang Yang Tidak Punya Rasa Terima Kasih Kepada Pak @prabowo .... #2019PrabowoSandiMenang","1080966200555786240","","","in","","0","0","0","https://x.com/undefined/status/1080966200555786240","252625269",
"1080876901944635395","Thu Jan 03 23:16:38 +0000 2019","8","@nasrul_mc @SwastiaG @ustadtengkuzul Kasian amat c hatimu emang 2014 kemarin lo.milih siapa dan yg berjanji di depan lo.itu siapa ? Klo 2014 ga milih Jokowi kaga pantaslah nagi2 janji lagian punya mata ga buka lebar2 terhadap perkembangan bangsa ini turun makanya jgn gantung aja","1080966193165418497","","","in","","0","2","0","https://x.com/undefined/status/1080966193165418497","189395687",
"1080966191999602690","Thu Jan 03 23:16:38 +0000 2019","0","90 percent of #tsunami survivors in Indonesia s #Lampung want to be resettled Pan Pacific Agency: SOUTH LAMPUNG Jan 3 2019 ANTARA News. President Joko Widodo (Jokowi) said that nearly 90 percent:https://t.co/koeSSTKQfG","1080966191999602690","","","en","","0","0","0","https://x.com/undefined/status/1080966191999602690","1073342248601960448",
"1080966177881505792","Thu Jan 03 23:16:34 +0000 2019","0","Bawaslu Boyolali Proses Tiga Dugaan Pelanggaran Pemilu 2019. Mereka Oknum Perangkat Desa ASN dan Seorang Caleg https://t.co/fKSFgzVnTw https://t.co/eNTGtLYncT","1080966177881505792","https://pbs.twimg.com/media/DwBdApIUYAIq9y7.jpg","","in","","0","0","0","https://x.com/undefined/status/1080966177881505792","883447749487632384",
"1080950747171250176","Thu Jan 03 23:16:23 +0000 2019","0","@Pradana87D @prabowo @SBYudhoyono @andiarief_ @FaldoMaldini @saididu @DivHumas_Polri @sandiuno Karena???menantang pak jokowi??","1080966130859073536","","Pradana87D","in","","0","0","0","https://x.com/undefined/status/1080966130859073536","149046227",
"1080721416423493632","Thu Jan 03 23:16:19 +0000 2019","0","@wahhabicc_jabar @P3nj3l4j4h AA Gym sampe 2x mengulang salamnya namun tetap tdk dijawab oleh capres ijtima malah nanyanin kudaaa https://t.co/IJFZFbka2g","1080966115377917953","https://pbs.twimg.com/ext_tw_video_thumb/1080729821347377158/pu/img/YrahYXRqwYPBYjid.jpg","wahhabicc_jabar","in","","0","0","0","https://x.com/undefined/status/1080966115377917953","720082932744847360",
"1080836173403045888","Thu Jan 03 23:16:18 +0000 2019","0","@zarazettirazr @BangPino_ @prabowo Bang sandi mirip dahlan iskan di foto itu... ya ga","1080966108981518340","","","in","","0","0","0","https://x.com/undefined/status/1080966108981518340","90326146",
"1080690355073298432","Thu Jan 03 23:16:16 +0000 2019","0","@ustadtengkuzul Prestasi oposisi cuma 1 tebar hoax. Ini disengaja kah utk mengalihkan isu prabowo ga bs ngaji?","1080966099103936512","","ustadtengkuzul","in","","0","0","0","https://x.com/undefined/status/1080966099103936512","961207892811530242",
"1079179098490953728","Thu Jan 03 23:16:13 +0000 2019","0","@jokoedy6 @IreneViena Prestasi?? Jendral yg dipecat iya... dan Salah satu Anggota DKP yg tanda tangan surat pemecatan Prabowo adalah SBY.","1080966088181989377","","jokoedy6","in","","0","0","0","https://x.com/undefined/status/1080966088181989377","802751370587537408",
"1080966085283766272","Thu Jan 03 23:16:12 +0000 2019","0","@aniesbaswedan @jokowi @mohmahfudmd @pramonoanung @budimandjatmiko @prabowo byk mulut bicara ttg myanmar dgn permasalahan etnis..tp msh rana politis krn disana muslim...di Indonesia sj byk msh etnis tp mulut2 sok mendunia anteng2 sj..krn yg minoritas tau diri&amp;tdk mau maksa","1080966085283766272","","aniesbaswedan","in","","0","0","0","https://x.com/undefined/status/1080966085283766272","855998465146462209",
"1080791433705996288","Thu Jan 03 23:16:02 +0000 2019","2","@AnnaSuezann @KPU_ID Klo gitu gak usah adakan debat capres cawapres Debat timses saja Dulu dia sebut sendiri saja visi misinya banyak yg belum terlaksana Apalagi klo bukan","1080966043789455360","","AnnaSuezann","in","","0","0","0","https://x.com/undefined/status/1080966043789455360","805723967700897794",
"1080324420147732480","Thu Jan 03 23:15:59 +0000 2019","0","@Ferdinand_Haean Ya iyalah Jokowi 2periode.","1080966028841037824","","Ferdinand_Haean","in","","0","0","0","https://x.com/undefined/status/1080966028841037824","1075554018552733697",
"1080966013154254849","Thu Jan 03 23:15:55 +0000 2019","0"," Pak Erick mengatakan jadi lawyer Pak Jokowi dan Kiai Ma'ruf ini probono alias gratis tanpa bayaran apa-apa. Saya bilang saya setuju saja kata Yusril. #2019JokowiKyaiMaruf #JokowiKHMarufUnggulanKita #DerinDiPRO2FM #InterBarça https://t.co/sLCUrkwtIU #2019JokowiKyaiMaruf","1080966013154254849","","","in","","0","0","0","https://x.com/undefined/status/1080966013154254849","1033733483179331584",
"1080569585831571456","Thu Jan 03 23:15:55 +0000 2019","2","@retnosetyowat @bagnatara1 @AndiArief__ @fadlizon @Ferdinand_Haean @Fahrihamzah @DivHumas_Polri @BareskrimPolri @CCICPolri @KPU_ID Ah entar kek poster jokowi pasang sendiri teriak sendiri nuduh orang begitu ketauan kerjaan sendiri kicep tuh yg ngomong kagak ditangkap bong ? Kan udah sebar hoax","1080966012814516224","","retno_setyowat","in","","0","1","1","https://x.com/undefined/status/1080966012814516224","4844861000",
"1080950747171250176","Thu Jan 03 23:15:52 +0000 2019","0","@Pradana87D @prabowo @SBYudhoyono @andiarief_ @FaldoMaldini @saididu @DivHumas_Polri @sandiuno Termasuk kepada jokowi dan megawati kan..??","1080966000365821952","","Pradana87D","in","","0","0","0","https://x.com/undefined/status/1080966000365821952","509141541",
"1080965541005684736","Thu Jan 03 23:15:49 +0000 2019","3","@setiabudi_sabar Siap Bang Yg pasti 01 @jokowi lagi https://t.co/41ztUS0qBs","1080965987422240768","https://pbs.twimg.com/media/DwBc1f_UUAAYxZ9.jpg","setiabudi_sabar","in","","0","1","1","https://x.com/undefined/status/1080965987422240768","992355936105775104",
"1080965976051482624","Thu Jan 03 23:15:46 +0000 2019","44","Bukan hoax !!! Jam 9 sampe jam 11 ini ada Advokat Ganteng penyambung lidah Prabowo keliling kelurahan Kramatjati. Menjemput takdir kemenangan PrabowoSandi. Yg dekat merapat yg jauh mendekat","1080965976051482624","","","in","","1","4","4","https://x.com/undefined/status/1080965976051482624","70412517",
"1080817003747655680","Thu Jan 03 23:15:40 +0000 2019","2","@ronavioleta @noorholish @KPU_ID @jokowi @MarufAminNU @prabowo @sandiuno @erickthohir @KPU_ID itu bekerja untuk negara atau penguasakah? Layak dipertanyakan integritasnya ","1080965950403272704","","ronavioleta","in","","0","0","0","https://x.com/undefined/status/1080965950403272704","98365581",
"1080965942455271425","Thu Jan 03 23:15:38 +0000 2019","0","Saya suka video @YouTube https://t.co/0pTZEeMz9s Tembus Hujan Tinjau Saluran Irigasi di Blitar Jokowi Diteriaki Warga","1080965942455271425","","","in","","0","0","0","https://x.com/undefined/status/1080965942455271425","576287136",
"1080965912272859136","Thu Jan 03 23:15:31 +0000 2019","0","viralkan #JokowiTakutDebat #JokowiTakutDebat #JokowiTakutDebat #JokowiTakutDebat #JokowiTakutDebat #JokowiTakutDebat #JokowiTakutDebat #JokowiTakutDebat #JokowiTakutDebat #JokowiTakutDebat @PDI_Perjuangan @jokowi @psi_id","1080965912272859136","","","in","","0","0","0","https://x.com/undefined/status/1080965912272859136","1013039595464769536",
"1080690850575699968","Thu Jan 03 23:15:31 +0000 2019","0","@Dimassayekti4 @sarjanaexsprojo @jokowi Bener bamget mas otaknya gak disekolahin sampe di mana sih sekolahmya kaya pemikiran bukan anak sekolah ha ha ha","1080965910964256768","","Dimassayekti0","in","","0","0","0","https://x.com/undefined/status/1080965910964256768","229097561",
"1080872075709960192","Thu Jan 03 23:15:30 +0000 2019","0","@heriyantods @prabowo Ojo lali siapkan nomornya.. telepon tanpa nomor yo bisu.. ","1080965907671732224","","heriyantods","in","","0","1","0","https://x.com/undefined/status/1080965907671732224","1010425492929835008",
"1080965903053811712","Thu Jan 03 23:15:29 +0000 2019","0","(Liputan 6 | Jokowi: Hindari Hoaks dan Fitnah Menjelang Pemilu 2019) https://t.co/iQkXCeK8yP #pemilu #pemilu2019","1080965903053811712","","","in","","0","0","0","https://x.com/undefined/status/1080965903053811712","968428811107819521",
"1080953503994961920","Thu Jan 03 23:15:20 +0000 2019","0","@atwinarizki Halh aku padahal kalo mudik selalu naik grab karena mager pake motor sendiri ah gimana ya malah kemundurann ga ada kemajuan. Kapan sih pemilu? Mo nyoblos orang laen aku. ","1080965866915737601","","atwinarizki","in","","0","1","0","https://x.com/undefined/status/1080965866915737601","232406273",
"1080283292866232320","Thu Jan 03 23:15:19 +0000 2019","1","@Damanhury26 @jokowi @ganjarpranowo @BKNgoid @bkdjatengprov @kempanrb Saya ikut menangis pada saat membacanya. Saya termasuk orang yang sakit hati di tes cpns ini. semoga rasa sakit hati di tes cpns tahun ini tergantikan dengan yang lebih baik lagi.","1080965863497293827","","","in","","0","0","0","https://x.com/undefined/status/1080965863497293827","114128465",
"1080965854051876864","Thu Jan 03 23:15:17 +0000 2019","0","VIRAL TERBONGKAR!!! YANA UMAR BANTAH VIKING DUKUNG JOKOWI MA'RUF AMIN https://t.co/wioCDCTnxz","1080965854051876864","","","in","","0","0","0","https://x.com/undefined/status/1080965854051876864","845338813740138496",
"1080943536474714112","Thu Jan 03 23:15:17 +0000 2019","0","@Rachmalove12 @wawan_qthink @FaldoMaldini @ridlwandjogja @prabowo Banyak baca n ntn makannya","1080965852411748353","","Rachmalove12","in","","0","1","0","https://x.com/undefined/status/1080965852411748353","55819926",
"1080965821579448321","Thu Jan 03 23:15:09 +0000 2019","0","Semua ini yang di lakukan beliau karena Khofifah menilai program @Jokowi lebih pro rakyat #SuaraJatimUntuk01","1080965821579448321","","","in","","0","0","0","https://x.com/undefined/status/1080965821579448321","1070884336507867137",
"1080965814205931520","Thu Jan 03 23:15:08 +0000 2019","0","Kualitas receh @Dahnilanzar @ustadtengkuzul @prabowo @sandiuno #KoalisiPrabohong","1080965814205931520","","","in","","0","0","0","https://x.com/undefined/status/1080965814205931520","1005863450340306944",
"1080965809155932160","Thu Jan 03 23:15:06 +0000 2019","0","Rejim apa ini @jokowi ?????","1080965809155932160","","","in","","0","0","0","https://x.com/undefined/status/1080965809155932160","3887074092",
"1080457993257283584","Thu Jan 03 23:15:05 +0000 2019","0","@HeryR99 @shinebelight @AkunTofa Berapalah nilai 5juta. Tapi seumur dan turun temurun sudah dinikmati bangsa Indonesia hasil kinerja Hebat JOKOWI. Suharto berpesan INDONESIA AKAN KAYA RAYA JIKA PEMBANGUNAN INFRASTRUKTUR DIBANGUN. PESAN ITU TERLAKSANA ERA JOKOWI","1080965804630265857","","HeryR99","in","","0","1","0","https://x.com/undefined/status/1080965804630265857","1047710445509914624",
"1080956778030874624","Thu Jan 03 23:14:58 +0000 2019","1","@emerson_yuntho @prabowo @sandiuno https://t.co/Cf1f2F597v","1080965775706345472","https://pbs.twimg.com/ext_tw_video_thumb/1080964989446311936/pu/img/qkWa5o11D7p8IVA7.jpg","emerson_yuntho","qme","","0","0","0","https://x.com/undefined/status/1080965775706345472","720172301279305728",
"1080730606051385345","Thu Jan 03 23:14:56 +0000 2019","1","@bonihargens Sebagai relawan jokowi yg bagus dan bermutu segera sajikan data yg benar benar valid bang boni biar rakyat tau mana yg bohong sy rasa harusnya DATA VS DATA bukan DATA VS URAT SYARAF biar berimbang rakyat sudah smart...","1080965763874209793","","bonihargens","in","","0","0","0","https://x.com/undefined/status/1080965763874209793","79479864",
"1080965761948999680","Thu Jan 03 23:14:55 +0000 2019","0","Yuk viralkan #JokowiTakutDebat #JokowiTakutDebat #JokowiTakutDebat #JokowiTakutDebat #JokowiTakutDebat #JokowiTakutDebat #JokowiTakutDebat #JokowiTakutDebat #JokowiTakutDebat #JokowiTakutDebat @PDI_Perjuangan @jokowi @psi_id","1080965761948999680","","","in","","0","0","0","https://x.com/undefined/status/1080965761948999680","1013039595464769536",
"1080965754374184960","Thu Jan 03 23:14:53 +0000 2019","0","Dana desa sangat membantu perekonomian desa#JokowiMembangunDesa @jokowi @EkoSandjojo @anwsanusi @taufikmadjid71 @fachrilabalado https://t.co/MZps0wOoS5","1080965754374184960","https://pbs.twimg.com/media/DwBcnZyUcAAxX1H.jpg","","in","","0","0","0","https://x.com/undefined/status/1080965754374184960","1073373068091904001",
"1080965738913918977","Thu Jan 03 23:14:50 +0000 2019","0","Ada yg tahu..?? Kok kubu @jokowi heboh diajak tanding baca Quran bahkan juga menolak Tapi kok tak heboh ada peredaran buku PKI?? Mana banser..?? Ku.. Kutuk kau jadi tai..","1080965738913918977","","","in","","0","0","0","https://x.com/undefined/status/1080965738913918977","1871520457",
