"conversation_id_str","created_at","favorite_count","full_text","id_str","image_url","in_reply_to_screen_name","lang","location","quote_count","reply_count","retweet_count","tweet_url","user_id_str","username"
"1085325751459622912","Tue Jan 15 23:59:58 +0000 2019","0","Jokowi Diskusi dengan BJ Habibie Soal Pengembangan SDM Melalui Video Call https://t.co/d18HVLy1tS lewat @bicnews2013","1085325751459622912","","","in","","0","0","0","https://x.com/undefined/status/1085325751459622912","1058379121670021120",
"1085325740495691776","Tue Jan 15 23:59:55 +0000 2019","0","@jokowi","1085325740495691776","","jokowi","qam","","0","0","0","https://x.com/undefined/status/1085325740495691776","541474121",
"1085325708996501505","Tue Jan 15 23:59:48 +0000 2019","0","Bung Karno itu bukan sekedar orator. Tapi memiliki visi besar dengan kepintaran dan kecerdasan. Tapi pidato Prabowo lebih pada Retorika yang miskin gagasan revolusioner. Diksinya lemah bicara mikro yang kasuistik.","1085325708996501505","","","in","","0","0","0","https://x.com/undefined/status/1085325708996501505","992647215330934786",
"1085325699345408001","Tue Jan 15 23:59:45 +0000 2019","0","Keberhasilan NOL BESAR dr @jokowi. 1. Membubarkan ORMAS 2. Aparatnya Represif ke Ulama dan Oposisi. 3. Tidak ada tindakan buat pendukungnya yg melakukan pelanggaran. Spt Viktor Laiskodat ade armando abu janda dll yg sejenis. @ReflyHZ","1085325699345408001","","","in","","0","0","0","https://x.com/undefined/status/1085325699345408001","2950033490",
"1085325678545756160","Tue Jan 15 23:59:40 +0000 2019","0","Pengamat Ekonomi Benarkan Prabowo BUMN Bangkrut karena Dikejar Target Politik https://t.co/wgFyugwoFx","1085325678545756160","","","in","","0","0","0","https://x.com/undefined/status/1085325678545756160","2229518125",
"1085201387489619968","Tue Jan 15 23:59:28 +0000 2019","0","@faizalassegaf @jokowi @prabowo Polling posisi terbalik Yg 1 kebawah Yg 2 ke atas","1085325625781440513","","faizalassegaf","in","","0","0","0","https://x.com/undefined/status/1085325625781440513","386977488",
"1085201387489619968","Tue Jan 15 23:59:23 +0000 2019","0","@faizalassegaf @jokowi @prabowo Hahaha","1085325605955002368","","faizalassegaf","tl","","0","0","0","https://x.com/undefined/status/1085325605955002368","103189905",
"1085204067050110976","Tue Jan 15 23:59:19 +0000 2019","0","@riska_meliaaG @narkosun @jokowi @prabowo Nih sudah confirm 90% pidato is HOAX...!!! Di saat INTERNET tersebar akses data dan info semakin mudah bikin HOAX hanyalah pekerjaan sia sia menjadi BLUNDER bagi pembuatnya...!!! Koalisi HOAX...!!! https://t.co/maY6iBAisP","1085325590364712960","https://pbs.twimg.com/media/Dw_Z3Y6VsAEz41P.jpg","","in","","0","0","0","https://x.com/undefined/status/1085325590364712960","416799918",
"1085201387489619968","Tue Jan 15 23:59:12 +0000 2019","0","@faizalassegaf @jokowi @prabowo Mati lu.... ","1085325557942837248","","faizalassegaf","in","","0","0","0","https://x.com/undefined/status/1085325557942837248","969376167697330176",
"1085247857790255106","Tue Jan 15 23:59:08 +0000 2019","0","@detikcom @prabowo @sandiuno @jokowi @20detik Betul-betul sudah berhasil revolusi moralnya si mbah. Bahkan sudah setingkat dg malaikat karena sudah tau apa yg akan terjadi. Tapi sayangnya ngga tau apa yg akan terjadi pada diri sendiri jadi orang apa malah jadi gelandang","1085325543728238592","","detikcom","in","","0","0","0","https://x.com/undefined/status/1085325543728238592","4031872693",
"1085325530394591234","Tue Jan 15 23:59:05 +0000 2019","0","Mungkin yang di maksud yang mulia bapak @prabowo adalah tukang parkir di kelapa gading (parkiran ambon) semalem klo gua ngitung bisa 20jt #tahunpolitik #kampanye","1085325530394591234","","","in","","0","0","0","https://x.com/undefined/status/1085325530394591234","962343072230068224",
"1085325508345122816","Tue Jan 15 23:59:00 +0000 2019","0","#JokowiMembangunDesa pembangunan PAUD Desa Sumberwaru Kec Wringinanom #danadesa #tppikabgresik #TPPIJawaTimur @jokowi @EkoSandjojo @anwsanusi @taufikmadjid71 @fachrilabalado @kpw4jatim @DewantoAndry @GosBrodhen_73 Wabup Gresik @MohQosimNU https://t.co/nkqQYWxtKw","1085325508345122816","https://pbs.twimg.com/media/Dw_ZxS6UwAAJ9sQ.jpg","","in","","0","0","0","https://x.com/undefined/status/1085325508345122816","435037617",
"1085325486337667073","Tue Jan 15 23:58:54 +0000 2019","0","Sy memilih @prabowo karena memang beliyo junjunganque!","1085325486337667073","","","in","","0","0","0","https://x.com/undefined/status/1085325486337667073","86645525",
"1085325463571058688","Tue Jan 15 23:58:49 +0000 2019","0","Debat Pertama Capres Ma ruf akan Head to Head dengan Sandi https://t.co/yqz18bjbHR #politik","1085325463571058688","","","in","","0","0","0","https://x.com/undefined/status/1085325463571058688","452697726",
"1085325422915715072","Tue Jan 15 23:58:39 +0000 2019","0","Saling Sindir Jokowi vs Prabowo Jelang Debat Capres https://t.co/rOBAVWbAPv","1085325422915715072","","","in","","0","0","0","https://x.com/undefined/status/1085325422915715072","846715204637376513",
"1085325397183553536","Tue Jan 15 23:58:33 +0000 2019","0","Dia tidak menceritakan visi misi ke depan. Dia menceritakan sesuatu yang sudah dilakukan. Ditekankankannya apa yang disampaikan oleh Jokowi lebih mirip dengan iklan infrastruktur di bioskop yang dulu sempat dipermasalahkan. https://t.co/0oTVt2wiwV","1085325397183553536","","","in","","0","0","0","https://x.com/undefined/status/1085325397183553536","250157270",
"1085325371858477056","Tue Jan 15 23:58:27 +0000 2019","0","RT cakimiNOW AyatMamas bambangelf jokowi Mana sih makanan Lihat tuh meja.. serius amat ","1085325371858477056","","","in","","0","0","0","https://x.com/undefined/status/1085325371858477056","253472785",
"1085323641372340224","Tue Jan 15 23:58:24 +0000 2019","0","@maspiyuuu Berjuang agar prabowo sandi MENANG AGAR KASUS2 HAM TERUNGKAP SEMUA ... AGAR TERCIPTA ADIL MAKMUR UNTUK SEMUA... KEMENANGAN PRABOWO SANDI ADALAH KEMENANGAN RAKYAT !!!","1085325356935012352","","mas_piyuuu","in","","0","0","0","https://x.com/undefined/status/1085325356935012352","845821235657289728",
"1085325348739284992","Tue Jan 15 23:58:22 +0000 2019","0","BPN Prabowo Sandi : Jika Terpilih Indonesia Komitmen Bela Uighur https://t.co/iXbkLHYvlj","1085325348739284992","","","in","","0","0","0","https://x.com/undefined/status/1085325348739284992","2148389935",
"1085325345413185536","Tue Jan 15 23:58:21 +0000 2019","0","Masih pagi tapi berita penuh dg kecurangan pemilu bosen ngrungokke apa mung sdh siap dg kerusuhan pasca pemilu ?. Dipercepat ae po'o pemilune sdh bosen denger orang2 saling hujat","1085325345413185536","","","in","","0","0","0","https://x.com/undefined/status/1085325345413185536","1330877972",
"1084997158653157378","Tue Jan 15 23:57:58 +0000 2019","0","@sigitsandoval87 @panca66 @prabowo Hussss...","1085325250680709120","","","und","","0","0","0","https://x.com/undefined/status/1085325250680709120","195191106",
"1085325249359446016","Tue Jan 15 23:57:58 +0000 2019","0","Macan Asia datang 17 April @prabowo menang 077 Follow berjamaah #2019GantiPresiden Caranya 1⃣Follow @MSApunya 2⃣RT 3⃣Tulis TAGAR #2019GantiPresiden dikolom komentar (KOMENT-FOLBACK) 4⃣Sesama yg komentr lalu #salingfollow 5⃣Cek berkala siapa² yg komentar ditutup 16-1-19 pk22 https://t.co/64XCXCdTq3","1085325249359446016","https://pbs.twimg.com/ext_tw_video_thumb/1085325006576312320/pu/img/rlvaxt0NRIRSFizG.jpg","","in","","0","0","0","https://x.com/undefined/status/1085325249359446016","3263218255",
"1085325200340717568","Tue Jan 15 23:57:46 +0000 2019","0","PSI Yakin Jokowi-Ma ruf Unggul saat Debat Pilpres https://t.co/A68PwSznoc","1085325200340717568","","","in","","0","0","0","https://x.com/undefined/status/1085325200340717568","846715204637376513",
"1085325181109719041","Tue Jan 15 23:57:42 +0000 2019","0","@billshortenmp @ScottMorrisonMP @dfat @SadeBimantara @jokowi @UN_HRC @courtofjustice ITS TIME FOR THE INTERNATIONAL COURT OF JUSTICE TO DECIDE WHETHER THE INDONESIAN COLONY OF WEST PAPUA HAS A RIGHT TO INDEPENDENCE FROM COLONIAL MASTERS https://t.co/iwdYlVDpZI","1085325181109719041","https://pbs.twimg.com/media/Dw_ZcS2U0AAOra8.jpg","billshortenvcuc","en","","0","0","0","https://x.com/undefined/status/1085325181109719041","72478719",
"1085325164244480000","Tue Jan 15 23:57:38 +0000 2019","0","Kami bangga punya Bapak Jokowi #01Metalcirebonraya #01indramayu #01majalengka #01subangmetal #01kuningan #KosongSatuMetal #01PanturaMetal https://t.co/cGgX07SXAX","1085325164244480000","https://pbs.twimg.com/media/Dw_ZeZxVsAAN_KQ.jpg","","in","","0","0","0","https://x.com/undefined/status/1085325164244480000","1082253185249468418",
"1084103806298640385","Tue Jan 15 23:57:30 +0000 2019","0","@Angelyca_Nayoan @212ThePowerOff1 @BasukiAyu @putraj919 @Ngebet_Kaya @Chebby_c_coplax @abiyyu231299 @bangagoeng96 @EDitektif @HotPepperminTea @R373NTT @Dody_Lukas___ @KBedug @harysantana @SakaratulMaut__ @HajrahDouboegis @adilmer4 @omibb @Anggraini_4yu @NOLTEN7 @riani_212 @Gawat21739239 @NeoWisanggeni @Vife991 @Santri_Mujahid @Riast10 @prabowo @sandiuno @angga_listio @SilentH0512 @King54fir @Vinny_Cj @PEPESOfficial @PEPESOfficiaI @faizalassegaf @ruhutsitompul Janji untuk menarik perhatian Sifat2 benalu #RakyatKorbanJanji2014","1085325133672198144","","Angelyca_Nayoan","in","","0","0","0","https://x.com/undefined/status/1085325133672198144","430418078",
"1085325120795594754","Tue Jan 15 23:57:27 +0000 2019","0"," @prabowo budaya nyontek.termasuk VISI MISI @jokowi ?bidoh tp ngoceh cerdas!terpelajar klrg terhormat.ckck.kasian rakyat dibodohi!","1085325120795594754","","","in","","0","0","0","https://x.com/undefined/status/1085325120795594754","708892264223735808",
"1085016526174842880","Tue Jan 15 23:57:22 +0000 2019","0","@AliTm8 @MuhamadLuckyNP @yudeedee @prabowo @dr_tompi Halal. Thayyib. Berkah.","1085325099006185472","","AliTm8","in","","0","0","0","https://x.com/undefined/status/1085325099006185472","1052703629528854530",
"1085325093968871425","Tue Jan 15 23:57:21 +0000 2019","0","Prediksi Saya Periode ke2 Pak @jokowi menteri BUMN-nya adalah Pak @basuki_btp . SEMOGA Amin.","1085325093968871425","","","in","","0","0","0","https://x.com/undefined/status/1085325093968871425","186368878",
"1085325063543373824","Tue Jan 15 23:57:14 +0000 2019","0","#HaramPilihPemimpinAntiIslam betul @prabowo memang anti islam bilangnya islam tapi merayakan natal dan ikut kebaktian sholat tidak terjaga dan tidak bisa mengaji atau baca al quran. Kalau Pak Jokowi jelas sholatnya pintar mengaji dan rajin puasa.","1085325063543373824","","","in","","0","0","0","https://x.com/undefined/status/1085325063543373824","1082271585015218177",
"1085325052369928198","Tue Jan 15 23:57:11 +0000 2019","0","Luar Biasa semangat Ibu Ini cc prabowo @gerindra #PrabowoSandiPresiden #gerindramenang https://t.co/1BkDb5Eu3Y","1085325052369928198","","","in","","0","0","0","https://x.com/undefined/status/1085325052369928198","3270373243",
"1085325050629087236","Tue Jan 15 23:57:11 +0000 2019","0","#BeritaTerkini Hati-Hati Polri Gandeng Mahasiswa Tangkal Hoaks Jelang Pemilu 2019 https://t.co/cM6OxLc4TH #news #inforiau #infoterkini #riauinfo","1085325050629087236","","","in","","0","0","0","https://x.com/undefined/status/1085325050629087236","2799202280",
"1085325046745186305","Tue Jan 15 23:57:10 +0000 2019","0","...Di atas kertas Pak Prabowo sudah menang. Kecuali ada kecurangan-kecurangan. Makanya menangnya harus lebih dari 10 persen. Kuncinya adalah militansi militansi dan militansi... https://t.co/kS1Sr7UDl0","1085325046745186305","","","in","","0","0","0","https://x.com/undefined/status/1085325046745186305","588894572",
"1085201387489619968","Tue Jan 15 23:56:59 +0000 2019","0","@faizalassegaf @jokowi @prabowo Tutup tutup tutup .... !","1085325003329945600","","faizalassegaf","tr","","0","0","0","https://x.com/undefined/status/1085325003329945600","923541365580906496",
"1085009115678597120","Tue Jan 15 23:56:50 +0000 2019","0","@PantunJ2P @namanyamini @SaaeBunglon @SinarNKRI @Y_Radianto @armawaras @BocoroRoman @heniunique @sukangetweet @vita_diahErv @ValveahT @Tanianiaaa10 @HD52766966 @INTANHambaAllah Pergi ke Pasar Beli Kedondong Karena Jokowi orangnya Sabar Yok kita pilih Jokowi lagi dongg","1085324965279260672","","DR_0xjhon","in","","0","0","0","https://x.com/undefined/status/1085324965279260672","1001762662508736514",
"1084636222478319617","Tue Jan 15 23:56:49 +0000 2019","0","@deckvince @teukuGaza1 @PocoMonyo @IndriKierani @rinal_tr @jokowi makanya @PocoMonyo bilangin ama si yai cawapres lo itu jgn ngjanji yg gak masuk akal bulan oktobèr peluncuran besar an lo aja yg dungu mau dikibulin ama jagoan lo ","1085324958899699712","","","in","","0","0","0","https://x.com/undefined/status/1085324958899699712","281061461",
"1085201387489619968","Tue Jan 15 23:56:47 +0000 2019","0","@faizalassegaf @makLambeTurah @jokowi @prabowo Yah menang robot kampret bang","1085324952247521280","","faizalassegaf","in","","0","0","0","https://x.com/undefined/status/1085324952247521280","3244006166",
"1085324941560410112","Tue Jan 15 23:56:45 +0000 2019","0","Pemilu menyatukan bukan memisahkan. Perlu direvisi utk sesi Debat baiknya pemaparan visi misi program ke depan. Ada kritik bukan saling menjatuhkan lawan politik","1085324941560410112","","","in","","0","0","0","https://x.com/undefined/status/1085324941560410112","1864374420",
"1084835169821806594","Tue Jan 15 23:56:44 +0000 2019","0","@arief_hsm @Chi_Benk12 @Mitrawati14 @Fatimah41531712 @iyuskapuk @Fahrihamzah @prabowo @sandiuno @lord_kobra PASti saya dukung sampai akhir masa jabatan...emang kita mau kudeta? Ga bung...kita konstitusional tp di pilpres tetap PrabowoSandi... #17AprilcoblosPrabowoSandi #IndonesiaMenang #AdilMakmur","1085324939966668801","","andre_herdian05","in","","0","0","0","https://x.com/undefined/status/1085324939966668801","1029228759612682240",
"1085324927048339457","Tue Jan 15 23:56:41 +0000 2019","0","(Okezone | Jokowi Terima Berbagai Masukan Antisipasi Debat Pilpres : Okezone News) https://t.co/wR5fFGGM6f #pemilu #pemilu2019","1085324927048339457","","","in","","0","0","0","https://x.com/undefined/status/1085324927048339457","968428811107819521",
"1085324896496828417","Tue Jan 15 23:56:34 +0000 2019","0","Ayo Bpk/Ibu Dokter... Berikan suaramu Dukung prabowo Presiden RI 2019. #2019PrabowoPresidenRI #2019PrabowoPresidenRI #2019PrabowoPresidenRI","1085324896496828417","","","in","","0","0","0","https://x.com/undefined/status/1085324896496828417","536998393",
"1084983459951439872","Tue Jan 15 23:56:29 +0000 2019","0","@laskar_minang Oh ini toh orgx yg bernama prabowo masuk akbri 1970 yg lulus 1974 tanda taruna teladan sedangkan yg lain teman seangkatan lulus 1973","1085324878046085120","","demoCRAZY_id","in","","0","0","0","https://x.com/undefined/status/1085324878046085120","1370056795",
"1085324876888457216","Tue Jan 15 23:56:29 +0000 2019","0"," Pemimpin yg tdk canggung memeluk warga dan bersama mereka berbaur berbagi aroma keringat. Pemimpin yang sederhana cara berpikirnya bahwa bangsa ini harus dipenuhi hak dan kebutuhan dasarnya untuk hidup sejahtera Yenny Wahid bicara soal sosok Jokowi #JkwAminHAMTerjamin","1085324876888457216","","","in","","0","0","0","https://x.com/undefined/status/1085324876888457216","1078237665164550144",
"1085324844042903552","Tue Jan 15 23:56:21 +0000 2019","0","Upaya Luar Biasa Jokowi Memberantas Stunting Jumlah penderita stunting di seluruh Indonesia dari data Riset Kesehatan Dasar (Riskesdas) Departemen Kesehatan pada 2013 mencapai 37 2 persen.","1085324844042903552","","","in","","0","0","0","https://x.com/undefined/status/1085324844042903552","147765878",
"1085324818172399616","Tue Jan 15 23:56:15 +0000 2019","0","Kesaksian Dua Guru Ngaji Tentang Bacaan Alquran Jokowi https://t.co/Cf69faG4kB","1085324818172399616","","","in","","0","0","0","https://x.com/undefined/status/1085324818172399616","98266210",
"1085201387489619968","Tue Jan 15 23:56:15 +0000 2019","0","@faizalassegaf @jokowi @prabowo Prabowo mantaaaap...beda level dgn srbelah","1085324816998002688","","faizalassegaf","in","","0","0","0","https://x.com/undefined/status/1085324816998002688","1085198965635670016",
"1085201387489619968","Tue Jan 15 23:56:12 +0000 2019","0","@RelawanProSandi @faizalassegaf @jokowi @prabowo tutupnu cmn sampe 17 april ? abis itu aktif lg....dan kitapun terpancing","1085324805362991104","","RelawanProSandi","in","","0","0","0","https://x.com/undefined/status/1085324805362991104","2459086860",
"1084372009973248001","Tue Jan 15 23:56:08 +0000 2019","0","@PutraErlangga__ @tamrintomagola Inilah yg terjadi kalo pilih prabowo Sandi krn janji mereka turunkan harga pangan. Jadi sama aja siapapun presidennya kalo harga pangan murah petani susah. Fak yang bawa2 isu ini ke pilpress.... Loe Bangke Tau gak???","1085324789282103296","","PutraErlangga_","in","","0","0","0","https://x.com/undefined/status/1085324789282103296","842675918208299009",
"1085324773226434560","Tue Jan 15 23:56:04 +0000 2019","0","Warung Markobar Gibran di Solo pun Dipepet Posko Prabowo https://t.co/UEbvzBHJS4","1085324773226434560","","","in","","0","0","0","https://x.com/undefined/status/1085324773226434560","2792541278",
"1085247857790255106","Tue Jan 15 23:56:04 +0000 2019","0","@detikcom @prabowo @sandiuno @jokowi @20detik negri ini tidak Ada yang curang cumak di bumi indonesia tidak Ada yang pilih perabowo fakta https://t.co/aRXzhMudVO","1085324772659974144","https://pbs.twimg.com/ext_tw_video_thumb/1085324456917008384/pu/img/33ed8G0KQhAHHzRu.jpg","detikcom","in","","0","0","0","https://x.com/undefined/status/1085324772659974144","3248858642",
"1085118590586482688","Tue Jan 15 23:56:03 +0000 2019","0","@putrabanten80 KL ada yg prospek skrg main klaim aja kaya juga njunganya pak @fadlizon pak Jokowi sukses di dana desa diikuti klaim klaim . Jahat anda.hahhah","1085324768834772992","","Oku__records","in","","0","0","0","https://x.com/undefined/status/1085324768834772992","1039164659863961603",
"1085211630852485120","Tue Jan 15 23:55:52 +0000 2019","0","@King54fir @saididu @prabowo @sandiuno @CakKhum @MbahUyok @BangPino_ @RajaPurwa @maspiyuuu Tugas polisi adalah memproses tindak pidana dan kriminal... Kalo emang tidak salah pasti tidak perlu takut karena polisi juga tidak bisa mengada ada... Tapi kalo jelas nyolong ya jangan dibela dong biarpun sekubu...","1085324722412253184","","","in","","0","0","0","https://x.com/undefined/status/1085324722412253184","879996386",
"1085324693677137921","Tue Jan 15 23:55:45 +0000 2019","0","Ini namanya ngeludah ke langit muncrat ke muka sendiri pernyataan TKN Jokowi ini malah makin menjelaskan dengan terang benderang kalo jokowi pidato pake teks aja Blepotan https://t.co/ZQdasQZOAo","1085324693677137921","","","in","","0","0","0","https://x.com/undefined/status/1085324693677137921","360509370",
"1085219152774623234","Tue Jan 15 23:55:45 +0000 2019","0","@RizmaWidiono Aah omong kosong semuanya maksutnya?terpilih jd capres seumur hidup?sampai disini paham yidak?#2019JokowiPresidenRi","1085324690644561922","","RizmaWidiono","in","","0","0","0","https://x.com/undefined/status/1085324690644561922","906002758230130690",
"1085324687444369408","Tue Jan 15 23:55:44 +0000 2019","0","Llha kalo ijasah palsu @jokowi gitu ada pidana nya ya om .. mau nanya aja nih","1085324687444369408","","","in","","0","0","0","https://x.com/undefined/status/1085324687444369408","78392421",
"1085324653743099904","Tue Jan 15 23:55:36 +0000 2019","0","Ibunda Presiden Jokowi Blusukan Sapa Bakul Sega Liwet https://t.co/aMDhDZUsY9","1085324653743099904","","","in","","0","0","0","https://x.com/undefined/status/1085324653743099904","857379518",
"1085324645174112256","Tue Jan 15 23:55:34 +0000 2019","0","Silakan hadir 1 Feb Univ Paramadina. Peluncuran buku Strategi Menang Pemilu di MK dengan @mohmahfudmd @Rosianna766Hi. Lengkapnya lihat poster https://t.co/ZuwPp3upvG","1085324645174112256","https://pbs.twimg.com/media/Dw_ZAqZU8AEtWg5.jpg","","in","","0","0","0","https://x.com/undefined/status/1085324645174112256","122804908",
"1085182263376019462","Tue Jan 15 23:55:31 +0000 2019","0","@Dewata78131261 @DimasPermana817 kita hrs hormati semua agama d Indonesia. kita ga tahu agama Prabowo apa kalau blio bukan muslim masak di suruh ngaji maaf saya beneran gak tahu agama Prabowo.","1085324632532471808","","Dewata_01","in","","0","0","0","https://x.com/undefined/status/1085324632532471808","2557598088",
"1085324628388589568","Tue Jan 15 23:55:30 +0000 2019","0","@killthedj Lu siapa yaa? Baperan benerr. Kalo @prabowo menang mending Lu pindah ke RRC ajee yee. Males Gua denger Suara dan Tampang Lu Laganya selangit. PdhL Gua aja gak kenal Lu. Kill The DJ Resmi Laporkan Pendukung Prabowo ke Polisi VIVA https://t.co/Q0sZfY0n71","1085324628388589568","","killthedj","in","","0","0","0","https://x.com/undefined/status/1085324628388589568","2950033490",
"1084961253812985856","Tue Jan 15 23:55:26 +0000 2019","0","@Silvy_riau @abi_ranto @prabowo dan yg sekitar ku 11 dari 10 org beralih dan pilih Prabowo..... yg satu mantan golput","1085324612328550400","","Silvy_riau","in","","0","0","0","https://x.com/undefined/status/1085324612328550400","358409265",
"1085129717307432960","Tue Jan 15 23:55:26 +0000 2019","0","@rucunya @MasBro02549916 @jundaartanago @yusuf_dumdum @jokowi Jadi ini siapa mas? https://t.co/AtIU2oDaxU","1085324612005552129","https://pbs.twimg.com/media/Dw_Y-GSUcAAWIX3.jpg","","in","","0","0","0","https://x.com/undefined/status/1085324612005552129","1079402704135323650",
"1085324574206484480","Tue Jan 15 23:55:17 +0000 2019","0","@prabowo @sandiuno ","1085324574206484480","","prabowo","qme","","0","0","0","https://x.com/undefined/status/1085324574206484480","749631395262107648",
"1085109565002117122","Tue Jan 15 23:55:13 +0000 2019","0","@CakKhum @aniesbaswedan Soal maling lagu gimana...? mulai dr capres tukang fitnah sampe antek antek yg maling lagu orang sepasukannya sama saja","1085324559501340672","","suaragagap","in","","0","0","0","https://x.com/undefined/status/1085324559501340672","100938088",
"1085211630852485120","Tue Jan 15 23:55:08 +0000 2019","0","@King54fir @HukumDan @prabowo @sandiuno @CakKhum @MbahUyok @BangPino_ @RajaPurwa @maspiyuuu Ngelanggar undang-undang kok didukung. ","1085324536835264512","","","in","","0","0","0","https://x.com/undefined/status/1085324536835264512","1274945132",
"1085201387489619968","Tue Jan 15 23:55:00 +0000 2019","0","@faizalassegaf @jokowi @prabowo Woww bakal ada yg tutup akun nih... ingat loh yah harus tutup akun titik...lalalalala yeyeyeyeee...","1085324503633166336","","faizalassegaf","in","","0","0","0","https://x.com/undefined/status/1085324503633166336","1031273802942971906",
"1085324499296251905","Tue Jan 15 23:54:59 +0000 2019","0","Pidato Prabowo Soal Gaji Dokter Dibully Pernyataan IDI Bungkam Yang Nyinyirin Pidato Prabowo | Repelita Online https://t.co/evLv2Yszbr","1085324499296251905","","","in","","0","0","0","https://x.com/undefined/status/1085324499296251905","1499990204",
"1085201387489619968","Tue Jan 15 23:54:59 +0000 2019","0","@faizalassegaf @jokowi @prabowo Terlihat robot nya kan.","1085324497165574144","","faizalassegaf","in","","0","0","0","https://x.com/undefined/status/1085324497165574144","58138950",
"1085324468623413248","Tue Jan 15 23:54:52 +0000 2019","0","I liked a @YouTube video https://t.co/Vtd1t61pwj Refly Harun: Orang Netral Dalam Musim Pemilu Kurang Populer | ILC 15 Januari 2019","1085324468623413248","","","in","","0","0","0","https://x.com/undefined/status/1085324468623413248","2320437890",
"1085201387489619968","Tue Jan 15 23:54:46 +0000 2019","0","@faizalassegaf @jokowi @prabowo Prabowo sandi ahhhhh","1085324445567279104","","faizalassegaf","in","","0","0","0","https://x.com/undefined/status/1085324445567279104","435775597",
"1085201387489619968","Tue Jan 15 23:54:42 +0000 2019","0","@faizalassegaf @jokowi @prabowo Di dunia nyata aja junjungan lu nyungsep apalagi di polling bodoh kayak gini.Mending tu junjungan lu suruh kemas sekalian jangan lupa piaraan yang seKOLAM juga di beresin tuh ","1085324427569459200","","faizalassegaf","in","","0","0","0","https://x.com/undefined/status/1085324427569459200","1031531513702047745",
"1085020667676844033","Tue Jan 15 23:54:38 +0000 2019","0","@marierteman @prabowo Persaingan usaha boss alfamart indomart transmart lottemart masih ramai trus banyak beralih ke ol shop...Hero tdk ada terobosan2 baru marginnya terlalu tinggi...","1085324411794710528","","marierteman","in","","0","0","0","https://x.com/undefined/status/1085324411794710528","827491753703804928",
"1085319683350290432","Tue Jan 15 23:54:34 +0000 2019","0","@TehTJEMPLUNG Forza prabowo ️","1085324391825649664","","HACKNET__","pl","","0","0","0","https://x.com/undefined/status/1085324391825649664","893701485640286208",
"1085324378244612097","Tue Jan 15 23:54:30 +0000 2019","0","Sejak sebelum terjun ke politik Jokowi mengikuti sejumlah pengajian. Dua guru ngaji mengatakan bacaan Alquran Jokowi lancar. https://t.co/9eimzCBz4M","1085324378244612097","","","in","","0","0","0","https://x.com/undefined/status/1085324378244612097","69183155",
"1085222019338100737","Tue Jan 15 23:54:13 +0000 2019","0","@King54fir @CakKhum @prabowo Pasti MALINGnya lagi MERIANG nih...dan dr koalisi Prabowo pasti bilang Gak Kenal .... https://t.co/W8LvFP3hlT","1085324304336617472","https://pbs.twimg.com/media/Dw_YsKpU0AEEnY4.jpg","","in","","0","0","0","https://x.com/undefined/status/1085324304336617472","416799918",
"1085324264704622592","Tue Jan 15 23:54:03 +0000 2019","0","pak @jokowi : kalau hanya di istana dan terima laporan di atas kertas semua laporan akan baik-baik saja tetapi progressnya tidak kelihatan. makanya pak jokowi sering langsung turun kelapangan untuk melihat kondisi supaya progress tetap dapat berjalan baik #JkwAminHAMTerjamin","1085324264704622592","","","in","","0","0","0","https://x.com/undefined/status/1085324264704622592","1082726053557067776",
"1085324259986006016","Tue Jan 15 23:54:02 +0000 2019","0","Istana Respons Tudingan Prabowo soal Kerja Intelijen #PidatoKebangsaanPrabowo https://t.co/XkURpgBUMf","1085324259986006016","","","in","","0","0","0","https://x.com/undefined/status/1085324259986006016","79130206",
"1085201387489619968","Tue Jan 15 23:53:57 +0000 2019","0","@faizalassegaf @jokowi @prabowo sampai ketemu lagi tanggal 15 April FA. hahahahahaha","1085324239077425152","","faizalassegaf","in","","0","0","0","https://x.com/undefined/status/1085324239077425152","3408159635",
"1085201387489619968","Tue Jan 15 23:53:37 +0000 2019","0","@faizalassegaf @jokowi @prabowo Saya bukan Robot buakan juga Naciro","1085324154839003136","","faizalassegaf","in","","0","0","0","https://x.com/undefined/status/1085324154839003136","1624963718",
"1085324152133738496","Tue Jan 15 23:53:36 +0000 2019","0","Ternyata maknanya seberat ini Di Balik Makna Lagu Jogja Istimewa yang Dipakai Kampanye Prabowo-Sandi https://t.co/AYGB9Ci4Qc #LINETODAY","1085324152133738496","","","in","","0","0","0","https://x.com/undefined/status/1085324152133738496","51609711",
"1085324127638966272","Tue Jan 15 23:53:31 +0000 2019","0","Mata berair bukan sedih karena denger capres 02 berorasi tapi kecolok jempol sebelah yg lagi kasih tanda dua jari!","1085324127638966272","","","in","","0","0","0","https://x.com/undefined/status/1085324127638966272","1083253856027332608",
"1085316989680144384","Tue Jan 15 23:53:30 +0000 2019","0","@MbahUyok Bodo kali otak mu bah. Itu bukan karena mau pemilu. Itu uang Dana Desa dan memang penyalurannya bertahap seperti tahun tahun yg lalu","1085324123343998976","","MbahUyok","in","","0","0","0","https://x.com/undefined/status/1085324123343998976","1076759999446044672",
"1085324110714945536","Tue Jan 15 23:53:26 +0000 2019","0","Gerindra : Prabowo Siap Debat Tentang Ruginya BUMN https://t.co/Tsy7h9sSCD https://t.co/TD0dUrB8jw","1085324110714945536","https://pbs.twimg.com/media/Dw_Yg3pUYAAcDhu.jpg","","in","","0","0","0","https://x.com/undefined/status/1085324110714945536","202559038",
"1085324103626551296","Tue Jan 15 23:53:25 +0000 2019","0","Halo @PDI_Perjuangan #projo #TetapJokowi apa benar ini perkataan Ruhut Sitompul. Ruhut bilang Jokowi tdk punya Prestasi sewaktu memimpin ibukota. Bagaimna bs diharap?","1085324103626551296","","","in","","0","0","0","https://x.com/undefined/status/1085324103626551296","1195665799",
"1085324054720991232","Tue Jan 15 23:53:13 +0000 2019","0","Pilpres kmrn -ketika demokrat netral- jarak pak joko dgn pak prabowo gak jauh2 amat kok.","1085324054720991232","","","in","","0","0","0","https://x.com/undefined/status/1085324054720991232","194945820",
"1085324050509877248","Tue Jan 15 23:53:12 +0000 2019","0","Orang baik memenangkan Jokowi . . #JokowiOrangBaik #01IndonesiaMaju https://t.co/TMcKWtIqwy","1085324050509877248","https://pbs.twimg.com/media/Dw_YdrjU8AAB9LX.jpg","","in","","0","0","0","https://x.com/undefined/status/1085324050509877248","1084397836144267265",
"1085324037687898112","Tue Jan 15 23:53:09 +0000 2019","0","Jokowi: Debat Aja Kok Pakai Latihan https://t.co/VkuPvZDogI","1085324037687898112","","","in","","0","0","0","https://x.com/undefined/status/1085324037687898112","2695463725",
"1085324027667800069","Tue Jan 15 23:53:07 +0000 2019","0","Sepertinya memang dia pendukung jokowi kalau lagunya dipake pakde sepertinya ya ndak papa.","1085324027667800069","","","in","","0","0","0","https://x.com/undefined/status/1085324027667800069","549238821",
"1085324025125978112","Tue Jan 15 23:53:06 +0000 2019","0","Yaiya atuh jokowi juga kan petahana hadeu:(","1085324025125978112","","","in","","0","0","0","https://x.com/undefined/status/1085324025125978112","83305739",
"1085324010374684672","Tue Jan 15 23:53:03 +0000 2019","0","Redaksional #MetroTV itu menyebut #Jokowi dengan kata Pak ..nah klo nyebut #prabowo hanya nama saja.","1085324010374684672","","","in","","0","0","0","https://x.com/undefined/status/1085324010374684672","1410261277",
"1085320553668304897","Tue Jan 15 23:52:49 +0000 2019","0","@maspiyuuu @SBYudhoyono @jokowi Luar biasa mark up nya","1085323953948639232","","mas_piyuuu","in","","0","0","0","https://x.com/undefined/status/1085323953948639232","1108674630",
"1085323928380203008","Tue Jan 15 23:52:43 +0000 2019","0","@jokowi https://t.co/4IgP3MuYRb","1085323928380203008","https://pbs.twimg.com/media/Dw_YWTFVsAAijCH.jpg","jokowi","qme","","0","0","0","https://x.com/undefined/status/1085323928380203008","2156014946",
"1085323895664590848","Tue Jan 15 23:52:35 +0000 2019","0","@null Kesaksian Dua Guru Ngaji Tentang Bacaan Alquran Jokowi Sejak sebelum terjun ke https://t.co/DYlZfm9QNO","1085323895664590848","","null","in","","0","0","0","https://x.com/undefined/status/1085323895664590848","841647671349673984",
"1085211630852485120","Tue Jan 15 23:52:34 +0000 2019","0","@King54fir @dewantara_adjie @prabowo @sandiuno @CakKhum @MbahUyok @BangPino_ @RajaPurwa @maspiyuuu emang lagunya enak banget gitu ? namanya aja baru denger","1085323891310964736","","","in","","0","0","0","https://x.com/undefined/status/1085323891310964736","155831214",
"1085201387489619968","Tue Jan 15 23:52:33 +0000 2019","0","@faizalassegaf @jokowi @prabowo Kasian calon tutup akun. Mau lu bolak balik like retwet retwet like sama aja hasilnya dodol makanya jangan kepedean ama BOT","1085323884805554177","","faizalassegaf","in","","0","0","0","https://x.com/undefined/status/1085323884805554177","63074143",
"1085323853075603456","Tue Jan 15 23:52:25 +0000 2019","0","Ucapan ulang tahun untuk @pkpi_id yang ke 20 dari bapak @jokowi di ucapkan ke Masbos. #PartaiZamanWOW #PKPI https://t.co/qfGOx7hflm","1085323853075603456","https://pbs.twimg.com/ext_tw_video_thumb/1085323776034664448/pu/img/DWpXckxzDwOLopBa.jpg","","in","","0","0","0","https://x.com/undefined/status/1085323853075603456","47875632",
"1085201387489619968","Tue Jan 15 23:52:16 +0000 2019","0","@BungNox @faizalassegaf @jokowi @prabowo pegang congornya langsung broo.. kalau omongannya aja.. ndak yakin emang","1085323816153145344","","BungNox","in","","0","0","0","https://x.com/undefined/status/1085323816153145344","1677545448",
"1085323787116130313","Tue Jan 15 23:52:09 +0000 2019","0","Soal Spanduk BPN Relawan Gatot Ingatkan TKN Jokowi-Maruf Tidak Asal Berkomentar https://t.co/dBh00jVSo5","1085323787116130313","","","in","","0","0","0","https://x.com/undefined/status/1085323787116130313","1442695026",
"1085320553668304897","Tue Jan 15 23:52:05 +0000 2019","0","@maspiyuuu @SBYudhoyono @jokowi yu piyu terusane kasus lagu dekingi pie...","1085323766941413376","","mas_piyuuu","in","","0","0","0","https://x.com/undefined/status/1085323766941413376","3849837914",
"1085323747857518592","Tue Jan 15 23:52:00 +0000 2019","0","INI DO'A BAGUS PILPRES 2019 UNTUK PARA PENDUKUNG JOKOWI ATAU PRABOWO .. SILAHKAN LAKUKAN SETIAP SELESAI TAHIYYATUL AKHIR ..","1085323747857518592","","","in","","0","0","0","https://x.com/undefined/status/1085323747857518592","1453658329",
"1085323735719137282","Tue Jan 15 23:51:57 +0000 2019","0","Syarwan Hamid: Jokowi Berpotensi Jadi Pengkhianat Negara https://t.co/nHuENxsoNF","1085323735719137282","","","in","","0","0","0","https://x.com/undefined/status/1085323735719137282","2941047068",
"1085201387489619968","Tue Jan 15 23:51:55 +0000 2019","0","@faizalassegaf @jokowi @prabowo Yaelah robot dilawan bang!!!","1085323728819347456","","faizalassegaf","in","","0","0","0","https://x.com/undefined/status/1085323728819347456","61728941",
"1085201387489619968","Tue Jan 15 23:51:54 +0000 2019","0","@faizalassegaf @jokowi @prabowo Akun siluman yg banyak pendukung prahoax","1085323723761045504","","faizalassegaf","in","","0","0","0","https://x.com/undefined/status/1085323723761045504","2882684917",
"1085007192938373120","Tue Jan 15 23:51:53 +0000 2019","0","@marierteman @sandiuno @prabowo Bisa bisa turun panggung di tandu","1085323719583514624","","marierteman","in","","0","0","0","https://x.com/undefined/status/1085323719583514624","600917952",
"1085323719432581120","Tue Jan 15 23:51:53 +0000 2019","0","Mesranya Jokowi dan Habibie (Foto: Biro Pers Setpres) https://t.co/Bq8p0fDnHA","1085323719432581120","","","in","","0","0","0","https://x.com/undefined/status/1085323719432581120","147765878",
"1085323697626394625","Tue Jan 15 23:51:48 +0000 2019","0","@null Kesaksian Dua Guru Ngaji Tentang Bacaan Alquran Jokowi Sejak sebelum terjun ke https://t.co/5Bb5qudsGE","1085323697626394625","","null","in","","0","0","0","https://x.com/undefined/status/1085323697626394625","312037898",
"1085264652454502400","Tue Jan 15 23:51:47 +0000 2019","0","@ridamaryda @detikcom @Reactips @prabowo Mbanya berhijab ngomongnya gitu aneh nyinyir banget. ","1085323693788561408","","ridamaryda","in","","0","0","0","https://x.com/undefined/status/1085323693788561408","1013086550303768578",
"1085201387489619968","Tue Jan 15 23:51:43 +0000 2019","0","@faizalassegaf @jokowi @prabowo Mampus loe gaf! 33 rekening milik jkw yg ada di luar negri apa kabarnya? Hahahah","1085323677602697217","","faizalassegaf","in","","0","0","0","https://x.com/undefined/status/1085323677602697217","2696971124",
"1085201387489619968","Tue Jan 15 23:51:38 +0000 2019","0","@faizalassegaf @jokowi @prabowo Ayo tutup","1085323656773816320","","faizalassegaf","tl","","0","0","0","https://x.com/undefined/status/1085323656773816320","1963936674",
"1085201387489619968","Tue Jan 15 23:51:33 +0000 2019","0","@faizalassegaf @Widyarenee @jokowi @prabowo Pendukung pak Jokowi mah jarang yg pake twitter bang. Gpp kalah di dunia maya lbh penting lg hasil di dunia nyata ","1085323632799186945","","faizalassegaf","in","","0","0","0","https://x.com/undefined/status/1085323632799186945","1639852435",
"1084949183369363456","Tue Jan 15 23:51:31 +0000 2019","0","@MSglowIndonesia @maspiyuuu @prabowo Oh pake teks to ya bagus lah !!! Saya dah deg2an jika g pake teks entar salah ucap jadi GORENGAN CEBI !!! ","1085323628114112512","","MSglowIndonesia","in","","0","0","0","https://x.com/undefined/status/1085323628114112512","845821235657289728",
"1085323604659789824","Tue Jan 15 23:51:26 +0000 2019","0","Ngabalin: Narasi Pidato Prabowo Buat Kekhawatiran untuk Masyarakat https://t.co/Zkx4feEWIP https://t.co/RXky2S7bab","1085323604659789824","https://pbs.twimg.com/media/Dw_YEQFUUAAP3Fz.jpg","","in","","0","0","0","https://x.com/undefined/status/1085323604659789824","846715204637376513",
"1085211630852485120","Tue Jan 15 23:51:18 +0000 2019","0","@King54fir @prabowo @sandiuno @CakKhum @MbahUyok @BangPino_ @RajaPurwa @maspiyuuu Si DJ... belagu. Gunain judul Jogja istimewa....juga udh izin masyarakat Jogja belom...","1085323569859485697","","","in","","0","0","0","https://x.com/undefined/status/1085323569859485697","4518992716",
"1085323569398087680","Tue Jan 15 23:51:17 +0000 2019","0","@null Kesaksian Dua Guru Ngaji Tentang Bacaan Alquran Jokowi Sejak sebelum terjun ke https://t.co/VdhjUyXq8g","1085323569398087680","","null","in","","0","0","0","https://x.com/undefined/status/1085323569398087680","849336524",
"1085323564851650560","Tue Jan 15 23:51:16 +0000 2019","0","(DETIKCOM | Kesaksian Dua Guru Ngaji Tentang Bacaan Alquran Jokowi) https://t.co/wI8sfypLV9 #pemilu #pemilu2019","1085323564851650560","","","in","","0","0","0","https://x.com/undefined/status/1085323564851650560","968428811107819521",
"1085264652454502400","Tue Jan 15 23:51:08 +0000 2019","0","@Reactips @Aldisuherman9 @ridamaryda @detikcom @prabowo Mungkin ini yg dimaksud https://t.co/f0BRmUbstI","1085323531573841920","https://pbs.twimg.com/media/Dw_X_6bVYAApHTj.jpg","","in","","0","0","0","https://x.com/undefined/status/1085323531573841920","142594170",
"1085323525139816448","Tue Jan 15 23:51:07 +0000 2019","0","@null Kesaksian Dua Guru Ngaji Tentang Bacaan Alquran Jokowi Sejak sebelum terjun ke https://t.co/RDfH1CDx6q","1085323525139816448","","null","in","","0","0","0","https://x.com/undefined/status/1085323525139816448","1196188764",
"1085323523575361536","Tue Jan 15 23:51:07 +0000 2019","0","cek -&gt; Kesaksian Dua Guru Ngaji Tentang Bacaan Alquran Jokowi Sejak sebelum terjun ke https://t.co/gjCd2nSBHN","1085323523575361536","","","in","","0","0","0","https://x.com/undefined/status/1085323523575361536","1184087684",
"1085323522778398720","Tue Jan 15 23:51:06 +0000 2019","0","BERITA POPULER: Siswa SMKN 5 Kupang Cabuli Tetangga Kritik Pedas Untuk Prabowo Dan Kota Terkotor https://t.co/klLkKTsl9l lewat @poskupangcom","1085323522778398720","","","in","","0","0","0","https://x.com/undefined/status/1085323522778398720","106976813",
"1085201387489619968","Tue Jan 15 23:51:06 +0000 2019","0","@faizalassegaf @LeoMerdeka @jokowi @prabowo Aku milih beneran kok","1085323521608151040","","faizalassegaf","in","","0","0","0","https://x.com/undefined/status/1085323521608151040","1681147518",
"1085323516675792896","Tue Jan 15 23:51:05 +0000 2019","0","Munir Dapat Bantuan 1.400 Saksi dari Roemah Djoeang Prabowo-Sandi https://t.co/VjpoKEB5v3","1085323516675792896","","","in","","0","0","0","https://x.com/undefined/status/1085323516675792896","2941047068",
"1085323516520484864","Tue Jan 15 23:51:05 +0000 2019","0","CC @jokowi @prabowo @sandiuno @KPK_RI","1085323516520484864","","","und","","0","0","0","https://x.com/undefined/status/1085323516520484864","1001422990238629893",
"1085323506454151169","Tue Jan 15 23:51:02 +0000 2019","0","@jokowi tolonglah pak bagi teman kami pemerintah daerah terkesan tu2p mata terhadap nasib kami buruh perusahaan kami warga muara teweh kalimantan tengah tak tau harus kemana lg mengadu selain kepada tuhan dan bapak presiden sendiri https://t.co/CW4z5I3Bhl","1085323506454151169","https://pbs.twimg.com/media/Dw_X6NuUwAA4X5I.jpg","jokowi","in","","0","0","0","https://x.com/undefined/status/1085323506454151169","1054606181459615744",
"1085323503157608448","Tue Jan 15 23:51:02 +0000 2019","0","Infrastruktur Jokowi Adalah CINAISASI INDONESIA. Ini Bom Waktu Masa Depan Bagi Anak Cucu Bangsa Ini. Infrastruktur Jokowi Sudah Dirancang Dengan Matang. Inilah Point2 Keuntungan Infrastruktur Jokowi Demi CINAISASI INDONESIA. Ayo Hadang dan Rebut Kembali Bumi Pertiwi. https://t.co/dYK8Hrpvr9","1085323503157608448","https://pbs.twimg.com/media/Dw_X8nYUYAASVaZ.jpg","","in","","0","0","0","https://x.com/undefined/status/1085323503157608448","1081076650744242176",
"1085074510733205504","Tue Jan 15 23:50:53 +0000 2019","0","@RPSSULSEL @prabowo @sandiuno Nakke 02 gang. ","1085323468810346496","","Zabaniah_","da","","0","0","0","https://x.com/undefined/status/1085323468810346496","852327811",
"1085193306512871425","Tue Jan 15 23:50:51 +0000 2019","0","@manggarrdh @KLSambekala wes intine bae ngesuk presidene jokowi maning :)","1085323458177773569","","","in","","0","0","0","https://x.com/undefined/status/1085323458177773569","1251641881",
"1085323440796528640","Tue Jan 15 23:50:47 +0000 2019","0","Penguatan Kapasitas Pengurus BUMDES se Kec. Wera Untuk kesejahteraan Masyarakat Desa karena pembangunan Desa itu NYATA bukan HOAX. #DesaMajuBersamaJokowi #DesaMembangunIndonesia @jokowi @EkoSandjojo @AhmadErani @KemenDesa @samsulwidodo102 @taufikmadjid71 @projopusat https://t.co/nxjyz7mzaY","1085323440796528640","https://pbs.twimg.com/media/Dw_X3e5U8AAdAdS.jpg","","in","","0","0","0","https://x.com/undefined/status/1085323440796528640","932558753576075265",
"1085017567326924805","Tue Jan 15 23:50:44 +0000 2019","0","@nnymulyadi @jokowi #2019JokowiPresidenRI https://t.co/cs7irijVa9","1085323428591104000","https://pbs.twimg.com/media/Dw_X5sFV4AApbNT.jpg","CandraZhux","qme","","0","0","0","https://x.com/undefined/status/1085323428591104000","724363835742654464",
"1080287766041088000","Tue Jan 15 23:50:36 +0000 2019","0","@usut_dpt31jt @AkunTofa @jokowi @Metro_TV https://t.co/FFlPWYBmIf","1085323396445917184","https://pbs.twimg.com/media/Dw_X4DKUYAAY9q8.jpg","","qme","","0","0","0","https://x.com/undefined/status/1085323396445917184","177936173",
"1085201387489619968","Tue Jan 15 23:50:31 +0000 2019","0","@faizalassegaf @jokowi @prabowo Like polling ini untuk #2019PrabowoPresidenRI","1085323372932648961","","faizalassegaf","in","","0","0","0","https://x.com/undefined/status/1085323372932648961","996349740907347968",
"1085323360219746304","Tue Jan 15 23:50:28 +0000 2019","0","@null Kesaksian Dua Guru Ngaji Tentang Bacaan Alquran Jokowi Sejak sebelum terjun ke https://t.co/csJZkTt9Z9","1085323360219746304","","null","in","","0","0","0","https://x.com/undefined/status/1085323360219746304","840989714",
"1085323354016407552","Tue Jan 15 23:50:26 +0000 2019","0","Video SBY Tak Diacuhkan Prabowo Subianto Diperbincangkan Politisi Demokrat Ucap Begini lewat @Tribun_Jakarta","1085323354016407552","","","in","","0","0","0","https://x.com/undefined/status/1085323354016407552","2188143474",
"1085323345007013889","Tue Jan 15 23:50:24 +0000 2019","0","Para capres &amp; tim sukses mestinya jangan membodohi publik dgn manipulasi data. Jika angka kemiskinan sdh turun katakan turun. Bila neraca perdagangan alami defisit terdalam pada 2018 katakan jg sejujurnya. Bangsa ini butuh pemimpin yg jujur bersih &amp; amanah. https://t.co/FVF7aaApl5","1085323345007013889","https://pbs.twimg.com/media/Dw_XyX4U0AQLOMT.jpg","","in","","0","0","0","https://x.com/undefined/status/1085323345007013889","610564340",
"1085323341433516032","Tue Jan 15 23:50:23 +0000 2019","0","@null Kesaksian Dua Guru Ngaji Tentang Bacaan Alquran Jokowi Sejak sebelum terjun ke https://t.co/fZpUduv5Qs","1085323341433516032","","null","in","","0","0","0","https://x.com/undefined/status/1085323341433516032","1679852396",
"1085323331790761984","Tue Jan 15 23:50:21 +0000 2019","0","@null Kesaksian Dua Guru Ngaji Tentang Bacaan Alquran Jokowi Sejak sebelum terjun ke https://t.co/s3FAiuNvDk","1085323331790761984","","null","in","","0","0","0","https://x.com/undefined/status/1085323331790761984","1557463332",
"1085211630852485120","Tue Jan 15 23:50:19 +0000 2019","0","@King54fir @saididu @prabowo @sandiuno @CakKhum @MbahUyok @BangPino_ @RajaPurwa @maspiyuuu Kayaknya sampean harus nambah laporannya om @killthedj","1085323325960638464","","","in","","0","0","0","https://x.com/undefined/status/1085323325960638464","924010896",
"1085323300434194433","Tue Jan 15 23:50:13 +0000 2019","0","@null Kesaksian Dua Guru Ngaji Tentang Bacaan Alquran Jokowi Sejak sebelum terjun ke https://t.co/QXoPunxO7h","1085323300434194433","","null","in","","0","0","0","https://x.com/undefined/status/1085323300434194433","625593086",
"1085323299909816321","Tue Jan 15 23:50:13 +0000 2019","0"," Salah satu alasan kenapa orang gila boleh milih Capres-Cawapres itu utk mengakomodir Ahoker yg stress akibat gagal move on. ~ Bang Kotan pedagang cendol","1085323299909816321","","","in","","0","0","0","https://x.com/undefined/status/1085323299909816321","851749978468892673",
"1085323289138872320","Tue Jan 15 23:50:11 +0000 2019","0","@null Kesaksian Dua Guru Ngaji Tentang Bacaan Alquran Jokowi Sejak sebelum terjun ke https://t.co/9uiet5M2pl","1085323289138872320","","null","in","","0","0","0","https://x.com/undefined/status/1085323289138872320","205533274",
"1085050884671692801","Tue Jan 15 23:50:09 +0000 2019","0","@muljodimedjo @psi_id @TsamaraDKI @jokowi Bacot antek oposisi mah yg gini tipikal menghina ama jelek2in doang. Wkwkwk lol","1085323282759307265","","muljodimedjo","in","","0","0","0","https://x.com/undefined/status/1085323282759307265","4794088830",
"1085201387489619968","Tue Jan 15 23:50:07 +0000 2019","0","@faizalassegaf @jokowi @prabowo Posisi hingga pagi ini bg FA.. Walaupun tahun disitu tdk kau tulis..tp tunjukkn bahwa kau bkn pecundang. Ayoo.. kita ribakkan !! https://t.co/1CuRswmhx3","1085323272860758016","https://pbs.twimg.com/media/Dw_XwRtU8AAPRQJ.jpg","faizalassegaf","in","","0","0","0","https://x.com/undefined/status/1085323272860758016","132965160",
"1085323251172163584","Tue Jan 15 23:50:02 +0000 2019","0","Staf Presiden Ini Minta Prabowo Jangan Bikin Hoax - Warta Ekonomi https://t.co/A6VDqmwfVF","1085323251172163584","","","in","","0","0","0","https://x.com/undefined/status/1085323251172163584","30617522",
"1085211630852485120","Tue Jan 15 23:49:51 +0000 2019","0","@King54fir @prabowo @sandiuno @CakKhum @MbahUyok @BangPino_ @RajaPurwa @maspiyuuu Rapper yang Laper.Kontrakan belum bayar butuh duit kek nya","1085323205730983936","","","in","","0","0","0","https://x.com/undefined/status/1085323205730983936","357264067",
"1085201387489619968","Tue Jan 15 23:49:44 +0000 2019","0","@RelawanProSandi @faizalassegaf @jokowi @prabowo Siaaaaap","1085323179344580608","","RelawanProSandi","in","","0","0","0","https://x.com/undefined/status/1085323179344580608","818823147134717953",
"1085323163011997696","Tue Jan 15 23:49:41 +0000 2019","0","Hanya kehendak Tuhan yg bisa menyebabakan Bpk Jokowi kalah dlm PILPRES","1085323163011997696","","","in","","0","0","0","https://x.com/undefined/status/1085323163011997696","210424351",
"1085323148785053702","Tue Jan 15 23:49:37 +0000 2019","0","Anak buah mr.j Pasti menjunjung IDI saja membenarkan mr prabowo https://t.co/K2nat9iWce","1085323148785053702","","","in","","0","0","0","https://x.com/undefined/status/1085323148785053702","177758911",
"1085323144360050688","Tue Jan 15 23:49:36 +0000 2019","0","Saya suka video @YouTube https://t.co/E7wHuH7tZU Ngabalin: Pidato Kebangsaan Prabowo Pakai Data Bohong dan Sampah","1085323144360050688","","","in","","0","0","0","https://x.com/undefined/status/1085323144360050688","576287136",
"1084810623941107717","Tue Jan 15 23:49:34 +0000 2019","0","@zarazettirazr @prabowo Saya juga bangga dng Pak @prabowo Bun ","1085323133685354496","","","in","","0","0","0","https://x.com/undefined/status/1085323133685354496","1121791272",
"1085323131672158208","Tue Jan 15 23:49:33 +0000 2019","0","Di era Jokowi pembantuan pendidikan kian mengalir rakyat mendapatkan haknya hak pendidikan. #JkwAminHAMTerjamin","1085323131672158208","","","in","","0","0","0","https://x.com/undefined/status/1085323131672158208","1084042300945137665",
"1085323128455159809","Tue Jan 15 23:49:32 +0000 2019","0","Bergetar apanya coy rakyat yg mana orang asing yg mana sy orang bodoh aja tau pidatonya ga jelas arah nya kemana tau sy mau ty 1 kebaikan apa yg udah di lakukan Prabowo untuk rakyat INDONESIA 1 aja jelas kan biar ga kelihatan BAMBANG KONTONG","1085323128455159809","","","in","","0","0","0","https://x.com/undefined/status/1085323128455159809","1045351508810690561",
"1085323102341390336","Tue Jan 15 23:49:26 +0000 2019","0","semoga isu ini nanti ada yg treak pas debat capres cawapres!! mas @pandji btw ini ada di daftar pertanyaan nya ga sih? kemaren nntn #mikir tp kentang. :)","1085323102341390336","","","in","","0","0","0","https://x.com/undefined/status/1085323102341390336","288320602",
"1085323081994780672","Tue Jan 15 23:49:21 +0000 2019","0","@UN_HRC @OUPIntLaw @ILA_official @amnestyusa @hrw @jokowi @Menlu_RI @SadeBimantara @thejakartaglobe @jakpost @dfat @DutchMFA @EU_Commission @amnesty ITS TIME FOR THE INTERNATIONAL COURT OF JUSTICE TO DECIDE INDIGENOUS RIGHTS OF THE INDONESIAN COLONY OF WEST PAPUA","1085323081994780672","","UN_HRC","en","","0","0","0","https://x.com/undefined/status/1085323081994780672","72478719",
"1085201387489619968","Tue Jan 15 23:49:17 +0000 2019","0","@faizalassegaf @jokowi @prabowo Penyelenggara polling yg anehhh","1085323065775411200","","faizalassegaf","in","","0","0","0","https://x.com/undefined/status/1085323065775411200","1061998525",
"1085323050516729861","Tue Jan 15 23:49:14 +0000 2019","0","Soal Spanduk BPN Relawan Gatot Ingatkan TKN Jokowi-Maruf Tidak Asal Berkomentar https://t.co/QlDvJMmozN","1085323050516729861","","","in","","0","0","0","https://x.com/undefined/status/1085323050516729861","962348570",
"1085201387489619968","Tue Jan 15 23:49:11 +0000 2019","0","@faizalassegaf @jokowi @prabowo Saran saya buat FA biar pooling anda menang: 1. Jokowi-Ma'ruf (Retweet) 2. Ma'ruf-Jokowi (Like) Terus anda pin deh ","1085323039460356097","","faizalassegaf","in","","0","0","0","https://x.com/undefined/status/1085323039460356097","995392544165916673",
"1085201387489619968","Tue Jan 15 23:49:09 +0000 2019","0","@faizalassegaf @FransiskusMeggy @jokowi @prabowo Ditukar lh no 1 like no 2 retweet","1085323032153882624","","faizalassegaf","in","","0","0","0","https://x.com/undefined/status/1085323032153882624","565588124",
"1085323015208951808","Tue Jan 15 23:49:05 +0000 2019","0","@01Cirebon Korupsi ditindak rakyat untuk banyak... Sukseskan pilpres 2019 dengan memulih bapak jokowi dan kyai H Maruf amin #01Metalcirebonraya #01indramayu #01majalengka #01subangmetal #01kuningan #KosongSatuMetal #01PanturaMetal https://t.co/bRlG0K5n4s","1085323015208951808","https://pbs.twimg.com/media/Dw_XhnSU8AA6b5L.jpg","01Cirebon","in","","0","0","0","https://x.com/undefined/status/1085323015208951808","1080476776550129664",
"1085211630852485120","Tue Jan 15 23:48:59 +0000 2019","0","@King54fir @marierteman @prabowo @sandiuno @CakKhum @MbahUyok @BangPino_ @RajaPurwa @maspiyuuu Maklum DJ diskotik emperam.. Cuiiiiihhh... gk kenal dan gk mau kenallll","1085322987325206528","","","in","","0","0","0","https://x.com/undefined/status/1085322987325206528","2504721457",
"1085322979683135490","Tue Jan 15 23:48:57 +0000 2019","0","Prabowo dilarang masuk Amerika? ","1085322979683135490","","","in","","0","0","0","https://x.com/undefined/status/1085322979683135490","990050154358104064",
"1084686460886740993","Tue Jan 15 23:48:51 +0000 2019","0","@permadiaktivis @_DIM45_ARYA_ @jokowi @Ferdinand_Haean Mantan yang sakit hati!","1085322956991913984","","permadiaktivis","in","","0","0","0","https://x.com/undefined/status/1085322956991913984","1071075156045422593",
"1084103806298640385","Tue Jan 15 23:48:50 +0000 2019","0","@Angelyca_Nayoan @212ThePowerOff1 @BasukiAyu @putraj919 @Ngebet_Kaya @Chebby_c_coplax @abiyyu231299 @bangagoeng96 @EDitektif @HotPepperminTea @R373NTT @Dody_Lukas___ @KBedug @harysantana @SakaratulMaut__ @HajrahDouboegis @adilmer4 @omibb @Anggraini_4yu @NOLTEN7 @riani_212 @Gawat21739239 @NeoWisanggeni @Vife991 @Santri_Mujahid @Riast10 @prabowo @sandiuno @angga_listio @SilentH0512 @King54fir @Vinny_Cj @PEPESOfficial @PEPESOfficiaI @faizalassegaf @ruhutsitompul Jadi kira2 atau pasti niy neng... Akun bakal tutup #RakyatKorbanJanji2014","1085322948976599040","","Angelyca_Nayoan","in","","0","0","0","https://x.com/undefined/status/1085322948976599040","430418078",
"1084826375112994816","Tue Jan 15 23:48:42 +0000 2019","0","@ant_of_Ibrahim @Dennysiregar7 @makLambeTurah @budimandjatmiko @yunartowijaya Ayoooo .. protes kenapa KPU nya ngga mau nerima perubahan visi misi nya .. Jokowi maahhh .. baru 3x ikut debat sih ... 2x walikota 1x gun dan 1x presiden ... Hheheehehee ....","1085322916672098304","","ant_of_Ibrahim","in","","0","0","0","https://x.com/undefined/status/1085322916672098304","1022410316146139136",
"1085201387489619968","Tue Jan 15 23:48:37 +0000 2019","0","@faizalassegaf @jokowi @prabowo Bot nya berhenti operatornya tdr hbs begadang ?","1085322897177030662","","faizalassegaf","in","","0","0","0","https://x.com/undefined/status/1085322897177030662","3225900013",
"1085146123721789441","Tue Jan 15 23:48:31 +0000 2019","0","@FadjroL @King54fir @GPAnsor_Satu @jokowi Kapal udh oleh tikus panik.. Satu kolam saling senggol.. #RakyatKorbanJanji2014","1085322870870355969","","digembokASLl","in","","0","0","0","https://x.com/undefined/status/1085322870870355969","1048347746640396288",
"1085322797356728321","Tue Jan 15 23:48:13 +0000 2019","0","Selamat pagi.. Barista: Jokowi 01.. Jokowi 01 Saya : hi.. Mbak.. B: sy juga pendukung pak Jokowi pak.. Banyak jg lho pake Nama pak Jokowi.. Senang aja teriakinnya S: Mantap #StarbucksID #01JokowiLagi https://t.co/KVuWikw5i2","1085322797356728321","https://pbs.twimg.com/media/Dw_XUMRUcAARj1q.jpg","","in","","0","0","0","https://x.com/undefined/status/1085322797356728321","73710054",
"1085320553668304897","Tue Jan 15 23:48:07 +0000 2019","0","@maspiyuuu @SBYudhoyono @jokowi Kalo Prabowo menang mending bikin penjara lebih besar takutnya penjara yg sekarang ga bisa nampung","1085322772467732480","","mas_piyuuu","in","","0","0","0","https://x.com/undefined/status/1085322772467732480","4845262633",
"1085322755082412033","Tue Jan 15 23:48:03 +0000 2019","0","Fahri Hamzah Kritik Pidato Prabowo Apa Yang Salah ? https://t.co/dsMSwr4sOS","1085322755082412033","","","in","","0","0","0","https://x.com/undefined/status/1085322755082412033","1006764323832782848",
"1085201387489619968","Tue Jan 15 23:47:53 +0000 2019","0","@faizalassegaf @jokowi @prabowo Hajar terus like.. biar akun ini Tutup.","1085322713399345152","","faizalassegaf","in","","0","0","0","https://x.com/undefined/status/1085322713399345152","278273430",
"1085322672391614465","Tue Jan 15 23:47:44 +0000 2019","0","@dr_tompi @prabowo @2019ForPrabowo","1085322672391614465","","dr_tompi","qam","","0","0","0","https://x.com/undefined/status/1085322672391614465","964029205301248000",
"1085313715816214528","Tue Jan 15 23:47:19 +0000 2019","0","@alpinkori @Marsudi__ @sandiuno @prabowo @EAndesla @hongkiy1 @Mmahalik2 @INTANHambaAllah @Ammar230214 @USutendi @permadiaktivis @RizmaWidiono MakLeb semua komen2 nya guys ","1085322569723502593","","Baracuda1818","in","","0","0","0","https://x.com/undefined/status/1085322569723502593","896040119848665088",
"1085322533564379136","Tue Jan 15 23:47:10 +0000 2019","0","Jokowi wajib di dukung #TeJo #TetapJokowi #Jokowi2Periode","1085322533564379136","","","in","","0","0","0","https://x.com/undefined/status/1085322533564379136","1027415321290756096",
"1084960414029377537","Tue Jan 15 23:47:09 +0000 2019","0","@permadiaktivis @prabowo Sebarkan kebaikan ahahaha iyaiyaiya aja dah.","1085322526069145600","","permadiaktivis","in","","0","0","0","https://x.com/undefined/status/1085322526069145600","472842625",
"1084103806298640385","Tue Jan 15 23:47:06 +0000 2019","0","@Angelyca_Nayoan @NoessChe @212ThePowerOff1 @BasukiAyu @putraj919 @Ngebet_Kaya @Chebby_c_coplax @abiyyu231299 @bangagoeng96 @HotPepperminTea @R373NTT @Dody_Lukas___ @KBedug @harysantana @SakaratulMaut__ @HajrahDouboegis @adilmer4 @omibb @Anggraini_4yu @NOLTEN7 @riani_212 @Gawat21739239 @NeoWisanggeni @Vife991 @Santri_Mujahid @Riast10 @prabowo @sandiuno @angga_listio @SilentH0512 @King54fir @Vinny_Cj @PEPESOfficial @PEPESOfficiaI @faizalassegaf @ruhutsitompul karna dia kek gitu gak konsisten makanya gak sapat jabatan komisaris ","1085322515818270721","","Angelyca_Nayoan","in","","0","0","0","https://x.com/undefined/status/1085322515818270721","1029299998087733248",
"1085322497690497024","Tue Jan 15 23:47:02 +0000 2019","0","@jokowi","1085322497690497024","","jokowi","qam","","0","0","0","https://x.com/undefined/status/1085322497690497024","1052335064",
"1085077382707310592","Tue Jan 15 23:46:53 +0000 2019","0","@Biawak_Buas @Ardhan_syahil @prabowo @sandiuno Alasan-nya CUMAN SATU Walupun tidak di UNGKAP Yaitu : TIDAK MAU karena TIDAK BISA..!. KAN.. Agama yg Sbnarnya Kristen Protestan..?!. Yah Jlas Saja kga BIIIISAAA..! (ISLAMNYA HNY PORE-PORE) alias Islam KTP dooaaang...?! Hahahahahhh bgt aja REPOOT.","1085322461544046592","","","in","","0","0","0","https://x.com/undefined/status/1085322461544046592","1037057962865438720",
"1085201387489619968","Tue Jan 15 23:46:42 +0000 2019","0","@faizalassegaf @jokowi @prabowo Bentar lagi banci syiah bakal raib dari TL gw ","1085322414756528130","","faizalassegaf","in","","0","0","0","https://x.com/undefined/status/1085322414756528130","1031531513702047745",
"1085322392094814208","Tue Jan 15 23:46:37 +0000 2019","0","(Liputan 6 | Polri Gandeng Mahasiswa Tangkal Hoaks Jelang Pemilu 2019) https://t.co/jlsQheo20I #pemilu #pemilu2019","1085322392094814208","","","in","","0","0","0","https://x.com/undefined/status/1085322392094814208","968428811107819521",
"1085179602983473153","Tue Jan 15 23:46:31 +0000 2019","35","@albertpanjaitn Lucu ya kalau ijazah SMA Jokowi palsu terus dia bisa masuk UGM (universitas negri prestisius lo) sudah gitu lolos jadi walikota 2x jadi gubernur terus jadi presiden tanpa ketahuan sekalipun..? Hebat...","1085322366303887360","","BatakModeren","in","","0","0","4","https://x.com/undefined/status/1085322366303887360","2701867899",
"1085211630852485120","Tue Jan 15 23:46:30 +0000 2019","0","@King54fir @saididu @prabowo @sandiuno @CakKhum @MbahUyok @BangPino_ @RajaPurwa @maspiyuuu Raper yg Baper'.....takut peruTnya lapeeeeeeR' efek bisikan setan kecil yg sudah meracuni otak kecil' #KamiBersamaCakKhum #BoikotKillthedj #IndonesiaMenang","1085322362868838400","","","in","","0","0","0","https://x.com/undefined/status/1085322362868838400","1074646379752869888",
"1085322356128542722","Tue Jan 15 23:46:28 +0000 2019","0","tetap fokus Jokowi 2 Periode that is the point #2019jokowilanjut #2019TetapJokowi #2019JokowiMaruf #2019JokowiMarufAmin","1085322356128542722","","","in","","0","0","0","https://x.com/undefined/status/1085322356128542722","1025278791730380805",
"1085320553668304897","Tue Jan 15 23:46:28 +0000 2019","0","@maspiyuuu @SBYudhoyono @jokowi Gile mark up nya.. Indonesia mau dibangkrutkan melalui pemimpin bodoh..","1085322356073984000","","mas_piyuuu","in","","0","0","0","https://x.com/undefined/status/1085322356073984000","971046093331943424",
"1085211630852485120","Tue Jan 15 23:46:19 +0000 2019","0","@King54fir @saididu @prabowo @sandiuno @CakKhum @MbahUyok @BangPino_ @RajaPurwa @maspiyuuu Akun kloningan yg bisanyaa ngegiring opini doang hueheu...","1085322319596146689","","","in","","0","0","0","https://x.com/undefined/status/1085322319596146689","281879230",
"1085211630852485120","Tue Jan 15 23:46:17 +0000 2019","0","@King54fir @surantiko @prabowo @sandiuno @CakKhum @MbahUyok @BangPino_ @RajaPurwa @maspiyuuu Lebay.... Itu kan bukan lagu resmi kampanye @Prabowo_Sandi_ saya yakin tpi itu adalah spontan dilakukan pendukung 02 sama saja spontannya pak jokowi menyanyikan jaiunudin naciro tpi sabyan yg lbh terkenal dr @killthedj santai aja #KamiBersamaCakKhum #BoikotKillthedj","1085322309538217985","","","in","","0","0","0","https://x.com/undefined/status/1085322309538217985","102606343",
"1085077382707310592","Tue Jan 15 23:46:12 +0000 2019","0","@Biawak_Buas @prabowo @sandiuno Gk usahlah di harapkan mana bisa dia itu ngaji","1085322287056736256","","","in","","0","0","0","https://x.com/undefined/status/1085322287056736256","1370056795",
"1084825269427265538","Tue Jan 15 23:46:10 +0000 2019","0","@eliya_mkom @S0N_2000 Alhamdulilah siap babak ke dua memasyarakatkan misi visi Indonesia Menang Prabowo Sandi seluruh Indonesia. #RakyatKorbanJanji2014 #RakyatInginkanPerubahan #2019RakyatPilihPrabowoSandi #2019PrabowoPresidenRI #2019prabowopresident08","1085322278601027584","","eliya_mkom","in","","0","0","0","https://x.com/undefined/status/1085322278601027584","459674205",
"1085320553668304897","Tue Jan 15 23:45:56 +0000 2019","0","@maspiyuuu @SBYudhoyono @jokowi #1km500Miliar","1085322221407502338","","mas_piyuuu","qme","","0","0","0","https://x.com/undefined/status/1085322221407502338","798811389959639040",
"1084605853892718592","Tue Jan 15 23:45:50 +0000 2019","0","@Ferdinand_Haean @internetmain @jokowi Masak itu aja harus diajari ! Lihat aja di APBN orang pintar. Emang APBN ditutup-tutupi.","1085322195780362240","","Ferdinand_Haean","in","","0","0","0","https://x.com/undefined/status/1085322195780362240","3181549070",
"1085320553668304897","Tue Jan 15 23:45:47 +0000 2019","0","@maspiyuuu @SBYudhoyono @jokowi Sungguh terlalu...IKm 690 M ??.","1085322182006169605","","mas_piyuuu","in","","0","0","0","https://x.com/undefined/status/1085322182006169605","382696713",
"1085091153618169857","Tue Jan 15 23:45:32 +0000 2019","0","@bangzul_1988 @Haloe_Kampoeng @SBYudhoyono @Gerindra @Ferdinand_Haean @AndiArief__ Baru Capres sdh sombong tdk di kenalkan dulu org asing itu pd SBY ","1085322121188761601","","bangzul_88","in","","0","0","0","https://x.com/undefined/status/1085322121188761601","830452582468374529",
"1083748882373259264","Tue Jan 15 23:45:31 +0000 2019","0","@widyandaru3 @JengTitis @om_dedimu @MbahUyok @jokowi Mobil Esemka Hoak Abadi","1085322117401391104","","widyandaru3","in","","0","0","0","https://x.com/undefined/status/1085322117401391104","1031547184695537666",
"1084854492535771136","Tue Jan 15 23:45:29 +0000 2019","0","@echasugar @Ernijasin @jokowi @ASapardan @RizmaWidiono @TheArieAir @permadiaktivis @Aryprasetyo85 @P3nj3l4j4h @erickthohir Tegang diperlukan utk menghidupkan dan menjalankan sesuatu.... Listrikkk","1085322107901235201","","kimmyylady","in","","0","0","0","https://x.com/undefined/status/1085322107901235201","63125478",
"1085211630852485120","Tue Jan 15 23:45:23 +0000 2019","0","@King54fir @tukangcucimobil @prabowo @sandiuno @CakKhum @MbahUyok @BangPino_ @RajaPurwa @maspiyuuu #KamiBersamaCakKhum","1085322082160828417","","","qme","","0","0","0","https://x.com/undefined/status/1085322082160828417","908516318504148997",
"1085051666083110912","Tue Jan 15 23:45:06 +0000 2019","0","@Ferdinand_Haean @prabowo @yunartowijaya @permadiaktivis avenger punya senjata baru racun kjengking utk hadapi thanos hahaha","1085322011155488770","","Ferdinand_Haean","in","","0","0","0","https://x.com/undefined/status/1085322011155488770","1043449862",
"1085211630852485120","Tue Jan 15 23:45:04 +0000 2019","0","@King54fir @marierteman @prabowo @sandiuno @CakKhum @MbahUyok @BangPino_ @RajaPurwa @maspiyuuu Kita lihat seberapa cepat respon pakpol bila pelapor nya dari pendukung petahana... kita lihat","1085322002540331008","","","in","","0","0","0","https://x.com/undefined/status/1085322002540331008","930191748688592896",
"1085321957933903873","Tue Jan 15 23:44:53 +0000 2019","0","Pidato Prabowo Vs Jokowi Media Indonesia Di Mata Pengamat Asin https://t.co/UOnTRDmoen","1085321957933903873","","","in","","0","0","0","https://x.com/undefined/status/1085321957933903873","2242183578",
"1085107971783360513","Tue Jan 15 23:44:51 +0000 2019","0","@LisaAmartaTara Oooh ... mbak @LisaAmartaTara dulu Jokower juga thoh ? ..... Sama dong (waktu maju gub DKI) namun waktu maju capres ngak lah yaow (terditeksi mencla-menclenya &amp; ngak natural)","1085321948714885120","","LisaAmartaTara","in","","0","0","0","https://x.com/undefined/status/1085321948714885120","482761374",
"1085201387489619968","Tue Jan 15 23:44:36 +0000 2019","0","@faizalassegaf @jokowi @prabowo #2019PrabowoPresiden","1085321885959606272","","faizalassegaf","qme","","0","0","0","https://x.com/undefined/status/1085321885959606272","172662384",
"1085321868825903104","Tue Jan 15 23:44:32 +0000 2019","0","@PT_TransJakarta knapa t 11 tidak menarik penumpang di bindrean senayan padahal penumpang sudah menumpuk. Tercatat 2 bis PPD0384 dan PPD 0357 langsung keluar jalur tanpa ambil penumpang. Padahal bis selanjutnya masih di slipi kemanggisan @aniesbaswedan @jokowi https://t.co/GGiELK36zQ","1085321868825903104","https://pbs.twimg.com/media/Dw_WeoQU8AA1MQn.jpg","PT_Transjakarta","in","","0","0","0","https://x.com/undefined/status/1085321868825903104","37311072",
"1085163079917174784","Tue Jan 15 23:44:27 +0000 2019","0","@MRomahurmuziy @jokowi semangat trs gus @MRomahurmuziy mudah2an jokowi dan kiai ma'ruf bsa maksimal debat ny dan akhirnya menang lagi 2 priode.Amin","1085321848282263552","","PenikmatGowes","in","","0","0","0","https://x.com/undefined/status/1085321848282263552","1082510604449996801",
"1084854492535771136","Tue Jan 15 23:44:26 +0000 2019","0","@echasugar @Ernijasin @jokowi @ASapardan @RizmaWidiono @TheArieAir @permadiaktivis @Aryprasetyo85 @P3nj3l4j4h @erickthohir Laah dadi fosil pitikantropus ereksis.... Gmn legendanya tuh","1085321844104675328","","kimmyylady","in","","0","0","0","https://x.com/undefined/status/1085321844104675328","63125478",
"1085321827918872577","Tue Jan 15 23:44:22 +0000 2019","0","Timses kedua capres silakan manfaatkan data ini..","1085321827918872577","","","in","","0","0","0","https://x.com/undefined/status/1085321827918872577","190666622",
"1085321823707848705","Tue Jan 15 23:44:21 +0000 2019","0","Ketua Pelaksana Harian Rumah Aspirasi Prabowo-Sandi Lieus Sungkharisma meminta kasus-kasus pelanggaran Hak Asasi Manusia (HAM) dan kriminalisasi terhadap tokoh pergerakan aktivis hingga tokoh agama bisa diselesaikan sebelum Pilpres 2019. https://t.co/BoGw8XEdkQ","1085321823707848705","","","in","","0","0","0","https://x.com/undefined/status/1085321823707848705","1052798082419580928",
"1085321755772608512","Tue Jan 15 23:44:05 +0000 2019","0","Saling Sindir Jokowi vs Prabowo Jelang Debat Capres https://t.co/bI9gNwlMNX","1085321755772608512","","","in","","0","0","0","https://x.com/undefined/status/1085321755772608512","456426648",
"1085201387489619968","Tue Jan 15 23:44:03 +0000 2019","0","@faizalassegaf @jokowi @prabowo #IndonesiaMenang","1085321745395904512","","faizalassegaf","qme","","0","0","0","https://x.com/undefined/status/1085321745395904512","1077723312854167552",
"1085201387489619968","Tue Jan 15 23:43:58 +0000 2019","0","@faizalassegaf @jokowi @prabowo Dah luuu tutup akun sonoo. Udah mutlak","1085321727675052032","","faizalassegaf","in","","0","0","0","https://x.com/undefined/status/1085321727675052032","1172972832",
"1084838368930742273","Tue Jan 15 23:43:55 +0000 2019","0","@supraharno @ganjarpranowo @jokowi @Prie_GS @supraharno kurang piknik karo kurang ngopi.. piknik karo ngopi sit.. ben ora spaneng karo nyinyir kang..","1085321714819465216","","","in","","0","0","0","https://x.com/undefined/status/1085321714819465216","990518123420774401",
"1085201387489619968","Tue Jan 15 23:43:54 +0000 2019","0","@RelawanProSandi @faizalassegaf @jokowi @prabowo Done. Ayo gaungkan agar syiah laknat tidak mengotori pikiran umat.","1085321711182987264","","RelawanProSandi","in","","0","0","0","https://x.com/undefined/status/1085321711182987264","1733398086",
"1085201387489619968","Tue Jan 15 23:43:53 +0000 2019","0","@faizalassegaf @jokowi @prabowo ga jauh beda ama junjungannya dah... Janji mulu.. Yg potong kuping yg bersujud ato jilat kaki ya mpe skrg ga terbukti.... Jambu jambu.......","1085321705722003456","","faizalassegaf","in","","0","0","0","https://x.com/undefined/status/1085321705722003456","98362757",
"1085211630852485120","Tue Jan 15 23:43:51 +0000 2019","0","@King54fir @saididu @prabowo @sandiuno @CakKhum @MbahUyok @BangPino_ @RajaPurwa @maspiyuuu Hanya kampret yg ngedukung maling bangsat","1085321698121900032","","","in","","0","0","0","https://x.com/undefined/status/1085321698121900032","1218232724",
"1085321696704454661","Tue Jan 15 23:43:51 +0000 2019","0","ilc menjelang debat capres 2019 part 5 15 januari 2019: https://t.co/F9FXnOe7mC melalui @YouTube","1085321696704454661","","","in","","0","0","0","https://x.com/undefined/status/1085321696704454661","244810080",
"1085321674554204160","Tue Jan 15 23:43:46 +0000 2019","0","Jokowi pemimpin jempolan Jokowi berhasil membawa Indonesia makin maju dan rakyat makin sejahtera #KPKKuatIndonesiaMaju","1085321674554204160","","","in","","0","0","0","https://x.com/undefined/status/1085321674554204160","1058814147184361472",
"1085321656980000768","Tue Jan 15 23:43:41 +0000 2019","0","@prabowo @sandiuno @jansen_jsp @zarazettirazr Lihat sorot mata jari dan full power tangannya nenek kita yg satu ini. Penuh keyakinan &amp; semangat kemenangan. Nek you are ROCK!! #RakyatInginkanPerubahan #2019PrabowoPresidenRI https://t.co/Zl39Jf3azN","1085321656980000768","https://pbs.twimg.com/media/Dw_WR1QVAAA8spA.jpg","prabowo","in","","0","0","0","https://x.com/undefined/status/1085321656980000768","1631729401",
"1084991501040406528","Tue Jan 15 23:43:41 +0000 2019","0","@duyehSH @didikisGooners @kimto_laij @Paltirama3 @jokowi Haha","1085321654480191488","","","tl","","0","0","0","https://x.com/undefined/status/1085321654480191488","541755460",
"1085321631310827520","Tue Jan 15 23:43:35 +0000 2019","0","An analysis of why Jokowi has failed to achieve his 2014 election pledge to achieve 7% annual growth by Hal Hill from @ANUasiapacific #acicispp2019 https://t.co/KizHpMJrd9","1085321631310827520","","","en","","0","0","0","https://x.com/undefined/status/1085321631310827520","208785451",
"1085047673806192640","Tue Jan 15 23:43:27 +0000 2019","0","@eko_kuntadhi Orang Kristen yg tdk kuat iman yg terprovokasi dan memilih golput oleh tindakan pendukung Prabosan yg sengaja mendeskreditkan pemerintah. Di periode ke2 pak Jokowi pasti menindak tegas kaum intoleran. #01JokowiLagi #2019JokowiPresidenRI #01IndonesiaMaju #SalamSatuJempol","1085321595290234882","","_ekokuntadhi","in","","0","0","0","https://x.com/undefined/status/1085321595290234882","899597703058817024",
"1085201387489619968","Tue Jan 15 23:43:21 +0000 2019","0","@faizalassegaf @jokowi @prabowo Kalo nomor 1 kalah....gag bakal dia tutup akun. Pasti mainan *kata* no.2 yg menang bukan oposisi krn oposisi ga ada dalam pilihan. Plus dr RT dia ngarep pendukung 1 meluas militansinya. Gitu bukan ya??","1085321570954883072","","faizalassegaf","in","","0","0","0","https://x.com/undefined/status/1085321570954883072","82274678",
"1085321564852125696","Tue Jan 15 23:43:20 +0000 2019","0","Saya suka video @YouTube https://t.co/bU35kyOgQf Pidato Kebangsaan Prabowo Subianto | tvOne (14/1/2019)","1085321564852125696","","","in","","0","0","0","https://x.com/undefined/status/1085321564852125696","2317825008",
"1085321558980100098","Tue Jan 15 23:43:18 +0000 2019","0","jokowi presiden","1085321558980100098","","","in","","0","0","0","https://x.com/undefined/status/1085321558980100098","1926504792",
"1085321552097243136","Tue Jan 15 23:43:16 +0000 2019","0","Akan terlihat nanti saat debat. Jokowi adalah orang yg hapal detail mengenai angka2.","1085321552097243136","","","in","","0","0","0","https://x.com/undefined/status/1085321552097243136","85390931",
"1085019905261334529","Tue Jan 15 23:43:15 +0000 2019","0","@Asroel_Boz @AT_AbdillahToha Yg jelas dibawah kepemimpinan Jokowi arah nya jelas dan menuju lebih baik. Masalah yg belum ditepati pasti ada alasan yg tepat jg. Emang presiden2 sblm nya telah menepati 100% janji2 nya ?Nah kalao PS jadi Presiden malah kembali ke orba!!Gue sih No buat PS Jokowi 2 periode !!!","1085321547525451777","","Asroel_Boz","in","","0","0","0","https://x.com/undefined/status/1085321547525451777","2595790410",
"1085321547219267584","Tue Jan 15 23:43:15 +0000 2019","0","Semua yang dilakukan Presiden Jokowi prioritasnya untuk kesejahteraan rakyat itulah yang membuatnya begitu dicintai semua siap membelanya bersama #KPKKuatIndonesiaMaju https://t.co/8BQVxUy9K4","1085321547219267584","https://pbs.twimg.com/media/Dw_WEzeU0AAOadb.jpg","","in","","0","0","0","https://x.com/undefined/status/1085321547219267584","1058814147184361472",
"1085310826427240448","Tue Jan 15 23:43:10 +0000 2019","0","@CakKhum Kaum selawi (semua salah jokowi) emang gak ada matinya. Kucingnya mati pun dia akan salahkan jokowi... Karakter plagiat gak mau mikir senengnya nyalah2in orang! https://t.co/RGL9WgwtdV","1085321525526319105","https://pbs.twimg.com/media/Dw_WKu_VYAAQfrF.jpg","suaragagap","in","","0","0","0","https://x.com/undefined/status/1085321525526319105","1028564778082394112",
"1085201387489619968","Tue Jan 15 23:43:04 +0000 2019","0","@faizalassegaf @TopBatak92 @jokowi @prabowo Indonesia kayak yg mau perang di dalam negara sendiri hadehh","1085321499026743296","","faizalassegaf","in","","0","0","0","https://x.com/undefined/status/1085321499026743296","974419788502941696",
"1085201387489619968","Tue Jan 15 23:43:04 +0000 2019","0","@faizalassegaf @jokowi @prabowo @Ferdinand_Haean @marierteman @BangPino_","1085321498036817920","","faizalassegaf","qam","","0","0","0","https://x.com/undefined/status/1085321498036817920","1077723312854167552",
"1084705540255539200","Tue Jan 15 23:43:03 +0000 2019","0","@harysantana @Teh_telor78 @HarryRidwan_Ay @Angelyca_Nayoan @bangagoeng96 @KBedug @212ThePowerOff1 @HotPepperminTea @Dody_Lukas___ @Rusydi_riau @Riast10 @IpungLombok @ices_tea @EDitektif @Anggraini_4yu @Valhalla_Asgard @kucingeksotic @GPAnsor_Satu @prabowo @tv2nkri @tvOneNews Aamiin","1085321495901925376","","harysantana","fi","","0","0","0","https://x.com/undefined/status/1085321495901925376","259582145",
"1085321481251221505","Tue Jan 15 23:43:00 +0000 2019","0","Jika Pemilu berjalan jujur bismillaah..bi idznillaah..Insya Allah Prabowo-Sandi Presiden-Wakil Presiden 2019-2024. Aamiin.","1085321481251221505","","","in","","0","0","0","https://x.com/undefined/status/1085321481251221505","752004036950274048",
"1085321443368419329","Tue Jan 15 23:42:51 +0000 2019","0","Jelang Pemilu 2019 Polsek Purbalingga Beri Pembekalan dan Pelatihan Linmas https://t.co/7mgbPuHY3v https://t.co/DNPlPDU95K","1085321443368419329","https://pbs.twimg.com/media/Dw_WGcbVAAAfrZs.jpg","","in","","0","0","0","https://x.com/undefined/status/1085321443368419329","982080509483220992",
"1085247857790255106","Tue Jan 15 23:42:45 +0000 2019","0","@detikcom @prabowo @sandiuno @jokowi @20detik Janji jalan kaki jogja jakarta kapan nih di tunaikan? Hati2 loh dengan janji","1085321418370240512","","detikcom","in","","0","0","0","https://x.com/undefined/status/1085321418370240512","1151103096",
"1084830930231910401","Tue Jan 15 23:42:44 +0000 2019","0","@Dennysiregar7 @jokowi Dalam pencapresan yg sekarang ini @prabowo lebih pantas disebut kritikus ketimbang seorang yg ingin jadi pemenang. Sebab rakyat tidak tau kelebihannya apa dibandingkan dgn Jokowi","1085321415002185728","","","in","","0","0","0","https://x.com/undefined/status/1085321415002185728","137514698",
"1085201387489619968","Tue Jan 15 23:42:40 +0000 2019","0","@faizalassegaf @jokowi @prabowo Padahal buzzernya cebong keren2 tp ttp aja tumbang di sosmed ","1085321397537128448","","faizalassegaf","in","","0","0","0","https://x.com/undefined/status/1085321397537128448","3149419488",
"1085201387489619968","Tue Jan 15 23:42:38 +0000 2019","0","@faizalassegaf @jokowi @prabowo siap2 lo tutup akun","1085321390184587264","","faizalassegaf","in","","0","0","0","https://x.com/undefined/status/1085321390184587264","1032249056901324800",
"1085264652454502400","Tue Jan 15 23:42:33 +0000 2019","0","@anggoroadjar1 @Uyiq2 @BangCepot77 @detikcom @prabowo Mereka hanya Tau dari media YG belum jls kebenaran nya .biasa nya","1085321370454478848","","ChrolloJupiter","in","","0","0","0","https://x.com/undefined/status/1085321370454478848","798343893599207424",
"1085321366620884992","Tue Jan 15 23:42:32 +0000 2019","0","Anda bicara tarif dokter apa pendapatan dokter. Yang dibilang Prabowo gaji dokter kalah sama tukang parkir bukan tarif. Jangan yang diukur pendapatan dokter baru lulus. Apalagi dokter yang ditempatkan di daerah. Tarif BPJS memang tidak sama dengan yg komersial","1085321366620884992","","","in","","0","0","0","https://x.com/undefined/status/1085321366620884992","992647215330934786",
"1085247857790255106","Tue Jan 15 23:42:32 +0000 2019","0","@detikcom @prabowo @sandiuno @jokowi @20detik Amin Rais demi kekuasaan sudah mencoba menjadi Tuhan ingat pak Amin CELAKALAH ORANG-ORANG YANG MENETAP-NETAPKAN","1085321366545432576","","detikcom","in","","0","0","0","https://x.com/undefined/status/1085321366545432576","971730918195961856",
"1084103806298640385","Tue Jan 15 23:42:21 +0000 2019","0","@Angelyca_Nayoan @212ThePowerOff1 @BasukiAyu @putraj919 @Ngebet_Kaya @Chebby_c_coplax @abiyyu231299 @bangagoeng96 @EDitektif @HotPepperminTea @R373NTT @Dody_Lukas___ @KBedug @harysantana @SakaratulMaut__ @HajrahDouboegis @adilmer4 @omibb @Anggraini_4yu @NOLTEN7 @riani_212 @Gawat21739239 @NeoWisanggeni @Vife991 @Santri_Mujahid @Riast10 @prabowo @sandiuno @angga_listio @SilentH0512 @King54fir @Vinny_Cj @PEPESOfficial @PEPESOfficiaI @faizalassegaf @ruhutsitompul Bwkkkwkkk Kesian betul","1085321320341024768","","Angelyca_Nayoan","in","","0","0","0","https://x.com/undefined/status/1085321320341024768","430418078",
"1085321304444530689","Tue Jan 15 23:42:17 +0000 2019","0","Tolong jangan mention pak @jokowi","1085321304444530689","","","in","","0","0","0","https://x.com/undefined/status/1085321304444530689","59135523",
"1085201387489619968","Tue Jan 15 23:42:07 +0000 2019","0","@faizalassegaf @jokowi @prabowo Wahaha.. Telak. Ga usah tutup gpp. Yg paling penting perbaiki akal sehatmu.","1085321259058028544","","faizalassegaf","in","","0","0","0","https://x.com/undefined/status/1085321259058028544","213207974",
"1085321244277264384","Tue Jan 15 23:42:03 +0000 2019","0","Mesranya Jokowi dan Habibie https://t.co/cpY8nCA4IK","1085321244277264384","","","in","","0","0","0","https://x.com/undefined/status/1085321244277264384","160273557",
"1085201387489619968","Tue Jan 15 23:42:02 +0000 2019","0","@faizalassegaf @jokowi @prabowo #2019GantiPresiden #2019PrabowaPresidenRI","1085321238665256962","","faizalassegaf","qme","","0","0","0","https://x.com/undefined/status/1085321238665256962","1068653916701712384",
"1085321229798723589","Tue Jan 15 23:42:00 +0000 2019","0","I added a video to a @YouTube playlist https://t.co/dhQ61KqS2D AKAL MIRING ! KENAPA HUJAT TERUS JOKOWI BUKAN SBY ? SELFI SELFI PRABOWO","1085321229798723589","","","in","","0","0","0","https://x.com/undefined/status/1085321229798723589","1051583368402366464",
"1084960414029377537","Tue Jan 15 23:41:55 +0000 2019","0","@permadiaktivis @prabowo Biarkan kebenaran mencari jalannya toh dia tdk akan tersesat","1085321210949300225","","permadiaktivis","in","","0","0","0","https://x.com/undefined/status/1085321210949300225","113915519",
"1085321203601063936","Tue Jan 15 23:41:53 +0000 2019","0","Dihina Pendukung Prabowo Usai Ungkap Teleprompter Putri Gus Mus: Saya Kritisi Jokowi Tidak Pernah Dihina Begini https://t.co/UE5zZioDDu https://t.co/UE5zZioDDu","1085321203601063936","","","in","","0","0","0","https://x.com/undefined/status/1085321203601063936","2833658184",
"1085201387489619968","Tue Jan 15 23:41:43 +0000 2019","0","@faizalassegaf @jokowi @prabowo Guys tunjukkan kita bukanlah robot spt si faizal. #2019PrabowoPresidenRI #RakyatKorbanJanji2014","1085321161775304704","","faizalassegaf","in","","0","0","0","https://x.com/undefined/status/1085321161775304704","1733398086",
"1085201387489619968","Tue Jan 15 23:41:26 +0000 2019","0","@faizalassegaf @jokowi @prabowo Kita akan liat mulutnya sama tindakanya masih imbang apa gak","1085321089780051969","","faizalassegaf","in","","0","0","0","https://x.com/undefined/status/1085321089780051969","773300786",
"1085320553668304897","Tue Jan 15 23:41:24 +0000 2019","0","@maspiyuuu @SBYudhoyono @jokowi Apa ini semacam berhutang buat dikorupsikan?","1085321079718010880","","mas_piyuuu","in","","0","0","0","https://x.com/undefined/status/1085321079718010880","725490129045852160",
"1085201387489619968","Tue Jan 15 23:41:24 +0000 2019","0","@faizalassegaf @enylove2 @jokowi @prabowo Bang pollingnya mmg bukan robot yg like it akun robot semua coba cek rata2 no.02 cyber medsos lbh canggih..satu org bisa Punya puluhan bakah ratusan akun..","1085321079684423682","","faizalassegaf","in","","0","0","0","https://x.com/undefined/status/1085321079684423682","1053245358199910400",
"1085201387489619968","Tue Jan 15 23:41:20 +0000 2019","0","@faizalassegaf @jokowi @prabowo Hahaha...mabok loe zal..","1085321062181568512","","faizalassegaf","tl","","0","0","0","https://x.com/undefined/status/1085321062181568512","1008372111390343169",
"1085321040786382848","Tue Jan 15 23:41:15 +0000 2019","0","Hari ini Rabu. Besok kamis. Setelahnya barulah hari jum'at. Aih ini baru status informatif!!! Sungguh bermanfaat bukan? Iya. Biasanya jelang debat capres banyak orang lupa diri merasa benar sendiri lupa... https://t.co/1sR0XrQIL3","1085321040786382848","","","in","","0","0","0","https://x.com/undefined/status/1085321040786382848","723037268",
"1085321012118401024","Tue Jan 15 23:41:08 +0000 2019","0","Jokowi 2 periode","1085321012118401024","","","in","","0","0","0","https://x.com/undefined/status/1085321012118401024","1084028413218713600",
"1085320553668304897","Tue Jan 15 23:41:05 +0000 2019","0","@maspiyuuu @SBYudhoyono @jokowi Kalo booming..menarik nieh berita...banyak yg ga tau @maspiyuuu","1085321001146101760","","mas_piyuuu","in","","0","0","0","https://x.com/undefined/status/1085321001146101760","91722106",
"1085320975799877632","Tue Jan 15 23:40:59 +0000 2019","0","Millenial yg golput pilpres gara-gara isu hoax dua capres itu lemah secara berpikir dan berdemokrasi. Sskarang serba mudah untuk menghindari hoax tinggal cari tahu kebenarannya bukan ngumbar ke publik lebih mending golput.","1085320975799877632","","","in","","0","0","0","https://x.com/undefined/status/1085320975799877632","306153016",
"1085320973325225985","Tue Jan 15 23:40:58 +0000 2019","0","Semoga @infoDISHUB @kemenhub151 @InfoKRL @CommuterLine dapat melakukan connecting langsung Tahun 2019 ini antara busway koridor 13 @PT_TransJakarta dengan stasiun kebayoran yaa pak presiden @jokowi dan didukung anggaran nya oleh @DPR_RI https://t.co/lhc7b9ATx2","1085320973325225985","https://pbs.twimg.com/media/Dw_VqHaUwAYS0I3.jpg","","in","","0","0","0","https://x.com/undefined/status/1085320973325225985","323718934",
"1085320966849257473","Tue Jan 15 23:40:57 +0000 2019","0","Prabowo menang kalau......","1085320966849257473","","","in","","0","0","0","https://x.com/undefined/status/1085320966849257473","131155117",
"1085320944027987968","Tue Jan 15 23:40:52 +0000 2019","0","@jokowi @BareskrimPolri @Puspen_TNI @DivHumas_Polri apa benar yang dimuat di https://t.co/ntq0gjt1mE itu statement dari Bapak Amin Rais jika Tentara RRC siap menduduki Indonesia? https://t.co/ntq0gjt1mE https://t.co/1Q5vmOsY9B","1085320944027987968","","jokowi","in","","0","0","0","https://x.com/undefined/status/1085320944027987968","68144377",
"1085073429047308288","Tue Jan 15 23:40:47 +0000 2019","0","@JajangRidwan19 Ono ae sampean mas koq cerdas tenan yoo jd intine sampean iki psti pilih jokowi toh poda karo aq sm dulur q kabeh milih jokowi mane","1085320926529343488","","jr_kw19","in","","0","0","0","https://x.com/undefined/status/1085320926529343488","1370056795",
"1085320922725113857","Tue Jan 15 23:40:46 +0000 2019","0","Ashli pake Shad ga paham gw sama pendukung @prabowo @sandiuno seperti yang begini @King54fir minta bantu tagar kalo ngerasa bener Lo lawan jangan bikin tagar. Yang kek gini dpt RT lagi dari seorang profesor (katanya) @saididu mbok ya cerdaskan","1085320922725113857","","","in","","0","0","0","https://x.com/undefined/status/1085320922725113857","991323083884580865",
"1085211630852485120","Tue Jan 15 23:40:41 +0000 2019","0","@King54fir @marierteman @prabowo @sandiuno @CakKhum @MbahUyok @BangPino_ @RajaPurwa @maspiyuuu #KamiBersamaCakKhum #BoikotKillthedj #IndonesiaMenang #2019PrabowoPresidenRI","1085320901367758848","","","qme","","0","0","0","https://x.com/undefined/status/1085320901367758848","633792221",
"1085320885345677313","Tue Jan 15 23:40:38 +0000 2019","0","Kubu Jokowi-Ma ruf Yakin Unggul di Debat Isu Korupsi https://t.co/mzkNGhak36","1085320885345677313","","","in","","0","0","0","https://x.com/undefined/status/1085320885345677313","846715204637376513",
"1085320882573230080","Tue Jan 15 23:40:37 +0000 2019","0","Ikatan Dai Aceh ingin ada tes baca Alquran bagi kedua pasangan calon di Pilpres 2019 Jokowi-Ma'ruf dan Prabowo-Sandiaga. Aspirasi itu mendapat dukungan MUI. https://t.co/4RI3oZamgU","1085320882573230080","","","in","","0","0","0","https://x.com/undefined/status/1085320882573230080","69183155",
"1085320872506777600","Tue Jan 15 23:40:34 +0000 2019","0","Fakta Gaji Tukang Parkir Lebih Besar dari PNS https://t.co/YmNimpv6FR #Prabowo #Jokowi #2019PrabowoPresidenRI #2019GantiPresiden #2019TetapJokowi #Pemilu2019 #Pilpres2019 #PrabowoSandi #JokowiMaruf #Prasan #RelawanPrasan","1085320872506777600","","","in","","0","0","0","https://x.com/undefined/status/1085320872506777600","1060073924879298561",
"1085320858237841408","Tue Jan 15 23:40:31 +0000 2019","0","(Okezone | Kubu Jokowi-Ma'ruf Yakin Unggul di Debat Isu Korupsi : Okezone News) https://t.co/3gmnU93WEa #pemilu #pemilu2019","1085320858237841408","","","in","","0","0","0","https://x.com/undefined/status/1085320858237841408","968428811107819521",
"1085170618461446144","Tue Jan 15 23:40:28 +0000 2019","0","@onsuti @faizalassegaf @prabowo @jokowi ","1085320845440897024","","gun4_","qme","","0","0","0","https://x.com/undefined/status/1085320845440897024","430418078",
"1085320843226275840","Tue Jan 15 23:40:27 +0000 2019","0","Benar adanya apa yang disampaikan La Nyala. Habis manis sepah dibuang. Nyatalah sikap aslinya wowok. Jangan biarkan Indonesia kecewa dimasa depan. Pilih @jokowi lebih menggembirakan","1085320843226275840","","","in","","0","0","0","https://x.com/undefined/status/1085320843226275840","870272938510962688",
"1085320762137985024","Tue Jan 15 23:40:08 +0000 2019","0","Hersubeno Arief: Pidato Prabowo Vs Jokowi Media Indonesia di Mata Pengamat Asing https://t.co/X4YEELdxwH","1085320762137985024","","","in","","0","0","0","https://x.com/undefined/status/1085320762137985024","2913405960",
"1084970755144658945","Tue Jan 15 23:40:06 +0000 2019","0","@P3nj3l4j4h @PurboAsmoro15 MAAF @prabowo saya mau tanya ? Anda bego apa oon ya ? Dimana gaji dokter lebih kecil dari tukang parkir? Yg berangkat kerja pakai mobil siapa ya ? Yg rumah nya di komplek siapa ya ?","1085320753577218054","","P3nj3l4j4h","in","","0","0","0","https://x.com/undefined/status/1085320753577218054","1053698965059788800",
"1085201387489619968","Tue Jan 15 23:39:58 +0000 2019","0","@faizalassegaf @jokowi @prabowo Ngelike itu lebih mudah daripada retweet lebih gampang ngilang juga jadi sekalipun akun bodong ga ketahuan.","1085320719829880832","","faizalassegaf","in","","0","0","0","https://x.com/undefined/status/1085320719829880832","2701867899",
"1085247857790255106","Tue Jan 15 23:39:56 +0000 2019","0","@WahyuPr17502611 @detikcom @prabowo @sandiuno @jokowi @20detik Aamiin","1085320713035165697","","WahyuPr17502611","fi","","0","0","0","https://x.com/undefined/status/1085320713035165697","92187051",
"1085320697927348224","Tue Jan 15 23:39:53 +0000 2019","0","Saya menambahkan video ke playlist @YouTube https://t.co/XyICQBblvx ilc menjelang debat capres 2019 part 3 15 januari 2019","1085320697927348224","","","in","","0","0","0","https://x.com/undefined/status/1085320697927348224","244810080",
"1085320663999471616","Tue Jan 15 23:39:45 +0000 2019","0","bukan hanya Infrastruktur saja yang meningkat 128% Menteri Kesehatan RI Nila Farid Moeloek melalui Bupati Barito Utara H Nadalsyah mengatakan program kesehatan di pemerintahan pak jokowi semakin membaik di cek langsung guyss https://t.co/Js6c48GEDr #JkwAminHAMTerjamin","1085320663999471616","","","in","","0","0","0","https://x.com/undefined/status/1085320663999471616","1082726053557067776",
"1085320626208796674","Tue Jan 15 23:39:36 +0000 2019","0","Gaji Tukang Parkir Lebih Besar dari PNS https://t.co/3rc3JoP1Fm #Jokowi #Prabowo #2019PrabowoPresidenRI #2019GantiPresiden #2019TetapJokowi #Pemilu2019 #Pilpres2019 #PrabowoSandi #JokowiMaruf https://t.co/6OfeNzf2Rb","1085320626208796674","https://pbs.twimg.com/media/Dw_VWQZUcAAXEcm.jpg","","in","","0","0","0","https://x.com/undefined/status/1085320626208796674","1060468557832548352",
"1085320623537025024","Tue Jan 15 23:39:35 +0000 2019","0","Tuduhan Serius #Jokowi Di #ancam Akan Dipidanakan Mengapa #Amien Rais Tak Di #polisikan https://t.co/s4u9Y5dYPQ #moreshareforum #beritaterkini","1085320623537025024","","","in","","0","0","0","https://x.com/undefined/status/1085320623537025024","71512327",
"1085320621532172289","Tue Jan 15 23:39:35 +0000 2019","0","Ya Allah jadilah pemimpin kami yang tidak pembohong dan peduli kepada rakyatnya . PRABOWO DAN SANDIAGO UNO NO 2 PILUHAN ULAMA. https://t.co/BqB7D3cvRc","1085320621532172289","https://pbs.twimg.com/media/Dw_VVT6U8AEdc4g.jpg","","in","","0","0","0","https://x.com/undefined/status/1085320621532172289","1081753063986061313",
"1085247857790255106","Tue Jan 15 23:39:34 +0000 2019","0","@detikcom @prabowo @sandiuno @jokowi @20detik Ya Allah kok jd jahat begini Pak Amien Rais Bpk itu Profesor tp skrg bahasanya sm dg preman terminal","1085320620630466560","","detikcom","in","","0","0","0","https://x.com/undefined/status/1085320620630466560","92187051",
"1085320610413187072","Tue Jan 15 23:39:32 +0000 2019","0","wujudkan pemilu 2019 aman damai dn sejuk.. @ Pulau Selayar https://t.co/qKLEPJLT72","1085320610413187072","","","in","","0","0","0","https://x.com/undefined/status/1085320610413187072","998758524820770816",
"1085123651895083009","Tue Jan 15 23:39:26 +0000 2019","0","@SiswantiYeni @P3nj3l4j4h anak presiden bkn anggota partai politik.....dia tdk melakukan kegiatan politik di tempat usahanya....jd tdk suka dng keluarga jokowi semua anggota keluarga dianggap musuh ....trs apa salahnya jd anak jokowi....","1085320586643918849","","SiswantiYeni","in","","0","0","0","https://x.com/undefined/status/1085320586643918849","1059021419860811776",
"1085264652454502400","Tue Jan 15 23:39:25 +0000 2019","0","@anggoroadjar1 @BangCepot77 @detikcom @prabowo halah taek byk alesan. mau dijelasin kyk gmn masy sasak taunya jokowi pembohong. spt 2014 nyungsep lg dah di ntb","1085320582944571392","","ChrolloJupiter","in","","0","0","0","https://x.com/undefined/status/1085320582944571392","3397168753",
"1085199647239356416","Tue Jan 15 23:39:24 +0000 2019","0","@indonetpolling @Namja_Hero @prabowo @jokowi 02 https://t.co/rVXrw8wAm7","1085320577533960192","https://pbs.twimg.com/media/Dw_VTm0UUAAdWCe.jpg","dikkiakhmar","und","","0","0","0","https://x.com/undefined/status/1085320577533960192","1064286827056553984",
"1085320560358445057","Tue Jan 15 23:39:20 +0000 2019","0","Sihir Jokowi Itu Kemampuan Dia Menipu Rakyat. Dan Cina Tahu ini. Sekarang ??? Rakyat Sudah Cerdas Jokowi Adalah Penipu. Jokowi Sudah Kesulitan Menipu Lagi. Maka Untuk Ini Cina2 Sutradara Jokowi Memanfaatkan Prof DR Kiai Haji DUNGU. Semua Demi Suksesnya CINAISASI INDONESIA. https://t.co/vfhk0GnGLz","1085320560358445057","https://pbs.twimg.com/media/Dw_VR_wUcAAhdEg.jpg","","in","","0","0","0","https://x.com/undefined/status/1085320560358445057","1081076650744242176",
"1085201387489619968","Tue Jan 15 23:38:16 +0000 2019","0","@faizalassegaf @jokowi @prabowo polling 1000 kali juga tetap aja ngaciro nyungseb.... #2019PrabowoPresidenRI #","1085320293566971904","","faizalassegaf","in","","0","0","0","https://x.com/undefined/status/1085320293566971904","95895808",
"1085320265129545728","Tue Jan 15 23:38:10 +0000 2019","0","Kisah Nyata. Walikota Jokowi dan Tukang Sapu. Yuk dibaca! #JokowiJKAdalahKita #PresidenNomor2 https://t.co/3Ot2SCwOJV","1085320265129545728","","","in","","0","0","0","https://x.com/undefined/status/1085320265129545728","292797136",
"1085320243210268672","Tue Jan 15 23:38:04 +0000 2019","0","Sihir Jokowi Itu Kempuan Dia Menipu Rakyat. Dan Cina Tahu ini. Sekarang ???? Rakyat Sudah Cerdas Jokowi Adalah Penipu. Jokowi Sudah Kesulitan Menipu Lagi. Maka Untuk Ini Cina2 Sutradara Jokowi Memanfaatkan Prof DR Kiai Haji DUNGU. Semua Demi Suksesnya CINAISASI INDONESIA. https://t.co/rD1VpEXr4o","1085320243210268672","https://pbs.twimg.com/media/Dw_U_VVUwAA61_z.jpg","","in","","0","0","0","https://x.com/undefined/status/1085320243210268672","1081076650744242176",
"1085201387489619968","Tue Jan 15 23:38:00 +0000 2019","0","@faizalassegaf @jokowi @prabowo Ganti akun saja... Silahkan ngumpet.","1085320224755175424","","faizalassegaf","in","","0","0","0","https://x.com/undefined/status/1085320224755175424","2915532115",
"1085320216429481984","Tue Jan 15 23:37:58 +0000 2019","0","Ali Ngabalin : Data - data Prabowo SAMPAH !! Data - data Prabowo BOHONG !! Data - data Prabowo HOAX !! Miris.... Seorang capres dari 02 pidato secara terbuka dengan data SAMPAH !!! PILPRES 2019 : NKRI melawan HOAX !! TOLAK SI PENYEBAR HOAX !! #2019NyungsepLagiWowo https://t.co/Wcr7PjAdzB","1085320216429481984","https://pbs.twimg.com/ext_tw_video_thumb/1085320087475638272/pu/img/rV74Hfj1AyhAAaeR.jpg","","in","","0","0","0","https://x.com/undefined/status/1085320216429481984","972357839279673344",
"1085264652454502400","Tue Jan 15 23:37:57 +0000 2019","0","@detikcom @prabowo Karena enemy of my enemy is my friend","1085320210217787392","","detikcom","en","","0","0","0","https://x.com/undefined/status/1085320210217787392","61879921",
"1085320209555120128","Tue Jan 15 23:37:56 +0000 2019","0","Ketegasan @jokowi menjaga membebaskan laut kita dari pencurian ikan besar-besaran membuahkan hasil berikut ini: https://t.co/Oqw6iB1G1w","1085320209555120128","https://pbs.twimg.com/media/Dw_Us55UwAI7Zc0.jpg","","in","","0","0","0","https://x.com/undefined/status/1085320209555120128","993129666364911616",
"1085201387489619968","Tue Jan 15 23:37:56 +0000 2019","0","@faizalassegaf @jokowi @prabowo Gw doain klo Lo ingkar janji Lo bakal kena stroke","1085320207097159680","","faizalassegaf","in","","0","0","0","https://x.com/undefined/status/1085320207097159680","951996880073801730",
"1085211630852485120","Tue Jan 15 23:37:50 +0000 2019","0","@King54fir @KasanMulyono @prabowo @sandiuno @CakKhum @MbahUyok @BangPino_ @RajaPurwa @maspiyuuu Cari muka ni pingin mentas di istana","1085320183088959488","","","in","","0","0","0","https://x.com/undefined/status/1085320183088959488","4761077540",
"1085201387489619968","Tue Jan 15 23:37:49 +0000 2019","0","@faizalassegaf @jokowi @prabowo https://t.co/6BN7KRYWIm","1085320179280564224","https://pbs.twimg.com/ext_tw_video_thumb/1085320160947269632/pu/img/6KWSxKTiT-GqU75N.jpg","faizalassegaf","qme","","0","0","0","https://x.com/undefined/status/1085320179280564224","107606747",
"1085201387489619968","Tue Jan 15 23:37:48 +0000 2019","0","@faizalassegaf @jokowi @prabowo Ingkar; hidung bisulan yah om.","1085320176227147777","","faizalassegaf","in","","0","0","0","https://x.com/undefined/status/1085320176227147777","1044149509549260800",
"1085201387489619968","Tue Jan 15 23:37:45 +0000 2019","0","@faizalassegaf @jokowi @prabowo Uhuk uhuk uhuk..","1085320163627479041","","faizalassegaf","eu","","0","0","0","https://x.com/undefined/status/1085320163627479041","831280213",
"1085211630852485120","Tue Jan 15 23:37:45 +0000 2019","0","@CintaNKRI12 @King54fir @hambadarihamba @prabowo @sandiuno @CakKhum @MbahUyok @BangPino_ @RajaPurwa @maspiyuuu Itu yg lagunya dipake buat kampanye semua penciptanya sudah dimintai ijin dan biasanya dapet fee kl dipake tanpa ijin pencipta lagu manapun sudah pasti marah pahami aturan banyak2 baca","1085320163396710400","","CintaNKRI12","in","","0","0","0","https://x.com/undefined/status/1085320163396710400","1017230623830765570",
"1084818292252893184","Tue Jan 15 23:37:43 +0000 2019","0","@DRadjikin @kusuma961 @Fahrihamzah @prabowo Check out @Gerindra s Tweet: https://t.co/10oChkgn3y","1085320154911694848","","DRadjikin","en","","0","0","0","https://x.com/undefined/status/1085320154911694848","2902371024",
"1085201387489619968","Tue Jan 15 23:37:33 +0000 2019","0","@faizalassegaf @jokowi @prabowo YUK POLLING 1. @faizalassegaf (Retweet) 2. @rockygerung (like) Biar nyungsep sekalian Panglima Cebong","1085320109785210880","","faizalassegaf","in","","0","0","0","https://x.com/undefined/status/1085320109785210880","427915559",
"1085211630852485120","Tue Jan 15 23:37:21 +0000 2019","0","@King54fir @prabowo @sandiuno @CakKhum @MbahUyok @BangPino_ @RajaPurwa @maspiyuuu Duh artis ginian semoga cepet mati","1085320059055030272","","","in","","0","0","0","https://x.com/undefined/status/1085320059055030272","982851804701454342",
"1085320045452918784","Tue Jan 15 23:37:17 +0000 2019","0","Rakyat siap bergerak bersama Jokowi #KPKKuatIndonesiaMaju untuk Indonesia Maju","1085320045452918784","","","in","","0","0","0","https://x.com/undefined/status/1085320045452918784","1058790430173589504",
"1085320034329681920","Tue Jan 15 23:37:15 +0000 2019","0","Itu gaya prabowo tau kan u beye","1085320034329681920","","","in","","0","0","0","https://x.com/undefined/status/1085320034329681920","1022831857761628162",
"1085320009193263112","Tue Jan 15 23:37:09 +0000 2019","0","Pengamat Ekonomi Setuju Dengan Prabowo BUMN Bangkrut karena Dikejar Target Politik https://t.co/4k1ywCJQBz","1085320009193263112","","","in","","0","0","0","https://x.com/undefined/status/1085320009193263112","1442695026",
"1085319998506029056","Tue Jan 15 23:37:06 +0000 2019","0","Moeldoko Anggap Posko Prabowo-Sandi Dekat Rumah Jokowi Menganggu Pemandangan https://t.co/uDl6iBtbW2 https://t.co/cui0umBfB9","1085319998506029056","https://pbs.twimg.com/media/Dw_UyWqV4AEKw70.jpg","","in","","0","0","0","https://x.com/undefined/status/1085319998506029056","1373752338",
"1085319983519825923","Tue Jan 15 23:37:02 +0000 2019","0","@jokowi","1085319983519825923","","jokowi","qam","","0","0","0","https://x.com/undefined/status/1085319983519825923","474488681",
"1085051666083110912","Tue Jan 15 23:36:50 +0000 2019","0","@Ferdinand_Haean @prabowo @yunartowijaya @permadiaktivis mungkin maksudnya pemikiran besar itu hafal nama2 ikan","1085319933112680448","","Ferdinand_Haean","in","","0","0","0","https://x.com/undefined/status/1085319933112680448","1080692575424544768",
"1085138196722155520","Tue Jan 15 23:36:48 +0000 2019","0","@KhairulWald @maspiyuuu dr @dr_tompi blm plh prabowo nih dok ","1085319921154719744","","KhairulWald","in","","0","0","0","https://x.com/undefined/status/1085319921154719744","2540428560",
"1085319892088156160","Tue Jan 15 23:36:41 +0000 2019","0","Desmond J. Mahesa yg menjadi korban penculikan 1998 meyakini calon presiden Prabowo Subianto bakal membongkar dan mengusut pelanggaran HAM pada peristiwa kerusuhan 1998 jika terpilih sebagai presiden https://t.co/iGsEVcjV4Z","1085319892088156160","","","in","","0","0","0","https://x.com/undefined/status/1085319892088156160","184027653",
"1085190677510598657","Tue Jan 15 23:36:37 +0000 2019","0","@RizmaWidiono @prabowo Modar koe wor....ra isin dimaki2 petani.makane kl ngomong jgn ngasal....contoh presiden kita JOKO WIDODO...","1085319876044943360","","RizmaWidiono","in","","0","0","0","https://x.com/undefined/status/1085319876044943360","1080802423524839430",
"1085319800627159040","Tue Jan 15 23:36:19 +0000 2019","0","Assalammualaikum Wr Wb Alhamdulillahirabbal 'a lamiin Undangan Nonton Bareng 1(pertama) Debat Capres and Cawapres RI kepada Kanda/kakak2 dan Sahabat Kamis 17 Januari 2019 pukul 17 Sore-sd Walaikumumussalam Wr.wb Kontak Person 085272114692 &amp; 085280361488 https://t.co/WR1ga6c3hy","1085319800627159040","https://pbs.twimg.com/media/Dw_UmB1UUAAUi5f.jpg","","in","","0","0","0","https://x.com/undefined/status/1085319800627159040","790233024004620288",
"1085319800019009537","Tue Jan 15 23:36:19 +0000 2019","0","Jangan buruk rupa cermin dibelah. Politik santun itu perlu. Tanya @SBYudhoyono siapa-siapa yang suka sebar Hoax. Yang digunakan pendukung Prabowo menggunakan isu hoax dengan memanfaatkan medsos. Pola isu Pilkada DKI mau dibawa ke isu Nasional","1085319800019009537","","","in","","0","0","0","https://x.com/undefined/status/1085319800019009537","992647215330934786",
"1085211630852485120","Tue Jan 15 23:36:16 +0000 2019","0","@King54fir @MbahUyok @prabowo @sandiuno @CakKhum @BangPino_ @RajaPurwa @maspiyuuu Lagunya asyik n enak didengar serta buat nyemangatin orang jogya.... tp Lagu nya si pembuat yg jd ga asyik jd ambyar semua....","1085319790208532481","","","in","","0","0","0","https://x.com/undefined/status/1085319790208532481","718094520563306496",
"1085319748630376448","Tue Jan 15 23:36:06 +0000 2019","0","Dialog Aspirasi Maluku Pagi ini Pukul 08.00-09.00Wit Topik : Arti Pemilu Bagi Pemilih Millenial Narasumber : 1. Humas Polda Maluku 2. Ketua KPU Propinsi Maluku 3. Siswa SMA Berlokasi di Cafe Joas. Anda dapat bergabung bersama kami di jalur telpon ️ (0911) 311511 https://t.co/5GCBOTZuTG","1085319748630376448","https://pbs.twimg.com/media/Dw_UjUqV4AIhfUP.jpg","","in","","0","0","0","https://x.com/undefined/status/1085319748630376448","1066616159783403520",
"1085319746109591553","Tue Jan 15 23:36:06 +0000 2019","0","@jokowi #jokowiuntukindonesia ","1085319746109591553","","jokowi","qme","","0","0","0","https://x.com/undefined/status/1085319746109591553","139669010",
"1085315844635348993","Tue Jan 15 23:36:03 +0000 2019","0","@sketsanewscom Jangan cuma berani di medsos .. Buat debat lansung dan terbuka antara Bapak Prabowo dan junjungan kalian.. Debat tidak bisa diwakilkan oleh tim sukses.. Kalau perlu debat antar cawapres... Berani ngak.... Katanya intelektual dan pintar... Kalau main medsos maah anak sd jg bisa..","1085319732243312640","","","in","","0","0","0","https://x.com/undefined/status/1085319732243312640","816948575380738048",
"1085319722059460608","Tue Jan 15 23:36:00 +0000 2019","0","Pak Jokowi itu...amat sangat anti ASING Klu yg lain ENTAH LAH","1085319722059460608","","","in","","0","0","0","https://x.com/undefined/status/1085319722059460608","716136875178663936",
"1085201387489619968","Tue Jan 15 23:35:59 +0000 2019","0","@SilentH0512 @faizalassegaf @jokowi @prabowo Gk yakin dia tutup akun sebangsa kecebong mah ingkar janji dah biasa ","1085319716317458432","","SilentH0512","in","","0","0","0","https://x.com/undefined/status/1085319716317458432","848158882107080704",
"1085201387489619968","Tue Jan 15 23:35:58 +0000 2019","0","@faizalassegaf @jokowi @prabowo Robat robot Robat Robot... Robot Gedhek... #2019PrabowoPresidenRI","1085319712567783425","","faizalassegaf","en","","0","0","0","https://x.com/undefined/status/1085319712567783425","840466210550554624",
"1084961253812985856","Tue Jan 15 23:35:58 +0000 2019","0","@Silvy_riau @prabowo 60% Prabowo-Sandi 40% Jkw-MA","1085319712253198336","","Silvy_riau","in","","0","0","0","https://x.com/undefined/status/1085319712253198336","1031547184695537666",
"1085319704560824320","Tue Jan 15 23:35:56 +0000 2019","0","Pemerintahan Jokowi-JK jg terus menggenjot pelaksaan peningkatan kualitas pendidikan dasar dan menengah secara merata di seluruh pelosok negeri #JkwAminHAMTerjamin https://t.co/sfPtnSl9fp","1085319704560824320","https://pbs.twimg.com/media/Dw_Ug9xU8AIpvqS.jpg","","in","","0","0","0","https://x.com/undefined/status/1085319704560824320","1025518964",
"1085201387489619968","Tue Jan 15 23:35:55 +0000 2019","0","@faizalassegaf @jokowi @prabowo Tutup aja sekalian manusia bedebah klu gk nyebar hoax gk makqn yaa elo.","1085319699473227776","","faizalassegaf","in","","0","0","0","https://x.com/undefined/status/1085319699473227776","1085318156187459584",
"1085201387489619968","Tue Jan 15 23:35:54 +0000 2019","0","@faizalassegaf @jokowi @prabowo Pas 02","1085319695656411136","","faizalassegaf","und","","0","0","0","https://x.com/undefined/status/1085319695656411136","408440288",
"1085211630852485120","Tue Jan 15 23:35:44 +0000 2019","0","@King54fir @marierteman @prabowo @sandiuno @CakKhum @MbahUyok @BangPino_ @RajaPurwa @maspiyuuu Tipikal pendukung wowo jd ky gini ya ada org lagunya udah dimaling tp malah dibully juga jd pendukung yg obyektif yg salah katakan salah yg kaya gini yg bikin org2 malah males dukung junjunganmu","1085319655932145664","","","in","","0","0","0","https://x.com/undefined/status/1085319655932145664","1017230623830765570",
"1085319622004477952","Tue Jan 15 23:35:36 +0000 2019","0","#BeritaIslam: Hersubeno Arief: Pidato Prabowo Vs Jokowi Media Indonesia di Mata Pengamat Asing https://t.co/o7LnOG1NaD","1085319622004477952","","","in","","0","0","0","https://x.com/undefined/status/1085319622004477952","997968620",
"1085201387489619968","Tue Jan 15 23:35:35 +0000 2019","0","@faizalassegaf @e_pph @jokowi @prabowo Posisi terbalik Sippp","1085319614710439936","","faizalassegaf","in","","0","0","0","https://x.com/undefined/status/1085319614710439936","944549897025359874",
"1085319595341230080","Tue Jan 15 23:35:30 +0000 2019","0","Bukankah beberapa bisnisnya Prabowo dilanda masalah?","1085319595341230080","","","in","","0","0","0","https://x.com/undefined/status/1085319595341230080","549855423",
"1084086624189706241","Tue Jan 15 23:35:29 +0000 2019","0","@Dennysiregar7 @jokowi Kalimat dan bahasa kepanikan dan keputusasaan.","1085319593181175808","","","in","","0","0","0","https://x.com/undefined/status/1085319593181175808","837859218971480064",
"1085247857790255106","Tue Jan 15 23:35:29 +0000 2019","0","@detikcom @prabowo @sandiuno @jokowi @20detik Kesabaran adalah buah kemenangan. Gw yakin pak Jokowi yg sangat sabar akan tidak terpancing dengan creature yg satu ini.","1085319589557284866","","detikcom","in","","0","0","0","https://x.com/undefined/status/1085319589557284866","762854934459015168",
"1085201387489619968","Tue Jan 15 23:35:21 +0000 2019","0","@faizalassegaf @jokowi @prabowo Kebersihan sebagian dari iman Demi kebersihan dunia TL dari sampah bantu LIKE twit FA diatas biar dia tutup akunnya. *) Ingat pilih LIKE .. Okay ?! #RakyatKorbanJanji2014 #2019PrabowoPresidenRI","1085319557382692865","","faizalassegaf","in","","0","0","0","https://x.com/undefined/status/1085319557382692865","308824504",
"1085211630852485120","Tue Jan 15 23:35:07 +0000 2019","0","@King54fir @saididu @prabowo @sandiuno @CakKhum @MbahUyok @BangPino_ @RajaPurwa @maspiyuuu Pembela maling ????","1085319500180873216","","","in","","0","0","0","https://x.com/undefined/status/1085319500180873216","1002362834225774594",
"1085319489221218305","Tue Jan 15 23:35:05 +0000 2019","0","Berita terbaru (Menanti Komitmen dan Solusi soal Korupsi di Debat Capres Cawapres) telah ada di https://t.co/wFvQVXk8dR - https://t.co/ft32XPRtx3 https://t.co/JsXUAD2RfK","1085319489221218305","https://pbs.twimg.com/media/Dw_UUsCUUAA49D_.jpg","","in","","0","0","0","https://x.com/undefined/status/1085319489221218305","1046920717307076608",
"1085201387489619968","Tue Jan 15 23:35:03 +0000 2019","0","@faizalassegaf @jokowi @prabowo Kalo bikin polling gini rasanya ya cebong pasti kalah. kan kebanyakan cebong sibuk kerja kerja dan kerja. Hehee","1085319483315519488","","faizalassegaf","in","","0","0","0","https://x.com/undefined/status/1085319483315519488","2229505694",
"1085156854596960256","Tue Jan 15 23:35:02 +0000 2019","0","@ASapardan @SBYudhoyono Ini fakta bahwa yang pro asing itu @prabowo .... Gara - gara orang asing itu Pak SBY di cuekin ","1085319477909106688","","ASapardan","in","","0","0","0","https://x.com/undefined/status/1085319477909106688","1008988147164766209",
"1085319437077471232","Tue Jan 15 23:34:52 +0000 2019","0","Kyai Ma'ruf amin bahwa di jaman jokowi kasus ham justru menjadi perhatian utama pemerintah mantap #JkwAminHAMTerjamin https://t.co/5TXsotQ1eQ","1085319437077471232","https://pbs.twimg.com/media/Dw_UMS8UYAAB-2m.jpg","","in","","0","0","0","https://x.com/undefined/status/1085319437077471232","1078237665164550144",
"1085319431801036800","Tue Jan 15 23:34:51 +0000 2019","0","Pak @prabowo BUMN bukan bangkrut tapi rugi pak... Hehehe","1085319431801036800","","","in","","0","0","0","https://x.com/undefined/status/1085319431801036800","47560424",
"1085319402231189504","Tue Jan 15 23:34:44 +0000 2019","0","Kita sampai kan ke prabowo jgn asbun","1085319402231189504","","","in","","0","0","0","https://x.com/undefined/status/1085319402231189504","1022831857761628162",
"1085135497960116224","Tue Jan 15 23:34:43 +0000 2019","0","@baladjokowi_id Selamat pagi ini di papua bapa Jokowi bisa bantu uang kapanye terima kasih","1085319396707336192","","baladjokowi_id","in","","0","0","0","https://x.com/undefined/status/1085319396707336192","1085119353261936641",
"1085319382345998336","Tue Jan 15 23:34:39 +0000 2019","0","Peremajaan pengurus posyantek kecaranata gali potensi untuk para oengurus yang baru sekaligus penysusan rencana Ketua Dan kemitraan. @jokowi @EkoSandjojo @SatgasDanaDesa @TPPI_JAMBI @EdiEndra09 @Thawaf4 @iryani_m @LijanyaCr https://t.co/442iZgyi0F","1085319382345998336","https://pbs.twimg.com/media/Dw_UJhgUUAA5Kxr.jpg","","in","","0","0","0","https://x.com/undefined/status/1085319382345998336","885344859858493440",
"1085319380970270720","Tue Jan 15 23:34:39 +0000 2019","0"," Kita harus pastikan anak-anak Indonesia dapat bersekolah tanpa kendala biaya melalui pembagian Kartu Indonesia Pintar. Realisasi penerima manfaatnya di tahun 2017 sudah mencapai lebih dari 20 juta peserta didik usia 6 hingga 21 tahun ujar Jokowi #JkwAminHAMTerjamin","1085319380970270720","","","in","","0","0","0","https://x.com/undefined/status/1085319380970270720","1025518964",
"1085319369175969799","Tue Jan 15 23:34:36 +0000 2019","0","Jokowi memberikan teladan sebagai pemimpin selalu mendahulukan rakyat rakyat bagaia siap bersamanya #KPKKuatIndonesiaMaju","1085319369175969799","","","in","","0","0","0","https://x.com/undefined/status/1085319369175969799","1058790430173589504",
"1085319356026765313","Tue Jan 15 23:34:33 +0000 2019","0","Tolong sebarin poling ini kita tunggu janjinya @faizalassegaf tutup akun. @e100ss 1. Pilih @jokowi (Retweet) 2. Pilih @prabowo (Like) Terhitung dr hari ini hingga 2 minggu ke dpn. Klu oposisi menang saya tutup akun saya sd/ 17 April. Monggo....","1085319356026765313","","","in","","0","0","0","https://x.com/undefined/status/1085319356026765313","77719281",
"1085319351002169346","Tue Jan 15 23:34:32 +0000 2019","0","Semoga kampanye para capres/cawapres &amp; pendukungnya tidak memecah &amp; meresahkan negeri ini.","1085319351002169346","","","in","","0","0","0","https://x.com/undefined/status/1085319351002169346","70917928",
"1085169258621894656","Tue Jan 15 23:34:29 +0000 2019","0","@MasCEPUK @AlvaroeLee @kangdede78 @hana_4TAA @MahesaTiwi @BiLLRaY_ @ASapardan @P3nj3l4j4h @purwo82092883 @pujangga1123 @bangzul_1988 @4Y4NKZ @LingWinata81 Caci makian org klaten utk prabowo","1085319340918956032","","MasCEPUK","in","","0","0","0","https://x.com/undefined/status/1085319340918956032","1048888140495171584",
"1085319319263694848","Tue Jan 15 23:34:24 +0000 2019","0","Pak Jokowi itu ...amat sangat anti ASING Klu yg lain ENTAH LAH","1085319319263694848","","","in","","0","0","0","https://x.com/undefined/status/1085319319263694848","716136875178663936",
"1085201387489619968","Tue Jan 15 23:34:21 +0000 2019","0","@faizalassegaf @jokowi @prabowo Done","1085319304277516288","","faizalassegaf","en","","0","0","0","https://x.com/undefined/status/1085319304277516288","2316761726",
"1084960414029377537","Tue Jan 15 23:34:19 +0000 2019","0","@Saripwicaksono @Abysatria9 @AdlyHafiz3 @permadiaktivis @prabowo Wiji Thukul adalah bukti nyata","1085319297834995717","","","in","","0","0","0","https://x.com/undefined/status/1085319297834995717","946399716979261441",
"1085319278939693057","Tue Jan 15 23:34:15 +0000 2019","0","Komitmen Pak Jokowi dalam memajukan sumber daya manusia melalui pendidikan telah dibuktikan dengan banyak hal yang sudah dilakukan semisal adanya Kartu Indonesia Pintar #JkwAminHAMTerjamin","1085319278939693057","","","in","","0","0","0","https://x.com/undefined/status/1085319278939693057","1025518964",
"1085319273520623616","Tue Jan 15 23:34:13 +0000 2019","0","Kenapa kesederhanaan Pak Jokowi tidak disenangi oleh kaum nyinyir ??? Mungkin mereka tidak ingin Indonesia dipimpin oleh orang baik seperti Pak Jokowi.","1085319273520623616","","","in","","0","0","0","https://x.com/undefined/status/1085319273520623616","1077457871690821632",
"1085319253111332864","Tue Jan 15 23:34:08 +0000 2019","0","Pengamat Ekonomi Setuju Dengan Prabowo BUMN Bangkrut karena Dikejar Target Politik https://t.co/4SAPAvrRIP","1085319253111332864","","","in","","0","0","0","https://x.com/undefined/status/1085319253111332864","962348570",
"1085319251961892864","Tue Jan 15 23:34:08 +0000 2019","0","Kita akan menghormati prestasi pendahulu2 kita... ~ @prabowo ~ #RakyatInginkanPerubahan #IndonesiaMenang #2019PrabowoPresidenRI https://t.co/AeV3KGtsBv","1085319251961892864","https://pbs.twimg.com/ext_tw_video_thumb/1085318762784411648/pu/img/HMWiLjM81lXDKnUK.jpg","","in","","0","0","0","https://x.com/undefined/status/1085319251961892864","1050895401916583936",
"1085319161968943104","Tue Jan 15 23:33:47 +0000 2019","0","Pengamat Australia Ini Ungkap Perbedaan Media Saat Pidato Kebangsaan Prabowo https://t.co/FQKO7tFMEx","1085319161968943104","","","in","","0","0","0","https://x.com/undefined/status/1085319161968943104","98134869",
"1085319152091447297","Tue Jan 15 23:33:44 +0000 2019","0","Saya menambahkan video ke playlist @YouTube https://t.co/F9FXnOe7mC ilc menjelang debat capres 2019 part 5 15 januari 2019","1085319152091447297","","","in","","0","0","0","https://x.com/undefined/status/1085319152091447297","244810080",
"1085059819701035009","Tue Jan 15 23:33:44 +0000 2019","0","@RizmaWidiono Kita kasih gelar yg tepat CAPRES ABADI https://t.co/VrQUsARWB6","1085319149440495616","https://pbs.twimg.com/media/Dw_UA1CV4AAx3mq.jpg","RizmaWidiono","in","","0","0","0","https://x.com/undefined/status/1085319149440495616","875970192278396929",
"1085319132659105792","Tue Jan 15 23:33:40 +0000 2019","0","Kebohongan prabowo soal TKI wilfrida shoik https://t.co/zQ03y6sFm2","1085319132659105792","https://pbs.twimg.com/media/Dw_Tz-3U0AAtUxa.jpg","","in","","0","0","0","https://x.com/undefined/status/1085319132659105792","1013068844665995264",
"1085317709837918208","Tue Jan 15 23:33:23 +0000 2019","0","@laikuanfin yang lain pemilu lu pemalu","1085319062165479424","","","in","","0","0","0","https://x.com/undefined/status/1085319062165479424","1061105990190284800",
"1085201387489619968","Tue Jan 15 23:33:10 +0000 2019","0","@faizalassegaf @jokowi @prabowo Hai bung ! pegang omongan ya jangan banci.","1085319010407727104","","faizalassegaf","in","","0","0","0","https://x.com/undefined/status/1085319010407727104","1365516392",
"1084970338973233152","Tue Jan 15 23:33:08 +0000 2019","0","@Irfanjavanese @AkunTofa Jokowi Sekolah juga percuma kalo Ketika mau pidato fisi misi minta di buatkn kisi kisi ny ESEMKA HOAK ABADI JOKOWI","1085318998005174272","","","in","","0","0","0","https://x.com/undefined/status/1085318998005174272","1031547184695537666",
"1085211630852485120","Tue Jan 15 23:32:51 +0000 2019","0","@King54fir @saididu @prabowo @sandiuno @CakKhum @MbahUyok @BangPino_ @RajaPurwa @maspiyuuu Kampret emang ga punya otak bukan cuma hoax maling jg mereka yg maling orang lain disalahin","1085318928920793088","","","in","","0","0","0","https://x.com/undefined/status/1085318928920793088","142594170",
"1084820009690456066","Tue Jan 15 23:32:51 +0000 2019","0","@BasukiR69553926 @HafizSP2 @killthedj ne ra salah mbiyen pas 2014 dinggo relawan Jokowi ra rame koyo ngene yo yo? piye mbah cc @mbelgedez sing aseli Jogja. ne aku kan wis blesteran gur mbahku bulek paklek dulur2 sing Jogja","1085318928744701954","","BasukiR69553926","in","","0","0","0","https://x.com/undefined/status/1085318928744701954","47330780",
"1085173661978394624","Tue Jan 15 23:32:49 +0000 2019","0","@eae18 @prabowo @DandunSampurno2 smoga Allah menurunkan bantuan para Rijalul ga'ib utk kmnangan umt islam 17 april nanti","1085318918409936896","","effendi____","in","","0","0","0","https://x.com/undefined/status/1085318918409936896","2167939291",
"1085318913452167168","Tue Jan 15 23:32:47 +0000 2019","0","Mari sukseskan pemilu 2019 Dgn Jujur dan Berkeadilan #SayaPilihPrabowo","1085318913452167168","","","in","","0","0","0","https://x.com/undefined/status/1085318913452167168","752004036950274048",
"1085318868782833665","Tue Jan 15 23:32:37 +0000 2019","0","@null Romy Pastikan Jokowi - Ma'ruf Utamakan Konten Ketimbang Gimik Debat&amp;nbsp; Figur https://t.co/HYGUEHeS9U","1085318868782833665","","null","in","","0","0","0","https://x.com/undefined/status/1085318868782833665","474668024",
"1085318865821696000","Tue Jan 15 23:32:36 +0000 2019","0","@null Romy Pastikan Jokowi - Ma'ruf Utamakan Konten Ketimbang Gimik Debat&amp;nbsp; Figur https://t.co/fkiSFxFMPC","1085318865821696000","","null","in","","0","0","0","https://x.com/undefined/status/1085318865821696000","486386712",
"1085318859333091328","Tue Jan 15 23:32:34 +0000 2019","0","@null Romy Pastikan Jokowi - Ma'ruf Utamakan Konten Ketimbang Gimik Debat&amp;nbsp; Figur https://t.co/fwj6x7sDeq","1085318859333091328","","null","in","","0","0","0","https://x.com/undefined/status/1085318859333091328","253570473",
"1085201387489619968","Tue Jan 15 23:32:34 +0000 2019","0","@faizalassegaf @jokowi @prabowo Asiiik","1085318859052134400","","faizalassegaf","eu","","0","0","0","https://x.com/undefined/status/1085318859052134400","902061532477091840",
"1085318849468100608","Tue Jan 15 23:32:32 +0000 2019","0","Dengan pendidikan kita bisa memajukan negara. Oleh karena itu hak-hak pendidikan untuk rakyat haruslah terpenuhi. Dan Pak @jokowi telah melakukannya. #JkwAminHAMTerjamin","1085318849468100608","","","in","","0","0","0","https://x.com/undefined/status/1085318849468100608","1084042300945137665",
"1085211630852485120","Tue Jan 15 23:32:27 +0000 2019","0","@King54fir @prabowo @sandiuno @CakKhum @MbahUyok @BangPino_ @RajaPurwa @maspiyuuu kill the djebong.... #KamiBersamaCakhum","1085318829767454720","","","en","","0","0","0","https://x.com/undefined/status/1085318829767454720","294479240",
"1085318794178895872","Tue Jan 15 23:32:19 +0000 2019","0","Polri Gandeng Mahasiswa Tangkal Hoaks Jelang Pemilu 2019 https://t.co/iiXvjLQFAz","1085318794178895872","","","in","","0","0","0","https://x.com/undefined/status/1085318794178895872","846715204637376513",
"1085318793084190721","Tue Jan 15 23:32:19 +0000 2019","0","(CNN Indonesia | Prabowo Bongkar Kasus Peculikan 1998 Jika Terpilih) https://t.co/TMAc7vrDmu #pemilu #pemilu2019","1085318793084190721","","","in","","0","0","0","https://x.com/undefined/status/1085318793084190721","968428811107819521",
"1085318786016858112","Tue Jan 15 23:32:17 +0000 2019","0","Tanggapi Pidato Prabowo Menkes: Gaji Dokter Mencapai Rp 11 2 Juta Setiap Bulan https://t.co/vO4tS3kwyF https://t.co/ZdSfi9WX8l","1085318786016858112","https://pbs.twimg.com/media/Dw_TrxxXgAcXsrD.jpg","","in","","0","0","0","https://x.com/undefined/status/1085318786016858112","4696667204",
"1085318779322621952","Tue Jan 15 23:32:15 +0000 2019","0","Kebohongan prabowo soal TKI wilfrida shoik https://t.co/lIndauE92L","1085318779322621952","https://pbs.twimg.com/media/Dw_TlNFVsAE_Uqv.jpg","","in","","0","0","0","https://x.com/undefined/status/1085318779322621952","1001465448590802944",
"1084800062360674305","Tue Jan 15 23:32:14 +0000 2019","0","@arizoye @prabowo @SBYudhoyono @fadlizon @zarazettirazr @RajaPurwa @HarryRidwan_Ay Sttt brisik kampret. Org mo tidur dia kelayapan ","1085318774167752704","","arizoye","in","","0","0","0","https://x.com/undefined/status/1085318774167752704","583829184",
"1085201387489619968","Tue Jan 15 23:32:14 +0000 2019","0","@faizalassegaf @filecable @jokowi @prabowo Maklumin aje 1 hape bisa 10 akun berger teruss wowok qiqiqiqiqi","1085318771550507014","","faizalassegaf","in","","0","0","0","https://x.com/undefined/status/1085318771550507014","985904511083425792",
"1085199647239356416","Tue Jan 15 23:32:08 +0000 2019","0","@indonetpolling @prabowo @jokowi Presiden 2019 no. 02","1085318747475202048","","dikkiakhmar","es","","0","0","0","https://x.com/undefined/status/1085318747475202048","136213867",
"1085201387489619968","Tue Jan 15 23:32:08 +0000 2019","0","@WanRebellion @faizalassegaf @jokowi @prabowo Amiiinn","1085318747152252928","","WanRebellion","es","","0","0","0","https://x.com/undefined/status/1085318747152252928","427915559",
"1085221946109751296","Tue Jan 15 23:32:06 +0000 2019","0","@_argentalya Sampe dese tutup akun ! Tapi beneran gak ? Ntar keik yang onoh lagi mo potong kuping taunya bo ong ! @_argentalya Udah 4rb gaes... ayo LIKE pak Prabowo di polling akun ⏩ @faizalassegaf...","1085318741577981952","","_argentalya","in","","0","0","0","https://x.com/undefined/status/1085318741577981952","939491568",
"1085318735248863232","Tue Jan 15 23:32:05 +0000 2019","0","#SelamatPagiJogja ll Tribun Jogja : Pencipta Lagu Joga Istimewa Lapor Polisi. lirik Diubah oleh Pendukung Prabowo - Sandi untuk Kampanye Politik","1085318735248863232","","","in","","0","0","0","https://x.com/undefined/status/1085318735248863232","189059637",
"1085179602983473153","Tue Jan 15 23:32:04 +0000 2019","0","@albertpanjaitn @didimening Gambar itu ilustrasi... Ternyata bukan gambar rapor jokowi... Dia gak terdaftar..","1085318731469795328","","BatakModeren","in","","0","0","0","https://x.com/undefined/status/1085318731469795328","1032271910887804928",
"1085007192938373120","Tue Jan 15 23:32:03 +0000 2019","0","@marierteman @sandiuno @prabowo Prabowo orasi narasi demo itu.","1085318729183842304","","marierteman","in","","0","0","0","https://x.com/undefined/status/1085318729183842304","1022831857761628162",
"1085318715405549568","Tue Jan 15 23:32:00 +0000 2019","0","Sudah jelaslah pemimojn yang tidak suka menyebarkan hoax adalah @Jokowi #JkwAminHAMTerjamin gak seperti kubu sebelah yang menebar teror ketakutan #PidatoKebangsatanPraBOHONG https://t.co/vQu1XyrgbU","1085318715405549568","https://pbs.twimg.com/media/Dw_TmPCUYAAbWTe.jpg","","in","","0","0","0","https://x.com/undefined/status/1085318715405549568","1078237665164550144",
"1085190677510598657","Tue Jan 15 23:32:00 +0000 2019","0","@RizmaWidiono @riska_meliaaG @prabowo Hahaha.. kena deh..","1085318713161601024","","RizmaWidiono","in","","0","0","0","https://x.com/undefined/status/1085318713161601024","1081343978593611776",
"1085318696346611717","Tue Jan 15 23:31:56 +0000 2019","0","Sebuah pidato politik memang. Tapi kau tak bisa membantah kejernihan moralitas yang mendasarinya... Walau tak menyebut-nyebut Jokowi Papap senang mendengar dan membagikannya. #TETAPJOKOWI #AMAZINGGRACE #TUMBANGKANORBA #JOKOWIPRESIDENKITA https://t.co/fno23GW0ce","1085318696346611717","","","in","","0","0","0","https://x.com/undefined/status/1085318696346611717","47502240",
"1084820009690456066","Tue Jan 15 23:31:50 +0000 2019","0","@killthedj Dia lagi memaki emak2. Klo lagu lo dipke buat iklan resmi capres no.2 baru lo bisa sebut maling. Lah ini rakyat biasa yg spontanitas melakukannya. Sok keren lo tapi gak punya otak.","1085318673772888064","","killthedj","in","","0","0","0","https://x.com/undefined/status/1085318673772888064","150186002",
"1085318647533395968","Tue Jan 15 23:31:44 +0000 2019","0","Pidato @prabowo Vs @jokowi Media Indonesia di Mata Pengamat Asing https://t.co/o4IYWVNADu","1085318647533395968","","","in","","0","0","0","https://x.com/undefined/status/1085318647533395968","1082992095361609728",
"1085318571360538624","Tue Jan 15 23:31:26 +0000 2019","0","Kebohongan prabowo soal TKI wilfrida shoik https://t.co/itbeuISvJI","1085318571360538624","https://pbs.twimg.com/media/Dw_TZ30VYAAnHhI.jpg","","in","","0","0","0","https://x.com/undefined/status/1085318571360538624","1001471882195972098",
"1085318561529094144","Tue Jan 15 23:31:23 +0000 2019","0","Pak Jokowi memberikan bukti infrastruktur Indonesia makin baik rakyat makin cinta semua siap bersatu #KPKKuatIndonesiaMaju","1085318561529094144","","","in","","0","0","0","https://x.com/undefined/status/1085318561529094144","1058790430173589504",
"1085318557645205506","Tue Jan 15 23:31:23 +0000 2019","0","INILAH 4 Daerah di Jawa Tengah yang Disebut dalam Pidato Kebangsaan Prabowo Subianto lewat @tribunmedan https://t.co/AIJAQggGB6","1085318557645205506","","","in","","0","0","0","https://x.com/undefined/status/1085318557645205506","142305302",
"1085215495769382913","Tue Jan 15 23:31:22 +0000 2019","0","@utipahkia @PriyoBudiS @rockygerung @prabowo @rockygerung simbol akal sehat ","1085318553308295169","","G4lK3nKu_5","in","","0","0","0","https://x.com/undefined/status/1085318553308295169","1017334748832620546",
"1085201387489619968","Tue Jan 15 23:31:20 +0000 2019","0","@faizalassegaf @jokowi @prabowo Kalo misalnya doi gak nepatin janji gimana ya ? ️","1085318544957403137","","faizalassegaf","in","","0","0","0","https://x.com/undefined/status/1085318544957403137","981368597929902080",
"1085318536216625152","Tue Jan 15 23:31:17 +0000 2019","0","(Liputan 6 | Ngabalin: Narasi Pidato Prabowo Buat Kekhawatiran untuk Masyarakat ) https://t.co/kVBiHyjcqu #pemilu #pemilu2019","1085318536216625152","","","in","","0","0","0","https://x.com/undefined/status/1085318536216625152","968428811107819521",
"1085211630852485120","Tue Jan 15 23:31:12 +0000 2019","0","@King54fir @marierteman @prabowo @sandiuno @CakKhum @MbahUyok @BangPino_ @RajaPurwa @maspiyuuu dulu 2014 lagu itu dicuri kubu mukidi.. diedit dan dipake kampanye tp dia ga misuh2 krn dia jg dukung Jokowi nah kebetulan emak2 yg make ini kubu Prabowo makane dipake numpang tenar.. ane 12 taun di yogya tau lagu ini aja kagak.. taune skg dia misuh2 di medsos https://t.co/POBro0ppcx","1085318512766119936","https://pbs.twimg.com/media/Dw_TbN3UYAAjLb3.jpg","","in","","0","0","0","https://x.com/undefined/status/1085318512766119936","473417028",
"1085318473541021697","Tue Jan 15 23:31:02 +0000 2019","0","Merinding!!!Tuntutan Ribuan perangkat desa di setujui Bapak JOKOWI https://t.co/NUAtA9UnRu","1085318473541021697","","","in","","0","0","0","https://x.com/undefined/status/1085318473541021697","1699582735",
"1085201387489619968","Tue Jan 15 23:31:00 +0000 2019","0","@faizalassegaf @jokowi @prabowo Tutup akun sono loh mengurangi polusi manusia ungud di tl","1085318461142618112","","faizalassegaf","in","","0","0","0","https://x.com/undefined/status/1085318461142618112","919041029214429184",
"1085318442327040000","Tue Jan 15 23:30:55 +0000 2019","0","Pilih pak@jokowi dunk tetep.. ","1085318442327040000","","","in","","0","0","0","https://x.com/undefined/status/1085318442327040000","1068254970170892288",
"1085318438602473472","Tue Jan 15 23:30:54 +0000 2019","0","Hahaha!! Bayi milih jokowi ya?? Viralkan: https://t.co/p5TGrK8t6X melalui @YouTube","1085318438602473472","","","in","","0","0","0","https://x.com/undefined/status/1085318438602473472","236772251",
"1085318414963372033","Tue Jan 15 23:30:49 +0000 2019","0","Semua yang dilakukan Presiden Jokowi prioritasnya untuk kesejahteraan rakyat itulah yang membuatnya begitu dicintai semua siap membelanya bersama #KPKKuatIndonesiaMaju https://t.co/ovLGk1IBIk","1085318414963372033","https://pbs.twimg.com/media/Dw_TVDDVYAAN8o0.jpg","","in","","0","0","0","https://x.com/undefined/status/1085318414963372033","1058790430173589504",
"1085318411524071424","Tue Jan 15 23:30:48 +0000 2019","0","Suatu kemajuan yg luar biasa yg dulunya terbiasa korup sekarang di zaman @jokowi jadi susah #01IndonesiaMaju #17AprilPilihJokowi https://t.co/QAtllaf3Gh","1085318411524071424","https://pbs.twimg.com/media/Dw_TU_3VsAAPFdD.jpg","","in","","0","0","0","https://x.com/undefined/status/1085318411524071424","191333254",
"1085318409334784000","Tue Jan 15 23:30:47 +0000 2019","0","Jokowi Terima Berbagai Masukan Antisipasi Debat Pilpres https://t.co/IEcgeZSJDh","1085318409334784000","","","in","","0","0","0","https://x.com/undefined/status/1085318409334784000","4393472592",
"1085318408835485698","Tue Jan 15 23:30:47 +0000 2019","0","Rezim @jokowi Dan Pembunuhan Hak Asasi Manusia https://t.co/TzyDNoXKHJ","1085318408835485698","","","in","","0","0","0","https://x.com/undefined/status/1085318408835485698","1082992095361609728",
"1085318390988722176","Tue Jan 15 23:30:43 +0000 2019","0","@null Romy Pastikan Jokowi - Ma'ruf Utamakan Konten Ketimbang Gimik Debat&amp;nbsp; Figur https://t.co/hIeQoHqtz7","1085318390988722176","","null","in","","0","0","0","https://x.com/undefined/status/1085318390988722176","1424488200",
"1085318369862209542","Tue Jan 15 23:30:38 +0000 2019","0","Saya menambahkan video ke playlist @YouTube https://t.co/daELG8jlm5 ilc menjelang debat capres 2019 part 2 15 januari 2019","1085318369862209542","","","in","","0","0","0","https://x.com/undefined/status/1085318369862209542","244810080",
"1085318364271001605","Tue Jan 15 23:30:36 +0000 2019","0","Semua selalu ada permulaan. Dan kadang permulaan itu menyakitkan. Ini adalah permulaan SBY diacuhkan oleh kontestan capres. Yang sabar ya pak","1085318364271001605","","","in","","0","0","0","https://x.com/undefined/status/1085318364271001605","806301843898802176",
"1085179602983473153","Tue Jan 15 23:30:33 +0000 2019","0","@Elang_Sutajaya1 @hendriabidin2 @albertpanjaitn @don_rahmad @mrsluthfib @armawaras @indraon3n1_9 @prabowo @sudirmansaid Nggak ada manfaatnya ? Presidennya siapa ? Otak kalian memang terbalik susah terima kenyataan yah. Masih capres aja udah deket2 ada statemen yg berharap lebih pdhl elo hujat Jokowi soal Cina ketampar dah muka elo. Wkwkwkwkwk. Fakta kan yg ane tweet https://t.co/W6J8lnnFUO","1085318348697526273","","Elang_Sutajaya1","in","","0","0","0","https://x.com/undefined/status/1085318348697526273","1677380894",
"1085318322663522307","Tue Jan 15 23:30:27 +0000 2019","0","@null Romy Pastikan Jokowi - Ma'ruf Utamakan Konten Ketimbang Gimik Debat&amp;nbsp; Figur https://t.co/zbrEc4T1rJ","1085318322663522307","","null","in","","0","0","0","https://x.com/undefined/status/1085318322663522307","2962738556",
"1085318318813208576","Tue Jan 15 23:30:26 +0000 2019","0","@null Romy Pastikan Jokowi - Ma'ruf Utamakan Konten Ketimbang Gimik Debat&amp;nbsp; Figur https://t.co/wub3tN89Pi","1085318318813208576","","null","in","","0","0","0","https://x.com/undefined/status/1085318318813208576","1914057648",
"1085318318473367553","Tue Jan 15 23:30:26 +0000 2019","0","Jokowi bukanlah antek asing seperti yang dibilang. Buktinya Dirinya mampu merebut blok Mahakam blok Rokan Chevron dan juga mayoritas saham Freeport kini milik RI Hak Kemerdekaan Tidak Boleh Diabaikan #JkwAminHAMTerjamin https://t.co/fie2Giyyft","1085318318473367553","https://pbs.twimg.com/media/Dw_TQRqV4AA-gFe.jpg","","in","","0","0","0","https://x.com/undefined/status/1085318318473367553","1025518964",
"1085196261555228675","Tue Jan 15 23:30:12 +0000 2019","0","@Aryprasetyo85 @prabowo @FaGtng @enylove2 @RizmaWidiono @AlvinoLulu @mochamadarip @Dwiyana_DKM Haduh... cik adik jgn gitu dong kasihan si om wowo kan jomblo bisa di lamar nanti","1085318263049879552","","Aryprasetyo85","in","","0","0","0","https://x.com/undefined/status/1085318263049879552","1144151096",
"1085318240920719360","Tue Jan 15 23:30:07 +0000 2019","0","Pakar Media Sosial: Kubu Prabowo Lebih Kuat dari Segi Kekuatan Real User https://t.co/1AtQCIW950","1085318240920719360","","","in","","0","0","0","https://x.com/undefined/status/1085318240920719360","98134869",
"1085045596988235776","Tue Jan 15 23:30:06 +0000 2019","0","@Aryprasetyo85 @prabowo @FaGtng @enylove2 @AlvinoLulu @Dwiyana_DKM @Airin_NZ @DjanChoek @RizmaWidiono Gue bayangin dan yakin diantara jutaaaaaan yang hadir saat itu pasti ada 1-2 orang yang terbuka hati nurani dan logikanya bahwa itu pidato omong kosong.","1085318237795930112","","Aryprasetyo85","in","","0","0","0","https://x.com/undefined/status/1085318237795930112","68353180",
"1085318227406647296","Tue Jan 15 23:30:04 +0000 2019","0","Meski berbeda kita adalah satu Indonesia bersama dukung pemilu 2019 aman damai dan sejuk dikota Bontang https://t.co/le6EZpV4fH","1085318227406647296","https://pbs.twimg.com/media/Dw_TKt9UwAAvvaM.jpg","","in","","0","0","0","https://x.com/undefined/status/1085318227406647296","898360064590860288",
"1085318217583624192","Tue Jan 15 23:30:01 +0000 2019","0","Malam - malam Jokowi Temui 9 Ketum Parpol Bahas Apa? https://t.co/hVzcCIpUqE","1085318217583624192","","","in","","0","0","0","https://x.com/undefined/status/1085318217583624192","351509293",
"1085318211233611779","Tue Jan 15 23:30:00 +0000 2019","0","Marzuki Kill The DJ: Kalau Dipakai Kubu Jokowi Tetap Saya Laporkan https://t.co/y0dwRnfOui","1085318211233611779","","","in","","0","0","0","https://x.com/undefined/status/1085318211233611779","375995332",
"1085318154941657089","Tue Jan 15 23:29:47 +0000 2019","0","Hasil Karya PRESIDEN JOKOWI selama 4 thn memimpin INDONESIA untuk mewujudkan sila ke 5 Keadilan sosial bagi seluruh rakyat Indonesia.","1085318154941657089","","","in","","0","0","0","https://x.com/undefined/status/1085318154941657089","1037518330863599616",
"1085211630852485120","Tue Jan 15 23:29:41 +0000 2019","0","@King54fir @marierteman @prabowo @sandiuno @CakKhum @MbahUyok @BangPino_ @RajaPurwa @maspiyuuu https://t.co/d3mQUMmXdh","1085318131055095808","","","qme","","0","0","0","https://x.com/undefined/status/1085318131055095808","3161977242",
"1085318129419317248","Tue Jan 15 23:29:40 +0000 2019","0","Wah ini polanya sama menjelang Pemilu kayak Obor Rakyat yah...","1085318129419317248","","","in","","0","0","0","https://x.com/undefined/status/1085318129419317248","1046705582835523584",
"1085318042739863552","Tue Jan 15 23:29:20 +0000 2019","0","Eranya Jokowi terkait HAM yaitu terjaga dengan baik yang dibuktikan dengan keberpihakannya kepada petani buruh nelayan hingga kaum disabilitas. #JkwAminHAMTerjamin https://t.co/AtoVcmv0o4","1085318042739863552","https://pbs.twimg.com/media/Dw_S_MWV4AERJIL.jpg","","in","","0","0","0","https://x.com/undefined/status/1085318042739863552","1069449317293875201",
"1085318014046597120","Tue Jan 15 23:29:13 +0000 2019","0","Rakyat siap bergerak bersama Jokowi #KPKKuatIndonesiaMaju demi Indonesia yang lebih baik https://t.co/Rzf3MYK6oq","1085318014046597120","https://pbs.twimg.com/media/Dw_S-GJU8AEv9iN.jpg","","in","","0","0","0","https://x.com/undefined/status/1085318014046597120","1058790430173589504",
"1085318011651645440","Tue Jan 15 23:29:12 +0000 2019","0","Selamat Pagi Indonesia. Selamat pagi Pak @prabowo Bang @sandiuno. Pengantin milenial ini keren banget.","1085318011651645440","","","in","","0","0","0","https://x.com/undefined/status/1085318011651645440","47039024",
"1085201387489619968","Tue Jan 15 23:29:11 +0000 2019","0","@faizalassegaf @jokowi @prabowo Boss @faizalassegaf siap siap tutup akun....","1085318004135452672","","faizalassegaf","in","","0","0","0","https://x.com/undefined/status/1085318004135452672","1031213399009447936",
"1085318002227073024","Tue Jan 15 23:29:10 +0000 2019","0","Namun secara keseluruhan tingkat elektoral Jokowi-Maruf Amin kian meninggalkan Prabowo-Sandi https://t.co/advcW5oc4X","1085318002227073024","","","in","","0","0","0","https://x.com/undefined/status/1085318002227073024","2695463725",
"1085173352556224514","Tue Jan 15 23:29:07 +0000 2019","0","@WajahMuslim17 @prabowo @NgabalinAli #17AprilcoblosPrabowoSandi 🇮🇩2⃣🇮🇩 ____ #HaramPilihPemimpinDzalim #HaramPilihPemimpiningkarjanji #2019GantiPresiden #IndonesiaMenang","1085317990428495872","","WajahMuslim17","und","","0","0","0","https://x.com/undefined/status/1085317990428495872","203821863",
"1085317982757126144","Tue Jan 15 23:29:05 +0000 2019","0","Kalau pak @prabowo jd presiden apakah kalian para pendukungnya yakin akan tetap di hormati dan dihargai??? Lihat saja ekspresi pak @SBYudhoyono yg seorang mantan presiden pun diperlalukan spt itu. Ini tentang adab..!!","1085317982757126144","","","in","","0","0","0","https://x.com/undefined/status/1085317982757126144","727894995454152704",
"1085317966005035008","Tue Jan 15 23:29:01 +0000 2019","0","Malam - malam Jokowi Temui 9 Ketum Parpol Bahas Apa? #JokoWidodo https://t.co/ESnKZ5WlXl","1085317966005035008","","","in","","0","0","0","https://x.com/undefined/status/1085317966005035008","79130206",
"1085317924418711558","Tue Jan 15 23:28:52 +0000 2019","0"," Kenapa ya susah sekali untuk bertukar pendapat secara santun? Di postingan saya tak ada sedikit pun ungkapan merendahkan Pak Prabowo. Saya hanya sekedar mengungkap fakta ada teknologi... https://t.co/ulUIEEx25W","1085317924418711558","","","in","","0","0","0","https://x.com/undefined/status/1085317924418711558","2833658184",
"1085317888569790464","Tue Jan 15 23:28:43 +0000 2019","0","Debat Pertama Capres 2019 Isu Penculikan Aktivis dan Kriminalisasi Ulama Akan Jadi Pembicaraan Panas https://t.co/AmbX8WwOfZ","1085317888569790464","","","in","","0","0","0","https://x.com/undefined/status/1085317888569790464","23786106",
"1085201387489619968","Tue Jan 15 23:28:41 +0000 2019","0","@faizalassegaf @jokowi @prabowo Nyungsep lu","1085317878042128384","","faizalassegaf","in","","0","0","0","https://x.com/undefined/status/1085317878042128384","998781396888862720",
"1085035895709786118","Tue Jan 15 23:28:39 +0000 2019","0","@Dickusnadi @purwo82092883 @BiLLRaY_ @Gerindra @jokowi Pada lewat tol cipali ga nihhh","1085317870714646528","","Dickusnadi","in","","0","0","0","https://x.com/undefined/status/1085317870714646528","1084391173689503744",
"1085317863861190657","Tue Jan 15 23:28:37 +0000 2019","0","10 Deretan Janji Perbaikan Ekonomi RI di Pidato Kebangsaan Prabowo https://t.co/nKkT62jkye","1085317863861190657","","","in","","0","0","0","https://x.com/undefined/status/1085317863861190657","456426648",
"1085201387489619968","Tue Jan 15 23:28:20 +0000 2019","0","@faizalassegaf @jokowi @prabowo Mau dibalik kayak apapun juga hasilnya tetap sama mas yang tabah yaa ","1085317791815614464","","faizalassegaf","in","","0","0","0","https://x.com/undefined/status/1085317791815614464","1044522092404736000",
"1085201387489619968","Tue Jan 15 23:28:17 +0000 2019","0","@dyla_se @faizalassegaf @jokowi @prabowo hahaha palinga juga yg retweet akun-akun.... ah sudahlah kalau bisa tutup sampai 17 april 2024 jg gpp","1085317778821664768","","","in","","0","0","0","https://x.com/undefined/status/1085317778821664768","201152218",
"1085317759284654080","Tue Jan 15 23:28:12 +0000 2019","0","Dana desa sangat berguna bagi masyarakat desa termasuk pendidikan anak-anak mendapatkan hak pendidikannya berkat dana desa yang mengalir. Terima kasih Pakde @jokowi #JkwAminHAMTerjamin","1085317759284654080","","","in","","0","0","0","https://x.com/undefined/status/1085317759284654080","1084042300945137665",
